timestamp,open,high,low,close,volume,close_time,quote_volume,trades,taker_buy_base,taker_buy_quote,ignore
1751328000000,2484.30,2495.40,2476.24,2491.77,139720.713,1751331599999,347406885.64920,124679,72447.273,180180780.48161,0
1751331600000,2491.77,2499.60,2485.41,2487.62,93922.355,1751335199999,234166242.66220,94477,48845.137,121803609.37618,0
1751335200000,2487.61,2494.69,2481.09,2482.39,102940.928,1751338799999,255968488.59851,93780,50610.785,125845204.28783,0
1751338800000,2482.39,2487.04,2477.48,2484.36,80010.466,1751342399999,198676043.48538,73005,44236.067,109842604.01293,0
1751342400000,2484.37,2484.70,2458.60,2459.94,194419.430,1751345999999,480370655.21121,144088,72754.225,179815147.94008,0
1751346000000,2459.94,2465.60,2450.00,2459.98,251609.915,1751349599999,618258212.27056,187152,130692.572,321167659.41806,0
1751349600000,2459.97,2461.46,2455.00,2458.15,100038.292,1751353199999,245896822.49258,95714,46033.593,113159326.65185,0
1751353200000,2458.14,2468.23,2443.88,2464.02,288017.162,1751356799999,707991622.45299,178908,149900.328,368517467.40053,0
1751356800000,2464.02,2464.02,2450.02,2452.23,117049.355,1751360399999,287512650.87102,93248,54708.405,134405628.60574,0
1751360400000,2452.23,2457.62,2448.72,2455.98,103137.930,1751363999999,253023533.60504,86409,54616.921,133998230.73976,0
1751364000000,2455.98,2460.60,2447.94,2454.83,106531.852,1751367599999,261526013.55442,89458,54091.245,132821815.86414,0
1751367600000,2454.82,2457.95,2441.14,2448.14,138360.839,1751371199999,338811388.26291,102384,69120.176,169299730.49167,0
1751371200000,2448.13,2452.47,2433.00,2436.26,215445.752,1751374799999,525909891.01044,152356,108075.246,263865411.65219,0
1751374800000,2436.25,2446.00,2420.35,2441.89,326053.942,1751378399999,794483052.35148,232901,149591.349,364622850.47160,0
1751378400000,2441.89,2455.30,2405.05,2418.54,636326.579,1751381999999,1543620838.87330,436583,294595.658,714897256.33472,0
1751382000000,2418.54,2430.72,2415.00,2422.49,265054.412,1751385599999,641883236.78580,225724,136639.516,330944611.12785,0
1751385600000,2422.49,2430.00,2418.07,2423.21,127392.839,1751389199999,308955713.19786,130570,64488.903,156415885.96155,0
1751389200000,2423.20,2433.24,2416.40,2431.19,120561.121,1751392799999,292379737.69375,117593,65909.038,159901294.40573,0
1751392800000,2431.19,2432.35,2400.00,2409.14,213955.128,1751396399999,516457646.66860,149856,90714.707,219022419.60409,0
1751396400000,2409.13,2421.00,2400.54,2401.45,208973.385,1751399999999,503989366.82530,192556,97392.013,234907739.87668,0
1751400000000,2401.45,2417.43,2393.10,2413.83,238207.194,1751403599999,572732339.34875,195748,121289.084,291712896.61987,0
1751403600000,2413.83,2417.43,2402.78,2405.98,103737.753,1751407199999,249899700.33099,96796,51805.186,124809814.07043,0
1751407200000,2405.97,2412.45,2397.93,2399.65,122757.358,1751410799999,295236004.41146,109170,56404.148,135687747.88253,0
1751410800000,2399.65,2405.10,2383.33,2403.65,211951.330,1751414399999,507353379.61219,152639,100219.256,240003562.31630,0
1751414400000,2403.66,2408.83,2396.40,2397.41,124645.535,1751417999999,299512184.74380,117604,59551.842,143112584.67915,0
1751418000000,2397.40,2410.58,2367.53,2410.03,355322.058,1751421599999,849855719.22585,245200,176968.450,423630899.80217,0
1751421600000,2410.02,2417.99,2406.02,2416.86,104950.533,1751425199999,253176517.24830,103984,61849.847,149229868.92356,0
1751425200000,2416.86,2431.51,2415.06,2429.23,170662.799,1751428799999,413814348.55357,134881,96125.293,233062221.34285,0
1751428800000,2429.22,2440.74,2424.13,2438.49,151285.179,1751432399999,368017372.53408,112054,75315.240,183253566.86276,0
1751432400000,2438.49,2446.43,2433.17,2443.18,192650.755,1751435999999,470120423.28865,116253,91839.786,224175034.42514,0
1751436000000,2443.19,2452.77,2437.31,2450.56,193605.657,1751439599999,473514491.00541,143769,93009.679,227542399.32809,0
1751439600000,2450.56,2453.53,2441.26,2445.75,130043.966,1751443199999,318145006.14081,115058,54204.307,132605579.89972,0
1751443200000,2445.76,2454.80,2443.21,2447.99,161685.497,1751446799999,395944277.19394,127610,79887.864,195643620.45482,0
1751446800000,2447.99,2452.30,2444.88,2447.61,108425.209,1751450399999,265474055.57916,91363,45916.185,112435974.54673,0
1751450400000,2447.61,2453.00,2442.23,2452.10,110188.696,1751453999999,269655062.29327,82463,56500.108,138277048.21678,0
1751454000000,2452.10,2460.00,2440.32,2444.53,189840.349,1751457599999,465285310.54537,148438,91107.362,223373172.99311,0
1751457600000,2444.53,2446.55,2430.42,2437.34,199150.842,1751461199999,485420114.90000,159842,89180.520,217356870.26012,0
1751461200000,2437.35,2457.47,2435.29,2448.36,241181.606,1751464799999,590305361.84332,230760,124208.971,304052056.88169,0
1751464800000,2448.35,2471.71,2447.22,2468.34,324692.919,1751468399999,799326502.71087,281668,180240.087,443723923.25780,0
1751468400000,2468.34,2502.97,2467.45,2497.74,567961.224,1751471999999,1414004094.85069,377410,309753.964,770997800.90062,0
1751472000000,2497.73,2563.03,2494.04,2559.78,1139277.479,1751475599999,2889458426.19502,688304,616357.245,1563041067.00324,0
1751475600000,2559.78,2588.73,2551.50,2565.98,739128.852,1751479199999,1898584534.99264,490080,361078.538,927820051.13001,0
1751479200000,2565.98,2582.92,2562.55,2581.41,218953.112,1751482799999,563417912.14920,200554,118071.047,303874688.92742,0
1751482800000,2581.40,2607.36,2566.46,2603.65,333605.059,1751486399999,863173846.64514,219926,185354.158,479981598.03244,0
1751486400000,2603.64,2604.05,2585.33,2589.24,224185.095,1751489999999,581755016.73652,187123,103372.336,268276919.02972,0
1751490000000,2589.25,2599.69,2582.64,2595.84,132863.650,1751493599999,344152888.22645,109377,75391.880,195288027.23169,0
1751493600000,2595.84,2618.20,2591.41,2593.79,249474.595,1751497199999,649435140.67641,192840,132678.213,345525743.74086,0
1751497200000,2593.80,2594.97,2568.09,2569.37,245286.103,1751500799999,633223729.40077,185084,95416.388,246334838.69501,0
1751500800000,2569.37,2579.17,2562.20,2572.92,194552.214,1751504399999,500183178.15581,193414,100795.179,259177409.98698,0
1751504400000,2572.93,2586.15,2564.82,2579.39,145477.166,1751507999999,374982175.48541,131404,81663.593,210492960.87141,0
1751508000000,2579.40,2579.90,2555.25,2566.54,164642.928,1751511599999,422184744.75583,152733,76296.640,195606729.72387,0
1751511600000,2566.53,2571.28,2558.94,2560.22,99654.503,1751515199999,255627222.89025,104075,47928.418,122968917.47839,0
1751515200000,2560.21,2572.25,2558.27,2565.79,92460.729,1751518799999,237224321.82529,97103,52023.375,133484885.69910,0
1751518800000,2565.79,2600.65,2565.02,2588.30,328325.731,1751522399999,848731068.18123,219915,194870.796,503692281.37024,0
1751522400000,2588.31,2602.31,2584.28,2598.05,142059.002,1751525999999,368690499.06748,150242,74280.326,192790650.40042,0
1751526000000,2598.05,2604.84,2588.23,2599.24,143946.690,1751529599999,373664242.69519,133752,69774.392,181167520.33621,0
1751529600000,2599.24,2607.39,2585.98,2586.99,154559.423,1751533199999,401266897.32165,128257,68635.029,178249554.08596,0
1751533200000,2586.99,2616.00,2585.33,2597.70,361579.358,1751536799999,940851664.20704,263204,183423.063,477281901.39951,0
1751536800000,2597.70,2600.82,2582.21,2596.99,178391.089,1751540399999,462387519.41931,151955,86884.474,225226605.80674,0
1751540400000,2596.99,2597.52,2580.24,2596.25,142002.977,1751543999999,367928550.47509,114937,75943.708,196796037.18338,0
1751544000000,2596.25,2614.79,2563.77,2587.86,647639.470,1751547599999,1673545867.65485,407504,318062.567,822060024.09237,0
1751547600000,2587.85,2635.00,2585.20,2623.76,709883.608,1751551199999,1856336705.27548,495557,392382.847,1026293131.05175,0
1751551200000,2623.75,2631.30,2582.23,2593.96,471848.433,1751554799999,1229608448.12470,385809,218442.289,569240678.55170,0
1751554800000,2593.96,2597.00,2564.34,2569.14,379991.885,1751558399999,979602036.65795,294097,180477.232,465352373.79284,0
1751558400000,2569.14,2580.65,2563.75,2570.54,280791.707,1751561999999,722304337.26950,242883,154687.518,397954367.70535,0
1751562000000,2570.55,2579.54,2570.42,2576.02,107915.761,1751565599999,277843897.95167,107792,57122.199,147075759.10907,0
1751565600000,2576.03,2586.24,2572.88,2584.16,116889.635,1751569199999,301695627.98131,121471,60093.174,155122793.91607,0
1751569200000,2584.15,2591.31,2580.53,2584.63,95163.571,1751572799999,246175662.61201,100138,51277.463,132664976.61312,0
1751572800000,2584.63,2598.01,2584.10,2597.81,86817.689,1751576399999,225083998.10932,83344,48941.427,126898481.28179,0
1751576400000,2597.81,2602.76,2588.02,2594.33,93105.744,1751579999999,241639469.79125,95967,43599.056,113180760.49460,0
1751580000000,2594.33,2600.58,2589.16,2592.55,70110.352,1751583599999,181852451.71407,80874,34595.453,89738812.52643,0
1751583600000,2592.56,2596.88,2584.38,2590.17,60947.579,1751587199999,157776568.66867,69203,30856.291,79882149.92856,0
1751587200000,2590.18,2597.81,2580.00,2587.54,93941.515,1751590799999,243313261.55243,111701,44860.458,116191122.31163,0
1751590800000,2587.54,2601.96,2585.70,2589.00,93783.011,1751594399999,243181507.70720,106320,45744.107,118628921.98518,0
1751594400000,2588.99,2590.92,2570.07,2574.09,159657.467,1751597999999,411725238.59792,138883,69172.933,178391890.27733,0
1751598000000,2574.10,2584.24,2570.51,2576.66,85510.145,1751601599999,220521369.41930,78119,41150.494,106130114.90748,0
1751601600000,2576.67,2584.01,2568.28,2569.55,115700.191,1751605199999,297915134.60537,97947,53965.522,138992753.09535,0
1751605200000,2569.55,2580.52,2562.25,2567.74,168291.365,1751608799999,432717745.85787,145877,71861.596,184845657.40095,0
1751608800000,2567.74,2569.00,2547.49,2557.24,346812.886,1751612399999,886499697.26318,242726,147552.171,377129970.48532,0
1751612400000,2557.24,2563.71,2528.00,2533.85,406190.725,1751615999999,1032350804.83574,256492,163509.154,415693082.83163,0
1751616000000,2533.85,2553.72,2525.77,2546.20,390414.812,1751619599999,991836009.68924,275462,214102.813,544010762.90347,0
1751619600000,2546.20,2558.00,2545.35,2550.59,143656.659,1751623199999,366603781.01819,126021,76036.290,194067379.13089,0
1751623200000,2550.59,2554.73,2543.99,2547.21,78167.339,1751626799999,199276825.06815,85581,37410.564,95383635.17956,0
1751626800000,2547.21,2555.74,2546.42,2548.01,97667.522,1751630399999,249134469.85044,78299,53312.345,135991571.75698,0
1751630400000,2548.01,2553.00,2542.00,2546.94,91083.984,1751633999999,232018309.11616,86436,47017.550,119765322.10297,0
1751634000000,2546.94,2554.84,2521.00,2524.60,405614.201,1751637599999,1027917940.57952,318722,188629.510,478163809.65175,0
1751637600000,2524.60,2527.60,2494.42,2515.37,640182.758,1751641199999,1608361572.20817,446942,309816.973,778565827.99726,0
1751641200000,2515.38,2517.22,2498.00,2499.61,297226.566,1751644799999,744483070.89982,260626,149534.615,374523433.30442,0
1751644800000,2499.61,2502.66,2473.07,2486.43,530812.054,1751648399999,1319270272.97843,390363,263609.075,655180018.52346,0
1751648400000,2486.43,2496.98,2485.50,2495.77,187130.258,1751651999999,466309225.31266,174611,108067.493,269296557.50740,0
1751652000000,2495.77,2495.78,2479.00,2483.53,112937.424,1751655599999,280795805.16609,122801,55389.344,137722213.26696,0
1751655600000,2483.53,2489.46,2473.33,2481.59,121183.581,1751659199999,300564682.62583,115348,62273.445,154475034.59084,0
1751659200000,2481.59,2495.50,2480.20,2489.30,92845.801,1751662799999,231150202.61174,92320,50137.424,124822481.05253,0
1751662800000,2489.31,2496.00,2485.92,2495.29,58303.984,1751666399999,145253806.10761,54207,26976.044,67208727.05454,0
1751666400000,2495.28,2519.60,2493.63,2519.16,211453.843,1751669999999,530391570.92554,161367,133599.035,335049482.08811,0
1751670000000,2519.15,2519.39,2502.67,2506.86,105103.629,1751673599999,263801403.41935,90308,36382.818,91328046.54505,0
1751673600000,2506.87,2517.00,2505.57,2515.38,62710.022,1751677199999,157592876.23703,75504,34853.851,87591248.32836,0
1751677200000,2515.37,2515.50,2505.49,2512.95,65359.396,1751680799999,164093652.19999,69557,27883.051,70010181.36591,0
1751680800000,2512.94,2518.00,2496.79,2517.79,109409.719,1751684399999,274532839.53096,95561,53526.671,134390075.17741,0
1751684400000,2517.79,2523.94,2514.61,2517.30,100176.794,1751687999999,252400257.71238,89288,48777.639,122906218.52030,0
1751688000000,2517.30,2524.73,2511.32,2515.19,74581.684,1751691599999,187764582.21276,77965,36784.303,92615122.42530,0
1751691600000,2515.19,2520.00,2512.00,2518.57,53429.744,1751695199999,134415960.98003,56090,24698.665,62142123.22202,0
1751695200000,2518.57,2528.00,2515.76,2526.20,97127.942,1751698799999,245037243.17803,100112,53100.715,133998310.78610,0
1751698800000,2526.19,2528.86,2518.18,2520.35,75155.883,1751702399999,189643966.12104,72778,31494.390,79486494.41658,0
1751702400000,2520.36,2523.96,2508.34,2515.18,102606.986,1751705999999,258096786.46499,96445,44296.334,111438075.05490,0
1751706000000,2515.18,2521.57,2507.65,2520.26,98273.937,1751709599999,247058735.22430,92028,49719.454,125011371.32052,0
1751709600000,2520.26,2522.02,2516.57,2517.16,51956.526,1751713199999,130884666.93323,59484,25648.934,64616701.37677,0
1751713200000,2517.17,2524.73,2516.30,2516.82,56685.082,1751716799999,142918763.48586,61101,28032.872,70684929.95478,0
1751716800000,2516.82,2517.99,2509.10,2516.82,93130.011,1751720399999,234093172.97244,96144,48791.609,122649405.92412,0
1751720400000,2516.81,2520.96,2511.70,2513.12,58357.090,1751723999999,146827318.55410,61486,26969.273,67861879.09718,0
1751724000000,2513.12,2519.29,2510.55,2517.50,72438.904,1751727599999,182186331.89648,69516,33280.102,83709654.14925,0
1751727600000,2517.50,2517.81,2503.71,2506.88,95817.527,1751731199999,240457470.27212,77400,42500.970,106667142.97487,0
1751731200000,2506.88,2512.29,2490.00,2504.90,226326.131,1751734799999,565917340.83520,171115,106448.556,266240317.27122,0
1751734800000,2504.90,2511.09,2494.73,2502.76,98444.891,1751738399999,246363091.46362,112856,48902.717,122404407.06856,0
1751738400000,2502.77,2504.23,2490.67,2491.84,72516.050,1751741999999,180950587.02585,86178,32130.765,80178986.53685,0
1751742000000,2491.84,2507.70,2486.31,2504.41,107429.238,1751745599999,268220784.21015,105931,57339.268,143203846.58550,0
1751745600000,2504.40,2507.75,2497.00,2505.20,52079.374,1751749199999,130326328.07534,54356,28221.492,70631303.13005,0
1751749200000,2505.20,2519.05,2504.73,2515.47,83454.625,1751752799999,209663820.43711,77514,49415.441,124152774.38826,0
1751752800000,2515.46,2521.04,2511.65,2517.90,62690.503,1751756399999,157771348.60371,58692,32354.076,81439241.90024,0
1751756400000,2517.90,2521.74,2514.17,2515.25,41654.952,1751759999999,104885062.02026,44476,18150.939,45708516.28779,0
1751760000000,2515.25,2519.80,2511.05,2519.01,56863.185,1751763599999,143007428.50798,51458,21636.396,54422990.83224,0
1751763600000,2519.01,2519.01,2513.00,2516.65,28200.271,1751767199999,70946753.65198,35241,12688.992,31921370.81167,0
1751767200000,2516.66,2519.82,2512.02,2512.02,42130.400,1751770799999,105989058.28590,40359,16255.749,40894851.87525,0
1751770800000,2512.03,2514.15,2508.06,2513.77,53643.920,1751774399999,134699978.17769,48582,23108.063,58028600.50218,0
1751774400000,2513.77,2517.22,2509.57,2511.13,39270.918,1751777999999,98702879.38692,39829,19378.333,48708865.82234,0
1751778000000,2511.14,2512.15,2507.45,2509.81,27461.786,1751781599999,68928144.71719,29628,13149.530,33006031.11953,0
1751781600000,2509.81,2526.09,2508.20,2520.36,153410.228,1751785199999,386633801.40622,105703,96880.538,244171840.56546,0
1751785200000,2520.37,2524.63,2516.45,2516.90,60452.656,1751788799999,152360399.36228,59613,27392.899,69045657.96581,0
1751788800000,2516.91,2517.64,2507.44,2511.90,125564.642,1751792399999,315368932.96784,106342,56831.941,142731164.62664,0
1751792400000,2511.89,2516.61,2505.02,2506.12,80780.830,1751795999999,202752096.74217,77629,36020.421,90416573.73272,0
1751796000000,2506.13,2512.80,2502.25,2506.99,84828.217,1751799599999,212696934.33287,77550,42521.627,106615888.14173,0
1751799600000,2507.00,2515.22,2506.03,2514.73,46942.612,1751803199999,117891119.97091,60477,26625.812,66872424.68285,0
1751803200000,2514.72,2520.75,2510.56,2518.99,93872.219,1751806799999,236218908.29963,72260,51025.693,128413567.02955,0
1751806800000,2518.99,2569.40,2515.66,2557.39,598358.437,1751810399999,1522732970.66652,405893,339700.964,864238200.40575,0
1751810400000,2557.39,2566.78,2546.01,2558.56,405427.391,1751813999999,1036133758.14792,289266,200867.636,513397444.61553,0
1751814000000,2558.56,2560.81,2547.30,2557.69,144907.018,1751817599999,370248325.38308,135506,67253.365,171866964.52573,0
1751817600000,2557.69,2559.97,2540.86,2551.10,168848.216,1751821199999,430556024.78698,144285,80913.267,206318952.76901,0
1751821200000,2551.10,2552.01,2542.63,2546.28,106314.096,1751824799999,270837271.05227,101579,55837.497,142241460.90346,0
1751824800000,2546.28,2546.70,2522.69,2531.05,203583.508,1751828399999,515718359.30851,170002,87552.551,221797678.45402,0
1751828400000,2531.05,2541.28,2530.28,2540.00,101326.664,1751831999999,256901005.88157,88890,56514.346,143296889.04851,0
1751832000000,2540.01,2550.23,2539.00,2544.19,83115.340,1751835599999,211527493.44156,82031,39651.159,100909832.20497,0
1751835600000,2544.18,2607.08,2543.85,2586.84,484004.310,1751839199999,1251092948.17286,370419,273671.349,707210933.53145,0
1751839200000,2586.85,2604.75,2579.13,2581.54,240845.070,1751842799999,624204647.96209,221120,106450.255,275984934.90833,0
1751842800000,2581.54,2582.13,2561.20,2569.14,170013.229,1751846399999,436837257.02085,162454,85038.278,218486436.42764,0
1751846400000,2569.14,2573.83,2554.00,2560.35,162820.734,1751849999999,417584426.18205,147309,79037.390,202739375.40624,0
1751850000000,2560.36,2564.76,2549.03,2562.30,133915.346,1751853599999,342529975.44789,139671,71530.798,182992145.79379,0
1751853600000,2562.29,2583.30,2562.29,2575.49,188090.097,1751857199999,484340634.84330,160404,102042.779,262724474.15285,0
1751857200000,2575.49,2589.88,2573.57,2576.34,103109.027,1751860799999,266089458.51246,112006,53039.029,136889121.57640,0
1751860800000,2576.34,2579.78,2568.76,2572.38,95879.860,1751864399999,246783697.01672,91710,41186.697,106019037.86781,0
1751864400000,2572.38,2576.91,2565.01,2568.27,84065.224,1751867999999,216171312.16184,77900,40451.144,104025381.49741,0
1751868000000,2568.26,2575.50,2562.01,2564.50,102624.007,1751871599999,263479274.18949,98273,45997.503,118117240.64981,0
1751871600000,2564.50,2578.65,2558.62,2577.28,114915.922,1751875199999,295278134.52734,107276,58156.741,149467977.85052,0
1751875200000,2577.28,2587.73,2569.51,2584.27,154840.975,1751878799999,399257831.02047,114900,73602.963,189826041.85762,0
1751878800000,2584.26,2584.69,2565.02,2571.23,131397.993,1751882399999,338234121.36058,102225,51067.368,131406019.82620,0
1751882400000,2571.22,2571.22,2557.12,2557.55,171932.250,1751885999999,440579543.49134,147349,74436.946,190741653.60323,0
1751886000000,2557.56,2564.77,2551.23,2561.83,189574.399,1751889599999,484940551.84916,138617,98870.436,252933284.29749,0
1751889600000,2561.83,2563.77,2542.53,2547.74,234801.740,1751893199999,598702911.65006,174647,106523.211,271623288.04159,0
1751893200000,2547.75,2568.00,2534.48,2564.57,425501.044,1751896799999,1085561856.70591,349418,209446.844,534475777.36476,0
1751896800000,2564.56,2566.89,2528.28,2530.20,490010.642,1751900399999,1245602769.57514,382141,231011.796,587380126.71938,0
1751900400000,2530.20,2542.72,2525.88,2532.56,193692.549,1751903999999,491136860.21080,196596,89532.542,227061310.07030,0
1751904000000,2532.56,2541.29,2505.37,2523.24,557822.355,1751907599999,1409806241.60875,360140,278389.602,703906694.35483,0
1751907600000,2523.23,2547.07,2515.35,2532.26,295144.696,1751911199999,747116612.23916,220774,163102.459,413093225.67620,0
1751911200000,2532.26,2545.89,2519.20,2543.48,214067.633,1751914799999,541505992.85551,167697,126493.121,320029961.27781,0
1751914800000,2543.47,2557.00,2538.69,2542.86,187221.797,1751918399999,476916179.46368,184025,94750.651,241422711.59416,0
1751918400000,2542.85,2543.49,2528.69,2533.18,123532.029,1751921999999,313227289.40882,135822,63509.959,161017267.17321,0
1751922000000,2533.19,2541.46,2522.04,2538.69,100909.777,1751925599999,255459624.80924,101895,54631.709,138316683.40477,0
1751925600000,2538.70,2541.11,2528.50,2535.25,55047.063,1751929199999,139475874.64144,74123,26118.173,66176805.02264,0
1751929200000,2535.26,2544.59,2535.25,2541.37,56940.614,1751932799999,144665353.29581,56453,30612.837,77774423.37189,0
1751932800000,2541.36,2553.82,2536.09,2539.17,157083.431,1751936399999,399708149.64581,136326,74658.625,190006101.18360,0
1751936400000,2539.16,2539.16,2525.41,2525.64,116674.643,1751939999999,295378924.51509,121120,51419.111,130185798.67522,0
1751940000000,2525.64,2537.50,2522.07,2526.79,162287.096,1751943599999,410372333.77572,139837,86203.475,218002285.54055,0
1751943600000,2526.79,2538.41,2526.05,2536.82,56306.626,1751947199999,142651398.77298,64803,33494.955,84857479.12720,0
1751947200000,2536.82,2543.28,2530.72,2542.40,71405.156,1751950799999,181262723.25524,67297,35420.948,89929032.63363,0
1751950800000,2542.40,2551.28,2540.48,2550.99,109479.296,1751954399999,278811733.43854,85898,57589.320,146680103.86467,0
1751954400000,2551.00,2563.00,2548.92,2557.91,200886.745,1751957999999,513335838.18605,147764,110125.459,281452322.83907,0
1751958000000,2557.91,2558.38,2546.14,2552.16,165550.306,1751961599999,422272391.28900,108091,72075.069,183830052.83032,0
1751961600000,2552.16,2559.84,2545.01,2545.12,120945.305,1751965199999,308658758.11742,91388,60118.237,153458416.63067,0
1751965200000,2545.12,2553.76,2542.00,2550.59,81838.283,1751968799999,208506571.85421,70270,40153.533,102309483.73728,0
1751968800000,2550.59,2565.69,2549.05,2564.95,160393.918,1751972399999,410616580.12421,124439,87234.886,223335385.97261,0
1751972400000,2564.95,2584.99,2561.91,2573.88,283511.917,1751975999999,730184621.48069,197238,156488.363,403009954.63382,0
1751976000000,2573.88,2583.86,2570.16,2581.94,149222.134,1751979599999,384614942.88934,123559,70957.408,182904708.36230,0
1751979600000,2581.94,2600.00,2569.49,2586.88,383307.595,1751983199999,991142698.62421,279882,202147.767,522875662.98264,0
1751983200000,2586.89,2588.00,2556.36,2562.92,392942.477,1751986799999,1010521222.55921,328554,185556.438,477261524.64940,0
1751986800000,2562.93,2568.69,2557.30,2563.83,153549.671,1751990399999,393629428.76321,155191,75109.978,192561094.28556,0
1751990400000,2563.83,2580.57,2558.43,2575.28,232581.058,1751993999999,597940519.27553,212943,126528.469,325366594.41073,0
1751994000000,2575.29,2627.83,2574.25,2615.63,756040.287,1751997599999,1972830564.90172,538086,409608.493,1068457885.88641,0
1751997600000,2615.64,2624.91,2610.00,2623.80,168078.281,1752001199999,439890000.78544,178313,86346.318,226000652.48573,0
1752001200000,2623.79,2624.05,2600.22,2609.23,211577.449,1752004799999,552135917.23041,196214,86886.483,226663499.18109,0
1752004800000,2609.22,2613.87,2596.88,2597.33,94473.020,1752008399999,246164991.40586,92819,41333.119,107733792.62236,0
1752008400000,2597.33,2611.50,2595.31,2608.10,107378.720,1752011999999,279710466.56423,90663,49676.398,129401839.43365,0
1752012000000,2608.10,2611.48,2601.00,2609.35,56284.360,1752015599999,146696637.39194,71722,30043.485,78306731.62716,0
1752015600000,2609.35,2616.69,2605.60,2613.97,82658.470,1752019199999,215957130.96412,81714,43110.658,112642780.20233,0
1752019200000,2613.97,2614.59,2601.77,2612.19,91138.229,1752022799999,237678169.75266,88538,43895.985,114463986.86023,0
1752022800000,2612.20,2626.00,2598.42,2603.94,197520.860,1752026399999,515722635.11314,171818,95208.489,248660137.00354,0
1752026400000,2603.93,2608.79,2600.60,2601.76,74130.259,1752029999999,193055613.00339,85080,36162.574,94182901.12952,0
1752030000000,2601.76,2606.30,2588.49,2590.42,176104.521,1752033599999,456959456.23297,137848,75745.632,196551675.49663,0
1752033600000,2590.42,2602.00,2589.43,2601.90,113222.811,1752037199999,293936253.71147,92854,66642.121,173025832.48866,0
1752037200000,2601.90,2649.00,2600.54,2626.77,475675.227,1752040799999,1249367809.69169,320127,266523.951,699807261.97412,0
1752040800000,2626.77,2632.37,2616.40,2630.42,189488.506,1752044399999,497306613.65335,145316,100807.749,264590750.59859,0
1752044400000,2630.41,2633.54,2620.30,2623.74,131293.791,1752047999999,344739608.20106,91906,63158.424,165836529.09042,0
1752048000000,2623.75,2625.22,2608.70,2610.61,165768.459,1752051599999,433832164.28301,131299,61827.012,161842902.91805,0
1752051600000,2610.60,2613.74,2602.54,2609.81,179145.486,1752055199999,467327146.24445,145006,84877.458,221428541.86232,0
1752055200000,2609.81,2620.47,2605.00,2616.88,125445.707,1752058799999,327899331.94419,109384,64773.808,169328254.26630,0
1752058800000,2616.87,2629.26,2615.02,2624.94,217058.006,1752062399999,569248621.97416,146312,93272.220,244630668.50543,0
1752062400000,2624.95,2665.62,2622.63,2659.00,650686.197,1752065999999,1725423597.48128,453655,356575.730,945273728.32468,0
1752066000000,2659.00,2674.50,2652.02,2653.60,402921.670,1752069599999,1072649936.75851,335964,203670.439,542309179.89681,0
1752069600000,2653.60,2669.00,2628.00,2641.14,547389.446,1752073199999,1447975010.63478,421608,264446.644,699593553.97299,0
1752073200000,2641.14,2656.90,2640.00,2655.41,201370.597,1752076799999,533533804.76341,167940,92773.895,245803559.05708,0
1752076800000,2655.41,2667.99,2650.88,2665.00,169551.114,1752080399999,450978408.26134,169956,87337.256,232345165.07341,0
1752080400000,2665.01,2667.37,2652.11,2660.59,170947.368,1752083999999,454632564.90478,159986,85072.574,226212224.08495,0
1752084000000,2660.59,2723.76,2660.08,2716.89,777042.824,1752087599999,2101635932.34877,526978,448344.028,1211951377.37371,0
1752087600000,2716.89,2795.73,2715.31,2763.56,957485.891,1752091199999,2637058176.19158,681940,533209.116,1468112649.44633,0
1752091200000,2763.56,2765.18,2730.20,2737.03,496111.775,1752094799999,1362305064.04964,431543,234265.995,643331495.25038,0
1752094800000,2737.02,2758.00,2734.56,2752.57,239838.082,1752098399999,659022359.53675,205326,133208.807,366039210.19490,0
1752098400000,2752.58,2783.30,2752.58,2779.11,380394.567,1752101999999,1053656463.53650,287670,217797.748,603425625.87262,0
1752102000000,2779.12,2782.11,2765.97,2767.70,139448.402,1752105599999,386925258.81339,145700,58616.718,162677138.47344,0
1752105600000,2767.69,2772.44,2755.80,2755.80,169969.544,1752109199999,469770672.36236,175055,74480.320,205896104.58537,0
1752109200000,2755.80,2777.34,2754.08,2773.40,137139.791,1752112799999,379637887.38955,146966,76355.143,211393225.80294,0
1752112800000,2773.40,2798.00,2772.52,2782.19,267002.970,1752116399999,743377388.24085,229557,130297.716,362874399.54007,0
1752116400000,2782.19,2789.45,2769.00,2774.51,138527.907,1752119999999,384767115.52328,123778,56356.626,156557296.01067,0
1752120000000,2774.51,2778.87,2764.43,2777.30,119515.363,1752123599999,331254637.94189,110716,62563.027,173422500.01395,0
1752123600000,2777.29,2784.05,2771.28,2780.22,100140.988,1752127199999,278170280.65301,104919,48762.585,135484344.37057,0
1752127200000,2780.22,2799.41,2778.36,2793.90,229310.621,1752130799999,639588310.34686,190557,113453.467,316452793.43089,0
1752130800000,2793.89,2822.23,2785.57,2789.54,648356.704,1752134399999,1818783202.30698,434375,335606.858,941687613.56929,0
1752134400000,2789.54,2795.87,2782.07,2787.33,188765.581,1752137999999,526409543.92781,149171,91151.909,254216528.01583,0
1752138000000,2787.32,2788.99,2773.61,2777.47,152654.107,1752141599999,424404380.33662,136077,68182.043,189561636.02199,0
1752141600000,2777.47,2785.65,2771.08,2783.52,152807.461,1752145199999,424486774.48122,123892,83633.306,232339867.48472,0
1752145200000,2783.52,2783.79,2771.74,2777.38,113653.329,1752148799999,315684761.75713,105751,51001.335,141666227.38724,0
1752148800000,2777.38,2778.75,2766.34,2777.25,217193.773,1752152399999,602052557.98792,174760,105437.086,292308560.33898,0
1752152400000,2777.24,2794.00,2771.01,2783.22,334048.914,1752155999999,928931828.97149,340269,176482.515,490805423.19056,0
1752156000000,2783.23,2791.18,2756.72,2775.20,469381.539,1752159599999,1300789727.81769,348131,218691.774,606171910.02686,0
1752159600000,2775.20,2775.79,2757.52,2768.49,200758.158,1752163199999,555567052.10732,191539,96083.117,265931780.24376,0
1752163200000,2768.50,2811.55,2767.49,2806.98,748125.651,1752166799999,2090452011.20770,483406,352881.872,986675877.67460,0
1752166800000,2806.98,2834.48,2800.21,2828.71,574738.503,1752170399999,1619288227.01591,468093,291715.208,822051434.97676,0
1752170400000,2828.72,2839.29,2793.16,2809.83,488751.857,1752173999999,1375876128.94507,396655,229724.611,646885112.96680,0
1752174000000,2809.82,2820.50,2805.00,2814.61,192347.734,1752177599999,541149683.11316,191192,91402.424,257122718.56849,0
1752177600000,2814.61,2825.00,2811.20,2817.02,130271.953,1752181199999,367190342.04945,133102,60223.704,169778424.42346,0
1752181200000,2817.02,3010.44,2815.70,2971.70,1955104.469,1752184799999,5723803346.83364,1442989,1113817.059,3258797230.09358,0
1752184800000,2971.70,2978.17,2951.96,2973.18,518539.283,1752188399999,1536986424.03791,501646,242884.970,720021763.33555,0
1752188400000,2973.19,2974.12,2934.85,2950.62,329265.882,1752191999999,971751129.79673,300936,150209.620,443214044.34249,0
1752192000000,2950.61,2957.64,2913.72,2936.72,378648.266,1752195599999,1109853039.24038,385290,189272.625,554728486.19625,0
1752195600000,2936.71,2956.70,2932.80,2953.77,176472.184,1752199199999,519753537.16840,205954,92639.444,272883508.43639,0
1752199200000,2953.76,2967.55,2950.90,2964.08,232758.483,1752202799999,688979720.33851,227925,122723.741,363294788.97965,0
1752202800000,2964.08,2974.06,2956.00,2968.51,183332.445,1752206399999,543800880.45414,193189,85084.607,252426515.41985,0
1752206400000,2968.50,2970.43,2945.32,2969.29,181982.897,1752209999999,538696656.37761,172218,83003.678,245731123.45549,0
1752210000000,2969.29,3028.48,2966.28,3003.90,874199.877,1752213599999,2623991645.03718,622718,450029.352,1350691993.49692,0
1752213600000,3003.89,3025.87,2984.86,2988.43,462985.189,1752217199999,1391835988.70247,364279,201421.069,605795842.14907,0
1752217200000,2988.43,3002.30,2964.20,2967.80,422481.490,1752220799999,1261504768.73803,337334,190269.181,568378342.16294,0
1752220800000,2967.79,3009.39,2960.51,3002.98,393134.291,1752224399999,1174609121.81479,289395,217861.424,651114567.73329,0
1752224400000,3002.99,3040.95,2995.18,3014.86,488800.110,1752227999999,1476549230.68146,358411,250274.574,756202275.98616,0
1752228000000,3014.87,3014.95,2992.00,3003.23,316797.942,1752231599999,951905133.69397,275455,152141.743,457200106.65056,0
1752231600000,3003.22,3005.87,2967.55,2983.22,399904.645,1752235199999,1193561573.92733,329509,176073.958,525452429.83130,0
1752235200000,2983.22,2992.51,2969.04,2985.39,250829.971,1752238799999,748169994.37523,253967,132137.088,394238752.28674,0
1752238800000,2985.39,3008.90,2973.99,3001.81,471171.885,1752242399999,1409733370.90097,504146,226668.299,678363564.48831,0
1752242400000,3001.80,3005.78,2979.27,2988.00,335874.700,1752245999999,1005356273.87095,349501,154102.080,461284770.16260,0
1752246000000,2987.98,2995.97,2935.05,2950.45,616561.902,1752249599999,1829656678.04037,545347,266164.971,790059056.10769,0
1752249600000,2950.46,2971.77,2936.00,2967.20,399735.711,1752253199999,1181757197.15383,457427,201081.951,594489721.36128,0
1752253200000,2967.20,3000.00,2963.34,2992.50,301516.228,1752256799999,899793227.47239,315430,163535.156,488008699.85297,0
1752256800000,2992.50,2998.78,2982.34,2994.91,144417.558,1752260399999,431839597.71630,194405,69420.586,207617999.88425,0
1752260400000,2994.91,3009.55,2977.00,3006.64,243656.790,1752263999999,730230102.52334,291445,118428.135,354990602.45439,0
1752264000000,3006.64,3008.76,2971.84,2973.75,177703.269,1752267599999,531369826.14212,212120,83258.967,249031334.44083,0
1752267600000,2973.75,2995.80,2955.73,2964.77,256458.654,1752271199999,762555311.41835,266675,118637.629,352886317.31718,0
1752271200000,2964.77,2970.00,2921.98,2949.22,351670.141,1752274799999,1034556396.63953,389387,166737.531,490510154.86695,0
1752274800000,2949.22,2959.72,2947.25,2956.93,95224.053,1752278399999,281414919.35479,117029,45852.450,135515441.32991,0
1752278400000,2956.94,2966.23,2929.13,2951.82,155771.589,1752281999999,458973087.03239,160731,73097.897,215414372.34539,0
1752282000000,2951.82,2965.71,2951.54,2957.59,94502.754,1752285599999,279751962.33025,110828,48423.289,143341248.63578,0
1752285600000,2957.59,2969.96,2953.20,2955.66,83099.340,1752289199999,246160765.50472,90283,41812.957,123889592.64507,0
1752289200000,2955.63,2967.88,2954.08,2964.89,53131.631,1752292799999,157402528.34914,70721,28218.342,83593258.16226,0
1752292800000,2964.89,2967.77,2940.00,2949.98,150367.723,1752296399999,443826190.67843,139679,54958.814,162283734.52931,0
1752296400000,2949.99,2956.30,2942.00,2951.58,79512.188,1752299999999,234518809.68209,102500,41163.505,121424623.86134,0
1752300000000,2951.58,2961.82,2943.72,2958.01,88716.023,1752303599999,262057468.79381,111171,47372.916,139938587.58137,0
1752303600000,2958.00,2978.00,2957.75,2961.70,181833.933,1752307199999,539480689.59573,163442,109065.116,323621136.02608,0
1752307200000,2961.69,2969.00,2956.09,2965.67,67658.463,1752310799999,200485494.33447,90332,31686.914,93899260.53658,0
1752310800000,2965.67,2975.81,2960.67,2972.56,79866.544,1752314399999,237227399.63807,100637,40603.405,120614613.94755,0
1752314400000,2972.55,2978.68,2966.10,2974.67,77084.256,1752317999999,229239193.25772,83566,36479.834,108495978.80657,0
1752318000000,2974.67,2979.00,2960.12,2962.54,115144.626,1752321599999,341770293.19942,139210,56369.731,167314930.40636,0
1752321600000,2962.55,2967.08,2913.00,2942.02,495098.225,1752325199999,1454897727.49151,388649,234297.773,688546646.78785,0
1752325200000,2942.03,2942.03,2913.19,2938.69,278350.479,1752328799999,815785219.29235,282345,132611.285,388757182.70992,0
1752328800000,2938.70,2948.88,2922.18,2926.98,179573.863,1752332399999,527513138.53080,181359,86813.388,255110463.77720,0
1752332400000,2926.99,2929.96,2902.80,2914.83,369552.347,1752335999999,1077341513.71780,365846,167126.264,487352494.91044,0
1752336000000,2914.83,2934.86,2909.38,2923.50,172283.586,1752339599999,503920182.59757,176469,89483.052,261746510.26837,0
1752339600000,2923.51,2942.40,2920.00,2939.92,123900.198,1752343199999,363679431.02075,135124,68502.330,201080898.85328,0
1752343200000,2939.92,2943.98,2934.26,2941.22,69366.532,1752346799999,203867544.02032,81438,30383.052,89303817.93042,0
1752346800000,2941.22,2944.86,2933.26,2939.72,61882.269,1752350399999,181946149.04341,91817,28582.714,84044205.39843,0
1752350400000,2939.71,2941.68,2915.40,2915.58,96930.316,1752353999999,283841881.18197,104861,40110.605,117474704.75454,0
1752354000000,2915.58,2938.73,2913.54,2937.96,80732.907,1752357599999,236486547.85331,96825,47873.235,140236907.69934,0
1752357600000,2937.97,2940.00,2923.99,2936.45,55807.784,1752361199999,163670268.36901,76640,26636.954,78123254.59241,0
1752361200000,2936.46,2947.00,2928.92,2941.87,68855.074,1752364799999,202338842.96365,75483,37850.102,111239622.87220,0
1752364800000,2941.88,2949.00,2934.88,2943.42,81887.932,1752368399999,240971240.75556,103369,39888.965,117400498.15154,0
1752368400000,2943.43,2952.00,2937.38,2948.01,101156.649,1752371999999,297942794.65655,111109,51059.749,150423326.98496,0
1752372000000,2948.02,2960.00,2937.03,2952.70,110359.687,1752375599999,325348278.90871,108099,61938.516,182649296.50616,0
1752375600000,2952.69,2957.56,2946.99,2953.77,70446.590,1752379199999,208025746.15653,83115,36433.051,107592397.97735,0
1752379200000,2953.77,2957.98,2950.00,2957.31,59254.317,1752382799999,175034167.54112,72345,29524.924,87220565.99549,0
1752382800000,2957.30,2963.00,2948.11,2949.26,100383.826,1752386399999,296725363.96850,90720,51552.190,152430154.74081,0
1752386400000,2949.26,2967.89,2948.20,2958.38,113301.138,1752389999999,335343962.42760,92874,68175.241,201829690.12874,0
1752390000000,2958.37,2964.64,2955.00,2961.46,72401.944,1752393599999,214317680.27601,73214,36780.413,108878562.14466,0
1752393600000,2961.47,2963.24,2950.25,2954.71,64102.919,1752397199999,189480046.89659,70252,28349.999,83801695.97806,0
1752397200000,2954.71,2956.52,2943.05,2948.48,84627.376,1752400799999,249500608.66782,81074,39243.859,115701583.46226,0
1752400800000,2948.48,2956.16,2944.12,2947.58,66857.546,1752404399999,197263131.39919,60993,34839.726,102798940.47204,0
1752404400000,2947.58,2965.00,2947.58,2963.32,121021.262,1752407999999,358186004.89496,109162,67449.631,199628199.34469,0
1752408000000,2963.32,2992.88,2957.87,2985.01,269388.418,1752411599999,801838650.20694,229036,149883.445,446154094.29847,0
1752411600000,2985.01,2994.40,2972.18,2988.21,211870.433,1752415199999,632001488.96886,210542,103100.650,307569985.38846,0
1752415200000,2988.21,3019.52,2975.56,2986.21,489413.823,1752418799999,1467297467.83509,450523,239672.670,718793069.21915,0
1752418800000,2986.21,3004.00,2982.50,2990.98,210065.542,1752422399999,628828071.04616,229571,105348.417,315392264.22389,0
1752422400000,2990.98,2999.00,2970.76,2973.16,181466.004,1752425999999,541702474.55323,188280,80345.478,239870227.28489,0
1752426000000,2973.16,2995.95,2960.58,2990.66,187180.159,1752429599999,557801231.79582,172963,89208.561,265897074.31175,0
1752429600000,2990.65,3000.60,2985.74,2992.76,91328.439,1752433199999,273483524.23988,136620,46174.975,138288576.84756,0
1752433200000,2992.77,3009.78,2986.07,2987.92,118082.700,1752436799999,353972737.63746,142898,58540.656,175532743.02859,0
1752436800000,2987.93,2997.48,2978.69,2990.57,109974.993,1752440399999,328533425.20377,127284,55024.422,164381749.17973,0
1752440400000,2990.57,2990.57,2930.00,2963.66,293525.129,1752443999999,868953006.63952,266717,132589.690,392570262.32523,0
1752444000000,2963.66,2968.41,2944.37,2957.30,177140.538,1752447599999,523749516.62555,225237,83764.879,247682899.93964,0
1752447600000,2957.29,2978.00,2952.06,2970.37,117878.562,1752451199999,349624609.33390,146695,62364.053,184986644.18739,0
1752451200000,2970.37,2987.11,2966.00,2973.95,112452.597,1752454799999,334857230.23483,175562,56053.752,166925486.63663,0
1752454800000,2973.94,2977.44,2961.44,2972.89,110659.491,1752458399999,328567010.50079,159157,54635.666,162236078.02458,0
1752458400000,2972.88,3015.75,2970.73,2999.55,331432.715,1752461999999,993370262.33128,332631,178760.278,535790585.24542,0
1752462000000,2999.55,3051.91,2995.50,3036.37,549286.304,1752465599999,1663795107.19277,454061,297148.736,900204890.52603,0
1752465600000,3036.37,3057.95,3028.35,3052.03,321668.067,1752469199999,979062005.76242,301066,165768.912,504634131.94619,0
1752469200000,3052.04,3066.00,3015.88,3039.00,556445.120,1752472799999,1692196490.63167,430801,265586.066,807816663.04563,0
1752472800000,3038.99,3041.91,3018.64,3022.65,192901.012,1752476399999,584330197.02183,218155,86559.436,262238908.36892,0
1752476400000,3022.65,3050.41,3021.00,3043.65,249095.086,1752479999999,756755658.85955,250285,130276.925,395824929.84007,0
1752480000000,3043.65,3044.36,3022.22,3038.64,218426.294,1752483599999,662028687.71018,232297,105878.351,320857001.74614,0
1752483600000,3038.65,3075.75,3034.34,3043.68,437083.089,1752487199999,1334458173.38807,334703,226856.980,692812560.75039,0
1752487200000,3043.69,3079.72,3028.45,3066.03,454311.475,1752490799999,1388141606.45168,383001,239035.856,730472594.47578,0
1752490800000,3066.03,3083.00,3049.95,3051.10,371317.210,1752494399999,1138607004.78793,328923,182796.364,560660915.96663,0
1752494400000,3051.10,3057.23,3033.60,3050.58,274728.325,1752497999999,836560338.15350,265933,141416.439,430669259.53006,0
1752498000000,3050.58,3064.74,3030.15,3055.19,301547.922,1752501599999,919478703.30904,341554,148058.044,451518171.32315,0
1752501600000,3055.24,3067.61,3017.74,3028.24,474720.307,1752505199999,1442368811.58533,466415,219123.108,665863119.02989,0
1752505200000,3028.23,3031.75,2990.69,3011.00,501530.271,1752508799999,1510973138.57004,470199,236270.074,711917959.73763,0
1752508800000,3011.00,3029.00,2998.30,3024.37,325401.629,1752512399999,981268309.76785,335330,165031.673,497731480.01817,0
1752512400000,3024.36,3024.44,3002.02,3007.69,161314.216,1752515999999,485926126.40355,209368,79729.838,240171562.20931,0
1752516000000,3007.69,3012.00,2981.00,2988.48,223502.215,1752519599999,669669490.96662,260777,102089.878,305986604.89220,0
1752519600000,2988.48,3002.00,2984.52,2999.12,122993.817,1752523199999,368241472.77278,179924,65391.566,195800084.37798,0
1752523200000,2999.11,3010.53,2980.00,3002.66,144569.278,1752526799999,433133139.62228,209504,79309.433,237692438.56829,0
1752526800000,3002.66,3016.35,2998.47,3009.53,73189.849,1752530399999,220143831.79984,111599,40364.414,121411939.95392,0
1752530400000,3009.53,3017.75,3001.90,3012.35,81889.439,1752533999999,246578549.81265,112124,42339.046,127493495.34545,0
1752534000000,3012.34,3013.92,3003.15,3012.26,66302.911,1752537599999,199493109.81417,81862,32455.201,97659324.67511,0
1752537600000,3012.26,3022.50,2987.17,2991.78,167156.073,1752541199999,501917015.93619,178254,76745.230,230527060.40604,0
1752541200000,2991.78,2999.53,2961.64,2975.63,365420.656,1752544799999,1088983167.02166,363593,164917.865,491647551.01716,0
1752544800000,2975.63,2985.82,2951.01,2973.32,341771.006,1752548399999,1014225494.21175,387655,166455.632,494092769.91147,0
1752548400000,2973.31,2973.31,2930.99,2950.90,566079.931,1752551999999,1667525777.09663,510694,267837.753,789030634.51736,0
1752552000000,2950.90,2971.85,2933.22,2967.25,314434.735,1752555599999,930004450.88104,280167,168745.676,499189198.28424,0
1752555600000,2967.25,2973.69,2961.54,2973.45,148600.434,1752559199999,441112892.36378,149887,76598.314,227411235.50756,0
1752559200000,2973.44,2992.09,2969.02,2984.68,231669.562,1752562799999,690467455.01231,235553,118030.348,351851824.20678,0
1752562800000,2984.68,2994.34,2971.81,2976.35,218180.523,1752566399999,650946408.65508,218059,97475.257,290833636.13899,0
1752566400000,2976.36,2983.00,2958.00,2973.33,190087.231,1752569999999,564852703.36758,226570,88425.845,262822805.00064,0
1752570000000,2973.32,2988.40,2968.72,2971.65,103550.912,1752573599999,308488386.06972,141207,45559.352,135744969.65304,0
1752573600000,2971.66,2979.36,2966.03,2973.10,87647.791,1752577199999,260485265.81960,130203,47323.035,140641360.49192,0
1752577200000,2973.10,2982.00,2960.51,2980.17,147876.913,1752580799999,439124265.37277,175725,75371.360,223802899.62614,0
1752580800000,2980.16,3014.16,2966.41,2999.39,573587.366,1752584399999,1715482804.29274,468076,305703.303,914388715.36708,0
1752584400000,2999.40,3066.60,2998.80,3050.52,784779.179,1752587999999,2381788545.92021,670123,394693.971,1197607141.49916,0
1752588000000,3050.53,3063.17,2965.78,2976.90,836374.252,1752591599999,2523327555.03424,695237,367715.856,1108916429.99350,0
1752591600000,2976.91,3046.73,2966.27,3039.00,667012.395,1752595199999,2006670365.37093,627597,349950.800,1052398461.70341,0
1752595200000,3038.99,3066.58,3033.03,3047.86,486380.524,1752598799999,1483858756.95398,455546,247908.045,756511035.29186,0
1752598800000,3047.85,3098.00,3035.67,3096.41,489105.046,1752602399999,1502665525.11696,519010,261123.579,802456348.28951,0
1752602400000,3096.40,3097.20,3041.01,3065.53,570148.627,1752605999999,1750234169.58084,543652,272923.161,837502045.91279,0
1752606000000,3065.53,3086.24,3033.33,3040.87,398759.276,1752609599999,1219208047.98996,396575,198867.075,608005403.98775,0
1752609600000,3040.86,3052.00,3029.37,3041.06,185496.182,1752613199999,564481980.19583,245620,92753.705,282308651.58894,0
1752613200000,3041.05,3085.00,3040.24,3080.50,182757.234,1752616799999,560534361.29038,233196,95089.659,291643595.54145,0
1752616800000,3080.50,3094.50,3067.33,3093.34,143580.972,1752620399999,442329894.05093,181376,75067.961,231303941.08690,0
1752620400000,3093.35,3144.48,3093.34,3137.62,495205.717,1752623999999,1548511995.01597,448547,274040.154,856654840.01541,0
1752624000000,3137.62,3153.84,3117.20,3142.24,346964.018,1752627599999,1087352419.17041,329573,164541.444,515830596.65023,0
1752627600000,3142.24,3149.00,3130.33,3139.50,164403.251,1752631199999,516104631.17896,217249,74774.556,234767827.35757,0
1752631200000,3139.50,3142.09,3106.54,3115.30,245118.625,1752634799999,764810992.55882,258028,109623.020,342024232.26802,0
1752634800000,3115.29,3120.66,3102.58,3115.08,151542.749,1752638399999,471470553.69670,159773,71423.572,222268679.62913,0
1752638400000,3115.07,3130.90,3099.60,3127.82,195247.326,1752641999999,608166933.03931,206395,104751.174,326435831.76886,0
1752642000000,3127.82,3151.92,3127.44,3141.89,279161.693,1752645599999,876552968.87036,274873,147846.481,464241586.19383,0
1752645600000,3141.88,3166.50,3131.26,3164.00,298180.634,1752649199999,939239263.46853,278572,153018.316,482179948.00935,0
1752649200000,3163.99,3174.00,3153.41,3160.55,257602.740,1752652799999,814976692.52320,257279,118491.440,374922982.83220,0
1752652800000,3160.55,3172.96,3157.05,3163.61,162086.806,1752656399999,512690112.14747,176226,75278.417,238152996.84014,0
1752656400000,3163.62,3171.18,3147.00,3161.52,220666.081,1752659999999,697072137.36799,207772,98535.799,311319651.79293,0
1752660000000,3161.52,3162.00,3143.15,3143.49,136314.139,1752663599999,429727500.70109,147506,64185.954,202374981.49489,0
1752663600000,3143.50,3157.86,3143.00,3149.90,119133.373,1752667199999,375310345.79677,128339,60812.531,191588724.22254,0
1752667200000,3149.90,3180.00,3146.26,3163.82,238858.576,1752670799999,755892322.09392,245758,125653.434,397654312.41153,0
1752670800000,3163.82,3197.55,3157.83,3194.39,511846.353,1752674399999,1627828075.31776,468093,273287.460,869373185.36645,0
1752674400000,3194.37,3265.88,3177.88,3250.70,1120914.378,1752677999999,3615093804.51770,819635,594461.907,1917621653.65596,0
1752678000000,3250.71,3261.59,3205.95,3243.40,795492.508,1752681599999,2573220130.76585,687101,386570.153,1250600431.60734,0
1752681600000,3243.41,3293.95,3233.58,3284.43,589144.549,1752685199999,1923447943.00985,549277,302883.826,989173742.46246,0
1752685200000,3284.43,3324.05,3272.30,3316.14,660714.582,1752688799999,2177418104.67288,528164,360329.684,1188000759.39294,0
1752688800000,3316.13,3374.75,3313.00,3335.21,801119.870,1752692399999,2678203111.70659,673633,412090.984,1377939860.16175,0
1752692400000,3335.21,3384.90,3334.17,3382.52,462118.063,1752695999999,1552388952.14455,452448,243457.424,818022337.64190,0
1752696000000,3382.50,3423.47,3364.25,3379.32,874656.189,1752699599999,2970973318.50587,783723,446362.092,1516629075.60384,0
1752699600000,3379.33,3399.00,3342.24,3373.32,341744.584,1752703199999,1153069145.54159,334417,162894.441,549925253.26372,0
1752703200000,3373.31,3389.35,3348.80,3362.32,241384.481,1752706799999,812782924.65981,297272,110271.872,371397868.39432,0
1752706800000,3362.32,3374.64,3345.07,3370.55,189870.099,1752710399999,638029604.47479,241766,100549.843,337967966.49277,0
1752710400000,3370.54,3398.56,3366.35,3375.50,249690.735,1752713999999,844572410.07457,313588,125165.063,423410044.78547,0
1752714000000,3375.50,3395.28,3311.00,3337.84,453307.457,1752717599999,1517309095.62580,471286,200265.041,670273868.62243,0
1752717600000,3337.84,3362.10,3332.30,3348.59,209915.799,1752721199999,703014889.59622,273697,104723.552,350744442.84378,0
1752721200000,3348.59,3349.74,3313.01,3330.04,217572.082,1752724799999,724141092.73550,292085,101622.637,338268603.44285,0
1752724800000,3330.03,3351.43,3320.03,3350.07,154022.978,1752728399999,514260987.33244,197994,85511.750,285574504.86008,0
1752728400000,3350.07,3378.02,3337.09,3373.24,216410.939,1752731999999,726967757.98051,227103,121325.447,407728375.39126,0
1752732000000,3373.25,3446.50,3362.65,3441.11,694545.768,1752735599999,2372894150.13097,597299,370783.569,1266769858.96154,0
1752735600000,3441.12,3472.20,3408.00,3448.37,543623.092,1752739199999,1869130605.81153,497253,283634.707,975662876.19041,0
1752739200000,3448.37,3450.92,3425.57,3448.50,295363.161,1752742799999,1015584626.59633,313353,147295.690,506535441.47616,0
1752742800000,3448.51,3479.97,3439.66,3465.65,398618.209,1752746399999,1380917078.14480,412596,188466.478,652905899.34745,0
1752746400000,3465.65,3482.62,3448.73,3458.71,355924.702,1752749999999,1232540369.78130,327060,162458.900,562673158.33341,0
1752750000000,3458.72,3461.52,3431.00,3434.69,284046.389,1752753599999,978091403.26510,303922,126840.482,436795840.28833,0
1752753600000,3434.68,3441.21,3413.33,3426.58,358544.480,1752757199999,1228991845.40606,408263,171931.788,589464094.76061,0
1752757200000,3426.58,3433.09,3362.00,3401.16,656687.171,1752760799999,2231938933.92768,586038,301624.393,1025214779.21086,0
1752760800000,3401.17,3435.24,3401.08,3426.72,340978.174,1752764399999,1165870291.92779,404334,180750.708,618099876.81730,0
1752764400000,3426.72,3433.40,3387.12,3420.07,351955.555,1752767999999,1201203798.96481,386816,160178.447,546810147.18054,0
1752768000000,3420.06,3427.73,3365.01,3394.59,547941.435,1752771599999,1859687511.30547,591486,269218.521,913830116.98295,0
1752771600000,3394.59,3429.00,3388.49,3423.80,236852.781,1752775199999,807194476.36071,328955,123632.931,421508892.59922,0
1752775200000,3423.80,3442.60,3417.36,3426.41,213670.658,1752778799999,732697957.99370,283215,109969.445,377141142.67422,0
1752778800000,3426.40,3454.00,3402.20,3410.77,315992.982,1752782399999,1084588374.59937,367357,144380.918,495777547.27440,0
1752782400000,3410.77,3419.72,3370.66,3419.52,401442.567,1752785999999,1363123328.59713,467760,205150.925,696786913.12081,0
1752786000000,3419.52,3501.87,3415.81,3467.44,659445.556,1752789599999,2287844595.27477,769138,342271.358,1187585685.39460,0
1752789600000,3467.44,3494.00,3450.72,3465.75,248305.461,1752793199999,862657174.66525,361203,112926.424,392384009.76535,0
1752793200000,3465.75,3524.00,3460.53,3476.65,426658.168,1752796799999,1491866993.53824,524592,211419.911,739222595.86980,0
1752796800000,3476.66,3540.00,3458.00,3537.37,380069.288,1752800399999,1332451134.84463,481467,189545.450,664497287.60608,0
1752800400000,3537.37,3628.66,3524.49,3615.56,901165.200,1752803999999,3230107488.25121,920448,481606.183,1726804377.74581,0
1752804000000,3615.56,3628.99,3588.99,3602.40,463463.461,1752807599999,1670990059.08070,494658,213465.422,769751993.17718,0
1752807600000,3602.40,3607.75,3584.45,3596.83,211915.740,1752811199999,761967324.82988,254677,88805.379,319333853.27483,0
1752811200000,3596.82,3621.33,3576.00,3619.27,320750.242,1752814799999,1154179636.89560,314761,170087.766,612175891.03134,0
1752814800000,3619.27,3674.43,3615.32,3670.04,632670.772,1752818399999,2306099165.41720,663164,337876.349,1231758730.35253,0
1752818400000,3670.04,3670.31,3640.00,3650.20,309116.311,1752821999999,1128729110.21279,354312,141191.339,515554181.72205,0
1752822000000,3650.21,3669.86,3605.15,3607.10,502703.128,1752825599999,1826715403.00981,542243,222542.540,808965402.55717,0
1752825600000,3607.11,3631.00,3584.00,3606.35,375340.155,1752829199999,1354692823.48006,460286,183082.030,660910575.32038,0
1752829200000,3606.35,3626.37,3594.03,3622.75,249225.094,1752832799999,899759816.94665,301086,134871.627,487030323.30918,0
1752832800000,3622.75,3625.35,3602.43,3619.50,151039.042,1752836399999,546067308.28892,217819,69383.049,250870628.20280,0
1752836400000,3619.50,3626.73,3590.00,3612.00,224049.274,1752839999999,808525272.06682,239413,105736.386,381636515.24412,0
1752840000000,3612.01,3640.93,3592.07,3639.21,247093.321,1752843599999,892714531.68260,265024,132611.868,479267845.40306,0
1752843600000,3639.20,3659.99,3610.50,3640.34,505247.269,1752847199999,1838215339.07405,591845,240195.742,873973558.29995,0
1752847200000,3640.35,3673.72,3555.47,3586.00,1152829.908,1752850799999,4154576302.19131,1016481,560381.992,2020304941.23646,0
1752850800000,3586.00,3589.88,3530.55,3564.70,653389.206,1752854399999,2322388461.97712,708366,301257.422,1070963617.53140,0
1752854400000,3564.70,3589.71,3548.79,3573.49,330047.602,1752857999999,1178882285.69170,452686,159583.325,570085939.08523,0
1752858000000,3573.50,3624.71,3566.72,3599.91,321354.593,1752861599999,1156439846.58631,414343,163591.563,588744369.39299,0
1752861600000,3599.92,3607.05,3564.49,3572.00,222438.184,1752865199999,798041373.77606,325926,95899.643,344105899.74589,0
1752865200000,3572.00,3582.66,3536.23,3551.21,364740.996,1752868799999,1297920031.13237,451224,170772.241,607737537.92628,0
1752868800000,3551.21,3555.00,3476.10,3516.36,710662.050,1752872399999,2492388732.25544,707720,325019.274,1140121319.19865,0
1752872400000,3516.35,3572.00,3514.08,3553.73,260506.718,1752875999999,924584851.29225,302829,145165.510,515078812.73473,0
1752876000000,3553.73,3578.00,3531.10,3538.18,252200.855,1752879599999,895458609.65848,313352,119665.414,424989483.37168,0
1752879600000,3538.18,3550.87,3504.90,3546.36,198191.452,1752883199999,699809450.74300,278470,96661.262,341458373.99253,0
1752883200000,3546.36,3564.84,3521.03,3521.63,163873.854,1752886799999,581053119.06547,246640,76860.478,272608105.08013,0
1752886800000,3521.63,3551.84,3505.00,3544.88,159062.815,1752890399999,561223466.95072,249513,80292.221,283339255.75729,0
1752890400000,3544.88,3576.30,3533.42,3568.92,156871.088,1752893999999,558137385.04983,236898,84677.323,301303810.71080,0
1752894000000,3568.91,3598.00,3565.66,3591.74,228951.068,1752897599999,820934597.62334,246955,108214.305,388038962.39572,0
1752897600000,3591.74,3608.00,3579.00,3589.22,178632.543,1752901199999,641913689.79766,199678,89739.376,322598788.81655,0
1752901200000,3589.21,3594.96,3573.90,3584.82,110895.940,1752904799999,397465381.63253,144274,57213.398,205102659.47034,0
1752904800000,3584.81,3586.00,3566.00,3570.20,102375.640,1752908399999,365851194.08315,125595,43477.824,155377538.67849,0
1752908400000,3570.20,3586.22,3566.35,3570.54,93974.802,1752911999999,336006198.22207,121345,49277.185,176208457.86418,0
1752912000000,3570.54,3577.77,3545.78,3553.51,189920.549,1752915599999,675527568.21186,217524,85919.761,305604850.43197,0
1752915600000,3553.50,3568.76,3547.98,3557.36,82988.050,1752919199999,295381011.27283,129118,44228.436,157457838.78674,0
1752919200000,3557.36,3568.00,3550.00,3556.75,79113.962,1752922799999,281513225.00199,115145,43048.338,153201794.67683,0
1752922800000,3556.76,3577.16,3536.78,3551.90,223858.614,1752926399999,796413878.63899,240213,112409.698,400003340.15990,0
1752926400000,3551.89,3564.50,3538.17,3561.13,140717.576,1752929999999,499618145.60012,190008,71098.763,252450307.45420,0
1752930000000,3561.12,3572.00,3548.55,3557.82,120429.318,1752933599999,428817726.40967,160067,59270.239,211035454.51658,0
1752933600000,3557.83,3560.59,3525.72,3531.00,211736.029,1752937199999,750128402.15429,242639,89867.401,318457228.60833,0
1752937200000,3530.99,3562.93,3529.43,3551.36,160634.088,1752940799999,570195909.99234,202463,82415.996,292508844.72032,0
1752940800000,3551.36,3569.90,3535.00,3559.49,173869.619,1752944399999,618178397.64134,212899,92410.358,328535428.26196,0
1752944400000,3559.50,3561.14,3531.53,3542.12,122154.489,1752947999999,432988206.63340,154741,59058.615,209325905.13838,0
1752948000000,3542.12,3561.63,3539.12,3552.37,90513.620,1752951599999,321598110.55033,134174,39521.434,140400954.97441,0
1752951600000,3552.37,3582.60,3541.02,3577.13,163049.137,1752955199999,581207768.64398,189493,81537.049,290745305.02224,0
1752955200000,3577.13,3593.45,3563.00,3563.27,132045.529,1752958799999,472757149.40847,176524,72104.507,258208931.97221,0
1752958800000,3563.27,3573.33,3536.08,3570.53,164200.198,1752962399999,583532683.31781,224898,82284.119,292463497.08964,0
1752962400000,3570.53,3590.00,3561.13,3575.83,106910.996,1752965999999,382717721.40007,146599,46709.114,167227105.69298,0
1752966000000,3575.84,3598.00,3573.37,3591.31,94764.893,1752969599999,340087474.53570,120782,47486.145,170427915.84060,0
1752969600000,3591.32,3597.28,3578.05,3590.28,117860.859,1752973199999,422863298.03356,151513,55644.578,199676113.50850,0
1752973200000,3590.28,3626.00,3588.30,3604.12,238788.018,1752976799999,862194443.24033,284206,132054.455,476849871.62831,0
1752976800000,3604.13,3623.43,3595.19,3615.21,115784.099,1752980399999,418163777.35390,169738,59507.849,214971172.85047,0
1752980400000,3615.21,3695.00,3606.64,3657.11,552657.489,1752983999999,2023012719.14814,529365,300550.997,1100270151.18298,0
1752984000000,3657.12,3665.96,3632.05,3653.53,284008.150,1752987599999,1036810990.22323,298134,135427.114,494446150.20626,0
1752987600000,3653.53,3662.44,3635.00,3646.47,144618.121,1752991199999,527190908.90214,150991,69423.919,253109657.26274,0
1752991200000,3646.46,3659.58,3638.00,3651.80,123892.795,1752994799999,452133674.18256,139053,67637.750,246865345.61475,0
1752994800000,3651.83,3689.00,3651.83,3667.38,273990.907,1752998399999,1006363476.84532,264855,141861.318,521081909.33493,0
1752998400000,3667.37,3716.40,3667.37,3710.15,352634.787,1753001999999,1303283525.44863,362813,183920.553,679856476.03118,0
1753002000000,3710.15,3727.17,3693.01,3705.52,322890.199,1753005599999,1197990791.90550,336070,150855.165,559832167.68635,0
1753005600000,3705.51,3711.94,3695.72,3698.37,149909.814,1753009199999,554935750.44491,171943,59978.784,222063463.78034,0
1753009200000,3698.38,3770.00,3695.00,3755.70,575569.339,1753012799999,2149418245.29779,486293,311657.527,1164069035.61052,0
1753012800000,3755.70,3756.21,3724.00,3746.34,331012.803,1753016399999,1237568355.74663,331878,159451.105,596148353.86998,0
1753016400000,3746.34,3757.00,3735.00,3747.50,176815.152,1753019999999,662356157.05652,231827,83051.844,311150966.38490,0
1753020000000,3747.50,3768.00,3727.39,3766.73,222895.154,1753023599999,835041089.99209,290194,106680.163,399813962.29063,0
1753023600000,3766.73,3790.00,3747.17,3785.39,391745.025,1753027199999,1477406971.02859,433833,211653.414,798444167.30879,0
1753027200000,3785.39,3826.00,3762.45,3808.95,605970.874,1753030799999,2298993421.90858,598156,300781.469,1141562731.79933,0
1753030800000,3808.96,3808.96,3730.01,3738.22,656110.107,1753034399999,2469655995.00734,570301,266762.891,1004533906.84698,0
1753034400000,3738.23,3756.68,3729.57,3749.00,245614.781,1753037999999,919999776.02690,277452,122184.892,457722656.25836,0
1753038000000,3749.01,3771.88,3742.95,3748.85,172099.807,1753041599999,646790661.82603,206766,82285.136,309298393.20808,0
1753041600000,3748.85,3753.59,3715.00,3738.90,237537.762,1753045199999,886985222.90690,289269,103503.413,386711133.87832,0
1753045200000,3738.90,3771.75,3725.00,3768.91,178156.756,1753048799999,668106673.92682,232135,92268.297,346165185.10959,0
1753048800000,3768.90,3770.48,3680.00,3746.15,568689.536,1753052399999,2116273209.66724,623039,257127.923,957063148.74625,0
1753052400000,3746.16,3768.45,3732.06,3755.67,196090.018,1753055999999,735205442.65634,290217,98389.587,368957032.18498,0
1753056000000,3755.68,3756.49,3709.27,3746.13,273361.784,1753059599999,1019749695.16476,381964,130978.196,488627700.71130,0
1753059600000,3746.13,3753.24,3700.19,3723.30,208365.047,1753063199999,775753228.93038,330160,97811.168,364132332.60057,0
1753063200000,3723.30,3749.32,3721.43,3742.80,174878.912,1753066799999,653405860.05729,245895,85302.400,318723182.05711,0
1753066800000,3742.79,3765.86,3742.53,3756.86,157402.218,1753070399999,591210147.26972,216684,79086.690,297063460.46808,0
1753070400000,3756.86,3781.01,3752.49,3761.34,175076.217,1753073999999,659464772.06817,217507,90564.458,341186482.35056,0
1753074000000,3761.34,3783.92,3745.96,3782.00,166823.576,1753077599999,628275276.00793,213889,89168.156,335950194.13832,0
1753077600000,3782.00,3812.00,3775.59,3786.36,364118.561,1753081199999,1381468857.88113,355982,183121.500,694984846.26686,0
1753081200000,3786.36,3804.79,3778.00,3786.97,150048.551,1753084799999,568919447.31857,198865,73126.939,277328074.49718,0
1753084800000,3786.96,3811.21,3761.79,3776.93,278546.852,1753088399999,1055073159.55959,307386,129123.348,489318550.96402,0
1753088400000,3776.93,3785.25,3755.06,3771.76,210519.955,1753091999999,793668531.18599,232759,95079.321,358562073.51485,0
1753092000000,3771.76,3824.00,3767.76,3811.02,289677.716,1753095599999,1100285439.90337,301957,152797.389,580255399.49798,0
1753095600000,3811.02,3838.00,3791.07,3808.80,371238.021,1753099199999,1417084550.19146,397530,176278.407,673026044.38779,0
1753099200000,3808.88,3824.75,3791.36,3809.68,261540.671,1753102799999,996024486.93486,327605,126889.497,483281256.38685,0
1753102800000,3809.68,3823.31,3773.63,3818.99,438318.508,1753106399999,1664504424.19235,467688,204388.357,776318887.75575,0
1753106400000,3819.00,3857.82,3793.11,3840.52,571051.928,1753109999999,2189536640.43792,589922,277232.173,1063108683.06837,0
1753110000000,3840.52,3851.00,3806.09,3808.90,307470.035,1753113599999,1177115328.30216,387369,148799.501,569760220.44051,0
1753113600000,3808.89,3815.86,3747.00,3766.53,726649.544,1753117199999,2743370785.33740,702927,325939.580,1230411918.55630,0
1753117200000,3766.53,3788.98,3735.30,3768.62,340296.947,1753120799999,1280640809.81405,399378,159930.143,602008112.26041,0
1753120800000,3768.62,3798.98,3729.68,3735.92,347966.200,1753124399999,1310337552.85251,384212,150895.245,568406651.53710,0
1753124400000,3735.91,3768.80,3718.00,3734.90,358195.252,1753127999999,1338675195.81015,436188,168486.670,629986720.48161,0
1753128000000,3734.90,3764.73,3716.35,3755.05,223821.024,1753131599999,838375458.26333,308225,125882.677,471730777.21712,0
1753131600000,3755.05,3764.00,3743.49,3750.13,74242.184,1753135199999,278684597.27387,133637,34149.254,128204920.35675,0
1753135200000,3750.13,3778.81,3745.60,3760.44,108684.262,1753138799999,409185851.74617,136989,60712.241,228569613.97857,0
1753138800000,3760.44,3774.44,3746.96,3760.96,94285.346,1753142399999,354670489.01559,142051,44610.460,167820926.11171,0
1753142400000,3760.95,3774.81,3740.00,3741.44,169584.710,1753145999999,637077911.32390,213416,78405.873,294581973.40024,0
1753146000000,3741.44,3798.58,3693.22,3793.76,574537.297,1753149599999,2149395338.74376,585580,282318.398,1057339578.78198,0
1753149600000,3793.75,3794.63,3728.98,3736.01,274441.519,1753153199999,1033573288.58152,325744,112434.749,423439157.76226,0
1753153200000,3736.00,3743.51,3707.55,3730.38,327753.204,1753156799999,1220366216.46880,383353,144076.845,536640140.07736,0
1753156800000,3730.38,3733.28,3651.00,3654.73,526640.985,1753160399999,1941761327.34295,491633,199396.370,735715417.64460,0
1753160400000,3654.74,3696.60,3653.25,3689.61,369111.229,1753163999999,1358556995.37596,393258,209828.769,772361451.00989,0
1753164000000,3689.62,3718.68,3675.73,3691.15,264339.173,1753167599999,977567868.89117,285074,135458.107,501148053.21116,0
1753167600000,3691.15,3713.90,3665.05,3676.44,268272.211,1753171199999,990636708.16257,305306,124553.075,460028042.86985,0
1753171200000,3676.44,3676.44,3620.33,3649.39,603268.282,1753174799999,2197378180.86837,554431,267558.990,974764157.77888,0
1753174800000,3649.39,3667.85,3616.53,3660.12,376320.829,1753178399999,1371234352.64271,403546,190968.059,696042414.39567,0
1753178400000,3660.11,3697.62,3659.01,3697.62,250152.008,1753181999999,920010241.93236,280899,143611.858,528329915.65854,0
1753182000000,3697.61,3719.38,3680.97,3704.39,354084.680,1753185599999,1309981337.86778,318605,164031.626,607033090.87455,0
1753185600000,3704.40,3711.00,3690.11,3701.08,156827.243,1753189199999,580332427.56970,239922,70064.605,259325181.24114,0
1753189200000,3701.08,3706.00,3633.00,3648.44,679702.824,1753192799999,2491520681.59443,567572,297633.625,1090951183.08361,0
1753192800000,3648.43,3708.42,3626.00,3706.70,497155.270,1753196399999,1822193456.35907,565611,272288.881,998428924.28738,0
1753196400000,3706.71,3728.97,3691.90,3717.74,410085.215,1753199999999,1523081584.54836,443445,204208.910,758587691.35491,0
1753200000000,3717.74,3750.00,3709.56,3717.27,334720.554,1753203599999,1248996541.27008,364108,167590.652,625391465.89779,0
1753203600000,3717.27,3721.80,3676.04,3699.11,366531.644,1753207199999,1354772679.44514,425043,173800.302,642354765.21463,0
1753207200000,3699.12,3724.80,3680.45,3710.48,245729.866,1753210799999,910113477.68565,340123,129215.760,478702944.00981,0
1753210800000,3710.47,3719.74,3654.54,3668.91,259336.460,1753214399999,955589902.02382,344515,113370.908,417817774.04981,0
1753214400000,3668.90,3711.45,3660.84,3706.98,257280.193,1753217999999,949264970.06721,271836,132586.911,489163698.09626,0
1753218000000,3707.00,3711.22,3693.80,3705.11,75500.538,1753221599999,279603171.94152,110054,35095.556,129976871.46965,0
1753221600000,3705.12,3730.53,3705.12,3719.47,133004.268,1753225199999,494617516.37725,178509,66753.668,248283719.21475,0
1753225200000,3719.48,3751.61,3716.86,3746.01,157406.004,1753228799999,588668991.40220,187467,81909.565,306345021.90655,0
1753228800000,3746.02,3763.55,3723.80,3724.98,257130.069,1753232399999,961936578.18205,237968,109370.024,409280529.60931,0
1753232400000,3724.98,3741.93,3712.00,3738.01,146806.037,1753235999999,547187755.73154,188813,71084.270,265012533.72482,0
1753236000000,3738.01,3764.08,3721.65,3744.81,305540.683,1753239599999,1143561089.91508,300011,147196.256,550995242.62395,0
1753239600000,3744.82,3758.85,3724.13,3728.00,186675.704,1753243199999,698320886.12740,205381,86328.782,322956939.28269,0
1753243200000,3728.00,3735.50,3717.96,3734.29,108095.980,1753246799999,402892103.74755,153660,54633.163,203654741.03900,0
1753246800000,3734.30,3737.20,3700.02,3713.02,156248.207,1753250399999,580590840.27336,178115,69463.452,258153397.72779,0
1753250400000,3713.02,3715.00,3684.63,3693.72,213752.843,1753253999999,790058373.69374,221234,98997.766,365893228.71019,0
1753254000000,3693.71,3698.86,3663.00,3672.27,252683.734,1753257599999,929727914.29129,244012,122342.593,450323274.43356,0
1753257600000,3672.27,3691.63,3666.10,3691.07,205942.445,1753261199999,757604597.00352,185388,112494.138,413953878.71191,0
1753261200000,3691.06,3698.49,3647.60,3657.54,261504.433,1753264799999,958753985.90823,244395,120988.109,443807634.77952,0
1753264800000,3657.53,3669.00,3638.77,3665.12,235633.236,1753268399999,861216280.02742,218728,117829.199,430845586.04630,0
1753268400000,3665.13,3675.53,3647.39,3670.91,167452.243,1753271999999,613894481.80216,178087,83013.969,304303764.18283,0
1753272000000,3670.90,3680.03,3632.84,3639.36,241586.405,1753275599999,883019726.68979,267994,111956.762,409454051.92234,0
1753275600000,3639.36,3664.43,3580.00,3586.65,984230.641,1753279199999,3562930535.86967,769262,421401.189,1526401155.34080,0
1753279200000,3586.66,3623.78,3580.00,3616.34,492414.066,1753282799999,1774167964.95186,489180,235235.837,847827876.13899,0
1753282800000,3616.34,3645.98,3596.68,3643.55,316498.592,1753286399999,1145708019.91074,336704,164986.069,597365933.93513,0
1753286400000,3643.55,3643.55,3566.00,3570.60,431120.301,1753289999999,1551396728.96340,466882,194004.458,698254035.22506,0
1753290000000,3570.59,3594.43,3553.00,3586.93,497965.211,1753293599999,1778719177.43256,495904,248972.026,889852883.17209,0
1753293600000,3586.93,3606.66,3585.25,3603.82,164111.021,1753297199999,590283056.33634,230407,85245.628,306627242.46137,0
1753297200000,3603.82,3612.88,3581.78,3587.06,182977.714,1753300799999,658342859.63717,237258,87747.551,315821191.33569,0
1753300800000,3587.06,3604.99,3542.00,3567.05,451603.205,1753304399999,1610872593.82507,458008,197153.820,703470828.55962,0
1753304400000,3567.05,3593.14,3526.50,3590.99,417229.580,1753307999999,1483765451.08250,398280,199508.468,710173627.37044,0
1753308000000,3591.00,3619.42,3577.16,3609.77,162372.017,1753311599999,585087769.24742,219285,81421.396,293366596.07953,0
1753311600000,3609.78,3634.98,3608.06,3627.49,122610.010,1753315199999,444449973.05898,147871,60846.867,220559719.28627,0
1753315200000,3627.50,3645.64,3610.78,3644.90,204567.137,1753318799999,742624702.01843,206426,102473.337,372127334.86299,0
1753318800000,3644.91,3647.75,3624.75,3646.90,129762.889,1753322399999,472308510.41802,152651,61330.958,223270055.89427,0
1753322400000,3646.89,3652.00,3636.22,3649.02,110910.430,1753325999999,404250628.49924,135195,54605.909,199052881.16823,0
1753326000000,3649.02,3664.87,3638.38,3640.31,182137.609,1753329599999,665063806.96516,203342,88508.051,323289331.51868,0
1753329600000,3640.31,3657.25,3600.12,3608.81,336674.671,1753333199999,1221588005.53833,291923,146618.647,532099257.92167,0
1753333200000,3608.82,3609.87,3555.00,3555.02,449595.542,1753336799999,1609955907.92531,440016,198720.190,711720741.03360,0
1753336800000,3555.02,3578.44,3525.00,3543.32,447154.171,1753340399999,1587444309.81878,474859,218875.106,777415423.13327,0
1753340400000,3543.32,3594.75,3505.00,3589.94,564510.894,1753343999999,2001447333.89916,503706,298972.148,1060845309.05568,0
1753344000000,3589.94,3643.78,3579.12,3632.84,414895.390,1753347599999,1502429922.28528,402030,214043.831,774900706.71606,0
1753347600000,3632.87,3643.67,3614.62,3635.17,248842.436,1753351199999,902983113.59838,259129,110421.745,400784623.17846,0
1753351200000,3635.18,3660.00,3590.15,3620.32,416901.870,1753354799999,1508999179.02957,372558,207663.448,752028322.46419,0
1753354800000,3620.33,3660.00,3618.61,3654.32,300183.896,1753358399999,1094480936.54949,271686,157204.914,573190864.32400,0
1753358400000,3654.33,3659.33,3618.47,3641.69,244943.997,1753361999999,890946555.22339,300584,113715.530,413646581.25842,0
1753362000000,3641.69,3655.00,3626.00,3629.25,231503.500,1753365599999,843091185.15665,355597,116974.835,426059148.29668,0
1753365600000,3629.26,3737.22,3611.11,3733.88,798519.831,1753369199999,2939147250.83016,713033,452146.903,1665060197.78958,0
1753369200000,3733.88,3772.63,3708.94,3730.46,783291.121,1753372799999,2929363124.51644,733098,369516.942,1382351134.79094,0
1753372800000,3730.47,3731.74,3665.80,3686.22,488007.491,1753376399999,1802720337.64455,533943,223236.882,824519386.85305,0
1753376400000,3686.23,3733.34,3681.77,3723.81,301628.799,1753379999999,1119492550.87567,315192,167274.473,620770363.13980,0
1753380000000,3723.82,3749.75,3710.64,3739.91,214375.033,1753383599999,799980884.03735,284678,98194.838,366521483.46609,0
1753383600000,3739.91,3753.65,3718.13,3730.81,281691.140,1753387199999,1052432452.49479,284636,124822.005,466436697.92825,0
1753387200000,3730.80,3741.95,3720.89,3733.78,103421.997,1753390799999,385863382.59526,156751,46492.580,173489659.22408,0
1753390800000,3733.79,3741.47,3708.01,3724.70,149612.189,1753394399999,557129013.55178,172672,72126.209,268598882.99980,0
1753394400000,3724.70,3735.01,3699.49,3723.20,199772.490,1753397999999,742696659.01414,210258,106747.962,396918298.51097,0
1753398000000,3723.20,3723.20,3693.71,3706.20,182965.092,1753401599999,678220602.00118,214439,91268.024,338302810.65023,0
1753401600000,3706.22,3707.46,3645.43,3658.52,348866.762,1753405199999,1280006490.78020,409207,165168.570,605863168.45011,0
1753405200000,3658.52,3690.24,3640.32,3681.65,290612.053,1753408799999,1065328994.38434,383799,158183.420,580096940.71190,0
1753408800000,3681.65,3690.00,3613.62,3614.12,426025.407,1753412399999,1553701723.42291,482316,180752.176,659376924.66525,0
1753412400000,3614.11,3632.63,3570.13,3594.25,567149.498,1753415999999,2042610025.73030,581972,265799.550,957749819.14576,0
1753416000000,3594.25,3649.99,3576.84,3647.05,402991.542,1753419599999,1456034020.60323,485381,224701.759,812145173.61563,0
1753419600000,3647.06,3648.00,3608.60,3632.15,354309.335,1753423199999,1285895588.31142,343295,168493.855,611711650.15482,0
1753423200000,3632.16,3643.25,3610.01,3629.93,241826.795,1753426799999,876630170.59606,276029,106484.526,386205427.27987,0
1753426800000,3629.92,3666.81,3597.60,3630.68,487305.082,1753430399999,1768265749.91392,498146,241820.848,877934399.22853,0
1753430400000,3630.68,3678.53,3627.41,3664.10,440710.646,1753433999999,1609927224.42249,447971,227775.779,832198482.44573,0
1753434000000,3664.11,3733.38,3648.44,3725.94,503839.910,1753437599999,1862727884.04454,508959,269241.630,995595498.01974,0
1753437600000,3725.93,3746.42,3704.37,3718.20,318935.608,1753441199999,1187164390.95012,339050,144932.708,539496029.73942,0
1753441200000,3718.20,3742.74,3714.76,3720.00,197565.793,1753444799999,736455695.99556,228564,93362.514,348056587.86265,0
1753444800000,3720.01,3734.43,3691.41,3703.53,341618.258,1753448399999,1268595288.36346,339830,134836.057,500918472.77397,0
1753448400000,3703.53,3718.88,3675.00,3705.12,359971.749,1753451999999,1330024324.60629,403157,180501.440,667174716.79824,0
1753452000000,3705.13,3707.60,3619.74,3627.46,491085.510,1753455599999,1796316592.21044,543470,220450.107,806629639.99449,0
1753455600000,3627.46,3645.51,3600.00,3631.91,400432.052,1753459199999,1451726830.38548,476688,210137.326,762076153.92884,0
1753459200000,3631.91,3644.04,3615.11,3638.62,208041.525,1753462799999,755623624.03781,318547,109119.704,396387616.25054,0
1753462800000,3638.62,3651.09,3619.38,3634.64,157805.317,1753466399999,573802066.29170,235795,78590.266,285802047.71682,0
1753466400000,3634.64,3656.21,3633.72,3648.26,113807.291,1753469999999,415106035.95184,165468,67198.588,245146116.93351,0
1753470000000,3648.26,3658.50,3638.75,3639.56,98349.658,1753473599999,358961612.88829,147805,48467.341,176929274.76494,0
1753473600000,3639.55,3696.66,3637.42,3683.58,204365.552,1753477199999,750768680.51017,242013,116189.046,426835822.62557,0
1753477200000,3683.58,3726.08,3683.58,3718.85,237456.586,1753480799999,881552289.58338,266117,121466.297,450869392.56363,0
1753480800000,3718.85,3729.53,3714.00,3719.65,114195.284,1753484399999,424916093.23172,145094,57802.743,215104059.02163,0
1753484400000,3719.65,3729.00,3708.24,3724.17,106089.992,1753487999999,394431646.55121,117402,46045.768,171209468.20603,0
1753488000000,3724.18,3727.64,3710.21,3724.75,82137.090,1753491599999,305513116.69202,120838,36607.550,136169435.34018,0
1753491600000,3724.76,3725.28,3694.56,3701.34,104188.485,1753495199999,386528953.83760,108179,36636.020,135951077.77842,0
1753495200000,3701.34,3766.83,3701.33,3741.28,412535.483,1753498799999,1543142688.15922,316544,221707.722,829352760.00400,0
1753498800000,3741.28,3746.06,3727.10,3738.01,91288.878,1753502399999,341031755.13407,107066,44211.388,165210528.34360,0
1753502400000,3738.00,3752.84,3735.82,3747.00,79222.715,1753505999999,296651548.72772,103809,38054.011,142499587.77464,0
1753506000000,3747.01,3756.40,3732.46,3746.69,78930.233,1753509599999,295558694.76712,99440,36483.025,136623879.15302,0
1753509600000,3746.69,3749.28,3729.32,3738.36,76455.781,1753513199999,285835348.59907,97296,31620.540,118226897.87288,0
1753513200000,3738.36,3747.37,3736.43,3741.03,45859.443,1753516799999,171602328.37385,68888,22583.642,84508083.74564,0
1753516800000,3741.04,3781.26,3741.03,3761.19,258083.220,1753520399999,970897001.43766,212374,151016.347,568082323.77434,0
1753520400000,3761.19,3764.76,3747.46,3757.40,121729.243,1753523999999,457090879.42021,123021,57500.601,215929679.47895,0
1753524000000,3757.40,3783.62,3750.77,3758.39,181521.508,1753527599999,683935771.74751,186757,88852.155,334790131.63226,0
1753527600000,3758.40,3768.86,3725.00,3738.44,274433.696,1753531199999,1027630018.27817,222733,105029.909,393414626.44093,0
1753531200000,3738.43,3751.41,3725.90,3740.89,178327.479,1753534799999,667050683.06866,153721,103986.751,389060430.61960,0
1753534800000,3740.89,3753.00,3735.00,3742.66,86623.428,1753538399999,324407840.41619,110980,41666.503,156068721.77065,0
1753538400000,3742.66,3747.81,3722.00,3726.62,156357.079,1753541999999,583693677.16015,166336,61260.752,228716222.21099,0
1753542000000,3726.63,3739.01,3714.14,3734.51,131695.551,1753545599999,490566200.57099,159038,63873.481,237983883.17802,0
1753545600000,3734.52,3741.22,3718.00,3726.74,110955.214,1753549199999,413561242.43888,131278,57819.843,215499729.19508,0
1753549200000,3726.74,3733.65,3720.00,3722.35,48261.863,1753552799999,179797852.21130,83593,23583.935,87870758.08020,0
1753552800000,3722.35,3755.00,3705.92,3738.67,219138.724,1753556399999,817910338.38394,191746,115747.348,432321998.44275,0
1753556400000,3738.67,3756.38,3738.22,3749.33,71481.758,1753559999999,267841676.09078,92554,43912.825,164567835.56635,0
1753560000000,3749.32,3750.65,3731.11,3743.66,60895.934,1753563599999,227846810.45676,93728,28682.416,107325584.85926,0
1753563600000,3743.65,3764.00,3735.74,3757.27,68856.858,1753567199999,258119764.15897,83922,39948.200,149780441.17809,0
1753567200000,3757.27,3795.20,3740.42,3748.40,323434.636,1753570799999,1218259220.70313,294699,173483.151,653674861.99340,0
1753570800000,3748.41,3754.00,3734.80,3740.00,65415.769,1753574399999,244830134.43706,102085,31665.431,118527706.25083,0
1753574400000,3740.00,3754.81,3728.36,3754.81,94939.434,1753577999999,355094903.62143,126271,41074.081,153679950.11604,0
1753578000000,3754.80,3771.68,3748.64,3754.87,99870.141,1753581599999,375694191.77067,139596,43089.454,162101139.12353,0
1753581600000,3754.87,3787.22,3750.05,3783.70,111250.799,1753585199999,419631458.32645,141718,60005.493,226389539.29126,0
1753585200000,3783.70,3785.53,3768.97,3772.92,72973.249,1753588799999,275535218.80952,104708,33978.759,128300097.44020,0
1753588800000,3772.91,3790.80,3767.00,3789.36,84966.063,1753592399999,321188445.66555,105342,49181.528,185943595.58695,0
1753592400000,3789.37,3810.28,3782.00,3789.84,278845.605,1753595999999,1058255378.24635,231455,136678.002,518752859.41718,0
1753596000000,3789.83,3789.84,3762.26,3771.01,136009.003,1753599599999,513332728.71942,133557,55907.403,211017925.55122,0
1753599600000,3771.01,3781.59,3761.01,3766.50,96022.149,1753603199999,362143418.73141,105556,42427.783,160038328.04932,0
1753603200000,3766.50,3775.42,3763.09,3769.50,78423.854,1753606799999,295560896.14238,90377,37889.904,142819463.87871,0
1753606800000,3769.51,3772.59,3747.32,3762.31,122589.489,1753610399999,461157800.50712,126937,49244.019,185329930.73135,0
1753610400000,3762.31,3840.00,3762.00,3815.72,506175.791,1753613999999,1928375224.94112,390204,277832.152,1058347763.35893,0
1753614000000,3815.71,3835.00,3803.60,3814.16,262436.491,1753617599999,1001895934.08605,256791,126762.697,483980026.76136,0
1753617600000,3814.17,3836.00,3804.12,3825.09,274361.983,1753621199999,1048245661.57342,248840,136455.977,521441772.76481,0
1753621200000,3825.08,3829.98,3805.23,3809.23,106623.825,1753624799999,406807369.04365,133908,50410.207,192324661.73410,0
1753624800000,3809.23,3822.24,3790.61,3808.31,164228.261,1753628399999,625075255.39847,203507,83884.386,319386234.35901,0
1753628400000,3808.31,3821.16,3792.33,3817.66,118107.295,1753631999999,449769870.87950,187187,64152.798,244333079.06679,0
1753632000000,3817.67,3850.00,3810.00,3814.80,322415.488,1753635599999,1235653807.64003,376388,161189.295,617794257.88119,0
1753635600000,3814.80,3841.29,3807.83,3837.43,171822.182,1753639199999,656697750.62569,226760,90943.458,347571909.68018,0
1753639200000,3837.43,3868.97,3830.78,3845.43,287175.293,1753642799999,1106810798.90504,304243,147489.322,568576659.13924,0
1753642800000,3845.43,3851.54,3825.01,3827.35,93664.862,1753646399999,359453856.76834,131185,48629.337,186667962.40770,0
1753646400000,3827.35,3842.52,3818.00,3821.33,91245.889,1753649999999,349462187.17896,135537,50439.253,193193033.22565,0
1753650000000,3821.34,3839.46,3814.49,3835.37,80468.759,1753653599999,307826700.35345,114664,43216.671,165369802.65935,0
1753653600000,3835.37,3878.53,3834.00,3863.10,234358.509,1753657199999,904304173.75586,306105,119567.981,461399508.86463,0
1753657200000,3863.11,3875.00,3837.66,3871.47,172361.344,1753660799999,664518635.86557,238200,88548.748,341369731.73557,0
1753660800000,3871.48,3886.60,3853.84,3860.25,256890.921,1753664399999,994808907.77330,310294,123878.299,479767450.42513,0
1753664400000,3860.24,3863.92,3843.12,3848.65,157655.410,1753667999999,607329564.00743,192891,73480.211,283087107.70405,0
1753668000000,3848.65,3907.88,3841.69,3884.94,409201.217,1753671599999,1589214342.41356,377958,216441.167,840550268.30355,0
1753671600000,3884.94,3892.89,3866.86,3878.47,145573.028,1753675199999,564316790.75907,172457,66113.976,256306936.47845,0
1753675200000,3878.46,3905.00,3867.00,3901.21,200974.213,1753678799999,781536490.45574,207724,110188.427,428528456.49170,0
1753678800000,3901.22,3940.81,3899.27,3929.11,457119.210,1753682399999,1795195848.07945,401598,274444.914,1077688602.90718,0
1753682400000,3929.10,3933.63,3908.30,3911.81,213552.341,1753685999999,836977205.76616,213804,100123.925,392477133.12934,0
1753686000000,3911.80,3913.45,3874.95,3892.01,381045.993,1753689599999,1481809891.16260,310847,166175.074,646239889.06271,0
1753689600000,3892.00,3903.20,3881.34,3890.56,130711.311,1753693199999,508619541.56228,169520,67889.020,264213998.17010,0
1753693200000,3890.56,3895.00,3870.92,3893.33,143412.167,1753696799999,556978491.87146,182477,73333.620,284911464.96473,0
1753696800000,3893.32,3896.77,3874.73,3887.06,125060.262,1753700399999,485813162.09243,147474,59767.860,232189887.65809,0
1753700400000,3887.05,3893.06,3856.61,3878.59,190356.384,1753703999999,737032581.18563,196888,85153.493,329817806.65475,0
1753704000000,3878.59,3888.80,3867.00,3869.82,129631.531,1753707599999,502894485.70471,179768,59275.887,230012756.98832,0
1753707600000,3869.82,3874.00,3825.01,3842.80,586805.872,1753711199999,2257196136.94109,539583,272555.793,1048611522.49746,0
1753711200000,3842.80,3851.67,3770.01,3783.47,816349.276,1753714799999,3101527931.81916,723195,334942.628,1272519835.98904,0
1753714800000,3783.48,3821.96,3779.52,3806.09,401601.582,1753718399999,1528155740.20500,361041,214493.556,816268151.49705,0
1753718400000,3806.09,3821.00,3791.39,3804.54,192180.153,1753721999999,731535884.56698,289211,97700.438,371965691.45550,0
1753722000000,3804.51,3808.21,3776.31,3783.22,202372.678,1753725599999,767252728.25979,275428,92775.053,351817187.81122,0
1753725600000,3783.23,3787.12,3751.03,3781.04,342703.494,1753729199999,1290810173.39315,354178,162666.231,612832842.22385,0
1753729200000,3781.05,3805.00,3762.21,3796.02,249019.354,1753732799999,943182958.19439,253517,125487.645,475305359.66660,0
1753732800000,3796.01,3802.92,3763.92,3786.20,175095.676,1753736399999,661977361.83675,228930,84696.337,320073872.07335,0
1753736400000,3786.19,3801.99,3772.91,3787.24,115539.810,1753739999999,437640004.44211,161877,53822.274,203901113.31445,0
1753740000000,3787.23,3801.69,3763.47,3785.09,142108.516,1753743599999,537697115.51755,227516,68100.909,257693045.39742,0
1753743600000,3785.10,3798.63,3772.94,3796.00,125830.527,1753747199999,476492917.17165,209453,59759.944,226281473.30190,0
1753747200000,3795.99,3819.99,3734.00,3778.87,456932.869,1753750799999,1726639080.56401,435357,207961.535,786042491.20163,0
1753750800000,3778.87,3797.17,3756.00,3756.76,156256.770,1753754399999,590516336.43064,229077,72097.859,272504080.45887,0
1753754400000,3756.76,3771.86,3727.21,3757.54,279016.586,1753757999999,1045847067.78315,381549,135310.223,507379484.26712,0
1753758000000,3757.54,3797.00,3757.45,3790.46,190103.039,1753761599999,718620653.89111,253848,103742.427,392196123.04672,0
1753761600000,3790.46,3801.01,3773.86,3776.66,112291.858,1753765199999,425337075.64874,176771,44938.781,170283510.17989,0
1753765200000,3776.65,3806.81,3776.65,3805.86,94162.697,1753768799999,357344142.85679,142761,55165.667,209375858.53466,0
1753768800000,3805.87,3835.00,3800.00,3827.73,283380.151,1753772399999,1082131590.53576,265152,154605.435,590388511.27686,0
1753772400000,3827.74,3879.57,3827.47,3876.56,458789.207,1753775999999,1768110253.55478,433514,249452.541,961230007.57239,0
1753776000000,3876.56,3885.43,3858.76,3871.55,247932.386,1753779599999,960174326.70930,257524,111804.590,433100184.58520,0
1753779600000,3871.55,3879.10,3862.96,3871.93,126506.162,1753783199999,489881738.45900,146232,64148.852,248460224.34281,0
1753783200000,3871.92,3873.91,3823.00,3828.72,319813.787,1753786799999,1230876571.91739,319031,140359.790,540263975.24489,0
1753786800000,3828.72,3839.00,3810.15,3824.65,257869.053,1753790399999,986159879.88712,262264,125724.920,480869805.81279,0
1753790400000,3824.64,3860.00,3821.46,3851.49,293262.115,1753793999999,1127007289.49239,282753,168607.456,647931205.60997,0
1753794000000,3851.49,3874.97,3826.76,3837.88,312439.219,1753797599999,1203260486.43452,344437,145399.032,560225171.89498,0
1753797600000,3837.88,3839.50,3766.55,3780.61,602566.628,1753801199999,2290182559.65995,604280,280290.451,1065243403.50509,0
1753801200000,3780.61,3782.51,3745.01,3759.52,476840.311,1753804799999,1795183909.78204,495574,238752.680,898990937.54544,0
1753804800000,3759.52,3767.50,3712.24,3749.49,552152.379,1753808399999,2064940667.45308,524045,247012.381,924120748.53108,0
1753808400000,3749.49,3792.94,3742.59,3768.06,425914.082,1753811999999,1605692456.04788,388370,242720.173,915144599.82429,0
1753812000000,3768.05,3775.00,3750.22,3769.36,112156.174,1753815599999,422176478.76927,176167,51517.617,193964114.50518,0
1753815600000,3769.36,3795.00,3756.66,3763.78,188766.361,1753819199999,712467499.82826,224830,97905.967,369592844.69081,0
1753819200000,3763.78,3783.89,3740.00,3763.80,260655.288,1753822799999,979116342.34196,314125,129260.509,485579740.65835,0
1753822800000,3763.81,3784.12,3751.70,3779.41,98971.212,1753826399999,372746347.59240,144817,43830.788,165121124.00427,0
1753826400000,3779.41,3793.61,3756.55,3790.54,135117.312,1753829999999,510415355.15006,160836,60884.225,230022213.79213,0
1753830000000,3790.54,3799.78,3781.61,3791.55,104348.513,1753833599999,395377311.58154,124532,58762.419,222658591.57619,0
1753833600000,3791.55,3792.83,3753.69,3773.34,175931.408,1753837199999,663549876.68126,209718,81759.640,308271356.39660,0
1753837200000,3773.33,3810.94,3760.16,3790.38,188639.483,1753840799999,714776027.30529,250852,100904.164,382464975.54404,0
1753840800000,3790.38,3821.58,3783.01,3811.08,163694.716,1753844399999,623266691.09049,225040,89672.050,341490341.76942,0
1753844400000,3811.08,3827.99,3803.30,3815.62,102192.054,1753847999999,389962320.23073,146608,49355.636,188403603.91395,0
1753848000000,3815.62,3823.65,3797.24,3807.14,108595.646,1753851599999,413640548.25119,139810,43053.567,163986930.90190,0
1753851600000,3807.14,3814.53,3785.10,3808.47,159428.287,1753855199999,605838138.64209,192440,72767.573,276614138.38287,0
1753855200000,3808.47,3828.68,3807.68,3822.54,118393.924,1753858799999,452165337.87132,150413,65003.792,248253523.59727,0
1753858800000,3822.54,3832.61,3801.01,3809.13,176979.896,1753862399999,675677833.59450,203942,75803.740,289507025.14619,0
1753862400000,3809.12,3824.26,3795.09,3813.00,164973.939,1753865999999,628854957.42616,193560,77553.227,295688176.20057,0
1753866000000,3813.01,3818.49,3773.17,3784.69,221627.264,1753869599999,840006282.14595,273197,105417.952,399558545.94589,0
1753869600000,3784.69,3806.08,3766.00,3771.82,158280.402,1753873199999,599715387.03097,196080,72217.602,273722533.76443,0
1753873200000,3771.82,3784.45,3742.00,3756.61,321523.569,1753876799999,1208460842.73426,339149,159715.375,600416253.42573,0
1753876800000,3756.61,3784.39,3747.47,3772.30,259669.820,1753880399999,978345280.25191,322207,128524.520,484227448.57940,0
1753880400000,3772.29,3784.61,3748.05,3764.71,294887.131,1753883999999,1110130560.05079,349146,140592.436,529357158.84804,0
1753884000000,3764.71,3830.94,3762.12,3817.75,342806.281,1753887599999,1302973354.43806,367029,185277.991,704259040.44199,0
1753887600000,3817.75,3820.35,3775.24,3795.76,273841.811,1753891199999,1038946501.03378,348629,121603.889,461328868.95183,0
1753891200000,3795.77,3816.38,3779.07,3794.79,166178.485,1753894799999,630932731.03993,243380,83038.312,315316844.06077,0
1753894800000,3794.79,3814.00,3790.08,3803.63,126164.219,1753898399999,479855510.21835,174017,63031.163,239738228.02756,0
1753898400000,3803.62,3821.36,3734.45,3736.40,542609.594,1753901999999,2051083097.58917,630231,266743.181,1008516449.94235,0
1753902000000,3736.39,3772.22,3670.00,3758.70,1014550.085,1753905599999,3770678381.27582,888895,499726.702,1857562027.00333,0
1753905600000,3758.69,3786.44,3755.12,3768.65,251561.024,1753909199999,948887369.86227,296346,121762.603,459296543.95913,0
1753909200000,3768.65,3773.94,3739.62,3761.31,142373.297,1753912799999,534597517.14279,154286,68380.800,256802371.69463,0
1753912800000,3761.32,3770.00,3754.00,3761.97,78685.624,1753916399999,295969673.96443,136316,35097.989,132029203.84725,0
1753916400000,3761.95,3811.13,3761.15,3808.67,205200.779,1753919999999,778359239.78700,209811,112155.674,425349820.78324,0
1753920000000,3808.67,3849.00,3799.78,3842.61,312249.972,1753923599999,1195512680.70808,314499,171412.216,656298481.83524,0
1753923600000,3842.61,3849.84,3827.45,3836.29,170313.320,1753927199999,653533152.61635,194528,75778.920,290809523.74330,0
1753927200000,3836.28,3863.00,3829.18,3860.99,173274.614,1753930799999,666925805.83542,198113,100524.023,386972968.73107,0
1753930800000,3860.99,3867.00,3854.13,3861.97,106375.141,1753934399999,410525459.37443,133411,46505.331,179487359.70736,0
1753934400000,3861.97,3870.00,3853.31,3869.86,115141.682,1753937999999,444601286.10250,122905,57622.584,222561160.05924,0
1753938000000,3869.86,3869.86,3854.72,3857.94,94974.536,1753941599999,366687243.68464,89577,42360.215,163539791.69188,0
1753941600000,3857.94,3878.00,3853.18,3872.89,123885.124,1753945199999,478922553.00577,127791,71213.411,275330614.15038,0
1753945200000,3872.89,3876.28,3859.70,3862.16,100580.313,1753948799999,388850279.89924,118366,47130.491,182235068.44471,0
1753948800000,3862.15,3872.98,3855.87,3862.08,86451.302,1753952399999,334060643.84514,100020,43749.917,169075672.34741,0
1753952400000,3862.08,3865.67,3853.00,3861.55,87103.920,1753955999999,336180769.03683,97714,42715.173,164872395.11844,0
1753956000000,3861.54,3865.47,3851.20,3853.74,81455.431,1753959599999,314244747.94433,91566,38367.117,148021472.22861,0
1753959600000,3853.73,3856.62,3824.05,3836.87,220793.579,1753963199999,847664144.14524,214904,97625.723,374788239.78473,0
1753963200000,3836.87,3844.01,3821.00,3833.00,221907.188,1753966799999,850416370.12918,230985,115649.421,443246969.58777,0
1753966800000,3833.01,3833.55,3784.10,3805.32,548649.827,1753970399999,2087183230.30237,499856,268967.317,1023138283.43740,0
1753970400000,3805.33,3813.82,3763.35,3766.59,448005.465,1753973999999,1694082831.87745,491304,210749.311,797040080.79908,0
1753974000000,3766.60,3795.83,3760.16,3786.01,273683.261,1753977599999,1034947368.47093,327674,144473.521,546378936.37247,0
1753977600000,3786.01,3816.99,3778.81,3801.93,263625.262,1753981199999,1001706158.83015,318997,135338.791,514325035.94907,0
1753981200000,3801.93,3802.90,3765.60,3774.17,249830.153,1753984799999,944804466.09568,340702,118128.725,446799317.33434,0
1753984800000,3774.17,3787.12,3746.00,3773.67,346876.002,1753988399999,1306020532.74776,352948,168572.143,634885973.38510,0
1753988400000,3773.67,3779.80,3733.00,3736.19,281463.464,1753991999999,1055355311.99640,341404,126838.291,475703491.05089,0
1753992000000,3736.20,3747.30,3715.00,3732.94,328980.542,1753995599999,1227027633.01556,354535,151224.349,564270337.11404,0
1753995600000,3732.93,3757.15,3707.24,3729.31,260328.767,1753999199999,972297839.98742,242829,124013.945,463520257.95539,0
1753999200000,3729.30,3729.35,3700.00,3707.49,212327.551,1754002799999,788154618.81346,329949,102228.321,379558844.68782,0
1754002800000,3707.50,3727.51,3682.23,3696.58,289058.340,1754006399999,1069849294.39265,355219,130827.948,484307788.11632,0
1754006400000,3696.57,3698.08,3613.67,3680.01,804497.698,1754009999999,2947394304.17935,750977,368618.113,1351068015.28344,0
1754010000000,3680.01,3695.00,3650.04,3687.10,434851.064,1754013599999,1598739969.87586,558855,219193.225,806140568.92306,0
1754013600000,3687.11,3722.00,3678.29,3714.71,272596.571,1754017199999,1010461488.50909,307449,148649.505,550971190.79227,0
1754017200000,3714.70,3722.90,3700.00,3703.49,137091.970,1754020799999,508657404.85066,164482,66137.977,245437644.19217,0
1754020800000,3703.49,3703.49,3675.02,3680.40,245165.741,1754024399999,903829096.32794,261106,100537.617,370600173.48195,0
1754024400000,3680.40,3691.60,3662.85,3673.28,170844.309,1754027999999,628142876.03066,235653,84614.859,311203991.45934,0
1754028000000,3673.28,3681.11,3638.84,3660.90,302795.626,1754031599999,1108077886.97308,337691,141903.348,519436027.78325,0
1754031600000,3660.90,3667.66,3622.22,3648.67,341872.970,1754035199999,1244136181.46530,380218,174859.372,636513106.91921,0
1754035200000,3648.66,3648.66,3583.44,3607.81,569814.464,1754038799999,2056872578.29214,611368,257300.223,928872342.59732,0
1754038800000,3607.81,3638.85,3603.92,3616.90,218038.084,1754042399999,790887102.58622,290067,117786.578,427251659.67949,0
1754042400000,3616.89,3632.41,3608.00,3614.15,144123.900,1754045999999,521750215.26556,226568,70092.658,253768480.49189,0
1754046000000,3614.17,3642.16,3604.81,3641.04,169765.571,1754049599999,615436570.38581,206904,87282.153,316436979.66518,0
1754049600000,3641.04,3673.16,3628.47,3661.55,427660.038,1754053199999,1563526507.02260,440526,225101.736,823065375.08431,0
1754053200000,3661.55,3674.84,3575.00,3598.23,596329.632,1754056799999,2158414643.64767,616142,270335.535,978763280.94292,0
1754056800000,3598.23,3654.97,3562.05,3631.57,638312.980,1754060399999,2309111990.73470,736621,325450.896,1177599093.20734,0
1754060400000,3631.58,3634.96,3580.66,3614.49,410243.500,1754063999999,1478394491.71884,551369,200607.837,723075020.06648,0
1754064000000,3614.50,3632.74,3572.90,3586.04,335408.015,1754067599999,1209554780.54422,430306,154236.737,556503881.45871,0
1754067600000,3586.01,3600.71,3561.00,3570.28,390627.854,1754071199999,1396763983.64773,523708,192112.149,687090889.91145,0
1754071200000,3570.27,3584.54,3535.00,3548.48,572353.729,1754074799999,2036505572.77060,649861,263674.204,938663853.08823,0
1754074800000,3548.47,3560.00,3514.00,3517.57,429918.416,1754078399999,1519642663.03640,555482,202545.417,716103899.09951,0
1754078400000,3517.57,3541.34,3490.00,3539.90,461493.215,1754081999999,1621788564.12499,512884,214984.753,756003031.67927,0
1754082000000,3539.90,3551.89,3530.79,3535.17,158099.541,1754085599999,560171540.69986,210658,79538.408,281856256.98092,0
1754085600000,3535.18,3543.12,3428.86,3461.64,712416.075,1754089199999,2474275459.34969,774292,296960.302,1031205775.33010,0
1754089200000,3461.64,3492.00,3447.26,3486.42,249251.304,1754092799999,865778904.42504,361290,129709.658,450588379.03573,0
1754092800000,3486.41,3514.00,3476.57,3513.88,260465.898,1754096399999,909880625.06031,321200,138276.192,483044324.14134,0
1754096400000,3513.88,3521.32,3495.23,3515.30,141122.454,1754099999999,495163563.02625,166326,67871.044,238208442.06943,0
1754100000000,3515.30,3526.40,3512.70,3522.03,87754.404,1754103599999,308833254.93069,118391,40473.360,142459021.25818,0
1754103600000,3522.04,3531.27,3517.59,3527.15,87665.947,1754107199999,309029116.76074,130191,43176.583,152214548.89741,0
1754107200000,3527.15,3533.00,3512.17,3531.97,97007.263,1754110799999,341924356.71429,128394,47298.177,166750854.84294,0
1754110800000,3531.98,3536.48,3514.14,3517.92,98873.215,1754114399999,348313607.05024,133352,49250.363,173512948.73721,0
1754114400000,3517.91,3518.69,3453.14,3477.93,428329.557,1754117999999,1490593808.95666,470015,190810.007,663643438.23782,0
1754118000000,3477.93,3519.95,3467.00,3517.68,250559.221,1754121599999,876331981.48902,287977,140573.571,491733010.96144,0
1754121600000,3517.67,3523.00,3483.99,3489.81,241987.390,1754125199999,847631577.64257,250384,108929.763,381651951.87013,0
1754125200000,3489.81,3502.40,3480.30,3490.72,125592.851,1754128799999,438337480.20532,198629,62820.875,219258067.54148,0
1754128800000,3490.73,3494.31,3472.01,3489.59,128700.425,1754132399999,448233971.01586,212444,61178.929,213127273.92640,0
1754132400000,3489.59,3516.80,3480.55,3506.93,172758.135,1754135999999,605385453.23166,210068,92403.391,323821118.52300,0
1754136000000,3506.93,3513.99,3495.00,3507.22,99477.553,1754139599999,348583982.17454,158576,48709.347,170709110.60613,0
1754139600000,3507.22,3515.74,3490.75,3508.16,130795.678,1754143199999,458476595.54333,191551,62227.569,218179878.27295,0
1754143200000,3508.17,3516.48,3464.46,3478.00,325277.971,1754146799999,1132929843.04165,376435,156152.009,543851294.08774,0
1754146800000,3478.01,3490.50,3449.42,3457.50,262867.854,1754150399999,911650735.72018,323630,120532.636,418104171.24034,0
1754150400000,3457.50,3476.11,3431.51,3470.59,376464.132,1754153999999,1300015729.99990,414187,188554.762,651336643.28569,0
1754154000000,3470.59,3479.60,3412.77,3422.85,336588.554,1754157599999,1158729366.19635,364377,151014.327,519655952.55154,0
1754157600000,3422.85,3432.51,3371.13,3382.05,628621.193,1754161199999,2135212668.46378,665098,275127.199,934656961.15860,0
1754161200000,3382.04,3423.78,3374.10,3381.35,343058.943,1754164799999,1166126966.45826,407296,174397.328,592871681.31433,0
1754164800000,3381.34,3422.84,3379.76,3422.50,170835.877,1754168399999,581512243.18627,268416,95161.548,323965831.17433,0
1754168400000,3422.51,3442.49,3404.35,3410.92,189782.031,1754171999999,649334457.42309,224636,94656.444,324018635.89743,0
1754172000000,3410.92,3427.00,3386.82,3409.17,142360.500,1754175599999,484889141.45225,203789,68965.971,234931128.79969,0
1754175600000,3409.18,3417.68,3366.50,3392.42,297119.444,1754179199999,1007519329.98312,364874,141798.533,480856959.76341,0
1754179200000,3392.42,3411.84,3353.51,3408.28,408554.515,1754182799999,1383268595.65881,502838,201093.693,681025617.36793,0
1754182800000,3408.25,3421.92,3400.02,3412.30,159510.549,1754186399999,544393886.44178,229232,83398.134,284678024.20344,0
1754186400000,3412.30,3443.88,3411.79,3441.91,164164.782,1754189999999,563544233.18131,191650,95161.093,326618714.89555,0
1754190000000,3441.90,3450.84,3437.45,3441.97,101049.305,1754193599999,348055652.75587,124079,48880.293,168392982.52819,0
1754193600000,3441.98,3446.65,3432.10,3443.12,98504.333,1754197199999,338659523.31481,122933,48532.935,166868471.00504,0
1754197200000,3443.12,3454.61,3439.48,3443.57,120475.233,1754200799999,415341754.42903,128423,60416.400,208309834.53889,0
1754200800000,3443.56,3447.06,3435.31,3439.01,60306.559,1754204399999,207475722.30114,89913,31359.461,107894250.89194,0
1754204400000,3439.00,3458.67,3439.00,3454.23,101156.658,1754207999999,349060825.20705,114776,55327.999,190886000.30787,0
1754208000000,3454.23,3467.00,3451.82,3460.84,121895.939,1754211599999,421716513.08972,142201,72194.713,249799642.66651,0
1754211600000,3460.85,3465.86,3453.00,3464.20,58063.063,1754215199999,200918973.79533,81290,30929.339,107044683.43514,0
1754215200000,3464.21,3485.95,3463.28,3482.81,188349.204,1754218799999,654474221.79017,146374,107884.093,374867578.50656,0
1754218800000,3482.81,3514.00,3482.20,3483.40,324936.305,1754222399999,1136249757.85823,308924,166250.066,581407240.12598,0
1754222400000,3483.41,3502.68,3473.60,3488.00,181933.606,1754225999999,634043274.41937,196544,89274.694,311175744.34855,0
1754226000000,3487.99,3497.99,3482.29,3490.58,110540.011,1754229599999,385724114.91762,160754,54380.540,189791893.12663,0
1754229600000,3490.59,3492.97,3461.87,3470.54,212069.472,1754233199999,736795704.26915,229563,96453.144,335102098.81329,0
1754233200000,3470.53,3476.97,3452.79,3474.65,184593.271,1754236799999,639546344.33069,227490,98765.473,342279642.55212,0
1754236800000,3474.66,3495.00,3465.97,3493.29,135567.805,1754240399999,471996335.63116,161107,70380.602,245077194.61845,0
1754240400000,3493.29,3497.97,3478.15,3488.41,82760.094,1754243999999,288666448.75892,124240,37759.009,131722856.78247,0
1754244000000,3488.41,3496.69,3479.61,3494.98,68445.295,1754247599999,238811985.04882,115790,33859.258,118144812.83798,0
1754247600000,3494.97,3513.64,3486.73,3495.32,138604.177,1754251199999,485307496.93779,166101,74257.977,260009719.98229,0
1754251200000,3495.33,3496.70,3481.85,3490.76,81044.119,1754254799999,282743250.73309,117836,39186.333,136723921.65147,0
1754254800000,3490.77,3507.34,3487.22,3500.68,63405.013,1754258399999,221793896.48603,91128,29500.488,103198493.82214,0
1754258400000,3500.67,3515.09,3481.58,3501.42,114298.570,1754261999999,399471708.09987,170392,56372.530,197063228.67660,0
1754262000000,3501.43,3520.97,3494.28,3495.00,147303.349,1754265599999,516637977.53107,203312,73129.525,256553482.88999,0
1754265600000,3495.01,3550.00,3489.28,3543.90,269934.809,1754269199999,951408740.35482,329678,146805.174,517669573.29972,0
1754269200000,3543.91,3558.00,3532.00,3535.80,200091.540,1754272799999,708922968.96158,270381,97858.448,346771598.31682,0
1754272800000,3535.81,3570.63,3522.21,3570.01,224477.266,1754276399999,796181206.39126,251616,128954.049,457509423.63038,0
1754276400000,3570.01,3575.00,3553.16,3555.00,126766.549,1754279999999,451561116.55824,149369,57830.915,206040465.40857,0
1754280000000,3555.00,3564.43,3533.95,3538.21,178676.625,1754283599999,633706448.73914,154149,83813.831,297290871.53132,0
1754283600000,3538.20,3539.78,3522.01,3531.80,121742.993,1754287199999,429764122.10393,142142,54566.396,192639042.89259,0
1754287200000,3531.80,3540.30,3518.36,3537.26,148678.482,1754290799999,524928755.53564,176767,75989.407,268373660.53041,0
1754290800000,3537.27,3552.73,3534.63,3550.66,120573.466,1754294399999,427405645.89790,144363,65717.071,232981951.52889,0
1754294400000,3550.67,3562.99,3539.79,3549.15,179195.768,1754297999999,636592574.85124,199109,80458.271,285860275.07746,0
1754298000000,3549.16,3562.49,3543.45,3545.61,104200.778,1754301599999,370273084.35172,136195,51399.441,182663028.79465,0
1754301600000,3545.62,3573.63,3543.45,3553.42,131360.257,1754305199999,467607903.50939,161050,65740.141,234006578.46130,0
1754305200000,3553.41,3565.01,3548.49,3554.00,83628.483,1754308799999,297327224.04044,118203,41357.069,147058220.39478,0
1754308800000,3554.01,3572.00,3549.16,3568.69,105773.504,1754312399999,376594370.73161,145169,53110.416,189116578.78898,0
1754312400000,3568.69,3619.89,3558.62,3619.62,544422.106,1754315999999,1955057134.24918,503674,289713.006,1040697104.05357,0
1754316000000,3619.62,3663.88,3616.22,3637.98,744266.933,1754319599999,2711639400.48617,710401,359963.983,1311333898.80573,0
1754319600000,3637.99,3656.01,3633.00,3646.59,184666.339,1754323199999,672852813.08600,263698,89732.976,326979061.39774,0
1754323200000,3646.60,3697.55,3646.41,3683.05,411515.481,1754326799999,1511711848.25342,419353,221017.842,812017008.11132,0
1754326800000,3683.06,3716.93,3676.00,3679.58,426545.391,1754330399999,1577166260.28239,425974,213692.803,790242416.18823,0
1754330400000,3679.58,3692.50,3669.03,3674.89,175088.952,1754333999999,644165292.37055,218151,82229.966,302629108.86017,0
1754334000000,3674.88,3687.00,3664.58,3668.14,125375.332,1754337599999,460636697.67102,191257,60379.370,221882242.32744,0
1754337600000,3668.14,3711.00,3658.90,3698.28,228634.597,1754341199999,843099584.81123,292867,120941.253,446059290.98118,0
1754341200000,3698.28,3730.00,3697.04,3708.56,202926.029,1754344799999,753788411.66876,250699,105239.888,390968804.16763,0
1754344800000,3708.57,3735.00,3708.57,3730.77,154122.312,1754348399999,574024906.92406,244537,79224.946,295111184.11601,0
1754348400000,3730.76,3732.00,3707.00,3719.42,123848.401,1754351999999,460486317.62917,176845,51512.316,191561044.32083,0
1754352000000,3719.41,3720.10,3691.18,3695.42,170328.721,1754355599999,630519999.28749,238146,65195.340,241326602.60127,0
1754355600000,3695.42,3705.49,3677.00,3678.81,152454.144,1754359199999,562535858.49402,195167,70993.848,262064477.04248,0
1754359200000,3678.81,3686.59,3671.00,3678.88,102119.829,1754362799999,375525562.61769,157041,52214.590,192029688.14158,0
1754362800000,3678.87,3679.93,3646.72,3650.40,220181.068,1754366399999,805278962.66091,219942,93313.395,341287350.15843,0
1754366400000,3650.40,3666.87,3642.32,3647.62,156998.065,1754369999999,573489836.67484,189522,75128.620,274500607.32218,0
1754370000000,3647.62,3666.89,3645.51,3662.77,128206.888,1754373599999,469025856.10507,152354,71736.223,262428039.17905,0
1754373600000,3662.76,3678.35,3633.00,3649.16,273896.997,1754377199999,1002114974.69206,269591,136070.584,498095072.96091,0
1754377200000,3649.15,3655.63,3598.74,3611.76,419460.715,1754380799999,1519310044.12527,396822,183615.662,665224058.82532,0
1754380800000,3611.76,3637.03,3606.65,3633.00,211651.128,1754384399999,766812891.05299,236514,109821.464,397888546.06964,0
1754384400000,3633.00,3664.90,3631.65,3658.81,224627.334,1754387999999,819721421.18026,229270,124317.110,453724540.44886,0
1754388000000,3658.82,3692.30,3651.67,3680.92,243405.845,1754391599999,894685003.48209,257525,125300.234,460656771.94712,0
1754391600000,3680.93,3684.35,3660.02,3672.58,162575.912,1754395199999,596965022.89139,209341,75033.076,275533693.96875,0
1754395200000,3672.58,3678.89,3608.00,3626.88,424629.378,1754398799999,1545377601.95707,465326,198604.249,722687867.28414,0
1754398800000,3626.89,3658.65,3617.00,3645.29,322772.502,1754402399999,1173836298.43542,385818,172052.962,625759932.79686,0
1754402400000,3645.28,3646.22,3557.58,3576.34,850875.291,1754405999999,3051497422.27571,813632,371660.450,1332374568.98721,0
1754406000000,3576.33,3596.71,3555.00,3568.46,421872.137,1754409599999,1507497119.75045,455635,207658.558,742162673.09896,0
1754409600000,3568.46,3593.24,3561.71,3576.16,253529.850,1754413199999,907111194.90722,311240,126627.931,453155633.83105,0
1754413200000,3576.16,3607.84,3575.00,3603.83,189285.940,1754416799999,680384320.39197,246876,104229.332,374656358.18719,0
1754416800000,3603.82,3611.00,3565.87,3585.90,174058.716,1754420399999,624328045.30829,261150,81360.752,291931148.63039,0
1754420400000,3585.91,3593.17,3558.00,3570.18,136912.142,1754423999999,489400451.54091,212175,65656.610,234767622.38285,0
1754424000000,3570.18,3596.47,3570.18,3575.19,128553.056,1754427599999,460658326.52842,175213,67062.110,240345726.74252,0
1754427600000,3575.20,3589.46,3568.03,3573.80,57887.387,1754431199999,207250913.27467,90851,26120.228,93527900.34448,0
1754431200000,3573.79,3597.20,3542.58,3595.30,219464.174,1754434799999,783101774.56842,240758,101539.944,362584761.10706,0
1754434800000,3595.29,3623.98,3591.86,3610.19,169420.927,1754438399999,611634375.78931,182756,93026.991,335784221.44639,0
1754438400000,3610.19,3612.48,3569.30,3575.27,199931.775,1754441999999,717851044.26512,248520,85710.708,307739540.82196,0
1754442000000,3575.26,3593.12,3562.34,3591.01,190928.433,1754445599999,683180463.60652,196896,90721.153,324691071.46197,0
1754445600000,3591.00,3595.37,3572.27,3590.85,87581.388,1754449199999,313999259.90618,132577,40873.281,146572032.13130,0
1754449200000,3590.85,3593.51,3570.10,3582.02,72500.012,1754452799999,259589199.66178,117658,34036.602,121881841.87910,0
1754452800000,3582.03,3583.50,3568.59,3572.41,65829.488,1754456399999,235299747.56038,107263,31748.717,113484627.05659,0
1754456400000,3572.40,3661.40,3568.00,3637.19,443157.641,1754459999999,1609288526.26106,428359,234035.819,849519022.79207,0
1754460000000,3637.20,3642.97,3615.36,3630.95,176088.882,1754463599999,638824603.89683,198328,84859.180,307850915.28692,0
1754463600000,3630.95,3648.00,3623.10,3638.40,110007.227,1754467199999,400165620.05873,138153,58827.669,214007355.68866,0
1754467200000,3638.39,3641.80,3608.00,3620.79,163580.125,1754470799999,592068614.82106,196478,71015.997,257065019.83072,0
1754470800000,3620.79,3644.00,3615.25,3625.99,144942.729,1754474399999,525865347.79578,171353,77443.161,280993133.05746,0
1754474400000,3625.99,3632.52,3610.00,3614.74,160705.865,1754477999999,581491478.30772,166251,82448.285,298315593.16279,0
1754478000000,3614.74,3629.48,3608.18,3618.16,88960.974,1754481599999,321969086.96966,98166,43574.366,157739567.91087,0
1754481600000,3618.15,3622.14,3577.44,3582.91,292146.538,1754485199999,1050073041.24947,281424,135108.467,485659507.06454,0
1754485200000,3582.92,3603.17,3571.05,3601.00,260275.550,1754488799999,934294674.12645,319412,131786.358,473179803.99916,0
1754488800000,3601.00,3635.00,3586.12,3634.99,343403.246,1754492399999,1239992738.97909,430497,173339.332,626089265.01794,0
1754492400000,3634.99,3668.00,3618.24,3662.65,312965.198,1754495999999,1139091098.21882,369901,162561.417,591858066.21680,0
1754496000000,3662.66,3672.92,3637.64,3643.35,262353.123,1754499599999,958541016.65397,313697,115788.412,423004056.86701,0
1754499600000,3643.36,3685.33,3636.78,3680.75,189576.059,1754503199999,694710714.02644,231592,110645.999,405597009.87893,0
1754503200000,3680.75,3697.39,3670.72,3675.76,228250.150,1754506799999,840858122.95865,240870,104810.965,386194246.49582,0
1754506800000,3675.76,3684.62,3668.00,3682.13,93210.411,1754510399999,342655721.35620,117557,47625.133,175103092.78108,0
1754510400000,3682.13,3682.13,3665.00,3672.75,71069.694,1754513999999,261025556.34744,96394,30856.413,113339633.00635,0
1754514000000,3672.74,3683.89,3648.19,3668.38,121357.929,1754517599999,444887527.45640,118732,57084.214,209309552.71075,0
1754517600000,3668.38,3681.20,3664.16,3680.87,69825.056,1754521199999,256638550.73337,116019,38295.043,140757664.65677,0
1754521200000,3680.87,3684.92,3672.04,3681.21,50389.693,1754524799999,185403500.70183,80319,24711.182,90936856.75030,0
1754524800000,3681.21,3681.30,3662.33,3672.62,84868.741,1754528399999,311646865.65972,113960,33794.908,124075708.28369,0
1754528400000,3672.63,3716.38,3665.00,3665.69,276779.220,1754531999999,1021895464.04013,316541,145494.195,537293832.90549,0
1754532000000,3665.68,3676.84,3648.05,3657.64,158290.645,1754535599999,579759371.60524,189880,75455.786,276411690.42049,0
1754535600000,3657.63,3663.61,3645.78,3655.06,77242.499,1754539199999,282364426.83919,97105,39275.708,143587757.49300,0
1754539200000,3655.06,3668.57,3653.45,3660.11,69158.079,1754542799999,253187394.70121,88599,36329.955,132994442.11100,0
1754542800000,3660.11,3686.97,3657.28,3685.89,104549.348,1754546399999,384172743.83293,134127,57526.359,211366623.14044,0
1754546400000,3685.89,3710.00,3685.00,3693.66,176572.988,1754549999999,652430922.64225,200163,95389.334,352470125.52582,0
1754550000000,3693.65,3708.39,3692.49,3701.00,103216.674,1754553599999,381959512.70640,151006,50901.553,188377702.60556,0
1754553600000,3701.00,3726.60,3700.88,3720.26,257556.388,1754557199999,957509224.47864,248849,129374.057,480973315.95657,0
1754557200000,3720.25,3732.88,3713.28,3730.12,140161.009,1754560799999,521949395.03907,172298,79181.425,294926582.78472,0
1754560800000,3730.13,3825.58,3728.29,3819.33,880878.076,1754564399999,3337218406.83956,720558,498500.495,1887813031.10118,0
1754564400000,3819.33,3841.45,3805.00,3825.66,384786.305,1754567999999,1470656520.25517,320000,187745.168,717850101.64082,0
1754568000000,3825.67,3850.00,3821.99,3848.47,315753.966,1754571599999,1211583166.44206,301195,151394.647,581036229.18250,0
1754571600000,3848.48,3864.54,3825.00,3855.96,405931.718,1754575199999,1561261926.09765,372682,189778.008,730081727.50416,0
1754575200000,3855.96,3856.73,3802.57,3818.99,419429.540,1754578799999,1603936545.59212,446485,197809.586,756297240.33727,0
1754578800000,3818.99,3839.51,3813.33,3835.15,212780.362,1754582399999,814373792.96692,252924,106818.061,408823035.12177,0
1754582400000,3835.15,3842.50,3777.14,3813.18,402196.158,1754585999999,1532450091.85345,397239,182512.083,695439957.59171,0
1754586000000,3813.19,3833.00,3802.50,3827.91,169144.118,1754589599999,645711619.17014,237765,84200.780,321507038.14823,0
1754589600000,3827.89,3828.84,3805.85,3825.67,128596.847,1754593199999,490874301.25466,144427,64872.802,247641280.48020,0
1754593200000,3825.68,3875.00,3820.09,3865.48,303056.371,1754596799999,1167223959.03359,333484,169574.421,653178749.01125,0
1754596800000,3865.47,3881.00,3849.00,3872.39,192219.173,1754600399999,742672892.08580,218825,95299.557,368288378.42692,0
1754600400000,3872.40,3886.11,3855.99,3869.61,149343.091,1754603999999,577860414.91137,167718,75452.526,291963095.28288,0
1754604000000,3869.60,3926.38,3866.12,3915.13,337522.835,1754607599999,1315126011.32683,381997,190419.736,742116921.66041,0
1754607600000,3915.13,3916.47,3887.46,3908.40,187068.075,1754611199999,729587188.06086,229525,92189.234,359567343.23888,0
1754611200000,3908.40,3935.88,3880.00,3898.38,415509.481,1754614799999,1623357744.27533,518915,187743.387,733642330.24184,0
1754614800000,3898.38,3916.24,3876.70,3885.47,224694.806,1754618399999,875022650.27199,385773,96693.017,376599977.47494,0
1754618400000,3885.47,3904.16,3877.29,3892.00,129508.388,1754621999999,503914901.55162,170589,65298.188,254125461.47714,0
1754622000000,3892.00,3968.81,3890.58,3938.05,465967.807,1754625599999,1834705865.98131,411950,273880.163,1078337548.28950,0
1754625600000,3938.05,3938.40,3913.90,3919.33,162791.798,1754629199999,638854603.61226,188982,81657.988,320448331.53144,0
1754629200000,3919.33,3919.56,3892.96,3900.23,131856.826,1754632799999,514791382.09329,188106,60714.108,237031663.46881,0
1754632800000,3900.23,3918.88,3893.14,3913.20,117830.783,1754636399999,460590624.29823,168567,66884.789,261472541.96301,0
1754636400000,3913.20,3927.00,3898.69,3914.88,132249.597,1754639999999,517687165.87128,175571,67988.721,266186977.06583,0
1754640000000,3914.87,3926.89,3885.00,3897.20,189717.647,1754643599999,740120402.63290,237086,85497.457,333628923.01461,0
1754643600000,3897.21,3901.38,3883.11,3898.80,96503.518,1754647199999,375551618.77236,137844,47154.045,183539883.06773,0
1754647200000,3898.81,3907.48,3885.18,3895.94,84750.626,1754650799999,330243249.31447,115608,40703.809,158626480.10844,0
1754650800000,3895.94,3919.00,3895.52,3916.29,119115.455,1754654399999,465629921.75741,132799,66905.428,261556827.31814,0
1754654400000,3916.28,3916.29,3890.69,3890.86,114742.074,1754657999999,447758134.72050,146989,50282.731,196201684.71691,0
1754658000000,3890.85,4011.09,3890.06,3998.95,772097.916,1754661599999,3064405412.80111,677938,414431.463,1644082242.75961,0
1754661600000,3998.94,4005.00,3941.83,3983.41,752003.434,1754665199999,2984904668.76685,741918,361997.312,1436850536.16599,0
1754665200000,3983.42,3988.00,3925.00,3953.00,391003.828,1754668799999,1544765338.12945,479823,187791.968,741909931.68651,0
1754668800000,3953.00,3976.61,3949.41,3969.81,193206.020,1754672399999,765514942.23062,278617,92802.575,367757681.19943,0
1754672400000,3969.80,4034.00,3966.80,4031.83,510093.686,1754675999999,2043011218.89974,550827,270051.450,1081476467.65007,0
1754676000000,4031.84,4057.57,4029.04,4056.16,394279.073,1754679599999,1594668486.36381,434240,191749.909,775577075.08896,0
1754679600000,4056.17,4066.00,4030.05,4059.99,227382.881,1754683199999,920645256.72500,255725,109377.831,442869972.72565,0
1754683200000,4060.00,4070.00,4044.56,4056.82,157034.152,1754686799999,636779759.13465,190127,86094.488,349228520.87468,0
1754686800000,4056.81,4058.18,4037.15,4037.31,74166.265,1754690399999,300035495.15493,88049,32158.107,130109250.02264,0
1754690400000,4037.31,4038.45,4016.50,4024.33,178103.621,1754693999999,717404355.90117,168812,78628.838,316775140.77471,0
1754694000000,4024.34,4031.63,4005.52,4009.05,110733.175,1754697599999,444724380.35692,123850,49869.342,200310932.60063,0
1754697600000,4009.04,4025.38,4005.02,4016.08,101798.363,1754701199999,408701596.45670,130692,53303.456,214021684.96433,0
1754701200000,4016.08,4035.79,4009.11,4031.59,104937.087,1754704799999,422329483.64870,123551,63108.241,253995834.57824,0
1754704800000,4031.59,4037.46,4021.93,4030.66,78128.482,1754708399999,314861435.15790,100116,36833.010,148463534.33094,0
1754708400000,4030.66,4050.91,4023.30,4049.33,178031.455,1754711999999,718960487.55950,176276,87662.596,354122099.32445,0
1754712000000,4049.34,4101.39,4043.26,4079.43,390095.220,1754715599999,1590853324.50873,376396,200095.362,816005286.12741,0
1754715600000,4079.42,4220.00,4074.23,4180.74,1071142.138,1754719199999,4459974671.48038,922718,563175.825,2343660420.39578,0
1754719200000,4180.74,4182.78,4141.17,4161.36,327915.826,1754722799999,1364474528.93540,318681,149359.352,621659365.60041,0
1754722800000,4161.36,4176.14,4155.32,4169.70,129092.699,1754726399999,537782992.23038,153003,66364.251,276481899.02200,0
1754726400000,4169.71,4202.76,4164.38,4188.75,240358.475,1754729999999,1005297208.40578,259808,124296.210,519966238.29470,0
1754730000000,4188.75,4248.87,4172.23,4217.99,345156.593,1754733599999,1452580454.95036,383800,185326.615,780083453.67985,0
1754733600000,4217.98,4246.65,4211.01,4216.13,359290.060,1754737199999,1518547407.59467,368821,178535.319,754659708.41502,0
1754737200000,4216.13,4216.97,4182.00,4189.39,241248.688,1754740799999,1013458683.09826,257742,104149.978,437588883.81795,0
1754740800000,4189.39,4206.97,4181.00,4195.41,172611.974,1754744399999,723960003.06657,197665,87890.326,368681764.43769,0
1754744400000,4195.40,4198.56,4162.60,4164.83,265945.817,1754747999999,1111205880.78528,290536,118386.109,494707453.45051,0
1754748000000,4164.82,4197.58,4152.57,4195.48,239079.990,1754751599999,999187365.51085,248703,126158.046,527359732.75326,0
1754751600000,4195.48,4225.50,4170.00,4207.51,360640.103,1754755199999,1515297603.89090,455032,180659.042,759311020.88212,0
1754755200000,4207.52,4224.92,4191.00,4206.00,186270.740,1754758799999,784135097.01900,243535,80318.194,338191359.00513,0
1754758800000,4206.01,4238.43,4198.50,4233.28,166067.986,1754762399999,701257666.91059,212696,84241.126,355855507.76942,0
1754762400000,4233.27,4257.37,4218.58,4240.60,190908.579,1754765999999,808976620.83057,255612,100027.747,423983744.36054,0
1754766000000,4240.60,4271.10,4235.07,4256.64,176751.191,1754769599999,751757157.31181,249434,92657.074,394160201.08908,0
1754769600000,4256.64,4293.26,4254.84,4289.34,327529.337,1754773199999,1399886344.93449,353536,168865.439,721838097.65787,0
1754773200000,4289.35,4298.48,4260.12,4276.23,269560.184,1754776799999,1153476618.84098,304967,127032.131,543710818.36275,0
1754776800000,4276.22,4325.24,4238.74,4262.55,444793.235,1754780399999,1906165968.15235,470676,217340.955,931900763.45863,0
1754780400000,4262.55,4273.63,4245.91,4259.10,180678.508,1754783999999,769483678.05867,201180,97274.066,414410107.82486,0
1754784000000,4259.11,4331.99,4245.69,4309.45,262979.231,1754787599999,1128824434.93719,316787,138251.385,593601447.58914,0
1754787600000,4309.44,4321.80,4285.85,4299.28,234311.584,1754791199999,1008273359.29395,325257,106391.403,457883846.49838,0
1754791200000,4299.29,4303.38,4245.30,4245.30,323222.915,1754794799999,1378620015.70471,358268,129075.559,550535659.02138,0
1754794800000,4245.31,4256.72,4205.00,4241.14,466498.404,1754798399999,1975051665.77201,480404,232086.321,982915912.07757,0
1754798400000,4241.14,4263.35,4225.23,4249.99,165413.539,1754801999999,702489065.37466,222786,87759.538,372764591.39391,0
1754802000000,4249.99,4249.99,4211.73,4219.14,182543.598,1754805599999,771840824.39903,252323,74079.002,313303987.42541,0
1754805600000,4219.15,4235.45,4202.00,4223.97,216446.356,1754809199999,912924749.85997,258252,103135.233,435191243.82724,0
1754809200000,4223.98,4232.86,4175.51,4184.36,306833.731,1754812799999,1286466599.41897,329087,127104.644,532841624.19965,0
1754812800000,4184.36,4219.00,4161.02,4208.69,300296.180,1754816399999,1258310832.44029,353555,142264.278,596449362.55324,0
1754816400000,4208.69,4230.00,4208.69,4223.99,111835.520,1754819999999,471933725.15644,155467,57160.124,241231741.13830,0
1754820000000,4223.99,4232.00,4190.67,4196.82,184703.765,1754823599999,777513933.13038,225788,79113.427,333087367.35979,0
1754823600000,4196.81,4220.10,4174.55,4179.11,216712.876,1754827199999,909360562.22082,242100,106121.025,445418756.42409,0
1754827200000,4179.11,4200.00,4172.04,4199.13,189507.138,1754830799999,793208110.79665,219014,116819.459,488989499.57403,0
1754830800000,4199.13,4203.92,4164.00,4166.01,157694.888,1754834399999,659659865.45428,233735,66152.845,276766749.30340,0
1754834400000,4166.01,4225.00,4160.00,4217.58,263745.492,1754837999999,1107446870.51765,342177,142361.054,597854250.05810,0
1754838000000,4217.57,4237.87,4208.00,4216.12,159751.647,1754841599999,674119475.62812,261424,77780.995,328315552.52591,0
1754841600000,4216.11,4240.00,4212.75,4232.22,112403.924,1754845199999,475308656.41360,161831,61411.128,259729995.42566,0
1754845200000,4232.21,4247.32,4222.27,4222.90,92447.201,1754848799999,391315043.13621,147385,45379.086,192146695.77271,0
1754848800000,4222.91,4235.42,4216.01,4234.32,70404.288,1754852399999,297371335.09961,113590,32809.063,138597876.50923,0
1754852400000,4234.32,4257.96,4228.80,4247.20,110529.795,1754855999999,469335222.92325,141883,63757.443,270743869.28519,0
1754856000000,4247.20,4249.14,4206.63,4214.77,191945.554,1754859599999,810992737.65183,221940,81737.586,345289870.24929,0
1754859600000,4214.78,4221.70,4184.05,4221.68,181894.874,1754863199999,764227181.33818,250216,81808.001,343763503.93664,0
1754863200000,4221.67,4249.00,4203.00,4248.91,126883.469,1754866799999,536097129.49516,191443,65405.375,276428146.78391,0
1754866800000,4248.91,4252.82,4225.76,4248.77,116118.682,1754870399999,492774356.47321,181693,54344.821,230655600.21832,0
1754870400000,4248.77,4284.70,4236.36,4260.58,247527.612,1754873999999,1055243254.46127,336282,117876.611,502649989.31190,0
1754874000000,4260.58,4320.57,4258.44,4302.04,351115.724,1754877599999,1509779459.46110,452987,186678.606,802755259.50031,0
1754877600000,4302.04,4346.00,4291.96,4307.12,414102.816,1754881199999,1787063284.46401,514380,210757.767,909654681.36656,0
1754881200000,4307.13,4310.77,4282.00,4307.77,201671.618,1754884799999,866472872.59411,296394,97210.231,417694703.79736,0
1754884800000,4307.78,4349.67,4303.32,4318.06,266205.872,1754888399999,1152162360.49275,342224,139794.550,604978384.46416,0
1754888400000,4318.07,4330.00,4288.77,4304.34,170566.288,1754891999999,734765900.05693,214218,76355.223,329032114.24793,0
1754892000000,4304.33,4310.67,4293.25,4297.05,95749.831,1754895599999,411837212.03219,162636,44845.065,192920222.64019,0
1754895600000,4297.05,4302.30,4263.92,4272.93,205638.355,1754899199999,880115211.03191,285588,88123.311,377125156.79553,0
1754899200000,4272.93,4284.30,4252.70,4280.56,218317.247,1754902799999,932135799.14974,279470,116077.944,495678983.42696,0
1754902800000,4280.56,4282.76,4258.75,4264.96,105187.844,1754906399999,449195274.32424,159978,45325.334,193559346.49053,0
1754906400000,4264.96,4267.81,4208.31,4235.26,310115.070,1754909999999,1316434271.93921,335439,125838.536,534471811.08649,0
1754910000000,4235.27,4238.88,4168.03,4183.51,460221.931,1754913599999,1933608898.93833,515856,208095.258,874597554.82157,0
1754913600000,4183.51,4194.87,4164.23,4182.22,333301.952,1754917199999,1393599238.54132,397286,173015.021,723595786.05047,0
1754917200000,4182.22,4305.61,4168.55,4278.56,847473.620,1754920799999,3596067740.24473,858124,444407.627,1884319523.28436,0
1754920800000,4278.56,4320.00,4261.62,4276.25,579499.895,1754924399999,2484822881.78814,696802,273534.117,1172994564.93077,0
1754924400000,4276.28,4331.50,4256.61,4328.88,378696.305,1754927999999,1627256118.07697,527840,197358.274,848624653.06944,0
1754928000000,4328.88,4370.00,4310.74,4310.91,602692.951,1754931599999,2616274221.83513,692789,282915.100,1228424191.14249,0
1754931600000,4310.91,4320.93,4280.87,4292.29,291321.147,1754935199999,1252365991.92234,417727,133077.654,572207263.44254,0
1754935200000,4292.28,4306.96,4265.00,4293.35,224393.225,1754938799999,962016093.14776,347054,106111.426,454944735.82705,0
1754938800000,4293.36,4307.50,4232.00,4257.53,257019.732,1754942399999,1096772848.63002,358947,118889.686,507561844.22715,0
1754942400000,4257.53,4257.53,4219.38,4241.30,210990.269,1754945999999,894794005.87343,300221,99787.105,423180884.51075,0
1754946000000,4241.28,4254.00,4185.60,4218.00,226180.291,1754949599999,953338206.11580,297035,102201.534,430826634.45927,0
1754949600000,4218.00,4223.88,4188.00,4218.45,160108.311,1754953199999,673559690.40921,254388,82247.067,346069262.44802,0
1754953200000,4218.44,4234.00,4212.33,4221.31,122540.439,1754956799999,517779339.66986,182368,64770.205,273703299.16855,0
1754956800000,4221.31,4282.59,4216.61,4272.00,235738.369,1754960399999,1001235752.32914,292139,141078.915,599349002.59703,0
1754960400000,4272.00,4290.65,4256.51,4268.83,174036.297,1754963999999,743905773.79706,220475,87385.240,373527116.34538,0
1754964000000,4268.83,4309.82,4260.43,4290.03,183093.618,1754967599999,785411002.29277,228226,84944.024,364502108.43731,0
1754967600000,4290.03,4303.30,4272.98,4284.20,142216.248,1754971199999,609625903.88550,169895,62224.796,266770035.31927,0
1754971200000,4284.20,4320.63,4278.21,4309.32,153100.388,1754974799999,659188846.77851,183803,78906.419,339792023.28897,0
1754974800000,4309.32,4309.32,4266.00,4283.74,229267.451,1754978399999,982666062.17641,233666,95267.255,408276315.59414,0
1754978400000,4283.75,4311.51,4271.00,4289.15,173784.973,1754981999999,746081619.21680,205208,94487.583,405759791.72660,0
1754982000000,4289.16,4318.00,4289.16,4314.23,152963.413,1754985599999,659217339.90523,172619,81619.307,351732099.77804,0
1754985600000,4314.23,4332.74,4294.01,4309.49,212235.497,1754989199999,915359104.43694,240193,106334.230,458738709.02373,0
1754989200000,4309.49,4316.00,4284.81,4286.85,170548.210,1754992799999,732852307.89451,190841,77364.557,332453621.18287,0
1754992800000,4286.84,4298.00,4272.79,4276.36,162718.758,1754996399999,697102241.15311,195116,77370.036,331504440.75631,0
1754996400000,4276.35,4296.50,4255.56,4289.35,220190.185,1754999999999,940965343.53325,219508,106069.812,453410408.08316,0
1755000000000,4289.35,4428.39,4276.10,4404.92,1112662.476,1755003599999,4860721739.54957,969485,580586.427,2535467810.10733,0
1755003600000,4404.92,4434.00,4350.51,4381.42,905860.683,1755007199999,3977534717.15522,839610,418263.903,1836943898.39021,0
1755007200000,4381.43,4423.39,4373.69,4413.50,379527.903,1755010799999,1669628330.41642,429387,190003.580,835992136.15440,0
1755010800000,4413.50,4482.30,4412.44,4470.98,633773.433,1755014399999,2815823516.15234,572792,374316.881,1663498653.70522,0
1755014400000,4470.98,4488.00,4438.00,4463.87,539320.475,1755017999999,2406795230.28248,488359,233077.905,1040555995.54385,0
1755018000000,4463.87,4505.00,4461.44,4498.55,515825.070,1755021599999,2314070116.92857,506053,256924.268,1152604022.72040,0
1755021600000,4498.55,4519.00,4475.46,4488.92,354299.459,1755025199999,1593452867.75935,377492,170453.439,766819720.15128,0
1755025200000,4488.93,4517.53,4480.65,4515.17,186885.122,1755028799999,841085822.28590,225493,87312.753,392949852.80391,0
1755028800000,4515.18,4640.00,4501.45,4620.25,912523.351,1755032399999,4184229221.68364,842885,546080.733,2503309270.48994,0
1755032400000,4620.25,4620.25,4577.64,4585.45,290688.239,1755035999999,1336882846.66929,346461,142770.928,656592266.58117,0
1755036000000,4585.45,4591.02,4561.08,4575.49,200805.714,1755039599999,918340947.64505,267866,95630.652,437400988.59453,0
1755039600000,4575.48,4615.82,4572.31,4589.31,236651.831,1755043199999,1087757794.90846,263845,115263.021,529864488.16237,0
1755043200000,4589.31,4638.56,4582.42,4612.83,269439.689,1755046799999,1243740315.10146,330677,136129.660,628492329.06273,0
1755046800000,4612.83,4617.37,4562.59,4583.61,301331.673,1755050399999,1381017127.28883,357657,133199.591,610321269.96203,0
1755050400000,4583.61,4627.56,4569.00,4622.01,203958.335,1755053999999,938538854.69603,277465,114227.197,525670247.53512,0
1755054000000,4622.01,4656.62,4606.02,4645.39,314514.848,1755057599999,1456944450.57578,394880,162322.022,752078343.82727,0
1755057600000,4645.40,4682.00,4644.00,4672.01,352345.264,1755061199999,1644170129.80266,439831,173048.893,807590454.04283,0
1755061200000,4672.02,4673.69,4620.57,4630.73,261831.599,1755064799999,1216179152.99544,298507,109014.156,506387609.64600,0
1755064800000,4630.73,4649.12,4605.90,4621.52,232457.054,1755068399999,1075321245.32868,280707,109214.742,505357795.74544,0
1755068400000,4621.52,4631.40,4609.29,4624.29,129652.962,1755071999999,599259947.56599,192330,64730.573,299199621.55672,0
1755072000000,4624.29,4638.00,4607.00,4623.98,168884.341,1755075599999,780872261.41710,221371,88760.042,410530387.91384,0
1755075600000,4623.98,4714.50,4621.14,4706.81,429469.448,1755079199999,2004937617.61399,412897,250277.108,1168468403.72322,0
1755079200000,4706.80,4716.00,4687.00,4693.61,283331.050,1755082799999,1330827167.67331,325505,136216.122,639867625.53702,0
1755082800000,4693.60,4707.09,4668.00,4689.37,234230.991,1755086399999,1097233331.84053,241133,110884.911,519527029.12803,0
1755086400000,4689.38,4722.50,4674.00,4684.87,412494.738,1755089999999,1938742457.44517,365289,211641.042,994760347.91136,0
1755090000000,4684.87,4736.76,4640.99,4670.01,757095.822,1755093599999,3553713561.88711,699270,372997.510,1751629322.32391,0
1755093600000,4670.01,4704.55,4632.85,4647.62,672860.770,1755097199999,3140187093.69361,724937,318876.167,1488594078.51785,0
1755097200000,4647.62,4674.00,4613.11,4664.79,412258.894,1755100799999,1914668761.14558,486198,194840.997,905197294.06451,0
1755100800000,4664.79,4738.78,4660.82,4700.05,479191.760,1755104399999,2254117662.71082,528229,235602.169,1108153913.95185,0
1755104400000,4700.05,4736.70,4696.37,4725.52,277540.294,1755107999999,1309368088.13168,334651,136840.089,645639860.03467,0
1755108000000,4725.53,4752.54,4687.82,4714.87,368120.415,1755111599999,1738142152.50075,402887,173026.067,817246305.48349,0
1755111600000,4714.87,4750.00,4707.56,4738.72,295384.093,1755115199999,1396750299.12983,312377,150555.756,711864527.58229,0
1755115200000,4738.73,4742.38,4694.55,4716.60,165966.283,1755118799999,783019409.12663,213609,77475.833,365556999.15757,0
1755118800000,4716.60,4778.87,4712.50,4720.41,342477.220,1755122399999,1626418076.68924,389742,174803.962,830315235.57142,0
1755122400000,4720.40,4783.48,4703.93,4732.20,340797.686,1755125999999,1617779930.37168,390613,165895.107,787533431.57222,0
1755126000000,4732.20,4783.62,4731.13,4748.37,254397.256,1755129599999,1209354569.44654,324101,120048.910,570643766.70194,0
1755129600000,4748.36,4764.74,4709.53,4714.80,346475.789,1755133199999,1640109842.67882,449882,179174.787,848279762.49425,0
1755133200000,4714.79,4748.00,4706.00,4719.04,174752.527,1755136799999,825809438.12449,277559,89479.165,422744943.09199,0
1755136800000,4719.03,4769.00,4716.58,4749.89,201521.097,1755140399999,956917327.51055,262022,103444.296,491190158.50492,0
1755140400000,4749.89,4781.60,4740.32,4774.86,206508.860,1755143999999,983793705.73472,234285,104997.739,500156694.07169,0
1755144000000,4774.85,4788.78,4751.68,4759.46,209428.082,1755147599999,999170845.43323,231149,90961.900,434038991.40277,0
1755147600000,4759.45,4772.62,4724.10,4732.01,215495.001,1755151199999,1021714464.82445,239527,103650.617,491483475.90510,0
1755151200000,4732.01,4794.00,4717.00,4777.00,385735.944,1755154799999,1835250052.20048,403419,177836.213,846049769.42366,0
1755154800000,4777.01,4777.01,4730.30,4748.99,297585.401,1755158399999,1412302655.04253,292083,142072.651,674004268.61483,0
1755158400000,4748.99,4750.18,4720.23,4726.80,160282.073,1755161999999,758323572.49562,215677,72920.889,345015589.62260,0
1755162000000,4726.80,4763.31,4718.96,4758.25,175362.488,1755165599999,832133404.41598,197066,92054.553,436808463.03143,0
1755165600000,4758.26,4767.00,4669.00,4707.79,530943.405,1755169199999,2501614577.90376,435109,226805.841,1068520350.37501,0
1755169200000,4707.78,4723.00,4692.37,4719.00,245496.990,1755172799999,1156003203.18195,244969,120496.755,567352651.65301,0
1755172800000,4718.99,4736.99,4496.00,4568.49,1580626.283,1755176399999,7291451085.46853,1311048,701592.113,3238263086.53184,0
1755176400000,4568.48,4637.86,4455.00,4611.24,1605155.324,1755179999999,7308327177.27487,1490046,803578.273,3660095372.53462,0
1755180000000,4611.26,4703.27,4578.76,4669.37,785718.588,1755183599999,3654426141.96236,896664,383785.696,1785652815.95823,0
1755183600000,4669.37,4685.53,4586.20,4617.61,669581.423,1755187199999,3096711009.26976,780507,316675.215,1464816616.92761,0
1755187200000,4617.61,4623.22,4513.94,4544.80,801830.757,1755190799999,3651325560.75337,803783,392791.584,1788788586.72372,0
1755190800000,4544.80,4562.43,4505.04,4547.84,320082.650,1755194399999,1451828731.49089,449961,165967.755,752909836.06052,0
1755194400000,4547.85,4557.75,4478.80,4537.04,397146.446,1755197999999,1795129221.36354,463630,184304.111,833455063.24031,0
1755198000000,4537.04,4572.46,4531.96,4536.06,174574.863,1755201599999,794898212.73970,255448,90856.829,413743075.64853,0
1755201600000,4536.07,4544.63,4504.15,4532.03,193805.120,1755205199999,877077593.02248,314032,98341.374,445094076.65298,0
1755205200000,4532.03,4542.60,4451.00,4476.20,345940.781,1755208799999,1551722042.06132,457130,159036.760,713480194.93516,0
1755208800000,4476.19,4531.60,4456.20,4530.45,208930.197,1755212399999,940581026.18657,288607,110496.827,497549295.93494,0
1755212400000,4530.44,4570.79,4527.74,4545.26,209579.581,1755215999999,954050060.32875,239426,111722.225,508610261.08702,0
1755216000000,4545.26,4590.00,4535.27,4560.85,240656.367,1755219599999,1097998038.46292,310168,127352.364,581191860.23246,0
1755219600000,4560.85,4610.00,4553.10,4602.05,244451.409,1755223199999,1121532797.99123,299724,129971.100,596384078.99757,0
1755223200000,4602.06,4642.00,4594.00,4619.85,210170.209,1755226799999,971264799.83963,255072,107946.737,498935136.95734,0
1755226800000,4619.86,4647.99,4611.06,4632.63,163280.952,1755230399999,756387960.13412,226831,82048.499,380159366.76374,0
1755230400000,4632.63,4645.68,4612.00,4623.50,142062.213,1755233999999,657267474.95466,188773,68061.084,314956054.34435,0
1755234000000,4623.50,4630.88,4603.45,4617.11,117838.309,1755237599999,543603047.95495,161754,54091.206,249544686.44885,0
1755237600000,4617.10,4661.63,4616.35,4645.54,201540.885,1755241199999,935581871.97801,266507,106996.576,496751924.85224,0
1755241200000,4645.55,4652.17,4624.74,4639.46,141298.074,1755244799999,655323049.38801,205664,67390.980,312573486.35258,0
1755244800000,4639.46,4666.00,4631.38,4639.43,138733.868,1755248399999,644657644.20310,182603,69607.313,323477058.78593,0
1755248400000,4639.43,4651.51,4610.65,4622.70,182977.041,1755251999999,846800911.05330,204100,78350.640,362689566.62884,0
1755252000000,4622.70,4647.74,4622.43,4634.77,112669.973,1755255599999,522448479.83498,155646,56116.405,260184458.97460,0
1755255600000,4634.77,4646.00,4621.33,4632.40,114713.291,1755259199999,531606995.73344,156677,53398.171,247442128.95244,0
1755259200000,4632.41,4670.23,4583.00,4626.60,432818.717,1755262799999,2004559351.85992,475629,204958.662,949809036.44184,0
1755262800000,4626.58,4629.36,4532.00,4538.39,599475.929,1755266399999,2745225826.23768,639840,275295.614,1260850342.53218,0
1755266400000,4538.71,4577.23,4472.52,4491.75,833910.280,1755269999999,3775002966.57993,809824,402329.718,1822224800.72481,0
1755270000000,4491.75,4498.52,4392.53,4428.72,1024366.441,1755273599999,4554208251.71852,999780,482553.656,2146052880.16833,0
1755273600000,4428.72,4432.60,4371.23,4413.46,690536.423,1755277199999,3036833315.60277,719282,342461.229,1506372754.07935,0
1755277200000,4413.46,4463.09,4371.00,4437.02,493045.779,1755280799999,2179847297.19930,538126,251763.958,1113612174.20872,0
1755280800000,4437.02,4453.56,4376.22,4394.37,295466.781,1755284399999,1303583232.05616,381298,131376.582,579811324.05292,0
1755284400000,4394.36,4424.95,4372.89,4381.05,236258.977,1755287999999,1038236738.66521,332931,116318.289,511326617.92745,0
1755288000000,4381.05,4431.70,4364.00,4423.77,196445.888,1755291599999,864867842.29581,290877,97874.322,431038361.25451,0
1755291600000,4423.77,4428.97,4390.00,4427.01,130913.488,1755295199999,577626240.87640,203509,65496.465,289017555.75468,0
1755295200000,4427.01,4476.99,4410.06,4473.01,193923.419,1755298799999,861872195.83774,262131,110817.535,492623299.29647,0
1755298800000,4473.01,4489.30,4407.01,4437.16,282778.428,1755302399999,1256396021.07370,360186,139619.795,620624835.62917,0
1755302400000,4437.15,4482.24,4429.41,4474.24,223564.449,1755305999999,996944599.15182,281352,99226.778,442519550.09263,0
1755306000000,4474.25,4488.33,4450.00,4485.55,185072.093,1755309599999,827305070.85653,214978,92327.872,412823139.38205,0
1755309600000,4485.54,4485.55,4430.00,4442.79,159179.585,1755313199999,709613199.59252,224545,62135.273,276988397.77008,0
1755313200000,4442.80,4455.45,4422.16,4430.97,101976.454,1755316799999,452747442.42276,157401,46119.525,204821224.93432,0
1755316800000,4430.97,4455.83,4427.50,4452.21,77259.486,1755320399999,343220143.92206,129866,44337.768,196983523.05348,0
1755320400000,4452.22,4452.99,4416.50,4419.68,94947.361,1755323999999,420553043.82733,149820,39940.175,176920602.37196,0
1755324000000,4419.68,4431.71,4407.00,4417.00,108566.104,1755327599999,479729224.12368,162691,52721.593,233000819.97909,0
1755327600000,4417.01,4462.24,4417.00,4449.48,150378.499,1755331199999,668158837.33080,200346,81774.631,363299485.07310,0
1755331200000,4449.48,4457.44,4437.00,4440.80,93299.371,1755334799999,414785211.55510,138285,50857.973,226133566.04970,0
1755334800000,4440.80,4457.00,4388.00,4395.41,239972.421,1755338399999,1062079393.28761,222044,101002.290,447025728.49680,0
1755338400000,4395.93,4412.78,4370.00,4402.03,354217.677,1755341999999,1556279077.82471,382320,154929.309,680818798.01273,0
1755342000000,4402.03,4423.36,4383.10,4385.89,191167.639,1755345599999,841738918.00633,200505,80179.258,353191747.16774,0
1755345600000,4385.90,4410.55,4373.00,4408.00,202800.108,1755349199999,890469524.20506,272500,107594.492,472552933.39233,0
1755349200000,4408.00,4426.74,4382.10,4391.95,198092.189,1755352799999,873105583.87413,251910,96950.358,427358530.64981,0
1755352800000,4391.95,4417.15,4385.67,4411.30,120471.653,1755356399999,530229074.26274,182007,63558.295,279772990.07884,0
1755356400000,4411.30,4417.27,4384.84,4398.00,118820.173,1755359999999,522916478.58907,186285,53431.695,235099408.81383,0
1755360000000,4398.00,4414.86,4394.35,4405.90,82795.054,1755363599999,364664184.15388,134073,40875.867,180035325.31473,0
1755363600000,4405.91,4407.28,4388.00,4402.76,62271.143,1755367199999,273817783.51188,104686,30110.373,132404346.87589,0
1755367200000,4402.75,4420.50,4396.63,4407.99,80085.222,1755370799999,353214158.73531,113857,45609.913,201193479.77289,0
1755370800000,4407.99,4440.00,4406.48,4416.30,109115.555,1755374399999,482760526.30341,142547,58953.980,260833756.12055,0
1755374400000,4416.30,4436.24,4408.00,4429.78,64700.036,1755377999999,286331051.22138,113539,33569.386,148547215.01121,0
1755378000000,4429.79,4430.00,4403.91,4406.41,44171.195,1755381599999,195163713.31925,75202,20566.077,90893562.12364,0
1755381600000,4406.41,4433.00,4400.00,4424.76,68252.607,1755385199999,301617963.50287,109418,36613.817,161814781.69291,0
1755385200000,4424.76,4428.86,4408.05,4420.22,55778.774,1755388799999,246385585.46237,83516,26603.264,117505188.29815,0
1755388800000,4420.22,4425.74,4407.54,4410.97,56014.878,1755392399999,247350002.23240,96358,27332.543,120700425.10536,0
1755392400000,4410.96,4419.25,4392.45,4404.19,128216.173,1755395999999,564634746.44389,167620,53826.954,237015729.65335,0
1755396000000,4404.19,4432.38,4396.07,4432.07,98609.201,1755399599999,435385964.37328,127697,52803.251,233211135.02550,0
1755399600000,4432.07,4456.72,4425.96,4450.43,152485.526,1755403199999,677395049.33977,186020,86412.312,383930873.75485,0
1755403200000,4450.44,4487.00,4449.58,4481.14,209333.771,1755406799999,935589897.98195,234932,116023.344,518550937.36466,0
1755406800000,4481.15,4488.82,4465.37,4468.47,127233.422,1755410399999,569575876.27747,168230,59664.024,267133341.98547,0
1755410400000,4468.48,4481.86,4453.21,4455.32,122165.577,1755413999999,545549775.21609,150054,51916.685,231860760.54092,0
1755414000000,4455.32,4470.73,4441.41,4465.00,119217.535,1755417599999,531600179.57690,140285,60621.588,270361619.87758,0
1755417600000,4464.99,4536.35,4456.63,4533.15,307050.748,1755421199999,1383078605.31702,311174,180479.386,813034265.83551,0
1755421200000,4533.15,4557.66,4525.66,4540.90,367941.618,1755424799999,1671298895.96816,424324,187241.632,850589623.32114,0
1755424800000,4540.90,4574.95,4527.00,4566.27,195076.227,1755428399999,887522552.55011,220934,105210.343,478831901.53363,0
1755428400000,4566.27,4567.01,4545.13,4549.58,128272.434,1755431999999,584287179.42592,159071,48920.321,222858011.62912,0
1755432000000,4549.59,4551.81,4532.47,4540.00,108607.404,1755435599999,493179162.47219,142715,48918.625,222139542.00968,0
1755435600000,4540.00,4548.50,4516.00,4533.86,203812.166,1755439199999,923603282.25160,213567,96283.957,436376624.19732,0
1755439200000,4533.86,4558.37,4530.01,4551.33,126554.183,1755442799999,575133844.81579,159670,68425.341,311005609.59449,0
1755442800000,4551.33,4563.66,4542.37,4559.58,105183.408,1755446399999,479128013.72732,148141,51004.349,232360080.20068,0
1755446400000,4559.58,4564.59,4501.00,4515.39,298017.542,1755449999999,1350382529.07663,337510,119163.357,539982452.18046,0
1755450000000,4515.39,4531.95,4502.01,4521.65,124452.210,1755453599999,562371244.32754,160280,62945.702,284449183.81979,0
1755453600000,4521.65,4530.70,4417.17,4466.67,355147.208,1755457199999,1586224887.75249,330759,147196.025,657228831.53905,0
1755457200000,4466.67,4481.70,4443.38,4457.55,246329.165,1755460799999,1099471217.59051,291951,116358.561,519462629.25425,0
1755460800000,4457.55,4476.78,4454.44,4465.44,88586.379,1755464399999,395784654.29985,122790,48000.367,214433072.85244,0
1755464400000,4465.45,4483.87,4460.02,4472.62,57785.253,1755467999999,258366524.33697,94364,28173.029,125969951.99536,0
1755468000000,4472.61,4532.15,4470.00,4520.07,213135.232,1755471599999,960645906.14225,275264,118393.188,533546160.34747,0
1755471600000,4520.07,4521.33,4463.98,4470.66,206901.916,1755475199999,928668018.90716,251289,94093.551,422344021.57955,0
1755475200000,4470.66,4480.00,4435.00,4461.11,244874.763,1755478799999,1091468724.34859,334370,122115.757,544481470.25883,0
1755478800000,4461.12,4467.26,4380.00,4394.70,418008.016,1755482399999,1845559496.51378,532239,176527.403,779567644.90369,0
1755482400000,4394.71,4400.46,4306.00,4318.72,860715.200,1755485999999,3749017827.61839,834196,395650.378,1723892699.84460,0
1755486000000,4318.72,4335.30,4277.00,4318.43,559411.971,1755489599999,2409860328.11688,568421,277750.416,1196924209.10400,0
1755489600000,4318.43,4340.10,4300.56,4335.00,293115.415,1755493199999,1267240786.83245,260821,172356.732,745237506.67527,0
1755493200000,4335.00,4346.00,4257.66,4311.74,431206.457,1755496799999,1854369198.30587,410543,204995.641,881903910.70151,0
1755496800000,4311.75,4311.75,4228.00,4251.57,567963.368,1755500399999,2418641775.76196,598723,258408.993,1100585337.97949,0
1755500400000,4251.56,4272.60,4235.03,4255.03,259835.700,1755503999999,1105611737.05668,339548,131759.676,560688829.87346,0
1755504000000,4255.03,4284.99,4248.66,4257.39,231420.624,1755507599999,987806551.36910,294047,108486.699,463160217.79768,0
1755507600000,4257.40,4322.00,4224.10,4291.26,681016.499,1755511199999,2911133188.30169,670707,366898.076,1568629575.92180,0
1755511200000,4291.26,4308.34,4256.75,4263.00,301079.440,1755514799999,1289104594.30931,333363,134049.224,574162123.70181,0
1755514800000,4262.99,4277.28,4251.01,4272.91,168796.965,1755518399999,719955510.53990,207351,90136.423,384515589.57710,0
1755518400000,4272.90,4343.16,4269.14,4341.62,348645.952,1755521999999,1504346004.92934,376739,188819.638,814737031.44909,0
1755522000000,4341.62,4368.01,4281.38,4285.20,568017.447,1755525599999,2460553039.08753,652596,263786.435,1143637409.54698,0
1755525600000,4285.20,4332.58,4271.46,4331.48,494398.816,1755529199999,2127017320.34670,601242,252674.421,1087206797.05597,0
1755529200000,4331.47,4345.68,4294.26,4343.22,252742.081,1755532799999,1092415872.44086,379492,130714.320,565088730.90370,0
1755532800000,4343.23,4358.86,4297.59,4318.15,299916.698,1755536399999,1297656998.29325,421947,144863.800,626820674.27986,0
1755536400000,4318.16,4380.00,4311.16,4341.36,268275.526,1755539999999,1167908149.06789,384199,129449.480,563641741.57812,0
1755540000000,4341.35,4371.47,4325.00,4365.57,164098.604,1755543599999,713075106.44531,238143,84478.460,367153511.18752,0
1755543600000,4365.57,4383.67,4343.32,4353.36,195412.834,1755547199999,852465707.20644,245613,98145.352,428267051.98132,0
1755547200000,4353.37,4366.70,4314.45,4330.38,144774.901,1755550799999,628361779.24735,229320,68271.249,296361096.96524,0
1755550800000,4330.36,4361.54,4323.48,4351.40,123200.409,1755554399999,535016401.37731,178427,61994.246,269300014.27545,0
1755554400000,4351.41,4386.21,4337.60,4338.69,179982.438,1755557999999,785958631.89210,275924,87701.550,383001372.32042,0
1755558000000,4338.69,4349.11,4302.36,4311.73,176075.635,1755561599999,761232222.24081,225596,84983.606,367493720.45577,0
1755561600000,4311.72,4341.47,4265.00,4340.64,339919.966,1755565199999,1461366378.53040,428113,172579.830,742270945.36623,0
1755565200000,4340.63,4354.22,4285.01,4294.09,250571.275,1755568799999,1083422937.70397,338905,110634.140,478183957.71266,0
1755568800000,4294.09,4299.16,4279.87,4284.14,136728.200,1755572399999,586499067.83920,236561,70229.451,301293321.49832,0
1755572400000,4284.14,4290.30,4210.71,4217.43,516832.409,1755575999999,2191429464.84627,511894,215617.328,914255382.16388,0
1755576000000,4217.43,4233.85,4192.01,4233.30,404982.507,1755579599999,1705532414.59352,426155,198527.000,836373681.45094,0
1755579600000,4233.29,4248.93,4218.00,4228.88,189241.091,1755583199999,801458145.32798,248235,92401.150,391357190.75307,0
1755583200000,4228.88,4248.80,4223.04,4240.20,109236.466,1755586799999,462816585.60389,191188,55878.381,236769149.71190,0
1755586800000,4240.20,4244.00,4202.29,4232.61,188850.947,1755590399999,797505155.59638,249435,90845.266,383700595.34599,0
1755590400000,4232.61,4267.38,4216.31,4254.63,204047.431,1755593999999,865836542.82719,237331,107881.793,457951912.95178,0
1755594000000,4254.62,4305.18,4252.47,4280.00,304901.326,1755597599999,1304801975.27831,326409,167132.078,715245106.51107,0
1755597600000,4280.00,4300.45,4274.00,4284.58,140231.958,1755601199999,601099307.13759,200757,68825.235,295040664.07725,0
1755601200000,4284.57,4315.71,4284.57,4307.30,151872.510,1755604799999,653311598.93297,202788,77177.546,331985683.78368,0
1755604800000,4307.29,4313.74,4282.10,4304.03,161438.556,1755608399999,693953700.63354,202645,72174.382,310282195.34526,0
1755608400000,4304.04,4340.00,4262.77,4290.83,552978.629,1755611999999,2375959545.00489,573064,276793.120,1189810905.25422,0
1755612000000,4290.83,4305.11,4181.42,4190.24,829862.101,1755615599999,3501522514.60834,825177,402029.904,1696205308.16765,0
1755615600000,4190.25,4230.86,4167.00,4190.32,607375.012,1755619199999,2549281614.22552,610985,319914.696,1343031931.37340,0
1755619200000,4190.33,4205.29,4136.00,4141.19,550006.950,1755622799999,2292295338.69641,613613,242198.799,1009938834.56872,0
1755622800000,4141.19,4188.67,4131.61,4184.26,371096.384,1755626399999,1543044976.60726,439588,191250.640,795380796.56501,0
1755626400000,4184.27,4185.98,4120.00,4144.56,288697.730,1755629999999,1198540804.28304,349614,128416.625,533229084.08682,0
1755630000000,4144.56,4167.18,4112.36,4141.29,363990.501,1755633599999,1507254622.37821,457014,181157.710,750295473.95874,0
1755633600000,4141.28,4162.73,4114.18,4157.85,205865.655,1755637199999,852227113.00910,279476,103804.166,429707809.77543,0
1755637200000,4157.86,4164.03,4134.66,4152.24,118348.029,1755640799999,490950014.16650,163114,50383.062,209048752.06360,0
1755640800000,4152.24,4153.26,4117.32,4130.44,152745.644,1755644399999,631626019.33025,284902,77110.321,318855932.03452,0
1755644400000,4130.44,4134.47,4064.96,4073.94,501290.909,1755647999999,2053054878.39011,566484,186153.241,762779894.70235,0
1755648000000,4073.93,4114.00,4072.92,4102.72,336145.199,1755651599999,1376909229.58363,370557,191239.946,783488434.86240,0
1755651600000,4102.72,4121.15,4060.00,4108.79,382870.988,1755655199999,1567128099.20242,432457,188914.065,773276571.14727,0
1755655200000,4108.78,4140.73,4103.60,4135.00,218129.891,1755658799999,900143648.34878,278264,120005.732,495187022.63866,0
1755658800000,4135.00,4156.29,4126.32,4139.00,169262.707,1755662399999,701036900.14610,238587,82765.110,342815188.01900,0
1755662400000,4138.99,4179.95,4137.30,4168.11,200949.009,1755665999999,836182371.20341,241982,110534.918,460019929.53877,0
1755666000000,4168.11,4182.48,4152.69,4180.99,113851.088,1755669599999,474415738.30399,161851,58007.460,241785762.67181,0
1755669600000,4180.99,4186.94,4166.44,4180.00,146658.186,1755673199999,612827433.64799,195046,62347.280,260535788.25039,0
1755673200000,4180.00,4209.83,4180.00,4183.66,241342.414,1755676799999,1012442161.92628,259520,113295.461,475263471.62742,0
1755676800000,4183.66,4240.00,4176.90,4236.95,323037.767,1755680399999,1362140662.40314,340221,176834.613,745701293.61072,0
1755680400000,4236.96,4237.79,4215.75,4221.06,184440.931,1755683999999,779218679.93209,222841,78754.115,332735703.62950,0
1755684000000,4221.07,4232.01,4208.69,4225.29,142803.375,1755687599999,602445052.15868,180980,68564.250,289288377.63175,0
1755687600000,4225.29,4230.44,4146.24,4193.49,465018.953,1755691199999,1944856731.29740,442545,200444.870,838428981.24660,0
1755691200000,4193.48,4221.33,4173.81,4203.28,322148.306,1755694799999,1352559324.97772,410038,170170.663,714633470.44586,0
1755694800000,4203.28,4214.22,4126.30,4134.06,569937.173,1755698399999,2374442768.65872,702613,267705.445,1115754644.18350,0
1755698400000,4134.06,4234.66,4104.33,4211.67,804154.695,1755701999999,3351765040.37157,901824,413326.004,1723335168.10456,0
1755702000000,4211.67,4306.55,4204.00,4253.47,806268.744,1755705599999,3446114126.72176,867994,393063.434,1679490951.12821,0
1755705600000,4253.46,4326.99,4252.72,4299.77,492888.752,1755709199999,2119549259.33113,557860,258672.217,1112247102.90984,0
1755709200000,4299.76,4363.00,4295.95,4341.76,376726.526,1755712799999,1631238563.55684,471703,203840.611,882985404.21128,0
1755712800000,4341.76,4343.81,4261.00,4289.55,462619.941,1755716399999,1985650920.50733,535906,210235.810,902487784.83296,0
1755716400000,4289.56,4349.77,4284.08,4344.33,275008.954,1755719999999,1189474497.93838,370793,145525.248,629383991.42611,0
1755720000000,4344.32,4371.28,4329.37,4353.41,194642.965,1755723599999,846000935.13302,265153,101490.778,441248485.14857,0
1755723600000,4353.41,4365.00,4318.82,4340.00,191760.385,1755727199999,832378831.29465,226248,91464.223,397122405.75006,0
1755727200000,4340.00,4376.13,4335.00,4364.03,131117.297,1755730799999,570985597.57743,228175,63916.697,278403147.80554,0
1755730800000,4364.02,4365.46,4324.06,4334.50,118225.264,1755734399999,513107444.90275,167083,55308.460,240059822.22820,0
1755734400000,4334.50,4334.50,4305.41,4322.31,174611.537,1755737999999,754089508.60338,228552,86552.080,373798144.00956,0
1755738000000,4322.31,4335.62,4294.99,4329.72,132413.240,1755741599999,571247743.54913,216625,67480.505,291259444.97112,0
1755741600000,4329.71,4338.94,4275.64,4291.01,226116.720,1755745199999,971071600.49475,284663,101367.292,435451603.83093,0
1755745200000,4291.01,4331.74,4290.48,4293.49,175533.321,1755748799999,756486556.51840,247415,84366.609,363559442.00107,0
1755748800000,4293.48,4306.20,4282.28,4293.58,113162.329,1755752399999,485960891.35012,165239,57731.478,247980108.93223,0
1755752400000,4293.58,4319.71,4281.00,4316.00,117976.882,1755755999999,507460781.93387,162767,59114.069,254262800.37310,0
1755756000000,4316.00,4316.50,4281.67,4305.11,117623.060,1755759599999,505197119.41540,156573,57360.980,246327085.45693,0
1755759600000,4305.11,4311.47,4268.33,4309.16,155469.994,1755763199999,667464433.92691,210886,68364.198,293575353.48348,0
1755763200000,4309.16,4313.53,4283.24,4284.09,111818.851,1755766799999,480471157.04982,188558,60372.803,259404827.38745,0
1755766800000,4284.08,4290.49,4254.35,4275.54,273737.009,1755770399999,1169089692.75424,308332,121900.397,520700259.31551,0
1755770400000,4275.55,4304.86,4262.00,4290.00,160636.354,1755773999999,688482485.69367,219448,82937.588,355534296.69265,0
1755774000000,4289.99,4308.97,4265.00,4277.01,182910.525,1755777599999,783971236.19734,219306,94965.002,407080395.22629,0
1755777600000,4277.00,4284.66,4235.00,4247.83,341855.968,1755781199999,1456355023.61350,385504,151093.539,643667200.95144,0
1755781200000,4247.83,4293.60,4239.71,4260.01,340417.055,1755784799999,1453177065.01008,479801,168657.908,719959495.97869,0
1755784800000,4260.01,4327.46,4251.25,4271.82,528001.243,1755788399999,2262966047.08325,614272,264792.004,1134888713.67604,0
1755788400000,4271.82,4275.26,4224.50,4240.91,406235.747,1755791999999,1726606257.59603,518172,191929.322,815846999.75733,0
1755792000000,4240.91,4258.44,4213.00,4220.02,271846.568,1755795599999,1151420154.45543,381441,118073.393,500242455.34202,0
1755795600000,4220.02,4244.06,4206.00,4240.07,230893.208,1755799199999,974794414.90426,324091,116828.130,493225041.32397,0
1755799200000,4240.07,4267.28,4231.66,4259.12,150357.332,1755802799999,638867030.07043,239733,76003.521,323016731.78275,0
1755802800000,4259.11,4273.17,4215.56,4222.03,203551.981,1755806399999,863036152.59707,285663,104206.882,441741346.88326,0
1755806400000,4222.02,4260.00,4202.00,4240.62,174315.760,1755809999999,737667291.17343,250893,81729.678,345957043.61090,0
1755810000000,4240.62,4255.66,4209.67,4241.99,161528.636,1755813599999,683895669.77624,238144,79930.410,338389690.70806,0
1755813600000,4242.00,4258.85,4235.27,4251.41,66676.763,1755817199999,283353734.96524,99799,29200.177,124100606.50354,0
1755817200000,4251.40,4252.00,4207.52,4223.70,119679.219,1755820799999,505413317.95904,162016,60386.691,254957850.67332,0
1755820800000,4223.69,4254.84,4222.10,4244.30,126084.681,1755824399999,534536431.35913,192655,58926.777,249788306.84309,0
1755824400000,4244.29,4264.87,4220.08,4255.57,141602.860,1755827999999,601145201.42637,209955,74285.526,315293724.76668,0
1755828000000,4255.57,4313.51,4248.91,4289.03,275045.907,1755831599999,1179981451.10086,326187,149964.657,643335848.09396,0
1755831600000,4289.04,4298.93,4263.00,4276.98,143458.667,1755835199999,613757090.38492,188114,70997.131,303791856.93059,0
1755835200000,4276.98,4306.00,4272.01,4279.42,163677.990,1755838799999,702188785.64564,198852,83466.457,358053625.56908,0
1755838800000,4279.41,4291.77,4270.37,4289.06,93424.166,1755842399999,400040344.58634,149136,46050.695,197185199.64596,0
1755842400000,4289.06,4318.44,4278.11,4293.01,213480.601,1755845999999,917547899.38511,252064,106339.518,457032476.00593,0
1755846000000,4293.00,4344.00,4289.62,4325.99,291277.334,1755849599999,1259753285.84266,322656,154244.660,667075634.90958,0
1755849600000,4326.00,4352.97,4325.00,4327.73,207469.550,1755853199999,900302052.84098,265342,100960.762,438155064.57717,0
1755853200000,4327.73,4330.84,4302.96,4326.69,237246.706,1755856799999,1024441300.60031,231050,116333.317,502363839.16021,0
1755856800000,4326.68,4327.85,4286.28,4294.64,172012.201,1755860399999,740372747.74667,212554,77755.787,334684730.94964,0
1755860400000,4294.64,4298.02,4271.10,4272.72,201777.139,1755863999999,863973407.06847,224067,96675.712,413978153.52737,0
1755864000000,4272.71,4276.29,4206.00,4243.33,649981.229,1755867599999,2754083735.29554,569459,317404.569,1344738507.76392,0
1755867600000,4243.34,4319.98,4231.50,4288.38,581684.657,1755871199999,2489483668.26747,590875,270910.857,1159196254.05822,0
1755871200000,4288.37,4644.92,4287.35,4611.80,3171582.326,1755874799999,14394715742.99750,2499372,1595091.742,7231264694.07010,0
1755874800000,4611.79,4666.00,4611.13,4613.93,711719.915,1755878399999,3304371435.24187,804537,346694.398,1609892956.69342,0
1755878400000,4613.93,4781.27,4613.93,4744.88,1192100.067,1755881999999,5635300156.32574,1040496,607033.278,2868606836.83272,0
1755882000000,4744.87,4848.55,4744.75,4798.28,1111181.561,1755885599999,5341297036.54978,982808,559177.255,2687870300.05580,0
1755885600000,4798.29,4805.32,4751.18,4788.53,572043.355,1755889199999,2735677833.55038,513867,262681.780,1256476535.97806,0
1755889200000,4788.54,4858.00,4782.02,4832.06,420778.988,1755892799999,2029451566.67168,436783,222897.544,1075215594.75078,0
1755892800000,4832.06,4868.00,4811.67,4848.22,336091.671,1755896399999,1625387738.32630,388195,169445.794,819769749.06492,0
1755896400000,4848.21,4888.49,4836.26,4850.85,501654.886,1755899999999,2440851474.25905,494894,251773.299,1225233346.97310,0
1755900000000,4850.85,4854.98,4795.32,4809.88,323594.649,1755903599999,1560042011.64174,330975,146002.494,703820422.55842,0
1755903600000,4809.87,4846.40,4807.60,4830.37,145312.527,1755907199999,701602796.68543,218932,81155.396,391867053.59683,0
1755907200000,4830.36,4830.37,4802.00,4807.04,178636.270,1755910799999,859843637.73379,222090,83522.296,402042811.22210,0
1755910800000,4807.05,4816.35,4756.02,4779.49,299271.764,1755914399999,1430461794.96090,339602,129846.260,620570182.76577,0
1755914400000,4779.50,4791.42,4662.25,4713.98,639532.807,1755917999999,3015251214.92286,642403,290457.007,1369132646.69619,0
1755918000000,4713.98,4722.55,4674.40,4694.47,252298.281,1755921599999,1185999169.27600,333709,120414.733,566073344.83745,0
1755921600000,4694.46,4746.29,4693.62,4745.30,243150.213,1755925199999,1148212485.13566,282720,140494.212,663543494.30121,0
1755925200000,4745.30,4765.05,4726.67,4749.87,177875.027,1755928799999,844129038.56549,223161,88323.560,419236067.33851,0
1755928800000,4749.87,4761.69,4732.80,4744.15,125863.789,1755932399999,597129387.42411,186322,58823.661,279095316.96198,0
1755932400000,4744.15,4749.99,4706.42,4712.85,167114.376,1755935999999,789544661.51476,219053,78960.941,373036722.88197,0
1755936000000,4712.86,4729.95,4696.10,4717.77,155300.299,1755939599999,732169213.49126,225466,73994.395,348907877.94970,0
1755939600000,4717.76,4742.02,4705.80,4737.17,127899.461,1755943199999,604441266.65742,177251,66347.934,313584342.94268,0
1755943200000,4737.17,4744.97,4710.00,4711.55,119463.593,1755946799999,564325459.02466,160642,57603.165,272143663.11231,0
1755946800000,4711.54,4729.20,4688.95,4703.60,129208.952,1755950399999,608617710.91657,173902,57564.651,271225798.52993,0
1755950400000,4703.61,4733.85,4691.36,4713.50,170185.173,1755953999999,802546198.18358,214060,88965.090,419523265.77647,0
1755954000000,4713.51,4733.89,4705.99,4717.02,150683.932,1755957599999,711020251.59065,205233,76745.810,362167605.96141,0
1755957600000,4717.02,4756.22,4714.17,4724.75,262808.525,1755961199999,1244306111.17106,308962,134429.073,636488552.34824,0
1755961200000,4724.76,4769.00,4719.53,4749.17,166904.806,1755964799999,791797150.74634,225911,80673.316,382805010.80502,0
1755964800000,4749.17,4760.45,4741.26,4741.27,119878.695,1755968399999,569452928.73203,165854,56000.308,266051343.10932,0
1755968400000,4741.26,4750.61,4725.31,4748.01,87926.530,1755971999999,416720734.13052,121322,43309.706,205286101.20964,0
1755972000000,4748.01,4758.37,4742.34,4752.36,47130.168,1755975599999,223880102.68913,83109,24963.639,118584194.13970,0
1755975600000,4752.35,4759.94,4746.70,4756.75,43450.494,1755979199999,206620877.35881,75468,23046.282,109588871.46009,0
1755979200000,4756.76,4758.00,4740.63,4750.22,39836.337,1755982799999,189225788.89580,67317,19510.580,92678908.38391,0
1755982800000,4750.22,4751.81,4736.00,4748.60,45114.139,1755986399999,214047854.32742,64585,22987.702,109063768.24147,0
1755986400000,4748.59,4786.08,4748.53,4780.73,100172.413,1755989999999,477544093.74075,125225,56290.457,268442577.00413,0
1755990000000,4780.72,4797.24,4766.13,4777.26,147573.617,1755993599999,705983662.96598,157719,74491.643,356392175.85834,0
1755993600000,4777.25,4816.55,4773.19,4796.80,150229.805,1755997199999,720812707.49829,206591,81254.019,389892761.48127,0
1755997200000,4796.80,4797.79,4757.00,4774.98,169861.756,1756000799999,811281485.49624,200202,82627.233,394684629.77223,0
1756000800000,4774.98,4789.83,4770.17,4774.67,78831.713,1756004399999,376813417.02534,144500,37552.723,179491852.14111,0
1756004400000,4774.67,4795.96,4752.13,4787.76,126587.265,1756007999999,604216614.81003,163773,63823.332,304671472.94010,0
1756008000000,4787.76,4799.53,4776.10,4792.00,87732.263,1756011599999,419920604.82054,125848,40690.486,194745780.09497,0
1756011600000,4792.00,4793.00,4778.01,4782.23,68387.992,1756015199999,327282626.49877,100409,31793.287,152158899.75012,0
1756015200000,4782.23,4785.94,4755.40,4759.37,119310.311,1756018799999,569054829.45892,139494,54592.589,260414334.80682,0
1756018800000,4759.38,4783.44,4756.78,4757.66,87504.702,1756022399999,417260207.07585,113005,44129.336,210428567.24818,0
1756022400000,4757.66,4778.00,4743.38,4775.52,138264.812,1756025999999,658756112.56247,160528,65268.061,310998796.09215,0
1756026000000,4775.51,4785.71,4760.00,4770.67,100065.065,1756029599999,477697647.90063,121399,48746.293,232712500.52453,0
1756029600000,4770.67,4773.76,4733.00,4738.50,209094.453,1756033199999,992792310.42390,221272,97296.968,462047652.26409,0
1756033200000,4738.51,4749.46,4717.68,4745.95,158917.181,1756036799999,752197818.03343,186337,75501.020,357406823.88640,0
1756036800000,4745.95,4756.21,4736.85,4753.41,97590.416,1756040399999,463361901.77968,121843,47029.496,223288822.71514,0
1756040400000,4753.40,4779.00,4752.05,4767.11,150860.919,1756043999999,719306403.42489,181895,70308.585,335205359.76209,0
1756044000000,4767.10,4799.00,4757.59,4792.92,197831.385,1756047599999,945892672.15411,227881,108125.793,516983978.26674,0
1756047600000,4792.91,4829.66,4783.00,4796.28,322325.841,1756051199999,1550571854.71031,355892,162235.662,780607918.06752,0
1756051200000,4796.28,4836.99,4792.77,4819.77,232327.836,1756054799999,1119343798.56606,267229,122677.343,591071490.39470,0
1756054800000,4819.77,4935.98,4818.92,4903.27,618185.247,1756058399999,3019771305.64224,640394,347518.874,1697256573.15021,0
1756058400000,4903.28,4957.67,4894.81,4932.84,456782.029,1756061999999,2252768339.17517,502629,233596.953,1152281731.85433,0
1756062000000,4932.85,4956.72,4740.72,4811.25,1281652.419,1756065599999,6194676863.42144,1153558,592557.333,2864549310.07653,0
1756065600000,4811.25,4814.33,4702.47,4784.63,781107.415,1756069199999,3724565383.97816,894378,378015.460,1802598872.56478,0
1756069200000,4784.64,4823.00,4751.12,4782.93,276783.245,1756072799999,1324481716.84180,369587,142965.809,684254397.42063,0
1756072800000,4782.94,4790.61,4721.00,4779.34,290678.240,1756076399999,1381775816.61694,414657,138257.525,657423051.65033,0
1756076400000,4779.35,4803.21,4770.78,4778.32,160483.541,1756079999999,768337636.87015,252561,77251.967,369939246.34757,0
1756080000000,4778.33,4796.80,4667.24,4699.00,487846.893,1756083599999,2301827723.86280,526881,216329.266,1020802163.60146,0
1756083600000,4699.00,4744.95,4698.04,4729.99,220644.990,1756087199999,1042006502.10238,302805,113563.456,536347520.72954,0
1756087200000,4729.98,4774.00,4725.22,4762.33,186119.939,1756090799999,885441511.25263,258943,100359.646,477396316.20425,0
1756090800000,4762.34,4772.74,4718.79,4725.46,178363.221,1756094399999,846305820.49032,226193,71949.889,341441140.64584,0
1756094400000,4725.46,4737.74,4691.10,4716.66,194429.535,1756097999999,916306813.70129,276442,97323.999,458729083.83175,0
1756098000000,4716.66,4729.00,4700.06,4703.47,131595.764,1756101599999,620340030.23031,220006,62333.936,293878155.29285,0
1756101600000,4703.48,4706.90,4615.10,4629.11,504998.147,1756105199999,2351304951.86572,565698,218998.259,1019537360.84762,0
1756105200000,4629.11,4651.08,4580.82,4589.60,442456.148,1756108799999,2041380427.66421,502461,202732.134,935741652.37247,0
1756108800000,4589.60,4613.64,4555.00,4597.74,422678.543,1756112399999,1940210847.18965,435866,219831.518,1009382774.56675,0
1756112400000,4597.74,4612.95,4568.07,4611.14,262057.456,1756115999999,1203544846.71248,274371,132348.036,608019526.27027,0
1756116000000,4611.13,4611.14,4518.00,4542.72,518039.482,1756119599999,2358697867.48215,502662,230934.342,1051367313.88488,0
1756119600000,4542.72,4599.00,4542.00,4598.00,282489.703,1756123199999,1292622126.41817,311367,149960.964,686251587.37764,0
1756123200000,4597.99,4644.99,4583.27,4644.83,370968.510,1756126799999,1712028523.23116,375489,197445.398,911438300.66886,0
1756126800000,4644.84,4661.39,4590.52,4627.81,608788.545,1756130399999,2817834266.41462,638332,285244.801,1320700276.57206,0
1756130400000,4627.81,4683.26,4617.23,4657.57,434246.882,1756133999999,2021800039.51372,522020,221734.738,1032341215.56423,0
1756134000000,4657.57,4667.38,4603.76,4610.31,285707.741,1756137599999,1322459898.90424,339067,134664.552,623290923.23907,0
1756137600000,4610.31,4644.71,4590.02,4593.78,295559.591,1756141199999,1363971663.91451,343598,146880.803,677937144.07111,0
1756141200000,4593.78,4598.91,4562.42,4585.23,297808.827,1756144799999,1364139705.99748,366472,136193.181,623983552.89990,0
1756144800000,4585.22,4595.51,4568.85,4572.93,156887.132,1756148399999,718345992.88013,206316,78365.338,358871827.76072,0
1756148400000,4572.94,4576.32,4413.03,4418.75,884736.891,1756151999999,3980639446.95385,753523,369611.593,1662705938.80075,0
1756152000000,4418.77,4444.20,4331.15,4349.10,1068342.795,1756155599999,4686082467.07314,1048855,488859.711,2145078408.74679,0
1756155600000,4349.10,4385.23,4336.90,4348.11,379955.681,1756159199999,1657246672.93474,516235,204620.644,892611953.30742,0
1756159200000,4348.11,4414.78,4348.11,4390.31,271634.932,1756162799999,1191274962.63650,348586,144664.741,634372400.00393,0
1756162800000,4390.30,4390.30,4351.90,4374.25,218119.577,1756166399999,953987021.86853,296839,115871.098,506848176.08334,0
1756166400000,4374.25,4393.18,4318.01,4329.79,462200.098,1756169999999,2013508637.26652,629787,226616.306,987451712.64793,0
1756170000000,4329.79,4421.29,4310.00,4418.83,392628.067,1756173599999,1717553809.21503,500053,197444.263,864076209.64625,0
1756173600000,4418.83,4449.55,4386.64,4394.51,311354.884,1756177199999,1375693300.02097,397180,150080.266,663239193.81890,0
1756177200000,4394.50,4406.26,4372.00,4400.50,187911.834,1756180799999,825744711.87624,232127,105924.985,465602126.46243,0
1756180800000,4400.52,4440.51,4400.52,4432.33,187493.624,1756184399999,829625746.23135,252169,99354.725,439487210.81241,0
1756184400000,4432.33,4446.47,4419.20,4428.18,119767.815,1756187999999,531257505.13219,190928,54621.708,242326165.74514,0
1756188000000,4428.18,4440.00,4403.71,4412.37,175383.837,1756191599999,774973466.74415,250264,76908.031,339867203.55549,0
1756191600000,4412.32,4453.78,4391.61,4427.16,270125.655,1756195199999,1194615365.42010,344224,143796.976,636117149.30180,0
1756195200000,4427.15,4444.57,4403.00,4418.00,159530.709,1756198799999,705235863.40481,223490,74849.449,330872968.01850,0
1756198800000,4418.01,4439.99,4406.00,4417.85,128048.914,1756202399999,566268695.30623,181884,67428.270,298140658.73844,0
1756202400000,4417.85,4448.69,4416.02,4438.98,136072.893,1756205999999,603207559.30144,174316,67592.493,299680553.15145,0
1756206000000,4438.98,4465.00,4405.85,4425.57,224895.934,1756209599999,996742417.40133,271924,119658.845,530405567.70465,0
1756209600000,4425.57,4535.56,4403.01,4494.85,794196.027,1756213199999,3564483209.95852,836323,406526.665,1824522581.20357,0
1756213200000,4494.86,4518.00,4433.83,4478.42,605024.383,1756216799999,2708649895.75924,766572,293432.496,1313952161.93242,0
1756216800000,4478.43,4558.39,4450.08,4550.31,480789.505,1756220399999,2167054630.65911,650771,245175.152,1105657055.67710,0
1756220400000,4550.31,4576.31,4501.09,4516.17,505352.753,1756223999999,2293850847.38616,595199,227635.729,1033151268.75727,0
1756224000000,4516.16,4554.14,4494.19,4552.00,282051.471,1756227599999,1275629139.40214,377542,145008.681,656198739.26918,0
1756227600000,4552.01,4557.03,4502.00,4519.28,253073.260,1756231199999,1146021579.00473,384578,122113.215,552863758.18071,0
1756231200000,4519.29,4562.78,4518.72,4545.61,176169.711,1756234799999,799976377.50940,256858,85945.950,390282487.73331,0
1756234800000,4545.60,4595.73,4524.59,4593.84,280952.044,1756238399999,1282634663.37425,365050,146548.922,669120503.11718,0
1756238400000,4593.82,4609.79,4567.00,4582.68,230692.455,1756241999999,1059018779.75281,289977,117429.500,539168930.35017,0
1756242000000,4582.67,4606.35,4559.50,4602.88,137128.407,1756245599999,628129953.08116,179977,72690.731,333021245.13320,0
1756245600000,4602.88,4607.98,4575.35,4599.26,115133.075,1756249199999,528440584.00612,199674,57929.711,265859544.24693,0
1756249200000,4599.26,4632.92,4587.61,4598.49,217146.360,1756252799999,1000779525.62732,267835,113208.588,521827622.05150,0
1756252800000,4598.50,4600.00,4562.16,4568.52,159468.853,1756256399999,730611735.16104,223750,70268.009,321964052.36632,0
1756256400000,4568.53,4572.88,4538.00,4560.81,193762.693,1756259999999,882705611.78284,242180,91039.103,414791039.57428,0
1756260000000,4560.82,4587.56,4544.32,4575.39,154707.777,1756263599999,707217118.09353,241404,78475.087,358770182.27096,0
1756263600000,4575.39,4625.00,4544.24,4601.07,251027.805,1756267199999,1151387275.65602,312215,122933.282,564050721.41379,0
1756267200000,4601.08,4641.77,4595.39,4626.80,238020.971,1756270799999,1100456122.67374,323472,119606.188,553059184.22501,0
1756270800000,4626.80,4643.93,4607.74,4612.01,158759.354,1756274399999,733824343.62431,215889,75483.604,348976005.99459,0
1756274400000,4612.01,4612.47,4581.05,4584.77,179726.750,1756277999999,825836767.36579,216721,80733.107,370997892.31727,0
1756278000000,4584.77,4590.23,4557.06,4578.59,199508.004,1756281599999,912562544.09459,248523,99163.733,453639797.14600,0
1756281600000,4578.59,4595.26,4553.00,4592.82,177902.701,1756285199999,813396735.17935,226345,96969.624,443566200.96914,0
1756285200000,4592.82,4618.76,4583.91,4586.04,224182.941,1756288799999,1031430296.12060,244078,99420.083,457463499.54112,0
1756288800000,4586.05,4611.81,4567.09,4579.21,154912.554,1756292399999,710749648.72630,200804,75925.971,348414691.30125,0
1756292400000,4579.21,4612.93,4579.21,4606.37,94848.320,1756295999999,436060341.20966,145684,50356.347,231538369.34096,0
1756296000000,4606.37,4623.33,4576.01,4613.27,238007.900,1756299599999,1094475476.25302,296141,116102.908,533903477.25408,0
1756299600000,4613.26,4657.80,4572.90,4593.00,520154.917,1756303199999,2399149202.95427,588827,243479.427,1123182285.10558,0
1756303200000,4593.00,4662.50,4581.00,4611.18,470208.460,1756306799999,2175095193.24327,584754,223737.652,1034749851.51090,0
1756306800000,4611.19,4658.00,4605.52,4655.31,266276.336,1756310399999,1234788413.28079,371487,137817.391,639046712.77813,0
1756310400000,4655.31,4655.92,4603.26,4628.43,264189.257,1756313999999,1222684127.56880,346598,129895.136,601176688.54655,0
1756314000000,4628.43,4645.00,4607.60,4629.58,128358.720,1756317599999,593781648.24221,213731,67181.364,310846465.63149,0
1756317600000,4629.58,4641.95,4586.00,4589.25,151022.711,1756321199999,696910197.31972,234495,67756.999,312741041.30078,0
1756321200000,4589.26,4597.96,4530.01,4563.23,366434.688,1756324799999,1671546937.36931,402473,164746.602,751503061.13486,0
1756324800000,4563.23,4612.85,4506.35,4592.87,565198.015,1756328399999,2577856823.33462,722870,283399.501,1293031794.23676,0
1756328400000,4592.86,4594.77,4511.68,4525.65,202857.864,1756331999999,922349321.16734,269637,90786.979,412968247.28188,0
1756332000000,4525.64,4535.49,4479.01,4521.81,253159.596,1756335599999,1140736060.00632,324701,126476.037,570096222.78195,0
1756335600000,4521.81,4537.86,4488.04,4504.84,153921.527,1756339199999,694145652.25786,218312,70848.484,319509676.48416,0
1756339200000,4504.86,4520.00,4465.00,4492.00,246765.807,1756342799999,1108281291.46348,336756,119169.986,535299085.70555,0
1756342800000,4492.00,4521.40,4491.80,4514.22,125659.812,1756346399999,566391661.57371,217007,66598.168,300194150.11697,0
1756346400000,4514.22,4525.93,4504.83,4510.02,82322.840,1756349999999,371751689.11376,152907,40549.756,183147174.73849,0
1756350000000,4510.03,4547.11,4504.25,4539.38,141180.638,1756353599999,640063429.21651,187583,78318.073,355101927.39252,0
1756353600000,4539.39,4578.35,4532.28,4568.90,178731.313,1756357199999,814875495.71012,220994,91693.549,418035821.90308,0
1756357200000,4568.89,4585.99,4551.00,4568.13,158857.982,1756360799999,725697310.19965,214968,76395.420,349055114.11204,0
1756360800000,4568.13,4584.82,4552.68,4581.68,103532.132,1756364399999,473125936.40274,155808,52100.736,238121094.01791,0
1756364400000,4581.68,4600.00,4563.53,4594.81,137657.937,1756367999999,630380773.91983,167525,72263.519,331031181.84922,0
1756368000000,4594.81,4633.12,4592.12,4602.73,262970.642,1756371599999,1212509053.45577,285318,133409.617,615265290.45465,0
1756371600000,4602.72,4603.46,4580.00,4584.79,117498.621,1756375199999,539213183.66620,137507,49471.102,227079001.68918,0
1756375200000,4584.80,4611.00,4580.00,4608.55,120822.239,1756378799999,555390445.62654,145265,64498.725,296490948.19865,0
1756378800000,4608.56,4608.76,4581.45,4592.72,90887.541,1756382399999,417312659.49854,129930,38201.032,175398465.18434,0
1756382400000,4592.72,4612.31,4572.64,4597.41,209925.515,1756385999999,964620206.91340,261558,98056.806,450748441.52877,0
1756386000000,4597.40,4612.93,4560.42,4572.84,263912.226,1756389599999,1209328842.37944,400719,126570.307,579966440.04558,0
1756389600000,4572.85,4589.99,4541.01,4565.29,299260.228,1756393199999,1366854471.55263,390400,146659.105,670002240.00496,0
1756393200000,4565.29,4571.81,4482.01,4502.04,449892.354,1756396799999,2032356956.59744,471983,204656.722,924410624.13643,0
1756396800000,4502.04,4528.77,4456.01,4463.14,319291.264,1756400399999,1436893650.37930,345195,140111.490,631061149.54142,0
1756400400000,4463.14,4495.98,4461.05,4488.01,256364.520,1756403999999,1148295253.03620,276449,145725.365,652735134.25319,0
1756404000000,4488.00,4506.39,4471.70,4478.91,156881.396,1756407599999,704019129.96126,203354,80345.313,360634157.34024,0
1756407600000,4478.90,4491.08,4432.50,4436.18,237411.053,1756411199999,1058973398.13342,275869,97280.634,434180240.40648,0
1756411200000,4436.18,4468.78,4425.00,4457.33,183155.811,1756414799999,815299943.65965,235610,98233.859,437412052.10557,0
1756414800000,4457.33,4490.00,4455.35,4486.03,90950.767,1756418399999,407064105.13147,108517,57534.522,257511371.70104,0
1756418400000,4486.02,4513.71,4486.02,4504.22,106677.836,1756421999999,480293989.76554,137699,62375.500,280808733.98457,0
1756422000000,4504.21,4512.88,4491.01,4509.10,85827.445,1756425599999,386365750.73632,142349,38979.817,175499456.15108,0
1756425600000,4509.10,4514.66,4467.14,4480.10,139571.780,1756429199999,626707384.97072,205124,64757.494,290744155.48482,0
1756429200000,4480.11,4489.01,4432.09,4454.39,235667.962,1756432799999,1050207939.87930,277514,105974.255,472337450.58245,0
1756432800000,4454.40,4493.15,4448.16,4478.54,138063.292,1756436399999,617867573.86542,188063,75266.317,336871363.76270,0
1756436400000,4478.54,4502.94,4465.20,4487.57,116895.311,1756439999999,524678117.06524,156071,61016.782,273900706.81480,0
1756440000000,4487.56,4495.70,4467.59,4475.35,76292.321,1756443599999,341906862.45004,123257,34006.571,152418402.06893,0
1756443600000,4475.35,4482.19,4460.42,4478.04,83743.256,1756447199999,374402746.52319,125652,43351.007,193838851.77582,0
1756447200000,4478.03,4485.56,4435.00,4454.11,132693.781,1756450799999,591830206.17336,236964,64611.213,288254716.40354,0
1756450800000,4454.12,4454.12,4365.10,4379.03,531831.684,1756454399999,2338465673.54438,499526,238662.776,1049131117.25535,0
1756454400000,4379.03,4396.55,4326.53,4332.51,383225.336,1756457999999,1670495377.85260,441220,171772.505,749116244.82821,0
1756458000000,4332.51,4342.97,4316.20,4335.38,299209.442,1756461599999,1295429955.86611,319010,158037.446,684274580.46483,0
1756461600000,4335.38,4359.90,4331.70,4344.51,202311.352,1756465199999,879379287.89944,216643,105950.201,460547690.21579,0
1756465200000,4344.51,4356.93,4331.32,4344.43,123622.094,1756468799999,536809979.17578,173185,64815.247,281485052.88926,0
1756468800000,4344.43,4456.24,4344.43,4405.29,619564.899,1756472399999,2726706126.87799,572272,318355.052,1400704594.44870,0
1756472400000,4405.29,4410.90,4312.59,4329.67,529691.715,1756475999999,2307046283.82294,591610,240638.946,1048068872.19635,0
1756476000000,4329.67,4354.91,4264.29,4280.53,842875.274,1756479599999,3621025030.08149,921122,414332.521,1780348756.25721,0
1756479600000,4280.53,4347.03,4279.96,4313.87,417087.642,1756483199999,1802721206.15441,492819,201601.112,871197334.39702,0
1756483200000,4313.88,4353.10,4293.60,4334.02,280184.118,1756486799999,1211781407.73917,377124,143676.951,621520330.59013,0
1756486800000,4334.01,4356.65,4312.22,4330.36,178840.167,1756490399999,775231546.19550,287595,89831.231,389438113.60327,0
1756490400000,4330.36,4339.35,4304.14,4313.69,151911.127,1756493999999,655760627.36281,238080,76136.693,328646920.28647,0
1756494000000,4313.69,4365.27,4304.42,4338.78,200719.839,1756497599999,871658808.61025,285110,108403.452,470759922.96963,0
1756497600000,4338.79,4346.45,4310.73,4320.15,155150.772,1756501199999,671821233.54611,256902,73707.934,319173680.66001,0
1756501200000,4320.16,4378.50,4302.90,4363.21,227836.582,1756504799999,991039989.87439,242147,103527.283,450235197.65496,0
1756504800000,4363.21,4365.56,4343.15,4364.24,83390.183,1756508399999,363090571.78471,122931,38967.092,169725536.80120,0
1756508400000,4364.24,4372.74,4355.64,4358.65,59274.182,1756511999999,258706588.85767,105028,26185.600,114288116.07396,0
1756512000000,4358.65,4361.07,4327.13,4341.37,130612.954,1756515599999,567167603.68868,164389,65501.491,284385907.10132,0
1756515600000,4341.38,4347.15,4255.00,4262.93,323330.653,1756519199999,1387049715.47525,294483,111042.356,476544147.75941,0
1756519200000,4262.93,4314.92,4254.97,4302.49,278977.531,1756522799999,1198167694.70138,241579,146801.882,630350861.86944,0
1756522800000,4302.49,4381.97,4301.43,4350.85,286569.525,1756526399999,1246269294.84232,271973,162330.230,705682508.63424,0
1756526400000,4350.86,4366.68,4348.56,4350.85,79242.130,1756529999999,345257519.40348,117298,40873.294,178099751.49286,0
1756530000000,4350.84,4401.26,4345.07,4377.71,214897.740,1756533599999,941360687.52685,244427,112386.663,492409374.75045,0
1756533600000,4377.71,4402.65,4372.00,4394.15,131261.342,1756537199999,575975332.44681,162039,66071.933,289925571.90242,0
1756537200000,4394.16,4414.45,4386.73,4399.80,126026.431,1756540799999,554344541.55407,160470,65711.860,289096512.81820,0
1756540800000,4399.80,4404.75,4383.01,4393.34,100049.412,1756544399999,439464775.54554,135463,45768.568,201046363.35614,0
1756544400000,4393.33,4395.55,4376.24,4389.75,75711.791,1756547999999,332060650.23788,117152,34494.191,151303584.73761,0
1756548000000,4389.75,4406.03,4382.30,4390.62,75036.766,1756551599999,329705084.19219,111609,38756.068,170299890.52619,0
1756551600000,4390.62,4400.26,4381.35,4389.93,52837.219,1756555199999,231935304.13436,86948,26188.642,114973394.16821,0
1756555200000,4389.93,4391.87,4346.22,4365.68,174773.055,1756558799999,762884685.01225,209921,74255.410,324076576.21257,0
1756558800000,4365.68,4365.69,4329.45,4356.57,209034.626,1756562399999,908683284.67401,256936,104591.383,454726554.38209,0
1756562400000,4356.57,4367.92,4336.25,4361.49,107881.998,1756565999999,469803869.01437,152478,53003.264,230828112.47103,0
1756566000000,4361.50,4381.36,4354.24,4373.71,110298.098,1756569599999,482038770.98430,147481,59545.640,260246087.94968,0
1756569600000,4373.71,4373.71,4356.65,4359.99,70526.749,1756573199999,307757925.38062,110072,30082.296,131271204.38887,0
1756573200000,4360.00,4371.50,4345.00,4360.01,74481.151,1756576799999,324657751.71340,106085,36814.566,160516371.02050,0
1756576800000,4360.00,4364.92,4343.72,4348.47,62906.132,1756580399999,273812296.55257,88467,30429.489,132450715.40936,0
1756580400000,4348.48,4353.19,4333.00,4352.33,58231.694,1756583999999,252948999.84716,82102,28407.009,123413065.93148,0
1756584000000,4352.32,4352.80,4332.00,4342.00,47007.994,1756587599999,204058880.37417,81201,23800.466,103319330.08169,0
1756587600000,4342.00,4353.80,4337.28,4344.98,36249.802,1756591199999,157496834.03092,68059,18219.721,79147250.25285,0
1756591200000,4344.99,4358.37,4338.19,4356.20,36232.754,1756594799999,157615319.91505,73954,19147.042,83292724.00612,0
1756594800000,4356.21,4376.60,4355.19,4372.00,80537.445,1756598399999,351804995.62215,98763,41146.055,179721448.29705,0
1756598400000,4372.00,4469.00,4370.33,4465.37,329970.110,1756601999999,1459195548.69278,329771,181083.558,800568695.48154,0
1756602000000,4465.39,4468.00,4433.21,4454.36,172069.964,1756605599999,765486592.30577,233861,81998.885,364828860.27196,0
1756605600000,4454.35,4460.97,4443.92,4448.21,68668.537,1756609199999,305584069.57095,108916,29247.499,130172696.27625,0
1756609200000,4448.20,4488.36,4447.25,4485.72,188106.241,1756612799999,839730228.68731,185084,107803.502,481330155.80696,0
1756612800000,4485.75,4489.85,4456.25,4463.01,143663.904,1756616399999,642128886.73410,168913,59036.183,263927165.29959,0
1756616400000,4463.02,4463.02,4446.36,4457.49,93299.096,1756619999999,415521065.75772,120161,45064.599,200711667.97397,0
1756620000000,4457.50,4459.64,4431.08,4432.77,111821.466,1756623599999,496696314.53955,124305,49273.478,218878854.24212,0
1756623600000,4432.77,4456.71,4431.20,4448.77,75628.044,1756627199999,336235620.54742,98359,44051.945,195850148.68121,0
1756627200000,4448.77,4471.77,4448.77,4469.57,99879.986,1756630799999,445645558.02759,118628,55232.092,246441895.14751,0
1756630800000,4469.58,4478.93,4457.62,4462.31,116621.860,1756634399999,521133777.72324,142847,54406.866,243151364.89265,0
1756634400000,4462.31,4468.50,4446.52,4453.36,111615.646,1756637999999,497159757.82257,137453,51336.598,228664211.54855,0
1756638000000,4453.37,4482.46,4438.00,4474.53,136423.066,1756641599999,608762904.19915,162459,71562.263,319407215.20297,0
1756641600000,4474.54,4498.00,4461.50,4487.64,130158.505,1756645199999,582681462.61552,163153,66455.025,297673016.26956,0
1756645200000,4487.64,4497.13,4462.50,4468.81,157061.845,1756648799999,703379537.51940,195249,70179.173,314317574.00732,0
1756648800000,4468.80,4472.36,4448.00,4457.00,122994.774,1756652399999,548292880.88734,150132,62421.487,278269548.31626,0
1756652400000,4457.00,4488.96,4455.29,4482.47,149858.781,1756655999999,670704277.37990,171247,87992.571,393809865.94962,0
1756656000000,4482.48,4485.01,4457.75,4468.78,124563.266,1756659599999,556965780.19093,136977,60495.079,270468205.88721,0
1756659600000,4468.79,4486.16,4466.11,4474.82,77478.048,1756663199999,346961056.25290,100909,41812.500,187223347.81543,0
1756663200000,4474.85,4489.00,4470.43,4487.21,57596.557,1756666799999,258116709.59550,93605,30616.667,137213117.59051,0
1756666800000,4487.20,4488.13,4451.42,4453.25,86764.054,1756670399999,387569276.14109,115368,35155.362,157093401.96338,0
1756670400000,4453.24,4460.00,4441.70,4452.86,85998.054,1756673999999,382842659.57837,110714,43236.439,192508644.03534,0
1756674000000,4452.86,4475.91,4447.61,4468.01,53759.488,1756677599999,239904023.71164,79904,28889.364,128937263.82762,0
1756677600000,4468.01,4471.88,4431.24,4442.72,139144.478,1756681199999,618841611.41625,173740,63569.920,282811679.41556,0
1756681200000,4442.72,4442.73,4374.66,4389.58,322881.764,1756684799999,1421981190.33789,348498,136432.104,600642383.45767,0
1756684800000,4389.58,4409.06,4356.61,4393.82,282838.755,1756688399999,1239595708.34563,378109,146392.990,641898146.16916,0
1756688400000,4393.82,4429.91,4380.99,4414.50,194394.933,1756691999999,856735852.13395,280638,104545.962,460872809.01154,0
1756692000000,4414.51,4417.69,4364.27,4385.00,216403.304,1756695599999,948866239.21761,301314,100838.219,442099338.57786,0
1756695600000,4385.00,4406.84,4369.11,4401.34,167800.062,1756699199999,736001300.45610,226486,97357.867,427123487.78269,0
1756699200000,4401.35,4409.75,4370.37,4383.80,136355.363,1756702799999,598276584.80507,189787,60451.126,265183886.93005,0
1756702800000,4383.80,4404.78,4356.79,4392.33,165717.005,1756706399999,726368465.26726,210255,80112.376,351235585.13960,0
1756706400000,4392.33,4407.14,4372.24,4395.32,105962.693,1756709999999,465499639.42008,165599,55030.863,241770659.26500,0
1756710000000,4395.31,4462.47,4378.11,4461.11,333148.214,1756713599999,1474162986.13130,353731,189027.050,836469001.42794,0
1756713600000,4461.10,4490.00,4460.71,4474.08,326904.908,1756717199999,1462729003.82953,362002,162543.689,727363949.11204,0
1756717200000,4474.06,4480.90,4436.00,4439.16,179655.729,1756720799999,801274798.31700,212598,78210.117,348845440.67489,0
1756720800000,4439.16,4443.00,4387.12,4406.39,304161.988,1756724399999,1342501844.10539,346724,149059.434,657844521.09271,0
1756724400000,4406.40,4413.92,4380.01,4390.87,167279.337,1756727999999,735354900.48370,220628,79874.181,351194607.24620,0
1756728000000,4390.88,4410.82,4382.10,4401.25,129719.690,1756731599999,570607624.45024,192778,71877.989,316218049.17851,0
1756731600000,4401.26,4422.17,4370.01,4383.72,230609.028,1756735199999,1013606090.88062,293943,108069.673,475134622.05892,0
1756735200000,4383.72,4401.00,4377.85,4394.40,127898.458,1756738799999,561646739.73577,214560,65838.382,289149708.83735,0
1756738800000,4394.40,4403.91,4342.03,4359.69,284988.558,1756742399999,1244558939.16779,318084,122561.256,535481923.18191,0
1756742400000,4359.68,4369.78,4344.44,4353.31,138570.340,1756745999999,603866883.16134,224144,69162.289,301414214.54477,0
1756746000000,4353.30,4356.60,4307.25,4320.55,310661.779,1756749599999,1343437228.05621,364672,141685.632,612663117.32887,0
1756749600000,4320.54,4347.85,4320.15,4345.09,123597.019,1756753199999,536140824.64880,163398,67143.243,291228163.05453,0
1756753200000,4345.09,4367.81,4340.94,4366.18,111023.907,1756756799999,483637289.55821,136297,58120.548,253229590.48357,0
1756756800000,4366.17,4366.56,4258.60,4286.01,514263.605,1756760399999,2210280967.64348,458069,199481.062,857042189.07563,0
1756760400000,4286.00,4288.22,4205.49,4259.22,481303.921,1756763999999,2044803809.04918,452750,220176.285,935808685.81555,0
1756764000000,4259.23,4299.45,4249.45,4282.53,249696.048,1756767599999,1066648837.20832,277308,138162.062,590364041.22197,0
1756767600000,4282.53,4317.75,4280.65,4313.00,164539.239,1756771199999,707209063.74266,245791,93146.482,400417369.79411,0
1756771200000,4313.00,4317.75,4289.12,4302.31,132870.905,1756774799999,572012749.01371,235201,62325.664,268356636.07036,0
1756774800000,4302.31,4339.57,4291.37,4321.45,174540.878,1756778399999,753468791.10855,264803,93769.996,404875555.14846,0
1756778400000,4321.45,4362.96,4313.44,4358.86,156919.546,1756781999999,680639058.80380,242353,89453.114,388188038.69948,0
1756782000000,4358.86,4393.96,4350.69,4365.22,234963.879,1756785599999,1027348552.54335,321309,116174.584,508045424.79369,0
1756785600000,4365.23,4386.90,4358.97,4385.63,91862.502,1756789199999,401938524.80512,157405,44715.304,195685812.92932,0
1756789200000,4385.62,4387.50,4367.45,4382.64,83902.642,1756792799999,367422168.25178,152822,36174.910,158433812.44115,0
1756792800000,4382.63,4414.73,4379.60,4410.38,172881.962,1756796399999,760798593.72147,228483,91193.120,401310537.13957,0
1756796400000,4410.38,4411.96,4366.10,4375.44,214023.385,1756799999999,938777130.48015,226630,94414.761,414109848.32252,0
1756800000000,4375.44,4407.06,4366.79,4389.99,153641.367,1756803599999,674192176.79165,203863,80682.062,354046634.16010,0
1756803600000,4389.99,4406.22,4384.00,4398.23,92735.934,1756807199999,407649956.62821,125264,42276.368,185856265.56109,0
1756807200000,4398.24,4399.51,4375.95,4389.95,77132.411,1756810799999,338263876.75829,117620,33303.057,146044147.68943,0
1756810800000,4389.96,4390.95,4339.31,4346.05,187582.644,1756814399999,818462664.79536,191586,72751.517,317449376.97834,0
1756814400000,4346.05,4351.42,4268.87,4275.34,458294.972,1756817999999,1973978431.20978,482177,216093.190,930811660.35298,0
1756818000000,4275.33,4391.65,4272.65,4376.47,686223.620,1756821599999,2971871613.06668,743734,365321.366,1581438891.52031,0
1756821600000,4376.46,4395.20,4331.23,4346.01,452418.248,1756825199999,1972155620.97096,603020,211703.022,922991006.46376,0
1756825200000,4346.01,4351.70,4281.82,4293.12,367159.383,1756828799999,1584460927.24530,470978,167338.187,722425643.43336,0
1756828800000,4293.12,4308.76,4275.03,4294.18,231518.303,1756832399999,993755548.41528,348118,120301.134,516455998.16980,0
1756832400000,4294.18,4329.96,4285.19,4317.18,210226.143,1756835999999,905787386.25153,287162,121170.998,522139773.54738,0
1756836000000,4317.19,4320.91,4264.00,4294.58,282449.550,1756839599999,1212144953.89520,377521,137822.532,591621281.37413,0
1756839600000,4294.58,4312.52,4254.33,4272.47,204967.867,1756843199999,876717491.69801,305541,97696.757,418050835.19187,0
1756843200000,4272.47,4326.53,4264.03,4311.05,200213.218,1756846799999,861317964.61862,286670,105726.844,454838916.38333,0
1756846800000,4311.05,4333.63,4302.50,4326.80,100232.592,1756850399999,432878414.31061,135771,47126.485,203568156.99829,0
1756850400000,4326.84,4331.34,4307.09,4327.10,91956.596,1756853999999,397174525.07487,166533,44797.792,193514846.72245,0
1756854000000,4327.11,4336.08,4311.97,4324.59,63888.947,1756857599999,276160176.28586,124543,30944.531,133742672.43866,0
1756857600000,4324.58,4330.95,4302.00,4308.03,113155.124,1756861199999,488458365.20910,183195,58462.200,252363263.66204,0
1756861200000,4308.02,4324.17,4281.00,4323.41,142030.114,1756864799999,610231037.07425,198258,70971.309,304983739.37055,0
1756864800000,4323.40,4354.00,4310.21,4336.34,203849.528,1756868399999,884002598.18842,279772,102891.536,446269576.06848,0
1756868400000,4336.34,4341.83,4317.30,4332.55,87899.155,1756871999999,380560975.72688,157899,41671.123,180421903.27362,0
1756872000000,4332.55,4340.90,4310.95,4338.00,84189.110,1756875599999,364317105.71428,132253,40711.399,176199699.78902,0
1756875600000,4338.00,4339.20,4311.00,4312.99,84447.213,1756879199999,364996208.60413,128432,33071.903,142948013.40731,0
1756879200000,4313.00,4319.01,4288.56,4305.69,178737.450,1756882799999,769162301.93875,184930,84879.356,365262393.24431,0
1756882800000,4305.70,4313.82,4285.00,4307.83,117185.548,1756886399999,503907343.17519,163395,54945.571,236354269.76445,0
1756886400000,4307.84,4331.98,4305.59,4316.14,113639.125,1756889999999,490798866.47392,157434,57014.806,246260670.40772,0
1756890000000,4316.15,4351.54,4300.31,4349.92,151729.536,1756893599999,657030940.12335,185270,81624.875,353519913.00918,0
1756893600000,4349.92,4375.88,4342.17,4369.61,204595.779,1756897199999,892164532.18620,238087,98975.281,431641397.09742,0
1756897200000,4369.61,4383.93,4363.78,4369.58,142011.065,1756900799999,621144329.07747,201088,68446.551,299420368.63501,0
1756900800000,4369.58,4377.59,4339.56,4352.20,181851.997,1756904399999,792572678.86037,217903,86281.303,376085945.72016,0
1756904400000,4352.20,4438.94,4348.67,4417.45,494931.101,1756907999999,2177902978.66701,563819,262542.147,1155377423.56867,0
1756908000000,4417.44,4478.99,4413.13,4464.75,504024.337,1756911599999,2242088970.13586,615233,255976.326,1138635257.94802,0
1756911600000,4464.75,4484.26,4452.19,4477.00,237062.417,1756915199999,1058881292.84719,304751,113658.552,507726874.21829,0
1756915200000,4476.99,4481.30,4452.08,4464.26,197440.977,1756918799999,881130875.70457,234038,87038.125,388447985.51398,0
1756918800000,4464.25,4488.36,4461.80,4469.84,186277.270,1756922399999,833560844.04710,242800,94171.962,421481131.44468,0
1756922400000,4469.85,4477.19,4455.50,4466.92,101974.431,1756925999999,455266379.23719,164335,47087.981,210237363.17296,0
1756926000000,4466.92,4476.35,4456.03,4472.82,73625.615,1756929599999,328748909.03256,121910,39529.208,176510470.06096,0
1756929600000,4472.83,4477.72,4461.05,4462.44,50556.043,1756933199999,225932465.48578,98380,23781.206,106285287.39551,0
1756933200000,4462.45,4471.00,4437.10,4458.38,91194.574,1756936799999,406148386.22155,105761,39473.130,175877682.27119,0
1756936800000,4458.38,4480.00,4456.40,4467.63,61446.192,1756940399999,274467159.10037,128155,31601.635,141188360.22446,0
1756940400000,4467.63,4470.00,4442.14,4448.22,76537.460,1756943999999,340897113.86134,112097,35443.032,157846002.50768,0
1756944000000,4448.22,4480.99,4443.86,4466.52,119284.353,1756947599999,532855702.06173,178206,63635.536,284245386.72113,0
1756947600000,4466.52,4476.79,4447.33,4466.36,93450.905,1756951199999,416791430.56473,156221,44194.710,197125807.64545,0
1756951200000,4466.37,4468.97,4418.11,4419.80,193003.418,1756954799999,856042630.62979,245322,81605.343,361903051.72997,0
1756954800000,4419.81,4427.69,4386.72,4396.12,328559.409,1756958399999,1447606246.44226,346032,151784.712,668875050.86371,0
1756958400000,4396.12,4413.22,4385.45,4389.86,173839.413,1756961999999,764932620.37804,198983,93242.631,410336342.64586,0
1756962000000,4389.86,4389.86,4360.21,4372.81,246024.978,1756965599999,1075675217.92112,289730,115098.893,503197255.84314,0
1756965600000,4372.81,4380.77,4353.36,4363.01,153716.053,1756969199999,671038248.44378,194915,76469.456,333890283.44892,0
1756969200000,4363.00,4381.44,4360.40,4368.80,112368.062,1756972799999,491037503.34415,145541,59221.944,258831357.28619,0
1756972800000,4368.80,4389.73,4362.13,4366.82,144764.050,1756976399999,633900850.41464,159765,77727.363,340442178.82053,0
1756976400000,4366.83,4393.44,4366.83,4393.28,80918.723,1756979999999,354595661.34145,114988,44503.190,195031186.56192,0
1756980000000,4393.28,4432.00,4390.00,4405.14,232701.472,1756983599999,1026780684.80448,236799,121006.283,533955800.79331,0
1756983600000,4405.15,4430.00,4390.01,4404.40,171414.002,1756987199999,756228645.39002,209328,85005.984,375104608.95470,0
1756987200000,4404.40,4426.86,4380.82,4414.37,291546.550,1756990799999,1283334343.53430,331470,135017.630,594471714.38314,0
1756990800000,4414.36,4417.67,4364.14,4375.99,295194.264,1756994399999,1294476936.68123,374712,140702.565,617043283.05046,0
1756994400000,4375.99,4380.66,4326.00,4339.68,525959.526,1756997999999,2286347322.85569,513811,246656.492,1072241540.91323,0
1756998000000,4339.69,4344.55,4291.00,4302.61,441048.791,1757001599999,1901208800.44611,423135,202730.560,873816729.45795,0
1757001600000,4302.62,4317.77,4283.33,4294.64,258412.588,1757005199999,1110904465.41561,285337,129049.344,554870318.14788,0
1757005200000,4294.64,4320.99,4293.47,4303.02,128039.742,1757008799999,551868083.66905,169983,67961.706,292938741.65789,0
1757008800000,4303.02,4316.00,4268.00,4271.51,269802.943,1757012399999,1157283409.23719,289249,124704.618,535103898.15982,0
1757012400000,4271.52,4285.96,4263.00,4273.83,146265.462,1757015999999,625008941.46443,214111,70786.364,302527379.73189,0
1757016000000,4273.83,4307.83,4270.41,4303.07,125017.980,1757019599999,537028100.89967,172443,71188.854,305731124.51690,0
1757019600000,4303.08,4325.00,4300.00,4316.37,71047.594,1757023199999,306413121.04559,97230,40164.093,173235623.72160,0
1757023200000,4316.38,4351.23,4313.73,4339.52,143290.784,1757026799999,620302069.15827,153091,79655.208,344988447.22753,0
1757026800000,4339.52,4348.98,4293.73,4295.68,148445.624,1757030399999,641021467.05185,187959,63231.753,273072438.65128,0
1757030400000,4295.68,4311.75,4287.16,4298.88,134843.162,1757033999999,579769240.27888,190957,71000.308,305321117.34250,0
1757034000000,4298.89,4331.15,4295.74,4323.76,94022.997,1757037599999,405900921.16812,144458,50720.306,218936221.52726,0
1757037600000,4323.76,4333.43,4295.65,4321.58,132250.237,1757041199999,570660274.25009,180126,58041.670,250519981.80529,0
1757041200000,4321.59,4330.00,4295.00,4326.50,122943.693,1757044799999,530206431.91519,149134,65508.529,282581545.09261,0
1757044800000,4326.51,4332.77,4314.05,4328.01,62558.582,1757048399999,270461526.72416,101533,32379.277,140003372.87896,0
1757048400000,4328.01,4340.71,4324.84,4336.23,84515.156,1757051999999,366250070.95554,113981,47477.825,205767016.58927,0
1757052000000,4336.22,4339.51,4320.09,4330.49,85010.973,1757055599999,368034461.48457,112961,38893.747,168393047.75218,0
1757055600000,4330.49,4426.77,4329.79,4415.00,523479.720,1757059199999,2295228865.38071,483236,280216.736,1227814784.92612,0
1757059200000,4415.00,4418.79,4385.00,4404.41,287562.334,1757062799999,1265049580.65274,259804,120432.251,529773357.67763,0
1757062800000,4404.41,4407.71,4370.50,4395.65,219718.703,1757066399999,964159140.53326,210948,109278.137,479565022.78483,0
1757066400000,4395.66,4421.20,4393.22,4408.31,160681.250,1757069999999,708355828.01509,192486,88311.846,389294240.91735,0
1757070000000,4408.32,4425.00,4404.69,4415.57,149876.076,1757073599999,661718480.90985,220111,74196.966,327644216.85939,0
1757073600000,4415.56,4494.45,4405.00,4469.39,909584.948,1757077199999,4045616355.78021,881588,487974.768,2171440664.78289,0
1757077200000,4469.39,4478.51,4432.09,4441.23,405941.096,1757080799999,1809441154.83754,541408,186338.544,830641893.53346,0
1757080800000,4441.22,4441.22,4261.10,4271.00,1430004.547,1757084399999,6188901292.46023,1281240,683780.094,2958393416.98702,0
1757084400000,4270.99,4302.51,4252.47,4280.44,468448.763,1757087999999,2005666654.38971,508367,239597.973,1026096946.66129,0
1757088000000,4280.45,4301.55,4271.41,4294.88,174489.118,1757091599999,747917708.17049,246340,89646.878,384293213.66769,0
1757091600000,4294.89,4296.00,4270.00,4287.31,128916.037,1757095199999,552127608.59494,196518,57132.923,244738050.78580,0
1757095200000,4287.32,4315.00,4281.10,4310.39,155280.785,1757098799999,667671579.90133,190252,79666.644,342590480.09075,0
1757098800000,4310.40,4329.53,4303.75,4328.97,154498.173,1757102399999,667429661.66594,180900,75890.150,327874727.04637,0
1757102400000,4328.96,4340.88,4319.01,4336.24,107324.230,1757105999999,464720627.78904,136481,50469.319,218581326.82969,0
1757106000000,4336.24,4336.86,4285.00,4294.51,225575.429,1757109599999,971478756.96027,259713,101441.597,436901218.59542,0
1757109600000,4294.52,4317.88,4292.83,4310.69,70412.062,1757113199999,303178325.06629,115719,39500.201,170086660.39165,0
1757113200000,4310.70,4317.24,4302.16,4305.71,38419.414,1757116799999,165523311.72397,71601,16768.990,72251832.97252,0
1757116800000,4305.71,4327.00,4300.67,4320.95,70874.488,1757120399999,305836356.31391,112973,37808.079,163160992.64918,0
1757120400000,4320.94,4323.57,4310.50,4316.31,36147.785,1757123999999,156077145.93712,70818,17040.579,73581413.42056,0
1757124000000,4316.32,4321.88,4302.32,4321.21,54322.844,1757127599999,234217607.60302,85066,27047.022,116642772.50935,0
1757127600000,4321.22,4323.31,4314.60,4318.36,44624.545,1757131199999,192727700.54626,67257,20101.833,86816399.40268,0
1757131200000,4318.36,4318.36,4301.10,4307.45,52132.160,1757134799999,224563617.20097,72436,23452.798,101027006.08050,0
1757134800000,4307.46,4310.30,4288.40,4292.79,90042.660,1757138399999,386836494.23681,107650,34966.444,150252698.20810,0
1757138400000,4292.80,4305.29,4290.99,4300.83,36170.376,1757141999999,155502202.16907,65904,19584.509,84204887.54918,0
1757142000000,4300.84,4312.00,4298.02,4310.35,36737.784,1757145599999,158179710.29174,60900,20055.594,86354392.45332,0
1757145600000,4310.35,4313.36,4303.00,4308.69,34139.101,1757149199999,147084186.43611,60027,16085.912,69310849.38112,0
1757149200000,4308.68,4308.69,4289.21,4291.09,85538.972,1757152799999,367454151.58343,91818,35058.813,150593171.58270,0
1757152800000,4291.09,4301.51,4283.55,4299.07,65580.148,1757156399999,281535422.33929,82947,33926.843,145664284.66158,0
1757156400000,4299.07,4299.67,4288.44,4298.08,43092.847,1757159999999,185024617.32565,68695,23515.810,100968675.99182,0
1757160000000,4298.08,4307.10,4290.33,4297.50,53617.905,1757163599999,230484740.66264,75499,29090.510,125070160.88623,0
1757163600000,4297.50,4300.67,4285.00,4292.17,68775.251,1757167199999,295180495.69198,88256,31946.082,137113543.20369,0
1757167200000,4292.16,4300.00,4290.01,4294.19,55892.316,1757170799999,240095834.03544,81913,30495.767,131005242.28490,0
1757170800000,4294.19,4295.58,4260.11,4267.68,234350.235,1757174399999,1001628142.53451,234275,98701.630,421853134.02619,0
1757174400000,4267.69,4304.00,4220.00,4287.52,560295.933,1757177999999,2389013411.20468,435270,269103.408,1148078335.88489,0
1757178000000,4287.52,4290.30,4264.69,4270.90,103378.087,1757181599999,442061569.47205,138149,51942.636,222157343.54360,0
1757181600000,4270.89,4286.70,4267.04,4276.87,69185.092,1757185199999,295843045.05193,94947,33226.780,142078878.33079,0
1757185200000,4276.87,4279.85,4249.32,4253.95,77328.653,1757188799999,329493010.02657,109957,31734.743,135253268.59022,0
1757188800000,4253.95,4279.00,4251.50,4277.50,59996.694,1757192399999,255979988.37536,83497,34025.287,145145666.71162,0
1757192400000,4277.49,4285.41,4266.42,4281.68,72129.250,1757195999999,308364933.48494,62887,40731.164,174119560.42363,0
1757196000000,4281.68,4286.57,4268.47,4275.92,81469.446,1757199599999,348325006.01964,81129,36613.785,156527378.59951,0
1757199600000,4275.93,4282.00,4266.22,4271.69,61732.195,1757203199999,263868716.01526,57846,31405.054,134216308.58164,0
1757203200000,4271.68,4287.34,4269.00,4282.10,76506.200,1757206799999,327373582.25556,71328,39365.187,168427128.80793,0
1757206800000,4282.10,4302.37,4280.92,4293.28,96214.087,1757210399999,413055803.34274,108644,54316.865,233186105.04396,0
1757210400000,4293.27,4301.84,4286.87,4297.66,50727.327,1757213999999,217779043.42603,75505,25185.461,108129079.34465,0
1757214000000,4297.66,4302.51,4290.64,4295.07,44183.304,1757217599999,189849796.75140,64300,19808.583,85120403.12179,0
1757217600000,4295.08,4300.94,4290.98,4299.28,30457.198,1757221199999,130822510.48014,51299,15058.062,64683983.43336,0
1757221200000,4299.28,4302.02,4290.12,4292.85,37714.313,1757224799999,162052053.75337,54707,17933.569,77061703.57488,0
1757224800000,4292.85,4293.76,4280.99,4281.94,61344.838,1757228399999,262985510.49956,72414,26508.072,113635944.98947,0
1757228400000,4281.94,4305.88,4276.78,4293.00,90856.123,1757231999999,389961140.93521,112694,44869.114,192604336.60252,0
1757232000000,4293.00,4313.99,4292.76,4299.35,136176.216,1757235599999,586190938.37006,132071,69361.193,298573299.23663,0
1757235600000,4299.34,4309.48,4290.00,4297.83,70730.433,1757239199999,304036483.44823,93269,31399.186,134992225.64841,0
1757239200000,4297.83,4304.70,4295.00,4302.99,44745.906,1757242799999,192424626.08555,67288,21904.946,94205690.04655,0
1757242800000,4303.00,4308.77,4301.02,4308.76,34230.994,1757246399999,147350180.06241,59441,18811.271,80981309.60516,0
1757246400000,4308.77,4308.77,4292.00,4298.99,50563.989,1757249999999,217337513.01477,81152,23219.824,99796835.78149,0
1757250000000,4299.00,4306.40,4286.52,4303.03,73636.143,1757253599999,316438807.92187,93430,38971.247,167492250.92011,0
1757253600000,4303.03,4309.89,4294.80,4298.03,88733.268,1757257199999,381745673.38519,122476,42363.620,182281871.86682,0
1757257200000,4298.03,4303.11,4294.16,4297.16,52999.975,1757260799999,227785428.26488,82209,28951.852,124434200.45099,0
1757260800000,4297.17,4299.72,4280.67,4281.92,88703.025,1757264399999,380407433.47458,104766,35827.540,153674156.57862,0
1757264400000,4281.93,4286.00,4270.01,4273.22,120876.976,1757267999999,517011812.11015,130462,56246.045,240595664.18326,0
1757268000000,4273.22,4282.31,4267.44,4279.24,56771.593,1757271599999,242684023.07653,76409,28784.083,123072725.47738,0
1757271600000,4279.24,4294.88,4274.51,4291.32,60108.345,1757275199999,257594698.83778,89467,33089.493,141822318.93784,0
1757275200000,4291.31,4298.83,4279.02,4298.30,43628.983,1757278799999,187026586.77580,67875,19922.527,85418925.23524,0
1757278800000,4298.30,4298.50,4285.00,4286.10,31645.034,1757282399999,135766172.31609,53024,14205.404,60945623.38722,0
1757282400000,4286.10,4309.53,4284.89,4308.00,87184.332,1757285999999,374818434.55344,108861,47154.281,202731500.67188,0
1757286000000,4308.01,4336.05,4295.19,4303.84,182731.950,1757289599999,788908161.99297,194420,89652.490,387129595.35393,0
1757289600000,4303.83,4316.99,4290.00,4296.76,112380.405,1757293199999,483586957.41510,181133,53080.371,228441908.25350,0
1757293200000,4296.76,4300.48,4280.00,4290.33,74534.454,1757296799999,319743125.47994,130430,33560.203,143993892.99467,0
1757296800000,4290.32,4307.44,4276.21,4306.97,111788.582,1757300399999,479958651.98688,155373,55156.647,236877305.25264,0
1757300400000,4306.97,4329.50,4301.92,4310.00,129096.697,1757303999999,557185054.84040,175828,67987.160,293478632.56847,0
1757304000000,4310.00,4312.37,4293.05,4295.61,75062.933,1757307599999,322886880.34731,126001,31094.543,133758249.71820,0
1757307600000,4295.61,4302.69,4287.10,4294.90,65242.616,1757311199999,280077651.73945,96574,29031.703,124643564.36217,0
1757311200000,4294.89,4301.58,4287.00,4290.00,60056.327,1757314799999,257874233.05839,93249,26279.984,112851963.41589,0
1757314800000,4290.00,4310.00,4284.77,4289.82,111530.245,1757318399999,479086073.11913,134757,56381.766,242246604.95875,0
1757318400000,4289.82,4303.00,4285.78,4300.01,95520.007,1757321999999,410270773.34767,127894,51259.815,220156589.59075,0
1757322000000,4300.01,4334.48,4295.24,4317.70,244387.237,1757325599999,1055269613.00586,229151,131357.779,567239039.93113,0
1757325600000,4317.70,4336.82,4313.34,4327.21,162261.563,1757329199999,702190497.31070,182164,78268.199,338723443.81131,0
1757329200000,4327.21,4328.41,4297.36,4310.47,192674.852,1757332799999,830289138.41302,190321,92292.812,397701226.50502,0
1757332800000,4310.46,4321.48,4303.61,4318.79,82241.442,1757336399999,354762849.34901,110510,44141.982,190409521.57056,0
1757336400000,4318.80,4362.02,4313.00,4318.15,431875.107,1757339999999,1873634145.74662,445400,216461.164,939213155.82084,0
1757340000000,4318.14,4358.00,4312.22,4349.20,231987.848,1757343599999,1006418220.44510,281100,121656.189,527892066.83807,0
1757343600000,4349.19,4382.75,4342.56,4369.82,276403.598,1757347199999,1207415763.21042,322744,144604.014,631716727.47995,0
1757347200000,4369.82,4371.88,4332.33,4337.53,197943.475,1757350799999,861103531.73755,233088,94500.124,411082063.08207,0
1757350800000,4337.53,4341.22,4297.52,4309.27,236048.369,1757354399999,1019727859.01672,235089,104597.428,452037362.71328,0
1757354400000,4309.26,4333.99,4307.71,4327.58,96957.481,1757357999999,419065995.71834,142734,50163.726,216800250.61782,0
1757358000000,4327.58,4327.58,4282.00,4291.27,177178.549,1757361599999,761555252.80091,211779,80689.360,346835122.13250,0
1757361600000,4291.28,4299.93,4280.22,4296.62,120941.181,1757365199999,518705040.03683,147353,64301.708,275845866.01815,0
1757365200000,4296.62,4320.33,4292.53,4320.01,78570.295,1757368799999,338341026.21195,95330,51032.867,219752313.28555,0
1757368800000,4320.01,4331.00,4305.62,4309.26,109605.035,1757372399999,473385231.96053,126055,55976.197,241821953.16237,0
1757372400000,4309.26,4318.52,4294.36,4303.98,72122.317,1757375999999,310439682.53614,102211,33100.591,142489637.95565,0
1757376000000,4303.97,4313.91,4286.77,4299.61,103992.404,1757379599999,447069287.18989,168066,47868.176,205811842.54745,0
1757379600000,4299.60,4306.16,4280.00,4284.95,115193.860,1757383199999,493974089.93635,167600,48863.749,209566199.38925,0
1757383200000,4284.96,4293.48,4275.00,4288.47,112106.135,1757386799999,480100622.82883,152747,51632.411,221159843.54929,0
1757386800000,4288.47,4307.12,4286.05,4304.98,89383.038,1757390399999,384140403.41075,112934,49378.964,212217854.71802,0
1757390400000,4304.99,4315.99,4301.33,4311.76,81048.202,1757393999999,349221856.86312,114702,40345.256,173851057.82446,0
1757394000000,4311.77,4319.40,4300.03,4316.99,61224.389,1757397599999,263779876.82642,89558,31210.342,134481008.96407,0
1757397600000,4317.00,4374.00,4313.20,4363.99,359956.565,1757401199999,1566164702.51603,338043,182925.120,795801587.44863,0
1757401200000,4363.99,4380.77,4345.00,4360.43,261708.702,1757404799999,1142362396.42248,256985,123764.690,540317503.47128,0
1757404800000,4360.42,4366.33,4341.72,4358.35,147384.385,1757408399999,641767349.52074,157602,71182.531,309999105.87402,0
1757408400000,4358.34,4365.00,4350.79,4355.56,68691.722,1757411999999,299382320.24853,89705,30256.530,131882008.09006,0
1757412000000,4355.57,4361.94,4340.00,4346.74,105173.347,1757415599999,457509652.71938,126626,47904.034,208414248.08961,0
1757415600000,4346.75,4354.67,4342.53,4345.83,68329.924,1757419199999,297197126.71302,100326,35077.700,152572141.85749,0
1757419200000,4345.83,4366.43,4326.47,4343.70,201583.692,1757422799999,876635363.16625,220168,96536.810,419880018.88697,0
1757422800000,4343.69,4359.12,4320.90,4345.00,256142.130,1757426399999,1111532675.74630,326750,119699.666,519525042.38801,0
1757426400000,4344.99,4360.50,4283.00,4303.57,628583.144,1757429999999,2709062445.32843,624968,299237.621,1289829720.93912,0
1757430000000,4303.57,4307.31,4275.00,4282.64,285005.659,1757433599999,1221473674.88939,312115,134664.285,577141890.59170,0
1757433600000,4282.64,4295.79,4276.00,4286.30,137608.581,1757437199999,589641362.70678,162312,70776.448,303314592.36868,0
1757437200000,4286.31,4294.99,4278.00,4284.42,86455.605,1757440799999,370502079.43314,115125,45163.997,193581251.15664,0
1757440800000,4284.41,4292.00,4278.83,4284.63,62918.709,1757444399999,269612601.51362,94694,30460.666,130535274.60098,0
1757444400000,4284.63,4297.99,4283.22,4292.55,55020.776,1757447999999,236153121.87972,80254,33301.192,142933294.84398,0
1757448000000,4292.55,4304.00,4279.00,4302.98,67482.744,1757451599999,289441579.51562,95181,33918.476,145551110.72194,0
1757451600000,4302.98,4318.71,4292.41,4300.75,75526.043,1757455199999,325259963.95568,97274,35629.372,153436248.73646,0
1757455200000,4300.76,4317.27,4297.00,4316.95,49328.542,1757458799999,212608504.25516,79555,26239.097,113090308.95482,0
1757458800000,4316.94,4317.29,4300.99,4308.40,43711.317,1757462399999,188373863.20516,80543,19248.600,82945877.84093,0
1757462400000,4308.41,4313.43,4283.00,4284.00,94728.577,1757465999999,406968229.31167,133667,39637.943,170304911.81618,0
1757466000000,4284.01,4313.14,4283.63,4300.76,97008.077,1757469599999,416891906.38940,118661,54406.696,233802100.18469,0
1757469600000,4300.75,4325.53,4300.75,4315.72,111404.476,1757473199999,480794452.81785,152744,62934.642,271616809.19584,0
1757473200000,4315.72,4322.41,4304.83,4318.84,71313.380,1757476799999,307620780.11860,100495,34769.463,150002820.65935,0
1757476800000,4318.83,4318.84,4306.02,4310.32,55389.022,1757480399999,238843921.04764,69315,23749.692,102406087.31277,0
1757480400000,4310.33,4316.61,4292.66,4306.33,96654.906,1757483999999,416102740.91259,119881,48894.443,210539457.13845,0
1757484000000,4306.32,4317.21,4295.39,4311.61,72235.207,1757487599999,311169090.14997,103986,36724.377,158211664.05899,0
1757487600000,4311.61,4332.25,4310.00,4327.66,123336.857,1757491199999,533273446.99476,146272,68682.306,296949258.00762,0
1757491200000,4327.67,4333.01,4321.32,4330.01,116131.539,1757494799999,502550300.34791,136552,52513.094,227259752.99606,0
1757494800000,4330.00,4331.00,4305.57,4322.87,96852.879,1757498399999,418271697.45162,116896,41943.424,181139235.87339,0
1757498400000,4322.87,4331.00,4314.42,4325.23,76803.137,1757501999999,332122681.21336,96170,36182.359,156486301.88540,0
1757502000000,4325.23,4331.30,4320.13,4329.58,58820.943,1757505599999,254508187.63443,87558,25832.129,111778624.19291,0
1757505600000,4329.58,4395.00,4328.00,4369.27,598659.388,1757509199999,2614488492.57950,526432,308058.183,1345172238.99261,0
1757509200000,4369.27,4440.00,4355.41,4416.72,618542.170,1757512799999,2719614581.00904,613085,325319.365,1430418371.46703,0
1757512800000,4416.73,4453.56,4396.03,4399.42,441111.086,1757516399999,1952375338.89246,442541,220041.426,974105012.13896,0
1757516400000,4399.42,4423.49,4394.02,4403.50,197677.529,1757519999999,871215315.56808,210314,98326.378,433353878.50909,0
1757520000000,4403.49,4407.35,4358.33,4383.99,285861.358,1757523599999,1251477604.35599,259030,132380.247,579534808.34031,0
1757523600000,4383.99,4395.65,4339.56,4364.53,308107.674,1757527199999,1344561476.39930,275544,152786.101,666907482.34733,0
1757527200000,4364.52,4372.08,4324.61,4339.59,246679.051,1757530799999,1071225909.93109,235476,111163.072,482755561.03095,0
1757530800000,4339.59,4340.72,4297.01,4320.26,310994.945,1757534399999,1341182453.77593,283338,146709.317,632684211.44644,0
1757534400000,4320.26,4333.31,4318.33,4327.88,95743.353,1757537999999,414224654.90087,115388,45543.980,197039901.80846,0
1757538000000,4327.89,4352.89,4326.31,4347.72,90558.936,1757541599999,393021911.70503,98508,51946.981,225452107.86707,0
1757541600000,4347.73,4354.69,4335.09,4344.00,92384.707,1757545199999,401355667.74322,99993,45299.225,196818218.74062,0
1757545200000,4343.99,4353.82,4336.59,4347.83,75224.277,1757548799999,326959776.51262,99225,38856.234,168895223.33440,0
1757548800000,4347.83,4358.75,4336.80,4357.50,77180.531,1757552399999,335447078.57753,110557,40274.579,175059360.38983,0
1757552400000,4357.49,4381.48,4352.53,4363.69,117085.541,1757555999999,511438911.29761,157719,60888.396,265961425.21241,0
1757556000000,4363.69,4383.99,4360.00,4374.78,99156.485,1757559599999,433518718.45136,121902,44892.583,196312316.42135,0
1757559600000,4374.78,4407.00,4370.81,4402.00,135752.889,1757563199999,596133150.72916,156503,70278.494,308656080.68596,0
1757563200000,4402.01,4417.45,4393.66,4409.99,164696.120,1757566799999,725987169.74853,187741,81288.265,358357869.89272,0
1757566800000,4409.99,4425.00,4396.72,4417.26,162120.784,1757570399999,714963206.51771,177006,82000.058,361681970.31859,0
1757570400000,4417.27,4442.00,4405.00,4438.47,212930.090,1757573999999,942853313.32453,207619,124002.566,549109500.55100,0
1757574000000,4438.47,4450.27,4424.59,4439.00,210836.546,1757577599999,935703768.32969,208254,103190.300,458035849.11858,0
1757577600000,4439.00,4441.67,4426.00,4429.96,100057.277,1757581199999,443477736.60454,125429,48816.046,216369005.02226,0
1757581200000,4429.97,4433.41,4404.77,4415.01,175011.163,1757584799999,772756449.54725,177086,85188.180,376133326.91616,0
1757584800000,4415.02,4429.20,4413.35,4426.38,89465.911,1757588399999,395661400.92748,122234,46604.521,206124891.00825,0
1757588400000,4426.38,4437.69,4421.24,4428.06,108154.927,1757591999999,479175962.13967,122112,57607.887,255263635.17088,0
1757592000000,4428.06,4483.44,4328.88,4424.45,969558.067,1757595599999,4287480509.31099,942978,483590.344,2140478780.29465,0
1757595600000,4424.44,4441.35,4381.11,4435.77,464508.475,1757599199999,2047547182.64071,539239,227894.433,1004879974.13718,0
1757599200000,4435.78,4436.99,4394.01,4425.01,267634.197,1757602799999,1182014121.06810,332490,129138.762,570366511.25909,0
1757602800000,4425.02,4430.50,4398.24,4410.41,142695.671,1757606399999,629729785.26794,199514,64704.656,285556080.02794,0
1757606400000,4410.40,4424.48,4405.00,4415.89,88797.031,1757609999999,392030094.70572,146972,41544.458,183424511.55883,0
1757610000000,4415.88,4440.00,4411.57,4431.61,110451.579,1757613599999,489341721.21606,151058,57265.419,253717903.51630,0
1757613600000,4431.62,4435.45,4406.25,4417.98,100560.952,1757617199999,444254323.16952,129454,52332.602,231210501.73670,0
1757617200000,4417.99,4429.00,4411.00,4422.31,63386.065,1757620799999,280209727.96942,97201,33896.357,149861022.42389,0
1757620800000,4422.36,4425.54,4413.16,4415.51,35843.619,1757624399999,158324084.56188,66665,18407.628,81308292.92907,0
1757624400000,4415.51,4429.46,4413.52,4427.07,37018.421,1757627999999,163656210.55268,49386,20875.027,92283959.59822,0
1757628000000,4427.07,4460.00,4422.22,4451.38,201569.660,1757631599999,895590988.55090,185065,115979.635,515249612.34971,0
1757631600000,4451.37,4467.85,4449.22,4456.86,101358.636,1757635199999,451945527.64347,131609,53524.027,238667069.90983,0
1757635200000,4456.87,4538.60,4448.35,4510.81,460569.663,1757638799999,2071678541.55465,440150,267250.537,1201937811.64788,0
1757638800000,4510.82,4531.72,4492.17,4496.57,226374.036,1757642399999,1022182220.98077,274157,109664.050,495270771.22162,0
1757642400000,4496.57,4523.12,4494.44,4505.58,135206.965,1757645999999,609870342.26559,184174,75315.112,339711715.75835,0
1757646000000,4505.59,4507.29,4486.05,4503.61,114785.182,1757649599999,516253888.71039,154374,51708.535,232574235.62081,0
1757649600000,4503.61,4523.00,4498.08,4519.25,105982.701,1757653199999,478307169.87190,138362,55555.772,250730864.47674,0
1757653200000,4519.25,4557.59,4512.23,4556.60,192048.814,1757656799999,871055657.28444,201186,106519.625,483221776.47875,0
1757656800000,4556.61,4562.00,4530.09,4537.50,160103.739,1757660399999,727778873.65722,169627,66820.505,303773736.48503,0
1757660400000,4537.50,4549.73,4522.65,4524.39,125954.207,1757663999999,571068308.00467,137372,60020.325,272152942.49168,0
1757664000000,4524.39,4532.25,4511.81,4516.29,123863.779,1757667599999,559830627.88917,141600,67688.712,305947222.73819,0
1757667600000,4516.28,4526.99,4502.30,4513.70,121671.675,1757671199999,549387875.31775,139753,59974.442,270833656.20591,0
1757671200000,4513.69,4522.52,4505.81,4515.12,78422.239,1757674799999,353931819.79429,110608,39047.696,176250330.28193,0
1757674800000,4515.12,4534.76,4511.91,4519.32,106782.476,1757678399999,483102100.82376,118263,55030.591,248971412.91908,0
1757678400000,4519.32,4529.38,4501.66,4524.97,118778.523,1757681999999,536196806.60585,148849,61122.737,275927102.88598,0
1757682000000,4524.96,4542.00,4505.44,4537.98,158805.398,1757685599999,718017832.92495,199441,78791.533,356280540.42958,0
1757685600000,4537.98,4570.00,4522.00,4545.16,393811.262,1757689199999,1790485763.68817,398009,196254.023,892352905.88038,0
1757689200000,4545.16,4549.95,4526.30,4540.16,113278.480,1757692799999,513966474.42307,166498,57142.152,259272298.77393,0
1757692800000,4540.15,4574.76,4531.76,4573.66,188993.672,1757696399999,861674115.05982,220933,94906.233,432724393.24011,0
1757696400000,4573.66,4627.00,4562.61,4611.34,384218.150,1757699999999,1766783059.46222,396491,199347.124,916626814.50599,0
1757700000000,4611.34,4625.49,4597.26,4622.48,162126.865,1757703599999,747924180.30742,199106,78678.905,363008003.33975,0
1757703600000,4622.49,4658.80,4611.81,4656.00,267674.878,1757707199999,1241722995.68633,244372,148639.328,689559127.40685,0
1757707200000,4656.00,4691.25,4628.05,4668.37,350664.921,1757710799999,1633118011.78449,301016,181444.347,845354915.35265,0
1757710800000,4668.37,4670.02,4642.60,4648.50,163126.901,1757714399999,759761992.76369,149233,72857.650,339344278.10392,0
1757714400000,4648.51,4750.00,4648.50,4693.35,365884.288,1757717999999,1721053167.83978,396368,202050.660,950311455.79943,0
1757718000000,4693.35,4715.00,4670.35,4710.83,200072.390,1757721599999,938922800.25207,227425,113113.213,530897347.57397,0
1757721600000,4710.82,4718.19,4695.30,4703.43,96818.750,1757725199999,455295704.79461,142556,45585.358,214370095.34946,0
1757725200000,4703.44,4733.81,4698.15,4698.32,156605.293,1757728799999,738389979.08552,214585,69354.714,327057989.10843,0
1757728800000,4698.32,4713.00,4690.40,4701.25,82030.709,1757732399999,385648805.26818,124517,42618.552,200372479.46347,0
1757732400000,4701.25,4768.00,4700.05,4754.75,252300.351,1757735999999,1195256427.20031,276344,145661.755,690182302.54296,0
1757736000000,4754.76,4755.20,4732.42,4740.37,122601.236,1757739599999,581485795.34446,160882,55511.483,263282023.20751,0
1757739600000,4740.37,4740.95,4715.38,4721.50,145879.326,1757743199999,689283110.66582,142059,63571.933,300355829.78727,0
1757743200000,4721.51,4729.45,4699.03,4708.79,142811.902,1757746799999,673052109.33075,140453,64155.536,302435490.17313,0
1757746800000,4708.79,4721.56,4705.01,4709.69,67379.815,1757750399999,317600548.38887,84941,38358.340,180813893.14559,0
1757750400000,4709.70,4729.48,4709.69,4728.00,61416.001,1757753999999,289913923.27748,80119,35053.733,165475426.66915,0
1757754000000,4728.01,4732.00,4718.76,4730.46,61469.118,1757757599999,290415652.22060,85163,32361.974,152906310.70988,0
1757757600000,4730.47,4738.33,4707.70,4716.12,91613.379,1757761199999,432671289.41474,115872,44181.721,208696393.25127,0
1757761200000,4716.12,4723.44,4706.70,4717.86,60363.101,1757764799999,284567655.90189,75759,30101.456,141906783.99958,0
1757764800000,4717.86,4729.48,4712.53,4718.81,55273.959,1757768399999,260901045.94621,71069,27769.350,131078133.30275,0
1757768400000,4718.81,4724.27,4650.00,4684.00,296789.264,1757771999999,1389845115.51239,267758,120567.127,564755041.42570,0
1757772000000,4684.00,4707.19,4664.28,4687.04,229645.702,1757775599999,1075963926.68866,239090,109797.549,514567349.03986,0
1757775600000,4687.04,4704.00,4635.00,4651.44,307266.255,1757779199999,1433271903.53281,284552,134928.911,629522706.21467,0
1757779200000,4651.44,4665.02,4613.07,4621.38,356433.386,1757782799999,1652378331.47921,371517,154425.509,715987249.87385,0
1757782800000,4621.38,4640.50,4603.00,4631.48,200638.121,1757786399999,927081102.21696,228941,102358.213,473110402.71834,0
1757786400000,4631.48,4649.10,4622.40,4640.55,97821.620,1757789999999,453699751.07851,112358,51992.893,241169866.47769,0
1757790000000,4640.56,4647.24,4632.45,4635.85,60748.043,1757793599999,281833404.78468,76715,28865.659,133932128.07738,0
1757793600000,4635.84,4660.00,4634.87,4655.19,87803.366,1757797199999,408500924.14811,102241,48710.845,226604101.23788,0
1757797200000,4655.19,4665.00,4654.30,4661.05,44151.670,1757800799999,205725421.50648,62728,23103.430,107649462.88632,0
1757800800000,4661.06,4663.37,4645.34,4656.46,38576.954,1757804399999,179571308.44791,64593,16863.535,78497942.63719,0
1757804400000,4656.46,4670.94,4653.79,4664.74,55250.494,1757807999999,257613124.36134,86480,28634.227,133511497.42166,0
1757808000000,4664.74,4678.98,4657.39,4668.26,78598.197,1757811599999,367068549.79470,108926,40116.974,187360856.51619,0
1757811600000,4668.27,4676.87,4648.33,4671.36,73260.858,1757815199999,341490697.77971,120474,33937.703,158219698.86154,0
1757815200000,4671.37,4691.30,4668.71,4681.62,78750.434,1757818799999,368535568.87574,126261,40829.194,191081307.02846,0
1757818800000,4681.63,4685.00,4658.65,4661.00,71202.751,1757822399999,332512405.11769,101832,35125.022,164048089.19564,0
1757822400000,4661.01,4666.01,4630.82,4657.52,142080.217,1757825999999,660746498.92953,149778,64330.585,299238401.76591,0
1757826000000,4657.52,4678.12,4656.85,4674.24,49954.678,1757829599999,233351380.27365,72797,26900.897,125653830.47436,0
1757829600000,4674.23,4679.99,4658.00,4664.69,59547.547,1757833199999,277945053.51436,77357,25867.567,120767761.47086,0
1757833200000,4664.69,4666.40,4639.80,4648.81,60249.778,1757836799999,280446335.53946,85310,26620.588,123920322.76914,0
1757836800000,4648.81,4663.09,4643.71,4653.83,63785.479,1757840399999,296819954.92443,80775,33975.468,158100536.66969,0
1757840400000,4653.84,4672.61,4650.60,4663.72,74937.770,1757843999999,349569932.17919,78217,40662.317,189681761.43149,0
1757844000000,4663.73,4668.00,4654.56,4657.89,39104.424,1757847599999,182237590.81673,56182,17826.812,83077846.11568,0
1757847600000,4657.88,4666.04,4623.96,4632.87,152041.677,1757851199999,705408751.71296,156306,64892.497,301082662.26657,0
1757851200000,4632.88,4642.94,4612.20,4630.59,150804.131,1757854799999,697953148.37000,150904,72690.389,336436916.62401,0
1757854800000,4630.61,4633.22,4603.78,4610.63,165745.461,1757858399999,764997163.32175,184010,71741.765,331158015.08307,0
1757858400000,4610.63,4642.72,4576.00,4599.85,457745.334,1757861999999,2105973107.28691,409533,210200.523,967341524.73598,0
1757862000000,4599.85,4603.30,4575.00,4580.22,170203.108,1757865599999,780442770.08787,183841,90559.588,415189218.18971,0
1757865600000,4580.22,4609.12,4577.50,4595.14,115966.013,1757869199999,532938198.34818,140274,62460.685,287053784.89191,0
1757869200000,4595.14,4628.00,4588.60,4618.38,106328.491,1757872799999,490441766.22487,137080,62694.494,289175484.94922,0
1757872800000,4618.37,4619.04,4598.53,4602.10,48014.415,1757876399999,221289086.46861,77484,22013.555,101457860.09143,0
1757876400000,4602.09,4623.92,4590.01,4613.96,69559.482,1757879999999,320641131.58279,91104,35206.845,162304369.26941,0
1757880000000,4613.95,4626.50,4612.05,4614.93,41764.609,1757883599999,192911873.58082,62535,21103.912,97482706.03108,0
1757883600000,4614.93,4635.00,4596.32,4628.51,83839.677,1757887199999,387329906.70569,102208,46188.862,213440618.31233,0
1757887200000,4628.51,4634.72,4608.66,4626.98,69741.754,1757890799999,322316304.40897,90787,35367.646,163450893.94752,0
1757890800000,4626.99,4628.40,4599.32,4602.00,88033.626,1757894399999,405772126.31146,118642,42575.130,196220740.06709,0
1757894400000,4602.00,4614.41,4585.57,4599.69,110977.207,1757897999999,510629705.33072,162160,53650.791,246914156.27798,0
1757898000000,4599.68,4621.82,4578.01,4616.23,138962.208,1757901599999,639077213.67704,191627,70908.779,326201666.20721,0
1757901600000,4616.23,4628.68,4608.61,4618.49,66908.209,1757905199999,309148935.88714,110336,35331.688,163262669.58216,0
1757905200000,4618.50,4641.81,4617.37,4634.46,82183.646,1757908799999,380670485.59822,114491,43898.231,203336029.52121,0
1757908800000,4634.46,4658.88,4634.45,4640.98,155327.245,1757912399999,721816320.92520,186437,79839.468,371022951.34179,0
1757912400000,4640.98,4663.12,4638.00,4660.48,100173.444,1757915999999,466384231.99059,123365,59279.994,275988079.81921,0
1757916000000,4660.48,4668.00,4615.00,4628.00,199847.324,1757919599999,927746436.01806,214260,87713.201,407135620.57136,0
1757919600000,4628.00,4640.50,4585.16,4594.94,262250.021,1757923199999,1208110921.64859,261917,110361.995,508600223.71855,0
1757923200000,4594.94,4594.94,4506.00,4508.27,729495.334,1757926799999,3315303800.07803,596529,313044.269,1422004689.58695,0
1757926800000,4508.27,4533.99,4495.72,4524.50,339677.299,1757930399999,1534600565.22201,333444,186463.259,842603540.31778,0
1757930400000,4524.50,4533.97,4505.18,4527.79,135685.938,1757933999999,612873561.95390,169716,69183.820,312503417.19655,0
1757934000000,4527.79,4537.82,4518.82,4528.25,101593.870,1757937599999,460205587.73092,132448,48303.244,218834640.14000,0
1757937600000,4528.25,4534.85,4506.33,4513.33,164311.575,1757941199999,742501810.85977,172407,76176.466,344256489.35028,0
1757941200000,4513.33,4540.14,4488.77,4513.51,365223.857,1757944799999,1647976259.64018,347176,178236.584,804407001.94015,0
1757944800000,4513.51,4528.00,4495.93,4508.82,173747.807,1757948399999,784073733.31587,247449,81749.395,368939930.59423,0
1757948400000,4508.82,4519.34,4463.00,4497.46,399798.814,1757951999999,1793350341.97366,422497,184992.639,829881420.80194,0
1757952000000,4497.46,4509.75,4477.22,4493.14,147513.460,1757955599999,663054199.60706,214046,70026.982,314815690.15842,0
1757955600000,4493.14,4508.26,4472.49,4507.52,100371.647,1757959199999,450810975.96432,177030,55272.323,248304635.96113,0
1757959200000,4507.51,4511.50,4484.29,4499.07,84237.226,1757962799999,378810074.62198,142032,41741.382,187724876.03178,0
1757962800000,4499.07,4512.32,4474.00,4491.80,111438.592,1757966399999,500707576.50853,168452,54585.753,245315921.21046,0
1757966400000,4491.79,4511.83,4486.04,4508.53,62119.716,1757969999999,279713698.72038,101095,33046.711,148801811.25786,0
1757970000000,4508.53,4526.40,4504.07,4522.05,64051.250,1757973599999,289295507.39326,83248,32552.289,147035129.43916,0
1757973600000,4522.04,4528.00,4506.98,4511.77,44774.888,1757977199999,202249669.38001,80912,19626.682,88659993.50497,0
1757977200000,4511.77,4526.00,4505.74,4521.54,35734.415,1757980799999,161479541.30568,69468,17051.132,77059025.67881,0
1757980800000,4521.54,4521.54,4502.40,4511.89,58994.097,1757984399999,266137137.31667,99671,27008.880,121844422.14174,0
1757984400000,4511.90,4536.31,4511.24,4515.73,97380.442,1757987999999,440714136.50275,135611,48278.633,218524282.68710,0
1757988000000,4515.74,4530.00,4510.96,4511.45,46576.622,1757991599999,210563194.30665,91099,25129.716,113614095.18156,0
1757991600000,4511.45,4530.00,4511.45,4518.97,47718.470,1757995199999,215749287.21761,87233,25595.632,115728656.06637,0
1757995200000,4518.97,4521.79,4485.02,4517.33,116209.516,1757998799999,523503846.76492,144300,56371.578,253992044.85092,0
1757998800000,4517.33,4531.62,4510.00,4527.36,94983.702,1758002399999,429529306.33401,141685,55833.999,252496999.11105,0
1758002400000,4527.37,4534.87,4490.97,4506.57,141842.887,1758005999999,639765255.04688,181048,68090.182,307121102.12686,0
1758006000000,4506.57,4513.88,4500.00,4510.65,57555.117,1758009599999,259443380.38110,97342,27662.244,124701606.00151,0
1758009600000,4510.64,4529.90,4496.40,4509.52,118750.573,1758013199999,535934564.83334,152444,57204.824,258207343.06616,0
1758013200000,4509.51,4515.00,4500.59,4509.37,47377.612,1758016799999,213598491.32914,80281,23463.169,105786059.14228,0
1758016800000,4509.37,4512.72,4491.00,4496.01,77411.408,1758020399999,348569108.86951,109447,35262.276,158790537.23201,0
1758020400000,4496.00,4504.97,4491.11,4499.39,67613.042,1758023999999,304144358.23888,106790,34732.196,156230208.73612,0
1758024000000,4499.40,4504.67,4493.20,4497.97,58272.390,1758027599999,262181591.10020,106738,27397.637,123266016.35607,0
1758027600000,4497.97,4510.81,4427.50,4471.49,536546.124,1758031199999,2394486197.05075,503761,242520.696,1082254257.23794,0
1758031200000,4471.49,4471.50,4421.01,4444.33,373228.087,1758034799999,1657123285.61377,381828,180412.884,800775678.37825,0
1758034800000,4444.33,4468.64,4428.13,4465.74,194042.406,1758038399999,862946663.03175,239838,105959.308,471285645.50863,0
1758038400000,4465.73,4469.67,4444.49,4461.12,145170.033,1758041999999,647258660.28180,195910,66475.881,296406711.20181,0
1758042000000,4461.12,4508.77,4460.12,4484.27,364201.141,1758045599999,1634662089.97933,323165,189608.603,850844822.28857,0
1758045600000,4484.27,4494.30,4463.84,4472.33,109249.826,1758049199999,489426594.59948,153992,52357.625,234604689.83279,0
1758049200000,4472.33,4492.84,4468.60,4488.96,65933.469,1758052799999,295460848.40934,109791,38784.712,173813434.66102,0
1758052800000,4488.96,4497.31,4481.01,4496.20,51192.674,1758056399999,229886628.00120,86592,26442.114,118746148.63202,0
1758056400000,4496.17,4509.00,4488.00,4505.83,66775.618,1758059999999,300442366.21018,85187,35199.009,158394467.89393,0
1758060000000,4505.83,4523.19,4498.04,4517.90,90438.898,1758063599999,408040537.98383,116503,48482.797,218792005.37515,0
1758063600000,4517.90,4521.55,4492.02,4499.41,82394.615,1758067199999,371215174.59160,107582,35504.132,159964023.83900,0
1758067200000,4499.41,4514.80,4490.50,4511.69,86403.589,1758070799999,389295479.49215,119938,43860.424,197595860.94165,0
1758070800000,4511.69,4518.00,4500.01,4511.89,56682.376,1758074399999,255539941.32632,97413,26236.695,118289085.48543,0
1758074400000,4511.89,4551.49,4505.24,4528.24,204388.273,1758077999999,926390266.56112,229077,109721.824,497339619.70701,0
1758078000000,4528.24,4528.71,4493.01,4495.23,131736.471,1758081599999,594382855.18974,185422,53498.117,241381488.53532,0
1758081600000,4495.23,4503.17,4461.38,4474.70,165082.159,1758085199999,739719752.46963,170248,71029.740,318325295.73634,0
1758085200000,4474.67,4516.77,4474.17,4512.39,149712.915,1758088799999,672386721.94298,171981,85354.861,383388026.82585,0
1758088800000,4512.39,4548.14,4501.49,4543.61,212891.891,1758092399999,963624857.65194,225931,110760.798,501435158.01779,0
1758092400000,4543.61,4554.09,4534.12,4542.33,143063.720,1758095999999,649904714.45397,160053,59456.651,270125121.70021,0
1758096000000,4542.33,4543.98,4495.84,4509.28,231253.070,1758099599999,1043538678.18751,233874,105374.375,475366936.81459,0
1758099600000,4509.29,4509.29,4492.53,4493.08,88441.629,1758103199999,398134056.11936,96447,38477.936,173238557.42987,0
1758103200000,4493.09,4499.40,4477.00,4481.86,127691.629,1758106799999,572804005.02480,134026,58284.439,261477995.16033,0
1758106800000,4481.85,4496.14,4477.34,4489.22,88812.409,1758110399999,398597420.04981,96836,51983.571,233324513.43631,0
1758110400000,4489.23,4512.17,4481.23,4500.39,119441.393,1758113999999,537172575.02835,139924,63098.395,283805692.06155,0
1758114000000,4500.38,4510.50,4481.10,4494.09,136281.141,1758117599999,612687476.06316,198793,63334.671,284752697.37136,0
1758117600000,4494.09,4502.00,4465.00,4488.10,168200.901,1758121199999,753780672.98108,213482,76489.910,342805122.72307,0
1758121200000,4488.10,4497.34,4480.00,4487.65,87370.361,1758124799999,392247962.49559,125495,45336.265,203535859.89775,0
1758124800000,4487.64,4490.77,4468.39,4485.40,119783.921,1758128399999,536688359.49594,135543,59592.991,267015946.07409,0
1758128400000,4485.40,4532.16,4426.00,4426.00,338159.483,1758131999999,1521840517.16715,336985,148079.118,666990991.51579,0
1758132000000,4426.00,4520.39,4404.08,4454.28,1220476.007,1758135599999,5453053567.01372,1295403,589927.706,2636778547.00327,0
1758135600000,4454.29,4525.00,4451.34,4515.15,435105.076,1758139199999,1954137954.23898,526199,231320.043,1038848213.77291,0
1758139200000,4515.14,4539.60,4492.85,4499.60,212271.594,1758142799999,959243306.29147,223447,95793.094,432967745.00182,0
1758142800000,4499.59,4537.22,4483.92,4527.40,123172.060,1758146399999,555878986.45292,149687,65439.539,295371294.46996,0
1758146400000,4527.41,4600.00,4525.02,4585.15,267325.339,1758149999999,1220759504.38038,286673,148497.054,678127616.43787,0
1758150000000,4585.15,4615.26,4579.31,4588.30,210759.746,1758153599999,968795192.09300,256299,90561.498,416383534.02296,0
1758153600000,4588.31,4607.26,4580.41,4582.64,135362.893,1758157199999,622161089.29186,174939,61897.107,284544673.67698,0
1758157200000,4582.63,4631.50,4577.69,4616.81,193165.299,1758160799999,890937691.85971,225040,102540.596,472999236.30106,0
1758160800000,4616.80,4618.16,4601.89,4611.71,82556.018,1758164399999,380475065.79927,118307,37698.190,173748330.78120,0
1758164400000,4611.70,4642.60,4606.66,4612.01,168224.792,1758167999999,778195652.37890,206398,81364.132,376388595.08318,0
1758168000000,4612.00,4618.00,4595.62,4609.49,108867.424,1758171599999,501502585.80659,123308,54093.821,249217789.75844,0
1758171600000,4609.48,4609.49,4583.00,4587.99,94665.898,1758175199999,434759977.64274,104298,38902.291,178636333.52358,0
1758175200000,4587.99,4592.17,4551.75,4569.34,221531.131,1758178799999,1011670087.83940,221671,100333.746,458182644.40228,0
1758178800000,4569.33,4581.96,4569.33,4573.10,81014.171,1758182399999,370676188.85161,95464,43645.314,199707968.27757,0
1758182400000,4573.11,4606.49,4569.49,4599.66,137442.646,1758185999999,630883815.71860,137658,81394.954,373618081.86339,0
1758186000000,4599.65,4602.00,4588.05,4595.42,69719.632,1758189599999,320329065.47150,97694,31495.482,144713859.52887,0
1758189600000,4595.42,4598.80,4567.67,4572.53,97261.705,1758193199999,445500501.06262,128090,40936.735,187483383.26464,0
1758193200000,4572.53,4586.64,4566.05,4573.99,76002.821,1758196799999,347864559.57437,101387,34468.720,157759649.29513,0
1758196800000,4573.99,4585.66,4566.25,4568.52,82605.196,1758200399999,377974099.81389,117463,41901.373,191744078.36342,0
1758200400000,4568.51,4603.60,4555.17,4586.07,235037.543,1758203999999,1076041056.27431,301818,117050.010,536013416.79409,0
1758204000000,4586.06,4623.00,4584.60,4594.24,265866.684,1758207599999,1224055823.12505,315978,132426.685,609683534.75620,0
1758207600000,4594.25,4606.69,4585.00,4597.15,118366.432,1758211199999,544151777.53803,189009,59302.004,272624569.80514,0
1758211200000,4597.14,4634.84,4588.00,4619.48,206777.766,1758214799999,954799384.57344,220797,99780.460,460744716.29467,0
1758214800000,4619.47,4629.03,4594.10,4607.22,159663.439,1758218399999,736079037.27980,212101,85899.159,396068268.63023,0
1758218400000,4607.21,4620.91,4600.60,4616.17,65985.176,1758221999999,304192635.26918,124036,35007.832,161423306.91164,0
1758222000000,4616.18,4616.90,4578.00,4586.53,106416.781,1758225599999,488747504.90006,146810,47851.878,219795131.29623,0
1758225600000,4586.54,4603.90,4585.05,4602.96,45621.800,1758229199999,209674321.60259,89047,22804.802,104792402.60668,0
1758229200000,4602.96,4603.14,4589.07,4592.69,30113.805,1758232799999,138370146.06330,49360,14004.980,64352652.19617,0
1758232800000,4592.69,4600.00,4585.00,4589.06,48190.267,1758236399999,221258564.76144,75721,22925.013,105270488.98554,0
1758236400000,4589.06,4590.43,4568.40,4585.31,97934.372,1758239999999,448454166.05505,131542,44182.943,202329826.92279,0
1758240000000,4585.32,4611.00,4585.31,4607.48,83104.962,1758243599999,382264133.14498,123428,45935.111,211272255.52377,0
1758243600000,4607.48,4619.50,4596.50,4604.92,108850.649,1758247199999,501511410.29288,129536,55969.768,257899049.50688,0
1758247200000,4604.91,4613.69,4586.20,4586.88,67214.641,1758250799999,308859767.80804,116720,27522.884,126474223.41483,0
1758250800000,4586.88,4600.00,4539.13,4547.46,348662.767,1758254399999,1590344336.10188,307131,143065.579,652505778.26917,0
1758254400000,4547.45,4557.06,4530.00,4555.86,210243.156,1758257999999,954914784.49611,234242,106819.952,485257750.67248,0
1758258000000,4555.85,4556.48,4525.26,4538.50,128168.954,1758261599999,581668067.96725,155880,53302.692,241877048.46633,0
1758261600000,4538.51,4540.50,4517.64,4521.84,118420.381,1758265199999,536239860.78920,157321,49346.036,223495798.70807,0
1758265200000,4521.84,4541.00,4515.65,4536.56,102171.195,1758268799999,462762512.63937,144986,49292.958,223307359.89610,0
1758268800000,4536.55,4546.78,4529.30,4531.96,66778.497,1758272399999,303037153.81416,87695,30893.981,140211824.39254,0
1758272400000,4531.97,4541.28,4512.96,4520.87,105201.826,1758275999999,476319043.34992,116755,46661.043,211242481.24059,0
1758276000000,4520.88,4530.95,4515.80,4525.28,74209.280,1758279599999,335774068.50869,101381,39041.704,176647331.88942,0
1758279600000,4525.28,4526.80,4505.23,4511.46,135077.210,1758283199999,609639246.04016,148906,58909.254,265895561.96179,0
1758283200000,4511.46,4519.58,4506.00,4516.29,85361.892,1758286799999,385300564.51251,110914,43485.554,196279598.33128,0
1758286800000,4516.29,4534.91,4507.77,4525.82,174100.133,1758290399999,787442119.82659,198037,88189.632,398916118.87682,0
1758290400000,4525.82,4542.00,4482.89,4493.16,387317.683,1758293999999,1746409199.17600,335847,174390.122,786510827.79722,0
1758294000000,4493.16,4495.98,4442.30,4472.29,506305.016,1758297599999,2261085940.47777,427939,234791.921,1048534112.69831,0
1758297600000,4472.29,4486.78,4469.26,4478.91,104488.078,1758301199999,467990200.44926,144155,49545.738,221907666.33568,0
1758301200000,4478.91,4479.15,4455.16,4457.66,115871.095,1758304799999,517385713.95383,151569,55757.708,248974720.15546,0
1758304800000,4457.67,4460.52,4433.00,4446.67,170978.977,1758308399999,760370373.05694,189530,74616.297,331882858.09588,0
1758308400000,4446.66,4464.35,4438.89,4438.89,87944.742,1758311999999,391623016.49830,121970,45421.483,202307278.83732,0
1758312000000,4438.90,4462.72,4436.21,4457.41,70938.252,1758315599999,315875687.86379,103950,36561.516,162799761.17415,0
1758315600000,4457.41,4470.00,4448.10,4468.88,51969.753,1758319199999,231918178.36508,66110,26663.092,119001909.16403,0
1758319200000,4468.88,4476.26,4465.97,4466.20,38060.236,1758322799999,170153047.47892,56468,18035.445,80632579.26767,0
1758322800000,4466.21,4467.35,4443.27,4466.49,69899.155,1758326399999,311505726.70133,98386,33015.956,147128803.10274,0
1758326400000,4466.48,4473.69,4458.14,4473.69,48369.531,1758329999999,216053841.65030,79988,26959.257,120424287.32313,0
1758330000000,4473.68,4474.00,4455.49,4464.01,51852.766,1758333599999,231547948.53774,83142,25213.058,112586951.47695,0
1758333600000,4464.01,4467.66,4451.62,4463.58,40505.982,1758337199999,180626860.96048,85274,21768.794,97070948.50604,0
1758337200000,4463.58,4466.00,4457.12,4463.60,21888.819,1758340799999,97659680.47521,54511,10364.057,46241876.36718,0
1758340800000,4463.60,4474.74,4461.00,4472.27,39562.941,1758344399999,176774241.06493,57147,20174.473,90146153.92392,0
1758344400000,4472.27,4484.59,4463.96,4476.33,64550.638,1758347999999,288813714.52956,68669,32591.835,145863174.66899,0
1758348000000,4476.32,4476.33,4468.29,4470.93,23121.746,1758351599999,103392948.60564,43712,8860.597,39623171.83419,0
1758351600000,4470.94,4480.73,4466.52,4480.72,37505.020,1758355199999,167773475.44772,56088,21372.418,95613942.67670,0
1758355200000,4480.72,4480.72,4462.01,4463.00,45491.494,1758358799999,203440475.79569,60898,19595.889,87642935.81490,0
1758358800000,4462.99,4469.70,4453.21,4463.70,64706.946,1758362399999,288703212.94809,74172,30301.104,135198212.54461,0
1758362400000,4463.70,4474.78,4461.70,4461.73,33553.784,1758365999999,149923902.18102,55230,18145.301,81085657.79790,0
1758366000000,4461.73,4469.32,4461.32,4468.00,24379.780,1758369599999,108878366.34513,47442,12311.727,54982484.95043,0
1758369600000,4467.99,4469.23,4461.50,4463.94,25807.777,1758373199999,115238186.54870,41644,11596.160,51773945.62200,0
1758373200000,4463.94,4469.70,4461.50,4466.13,28997.833,1758376799999,129514917.04101,41603,15709.905,70168433.76667,0
1758376800000,4466.12,4498.86,4462.00,4485.45,130433.408,1758380399999,584713584.52142,122579,82621.486,370342502.78151,0
1758380400000,4485.44,4505.45,4484.66,4496.37,137596.656,1758383999999,618647927.03964,160555,73238.378,329291860.21645,0
1758384000000,4496.36,4506.75,4487.08,4500.09,69201.451,1758387599999,311236102.37651,96982,33795.713,152016542.04761,0
1758387600000,4500.09,4500.99,4467.27,4483.87,112855.476,1758391199999,505631492.86698,116649,43523.007,194960648.30209,0
1758391200000,4483.87,4485.00,4470.73,4472.79,64638.182,1758394799999,289391598.39300,84958,30709.800,137496263.68769,0
1758394800000,4472.79,4483.23,4468.95,4477.86,34983.411,1758398399999,156594183.81049,56062,17604.134,78802132.07816,0
1758398400000,4477.86,4485.45,4475.89,4481.77,21342.795,1758401999999,95658124.63690,43107,10046.273,45026101.07189,0
1758402000000,4481.78,4499.73,4481.77,4487.99,42252.811,1758405599999,189797245.15569,59522,20429.286,91769649.42465,0
1758405600000,4487.98,4492.82,4485.16,4491.38,22903.523,1758409199999,102816988.98707,43504,11251.987,50511010.04911,0
1758409200000,4491.39,4491.39,4477.00,4478.27,23594.206,1758412799999,105738470.40652,42186,10057.487,45069456.56463,0
1758412800000,4478.26,4487.68,4472.11,4484.94,36637.310,1758416399999,164096791.56149,58940,18846.688,84419816.81318,0
1758416400000,4484.95,4487.00,4476.08,4479.10,24064.471,1758419999999,107836927.05551,51355,12173.860,54554419.00063,0
1758420000000,4479.11,4486.29,4454.29,4476.53,110798.668,1758423599999,495039351.05504,102081,48544.817,216904427.78991,0
1758423600000,4476.53,4477.50,4470.57,4476.11,25390.244,1758427199999,113601778.59520,40854,12713.292,56881767.67800,0
1758427200000,4476.12,4476.72,4466.87,4469.96,22896.404,1758430799999,102340753.20903,46014,10334.404,46189851.43633,0
1758430800000,4469.96,4476.11,4464.34,4475.69,26702.222,1758434399999,119341065.20954,47541,14126.330,63142913.58901,0
1758434400000,4475.70,4491.39,4475.43,4482.90,65418.149,1758437999999,293297980.69883,73542,40383.195,181064746.63473,0
1758438000000,4482.90,4483.93,4473.70,4475.85,26696.504,1758441599999,119556944.36950,46630,10119.369,45316283.15316,0
1758441600000,4475.85,4477.76,4464.40,4467.26,43405.998,1758445199999,193963084.59441,57411,19836.150,88636509.29212,0
1758445200000,4467.27,4472.16,4440.07,4464.10,154386.503,1758448799999,687802336.41345,169895,68712.042,306144384.34916,0
1758448800000,4464.09,4467.18,4456.00,4456.47,40541.081,1758452399999,180893765.60493,63120,16486.194,73567186.78766,0
1758452400000,4456.47,4464.66,4453.55,4458.26,30070.954,1758455999999,134123268.50619,61984,14958.958,66720061.42451,0
1758456000000,4458.25,4471.93,4458.01,4465.15,41256.713,1758459599999,184237122.91062,62845,19394.720,86611094.30902,0
1758459600000,4465.16,4480.00,4463.70,4474.01,53782.822,1758463199999,240535504.20042,68125,33109.599,148082401.68083,0
1758463200000,4474.01,4482.50,4469.21,4470.67,53405.836,1758466799999,239011749.03129,75021,25858.081,115739086.43188,0
1758466800000,4470.67,4484.79,4470.00,4480.63,50451.556,1758470399999,225950335.85083,78928,25703.291,115131974.99148,0
1758470400000,4480.62,4487.80,4462.06,4474.67,102269.687,1758473999999,457546694.87052,126050,49230.233,220225847.70756,0
1758474000000,4474.67,4493.66,4465.00,4489.52,70640.840,1758477599999,316263284.15619,101380,36898.148,165229763.14711,0
1758477600000,4489.52,4495.28,4482.08,4495.28,55093.586,1758481199999,247322154.76168,76372,27825.662,124924600.70242,0
1758481200000,4495.27,4497.01,4474.60,4492.21,69785.343,1758484799999,312916486.86156,80352,34089.723,152852282.63103,0
1758484800000,4492.21,4492.92,4472.34,4472.36,29145.870,1758488399999,130646631.88978,59770,12605.842,56507618.04741,0
1758488400000,4472.36,4476.36,4464.59,4469.00,37906.621,1758491999999,169448640.83259,50135,20397.554,91179316.85198,0
1758492000000,4469.00,4475.90,4442.45,4463.02,108049.353,1758495599999,481514439.24478,129351,49818.218,222003916.47309,0
1758495600000,4463.02,4463.02,4440.01,4443.01,87458.837,1758499199999,388979643.31087,126545,40879.311,181834079.26603,0
1758499200000,4443.00,4454.01,4318.38,4333.45,703352.856,1758502799999,3077995148.93663,707339,282181.604,1234710735.64359,0
1758502800000,4333.44,4349.56,4323.58,4325.73,255657.989,1758506399999,1108472592.44614,336699,134195.381,581930446.44754,0
1758506400000,4325.74,4338.30,4254.29,4286.02,464954.981,1758509999999,1997809087.59862,494853,204832.888,880445791.29305,0
1758510000000,4286.02,4306.30,4285.20,4303.62,124572.822,1758513599999,535476784.94742,171205,70165.346,301600968.29012,0
1758513600000,4303.61,4308.77,4286.00,4288.00,96119.495,1758517199999,412968162.89483,130804,46765.695,200965214.96679,0
1758517200000,4288.00,4296.59,4210.00,4217.70,176083.844,1758520799999,751458050.77972,200078,61548.791,263332657.36048,0
1758520800000,4217.70,4224.69,4000.88,4190.00,1293421.296,1758524399999,5369280104.69890,1205603,578138.699,2402929134.34554,0
1758524400000,4190.01,4226.41,4181.06,4191.45,363747.713,1758527999999,1527501138.21926,436912,182161.648,765130812.61553,0
1758528000000,4191.46,4205.82,4183.60,4192.54,146544.871,1758531599999,614676948.03073,211133,60713.187,254665211.65468,0
1758531600000,4192.55,4195.49,4135.00,4149.60,342325.458,1758535199999,1425919379.83601,366523,160703.976,669391442.17467,0
1758535200000,4149.59,4188.00,4136.74,4180.00,221664.204,1758538799999,923212378.56777,273306,111697.552,465270018.97443,0
1758538800000,4180.00,4189.60,4171.34,4179.53,110010.802,1758542399999,459912015.89459,179346,50230.295,210030973.44464,0
1758542400000,4179.54,4197.77,4166.41,4190.36,118343.706,1758545999999,494859035.08184,195292,65049.161,272049137.11948,0
1758546000000,4190.36,4215.25,4171.54,4205.03,243384.872,1758549599999,1020313806.85024,332223,125449.987,526065848.81424,0
1758549600000,4205.04,4217.49,4180.71,4187.99,214310.108,1758553199999,900247848.99450,321070,98042.469,411904822.87199,0
1758553200000,4187.99,4194.49,4156.00,4165.82,226718.154,1758556799999,945900442.55014,271828,104563.613,436237026.58795,0
1758556800000,4165.83,4181.17,4158.20,4163.00,125565.991,1758560399999,523590254.92095,215477,61492.604,256434791.52023,0
1758560400000,4163.00,4177.92,4144.11,4162.65,181782.187,1758563999999,756155843.74526,258881,89585.445,372715360.65962,0
1758564000000,4162.64,4176.30,4153.60,4153.60,77511.419,1758567599999,322787475.38016,139147,35920.670,149616364.02604,0
1758567600000,4153.61,4164.40,4119.16,4133.39,251118.830,1758571199999,1039101338.55026,299208,104611.360,433073687.88448,0
1758571200000,4133.39,4187.95,4132.27,4179.78,153489.201,1758574799999,639134033.75105,198461,88658.762,369261550.84859,0
1758574800000,4179.78,4196.75,4173.98,4195.94,65738.405,1758578399999,275200189.22201,96375,32806.316,137361355.61361,0
1758578400000,4195.95,4196.50,4181.92,4188.46,73579.762,1758581999999,308235436.78875,105147,33854.578,141827013.10962,0
1758582000000,4188.45,4207.33,4187.14,4196.86,70387.112,1758585599999,295602680.77416,105819,38179.416,160352018.10333,0
1758585600000,4196.87,4209.99,4188.00,4189.92,91249.722,1758589199999,383170822.18219,154518,45152.173,189622294.70039,0
1758589200000,4189.91,4197.74,4161.23,4162.23,135926.366,1758592799999,567802795.12771,188721,65310.280,272838140.39057,0
1758592800000,4162.23,4182.04,4138.83,4141.98,142324.321,1758596399999,591819124.63832,213202,68829.521,286269318.62320,0
1758596400000,4141.99,4196.12,4112.43,4186.49,361932.412,1758599999999,1504531707.82153,371136,190755.565,793031949.63906,0
1758600000000,4186.49,4193.02,4152.25,4175.36,137905.931,1758603599999,575265802.65250,173057,64421.712,268724635.00203,0
1758603600000,4175.37,4192.96,4162.82,4181.08,106485.718,1758607199999,445339091.75352,159376,57536.140,240646657.24258,0
1758607200000,4181.08,4215.00,4176.29,4203.10,171026.878,1758610799999,718416349.15735,211853,93481.997,392699080.89499,0
1758610800000,4203.10,4210.60,4195.30,4203.23,95249.715,1758614399999,400359444.84164,155311,43656.401,183512392.85090,0
1758614400000,4203.24,4212.82,4192.15,4206.88,94896.230,1758617999999,399049297.04279,144313,44650.300,187778829.52112,0
1758618000000,4206.89,4230.06,4182.47,4189.92,197450.711,1758621599999,830180128.99347,194562,92830.345,390484927.32818,0
1758621600000,4189.92,4194.30,4183.38,4191.02,72943.789,1758625199999,305626511.70045,106601,39791.088,166718608.13104,0
1758625200000,4191.02,4193.61,4175.44,4189.68,79594.095,1758628799999,333129219.97751,121691,38633.111,161690881.95061,0
1758628800000,4189.69,4202.93,4181.70,4193.17,95770.904,1758632399999,401420195.08120,153455,50249.531,210616618.93431,0
1758632400000,4193.17,4208.00,4178.01,4185.41,137880.691,1758635999999,577844891.88534,238784,67933.901,284771482.88926,0
1758636000000,4185.41,4209.73,4161.10,4172.56,277087.368,1758639599999,1158545573.05208,321876,130335.533,545093686.73861,0
1758639600000,4172.56,4202.47,4158.21,4178.80,194433.438,1758643199999,812831760.50743,249080,99931.039,417927147.60510,0
1758643200000,4178.80,4205.96,4161.72,4190.22,230088.861,1758646799999,961902255.36987,279250,113117.675,472835803.94070,0
1758646800000,4190.22,4192.11,4135.32,4147.10,233140.197,1758650399999,969140634.01135,305138,113570.784,472106975.64859,0
1758650400000,4147.10,4166.00,4144.06,4155.45,148310.077,1758653999999,615875624.73481,242799,80210.783,333073062.98343,0
1758654000000,4155.44,4181.88,4140.24,4151.37,174377.619,1758657599999,725752575.99957,225282,80557.088,335271379.34789,0
1758657600000,4151.36,4174.74,4137.08,4173.91,100930.275,1758661199999,419445873.76644,173395,55139.035,229176913.32925,0
1758661200000,4173.91,4189.49,4161.78,4181.31,87463.753,1758664799999,365259845.25885,104630,38582.684,161131632.14218,0
1758664800000,4181.29,4187.60,4166.76,4179.70,59273.847,1758668399999,247633543.58459,108431,29229.732,122102177.00184,0
1758668400000,4179.70,4183.43,4158.45,4162.25,65446.664,1758671999999,272773643.60263,117568,31447.084,131062380.49858,0
1758672000000,4162.25,4193.00,4156.01,4172.13,100121.354,1758675599999,418129308.77739,165400,50377.307,210326437.16379,0
1758675600000,4172.13,4191.75,4166.45,4187.76,55581.596,1758679199999,232560322.08086,113855,27687.497,115845844.30544,0
1758679200000,4187.77,4189.93,4158.00,4167.45,140942.149,1758682799999,587360525.99324,207384,69920.668,291362709.08326,0
1758682800000,4167.45,4172.26,4125.12,4145.40,240720.101,1758686399999,997902847.74347,273050,97704.438,404939300.99124,0
1758686400000,4145.41,4160.28,4070.00,4138.89,595650.117,1758689999999,2451806110.93544,589081,283832.559,1168509345.62724,0
1758690000000,4138.89,4174.00,4136.27,4170.58,107280.866,1758693599999,446149989.30071,179454,60833.090,253006649.71793,0
1758693600000,4170.58,4182.31,4165.01,4179.07,122543.857,1758697199999,511399543.97004,159673,58443.937,243912171.08072,0
1758697200000,4179.08,4182.72,4163.51,4173.43,75077.815,1758700799999,313341726.03322,124662,34573.906,144290615.46197,0
1758700800000,4173.43,4176.85,4166.02,4173.08,59554.761,1758704399999,248461866.32958,103935,27417.545,114377957.89293,0
1758704400000,4173.09,4183.13,4168.09,4181.12,55299.767,1758707999999,230940528.15843,94614,31231.058,130429807.13642,0
1758708000000,4181.12,4182.31,4162.00,4175.40,76493.765,1758711599999,319139559.22133,102153,37307.123,155662249.38943,0
1758711600000,4175.40,4197.06,4172.59,4179.96,136475.414,1758715199999,571128940.58402,179010,77164.034,322926921.25909,0
1758715200000,4179.96,4185.69,4168.79,4178.36,69324.247,1758718799999,289597524.54626,113680,30775.062,128584575.25622,0
1758718800000,4178.35,4183.85,4145.00,4148.50,218083.873,1758722399999,908272016.43269,269517,100391.449,418179500.85855,0
1758722400000,4148.49,4204.99,4147.84,4191.77,199208.098,1758725999999,832750032.07591,273592,107058.270,447522831.94410,0
1758726000000,4191.76,4195.98,4160.24,4163.82,162175.856,1758729599999,678009177.98603,225728,79060.210,330547542.76473,0
1758729600000,4163.82,4174.48,4152.22,4170.98,129828.338,1758733199999,540573099.80131,180435,68294.166,284362034.80170,0
1758733200000,4170.97,4192.00,4163.64,4181.34,98959.543,1758736799999,413650313.16746,152021,48109.202,201128391.11875,0
1758736800000,4181.35,4182.22,4163.77,4170.08,71931.589,1758740399999,300088046.56792,123822,34553.816,144159580.89977,0
1758740400000,4170.08,4172.51,4152.67,4158.95,64497.619,1758743999999,268397289.35547,101576,31015.389,129077235.79412,0
1758744000000,4158.95,4166.85,4145.79,4163.06,61487.864,1758747599999,255589791.66579,107164,30876.132,128383621.05316,0
1758747600000,4163.06,4169.60,4126.01,4142.89,77331.646,1758751199999,320846448.87435,94819,31617.369,131259906.80426,0
1758751200000,4142.88,4161.76,4141.29,4151.98,74448.234,1758754799999,309154729.33609,138392,40789.991,169378866.93984,0
1758754800000,4151.98,4160.00,4142.40,4150.51,54235.897,1758758399999,225134738.96796,107112,26647.236,110613452.59482,0
1758758400000,4150.51,4158.95,4120.00,4126.73,156843.028,1758761999999,648857437.15430,205547,65362.737,270462392.26122,0
1758762000000,4126.73,4134.49,4078.00,4099.74,414217.615,1758765599999,1698917346.74290,459133,181765.418,745501410.03322,0
1758765600000,4099.74,4137.00,4060.00,4099.51,470678.788,1758769199999,1927884921.14989,465538,249853.916,1023582022.78706,0
1758769200000,4099.52,4101.00,4020.00,4059.76,476853.829,1758772799999,1931826651.42716,512045,210729.049,853788672.12014,0
1758772800000,4059.76,4069.20,3961.00,4000.18,645009.492,1758776399999,2588887679.79770,635502,285071.931,1145053800.79682,0
1758776400000,4000.18,4038.60,3976.54,4023.00,298420.259,1758779999999,1197814348.94134,376857,161182.581,646932068.58862,0
1758780000000,4023.00,4026.37,3992.00,3996.24,225021.506,1758783599999,901438185.63812,312393,112268.899,449785562.80797,0
1758783600000,3996.24,4020.00,3984.25,4006.94,175996.507,1758787199999,705052603.82775,258576,88721.515,355427139.01753,0
1758787200000,4006.94,4034.01,4001.16,4013.57,182873.390,1758790799999,735106898.33676,216807,102188.842,410825829.55737,0
1758790800000,4013.57,4052.05,4011.00,4023.39,261434.851,1758794399999,1055786888.83455,274387,145934.661,589362166.10485,0
1758794400000,4023.39,4041.54,4008.01,4012.19,122967.467,1758797999999,494752653.22353,168654,63479.393,255468042.46737,0
1758798000000,4012.19,4018.62,3988.35,4000.93,185270.265,1758801599999,741364804.33681,250663,96930.904,387942855.27740,0
1758801600000,4000.93,4015.00,3911.39,3977.19,641276.160,1758805199999,2549965668.94940,632515,310852.172,1237024088.96473,0
1758805200000,3977.19,4006.00,3943.61,3969.10,597487.237,1758808799999,2374507285.88770,670975,313466.050,1245936027.85190,0
1758808800000,3969.09,4021.75,3967.45,4012.01,373126.311,1758812399999,1494214269.90583,407126,186183.361,745450252.52889,0
1758812400000,4012.00,4014.98,3977.01,4001.00,203635.529,1758815999999,813875669.96083,277776,98870.542,395141727.42320,0
1758816000000,4001.00,4004.77,3926.00,3938.16,409855.216,1758819599999,1621754882.20263,442014,171603.264,679181107.23684,0
1758819600000,3938.17,3941.29,3822.00,3837.05,982702.817,1758823199999,3814706367.53747,947815,434061.018,1685705138.51540,0
1758823200000,3837.04,3924.52,3822.75,3923.72,616761.255,1758826799999,2386606164.70059,658533,343090.007,1327870409.52833,0
1758826800000,3923.71,3946.88,3905.12,3910.36,283468.124,1758830399999,1113530221.86528,302037,140146.947,550661624.50705,0
1758830400000,3910.36,3918.09,3875.50,3884.57,221581.022,1758833999999,863207025.08901,301203,103290.305,402465827.48146,0
1758834000000,3884.57,3916.69,3879.32,3903.60,140588.968,1758837599999,548024221.84916,199808,74825.451,291701838.11042,0
1758837600000,3903.60,3936.00,3880.00,3891.24,139549.945,1758841199999,545336763.45055,194327,72675.791,284059867.89805,0
1758841200000,3891.24,3904.35,3848.00,3873.10,226400.160,1758844799999,876568025.23291,319504,110312.278,427148917.93875,0
1758844800000,3873.10,3937.85,3866.00,3930.78,249700.047,1758848399999,973206568.30346,376783,140968.219,549563038.85054,0
1758848400000,3930.78,3957.00,3918.97,3947.20,206536.279,1758851999999,813250334.96729,337318,110882.140,436753195.33843,0
1758852000000,3947.21,3970.00,3940.00,3957.47,149206.081,1758855599999,589948280.91664,253329,78229.462,309375985.16778,0
1758855600000,3957.46,3967.71,3943.00,3964.00,94791.709,1758859199999,374861280.70814,180448,43761.602,173080413.09107,0
1758859200000,3963.99,3975.99,3937.23,3944.30,143763.195,1758862799999,568581128.44899,195463,65538.973,259234601.32293,0
1758862800000,3944.30,3961.76,3917.03,3919.61,165947.982,1758866399999,652832676.24698,211377,66311.087,260975510.72719,0
1758866400000,3919.62,3947.03,3906.29,3919.00,193010.428,1758869999999,757846004.35656,262837,85680.887,336453499.15569,0
1758870000000,3919.00,3946.59,3905.13,3936.60,250408.062,1758873599999,981830495.07001,333079,119318.243,467799116.39297,0
1758873600000,3936.61,3943.31,3923.51,3932.28,116147.841,1758877199999,457151920.88145,190117,55506.295,218471917.98862,0
1758877200000,3932.29,3938.57,3891.66,3913.54,139860.472,1758880799999,547323079.93662,233651,68651.079,268673263.75302,0
1758880800000,3913.53,3915.00,3871.98,3886.42,221605.198,1758884399999,861278060.65653,281204,102491.581,398337987.67061,0
1758884400000,3886.42,3914.71,3871.00,3903.90,155194.235,1758887999999,604270780.22923,225825,82267.667,320298381.88465,0
1758888000000,3903.89,3961.00,3873.41,3935.34,397213.945,1758891599999,1556872416.60428,474480,213734.481,837750682.57143,0
1758891600000,3935.34,3985.00,3904.31,3968.87,442471.990,1758895199999,1746824491.91038,518444,251071.939,991800404.03376,0
1758895200000,3968.86,3977.00,3919.96,3929.64,277229.243,1758898799999,1093071375.20484,438125,127735.771,503620026.16182,0
1758898800000,3929.64,3960.79,3927.09,3944.42,143045.192,1758902399999,564697007.96811,278656,68506.454,270451355.47159,0
1758902400000,3944.41,3993.60,3941.00,3988.33,213593.699,1758905999999,849049789.57639,299737,120133.107,477538741.93455,0
1758906000000,3988.33,4044.00,3975.25,4042.26,343186.655,1758909599999,1379234395.73396,374070,179772.201,722391378.77734,0
1758909600000,4042.26,4066.39,4033.84,4041.60,275358.945,1758913199999,1115068545.75174,350438,137344.681,556262570.50631,0
1758913200000,4041.60,4043.37,4005.11,4021.40,233601.841,1758916799999,939840791.34413,271633,107752.387,433487503.90691,0
1758916800000,4021.40,4027.95,4006.50,4007.39,92214.905,1758920399999,370284453.67872,146523,46732.347,187669945.26034,0
1758920400000,4007.40,4023.94,4002.64,4021.37,68391.592,1758923999999,274385425.87809,97452,38782.438,155621143.87489,0
1758924000000,4021.37,4038.00,4017.36,4024.56,101201.698,1758927599999,407720841.84955,103000,53372.067,215022738.23490,0
1758927600000,4024.57,4035.60,4013.00,4030.17,67316.501,1758931199999,270958066.62709,91107,34307.733,138093022.81959,0
1758931200000,4030.17,4031.20,4014.99,4025.02,54022.971,1758934799999,217329255.33413,102304,23093.265,92898133.82685,0
1758934800000,4025.01,4027.50,4001.80,4016.69,59455.855,1758938399999,238634289.51748,102306,23363.837,93788507.67553,0
1758938400000,4016.70,4021.00,4008.00,4010.84,43082.834,1758941999999,172918894.99950,88365,23520.791,94407555.15500,0
1758942000000,4010.84,4027.84,4007.85,4017.20,58167.835,1758945599999,233757084.64881,88830,27093.130,108878427.61745,0
1758945600000,4017.21,4026.40,4012.80,4020.00,32728.180,1758949199999,131553485.34860,58558,17839.623,71713045.30100,0
1758949200000,4020.01,4020.01,4010.12,4018.05,33371.634,1758952799999,133984386.39980,59257,15650.835,62839661.73001,0
1758952800000,4018.05,4018.45,4010.50,4017.18,27904.901,1758956399999,111998080.66018,55414,14635.672,58743605.02343,0
1758956400000,4017.18,4020.58,4004.01,4005.99,56308.940,1758959999999,225851664.63723,68753,22320.283,89537862.15422,0
1758960000000,4006.00,4006.00,3981.01,3984.40,162197.242,1758963599999,647339783.61056,169695,71128.945,283898544.04338,0
1758963600000,3984.39,3996.43,3971.45,3993.59,131026.940,1758967199999,521740877.76319,147929,68936.792,274551297.67639,0
1758967200000,3993.58,4017.00,3987.40,4007.65,133999.332,1758970799999,536678237.72116,131744,77595.548,310800099.11970,0
1758970800000,4007.66,4011.80,3997.57,4000.86,64525.146,1758974399999,258437728.83386,68542,31475.483,126082496.56564,0
1758974400000,4000.87,4038.62,3992.95,4027.20,171634.176,1758977999999,689709645.38934,164600,106597.076,428412813.68950,0
1758978000000,4027.20,4030.61,4013.87,4018.41,71238.108,1758981599999,286452293.39970,93287,34220.038,137606385.59793,0
1758981600000,4018.41,4024.94,4007.34,4013.05,55359.939,1758985199999,222307467.93215,86694,24835.700,99738150.91051,0
1758985200000,4013.05,4020.49,3997.52,4017.20,97879.792,1758988799999,392355214.73950,120544,48012.351,192467893.44794,0
1758988800000,4017.21,4018.27,4002.33,4005.98,51839.088,1758992399999,207834116.43205,84203,24331.431,97554017.82763,0
1758992400000,4005.99,4006.17,3979.60,4000.01,185176.986,1758995999999,739153487.95640,170390,84521.247,337406218.31042,0
1758996000000,4000.00,4002.66,3984.89,3994.70,48663.475,1758999599999,194278834.45556,65760,20658.160,82477979.06672,0
1758999600000,3994.70,4001.69,3989.59,4000.66,35561.071,1759003199999,142085738.19570,46569,21393.345,85477726.13546,0
1759003200000,4000.66,4008.90,3998.62,4005.20,31647.722,1759006799999,126678542.86300,47741,17340.700,69417182.03624,0
1759006800000,4005.19,4019.75,4004.71,4013.32,29506.748,1759010399999,118381026.52180,40646,16079.938,64513882.41992,0
1759010400000,4013.31,4031.99,4012.50,4021.00,77372.080,1759013999999,311319329.69628,91438,43827.359,176363542.43406,0
1759014000000,4021.00,4025.69,4011.88,4017.01,50419.144,1759017599999,202554876.68222,68943,23303.610,93622124.64324,0
1759017600000,4017.01,4030.55,4003.85,4014.72,82981.037,1759021199999,333451384.59197,125174,43098.772,173206689.13295,0
1759021200000,4014.72,4016.40,3992.09,3995.01,100030.061,1759024799999,400468854.13213,130094,45344.485,181518287.22250,0
1759024800000,3995.00,4009.00,3993.80,3999.45,80424.691,1759028399999,321783541.95525,84872,39175.166,156748075.61619,0
1759028400000,3999.45,4008.50,3995.00,4000.58,35884.356,1759031999999,143557669.69181,55091,18387.807,73562430.20641,0
1759032000000,4000.57,4003.80,3994.55,4003.17,37020.767,1759035599999,148076894.08289,51092,19000.713,76003171.29807,0
1759035600000,4003.17,4018.50,4001.28,4008.99,47783.587,1759039199999,191561199.15588,62128,24173.815,96911394.85120,0
1759039200000,4009.00,4015.39,3995.00,4004.41,77867.493,1759042799999,311712212.45686,86718,37545.146,150289754.76923,0
1759042800000,4004.41,4014.75,4000.40,4013.00,49259.027,1759046399999,197466355.78670,61191,25741.665,103191136.91293,0
1759046400000,4013.01,4014.75,3998.18,4000.15,52428.604,1759049999999,209967162.48032,76113,23827.808,95420005.32182,0
1759050000000,4000.15,4004.68,3986.60,3993.77,91844.998,1759053599999,366888527.37515,110533,41275.320,164897114.89500,0
1759053600000,3993.77,3998.44,3982.45,3994.45,64959.797,1759057199999,259229009.83700,81532,33546.096,133882492.94865,0
1759057200000,3994.44,3995.19,3982.70,3990.72,63409.078,1759060799999,252877871.60240,87483,32966.052,131473135.01341,0
1759060800000,3990.73,3991.19,3963.10,3976.00,147872.672,1759064399999,587803364.69814,157950,59079.633,234886147.27683,0
1759064400000,3976.01,4022.82,3975.66,4011.74,198793.135,1759067999999,795361112.89025,178569,119622.298,478590435.49562,0
1759068000000,4011.75,4027.06,4006.65,4023.01,135657.835,1759071599999,544905653.36637,148707,72957.786,293111030.72109,0
1759071600000,4023.01,4027.87,4013.90,4019.91,96953.030,1759075199999,389764605.98287,119952,46441.052,186708808.48799,0
1759075200000,4019.92,4054.66,4019.91,4031.85,177121.743,1759078799999,714350833.41650,195447,100132.144,403945165.31878,0
1759078800000,4031.86,4049.98,4022.10,4038.01,152598.601,1759082399999,615971125.65282,171518,77950.340,314664491.27506,0
1759082400000,4038.00,4043.60,4033.38,4040.73,40327.578,1759085999999,162837861.66176,71284,21837.939,88179861.82447,0
1759086000000,4040.74,4044.87,4031.00,4037.43,34920.619,1759089599999,140967243.67386,57860,18040.796,72830595.86765,0
1759089600000,4037.44,4066.16,4033.76,4049.60,112781.401,1759093199999,457032426.58569,130171,67391.598,273126188.88462,0
1759093200000,4049.60,4060.59,4040.14,4048.29,44383.361,1759096799999,179693270.94361,60329,20350.189,82399206.95768,0
1759096800000,4048.29,4139.00,4048.25,4130.47,441448.997,1759100399999,1812465883.72665,451338,264989.949,1087754788.58121,0
1759100400000,4130.47,4143.05,4118.44,4139.55,148077.831,1759103999999,611669076.02741,221169,72755.148,300596167.84564,0
1759104000000,4139.54,4143.99,4120.69,4125.45,157308.891,1759107599999,650134989.67457,199603,69801.271,288495010.33177,0
1759107600000,4125.44,4135.84,4110.11,4112.67,111991.657,1759111199999,461634881.18671,178458,49357.536,203509533.28058,0
1759111200000,4112.66,4126.50,4105.45,4110.14,101048.276,1759114799999,415713447.08001,163597,48357.840,198965863.48429,0
1759114800000,4110.14,4119.68,4101.30,4119.68,79833.748,1759118399999,328025423.20737,123190,43305.953,177959446.83941,0
1759118400000,4119.67,4122.00,4111.38,4117.48,54063.880,1759121999999,222599622.56814,100088,24343.282,100225042.52877,0
1759122000000,4117.48,4118.76,4101.71,4112.40,67499.969,1759125599999,277248493.03637,104636,31811.126,130659691.16521,0
1759125600000,4112.40,4113.09,4093.39,4095.37,80478.181,1759129199999,330032257.11270,127300,35436.617,145335407.52277,0
1759129200000,4095.37,4111.35,4086.23,4106.60,85797.222,1759132799999,351676586.47963,133498,45370.105,185980428.58297,0
1759132800000,4106.60,4135.00,4106.24,4120.19,142198.976,1759136399999,585922743.19892,181951,76256.351,314222921.96576,0
1759136400000,4120.20,4138.00,4117.00,4132.79,122767.927,1759139999999,506633008.29532,144321,72016.270,297191836.64492,0
1759140000000,4132.78,4136.49,4112.10,4114.38,84760.356,1759143599999,349645879.91536,120226,39723.922,163901279.58526,0
1759143600000,4114.38,4115.30,4091.80,4100.88,130026.794,1759147199999,533336204.52496,176777,56988.246,233750705.75015,0
1759147200000,4100.88,4128.00,4090.60,4095.87,162159.395,1759150799999,665916610.79073,208324,80007.767,328670541.53182,0
1759150800000,4095.87,4184.40,4080.00,4166.99,570191.936,1759154399999,2361337832.81784,562605,296841.155,1229397483.08418,0
1759154400000,4166.98,4202.69,4156.99,4186.05,479667.193,1759157999999,2004616041.05749,486142,249488.445,1042795783.74201,0
1759158000000,4186.06,4197.27,4149.38,4162.72,261420.358,1759161599999,1090823278.25492,305660,113049.078,471749302.16041,0
1759161600000,4162.71,4172.83,4137.10,4140.00,181889.165,1759165199999,755664619.56496,230425,82753.965,343823911.08878,0
1759165200000,4140.00,4156.95,4125.21,4153.14,184089.100,1759168799999,762337257.93358,241663,94500.454,391426624.45910,0
1759168800000,4153.14,4161.19,4140.00,4160.00,75108.564,1759172399999,311758522.04638,131706,40582.792,168475534.91359,0
1759172400000,4159.99,4192.00,4157.70,4185.94,158663.005,1759175999999,662483636.44623,203484,84877.000,354438195.13032,0
1759176000000,4185.94,4232.78,4179.41,4224.86,239801.041,1759179599999,1009718553.05847,264751,131644.266,554304305.42945,0
1759179600000,4224.86,4234.27,4209.26,4222.17,83400.728,1759183199999,352147929.85505,115197,40811.814,172337483.95606,0
1759183200000,4222.17,4229.00,4211.62,4224.10,87601.471,1759186799999,369632365.65573,133157,41894.976,176792237.43921,0
1759186800000,4224.11,4228.24,4210.95,4212.98,79628.853,1759190399999,335901864.80674,112552,33303.703,140484793.37329,0
1759190400000,4212.99,4246.87,4192.17,4203.72,266445.790,1759193999999,1122563415.03826,306071,128443.877,541406189.72252,0
1759194000000,4203.71,4225.72,4187.79,4200.71,151459.278,1759197599999,636860355.33849,257565,68490.376,288005493.33613,0
1759197600000,4200.72,4208.85,4194.20,4196.50,71622.560,1759201199999,300810796.72756,144765,31776.771,133461709.07866,0
1759201200000,4196.49,4205.53,4185.26,4196.16,71312.327,1759204799999,299245396.34745,119456,35732.592,149952392.51316,0
1759204800000,4196.17,4198.71,4186.38,4186.62,49674.929,1759208399999,208305218.71804,88050,21185.681,88846139.26664,0
1759208400000,4186.62,4192.59,4167.22,4182.43,139722.327,1759211999999,583983447.47234,168418,64459.044,269414003.64609,0
1759212000000,4182.44,4201.13,4177.50,4188.06,108796.980,1759215599999,455968996.37625,130321,58802.925,246473480.69790,0
1759215600000,4188.07,4206.17,4172.00,4180.99,117216.363,1759219199999,490797263.14577,153224,62509.998,261773896.50068,0
1759219200000,4180.99,4182.00,4162.12,4167.33,115080.334,1759222799999,480068811.20203,145377,54293.985,226518780.68972,0
1759222800000,4167.33,4175.54,4131.67,4139.25,220473.548,1759226399999,915844710.74455,250841,102060.833,424085107.22558,0
1759226400000,4139.25,4163.69,4132.96,4156.17,148799.751,1759229999999,616999539.35547,185376,78973.164,327447973.17626,0
1759230000000,4156.17,4168.29,4145.69,4162.78,100889.132,1759233599999,419583409.74273,144172,53924.228,224271941.07143,0
1759233600000,4162.78,4174.00,4152.54,4156.16,81331.969,1759237199999,338602284.13658,131139,37319.919,155383379.70055,0
1759237200000,4156.15,4173.58,4138.77,4152.30,172780.357,1759240799999,718020426.28148,291219,83103.551,345411591.14339,0
1759240800000,4152.29,4159.00,4115.99,4147.05,316417.987,1759244399999,1307721113.14798,421094,146062.869,603768917.45797,0
1759244400000,4147.05,4148.00,4091.51,4118.09,334423.601,1759247999999,1375043381.72466,382576,161577.077,664360458.18940,0
1759248000000,4118.09,4125.56,4091.00,4097.86,154058.447,1759251599999,633014721.89845,252897,71547.923,293985316.49364,0
1759251600000,4097.87,4109.44,4092.15,4099.52,133626.625,1759255199999,547952830.93277,225573,69478.119,284918203.36756,0
1759255200000,4099.52,4117.13,4091.61,4114.89,86905.280,1759258799999,357022181.59228,157725,44749.041,183832758.57569,0
1759258800000,4114.88,4170.00,4106.81,4158.48,216375.675,1759262399999,895328755.29187,247216,128981.216,533754951.04810,0
1759262400000,4158.48,4196.00,4146.66,4194.12,171788.368,1759265999999,716537113.16945,219952,92056.822,384073446.44893,0
1759266000000,4194.12,4199.89,4149.76,4150.23,186061.569,1759269599999,776753912.50511,197845,67277.871,280979064.58755,0
1759269600000,4150.22,4169.19,4128.00,4137.67,139818.488,1759273199999,580053404.58426,195092,67767.558,281112681.72710,0
1759273200000,4137.68,4144.01,4113.04,4142.75,137811.257,1759276799999,568867697.06557,152315,64355.941,265697163.01414,0
1759276800000,4142.75,4150.00,4120.61,4146.65,103545.946,1759280399999,428321602.16579,163828,51786.981,214263101.50367,0
1759280400000,4146.65,4172.47,4139.94,4168.68,119141.056,1759283999999,495209230.84875,181554,62675.957,260504332.43944,0
1759284000000,4168.68,4168.93,4150.00,4150.99,80770.685,1759287599999,335968176.61650,123101,33136.240,137835516.80710,0
1759287600000,4151.00,4151.97,4126.05,4126.84,123666.298,1759291199999,511985898.55131,168925,50982.733,211078697.20117,0
1759291200000,4126.84,4155.00,4124.35,4138.47,102205.863,1759294799999,423423130.98761,163908,50240.912,208172781.13529,0
1759294800000,4138.47,4155.93,4137.79,4142.37,67623.710,1759298399999,280476930.49385,115744,38030.334,157760498.23174,0
1759298400000,4142.36,4145.38,4121.33,4124.64,105180.067,1759301999999,434744045.60565,162411,49389.944,204163056.38046,0
1759302000000,4124.65,4146.33,4123.00,4143.99,70646.994,1759305599999,292252072.99300,118761,41172.538,170328852.09124,0
1759305600000,4143.98,4329.00,4141.37,4289.99,1061676.000,1759309199999,4514962239.58225,893782,583666.835,2479377330.81963,0
1759309200000,4289.99,4317.11,4277.42,4308.43,377182.720,1759312799999,1619167981.42343,387669,176875.023,759400734.98055,0
1759312800000,4308.44,4310.98,4277.31,4280.40,162903.034,1759316399999,699125748.86315,204364,71166.395,305380809.76876,0
1759316400000,4280.40,4303.26,4280.40,4295.88,113754.723,1759319999999,488453769.73474,163639,54833.282,235450355.06318,0
1759320000000,4295.88,4312.34,4276.23,4282.37,188717.565,1759323599999,810363920.60056,254509,90950.954,390596500.28233,0
1759323600000,4282.37,4301.00,4277.20,4293.58,167448.731,1759327199999,718470791.95310,280366,86280.919,370192952.22545,0
1759327200000,4293.58,4337.99,4289.00,4321.58,372116.818,1759330799999,1606508376.52216,491216,190908.614,824255923.98507,0
1759330800000,4321.58,4343.29,4311.67,4325.01,183426.127,1759334399999,793913696.14448,251620,92480.999,400286654.87803,0
1759334400000,4325.01,4337.92,4315.60,4322.64,156309.744,1759337999999,676699337.11135,226911,73800.227,319499192.49198,0
1759338000000,4322.64,4331.60,4286.00,4291.55,184493.355,1759341599999,794529035.68665,228891,83825.617,361035322.41868,0
1759341600000,4291.55,4316.80,4289.93,4306.17,100834.595,1759345199999,434143938.12212,148463,51643.547,222344472.48826,0
1759345200000,4306.16,4338.04,4303.46,4332.24,135830.228,1759348799999,587710000.90609,164405,74156.064,320836058.31478,0
1759348800000,4332.23,4335.35,4310.81,4332.99,133190.709,1759352399999,575987318.48071,141597,60042.679,259681884.94460,0
1759352400000,4333.00,4333.47,4284.55,4302.52,115502.779,1759355999999,497408240.92166,137176,47844.104,206080130.87310,0
1759356000000,4302.52,4327.45,4302.52,4310.55,67452.330,1759359599999,290968263.47326,129199,36042.781,155474580.19000,0
1759359600000,4310.54,4356.07,4308.01,4345.85,142885.280,1759363199999,619225794.89390,210209,84053.747,364353965.74910,0
1759363200000,4345.85,4378.00,4331.08,4333.16,306245.055,1759366799999,1334095453.84835,429153,149991.879,653570181.92942,0
1759366800000,4333.17,4397.40,4330.11,4390.86,201192.018,1759370399999,879071156.88375,269678,115719.182,505633135.14767,0
1759370400000,4390.86,4397.56,4363.75,4383.68,200627.586,1759373999999,878770734.10997,302911,94648.765,414656053.94946,0
1759374000000,4383.69,4397.73,4369.17,4374.99,142648.371,1759377599999,625579134.16022,195114,67796.359,297422209.43460,0
1759377600000,4375.00,4383.74,4356.01,4370.90,119923.951,1759381199999,524037819.28889,148645,55476.937,242459257.08025,0
1759381200000,4370.90,4396.18,4368.49,4381.85,90387.322,1759384799999,396168499.19607,142658,44634.317,195639941.61465,0
1759384800000,4381.84,4422.30,4371.87,4401.53,318430.907,1759388399999,1401818019.37675,307671,169918.513,748063692.67572,0
1759388400000,4401.52,4407.67,4368.36,4373.65,113860.961,1759391999999,499481714.08227,153580,50999.728,223742875.15761,0
1759392000000,4373.65,4392.31,4366.34,4385.68,99796.840,1759395599999,437007187.71389,143305,51646.784,226216177.92334,0
1759395600000,4385.68,4394.37,4376.00,4389.36,53806.496,1759399199999,235971721.81978,102031,24421.634,107116800.27910,0
1759399200000,4389.36,4393.93,4372.80,4378.03,66228.324,1759402799999,290160928.98118,111460,31012.270,135872414.03420,0
1759402800000,4378.02,4392.55,4370.64,4377.24,70709.752,1759406399999,309762617.97082,120733,31477.577,137915768.23387,0
1759406400000,4377.24,4406.03,4374.00,4403.81,124917.038,1759409999999,548535801.09865,177342,70545.618,309816934.21211,0
1759410000000,4403.81,4416.96,4377.00,4414.97,274504.330,1759413599999,1207855614.91797,389985,134778.159,593085781.73818,0
1759413600000,4414.97,4418.88,4364.58,4372.55,315025.609,1759417199999,1383708116.29521,430625,154818.471,680152033.94737,0
1759417200000,4372.54,4441.67,4332.23,4435.49,565202.547,1759420799999,2481429601.83580,579614,293659.509,1290223545.97636,0
1759420800000,4435.50,4469.00,4423.33,4446.61,406003.975,1759424399999,1805043723.75086,480772,197503.010,878217374.76037,0
1759424400000,4446.61,4476.78,4436.73,4464.17,201548.085,1759427999999,898470481.68616,306652,105109.883,468639129.32348,0
1759428000000,4464.18,4495.71,4463.47,4485.01,188443.604,1759431599999,844669978.49440,268586,98491.730,441509809.54145,0
1759431600000,4485.00,4516.65,4481.69,4493.06,222207.964,1759435199999,999996869.09302,304177,118735.384,534367209.84427,0
1759435200000,4493.07,4495.36,4465.71,4488.99,112244.754,1759438799999,502950544.69392,180718,59498.137,266627114.09300,0
1759438800000,4489.00,4494.76,4465.62,4466.66,68191.035,1759442399999,305522805.49497,97010,27830.847,124714594.91069,0
1759442400000,4466.66,4483.13,4453.46,4461.86,127899.159,1759445999999,570992712.11456,172410,50769.380,226713376.30385,0
1759446000000,4461.85,4485.31,4460.52,4481.70,81620.561,1759449599999,364976474.17342,121134,49046.820,219337500.34863,0
1759449600000,4481.70,4481.71,4463.20,4466.48,63308.172,1759453199999,283030069.87288,122648,27841.710,124454656.34395,0
1759453200000,4466.49,4477.90,4459.01,4469.64,102605.179,1759456799999,458490492.31170,153212,43479.245,194285651.61763,0
1759456800000,4469.64,4514.51,4469.08,4508.00,174622.097,1759460399999,784924584.96859,235651,95241.983,428164785.22226,0
1759460400000,4508.00,4559.00,4487.53,4498.96,324774.572,1759463999999,1470092765.97979,394564,155160.996,702728192.66588,0
1759464000000,4498.97,4509.25,4475.00,4494.98,119477.698,1759467599999,536932296.44475,172690,52399.410,235596871.22927,0
1759467600000,4494.88,4499.72,4464.28,4474.70,131440.415,1759471199999,588516459.84080,171243,60189.083,269492571.02380,0
1759471200000,4474.69,4484.11,4456.13,4470.10,104985.058,1759474799999,469493488.64335,161805,47922.115,214359602.98541,0
1759474800000,4470.10,4474.82,4451.46,4460.84,116942.602,1759478399999,521429150.47081,172210,59573.261,265627067.91887,0
1759478400000,4460.84,4465.78,4426.00,4464.55,218858.786,1759481999999,973082291.92075,258450,106961.595,475656153.93303,0
1759482000000,4464.56,4479.84,4454.00,4471.75,122882.167,1759485599999,549072279.09903,156652,67512.509,301706276.33232,0
1759485600000,4471.75,4493.08,4465.56,4487.34,90509.718,1759489199999,405547717.76104,119907,45643.901,204544981.84919,0
1759489200000,4487.34,4488.00,4463.50,4476.20,98714.048,1759492799999,441876279.01542,141008,42654.606,190961788.60690,0
1759492800000,4476.20,4490.45,4470.84,4480.59,76255.714,1759496399999,341640670.19241,164111,36328.023,162762411.70904,0
1759496400000,4480.58,4502.99,4446.18,4468.51,225687.795,1759499999999,1009996430.75666,369698,114299.506,511639733.57726,0
1759500000000,4468.51,4488.14,4433.64,4480.92,261000.814,1759503599999,1164196274.40405,409679,132669.256,591881508.02394,0
1759503600000,4480.91,4540.77,4455.51,4533.20,299122.062,1759507199999,1345139472.66672,414737,162760.177,732157074.67162,0
1759507200000,4533.20,4590.83,4518.03,4523.25,573538.911,1759510799999,2610242752.38737,700613,286076.414,1302485774.52548,0
1759510800000,4523.24,4524.70,4451.51,4469.53,660273.219,1759514399999,2964671156.07824,780364,306404.561,1375866296.48067,0
1759514400000,4469.56,4510.00,4446.90,4509.82,214896.771,1759517999999,963673029.07107,380330,109744.313,492308468.58007,0
1759518000000,4509.82,4544.01,4500.79,4517.65,176824.539,1759521599999,799817884.42275,262401,103987.084,470449230.39707,0
1759521600000,4517.66,4541.21,4491.37,4533.38,112624.572,1759525199999,508387305.38302,193458,54309.821,245226381.68845,0
1759525200000,4533.39,4535.81,4512.22,4521.10,61506.897,1759528799999,278334728.84246,97608,27535.242,124592118.32291,0
1759528800000,4521.11,4533.00,4521.10,4526.41,37108.973,1759532399999,168013237.01917,86653,20263.200,91744215.01231,0
1759532400000,4526.41,4527.27,4505.01,4511.11,53367.293,1759535999999,240979261.33387,88461,23690.235,106970730.72424,0
1759536000000,4511.12,4515.48,4493.05,4499.99,85338.595,1759539599999,384204190.27991,134523,38954.640,175389890.93005,0
1759539600000,4500.00,4500.77,4466.00,4478.27,114073.825,1759543199999,511150308.92527,147612,43543.195,195112636.85467,0
1759543200000,4478.27,4488.00,4460.00,4482.66,100301.644,1759546799999,448900382.49769,148627,49006.469,219368778.30333,0
1759546800000,4482.66,4486.59,4467.99,4484.48,58809.702,1759550399999,263371702.58860,107291,29548.126,132342924.18851,0
1759550400000,4484.48,4497.39,4477.07,4491.62,53144.677,1759553999999,238518079.43870,98975,28958.964,129977074.02406,0
1759554000000,4491.62,4508.91,4490.00,4501.61,80523.867,1759557599999,362275114.44062,117059,39749.726,178846459.23353,0
1759557600000,4501.60,4515.80,4500.18,4504.99,66804.336,1759561199999,301216201.53663,105509,30830.086,139021805.50470,0
1759561200000,4504.99,4512.60,4491.68,4496.23,71443.040,1759564799999,321542885.89012,97969,34403.543,154845046.86676,0
1759564800000,4496.24,4501.11,4480.20,4487.28,83722.023,1759568399999,375919923.72504,114094,40293.546,180951767.28676,0
1759568400000,4487.29,4501.21,4480.94,4487.63,56841.312,1759571999999,255344254.29392,88448,26889.204,120810245.11245,0
1759572000000,4487.63,4502.45,4481.10,4485.74,59662.796,1759575599999,267909954.34745,87374,28122.819,126310227.95296,0
1759575600000,4485.73,4493.66,4478.01,4482.43,43032.734,1759579199999,193064589.94969,79646,19596.820,87925346.39000,0
1759579200000,4482.42,4487.52,4473.91,4478.04,57744.901,1759582799999,258810823.42969,91020,30125.248,135024346.72040,0
1759582800000,4478.05,4507.66,4477.03,4497.85,107660.779,1759586399999,484301756.56788,136201,49630.222,223252345.54540,0
1759586400000,4497.86,4509.89,4467.02,4468.26,118114.935,1759589999999,530191003.22403,154926,51302.386,230390588.73494,0
1759590000000,4468.26,4481.49,4438.80,4453.13,283107.151,1759593599999,1261743325.20661,334937,125243.721,558350959.56540,0
1759593600000,4453.14,4466.06,4438.00,4465.21,128567.006,1759597199999,572512231.77836,201173,65940.228,293689463.32659,0
1759597200000,4465.20,4475.04,4450.89,4462.18,76237.895,1759600799999,340352814.95435,116588,38079.380,170023404.71165,0
1759600800000,4462.19,4465.77,4448.55,4453.37,46522.102,1759604399999,207307909.62428,80585,19971.053,88997607.11998,0
1759604400000,4453.36,4467.00,4453.36,4465.39,30097.542,1759607999999,134277214.00605,54672,17356.819,77429856.78008,0
1759608000000,4465.40,4483.82,4465.40,4473.00,52133.694,1759611599999,233377403.57928,76797,26086.037,116768031.98910,0
1759611600000,4473.00,4492.42,4473.00,4482.50,51463.342,1759615199999,230838165.91670,60217,28436.604,127566159.93789,0
1759615200000,4482.50,4492.41,4477.85,4487.16,38386.019,1759618799999,172202999.77055,71048,20163.747,90462749.94097,0
1759618800000,4487.17,4488.00,4480.00,4484.79,23807.451,1759622399999,106751641.85768,46478,11326.938,50788115.89692,0
1759622400000,4484.79,4492.04,4465.01,4469.59,54235.345,1759625999999,242909155.33607,85976,25819.133,115652290.23013,0
1759626000000,4469.59,4487.34,4468.85,4485.96,43574.848,1759629599999,195211577.44145,73623,24224.682,108529467.38438,0
1759629600000,4485.96,4550.09,4477.71,4547.51,394388.875,1759633199999,1783802408.12746,460542,230587.461,1042942905.89769,0
1759633200000,4547.50,4575.14,4525.68,4530.11,312771.358,1759636799999,1423509220.77632,488431,156256.458,711290342.09941,0
1759636800000,4530.10,4587.99,4526.70,4573.16,246094.285,1759640399999,1122240133.94995,420076,126180.478,575455441.75801,0
1759640400000,4573.16,4584.56,4555.91,4568.08,145244.583,1759643999999,663535296.31316,272783,70707.482,323014565.06183,0
1759644000000,4568.08,4572.70,4550.00,4558.39,91309.401,1759647599999,416567838.65482,158972,40899.030,186593096.87541,0
1759647600000,4558.40,4614.19,4557.64,4604.91,224989.127,1759651199999,1032274995.39467,322195,130374.200,598280987.16657,0
1759651200000,4604.91,4618.44,4582.64,4586.75,216743.883,1759654799999,996816948.31694,285692,104785.867,481986153.60991,0
1759654800000,4586.75,4589.42,4536.95,4548.52,303885.945,1759658399999,1385838408.95253,407191,136117.785,620791420.29153,0
1759658400000,4548.53,4550.96,4521.61,4540.83,250694.071,1759661999999,1137294711.73721,343908,115792.034,525321244.50780,0
1759662000000,4540.84,4554.99,4533.79,4549.08,96664.207,1759665599999,439428778.40176,185542,50007.028,227347102.38089,0
1759665600000,4549.09,4549.09,4528.00,4529.99,101730.581,1759669199999,461662179.34037,171907,42701.407,193819272.10672,0
1759669200000,4530.00,4542.30,4529.63,4536.97,63524.769,1759672799999,288119476.07454,123113,32973.132,149556184.28121,0
1759672800000,4536.98,4548.94,4528.75,4533.70,86045.279,1759676399999,390582929.76827,143051,41728.524,189443150.54103,0
1759676400000,4533.69,4542.52,4525.00,4530.61,62441.531,1759679999999,282988998.66733,106750,27346.551,123943195.02748,0
1759680000000,4530.60,4539.53,4488.24,4526.87,225337.218,1759683599999,1017434270.94027,242409,98513.482,445000817.44054,0
1759683600000,4526.88,4536.48,4501.52,4510.21,113129.407,1759687199999,511254365.37268,178849,51488.349,232688971.37530,0
1759687200000,4510.21,4524.00,4495.00,4517.02,81001.140,1759690799999,365312645.73350,138863,45943.263,207243906.09366,0
1759690800000,4517.03,4517.61,4480.00,4485.33,99694.001,1759694399999,448092673.08207,161015,37893.443,170355116.11185,0
1759694400000,4485.32,4508.45,4470.74,4496.54,105259.593,1759697999999,472737816.77094,152994,52758.897,236996513.20749,0
1759698000000,4496.53,4507.08,4490.00,4503.51,38016.451,1759701599999,171051089.11566,77384,16784.475,75520085.31161,0
1759701600000,4503.51,4517.72,4499.00,4511.28,55933.185,1759705199999,252205180.90996,127096,31046.806,139997996.72404,0
1759705200000,4511.25,4522.22,4510.26,4512.34,63656.624,1759708799999,287510853.76617,105444,30093.379,135921212.66961,0
1759708800000,4512.35,4551.74,4486.05,4497.80,240413.054,1759712399999,1086123062.68297,355884,125013.659,565148914.45663,0
1759712400000,4497.79,4540.93,4488.18,4526.03,158878.409,1759715999999,718141158.90562,259682,81290.728,367412937.57990,0
1759716000000,4526.03,4549.50,4503.59,4536.80,131901.878,1759719599999,597243986.25202,217610,67990.204,307943207.63213,0
1759719600000,4536.80,4541.20,4526.00,4534.90,51104.496,1759723199999,231693826.32027,132700,25643.520,116270505.25171,0
1759723200000,4534.90,4540.92,4520.06,4523.03,48778.590,1759726799999,220964407.03840,108988,20918.338,94769609.24306,0
1759726800000,4523.03,4528.44,4507.63,4526.23,76219.839,1759730399999,344298031.58513,133357,37110.524,167629858.01572,0
1759730400000,4526.23,4575.90,4525.45,4558.41,191595.992,1759733999999,872813713.90948,272472,98972.172,450821467.28571,0
1759734000000,4558.42,4576.58,4526.46,4530.98,159902.766,1759737599999,727503196.80625,237483,72172.444,328379125.86858,0
1759737600000,4530.99,4565.89,4530.99,4559.52,127381.141,1759741199999,579790621.48772,173488,65638.675,298779824.38152,0
1759741200000,4559.53,4575.95,4558.16,4571.17,87992.468,1759744799999,401908351.52819,147695,44602.852,203727924.92910,0
1759744800000,4571.16,4578.17,4556.02,4571.42,86997.125,1759748399999,397229665.02838,148392,39021.165,178189365.42980,0
1759748400000,4571.41,4593.25,4562.85,4569.54,137042.387,1759751999999,627180292.53758,197637,70630.030,323300795.05599,0
1759752000000,4569.54,4595.00,4568.00,4579.01,119733.625,1759755599999,548663102.80114,177632,66282.600,303745451.23649,0
1759755600000,4579.01,4637.00,4574.94,4636.81,440491.066,1759759199999,2030435129.99761,563739,248975.886,1148014230.73596,0
1759759200000,4636.81,4676.63,4628.92,4637.13,471856.240,1759762799999,2194408462.59325,609918,231170.012,1075241396.13614,0
1759762800000,4637.14,4692.91,4636.38,4671.24,295675.272,1759766399999,1381739900.55937,387383,155464.541,726556481.31064,0
1759766400000,4671.24,4682.88,4657.56,4676.61,124850.531,1759769999999,583097594.87571,230719,61559.837,287524075.38133,0
1759770000000,4676.59,4718.00,4672.27,4694.31,300904.465,1759773599999,1413771190.81318,390365,151734.600,712923952.41205,0
1759773600000,4694.30,4715.78,4677.67,4710.00,136492.895,1759777199999,641065109.75280,217248,68492.282,321732931.75242,0
1759777200000,4710.00,4732.38,4692.92,4720.86,191897.953,1759780799999,903506270.96573,269008,94426.677,444726395.97268,0
1759780800000,4720.85,4734.99,4684.00,4686.99,158999.362,1759784399999,748402598.76327,229135,75367.141,354732845.51880,0
1759784400000,4686.99,4696.00,4670.40,4691.77,112049.875,1759787999999,524727792.09453,142152,53368.025,249975615.78926,0
1759788000000,4691.78,4706.77,4680.01,4696.98,82210.253,1759791599999,385970521.52905,170461,44599.108,209409614.66444,0
1759791600000,4696.99,4703.60,4682.00,4682.43,55180.291,1759795199999,258939401.85278,146071,21829.439,102447437.54007,0
1759795200000,4682.42,4691.01,4670.26,4678.01,74890.040,1759798799999,350394165.69900,156100,38669.422,180915709.33003,0
1759798800000,4678.01,4697.99,4660.03,4674.24,101246.913,1759802399999,473503092.70697,186877,45826.741,214358646.61050,0
1759802400000,4674.25,4690.46,4666.91,4684.83,67861.820,1759805999999,317517501.53273,143802,34767.588,162701824.59459,0
1759806000000,4684.83,4694.50,4676.56,4688.73,65267.392,1759809599999,305836080.83319,132344,31973.740,149835419.62815,0
1759809600000,4688.74,4717.06,4677.08,4711.70,116197.211,1759813199999,546171279.10953,182928,64105.676,301354636.85124,0
1759813200000,4711.69,4730.65,4703.00,4709.41,132626.286,1759816799999,625309307.77096,203511,61854.138,291682497.37908,0
1759816800000,4709.42,4717.89,4663.48,4667.48,201957.674,1759820399999,946023575.89302,281570,89490.471,419165656.71366,0
1759820400000,4667.49,4681.47,4662.01,4676.83,115902.482,1759823999999,541570538.00929,196098,54706.779,255661727.37481,0
1759824000000,4676.84,4678.20,4636.00,4668.87,279233.441,1759827599999,1299813497.06301,349015,134061.376,624094767.65989,0
1759827600000,4668.88,4682.00,4666.38,4678.64,84790.067,1759831199999,396380073.85521,151376,43725.015,204426314.72188,0
1759831200000,4678.65,4695.80,4671.46,4690.08,92579.707,1759834799999,434035960.24185,159313,50891.643,238618208.97865,0
1759834800000,4690.08,4712.12,4684.85,4706.44,112081.053,1759838399999,526596497.12673,162017,60001.235,281940732.09022,0
1759838400000,4706.44,4746.00,4693.27,4746.00,205781.338,1759841999999,971042516.30488,276635,114030.752,538262468.57770,0
1759842000000,4746.00,4754.00,4661.00,4702.00,620094.756,1759845599999,2922014825.26470,698867,298512.582,1406786121.31472,0
1759845600000,4702.00,4708.51,4588.08,4591.68,710859.820,1759849199999,3295489676.64074,819559,323807.180,1500858049.03248,0
1759849200000,4591.69,4604.65,4472.94,4510.30,1145235.104,1759852799999,5192052851.29812,1111347,547671.873,2483070747.21787,0
1759852800000,4510.30,4522.33,4452.04,4497.23,633982.693,1759856399999,2847854065.03600,663476,313167.673,1407032481.70060,0
1759856400000,4497.23,4505.98,4466.24,4473.75,218114.347,1759859999999,978900922.99232,347249,103280.925,463602912.50147,0
1759860000000,4473.75,4482.00,4440.45,4462.53,277412.089,1759863599999,1238347158.34461,343970,118389.507,528637389.17342,0
1759863600000,4462.53,4493.70,4457.10,4477.54,197982.527,1759867199999,886087525.39068,285215,100387.100,449340037.38686,0
1759867200000,4477.55,4514.66,4474.18,4507.37,134603.769,1759870799999,605876050.69081,191589,71600.727,322251138.64412,0
1759870800000,4507.37,4512.23,4477.72,4491.26,72664.932,1759874399999,326825606.90361,128447,30703.848,138128450.86077,0
1759874400000,4491.26,4504.18,4480.50,4495.67,51455.486,1759877999999,231284249.22109,139458,28122.036,126400040.02046,0
1759878000000,4495.67,4497.03,4422.44,4445.76,233635.725,1759881599999,1041024001.93270,299052,104127.380,464106049.95691,0
1759881600000,4445.77,4478.86,4431.15,4469.30,168429.489,1759885199999,750776084.30538,294607,90530.586,403534089.75419,0
1759885200000,4469.30,4487.31,4455.70,4480.69,89305.379,1759888799999,399625082.57170,216606,44458.725,198950781.67536,0
1759888800000,4480.70,4497.05,4471.00,4479.01,102491.415,1759892399999,459601211.60737,186376,54483.549,244342511.73767,0
1759892400000,4479.00,4479.01,4430.54,4441.83,186550.533,1759895999999,829770486.73947,292206,78748.264,350221207.25189,0
1759896000000,4441.82,4464.17,4408.69,4459.98,216619.787,1759899599999,961145673.45781,290530,108755.257,482766034.45700,0
1759899600000,4459.98,4460.66,4418.58,4436.16,132342.774,1759903199999,587188887.97251,232308,59826.570,265453848.47049,0
1759903200000,4436.17,4457.00,4422.08,4453.46,85653.660,1759906799999,380605649.98320,175089,47119.209,209429651.87068,0
1759906800000,4453.46,4462.20,4440.04,4461.08,85097.039,1759910399999,378775774.60361,185024,44579.759,198449124.02158,0
1759910400000,4461.08,4494.38,4455.70,4473.13,196957.445,1759913999999,881636237.93028,271536,102720.612,459837438.14600,0
1759914000000,4473.12,4482.70,4469.00,4482.47,63749.307,1759917599999,285371929.02733,141361,31952.543,143029630.78327,0
1759917600000,4482.47,4502.97,4477.46,4497.68,117782.041,1759921199999,528963203.36195,199410,59712.171,268193188.27963,0
1759921200000,4497.69,4505.00,4480.40,4485.21,99059.716,1759924799999,445006441.74325,159266,43258.787,194345077.02692,0
1759924800000,4485.20,4494.77,4466.70,4476.34,109510.859,1759928399999,490387085.71144,202793,44228.777,198058797.37677,0
1759928400000,4476.34,4487.27,4436.16,4474.03,241055.259,1759931999999,1075698151.86404,402173,116321.756,519214323.31101,0
1759932000000,4474.03,4522.00,4435.00,4448.00,447300.077,1759935599999,2005763374.32408,589092,213656.296,958725696.51090,0
1759935600000,4447.99,4466.97,4434.59,4445.11,157470.262,1759939199999,700881075.13020,322264,77120.952,343277055.65283,0
1759939200000,4445.10,4497.95,4436.55,4494.55,233558.095,1759942799999,1042696096.65376,327919,144384.846,644752341.78263,0
1759942800000,4494.54,4556.75,4487.72,4536.99,410351.353,1759946399999,1858687156.22306,488493,212424.853,962117205.77131,0
1759946400000,4536.99,4542.80,4510.90,4521.42,191292.191,1759949999999,866023035.49723,315676,95575.564,432782272.09678,0
1759950000000,4521.41,4525.20,4495.01,4512.64,168655.827,1759953599999,760541307.55028,252866,74300.629,335113351.47404,0
1759953600000,4512.65,4524.00,4497.30,4501.44,73815.326,1759957199999,333040971.13916,148480,36784.715,166001113.71590,0
1759957200000,4501.44,4526.24,4499.71,4523.78,57988.798,1759960799999,261857338.42051,90265,30599.998,138184176.11844,0
1759960800000,4523.79,4537.73,4518.59,4519.40,56777.668,1759964399999,257001070.91135,109420,29330.579,132782893.88565,0
1759964400000,4519.40,4536.00,4506.62,4523.67,63269.152,1759967999999,286084089.19658,115267,28439.319,128601505.24028,0
1759968000000,4523.66,4529.15,4505.58,4509.01,72467.071,1759971599999,327289980.14564,144564,33302.928,150413837.59546,0
1759971600000,4509.01,4512.06,4460.23,4477.25,248288.034,1759975199999,1112738486.03018,307550,105841.421,474282425.88225,0
1759975200000,4477.24,4479.78,4400.00,4410.76,303094.666,1759978799999,1343472889.55332,400199,123006.590,545358768.86180,0
1759978800000,4410.76,4451.56,4410.00,4448.81,137882.585,1759982399999,611525967.39877,202140,76049.282,337233702.19123,0
1759982400000,4448.80,4456.60,4436.25,4452.85,81941.622,1759985999999,364496505.78816,140257,40948.504,182166720.71544,0
1759986000000,4452.85,4458.83,4435.41,4452.53,80921.590,1759989599999,359699549.12834,128351,42475.879,188817337.96366,0
1759989600000,4452.54,4452.67,4421.00,4426.81,142466.771,1759993199999,631574206.54017,193871,59717.384,264694438.28992,0
1759993200000,4426.81,4435.78,4408.00,4424.43,129395.971,1759996799999,572280958.33192,180932,58805.248,260118422.04626,0
1759996800000,4424.42,4425.17,4316.59,4326.26,704997.371,1760000399999,3072548555.01459,677151,309678.063,1349376496.83995,0
1760000400000,4326.26,4355.14,4323.83,4333.29,223141.752,1760003999999,968607339.24118,311998,118358.859,513812640.04246,0
1760004000000,4333.29,4356.65,4323.00,4352.46,169226.895,1760007599999,734821708.29175,235911,94486.241,410305374.44834,0
1760007600000,4352.45,4385.04,4352.03,4371.00,145854.109,1760011199999,637275044.27120,223088,75687.230,330680952.66301,0
1760011200000,4370.99,4411.46,4367.50,4402.00,222214.567,1760014799999,975828865.09359,297141,120319.828,528371234.10068,0
1760014800000,4402.00,4405.22,4345.61,4349.35,358037.845,1760018399999,1566582297.85724,453939,163457.980,715259558.09055,0
1760018400000,4349.36,4373.32,4303.00,4343.67,458568.293,1760021999999,1988910657.71879,651414,230438.637,999617355.70516,0
1760022000000,4343.67,4362.18,4290.00,4312.81,361416.903,1760025599999,1561059792.20040,481860,174319.673,753044098.56954,0
1760025600000,4312.81,4326.25,4262.55,4275.42,385456.976,1760029199999,1655677341.37572,454753,159951.591,687244063.76899,0
1760029200000,4275.43,4335.87,4267.21,4332.65,260980.537,1760032799999,1122864629.57936,399501,146657.069,631141010.03368,0
1760032800000,4332.66,4339.12,4298.17,4306.17,176197.523,1760036399999,761169192.78863,256354,83397.882,360338746.11550,0
1760036400000,4306.17,4343.69,4305.40,4336.39,109501.983,1760039999999,473682948.65818,200313,58422.647,252738230.55559,0
1760040000000,4336.38,4346.00,4325.30,4335.06,79776.862,1760043599999,345921957.77394,161034,34955.186,151575910.96356,0
1760043600000,4335.05,4357.35,4333.61,4355.88,65908.097,1760047199999,286622932.53266,104905,37035.565,161082218.19580,0
1760047200000,4355.89,4381.42,4350.50,4375.84,108149.427,1760050799999,472430637.42062,153726,58934.563,257476314.97862,0
1760050800000,4375.85,4377.15,4355.33,4365.83,76683.206,1760054399999,334702284.59382,123070,33758.301,147343338.40019,0
1760054400000,4365.83,4382.55,4360.28,4378.92,86635.701,1760057999999,378777730.80418,130438,44715.344,195514964.53369,0
1760058000000,4378.92,4392.00,4368.92,4371.61,101298.331,1760061599999,443682916.59867,145980,47709.528,209029866.81280,0
1760061600000,4371.61,4378.92,4347.78,4357.73,122116.653,1760065199999,532864947.83011,172463,51642.234,225360752.16986,0
1760065200000,4357.74,4391.86,4340.61,4345.01,190463.862,1760068799999,831211202.43236,271660,94194.594,411284046.43822,0
1760068800000,4345.01,4360.70,4330.03,4342.59,116803.003,1760072399999,507601441.30853,202207,53411.685,232155890.52468,0
1760072400000,4342.60,4368.65,4325.18,4366.56,122872.259,1760075999999,534203364.14106,201485,69105.496,300497833.57474,0
1760076000000,4366.57,4376.00,4318.20,4325.66,150189.129,1760079599999,652624261.83413,247140,71009.244,308613170.33985,0
1760079600000,4325.66,4332.54,4312.53,4321.06,153076.710,1760083199999,661677848.59489,227201,72108.689,311690161.71905,0
1760083200000,4321.05,4347.98,4311.00,4343.92,95935.836,1760086799999,415453838.66951,177091,47260.464,204677923.74049,0
1760086800000,4343.91,4349.70,4315.79,4319.99,119710.649,1760090399999,518687768.53535,173226,61544.660,266689279.07910,0
1760090400000,4319.98,4343.84,4318.39,4340.59,64465.379,1760093999999,279189950.35258,128538,31492.869,136395493.14146,0
1760094000000,4340.59,4345.92,4326.38,4341.42,57104.282,1760097599999,247721212.18808,125244,30090.737,130532789.79990,0
1760097600000,4341.42,4350.72,4332.01,4346.42,70484.611,1760101199999,306004814.72696,132377,33891.523,147150283.38552,0
1760101200000,4346.43,4388.43,4342.80,4353.80,291947.426,1760104799999,1273733752.34912,402646,151110.303,659375448.68137,0
1760104800000,4353.80,4373.70,4276.02,4277.71,383738.052,1760108399999,1657007569.15453,497453,167603.894,724067499.69537,0
1760108400000,4277.70,4281.40,4067.44,4100.48,1855522.423,1760111999999,7725840071.76142,1814893,845650.285,3519173978.80222,0
1760112000000,4100.49,4136.08,4083.32,4106.36,509414.722,1760115599999,2094612963.84364,667069,247385.116,1017323220.01368,0
1760115600000,4106.36,4110.53,4075.00,4092.01,305267.984,1760119199999,1250569325.59860,465309,150066.611,614842706.32941,0
1760119200000,4092.01,4098.47,4051.60,4051.85,302318.479,1760122799999,1231490778.57652,459716,140438.809,572329008.44649,0
1760122800000,4051.85,4062.57,3947.77,3994.99,1062387.145,1760126399999,4255527804.06878,1072544,502668.380,2013713746.27657,0
1760126400000,3994.99,4022.18,3831.55,3864.76,980850.053,1760129999999,3855524268.18823,925580,436733.347,1718779932.21482,0
1760130000000,3864.76,3980.68,3400.00,3941.17,3548192.922,1760133599999,13149386593.39867,4350774,1684660.871,6257452456.25568,0
1760133600000,3941.17,3947.66,3820.00,3852.95,842804.872,1760137199999,3265347077.80363,1935971,394141.796,1527239279.60989,0
1760137200000,3852.96,3911.12,3783.99,3819.99,483518.564,1760140799999,1861196235.28556,964020,237542.686,915368819.68583,0
1760140800000,3820.00,3874.28,3800.10,3833.53,314586.226,1760144399999,1207464056.38563,577688,159637.452,612730641.34622,0
1760144400000,3833.53,3836.28,3725.00,3732.11,390005.386,1760147999999,1470122084.25350,588807,177046.528,667650994.23287,0
1760148000000,3732.10,3860.39,3728.18,3839.04,343608.149,1760151599999,1305509729.61104,612947,193894.338,736506917.15527,0
1760151600000,3839.05,3845.97,3753.38,3789.56,238849.988,1760155199999,904517197.60153,482650,122287.244,462870430.62760,0
1760155200000,3789.55,3818.55,3778.23,3818.54,184050.831,1760158799999,699072052.17868,363392,90898.508,345312409.15439,0
1760158800000,3818.54,3831.02,3760.22,3786.88,193664.811,1760162399999,733437285.77047,369447,103247.030,391004680.16449,0
1760162400000,3786.89,3811.27,3770.01,3779.00,147634.559,1760165999999,559442832.18097,295300,73924.043,280152155.33564,0
1760166000000,3778.99,3783.88,3731.20,3757.27,315000.805,1760169599999,1184072821.33031,492931,159166.804,598496838.84270,0
1760169600000,3757.27,3819.80,3746.62,3812.89,247418.662,1760173199999,938850493.72727,428905,132067.616,501205294.18865,0
1760173200000,3812.89,3845.98,3810.39,3827.52,206932.505,1760176799999,792219520.46602,341799,111779.709,427954061.24359,0
1760176800000,3827.53,3856.00,3816.01,3832.36,136428.953,1760180399999,523414542.88745,262558,71158.393,273042953.79936,0
1760180400000,3832.35,3841.14,3784.51,3838.68,193345.526,1760183999999,737794857.76269,293989,91689.181,350064139.61572,0
1760184000000,3838.67,3844.00,3804.15,3821.50,128355.995,1760187599999,490904355.81567,251762,63655.881,243464955.56679,0
1760187600000,3821.51,3836.99,3783.07,3830.21,204852.184,1760191199999,780828286.11057,343109,107640.872,410298269.06210,0
1760191200000,3830.21,3836.00,3795.43,3812.39,122729.266,1760194799999,467599257.98010,256035,62099.582,236533864.35173,0
1760194800000,3812.40,3853.43,3811.86,3822.58,197857.139,1760198399999,758246638.18338,318927,99676.737,382006937.25120,0
1760198400000,3822.58,3845.98,3807.00,3817.34,137447.625,1760201999999,525690593.65700,280304,70593.975,269979657.56010,0
1760202000000,3817.34,3839.61,3811.00,3823.19,86535.209,1760205599999,330907179.57704,209372,42083.206,160908323.36124,0
1760205600000,3823.19,3823.61,3808.62,3813.16,59899.272,1760209199999,228571829.29665,133588,28368.438,108247490.43016,0
1760209200000,3813.17,3814.09,3728.32,3758.00,350418.240,1760212799999,1318254293.01260,566778,160092.705,602043184.96225,0
1760212800000,3758.00,3764.92,3658.00,3693.73,421141.136,1760216399999,1560599418.26589,784163,185313.925,686969912.72675,0
1760216400000,3693.73,3742.42,3640.00,3734.34,341809.049,1760219999999,1262642113.73876,553431,175920.015,650595304.96202,0
1760220000000,3734.34,3762.39,3722.86,3740.81,153493.392,1760223599999,574299116.17305,330860,81430.814,304735011.52714,0
1760223600000,3740.80,3750.51,3730.01,3744.99,99523.560,1760227199999,372374801.40522,254513,49714.770,186029567.73724,0
1760227200000,3744.99,3762.80,3692.96,3699.77,212990.893,1760230799999,793939837.96555,371726,108132.993,403201385.18379,0
1760230800000,3699.79,3738.60,3693.20,3717.46,201341.432,1760234399999,748918203.75904,410642,106447.230,395910750.82308,0
1760234400000,3717.45,3748.59,3705.03,3732.36,191320.987,1760237999999,712155007.61941,350444,100823.831,375331341.15627,0
1760238000000,3732.37,3819.33,3725.60,3779.99,347311.002,1760241599999,1311521111.37752,478948,191642.949,723741702.51294,0
1760241600000,3779.99,3821.95,3774.08,3800.36,204575.476,1760245199999,778092646.13469,301805,108056.775,410939029.81265,0
1760245200000,3800.35,3815.43,3794.64,3804.25,120990.860,1760248799999,460640982.95561,170539,59472.446,226426451.38193,0
1760248800000,3804.24,3837.88,3801.69,3830.55,160848.243,1760252399999,615108438.36025,178663,85969.412,328766041.06910,0
1760252400000,3830.54,3842.18,3814.48,3825.25,243438.473,1760255999999,931691047.92021,164833,118834.100,454796848.64251,0
1760256000000,3825.26,3844.00,3818.81,3820.53,255035.799,1760259599999,977102601.75982,168589,124351.376,476388676.66988,0
1760259600000,3820.53,3847.37,3803.22,3841.39,285037.043,1760263199999,1090122645.50593,209100,142863.007,546389448.70069,0
1760263200000,3841.39,3866.06,3812.88,3817.59,359146.206,1760266799999,1375956802.30305,238100,174791.506,669695386.16365,0
1760266800000,3817.59,3831.93,3812.00,3818.14,223458.920,1760270399999,853485029.37390,152842,111292.471,425026138.15946,0
1760270400000,3818.13,3847.15,3816.28,3829.98,350543.029,1760273999999,1343265588.96456,209735,173771.147,665803994.48866,0
1760274000000,3829.97,3832.80,3791.79,3808.15,499005.021,1760277599999,1902083870.72938,356612,245168.875,934451709.59202,0
1760277600000,3808.15,4027.00,3806.05,3973.44,1270138.578,1760281199999,4962975371.05666,1126534,692497.981,2705698984.40692,0
1760281200000,3973.35,4077.96,3963.24,4032.38,1087232.525,1760284799999,4374216002.71939,1251551,531220.928,2137135665.04920,0
1760284800000,4032.37,4175.90,4032.37,4104.17,1029217.667,1760288399999,4210976424.93921,1103944,515926.496,2111099447.27923,0
1760288400000,4104.17,4156.58,4096.00,4125.21,535622.108,1760291999999,2210746871.03706,590355,267481.855,1104132729.03282,0
1760292000000,4125.22,4144.99,4091.26,4107.07,289072.425,1760295599999,1190088272.71929,327362,131961.089,543265549.36228,0
1760295600000,4107.07,4137.87,4105.71,4133.11,175994.955,1760299199999,726237547.79540,218188,90781.650,374568259.72023,0
1760299200000,4133.12,4200.00,4123.32,4134.72,400511.532,1760302799999,1661492877.82848,466303,212168.361,880328015.62161,0
1760302800000,4134.71,4164.03,4077.59,4133.94,392958.388,1760306399999,1619767088.51049,395923,194615.352,802454167.06372,0
1760306400000,4133.94,4153.59,4108.85,4132.99,367080.236,1760309999999,1517237116.73241,444224,181128.594,748562295.06792,0
1760310000000,4132.99,4159.51,4106.56,4149.99,269395.592,1760313599999,1113756551.59551,340943,133823.189,553206957.24746,0
1760313600000,4150.00,4184.12,4121.55,4136.94,435330.016,1760317199999,1804766402.85923,504776,212997.219,883053643.87865,0
1760317200000,4136.95,4198.91,4124.00,4196.93,369318.524,1760320799999,1534330756.33320,457598,194458.872,808151598.44890,0
1760320800000,4196.92,4219.43,4151.00,4157.00,283384.419,1760324399999,1183214824.56456,395184,145786.163,608837136.12804,0
1760324400000,4156.99,4168.40,4130.67,4138.63,189005.454,1760327999999,784171532.65015,279312,88964.770,369144329.95746,0
1760328000000,4138.63,4145.25,4113.45,4140.24,211418.398,1760331599999,872940029.19476,278130,98618.959,407255547.29347,0
1760331600000,4140.23,4142.89,4121.05,4129.99,136294.978,1760335199999,562807642.29758,200978,67236.732,277615352.09396,0
1760335200000,4130.00,4181.23,4115.00,4168.56,280436.053,1760338799999,1164646861.26730,341839,149718.150,621781889.60856,0
1760338800000,4168.56,4196.55,4157.05,4176.29,286535.439,1760342399999,1197123027.31147,339342,140915.968,588740606.99307,0
1760342400000,4176.28,4193.89,4165.28,4173.51,204939.562,1760345999999,856517002.31698,244791,102256.445,427324900.89518,0
1760346000000,4173.52,4175.33,4140.07,4162.29,224048.802,1760349599999,931114526.51107,257940,113508.542,471699818.26782,0
1760349600000,4162.30,4165.35,4136.94,4149.70,184028.951,1760353199999,764011035.86504,233849,90510.140,375761307.54888,0
1760353200000,4149.70,4152.91,4034.12,4078.36,739566.976,1760356799999,3027693678.44349,702837,339969.341,1391805581.48706,0
1760356800000,4078.35,4132.81,4054.26,4095.90,452713.006,1760360399999,1855804834.81213,519614,243147.235,996805708.78041,0
1760360400000,4095.90,4179.89,4090.42,4162.68,744922.800,1760363999999,3078665240.90831,912346,379755.284,1569724325.05725,0
1760364000000,4162.68,4174.95,4078.81,4093.80,587522.001,1760367599999,2418564782.36312,762012,279703.932,1151408297.35349,0
1760367600000,4093.79,4147.41,4091.79,4133.44,390194.946,1760371199999,1608144656.24617,439609,198952.022,819998754.67847,0
1760371200000,4133.45,4173.57,4126.81,4163.52,426647.917,1760374799999,1770616392.75479,448567,217190.030,901355160.53772,0
1760374800000,4163.52,4239.00,4155.00,4233.60,442407.766,1760378399999,1851288528.56982,477113,239042.683,1000660738.17507,0
1760378400000,4233.60,4238.55,4197.33,4226.31,336302.681,1760381999999,1419044066.31883,386290,173735.145,733100312.82686,0
1760382000000,4226.31,4269.65,4221.39,4250.00,343305.956,1760385599999,1459147458.70388,365128,177621.193,754978402.30038,0
1760385600000,4250.00,4291.93,4242.09,4285.03,208257.026,1760389199999,887391054.86361,253964,114888.681,489763438.56927,0
1760389200000,4285.03,4293.03,4253.00,4256.82,130480.986,1760392799999,557162948.50283,149681,61195.718,261381149.08669,0
1760392800000,4256.82,4274.90,4249.35,4269.45,125933.896,1760396399999,536763768.79465,168683,56274.256,239843442.76734,0
1760396400000,4269.45,4269.46,4232.98,4239.70,134419.987,1760399999999,570951658.46972,159165,58303.711,247625373.44258,0
1760400000000,4239.70,4262.00,4225.17,4240.28,151353.790,1760403599999,642151899.63319,235257,73709.345,312732747.34410,0
1760403600000,4240.27,4242.58,4200.80,4209.89,238898.952,1760407199999,1007439708.51516,266603,105866.428,446482992.68525,0
1760407200000,4209.89,4210.60,4165.52,4170.41,244119.756,1760410799999,1022484522.60709,300879,111776.088,468135127.70822,0
1760410800000,4170.41,4172.66,4135.00,4151.29,296178.928,1760414399999,1229674795.44112,345825,145174.798,602740086.25090,0
1760414400000,4151.29,4158.44,4084.60,4097.95,347025.248,1760417999999,1430263813.80887,420996,159178.483,655982462.92835,0
1760418000000,4097.95,4124.56,4053.43,4068.54,406414.842,1760421599999,1661352808.77839,497607,195260.230,798235454.86276,0
1760421600000,4068.55,4090.31,3964.40,4001.62,707417.592,1760425199999,2844700574.04206,750888,343533.104,1382027951.66017,0
1760425200000,4001.62,4025.04,3966.05,3979.28,472102.285,1760428799999,1886068744.52031,568184,239068.033,955208648.05982,0
1760428800000,3979.29,4009.99,3950.01,3994.68,447800.676,1760432399999,1782708826.53000,508835,227321.365,905243471.99280,0
1760432400000,3994.67,4013.42,3968.38,3983.80,245301.954,1760435999999,979477840.94448,327688,124426.252,496866660.75933,0
1760436000000,3983.81,3984.88,3885.09,3940.78,612958.808,1760439599999,2408146422.08539,767354,287755.791,1130740937.12253,0
1760439600000,3940.78,3984.00,3939.61,3970.13,294609.545,1760443199999,1168862147.09552,410686,154114.512,611371593.31271,0
1760443200000,3970.13,3972.42,3929.16,3939.41,284331.101,1760446799999,1122679339.99764,429449,137871.417,544327117.91385,0
1760446800000,3939.41,3974.37,3890.13,3954.00,547443.113,1760450399999,2155764994.37149,828671,276701.275,1089939467.52641,0
1760450400000,3954.00,4016.06,3938.20,3967.68,576957.768,1760453999999,2296300985.95410,819897,306454.802,1219889798.04847,0
1760454000000,3967.68,4087.70,3948.19,4083.25,476523.486,1760457599999,1915281152.81162,724831,244561.515,983043959.60454,0
1760457600000,4083.25,4163.25,4055.19,4094.23,701842.094,1760461199999,2885516638.87985,1038238,350123.773,1439567749.68905,0
1760461200000,4094.22,4138.96,4042.83,4099.36,442624.192,1760464799999,1814388364.30495,709874,206028.021,844680504.57050,0
1760464800000,4099.36,4136.40,4091.28,4118.84,171757.866,1760468399999,706691219.25747,402280,87901.583,361647903.10625,0
1760468400000,4118.85,4146.56,4046.01,4100.67,438336.154,1760471999999,1793007318.78949,670474,195463.607,800204432.58212,0
1760472000000,4100.68,4124.77,4067.39,4116.03,159540.311,1760475599999,654294861.69572,321301,77534.863,318129861.30744,0
1760475600000,4116.03,4121.70,4090.51,4116.11,54740.585,1760479199999,224883719.13182,132571,25090.541,103061049.20908,0
1760479200000,4116.11,4140.23,4099.91,4116.62,78474.216,1760482799999,323366195.84597,195922,38863.929,160144241.96004,0
1760482800000,4116.63,4142.99,4115.05,4123.05,73260.012,1760486399999,302712457.13081,171190,35228.437,145568493.79312,0
1760486400000,4123.06,4130.88,4091.65,4117.73,148323.732,1760489999999,609333831.12040,278818,77140.259,316925317.25289,0
1760490000000,4117.74,4119.56,4080.58,4111.80,159981.604,1760493599999,655501484.27793,263963,75405.076,308985306.25480,0
1760493600000,4111.80,4144.49,4105.04,4116.55,140128.711,1760497199999,578082370.57413,279790,63898.962,263657258.04066,0
1760497200000,4116.54,4121.73,4059.00,4079.71,167588.269,1760500799999,685263422.43833,296880,84286.482,344747258.61396,0
1760500800000,4079.70,4122.90,4070.00,4114.60,125425.038,1760504399999,514161955.26282,234932,65007.259,266474639.72567,0
1760504400000,4114.59,4123.39,4091.28,4108.34,105381.037,1760507999999,432985242.47910,224539,47683.465,195925037.36825,0
1760508000000,4108.35,4122.00,4071.50,4116.64,190421.441,1760511599999,780298992.16734,297035,92501.950,379087640.93486,0
1760511600000,4116.64,4128.17,4101.78,4120.00,95191.962,1760515199999,391717750.39498,198558,47029.502,193524778.11387,0
1760515200000,4120.00,4216.12,4117.01,4180.13,386372.183,1760518799999,1612508208.70543,531990,229831.510,958937827.74108,0
1760518800000,4180.13,4183.00,4136.48,4154.61,225167.856,1760522399999,936346225.46613,326942,113409.760,471649717.36440,0
1760522400000,4154.61,4156.03,4110.00,4116.65,213264.215,1760525999999,880079028.43385,273904,89532.601,369567199.76974,0
1760526000000,4116.66,4128.87,4085.00,4098.55,191519.866,1760529599999,785998176.85540,257760,97540.234,400322213.21839,0
1760529600000,4098.55,4106.09,4066.38,4092.93,194603.198,1760533199999,795333581.13620,320184,96045.600,392651196.38916,0
1760533200000,4092.93,4102.00,4016.00,4053.11,491046.011,1760536799999,1992911589.74950,642690,230921.099,937389572.90735,0
1760536800000,4053.12,4103.58,3990.04,4007.86,475472.115,1760540399999,1926148824.84132,662630,227540.734,922089687.04508,0
1760540400000,4007.87,4034.88,3957.47,3979.23,460745.338,1760543999999,1839699163.54196,724570,229262.436,915558155.61216,0
1760544000000,3979.23,4001.32,3964.18,3974.61,230512.195,1760547599999,918302283.94613,435642,113629.320,452692375.77422,0
1760547600000,3974.61,3992.48,3926.81,3990.96,382501.035,1760551199999,1512638322.85118,559420,189621.822,750081561.25200,0
1760551200000,3990.96,4011.56,3967.79,4005.43,205530.791,1760554799999,820152851.46014,287360,108358.788,432517303.52763,0
1760554800000,4005.42,4008.17,3969.06,3981.28,173972.127,1760558399999,693947058.58812,265620,86913.565,346747528.52950,0
1760558400000,3981.27,3994.79,3935.00,3960.00,218447.183,1760561999999,865994217.42570,338877,108189.146,428820413.92920,0
1760562000000,3960.00,3980.73,3925.00,3952.05,169193.032,1760565599999,669103358.08639,260500,88465.995,349845449.91107,0
1760565600000,3952.06,3979.40,3949.19,3959.68,122374.730,1760569199999,485175581.11729,217556,57885.617,229537518.40653,0
1760569200000,3959.68,3992.30,3951.81,3983.81,110080.341,1760572799999,437856491.35453,208341,56179.029,223474496.55906,0
1760572800000,3983.80,3996.21,3973.76,3979.96,99982.716,1760576399999,398346925.18938,254386,50409.300,200853871.67883,0
1760576400000,3979.96,4010.00,3978.00,4007.80,129364.484,1760579999999,517263072.08792,234966,66091.633,264292176.60646,0
1760580000000,4007.79,4035.00,3998.00,4029.43,191892.835,1760583599999,771133354.18090,274019,92043.897,369916026.13400,0
1760583600000,4029.43,4034.65,4009.04,4012.92,82330.081,1760587199999,331298075.35731,149220,36558.582,147134680.19012,0
1760587200000,4012.93,4029.39,3990.92,3997.15,113384.779,1760590799999,454574813.34648,168187,48354.405,193931059.42246,0
1760590800000,3997.15,4018.84,3976.96,3994.73,124009.109,1760594399999,495904417.46228,229518,59372.484,237480949.28064,0
1760594400000,3994.72,4050.00,3992.69,4039.98,155002.426,1760597999999,623628077.71314,257768,86513.667,348146029.47039,0
1760598000000,4039.99,4044.19,3992.45,4002.48,158662.117,1760601599999,636443921.88268,258510,76532.316,306946323.02221,0
1760601600000,4002.51,4005.95,3980.01,3992.62,106669.383,1760605199999,425985338.60200,181731,51119.937,204173046.60013,0
1760605200000,3992.63,4047.00,3937.30,4028.26,447652.077,1760608799999,1787505998.53541,547705,222172.712,887496682.87131,0
1760608800000,4028.26,4077.54,4027.49,4047.21,252294.648,1760612399999,1022410120.67160,387122,134834.847,546417419.10986,0
1760612400000,4047.20,4062.27,4031.38,4060.50,139540.373,1760615999999,564529802.28642,249475,73185.177,296103987.48389,0
1760616000000,4060.51,4089.34,4037.90,4052.53,173782.505,1760619599999,704920741.67904,316439,89968.325,365013222.60410,0
1760619600000,4052.52,4067.66,4001.36,4018.88,261962.121,1760623199999,1057485077.19917,463686,116581.997,470738519.37892,0
1760623200000,4018.87,4058.00,3965.26,4013.83,517629.663,1760626799999,2074965158.07664,773380,248127.035,994807100.56807,0
1760626800000,4013.83,4018.75,3890.00,3905.04,628803.944,1760630399999,2483714334.61929,863668,286183.490,1130486350.19661,0
1760630400000,3905.03,3966.29,3855.00,3962.79,695265.729,1760633999999,2708385413.10975,1083584,350079.652,1364340574.34091,0
1760634000000,3962.80,3963.32,3914.05,3920.15,333729.418,1760637599999,1313501491.62383,581592,154588.708,608302599.28274,0
1760637600000,3920.14,3920.71,3876.00,3903.53,304240.151,1760641199999,1185281423.18872,595320,151003.760,588353965.93313,0
1760641200000,3903.54,3911.51,3850.00,3865.97,278646.284,1760644799999,1078639467.28180,579413,128899.420,499008492.22471,0
1760644800000,3865.97,3879.87,3822.50,3849.67,225953.477,1760648399999,869385908.55099,424008,103240.001,397364540.90646,0
1760648400000,3849.67,3884.00,3838.02,3881.61,126845.894,1760651999999,490006571.11422,202488,63606.403,245793965.47225,0
1760652000000,3881.61,3887.33,3861.46,3863.25,82922.640,1760655599999,321079884.35067,179558,38494.299,149082528.50543,0
1760655600000,3863.25,3896.25,3858.88,3892.02,101133.925,1760659199999,392908496.56929,188361,57464.652,223292920.43043,0
1760659200000,3892.02,3925.79,3886.15,3925.79,127888.137,1760662799999,499985376.35023,235691,73794.745,288465117.71158,0
1760662800000,3925.80,3948.06,3904.00,3918.53,161125.154,1760666399999,632699192.18367,256875,74364.718,292212099.48654,0
1760666400000,3918.53,3929.52,3896.77,3921.00,106545.247,1760669999999,416900367.27942,209823,51447.057,201341054.66548,0
1760670000000,3921.00,3934.13,3917.30,3931.44,65580.143,1760673599999,257476755.69147,168081,32540.316,127763392.89776,0
1760673600000,3931.45,3934.73,3908.23,3910.97,71150.611,1760677199999,278936558.45660,154168,29446.833,115456312.04336,0
1760677200000,3910.97,3921.55,3891.83,3893.91,131339.377,1760680799999,512878892.80718,212372,60683.209,236982178.76750,0
1760680800000,3893.91,3905.28,3806.00,3818.75,429842.078,1760684399999,1652915524.18467,624686,195994.931,753410899.02314,0
1760684400000,3818.74,3823.17,3751.00,3754.79,592468.571,1760687999999,2240812663.57262,916663,272093.889,1029293480.12537,0
1760688000000,3754.78,3768.73,3702.79,3707.37,645770.643,1760691599999,2410498739.85223,902022,300077.680,1120183216.93340,0
1760691600000,3707.37,3766.66,3695.00,3722.30,386637.107,1760695199999,1444543191.62048,571809,195603.118,731082486.15640,0
1760695200000,3722.31,3737.13,3671.00,3723.90,491382.297,1760698799999,1819324313.39409,709663,240346.135,890012414.69180,0
1760698800000,3723.88,3817.40,3718.97,3776.30,657421.171,1760702399999,2482071427.00132,822984,351514.949,1326730698.45141,0
1760702400000,3776.29,3809.66,3769.19,3773.70,190913.422,1760705999999,722637490.64484,382191,94404.535,357362375.26641,0
1760706000000,3773.69,3808.00,3738.00,3787.34,448982.300,1760709599999,1695098558.98423,758836,216814.681,818795045.30137,0
1760709600000,3787.34,3796.83,3712.51,3749.10,560269.673,1760713199999,2102749605.69029,852441,269676.087,1012387365.14397,0
1760713200000,3749.09,3799.74,3742.60,3796.02,287852.527,1760716799999,1084981636.23898,594687,151931.680,572762214.14386,0
1760716800000,3796.03,3844.05,3777.00,3786.64,434808.356,1760720399999,1658668788.41109,628508,216234.276,824951437.32111,0
1760720400000,3786.65,3825.00,3778.08,3815.65,179866.796,1760723999999,683676036.97082,372209,96140.591,365455966.01375,0
1760724000000,3815.66,3848.00,3810.19,3833.82,164620.313,1760727599999,630560040.20058,295665,82631.336,316562759.26050,0
1760727600000,3833.83,3849.01,3812.52,3826.16,110098.252,1760731199999,421710847.26701,251049,52400.699,200746151.29975,0
1760731200000,3826.15,3862.68,3816.00,3855.57,117484.907,1760734799999,451897055.38263,205980,61463.303,236506088.68520,0
1760734800000,3855.95,3882.00,3851.26,3874.53,127099.892,1760738399999,492140206.16562,178183,70394.020,272581388.33004,0
1760738400000,3874.53,3880.83,3844.51,3852.37,96832.436,1760741999999,373602608.23867,158800,42891.891,165459832.44293,0
1760742000000,3852.37,3853.00,3826.97,3829.99,67736.454,1760745599999,260016327.55530,125047,28635.500,109926782.04496,0
1760745600000,3830.00,3842.53,3817.21,3838.50,94986.966,1760749199999,363956250.61255,156241,49407.533,189320506.69091,0
1760749200000,3838.49,3876.82,3837.90,3866.31,103040.664,1760752799999,397628000.23913,188940,55248.792,213189224.35116,0
1760752800000,3866.32,3880.63,3843.99,3849.51,99912.923,1760756399999,385747259.96243,173600,44717.860,172670501.54836,0
1760756400000,3849.50,3877.55,3847.79,3869.00,67276.632,1760759999999,260117565.11949,128280,31820.126,123027841.56333,0
1760760000000,3868.99,3869.00,3838.81,3842.14,96362.504,1760763599999,371033325.69700,160674,41441.834,159575759.29950,0
1760763600000,3842.15,3867.13,3840.60,3865.08,81355.181,1760767199999,313698859.98651,131505,41888.699,161511166.42449,0
1760767200000,3865.09,3874.80,3859.17,3870.69,62258.118,1760770799999,240835636.51882,124248,29742.242,115060272.12669,0
1760770800000,3870.68,3926.00,3870.19,3890.47,273153.844,1760774399999,1065554653.81023,402580,143837.361,561072840.31391,0
1760774400000,3890.46,3903.80,3872.90,3874.55,84842.573,1760777999999,329738023.04559,163254,40891.814,158952344.01465,0
1760778000000,3874.54,3885.50,3863.17,3876.39,89613.244,1760781599999,347261584.15835,159272,46152.402,178871086.80767,0
1760781600000,3876.38,3892.73,3860.15,3874.76,90055.017,1760785199999,349117063.16431,168880,48616.994,188479532.62485,0
1760785200000,3874.75,3882.00,3866.99,3880.78,48221.521,1760788799999,186799432.99852,110328,25231.591,97742503.25424,0
1760788800000,3880.78,3892.50,3871.47,3881.44,53124.996,1760792399999,206181265.84515,109702,27110.586,105230930.20034,0
1760792400000,3881.44,3881.81,3853.41,3863.99,86193.811,1760795999999,333107167.92234,172822,40128.196,155102902.82997,0
1760796000000,3863.99,3880.33,3846.11,3872.34,101224.016,1760799599999,391269777.11781,184412,47166.307,182354337.61561,0
1760799600000,3872.33,3878.88,3862.14,3875.99,56939.835,1760803199999,220444769.13597,120594,28289.935,109533117.87239,0
1760803200000,3876.00,3881.00,3851.95,3863.99,83328.382,1760806799999,321911144.85896,153598,42081.081,162561322.27123,0
1760806800000,3864.00,3898.00,3857.00,3892.10,110874.931,1760810399999,430206677.37287,168498,58002.562,225116247.13861,0
1760810400000,3892.10,3897.90,3881.18,3886.82,46363.056,1760813999999,180245122.97169,100211,20552.558,79906550.38533,0
1760814000000,3886.81,3893.61,3881.00,3891.60,27436.033,1760817599999,106661288.96706,69872,11848.840,46064528.52306,0
1760817600000,3891.61,3907.92,3883.69,3884.01,72078.888,1760821199999,280709508.27844,119572,34917.729,136019430.03934,0
1760821200000,3884.00,3895.20,3867.32,3890.15,57896.870,1760824799999,224655672.50353,92610,29985.387,116343766.95820,0
1760824800000,3890.16,3893.43,3881.14,3884.01,23875.131,1760828399999,92814695.63474,67323,10583.030,41138669.21701,0
1760828400000,3884.00,3888.31,3878.87,3887.01,28369.962,1760831999999,110195494.91787,67909,14388.700,55884295.68597,0
1760832000000,3887.01,3890.61,3860.40,3867.08,77349.909,1760835599999,299585359.37909,139980,37788.951,146310422.45257,0
1760835600000,3867.09,3875.57,3853.53,3872.67,59886.265,1760839199999,231377744.48194,99545,29357.591,113448028.61584,0
1760839200000,3872.68,3874.10,3863.31,3871.49,32675.061,1760842799999,126403768.12154,67922,16701.362,64607499.18528,0
1760842800000,3871.50,3905.73,3866.93,3904.70,102250.332,1760846399999,397801237.54110,146871,51752.531,201340355.77722,0
1760846400000,3904.70,3907.06,3889.00,3901.48,65057.717,1760849999999,253575036.11744,114857,27751.257,108169291.20057,0
1760850000000,3901.48,3919.48,3892.00,3895.00,98862.803,1760853599999,386030975.03612,160445,48427.259,189129223.56872,0
1760853600000,3895.00,3899.10,3871.50,3879.36,93466.780,1760857199999,362884468.75550,137147,43654.366,169479786.27936,0
1760857200000,3879.36,3892.00,3875.16,3886.70,50100.023,1760860799999,194547077.90462,96297,25768.490,100071654.70208,0
1760860800000,3886.70,3960.00,3810.00,3861.22,550284.091,1760864399999,2139381929.10901,546098,254589.800,990977650.07409,0
1760864400000,3861.23,3929.99,3847.00,3911.26,316648.123,1760867999999,1230788209.85420,452631,164742.280,640789427.37634,0
1760868000000,3911.26,3948.39,3896.85,3929.58,208757.719,1760871599999,819134711.51215,356437,111251.919,436592039.35946,0
1760871600000,3929.57,3950.00,3913.38,3922.20,146466.317,1760875199999,576249758.48002,268646,74660.423,293746448.23776,0
1760875200000,3922.21,3928.48,3906.76,3920.86,87479.095,1760878799999,342659318.54632,161661,39485.340,154680818.55397,0
1760878800000,3920.86,3988.24,3911.98,3970.25,188734.044,1760882399999,745764761.42645,295676,108683.899,429518951.27003,0
1760882400000,3970.24,4001.00,3952.38,3987.29,314242.798,1760885999999,1250716348.84948,430123,165251.405,657855601.94463,0
1760886000000,3987.30,3991.00,3971.57,3977.55,89467.192,1760889599999,356063407.37863,165799,46482.315,184978233.37121,0
1760889600000,3977.54,3986.83,3957.00,3979.19,121654.863,1760893199999,483173893.82055,178847,56920.622,226116991.77841,0
1760893200000,3979.20,4026.31,3978.58,3991.44,296611.518,1760896799999,1187569102.97069,338783,157026.716,628675987.69419,0
1760896800000,3991.44,4005.26,3984.34,3999.60,58307.426,1760900399999,232957594.27475,124225,31167.048,124528390.28439,0
1760900400000,3999.60,4003.40,3975.86,3984.63,73953.385,1760903999999,294798222.78142,127656,34938.070,139285644.42163,0
1760904000000,3984.63,4002.10,3971.76,3999.16,60888.584,1760907599999,242676579.86887,112245,33548.554,133755127.85018,0
1760907600000,3999.16,4002.95,3982.53,3995.65,47423.391,1760911199999,189397841.54239,92504,19929.527,79589320.13455,0
1760911200000,3995.65,4030.00,3986.74,4018.54,107965.064,1760914799999,433074336.96461,215880,59476.068,238580650.66140,0
1760914800000,4018.55,4018.55,3967.00,3980.59,129635.671,1760918399999,517139853.77673,194086,57169.670,228082815.76582,0
1760918400000,3980.60,3980.77,3906.89,3940.25,294758.845,1760921999999,1160699502.41805,432502,139864.163,550545394.03882,0
1760922000000,3940.24,3952.71,3927.97,3936.14,103674.223,1760925599999,408722569.56737,217934,51664.288,203714284.42763,0
1760925600000,3936.14,3965.26,3917.23,3954.82,149699.331,1760929199999,590421662.81515,247806,75434.186,297657271.85730,0
1760929200000,3954.84,4040.00,3945.82,4025.88,225566.956,1760932799999,901316526.15659,370452,120149.511,480111079.61918,0
1760932800000,4025.87,4054.74,4021.42,4052.88,217872.010,1760936399999,879481769.55966,353606,114020.298,460401436.69705,0
1760936400000,4052.87,4073.81,4040.21,4059.26,181374.971,1760939999999,735638347.85603,300438,87121.935,353446755.00118,0
1760940000000,4059.26,4085.00,4054.84,4073.06,156804.912,1760943599999,638695837.31116,283372,80571.064,328222372.76395,0
1760943600000,4073.05,4075.66,4050.37,4053.36,139307.321,1760947199999,566072920.21090,219274,55847.098,226940765.29189,0
1760947200000,4053.35,4069.89,4031.82,4043.81,198064.692,1760950799999,801656527.92569,279048,100710.433,407664062.98974,0
1760950800000,4043.81,4050.39,4032.99,4042.94,96661.473,1760954399999,390438713.58263,162885,48714.470,196782510.69223,0
1760954400000,4042.94,4051.64,4013.40,4024.31,159112.962,1760957999999,641507062.56719,231799,73503.644,296410970.95847,0
1760958000000,4024.31,4039.88,4010.58,4032.83,135022.455,1760961599999,543530730.87504,211190,60742.128,244529067.14768,0
1760961600000,4032.83,4037.76,4022.51,4035.89,77038.881,1760965199999,310469268.48810,156521,35196.730,141864721.99470,0
1760965200000,4035.89,4043.13,4016.39,4037.42,167876.390,1760968799999,676773461.02640,306570,84461.891,340507999.71802,0
1760968800000,4037.42,4047.04,4010.20,4037.55,177967.720,1760972399999,717474780.96918,293375,98692.283,397956838.64437,0
1760972400000,4037.57,4048.96,4001.00,4002.73,226146.056,1760975999999,910136427.30470,334853,111332.150,448151302.83543,0
1760976000000,4002.73,4002.73,3924.05,3947.76,580614.306,1760979599999,2298045032.39303,698757,278000.922,1100125749.07342,0
1760979600000,3947.76,3963.49,3920.30,3949.56,224901.771,1760983199999,887109358.44532,304974,114543.517,451901094.17118,0
1760983200000,3949.56,3974.97,3944.00,3972.28,99420.835,1760986799999,393641890.39904,171136,54090.071,214177103.78997,0
1760986800000,3972.28,3990.43,3957.45,3978.78,115710.619,1760990399999,459997828.41297,189948,60427.302,240287488.47132,0
1760990400000,3978.76,3996.80,3972.25,3996.77,68506.300,1760993999999,273051481.60820,134696,34237.797,136481382.79257,0
1760994000000,3996.77,4001.96,3968.74,3975.28,81778.821,1760997599999,325955412.16219,106894,33913.227,135213707.09096,0
1760997600000,3975.28,3989.64,3968.88,3987.00,49372.453,1761001199999,196559592.38215,102105,29310.858,116669208.20781,0
1761001200000,3987.01,3992.07,3973.82,3977.54,36939.403,1761004799999,147060087.59283,87028,16260.607,64737825.69840,0
1761004800000,3977.54,3984.68,3959.81,3970.51,64981.179,1761008399999,258145179.56740,127971,28321.590,112532925.89010,0
1761008400000,3970.50,3972.46,3933.00,3946.56,128763.902,1761011999999,508809288.87537,198774,50955.780,201398027.75961,0
1761012000000,3946.56,3949.51,3923.00,3929.71,130005.921,1761015599999,511442967.37669,221941,64933.821,255448477.35090,0
1761015600000,3929.71,3941.86,3918.00,3921.41,85532.606,1761019199999,336060530.34852,166819,38664.338,151964788.84380,0
1761019200000,3921.42,3921.42,3841.50,3849.22,437377.193,1761022799999,1694085174.69905,644684,187585.167,726396472.92188,0
1761022800000,3849.22,3872.22,3838.21,3862.04,232498.875,1761026399999,896945650.90335,324050,117580.639,453608970.33030,0
1761026400000,3862.04,3890.95,3853.26,3885.01,140471.036,1761029999999,544633484.31276,229494,76842.998,297917695.01473,0
1761030000000,3885.00,3895.00,3873.33,3890.52,91915.022,1761033599999,357198610.12254,145196,43643.950,169618713.27053,0
1761033600000,3890.53,3891.42,3850.02,3866.39,163233.997,1761037199999,631558946.83601,213309,72293.442,279665669.63877,0
1761037200000,3866.40,3873.24,3855.00,3862.76,77335.831,1761040799999,298891913.13354,132957,37414.567,144603211.63886,0
1761040800000,3862.75,3896.00,3858.00,3882.28,130632.966,1761044399999,506573403.63388,192475,75157.105,291456193.17969,0
1761044400000,3882.27,3893.00,3868.00,3888.33,99124.968,1761047999999,384783236.86111,147794,47908.638,185979943.01287,0
1761048000000,3888.34,3917.00,3874.52,3878.89,213819.153,1761051599999,833667246.83216,281295,104317.647,406839494.60284,0
1761051600000,3878.89,3897.77,3850.20,3864.78,255765.258,1761055199999,990437215.42969,445671,122760.285,475464004.67010,0
1761055200000,3864.77,4023.58,3863.40,4019.95,741952.003,1761058799999,2928063109.05467,915097,410027.512,1618086829.38831,0
1761058800000,4019.95,4083.78,3994.51,4080.41,635199.125,1761062399999,2568691931.26679,916365,309646.305,1252573423.34265,0
1761062400000,4080.41,4108.41,4017.34,4028.02,639431.938,1761065999999,2609001452.92582,771325,297918.022,1216408966.71049,0
1761066000000,4028.04,4039.34,3963.19,4013.00,625897.187,1761069599999,2506541520.78151,828563,314107.585,1258152019.18494,0
1761069600000,4013.01,4021.85,3972.66,4011.85,225084.152,1761073199999,898690194.53510,365838,106384.574,424790767.23077,0
1761073200000,4011.85,4020.99,3991.39,3994.04,94571.678,1761076799999,378978648.67044,201177,46439.244,186106630.73707,0
1761076800000,3994.03,3999.31,3934.00,3952.27,208312.822,1761080399999,824445224.81545,353244,95632.013,378493601.71327,0
1761080400000,3952.26,3964.63,3887.01,3943.69,197561.106,1761083999999,776139454.81833,268412,91973.919,361402896.28345,0
1761084000000,3943.70,3947.91,3890.33,3899.40,233027.288,1761087599999,912362057.59096,421452,117725.078,460944438.46709,0
1761087600000,3899.40,3909.31,3855.55,3871.11,212963.545,1761091199999,826077095.80351,368746,107543.379,417135021.25053,0
1761091200000,3871.11,3887.45,3815.37,3840.39,280578.118,1761094799999,1079971137.41009,460274,124994.249,481303845.99971,0
1761094800000,3840.39,3873.18,3839.01,3867.95,147825.873,1761098399999,570092788.51028,261268,80458.411,310276886.12198,0
1761098400000,3867.95,3874.94,3858.79,3859.39,87158.028,1761101999999,336983769.05572,145040,43969.661,170001538.19544,0
1761102000000,3859.38,3862.17,3838.81,3858.14,117772.624,1761105599999,453463547.28398,180767,57770.923,222441079.70798,0
1761105600000,3858.13,3882.93,3856.00,3876.92,108747.690,1761109199999,421060037.75396,167158,61778.063,239222406.37287,0
1761109200000,3876.93,3880.32,3835.69,3858.85,154142.613,1761112799999,594038237.63642,255784,76475.497,294703458.87831,0
1761112800000,3858.86,3869.00,3851.00,3851.54,66698.397,1761116399999,257456004.01071,139209,31056.981,119880867.83087,0
1761116400000,3851.54,3875.00,3840.00,3866.87,115538.157,1761119999999,445426908.48514,197953,63561.430,245060961.51304,0
1761120000000,3866.88,3867.47,3846.89,3852.40,77733.409,1761123599999,299724585.84539,143689,36146.620,139363573.02828,0
1761123600000,3852.40,3856.97,3822.20,3835.63,165306.657,1761127199999,634669280.83365,248698,73995.246,284169593.83051,0
1761127200000,3835.64,3848.15,3815.00,3818.83,135069.403,1761130799999,517549901.59407,229039,57301.131,219591132.47744,0
1761130800000,3818.83,3837.82,3765.00,3827.02,463174.832,1761134399999,1764615071.88401,633204,226182.481,862129520.29512,0
1761134400000,3827.03,3855.35,3818.80,3844.79,175833.521,1761137999999,675361994.22623,253834,91637.127,351943948.63444,0
1761138000000,3844.78,3875.56,3822.65,3871.31,342682.480,1761141599999,1318118230.61419,484474,184727.578,710614625.23408,0
1761141600000,3871.30,3873.58,3777.03,3852.35,560044.638,1761145199999,2137397202.31253,925273,271202.530,1035254171.93325,0
1761145200000,3852.35,3863.44,3788.50,3839.73,360376.069,1761148799999,1379294659.97500,758895,174902.079,669359034.39019,0
1761148800000,3839.72,3859.64,3809.10,3834.23,323378.495,1761152399999,1239306238.22346,657455,157362.407,603199734.82527,0
1761152400000,3834.24,3841.70,3792.56,3805.88,148619.410,1761155999999,567534299.82119,372336,72706.325,277707828.53594,0
1761156000000,3805.88,3820.43,3790.00,3801.13,156453.687,1761159599999,595171331.23101,383014,73466.047,279470630.13837,0
1761159600000,3801.14,3826.66,3780.00,3802.52,165810.698,1761163199999,631312658.84517,359193,81192.985,309135313.74749,0
1761163200000,3802.53,3809.09,3768.00,3779.44,142805.349,1761166799999,540995122.87359,309621,62138.178,235449048.11882,0
1761166800000,3779.44,3780.70,3706.31,3742.54,364111.989,1761170399999,1362195628.06294,489494,155959.824,583532795.27832,0
1761170400000,3742.53,3760.62,3730.51,3750.13,126327.638,1761173999999,473431903.71687,284495,62880.703,235663040.63884,0
1761174000000,3750.13,3816.71,3748.47,3803.93,228733.090,1761177599999,867246873.40918,329843,138831.723,526320360.81297,0
1761177600000,3803.94,3820.53,3794.89,3813.92,95809.680,1761181199999,364923080.22590,223255,49736.531,189438639.45762,0
1761181200000,3813.93,3835.32,3810.02,3819.47,111451.544,1761184799999,425878884.52595,211712,62039.247,237077097.66162,0
1761184800000,3819.46,3833.00,3813.00,3824.00,79050.868,1761188399999,302187766.62595,139496,40739.781,155742881.82015,0
1761188400000,3823.99,3833.00,3820.50,3825.18,51953.253,1761191999999,198816615.60185,115494,24927.112,95387556.12206,0
1761192000000,3825.19,3846.99,3820.51,3834.01,87642.850,1761195599999,336053322.28974,153749,46830.607,179585816.16319,0
1761195600000,3834.01,3848.42,3832.69,3845.97,54062.270,1761199199999,207593568.72289,105844,24694.196,94836065.18868,0
1761199200000,3845.97,3896.00,3841.89,3889.78,249178.475,1761202799999,965134035.50805,390767,129368.181,501097853.98423,0
1761202800000,3889.78,3890.81,3868.61,3879.76,149880.399,1761206399999,581490545.31316,240188,68068.663,264085377.64280,0
1761206400000,3879.76,3905.47,3879.54,3885.72,155524.070,1761209999999,605347369.61698,268694,79802.909,310646483.88842,0
1761210000000,3885.71,3889.87,3873.30,3888.88,109598.420,1761213599999,425350227.57892,181548,47006.220,182455801.39699,0
1761213600000,3888.88,3903.89,3874.58,3875.66,155299.373,1761217199999,603821522.03182,208969,68290.242,265545864.75313,0
1761217200000,3875.66,3886.43,3857.14,3861.86,139496.618,1761220799999,539873514.83485,222762,61007.296,236186924.14188,0
1761220800000,3861.86,3861.87,3835.00,3851.59,191075.269,1761224399999,735195405.11653,317619,90938.466,349888692.09336,0
1761224400000,3851.59,3866.22,3831.33,3850.40,238003.537,1761227999999,915684853.08219,442939,129537.841,498442187.18024,0
1761228000000,3850.41,3853.20,3807.01,3846.12,317259.901,1761231599999,1215203320.98588,577532,165840.653,635275897.56498,0
1761231600000,3846.11,3885.88,3841.17,3874.87,284629.302,1761235199999,1100320954.67764,492471,141410.755,546709678.57211,0
1761235200000,3874.87,3933.40,3863.13,3916.36,253277.169,1761238799999,986727678.62568,373296,136450.196,531763890.05649,0
1761238800000,3916.36,3926.26,3874.19,3919.39,323245.362,1761242399999,1261051888.39884,476331,151332.948,590372512.47857,0
1761242400000,3919.38,3920.76,3856.66,3868.64,200202.377,1761245999999,777991067.03596,334636,89061.398,346067262.12164,0
1761246000000,3868.64,3869.56,3842.81,3857.69,120504.567,1761249599999,464614717.09668,229002,57911.429,223315728.37651,0
1761249600000,3857.69,3858.44,3816.88,3827.57,124087.616,1761253199999,476429359.62332,243139,55312.332,212433747.87991,0
1761253200000,3827.57,3835.71,3819.71,3826.71,65495.332,1761256799999,250657745.45404,124865,38160.625,146035998.02193,0
1761256800000,3826.70,3855.32,3824.45,3848.79,87455.932,1761260399999,336054502.49366,153820,54685.283,210132148.68465,0
1761260400000,3848.80,3859.48,3843.24,3855.21,59752.732,1761263999999,230156525.79272,123265,34015.499,131023290.99142,0
1761264000000,3855.22,3875.40,3844.02,3865.60,114459.294,1761267599999,441655506.51676,236644,57603.297,222301810.03308,0
1761267600000,3865.61,3881.85,3856.00,3879.59,66883.067,1761271199999,258844938.71216,166012,34961.410,135323003.87706,0
1761271200000,3879.60,3895.19,3868.78,3887.39,73097.360,1761274799999,283778178.91848,151842,38702.543,150281935.07147,0
1761274800000,3887.39,3890.53,3876.80,3889.43,71513.845,1761278399999,277745121.32238,123500,30997.439,120391400.58166,0
1761278400000,3889.44,3978.95,3884.32,3972.85,333708.875,1761281999999,1314638052.68060,466914,185128.911,729064108.33604,0
1761282000000,3972.84,3988.00,3955.20,3972.71,182468.368,1761285599999,724322374.61515,288380,80761.590,320674739.47187,0
1761285600000,3972.72,3986.33,3961.52,3980.86,121534.858,1761289199999,483083739.86442,189397,59067.187,234818699.24742,0
1761289200000,3980.87,3982.56,3933.00,3947.64,218175.799,1761292799999,862877141.46105,295534,88335.865,349279121.13564,0
1761292800000,3947.65,3964.04,3928.11,3951.00,174460.464,1761296399999,688098541.94381,277097,89568.261,353380466.72641,0
1761296400000,3951.00,3967.42,3947.70,3956.87,92456.545,1761299999999,366075057.13025,183960,45019.733,178265426.36497,0
1761300000000,3956.87,3963.36,3945.30,3954.94,60200.657,1761303599999,238012061.46121,137021,28230.342,111614264.21450,0
1761303600000,3954.95,3962.68,3924.00,3945.00,101201.155,1761307199999,399180416.82006,218965,45250.910,178519373.97415,0
1761307200000,3944.99,4026.48,3939.22,3962.30,448014.463,1761310799999,1782691659.94716,646608,238067.583,947551056.76722,0
1761310800000,3962.30,3977.26,3914.28,3945.01,306269.785,1761314399999,1208137579.83770,531396,141656.981,558965400.59443,0
1761314400000,3945.00,3945.26,3887.60,3900.49,329658.340,1761317999999,1288852877.41281,608812,154059.537,602302702.85609,0
1761318000000,3900.50,3929.49,3870.00,3887.09,270492.798,1761321599999,1054774746.91500,412240,125501.775,489763415.97388,0
1761321600000,3887.09,3890.90,3864.28,3887.91,174839.465,1761325199999,677756886.39031,308413,89542.382,347133494.19791,0
1761325200000,3887.92,3903.00,3873.44,3886.76,153958.232,1761328799999,599248627.16133,248657,76082.213,296158043.96443,0
1761328800000,3886.76,3913.63,3882.07,3909.88,66531.769,1761332399999,259699011.19667,160784,36848.523,143847421.10764,0
1761332400000,3909.88,3936.89,3909.87,3924.66,118763.138,1761335999999,466262081.36100,218876,65843.576,258494911.67640,0
1761336000000,3924.66,3941.00,3922.19,3936.81,55507.813,1761339599999,218367548.50383,135827,26325.569,103564495.90842,0
1761339600000,3936.82,3943.81,3923.53,3941.80,49864.790,1761343199999,196154636.09768,103457,24755.012,97392808.00482,0
1761343200000,3941.80,3943.59,3928.30,3934.27,38926.980,1761346799999,153197675.55172,78065,17255.334,67907082.41682,0
1761346800000,3934.27,3935.41,3923.83,3933.19,32443.595,1761350399999,127471133.74881,70742,13731.309,53951792.31668,0
1761350400000,3933.20,3933.99,3910.00,3917.28,72621.051,1761353999999,284707009.87827,129040,28746.775,112693277.10274,0
1761354000000,3917.28,3938.03,3913.77,3931.63,55827.998,1761357599999,219176341.88639,122157,30450.031,119545002.73860,0
1761357600000,3931.63,3936.26,3924.00,3932.44,37739.555,1761361199999,148317797.10427,79856,19163.316,75312365.74534,0
1761361200000,3932.44,3934.03,3917.22,3919.43,36199.638,1761364799999,142130366.05509,79362,14770.574,58001577.88484,0
1761364800000,3919.42,3934.98,3918.46,3921.09,47586.764,1761368399999,186772862.19669,86835,23979.482,94131684.91069,0
1761368400000,3921.09,3931.70,3918.37,3929.86,34497.491,1761371999999,135359672.82386,74087,18304.470,71831695.36948,0
1761372000000,3929.85,3934.29,3924.66,3926.79,36807.902,1761375599999,144656136.33486,82760,18484.007,72646555.75625,0
1761375600000,3926.79,3963.26,3922.75,3927.29,127471.756,1761379199999,501979404.88473,169908,67236.101,264943712.90155,0
1761379200000,3927.30,3954.75,3926.00,3952.19,70876.049,1761382799999,279309423.95167,127529,41781.863,164655720.77020,0
1761382800000,3952.19,3955.00,3938.17,3940.95,92426.892,1761386399999,364799111.17689,153181,42832.104,169072279.94066,0
1761386400000,3940.96,3946.51,3930.00,3940.64,57402.857,1761389999999,226054142.63669,106366,28012.393,110321413.52986,0
1761390000000,3940.64,3944.01,3936.60,3938.66,23165.807,1761393599999,91280381.25559,58542,10857.586,42784619.67885,0
1761393600000,3938.66,3955.00,3937.89,3951.57,51683.251,1761397199999,204085286.79140,107178,26726.642,105540781.51968,0
1761397200000,3951.57,3954.82,3933.40,3941.02,78512.954,1761400799999,309398259.28689,122808,38070.671,150035606.50387,0
1761400800000,3941.02,3946.35,3932.00,3936.83,48955.526,1761404399999,192846536.64670,90073,24287.914,95670367.13699,0
1761404400000,3936.83,3936.97,3922.83,3931.48,60284.114,1761407999999,236882136.63704,95038,30624.689,120336420.94783,0
1761408000000,3931.47,3936.79,3926.60,3931.41,36169.074,1761411599999,142174993.50050,74026,18584.680,73053665.83970,0
1761411600000,3931.42,3938.16,3929.15,3933.27,26048.653,1761415199999,102465617.17975,50319,13948.623,54867367.01126,0
1761415200000,3933.28,3968.93,3927.65,3958.21,126094.891,1761418799999,498435530.98389,169416,80162.144,316901865.73320,0
1761418800000,3958.21,3962.44,3950.13,3956.05,38736.829,1761422399999,153247332.89782,75552,20671.467,81777749.73359,0
1761422400000,3956.06,3957.78,3942.00,3943.70,44239.382,1761425999999,174781411.19142,76267,19085.405,75413471.90957,0
1761426000000,3943.70,3951.47,3932.50,3951.47,36386.577,1761429599999,143513789.77740,64170,17959.733,70853417.94228,0
1761429600000,3951.46,3963.47,3944.95,3959.70,31378.629,1761433199999,124095136.82651,70394,15345.524,60685796.90373,0
1761433200000,3959.70,3962.22,3948.38,3952.25,23797.439,1761436799999,94096869.66294,55690,10381.984,41047571.87157,0
1761436800000,3952.24,3960.00,3944.17,3948.20,44056.125,1761440399999,174102189.48806,105340,21270.763,84052854.20209,0
1761440400000,3948.20,3953.83,3914.30,3931.40,102442.441,1761443999999,402860200.91984,129993,37591.526,147867866.58591,0
1761444000000,3931.41,3937.43,3920.86,3928.65,55821.065,1761447599999,219293065.54828,106745,29857.959,117301144.98505,0
1761447600000,3928.65,3934.99,3921.68,3929.95,43276.715,1761451199999,169966308.94343,93020,21953.650,86223769.20105,0
1761451200000,3929.95,3940.97,3927.01,3937.89,29868.235,1761454799999,117492354.85694,61336,16577.893,65214736.44197,0
1761454800000,3937.89,3945.22,3935.42,3940.98,28801.384,1761458399999,113508653.01392,58337,15335.781,60442317.16493,0
1761458400000,3940.99,3944.71,3936.76,3943.00,21677.037,1761461999999,85429712.70206,47845,10763.674,42422544.43565,0
1761462000000,3943.00,3955.00,3938.99,3949.72,43987.436,1761465599999,173619344.15661,70913,24233.811,95661547.45533,0
1761465600000,3949.72,3966.33,3948.84,3958.31,52725.062,1761469199999,208553010.13147,87017,26411.703,104490638.58531,0
1761469200000,3958.31,4011.00,3954.47,3986.09,315592.120,1761472799999,1257959076.35934,384066,153975.850,613789477.55023,0
1761472800000,3986.09,3988.56,3972.58,3981.18,102717.011,1761476399999,408902810.29778,163364,48893.934,194647617.98242,0
1761476400000,3981.18,4054.00,3974.24,4043.08,361427.102,1761479999999,1452898157.24393,468547,188888.017,759114480.40891,0
1761480000000,4043.08,4077.08,4039.00,4070.99,284956.551,1761483599999,1156216360.01227,399528,144130.031,584970226.02073,0
1761483600000,4071.00,4098.00,4061.00,4082.39,240026.548,1761487199999,979273406.62005,339597,125203.562,510893038.65970,0
1761487200000,4082.38,4089.99,4061.17,4065.59,148755.436,1761490799999,606228077.33993,242588,66443.535,270779388.35669,0
1761490800000,4065.58,4076.43,4058.00,4073.45,106547.480,1761494399999,433299158.74967,176392,54787.706,222845679.02522,0
1761494400000,4073.45,4074.20,4043.43,4054.26,128842.238,1761497999999,522617017.56971,198724,53863.676,218508195.95472,0
1761498000000,4054.26,4068.47,4051.74,4058.39,63235.516,1761501599999,256812940.91832,112699,36793.511,149423800.41577,0
1761501600000,4058.39,4079.86,4056.75,4070.81,57008.188,1761505199999,232069421.23311,117272,30486.922,124098583.02080,0
1761505200000,4070.81,4071.24,4063.56,4066.58,27913.547,1761508799999,113531296.52590,73113,12469.408,50716364.35834,0
1761508800000,4066.58,4071.86,4053.07,4060.16,44012.363,1761512399999,178819551.56488,95445,20534.580,83437060.40483,0
1761512400000,4060.17,4095.69,4053.67,4079.08,72628.887,1761515999999,296016065.30813,128248,42111.482,171680557.93991,0
1761516000000,4079.08,4179.27,4078.80,4158.55,395178.977,1761519599999,1635915554.44924,669377,223175.454,923499838.32011,0
1761519600000,4158.55,4177.71,4146.00,4156.37,157889.400,1761523199999,657232882.06164,331944,67013.616,279006455.50522,0
1761523200000,4156.36,4188.00,4145.27,4168.64,195837.385,1761526799999,816583235.09823,360398,89605.780,373744013.44802,0
1761526800000,4168.64,4207.95,4165.22,4190.34,209291.355,1761530399999,877040879.03603,312512,107325.266,449728318.54185,0
1761530400000,4190.34,4217.60,4181.83,4203.60,179708.262,1761533999999,754878107.13642,320798,93288.336,391918831.11448,0
1761534000000,4203.60,4225.14,4198.50,4203.21,112705.550,1761537599999,474439702.98548,232247,59343.049,249870182.42957,0
1761537600000,4203.22,4216.84,4193.06,4211.25,83677.549,1761541199999,351677349.63237,166110,41533.471,174566411.89638,0
1761541200000,4211.25,4253.00,4208.51,4231.40,221923.236,1761544799999,939751622.49475,335129,122071.233,516918281.97867,0
1761544800000,4231.40,4243.51,4221.00,4233.32,104512.865,1761548399999,442226673.75874,224360,49274.886,208515969.13464,0
1761548400000,4233.32,4246.80,4193.52,4200.00,212408.773,1761551999999,894645162.52197,305575,94609.520,398526095.20902,0
1761552000000,4199.99,4200.42,4154.65,4165.60,286220.656,1761555599999,1195378016.20741,368884,131309.588,548327611.60225,0
1761555600000,4165.59,4172.00,4153.00,4158.96,172056.176,1761559199999,716131933.40544,257855,87654.055,364828513.18102,0
1761559200000,4158.95,4173.29,4152.81,4165.50,97532.388,1761562799999,406263308.40543,178824,53914.833,224589469.75442,0
1761562800000,4165.50,4174.33,4130.00,4160.51,194617.294,1761566399999,807705956.14780,285436,92022.581,382066669.77691,0
1761566400000,4160.50,4165.55,4136.00,4143.54,100683.025,1761569999999,417642376.41008,214684,48742.282,202183216.90819,0
1761570000000,4143.54,4186.77,4125.01,4175.65,288328.024,1761573599999,1198867262.67171,462024,146645.343,609948537.70398,0
1761573600000,4175.65,4181.20,4122.02,4147.75,279254.180,1761577199999,1157702438.83467,493400,136455.215,565727987.19158,0
1761577200000,4147.75,4174.55,4146.14,4171.25,137077.942,1761580799999,570574224.51511,310980,72561.910,302028711.04676,0
1761580800000,4171.25,4216.84,4171.24,4212.00,229294.327,1761584399999,962216165.30810,352956,123267.387,517310714.64356,0
1761584400000,4212.00,4224.00,4195.96,4219.10,124097.177,1761587999999,522677321.13721,248073,58224.436,245277525.70665,0
1761588000000,4219.10,4231.64,4204.84,4213.03,103340.581,1761591599999,435945696.07734,209327,48344.180,203966946.68843,0
1761591600000,4213.04,4219.00,4182.57,4192.42,161492.449,1761595199999,678305987.92794,269943,71594.972,300724575.30705,0
1761595200000,4192.41,4194.07,4127.00,4127.00,266150.962,1761598799999,1105459605.03533,388130,123518.496,513048914.83949,0
1761598800000,4127.00,4137.93,4090.61,4114.56,194676.152,1761602399999,801297140.20000,253161,90010.797,370675006.70311,0
1761602400000,4114.55,4142.60,4107.56,4121.00,123613.653,1761605999999,510202264.39247,216610,71144.611,293642213.85262,0
1761606000000,4121.00,4126.25,4101.00,4118.47,99461.841,1761609599999,409200513.12981,210444,47685.496,196200888.03571,0
1761609600000,4118.46,4132.45,4105.50,4113.75,107188.564,1761613199999,441208822.49823,197780,54003.359,222313451.77633,0
1761613200000,4113.76,4140.26,4113.76,4134.83,92818.231,1761616799999,383239146.44592,183725,51830.499,214014279.23576,0
1761616800000,4134.83,4139.69,4072.68,4094.02,199106.258,1761620399999,816473736.10354,281276,81623.327,334920615.26855,0
1761620400000,4094.02,4099.00,4066.88,4092.48,164326.516,1761623999999,671440140.05515,256631,77080.630,315042648.21613,0
1761624000000,4092.47,4104.76,4086.00,4097.85,72882.023,1761627599999,298658243.23657,151741,41492.399,170036404.34549,0
1761627600000,4097.85,4102.23,4064.29,4067.00,130282.731,1761631199999,531503260.47440,227782,56719.835,231403314.38083,0
1761631200000,4067.01,4113.46,4066.00,4111.36,133076.279,1761634799999,544612724.44669,220931,76734.393,314032808.04203,0
1761634800000,4111.37,4125.95,4108.57,4115.36,110361.080,1761638399999,454322969.73177,192162,54991.032,226393440.87669,0
1761638400000,4115.36,4134.46,4108.60,4121.69,101187.695,1761641999999,417261897.91724,188574,55045.949,227012593.34056,0
1761642000000,4121.69,4127.62,4102.35,4120.80,102577.138,1761645599999,422029154.24288,186007,49240.447,202616085.04636,0
1761645600000,4120.81,4123.00,4106.57,4116.27,58129.166,1761649199999,239133269.10186,116887,29481.504,121285995.89539,0
1761649200000,4116.27,4125.64,4107.70,4110.11,54502.684,1761652799999,224346891.07121,132876,23703.192,97577162.86316,0
1761652800000,4110.11,4124.58,4095.00,4120.00,119427.143,1761656399999,490741449.03511,201093,59038.419,242621998.22948,0
1761656400000,4120.00,4166.00,4119.78,4157.08,281301.115,1761659999999,1165914928.05580,470945,150393.246,623338874.79990,0
1761660000000,4157.08,4174.08,4066.00,4117.29,458893.895,1761663599999,1891709030.34187,723839,214796.901,885414935.21293,0
1761663600000,4117.29,4139.48,4085.01,4095.35,220888.470,1761667199999,908187463.82333,455893,102141.362,419939951.23039,0
1761667200000,4095.36,4139.10,4091.13,4132.92,178911.116,1761670799999,736682667.06169,366731,92995.134,382975289.73270,0
1761670800000,4132.93,4145.89,4120.00,4138.29,105199.674,1761674399999,435057619.32348,244031,47154.432,195031759.83671,0
1761674400000,4138.30,4149.87,4102.14,4113.19,144150.544,1761677999999,594401133.21957,268015,68038.812,280493111.89669,0
1761678000000,4113.20,4117.28,4024.49,4037.26,400754.234,1761681599999,1626889935.20946,571480,166516.863,676124111.17408,0
1761681600000,4037.22,4040.00,3957.01,3977.01,581314.717,1761685199999,2318704752.46388,856775,266731.667,1063748344.98994,0
1761685200000,3977.00,3989.80,3925.01,3980.30,275535.066,1761688799999,1091008639.98227,398679,135623.462,537158139.11717,0
1761688800000,3980.30,3997.99,3970.22,3992.96,120021.238,1761692399999,478369197.86644,257940,63296.297,252310359.80243,0
1761692400000,3992.96,3994.20,3974.62,3977.56,79140.641,1761695999999,315158038.10997,171319,34242.630,136375556.01725,0
1761696000000,3977.56,3991.46,3967.25,3970.65,96777.600,1761699599999,384940016.36869,216686,48045.789,191118356.06736,0
1761699600000,3970.64,4006.00,3962.28,3980.34,150734.719,1761703199999,600424312.62355,269689,80192.109,319467693.82511,0
1761703200000,3980.34,4003.00,3978.56,4001.06,74192.688,1761706799999,296153330.79505,156342,45489.728,181592713.18210,0
1761706800000,4001.06,4001.17,3984.06,3996.00,68360.018,1761710399999,273011773.85409,152226,33080.349,132112056.02842,0
1761710400000,3996.01,4018.75,3994.35,4011.47,76043.028,1761713999999,304847780.67422,151663,42176.675,169080216.78765,0
1761714000000,4011.47,4034.28,4010.52,4025.01,109492.905,1761717599999,440659955.81031,179726,53878.527,216815489.08731,0
1761717600000,4025.00,4034.99,4014.42,4022.84,81351.553,1761721199999,327330633.48185,148552,38476.669,154822414.27124,0
1761721200000,4022.84,4029.65,4010.06,4022.83,71935.822,1761724799999,289149077.58638,138982,33445.084,134445037.04444,0
1761724800000,4022.83,4024.83,4001.69,4005.56,107903.442,1761728399999,432846000.24602,166620,47400.109,190174532.85042,0
1761728400000,4005.57,4008.18,3985.00,3995.67,163990.372,1761731999999,655317449.83650,215892,70498.622,281721182.27612,0
1761732000000,3995.67,4003.00,3986.00,3987.11,86489.990,1761735599999,345569966.90235,170146,45881.493,183340633.23805,0
1761735600000,3987.12,4014.32,3982.00,4009.14,98653.664,1761739199999,394796937.62460,187031,54089.017,216470188.21356,0
1761739200000,4009.13,4018.56,4002.07,4014.00,58098.185,1761742799999,232945021.52327,142204,29568.512,118559489.87549,0
1761742800000,4014.00,4028.01,3981.81,3993.19,222827.757,1761746399999,892317213.24497,399288,110413.310,442131831.03297,0
1761746400000,3993.19,3998.99,3970.39,3986.94,202389.905,1761749999999,806126947.98396,389091,98958.205,394218561.29322,0
1761750000000,3986.94,3993.18,3939.14,3950.23,273143.481,1761753599999,1082217024.64260,495199,124520.886,493388679.47084,0
1761753600000,3950.23,3976.00,3923.56,3961.00,273531.832,1761757199999,1080751215.51615,478346,134958.599,533224247.15954,0
1761757200000,3961.00,4014.77,3957.77,4012.63,195404.258,1761760799999,779600065.38060,343469,98799.913,394190380.79580,0
1761760800000,4012.63,4017.11,3836.00,3915.29,1131864.501,1761764399999,4434168407.70849,1490487,537567.409,2106509887.37665,0
1761764400000,3915.29,3956.00,3885.67,3903.54,379319.918,1761767999999,1487892469.65858,732948,184923.280,725478695.06219,0
1761768000000,3903.54,3951.30,3886.04,3949.32,186147.611,1761771599999,729666940.35995,399660,100542.943,394208163.97055,0
1761771600000,3949.32,3962.55,3928.40,3954.41,78189.070,1761775199999,308599067.27439,146794,39321.011,155200802.79784,0
1761775200000,3954.40,3958.36,3932.16,3938.96,55437.722,1761778799999,218582830.94763,163077,24816.226,97849544.23604,0
1761778800000,3938.95,3939.40,3871.17,3900.38,215930.293,1761782399999,841675995.22713,333994,99188.950,386620287.89292,0
1761782400000,3900.38,3921.00,3882.36,3920.31,133467.901,1761785999999,521241867.26037,296917,69199.923,270216830.94116,0
1761786000000,3920.31,3933.80,3903.35,3925.61,97978.185,1761789599999,383998352.93900,240619,46167.592,180939349.64489,0
1761789600000,3925.61,3945.65,3921.32,3943.95,89904.086,1761793199999,354000677.35891,191543,44412.053,174878948.83603,0
1761793200000,3943.95,3947.00,3926.03,3932.54,79686.848,1761796799999,313666622.73336,173399,42081.712,165641766.99309,0
1761796800000,3932.53,3933.12,3836.82,3869.56,617265.211,1761800399999,2395533139.28433,950471,297233.894,1153809331.95242,0
1761800400000,3869.55,3921.87,3854.01,3914.85,289144.451,1761803999999,1123847505.19440,495790,141058.666,548420757.65110,0
1761804000000,3914.86,3925.00,3895.17,3911.39,134844.792,1761807599999,527376886.32260,289781,69118.172,270308257.64602,0
1761807600000,3911.39,3943.00,3905.88,3938.18,153065.907,1761811199999,601787341.56091,242265,83363.508,327722857.82770,0
1761811200000,3938.19,3938.41,3914.14,3919.64,106773.557,1761814799999,419312937.32020,206504,44777.772,175846392.17294,0
1761814800000,3919.65,3922.93,3890.14,3898.57,153536.725,1761818399999,599347081.81666,267381,74440.675,290586249.18619,0
1761818400000,3898.58,3906.41,3880.77,3891.31,118213.024,1761821999999,460359983.60256,227845,57649.295,224537384.41551,0
1761822000000,3891.31,3896.21,3875.11,3879.52,100511.191,1761825599999,390528629.98466,232014,51599.011,200516017.85941,0
1761825600000,3879.52,3883.19,3792.93,3815.66,516609.510,1761829199999,1980207679.72022,748629,235172.286,901401351.59488,0
1761829200000,3815.66,3835.00,3756.03,3764.66,614046.275,1761832799999,2330301589.31703,831615,286587.602,1088233687.21599,0
1761832800000,3764.65,3805.00,3762.50,3798.71,328699.962,1761836399999,1243666741.18088,623182,165122.299,624864625.26333,0
1761836400000,3798.72,3805.40,3755.81,3771.61,232077.955,1761839999999,876337499.11508,465589,114000.129,430509674.84909,0
1761840000000,3771.61,3800.45,3761.00,3779.37,185262.169,1761843599999,700846260.43958,361954,94028.636,355722464.07874,0
1761843600000,3779.38,3779.38,3726.00,3769.66,474412.650,1761847199999,1777791628.25861,620591,234124.202,877486586.16039,0
1761847200000,3769.66,3771.00,3719.12,3720.00,236246.396,1761850799999,883485002.36727,374348,106832.802,399568370.10446,0
1761850800000,3720.00,3736.36,3677.70,3685.25,441608.624,1761854399999,1637457240.82746,623267,206336.891,765479693.14170,0
1761854400000,3685.25,3756.38,3678.33,3755.00,276987.050,1761857999999,1029339436.84439,546229,157521.993,585485945.93826,0
1761858000000,3755.01,3780.00,3745.59,3771.56,183903.818,1761861599999,691998983.19371,212354,109024.517,410445487.18463,0
1761861600000,3771.56,3782.00,3762.19,3781.93,94151.401,1761865199999,355059152.36909,178368,40624.308,153216785.24085,0
1761865200000,3781.93,3805.00,3771.46,3802.80,110776.253,1761868799999,419637510.73856,205426,63736.398,241503830.95994,0
1761868800000,3802.80,3838.28,3794.13,3829.90,158232.932,1761872399999,603789709.19801,275897,78218.523,298554383.59622,0
1761872400000,3829.90,3860.00,3824.00,3845.49,213095.549,1761875999999,819405039.54300,309216,107910.572,414967800.06711,0
1761876000000,3845.48,3850.00,3805.49,3820.05,203007.279,1761879599999,776692306.68369,296859,88409.527,338220231.91417,0
1761879600000,3820.06,3835.06,3810.00,3827.60,107889.962,1761883199999,412711560.20623,201934,52991.711,202711516.31313,0
1761883200000,3827.60,3872.00,3824.70,3861.13,271569.876,1761886799999,1047768237.84520,341624,159830.645,616583140.08607,0
1761886800000,3861.12,3862.00,3844.18,3849.06,92141.516,1761890399999,355000623.74696,155305,43507.901,167647730.48732,0
1761890400000,3849.06,3851.60,3821.47,3829.62,120605.805,1761893999999,462258738.23593,203266,52365.640,200695026.29439,0
1761894000000,3829.62,3840.00,3818.78,3829.43,111949.844,1761897599999,428682513.83038,171815,58343.635,223416862.24641,0
1761897600000,3829.43,3852.89,3816.29,3850.26,116138.798,1761901199999,445551387.52626,201459,67954.235,260782658.11926,0
1761901200000,3850.26,3863.39,3838.00,3843.78,94871.152,1761904799999,365014434.61384,176275,45738.604,175994034.60219,0
1761904800000,3843.77,3852.90,3831.00,3834.00,65436.321,1761908399999,251477628.51653,139130,29438.139,113147028.85122,0
1761908400000,3834.00,3882.00,3826.11,3872.15,175237.962,1761911999999,675332340.50286,252538,89411.372,344640601.03590,0
1761912000000,3872.16,3887.02,3832.74,3834.79,250889.882,1761915599999,968554755.65242,358507,117659.331,454237842.41559,0
1761915600000,3834.80,3872.04,3830.00,3857.75,205267.644,1761919199999,790062970.93401,373760,105363.406,405600553.85152,0
1761919200000,3857.71,3871.84,3835.90,3865.97,248111.599,1761922799999,956468222.82015,483945,109914.452,423817278.40506,0
1761922800000,3865.97,3880.94,3851.22,3858.58,221369.230,1761926399999,855781958.10593,409643,101944.186,394143478.32189,0
1761926400000,3858.58,3866.56,3812.43,3820.87,244907.335,1761929999999,939871680.28389,389275,113627.780,436107533.94999,0
1761930000000,3820.87,3833.34,3802.64,3826.68,185041.575,1761933599999,706658120.64258,377661,94461.881,360791545.25864,0
1761933600000,3826.68,3867.27,3807.22,3851.42,248312.243,1761937199999,953822286.86198,366197,144848.525,556399950.35876,0
1761937200000,3851.40,3904.90,3835.02,3884.91,244676.991,1761940799999,948922870.65678,370866,131714.063,510709511.80410,0
1761940800000,3884.91,3892.13,3854.29,3858.96,101351.302,1761944399999,392793043.87878,200758,45097.887,174823202.03702,0
1761944400000,3858.96,3863.98,3838.68,3860.14,75611.598,1761947999999,291299930.00230,134391,38174.436,147087245.30351,0
1761948000000,3860.14,3865.39,3849.00,3853.64,32496.953,1761951599999,125389498.53336,107598,16616.612,64117959.46211,0
1761951600000,3853.63,3857.26,3845.63,3846.42,27754.174,1761955199999,106908747.65798,77073,14129.500,54429505.35682,0
1761955200000,3846.42,3848.41,3828.80,3845.57,63750.818,1761958799999,244772474.63162,135764,32929.736,126426947.62661,0
1761958800000,3845.57,3858.99,3841.03,3842.41,46246.356,1761962399999,178002800.50717,103830,22937.982,88302236.96592,0
1761962400000,3842.41,3853.79,3834.47,3850.59,39198.459,1761965999999,150639176.13761,94829,20529.489,78898430.46600,0
1761966000000,3850.58,3863.27,3849.52,3860.00,47863.259,1761969599999,184554672.97524,109697,26538.081,102326670.00665,0
1761969600000,3860.00,3867.66,3853.41,3864.74,58496.840,1761973199999,225907494.35493,116315,28593.056,110429443.08120,0
1761973200000,3864.75,3865.85,3851.30,3853.96,36713.912,1761976799999,141693331.27998,80948,16714.303,64514239.95811,0
1761976800000,3853.97,3859.63,3851.33,3857.04,43977.980,1761980399999,169501827.68562,83629,24151.717,93088964.04367,0
1761980400000,3857.04,3866.02,3855.00,3859.28,31985.553,1761983999999,123484184.76050,74653,16249.859,62733860.50069,0
1761984000000,3859.29,3882.00,3859.00,3880.30,82369.964,1761987599999,318659710.85353,121344,47686.610,184490642.44946,0
1761987600000,3880.31,3881.16,3870.01,3873.89,56169.166,1761991199999,217683423.73508,95412,25629.651,99328177.38207,0
1761991200000,3873.89,3880.44,3870.43,3874.99,35886.868,1761994799999,139042237.47320,72444,18446.022,71473802.38026,0
1761994800000,3874.99,3879.49,3866.93,3876.08,35234.914,1761998399999,136478042.70166,70369,16521.662,63999722.53690,0
1761998400000,3876.08,3879.69,3873.62,3874.62,27652.907,1762001999999,107203193.48145,68851,14680.464,56914897.55072,0
1762002000000,3874.63,3877.55,3855.66,3868.61,62238.820,1762005599999,240654479.22640,116280,29895.431,115571642.44954,0
1762005600000,3868.62,3874.00,3856.53,3871.43,68484.615,1762009199999,264682468.33760,137330,34980.766,135193627.11680,0
1762009200000,3871.43,3901.36,3869.95,3893.01,144072.409,1762012799999,560207538.06183,234293,75932.921,295253306.61771,0
1762012800000,3893.02,3907.61,3883.79,3890.24,97218.713,1762016399999,378606693.20482,182306,47777.659,186080054.79145,0
1762016400000,3890.24,3892.56,3860.44,3864.19,122113.694,1762019999999,473045028.14181,180857,54160.193,209762444.38086,0
1762020000000,3864.20,3879.20,3862.24,3878.38,42935.913,1762023599999,166209688.21540,84130,25131.193,97283507.10839,0
1762023600000,3878.37,3879.39,3869.23,3878.34,19626.696,1762027199999,76059163.91835,50698,10120.166,39222148.57727,0
1762027200000,3878.33,3890.00,3877.05,3879.93,32333.718,1762030799999,125574398.40859,78876,15362.876,59666190.77177,0
1762030800000,3879.92,3883.00,3865.81,3865.82,26761.494,1762034399999,103710474.87066,57063,12062.014,46749115.00563,0
1762034400000,3865.81,3874.46,3862.44,3873.24,32831.639,1762037999999,126994474.21539,83420,16795.794,64969975.81326,0
1762038000000,3873.23,3875.90,3867.11,3872.14,16320.299,1762041599999,63182644.66633,44844,8002.292,30979004.44103,0
1762041600000,3872.14,3872.57,3860.21,3864.73,35734.516,1762045199999,138151923.68034,75214,17581.027,67974013.21988,0
1762045200000,3864.73,3875.69,3860.01,3870.47,33845.848,1762048799999,130931999.68927,78440,19980.739,77297959.14567,0
1762048800000,3870.47,3885.83,3867.00,3878.47,40574.281,1762052399999,157317930.08907,86074,21508.317,83392680.20821,0
1762052400000,3878.47,3883.55,3876.20,3879.25,22488.409,1762055999999,87237219.83544,61856,11395.921,44207365.95133,0
1762056000000,3879.25,3915.98,3874.08,3907.21,116420.132,1762059599999,453616204.01815,166368,67320.732,262354474.88992,0
1762059600000,3907.22,3908.00,3893.00,3901.05,59945.420,1762063199999,233770874.78805,127436,27427.198,106954040.09912,0
1762063200000,3901.05,3906.74,3890.10,3900.28,40939.567,1762066799999,159566368.02477,101977,18376.463,71624711.60444,0
1762066800000,3900.28,3917.00,3890.34,3904.57,76720.933,1762070399999,299338718.02812,136284,36785.510,143542326.92418,0
1762070400000,3904.58,3909.34,3890.02,3893.22,58844.554,1762073999999,229426622.87666,105664,26740.619,104266288.49502,0
1762074000000,3893.22,3901.86,3864.45,3870.77,143070.464,1762077599999,555102115.87118,195747,64611.663,250687796.25077,0
1762077600000,3870.76,3874.69,3851.24,3861.64,144890.084,1762081199999,559320490.14361,200537,66009.620,254833107.74475,0
1762081200000,3861.64,3895.80,3860.43,3888.92,136123.448,1762084799999,528198301.36336,193797,72655.265,281812159.35067,0
1762084800000,3888.93,3892.98,3869.70,3875.91,91944.840,1762088399999,356850571.75127,160598,41028.027,159236836.62417,0
1762088400000,3875.90,3875.92,3852.30,3866.46,105473.329,1762091999999,407417966.74181,175347,50277.961,194215626.59442,0
1762092000000,3866.46,3871.50,3837.04,3851.40,140088.427,1762095599999,539313746.92210,257308,63721.197,245337203.46001,0
1762095600000,3851.40,3869.91,3844.01,3851.63,74384.643,1762099199999,287010107.19621,164544,35459.627,136832523.00598,0
1762099200000,3851.63,3863.58,3838.23,3862.75,90327.630,1762102799999,347914265.39182,194092,45309.965,174549174.63056,0
1762102800000,3862.75,3862.76,3847.85,3857.70,31239.354,1762106399999,120446289.93122,85783,15419.403,59452367.85574,0
1762106400000,3857.70,3865.89,3853.52,3862.44,27193.756,1762109999999,104984462.50283,70653,15155.126,58513303.69273,0
1762110000000,3862.44,3862.99,3840.93,3854.38,48063.536,1762113599999,185063955.42116,97619,22929.026,88283379.26516,0
1762113600000,3854.38,3858.19,3846.00,3857.19,19203.337,1762117199999,73995410.31238,57031,10257.684,39527101.36718,0
1762117200000,3857.19,3867.45,3848.39,3859.54,34074.826,1762120799999,131439924.26334,67592,18163.377,70069888.40765,0
1762120800000,3859.54,3862.08,3842.41,3853.39,36082.148,1762124399999,138970498.20291,76732,16813.271,64757456.16305,0
1762124400000,3853.39,3915.00,3853.39,3904.80,209180.307,1762127999999,813580440.12502,302164,123170.685,478956654.59853,0
1762128000000,3904.79,3913.34,3861.15,3863.30,166123.255,1762131599999,646218506.31809,263991,82222.609,319761240.23480,0
1762131600000,3863.31,3863.41,3826.51,3835.16,232646.407,1762135199999,894802988.78451,370408,104117.576,400531001.32904,0
1762135200000,3835.17,3840.08,3780.00,3797.39,357970.282,1762138799999,1362877820.71490,511955,158455.297,603260250.18183,0
1762138800000,3797.40,3805.00,3726.00,3734.73,483663.104,1762142399999,1816160708.77277,663054,212069.207,796346315.91798,0
1762142400000,3734.74,3746.70,3713.22,3744.76,249616.773,1762145999999,931143378.61669,404210,121367.073,452798504.29061,0
1762146000000,3744.77,3764.07,3726.00,3730.25,170663.271,1762149599999,639161460.75480,285331,81334.927,304669342.13232,0
1762149600000,3730.26,3739.67,3682.00,3717.01,343865.766,1762153199999,1275193644.37190,471395,159625.931,592196595.07924,0
1762153200000,3717.01,3735.83,3697.00,3713.10,217036.810,1762156799999,806768493.37343,348939,114837.060,426929174.51188,0
1762156800000,3713.09,3719.75,3686.02,3714.91,202546.650,1762160399999,750035222.31938,343343,99863.918,369897752.32216,0
1762160400000,3714.92,3739.98,3694.39,3701.71,223062.048,1762163999999,829535000.86532,302986,107563.724,399914954.80440,0
1762164000000,3701.71,3718.14,3650.13,3674.56,239598.298,1762167599999,883124128.74402,283694,91976.581,339291731.79682,0
1762167600000,3674.55,3722.65,3671.20,3710.00,257646.968,1762171199999,953641407.29785,358199,131079.954,485113751.43494,0
1762171200000,3710.01,3726.90,3702.90,3707.58,122102.832,1762174799999,453849156.27656,233206,56154.526,208715614.76541,0
1762174800000,3707.58,3727.06,3691.48,3718.47,172601.871,1762178399999,640056772.41644,271058,95307.575,353431939.73004,0
1762178400000,3718.47,3747.36,3703.00,3732.82,242918.510,1762181999999,904874358.78131,437350,117687.152,438428931.98024,0
1762182000000,3732.83,3737.86,3578.40,3587.38,1027321.824,1762185599999,3729392011.70237,1248648,444806.053,1614548813.62034,0
1762185600000,3587.38,3626.00,3562.27,3617.56,505294.931,1762189199999,1818323167.59532,791485,250255.307,900793980.99973,0
1762189200000,3617.56,3681.23,3608.96,3664.65,327864.625,1762192799999,1196241487.74658,507523,160466.001,585571519.05066,0
1762192800000,3664.65,3671.96,3629.00,3630.75,147930.308,1762196399999,539895795.11278,292335,69637.433,254121574.61718,0
1762196400000,3630.75,3647.65,3618.77,3629.60,155726.608,1762199999999,565341144.27525,326414,77325.572,280740090.33581,0
1762200000000,3629.61,3635.00,3560.51,3586.82,256248.811,1762203599999,921327910.61699,436428,117266.069,421699630.11438,0
1762203600000,3586.83,3613.61,3556.00,3600.54,230279.487,1762207199999,826362789.27242,439420,114088.412,409670868.55943,0
1762207200000,3600.55,3602.33,3558.02,3588.26,141412.727,1762210799999,506931151.11693,257904,63468.648,227510232.33282,0
1762210800000,3588.26,3605.83,3563.78,3602.15,125332.331,1762214399999,449693722.48992,221675,70880.003,254393279.21977,0
1762214400000,3602.15,3635.00,3565.95,3616.49,257208.651,1762217999999,927175429.70902,401451,139884.503,504431102.41459,0
1762218000000,3616.50,3653.65,3605.71,3642.85,168665.263,1762221599999,613152492.93179,326415,95146.748,346037363.89947,0
1762221600000,3642.85,3647.35,3616.56,3624.51,106958.755,1762225199999,388558411.80634,248230,52281.174,189934253.30084,0
1762225200000,3624.50,3650.00,3618.80,3640.90,105898.379,1762228799999,385463692.10292,284360,55813.649,203145867.92776,0
1762228800000,3640.91,3646.80,3620.00,3623.85,93995.371,1762232399999,341501044.35954,226650,49305.899,179132036.04855,0
1762232400000,3623.86,3630.62,3482.20,3490.30,757237.511,1762235999999,2680787330.00345,988172,314534.734,1113547523.81759,0
1762236000000,3490.31,3560.98,3476.00,3510.89,548719.140,1762239599999,1930813100.25893,792883,289280.126,1018124379.79324,0
1762239600000,3510.88,3530.69,3470.58,3492.79,349326.819,1762243199999,1219939485.56354,519023,176874.470,618034811.94244,0
1762243200000,3492.78,3512.00,3460.00,3494.72,327718.369,1762246799999,1142489179.77282,535327,164400.026,573416190.32926,0
1762246800000,3494.72,3502.04,3474.49,3490.83,169265.050,1762250399999,590417182.72369,346565,83188.694,290217350.25777,0
1762250400000,3490.82,3501.42,3471.52,3484.24,158710.115,1762253999999,553088129.31160,325727,83764.564,291964142.61423,0
1762254000000,3484.23,3534.14,3481.77,3527.78,226994.424,1762257599999,796608272.81297,351407,123754.719,434280944.16916,0
1762257600000,3527.78,3531.25,3493.60,3509.56,179436.065,1762261199999,629782226.04716,338148,83579.959,293346293.22929,0
1762261200000,3509.55,3522.00,3490.92,3505.40,178083.716,1762264799999,624956620.99672,339262,81827.710,287178720.29477,0
1762264800000,3505.40,3561.99,3471.38,3554.33,520796.152,1762268399999,1831679620.30466,784224,277286.034,975805455.33649,0
1762268400000,3554.34,3586.12,3492.72,3506.00,534079.298,1762271999999,1894693884.57745,803911,251958.105,894239624.13122,0
1762272000000,3505.99,3518.95,3423.00,3428.29,526813.927,1762275599999,1825261754.08016,909039,233167.277,808281341.96018,0
1762275600000,3428.30,3428.69,3361.45,3371.57,866146.856,1762279199999,2938893862.26090,1152578,408577.541,1386544747.86070,0
1762279200000,3371.58,3372.63,3255.00,3301.38,1113575.747,1762282799999,3680528844.93716,1413763,514617.434,1700822454.96553,0
1762282800000,3301.37,3315.49,3225.00,3229.84,471240.945,1762286399999,1543427673.23415,821952,222883.069,730878898.80908,0
1762286400000,3229.83,3252.63,3122.67,3211.50,1172638.018,1762289999999,3732830897.87644,1395317,520584.685,1658615718.43283,0
1762290000000,3211.50,3217.56,3055.00,3213.77,975611.959,1762293599999,3065607542.76098,1213246,488202.860,1535666181.52051,0
1762293600000,3213.78,3289.66,3197.00,3246.44,480154.440,1762297199999,1558961580.60384,747151,253272.846,822476795.17070,0
1762297200000,3246.43,3305.75,3241.06,3285.28,388996.026,1762300799999,1274701311.74589,632716,216935.512,711120025.57463,0
1762300800000,3285.28,3300.00,3227.21,3239.03,285008.501,1762304399999,927991133.94052,602303,131822.809,429304865.73529,0
1762304400000,3239.04,3253.61,3165.41,3241.91,510394.756,1762307999999,1634655826.87618,1016562,247220.869,792181578.70273,0
1762308000000,3241.90,3325.74,3241.59,3323.88,436479.346,1762311599999,1432695556.54805,873909,236205.557,775509723.62280,0
1762311600000,3323.85,3347.75,3303.80,3333.44,269739.017,1762315199999,897511302.71493,586985,133363.178,443781568.86290,0
1762315200000,3333.45,3344.76,3312.44,3328.04,174608.697,1762318799999,580991629.07505,384653,85112.227,283243484.63218,0
1762318800000,3328.04,3353.80,3322.65,3324.07,125580.660,1762322399999,418935664.15295,295395,65229.447,217647497.72020,0
1762322400000,3324.07,3340.00,3309.09,3335.55,156665.384,1762325999999,520473622.13238,292104,75778.040,251824621.21272,0
1762326000000,3335.55,3340.00,3301.51,3329.10,132925.625,1762329599999,441978588.47045,261990,60195.729,200192719.94470,0
1762329600000,3329.09,3329.19,3281.00,3299.48,244539.743,1762333199999,806955931.75933,480908,111826.599,368988315.17308,0
1762333200000,3299.48,3321.17,3292.00,3306.15,130929.843,1762336799999,432786716.41006,345143,62581.751,206877049.77144,0
1762336800000,3306.15,3306.87,3272.24,3274.86,133707.984,1762340399999,439692721.25224,315973,59301.038,195069594.17198,0
1762340400000,3274.86,3323.98,3274.06,3320.97,214563.216,1762343999999,708713112.08790,326547,120422.831,397749557.36564,0
1762344000000,3320.98,3359.02,3311.26,3343.55,277044.745,1762347599999,924498769.97664,448698,153688.432,512941034.59962,0
1762347600000,3343.55,3375.00,3323.25,3358.72,278866.704,1762351199999,933698285.42711,479667,158014.624,529175141.82353,0
1762351200000,3358.71,3371.16,3317.48,3347.19,335545.861,1762354799999,1121438965.34994,605264,160331.607,536011898.99228,0
1762354800000,3347.20,3397.67,3331.69,3396.31,319053.497,1762358399999,1075096150.16416,659459,179518.337,605183937.03274,0
1762358400000,3396.32,3438.00,3368.05,3435.42,446961.008,1762361999999,1519940804.70927,569548,222743.959,757897580.85548,0
1762362000000,3435.43,3446.82,3415.90,3433.79,222388.245,1762365599999,762717693.61898,379426,116908.514,401053794.83774,0
1762365600000,3433.78,3478.50,3427.81,3460.24,197619.420,1762369199999,682602094.55716,339976,108899.155,376248621.97195,0
1762369200000,3460.24,3471.07,3442.91,3453.32,139727.871,1762372799999,482855363.03140,277171,69064.395,238664049.11052,0
1762372800000,3453.31,3479.00,3439.14,3449.52,164995.059,1762376399999,570825635.21158,324639,81595.985,282375416.70974,0
1762376400000,3449.51,3449.98,3427.44,3440.57,150292.513,1762379999999,516754989.63204,287048,76556.143,263242435.90837,0
1762380000000,3440.56,3444.00,3413.62,3422.96,106201.603,1762383599999,363637949.58925,165423,46990.480,160904077.02410,0
1762383600000,3422.95,3434.54,3413.89,3423.06,76069.680,1762387199999,260570059.05377,187041,42348.450,145067313.09532,0
1762387200000,3423.06,3423.06,3391.08,3405.90,153658.536,1762390799999,522969017.56403,253767,63684.683,216758867.75949,0
1762390800000,3405.89,3409.71,3373.70,3404.26,165681.511,1762394399999,561816343.40895,288145,79279.770,268990008.10340,0
1762394400000,3404.26,3428.95,3390.65,3420.50,145267.071,1762397999999,495467271.14420,279409,78088.785,266469761.19036,0
1762398000000,3420.51,3449.37,3419.67,3431.33,125836.633,1762401599999,432358813.98672,264562,66862.270,229731328.71900,0
1762401600000,3431.34,3455.00,3427.19,3450.87,82297.703,1762405199999,283258383.69146,189712,46313.388,159430086.16515,0
1762405200000,3450.88,3450.88,3378.51,3387.00,223809.791,1762408799999,762627114.00021,346540,89293.457,304162268.92258,0
1762408800000,3387.00,3401.84,3377.01,3383.54,136200.379,1762412399999,461694965.01775,252181,68552.930,232441709.16301,0
1762412400000,3383.53,3393.86,3357.94,3378.90,193518.007,1762415999999,653238870.98693,317458,85357.663,288249847.77508,0
1762416000000,3378.89,3393.47,3370.89,3383.61,119244.276,1762419599999,403311441.90471,252318,60755.848,205521742.29061,0
1762419600000,3383.60,3393.05,3373.42,3381.50,88777.873,1762423199999,300474501.98357,201382,41334.228,139920357.47244,0
1762423200000,3381.51,3414.30,3365.00,3392.32,195270.229,1762426799999,662196042.38008,296338,97877.375,332089444.22552,0
1762426800000,3392.32,3406.81,3378.70,3397.85,110524.652,1762430399999,375207285.95860,206595,49880.549,169320317.46796,0
1762430400000,3397.84,3403.94,3340.53,3347.88,247169.935,1762433999999,831875137.64050,400203,108577.671,365425103.52990,0
1762434000000,3347.88,3402.03,3347.88,3389.65,183869.597,1762437599999,621538593.23474,388774,90511.785,305985662.71557,0
1762437600000,3389.66,3399.02,3317.18,3327.99,411388.450,1762441199999,1376588366.27527,711002,191895.255,642131560.79177,0
1762441200000,3327.99,3365.00,3275.19,3300.01,628692.340,1762444799999,2085464642.18979,932691,305956.840,1015312899.22477,0
1762444800000,3300.01,3321.97,3245.00,3275.64,491034.044,1762448399999,1610571250.87987,805338,242738.676,796418396.89461,0
1762448400000,3275.64,3340.00,3269.34,3328.32,353463.269,1762451999999,1167434328.58530,665278,196219.612,648245626.02714,0
1762452000000,3328.32,3351.81,3293.39,3327.31,280162.633,1762455599999,930624934.81464,519664,145645.900,483810307.37877,0
1762455600000,3327.31,3342.00,3308.21,3324.54,156310.332,1762459199999,520153999.72496,359145,72755.651,242129387.12393,0
1762459200000,3324.56,3335.43,3285.97,3305.60,144838.089,1762462799999,479052471.11617,384270,70800.081,234177825.52431,0
1762462800000,3305.57,3335.00,3290.95,3324.60,108968.924,1762466399999,360936752.65345,268383,57726.627,191221069.85812,0
1762466400000,3324.61,3328.83,3294.00,3317.77,75166.287,1762469999999,248975225.90282,154767,39150.949,129689766.43483,0
1762470000000,3317.77,3318.00,3288.61,3313.70,102268.835,1762473599999,337614078.03174,257422,48255.516,159290459.50877,0
1762473600000,3313.70,3331.25,3292.00,3323.84,150215.985,1762477199999,498227900.90999,383493,75581.287,250622317.23214,0
1762477200000,3323.85,3329.41,3273.04,3323.55,221432.504,1762480799999,731188881.93038,528621,114335.061,377580905.96353,0
1762480800000,3323.55,3351.55,3302.60,3345.68,137376.493,1762484399999,456913617.02913,397256,74969.300,249443348.25549,0
1762484400000,3345.69,3364.00,3341.50,3343.67,129890.813,1762487999999,435594968.97114,334437,62712.072,210326890.36834,0
1762488000000,3343.68,3347.21,3318.15,3336.82,120590.376,1762491599999,401874025.35969,265655,58990.480,196595091.82053,0
1762491600000,3336.82,3370.00,3336.13,3365.40,136956.128,1762495199999,459656732.37958,284476,67419.472,226295293.49285,0
1762495200000,3365.41,3368.66,3345.91,3346.31,67206.746,1762498799999,225599365.74879,170971,28906.467,97027183.69435,0
1762498800000,3346.30,3363.00,3333.95,3356.32,103112.934,1762502399999,345255748.57330,216658,53072.342,177696937.74416,0
1762502400000,3356.31,3359.29,3332.02,3340.31,76845.127,1762505999999,257017737.42448,194122,39150.616,130936462.62885,0
1762506000000,3340.30,3340.72,3288.11,3299.84,205009.904,1762509599999,677890944.06868,343649,102427.090,338624553.52115,0
1762509600000,3299.84,3309.00,3270.03,3279.00,181279.876,1762513199999,595561525.89153,289113,85909.215,282273085.76000,0
1762513200000,3279.00,3279.00,3224.05,3258.62,400370.399,1762516799999,1299957608.58295,615758,199289.038,647117507.75723,0
1762516800000,3258.61,3275.00,3195.58,3221.66,393406.015,1762520399999,1268380198.09698,593857,195358.587,629949248.51599,0
1762520400000,3221.67,3248.72,3213.01,3239.53,231467.692,1762523999999,748332340.73283,470793,118818.015,384203541.81930,0
1762524000000,3239.52,3298.28,3192.92,3286.69,469282.165,1762527599999,1523030079.09667,931466,242847.167,788408436.05458,0
1762527600000,3286.65,3317.10,3260.70,3295.99,416504.043,1762531199999,1372572785.38056,895218,210299.715,692984520.18511,0
1762531200000,3296.00,3332.00,3271.76,3307.46,289101.240,1762534799999,956075342.14749,645166,142745.529,472174651.35926,0
1762534800000,3307.47,3394.89,3295.00,3384.36,372776.671,1762538399999,1253473749.14824,669035,201638.308,677889158.80310,0
1762538400000,3384.37,3434.13,3376.64,3424.85,282526.817,1762541999999,963556461.08165,557998,147532.833,503072644.84651,0
1762542000000,3424.84,3449.00,3415.41,3441.94,163067.491,1762545599999,559956648.38096,377208,78311.615,268948563.12143,0
1762545600000,3441.93,3470.00,3428.35,3463.14,191223.326,1762549199999,659707181.79776,411224,104019.132,358966770.33162,0
1762549200000,3463.14,3469.58,3447.43,3467.01,80241.465,1762552799999,277641727.37197,217408,37515.532,129825236.75575,0
1762552800000,3467.02,3472.23,3441.99,3444.52,88009.457,1762556399999,303968816.66678,170508,40774.991,140829312.72320,0
1762556400000,3444.52,3449.00,3431.11,3434.36,96049.761,1762559999999,330406996.09305,196435,46182.684,158867256.39168,0
1762560000000,3434.37,3447.61,3404.93,3423.36,163882.405,1762563599999,561700914.47781,309966,72166.917,247362370.55060,0
1762563600000,3423.36,3446.18,3420.42,3436.22,74522.503,1762567199999,256096109.36908,239281,38001.191,130593106.17534,0
1762567200000,3436.23,3458.89,3431.02,3439.60,95530.788,1762570799999,329456321.74243,240542,49329.931,170129254.38087,0
1762570800000,3439.60,3465.77,3438.28,3452.50,105419.364,1762574399999,364180971.48610,241013,55490.495,191718418.81185,0
1762574400000,3452.51,3490.00,3447.53,3457.13,145820.541,1762577999999,505254668.82759,289170,79143.715,274338907.11759,0
1762578000000,3457.12,3465.49,3422.84,3429.86,134287.841,1762581599999,462139520.98929,269599,57765.039,198851010.60149,0
1762581600000,3429.86,3454.43,3414.49,3443.75,160283.362,1762585199999,550799484.81812,290458,82128.301,282267030.66912,0
1762585200000,3443.75,3449.99,3423.09,3446.41,92798.206,1762588799999,318996744.37958,200938,45882.873,157750741.93868,0
1762588800000,3446.41,3468.43,3434.04,3453.28,90224.469,1762592399999,311549555.50498,214837,48402.381,167157955.04617,0
1762592400000,3453.28,3463.59,3437.05,3438.32,80075.686,1762595999999,276254627.03798,173748,38099.499,131444962.00275,0
1762596000000,3438.32,3449.00,3431.74,3444.45,69932.212,1762599599999,240649206.19665,151935,36685.898,126238174.03880,0
1762599600000,3444.45,3454.90,3405.03,3411.53,158734.027,1762603199999,543493520.05824,265625,69618.629,238383085.04846,0
1762603200000,3411.54,3416.74,3396.00,3407.78,141789.382,1762606799999,483014172.52939,262608,68467.771,233250890.28376,0
1762606800000,3407.78,3411.60,3388.09,3395.20,148607.821,1762610399999,505142377.49132,303400,72672.230,247051227.33284,0
1762610400000,3395.21,3411.46,3371.61,3398.56,216565.274,1762613999999,734178332.06857,374085,111780.830,378998213.73667,0
1762614000000,3398.57,3402.80,3367.81,3375.68,128818.575,1762617599999,435856316.22695,274594,59494.289,201352605.93989,0
1762617600000,3375.69,3382.94,3353.31,3366.84,185869.282,1762621199999,626155512.85768,338027,89317.938,300949997.11251,0
1762621200000,3366.85,3399.00,3361.65,3397.69,129164.706,1762624799999,437079135.69497,224530,76487.742,258850827.96546,0
1762624800000,3397.69,3406.46,3384.56,3401.35,74506.534,1762628399999,252986127.43005,157288,35247.531,119715047.38337,0
1762628400000,3401.34,3405.03,3361.49,3387.61,104815.864,1762631999999,354341328.35534,199376,50503.902,170661205.84097,0
1762632000000,3387.62,3402.49,3378.40,3396.10,53831.177,1762635599999,182589698.35789,130615,26648.796,90392979.88227,0
1762635600000,3396.10,3408.75,3393.00,3404.18,39980.818,1762639199999,136009977.44074,113054,18447.244,62752271.41173,0
1762639200000,3404.19,3409.89,3392.66,3407.46,32312.441,1762642799999,109919697.73416,80719,15069.622,51267423.91226,0
1762642800000,3407.45,3414.33,3398.26,3400.07,35612.941,1762646399999,121313032.07123,98755,16041.809,54653677.16272,0
1762646400000,3400.08,3401.00,3371.35,3383.34,88773.382,1762649999999,300463463.91382,160604,36918.502,124919226.27910,0
1762650000000,3383.34,3403.00,3377.74,3399.21,48503.380,1762653599999,164540910.65354,136712,27584.653,93581626.15092,0
1762653600000,3399.21,3399.21,3362.41,3366.56,89234.255,1762657199999,301606879.35394,194461,44469.203,150312426.10515,0
1762657200000,3366.56,3376.90,3356.74,3374.82,80712.837,1762660799999,271730027.59856,212271,41399.504,139404624.97673,0
1762660800000,3374.82,3389.00,3368.62,3373.08,70367.005,1762664399999,237722507.34081,157717,33113.043,111875497.87862,0
1762664400000,3373.08,3407.20,3371.00,3403.90,100786.497,1762667999999,342222354.57260,191139,54933.087,186513716.47654,0
1762668000000,3403.90,3418.72,3398.12,3403.49,74242.522,1762671599999,252945439.34414,149925,38397.573,130844106.55100,0
1762671600000,3403.50,3425.68,3401.52,3421.05,72149.183,1762675199999,246362838.33652,150428,41963.972,143333157.36593,0
1762675200000,3421.06,3422.94,3408.00,3420.19,53636.902,1762678799999,183207127.44595,120548,23654.147,80785052.71703,0
1762678800000,3420.19,3434.00,3397.56,3399.64,136421.031,1762682399999,466321551.06841,211673,66652.184,227904647.52048,0
1762682400000,3399.65,3400.85,3380.71,3400.33,120953.753,1762685999999,410192868.15931,224481,65702.225,222829330.81185,0
1762686000000,3400.34,3432.15,3400.34,3426.99,111989.898,1762689599999,382850685.22088,224323,57605.448,196931733.08746,0
1762689600000,3427.00,3464.54,3423.22,3440.64,190831.433,1762693199999,657467315.21362,305745,107181.596,369246800.25869,0
1762693200000,3440.64,3463.00,3440.50,3456.72,112758.121,1762696799999,389366387.15695,257100,61167.189,211209741.37036,0
1762696800000,3456.71,3563.19,3451.77,3505.01,627842.358,1762700399999,2209152239.65046,831527,332580.172,1169772208.57141,0
1762700400000,3505.01,3535.51,3501.93,3513.58,190327.970,1762703999999,670397653.62361,360955,91769.960,323305659.57053,0
1762704000000,3513.58,3535.96,3500.00,3526.22,172296.979,1762707599999,605507978.15884,308439,80371.013,282517726.60432,0
1762707600000,3526.22,3530.00,3501.00,3514.00,84448.543,1762711199999,296735245.73557,195982,39360.008,138303755.98687,0
1762711200000,3514.00,3542.85,3508.78,3539.67,85947.502,1762714799999,303054243.70083,196382,48888.044,172414571.46034,0
1762714800000,3539.66,3578.70,3532.84,3578.04,173430.897,1762718399999,616677951.10303,323172,101445.211,360755271.37938,0
1762718400000,3578.03,3597.43,3560.07,3577.43,148209.994,1762721999999,530256770.86012,292747,80173.823,286974654.99001,0
1762722000000,3577.43,3595.38,3571.38,3579.46,95121.550,1762725599999,340713774.04741,220695,46489.881,166543097.70084,0
1762725600000,3579.47,3594.00,3563.07,3586.10,80851.888,1762729199999,289109429.59410,187865,36233.012,129574488.78696,0
1762729200000,3586.10,3624.40,3563.45,3581.31,232266.969,1762732799999,833267514.10574,424508,118984.748,427156868.29852,0
1762732800000,3581.31,3651.92,3548.88,3634.14,342094.440,1762736399999,1234090532.33476,617128,169049.994,610316182.83711,0
1762736400000,3634.13,3658.00,3615.21,3628.26,227159.684,1762739999999,826194925.76995,497834,122482.846,445528923.65632,0
1762740000000,3628.26,3638.17,3611.00,3627.32,114811.259,1762743599999,416263849.87677,283101,54846.254,198888428.57570,0
1762743600000,3627.33,3647.00,3621.89,3626.45,99362.152,1762747199999,360824314.78076,287019,51899.303,188472590.26683,0
1762747200000,3626.44,3630.71,3602.00,3615.98,109451.171,1762750799999,395433296.98163,230177,55830.946,201719425.53526,0
1762750800000,3615.98,3625.00,3587.56,3606.81,117688.275,1762754399999,424223383.95227,252559,57423.997,207040872.21218,0
1762754400000,3606.81,3611.62,3593.01,3603.91,66175.343,1762757999999,238489729.70103,186633,33183.057,119602934.72907,0
1762758000000,3603.91,3621.66,3602.00,3607.50,86403.855,1762761599999,312160470.27193,206630,48049.032,173600999.51435,0
1762761600000,3607.51,3614.53,3585.59,3593.29,149654.510,1762765199999,538629179.26209,247368,69935.880,251775581.46712,0
1762765200000,3593.28,3630.30,3585.42,3623.32,138132.449,1762768799999,498378526.54159,256336,78360.366,282683003.78791,0
1762768800000,3623.32,3626.81,3602.30,3605.07,74699.943,1762772399999,269941017.81255,176737,31933.052,115396710.27067,0
1762772400000,3605.08,3619.99,3602.33,3608.90,69001.266,1762775999999,249141080.23432,162562,36097.454,130346435.99852,0
1762776000000,3608.89,3609.40,3581.68,3590.46,111101.478,1762779599999,399004433.46005,240565,52271.531,187739094.36791,0
1762779600000,3590.46,3620.71,3588.45,3613.91,150128.432,1762783199999,541731741.64820,281388,75881.894,273825110.87623,0
1762783200000,3613.91,3614.23,3528.05,3540.00,428752.976,1762786799999,1528723411.83846,641736,186103.729,663667348.13274,0
1762786800000,3540.00,3559.30,3506.66,3518.10,397014.689,1762790399999,1403205041.28211,683099,202126.047,714582637.14325,0
1762790400000,3518.10,3536.84,3505.55,3528.04,225181.528,1762793999999,793277923.86310,438987,118534.526,417632431.07382,0
1762794000000,3528.04,3559.00,3520.79,3553.38,207957.499,1762797599999,735826456.59530,285790,119004.139,421090050.26939,0
1762797600000,3553.38,3556.00,3530.51,3530.75,92881.980,1762801199999,329205419.12168,226183,41148.273,145865325.65496,0
1762801200000,3530.75,3574.73,3527.04,3556.83,133457.309,1762804799999,474630925.20452,255360,71293.034,253571346.70121,0
1762804800000,3556.83,3582.69,3553.32,3570.22,115813.008,1762808399999,413428831.16326,243550,62992.607,224874953.96941,0
1762808400000,3570.22,3571.04,3528.48,3540.12,123449.056,1762811999999,437412287.69697,263037,55979.388,198288370.68044,0
1762812000000,3540.11,3578.80,3527.06,3574.59,87099.180,1762815599999,309514198.66706,171906,46744.335,166186463.68543,0
1762815600000,3574.60,3580.00,3561.00,3566.38,64621.227,1762819199999,230797880.29961,173680,31549.510,112689886.02494,0
1762819200000,3566.38,3591.47,3551.11,3584.00,117634.756,1762822799999,419866792.69778,322845,61585.181,219883319.00337,0
1762822800000,3584.01,3647.54,3573.09,3579.96,325679.253,1762826399999,1175965405.12902,597206,170517.603,615993178.05103,0
1762826400000,3579.97,3635.41,3557.15,3613.77,273209.574,1762829999999,984409497.43346,526238,143827.685,518430215.43521,0
1762830000000,3613.76,3632.00,3596.65,3604.20,143519.637,1762833599999,518998403.86079,296758,67067.716,242583072.70034,0
1762833600000,3604.21,3608.44,3570.72,3573.35,125675.897,1762837199999,450715852.04717,293041,53909.563,193346710.91802,0
1762837200000,3573.36,3574.20,3541.48,3546.92,156415.125,1762840799999,556328454.99297,348788,72468.977,257740654.52816,0
1762840800000,3546.92,3557.66,3528.80,3555.67,228096.096,1762844399999,808532227.48937,342432,117873.977,417863813.74228,0
1762844400000,3555.67,3565.00,3540.24,3542.88,115916.499,1762847999999,411994009.12026,284313,59111.511,210104544.23811,0
1762848000000,3542.88,3562.00,3541.22,3561.19,79485.437,1762851599999,282482394.76338,229029,43063.293,153045597.98818,0
1762851600000,3561.20,3585.29,3549.53,3553.96,158225.013,1762855199999,564636927.34243,281227,77455.786,276482011.48608,0
1762855200000,3553.96,3564.82,3546.50,3558.78,74473.737,1762858799999,264806926.34477,193173,36489.265,129743618.50931,0
1762858800000,3558.78,3580.23,3558.43,3572.40,110660.865,1762862399999,395369548.79598,226539,58810.871,210144101.61185,0
1762862400000,3572.40,3593.00,3538.05,3539.70,192982.376,1762865999999,687345019.80511,374686,92702.310,330291353.36388,0
1762866000000,3539.68,3572.94,3524.00,3530.99,239143.350,1762869599999,848165523.16708,406728,111006.637,393770642.11199,0
1762869600000,3530.99,3546.26,3483.71,3528.26,482846.828,1762873199999,1696809928.79043,732251,228935.363,804616507.41852,0
1762873200000,3528.26,3528.26,3466.00,3479.62,366500.417,1762876799999,1278995887.03179,694865,182878.714,638179176.52261,0
1762876800000,3479.62,3499.10,3463.42,3483.45,206339.411,1762880399999,718350266.50287,430518,108905.735,379198246.97512,0
1762880400000,3483.45,3497.18,3443.04,3471.50,236226.070,1762883999999,818695076.89002,441021,114226.198,395908912.30423,0
1762884000000,3471.49,3485.30,3458.33,3467.29,140235.052,1762887599999,486908012.65007,324078,71173.803,247163394.92139,0
1762887600000,3467.31,3468.72,3447.80,3455.65,106394.219,1762891199999,368023870.11613,259170,50671.269,175279820.47668,0
1762891200000,3455.66,3460.66,3427.04,3437.40,194195.457,1762894799999,668321042.74399,401481,95279.696,327950432.29673,0
1762894800000,3437.40,3448.67,3406.60,3416.19,194381.113,1762898399999,665780263.46244,365416,95444.522,327005583.14840,0
1762898400000,3416.19,3435.33,3403.02,3428.46,129655.456,1762901999999,443871470.25300,222688,69832.821,239092457.81970,0
1762902000000,3428.47,3437.05,3407.45,3416.32,112552.306,1762905599999,385006100.35864,286083,57513.380,196751082.23931,0
1762905600000,3416.33,3433.64,3408.14,3416.64,107907.233,1762909199999,369318520.61263,345288,55632.906,190374141.86648,0
1762909200000,3416.65,3450.00,3410.69,3445.82,157546.638,1762912799999,541658407.95501,338351,83496.305,287103584.03446,0
1762912800000,3445.82,3454.68,3415.58,3425.94,136550.666,1762916399999,468959940.46999,290843,63533.364,218187152.24263,0
1762916400000,3425.95,3444.63,3419.85,3437.52,68499.123,1762919999999,235341207.75705,176595,34697.272,119197289.36704,0
1762920000000,3437.52,3444.00,3430.30,3442.65,55169.371,1762923599999,189579465.50399,150029,26857.003,92299044.02245,0
1762923600000,3442.65,3455.00,3441.48,3447.46,104362.875,1762927199999,359943830.49861,162573,54324.218,187379785.30644,0
1762927200000,3447.45,3455.79,3436.66,3436.66,54984.069,1762930799999,189558657.58383,142084,24203.421,83464345.75614,0
1762930800000,3436.67,3450.99,3422.17,3426.52,83814.015,1762934399999,288048079.06637,168981,36251.592,124613976.01767,0
1762934400000,3426.51,3479.00,3426.33,3466.95,193564.232,1762937999999,669556242.07530,335226,101960.675,352710413.73917,0
1762938000000,3466.94,3492.97,3464.06,3482.07,181666.504,1762941599999,632512019.96951,344938,91970.199,320211044.45969,0
1762941600000,3482.07,3547.95,3481.31,3532.50,264759.176,1762945199999,931603732.09961,416116,149454.022,525803525.99247,0
1762945200000,3532.49,3569.00,3532.19,3548.25,240215.004,1762948799999,852543755.76099,407141,122290.439,434051274.69654,0
1762948800000,3548.24,3564.97,3538.04,3550.74,141177.617,1762952399999,501055549.40504,268962,71355.290,253315989.59590,0
1762952400000,3550.73,3587.24,3543.64,3575.41,190733.087,1762955999999,680332479.28219,327497,93579.597,333855467.94338,0
1762956000000,3575.42,3580.18,3478.07,3500.94,506522.768,1762959599999,1786979140.81369,713704,235672.049,831395579.30489,0
1762959600000,3500.94,3519.96,3416.27,3426.34,613053.717,1762963199999,2125970358.56316,1023888,297263.946,1031270536.46827,0
1762963200000,3426.33,3431.81,3370.00,3398.09,658067.255,1762966799999,2238554413.66440,1033806,339070.539,1153657841.65447,0
1762966800000,3398.10,3454.22,3390.12,3428.01,333982.030,1762970399999,1141036029.29657,582920,186333.790,636762048.92202,0
1762970400000,3428.00,3455.00,3416.04,3422.85,202356.865,1762973999999,695152173.22173,406192,109127.778,374958967.40164,0
1762974000000,3422.85,3425.25,3370.80,3406.58,269089.796,1762977599999,914156198.71816,485036,132616.949,450595678.99888,0
1762977600000,3406.58,3438.82,3398.78,3415.23,110942.877,1762981199999,379305014.60860,287182,55575.703,190060771.94102,0
1762981200000,3415.24,3428.43,3406.66,3421.84,66258.260,1762984799999,226466926.76794,172046,33572.259,114757553.70442,0
1762984800000,3421.84,3421.85,3390.01,3420.44,67530.185,1762988399999,230040418.97105,148251,34582.017,117817613.63574,0
1762988400000,3420.45,3422.06,3402.00,3413.46,76300.076,1762991999999,260224501.22069,193055,41881.836,142849318.11849,0
1762992000000,3413.45,3432.38,3403.00,3410.90,106906.890,1762995599999,365216615.07613,286849,56445.728,192849855.92779,0
1762995600000,3410.90,3456.50,3409.03,3422.76,208058.441,1762999199999,715103982.03106,453434,106992.955,367822543.39142,0
1762999200000,3422.77,3445.75,3421.29,3432.89,72647.359,1763002799999,249471947.55906,236827,37646.544,129283354.18513,0
1763002800000,3432.89,3473.00,3375.09,3451.33,335816.296,1763006399999,1152484237.56053,692926,164743.234,565875133.93521,0
1763006400000,3451.32,3491.79,3432.02,3481.09,302066.374,1763009999999,1046725628.92021,527545,169570.074,587638730.95644,0
1763010000000,3481.09,3539.79,3464.73,3527.67,224374.707,1763013599999,786676888.61588,480061,122336.071,428907709.37859,0
1763013600000,3527.67,3552.88,3519.27,3539.68,238462.641,1763017199999,843274975.90524,462520,128788.711,455496457.79586,0
1763017200000,3539.68,3565.00,3530.38,3537.15,237433.437,1763020799999,841122521.44869,405579,112326.499,397995476.46495,0
1763020800000,3537.16,3549.00,3518.50,3522.85,160014.966,1763024399999,565798274.88597,272758,65312.623,231051157.20386,0
1763024400000,3522.85,3528.16,3475.00,3485.20,312902.933,1763027999999,1095413316.19339,493543,125689.184,440075699.52789,0
1763028000000,3485.21,3516.00,3485.21,3504.13,146189.369,1763031599999,511930124.43590,259692,77096.457,269970392.78783,0
1763031600000,3504.12,3517.03,3492.86,3499.98,101277.911,1763035199999,354960957.99101,206411,49272.138,172708459.51142,0
1763035200000,3499.97,3509.83,3479.99,3499.65,155119.453,1763038799999,542025089.58518,290913,75892.254,265244631.15333,0
1763038800000,3499.66,3500.36,3425.00,3436.47,442100.987,1763042399999,1528387656.98707,718138,194483.257,671816653.64993,0
1763042400000,3436.48,3481.26,3391.26,3441.72,582344.970,1763045999999,1997527078.75370,967792,304305.082,1044238810.20383,0
1763046000000,3441.72,3446.50,3365.00,3385.52,567618.531,1763049599999,1931065869.94732,1022644,277395.137,944030733.40394,0
1763049600000,3385.52,3397.96,3322.00,3326.74,555055.620,1763053199999,1864266654.99938,893628,252584.849,849058385.69471,0
1763053200000,3326.74,3328.00,3252.00,3254.40,638933.783,1763056799999,2105565912.61915,986177,317231.257,1045757631.36254,0
1763056800000,3254.40,3264.15,3182.22,3212.47,651570.349,1763060399999,2100159972.25812,1073239,317631.856,1024044465.02496,0
1763060400000,3212.46,3237.95,3173.38,3196.23,479392.039,1763063999999,1537551407.83620,827125,249350.249,800040457.23364,0
1763064000000,3196.22,3204.98,3152.49,3170.38,520996.100,1763067599999,1654621274.04447,953033,242394.180,769975683.38100,0
1763067600000,3170.38,3192.27,3159.00,3177.87,205535.542,1763071199999,652651331.56517,461691,92625.196,294158597.60459,0
1763071200000,3177.87,3235.00,3172.91,3227.74,234225.720,1763074799999,751813873.49901,361533,131852.209,423195051.53946,0
1763074800000,3227.75,3270.58,3214.70,3230.12,274207.372,1763078399999,890069076.15864,472962,131689.067,427569558.36724,0
1763078400000,3230.13,3239.67,3185.81,3199.20,365999.838,1763081999999,1176060769.63472,727557,166550.565,535388545.59799,0
1763082000000,3199.22,3220.00,3183.17,3205.39,259537.309,1763085599999,830410110.26982,605059,113488.900,363206808.11946,0
1763085600000,3205.39,3250.00,3203.05,3236.25,189439.159,1763089199999,612327223.04212,441691,105743.120,341750033.74144,0
1763089200000,3236.25,3238.10,3206.07,3226.50,139249.360,1763092799999,448598315.42494,361716,66927.947,215640127.27458,0
1763092800000,3226.49,3227.00,3104.00,3161.51,546937.326,1763096399999,1725902894.70406,950705,230716.771,727920535.58503,0
1763096400000,3161.50,3205.66,3155.01,3191.01,350416.633,1763099999999,1113563086.88418,718701,182499.773,580118703.00635,0
1763100000000,3191.01,3225.00,3133.00,3221.05,420233.469,1763103599999,1332996272.67633,800739,217229.271,689471102.84166,0
1763103600000,3221.05,3239.67,3191.93,3213.82,398653.584,1763107199999,1280832418.65313,806706,205287.092,659654713.05460,0
1763107200000,3213.82,3217.80,3181.10,3203.72,228505.480,1763110799999,731172868.14921,505336,110998.864,355219451.10474,0
1763110800000,3203.72,3214.60,3147.68,3154.70,312944.549,1763114399999,992433008.73690,564367,134484.473,426560269.26244,0
1763114400000,3154.70,3194.70,3153.00,3174.71,159996.017,1763117999999,508410300.40844,389601,83014.686,263766059.83729,0
1763118000000,3174.71,3181.69,3115.00,3142.93,394127.410,1763121599999,1238895224.31658,715278,187823.013,590510303.66470,0
1763121600000,3142.93,3142.93,3068.00,3125.71,704996.506,1763125199999,2188660061.02898,1148274,343933.663,1068164757.44303,0
1763125200000,3125.71,3149.99,3071.41,3120.64,501944.429,1763128799999,1560095459.85349,985925,249462.609,775569594.92068,0
1763128800000,3120.64,3219.77,3105.67,3197.85,824792.646,1763132399999,2613544750.38889,1444463,431276.132,1366698567.52496,0
1763132400000,3197.85,3233.66,3158.56,3195.73,484735.785,1763135999999,1548265291.22355,1151769,243309.845,777362603.40666,0
1763136000000,3195.73,3255.95,3181.37,3229.92,322284.615,1763139599999,1038965754.92092,787320,161026.821,519207149.51117,0
1763139600000,3229.92,3244.48,3158.00,3178.55,277765.305,1763143199999,888449395.51578,611177,122571.020,392156429.33578,0
1763143200000,3178.55,3207.85,3153.17,3167.74,254785.380,1763146799999,809630727.87587,630316,125144.525,397854949.70048,0
1763146800000,3167.74,3219.60,3158.52,3206.37,212962.027,1763150399999,680067015.75969,530438,108259.927,345669632.66749,0
1763150400000,3206.37,3212.04,3120.22,3136.22,246037.524,1763153999999,775939292.59218,624137,109500.705,345298608.08956,0
1763154000000,3136.22,3174.39,3123.00,3165.97,153071.001,1763157599999,483290504.19845,432795,86951.802,274565391.12297,0
1763157600000,3165.97,3186.00,3140.61,3157.71,130601.938,1763161199999,412958344.73890,294598,61726.864,195269577.54075,0
1763161200000,3157.72,3157.72,3088.00,3111.20,227638.193,1763164799999,708245440.16394,559375,104846.666,326258686.92562,0
1763164800000,3111.20,3149.80,3109.16,3139.80,158932.987,1763168399999,497826917.62657,412170,86276.402,270258547.83652,0
1763168400000,3139.80,3177.95,3123.02,3172.11,114754.143,1763171999999,361893318.54487,351285,63922.833,201674082.70063,0
1763172000000,3172.12,3192.56,3161.40,3192.24,122619.253,1763175599999,389777833.35886,289739,66709.397,212076832.31719,0
1763175600000,3192.22,3192.80,3166.01,3177.88,117365.282,1763179199999,373268354.73594,275834,54134.081,172164150.75433,0
1763179200000,3177.88,3190.88,3157.12,3170.70,94584.929,1763182799999,300083254.69418,203866,44821.955,142215312.20100,0
1763182800000,3170.71,3182.00,3160.08,3177.49,58530.260,1763186399999,185673506.81590,158922,27428.505,87018849.55421,0
1763186400000,3177.50,3186.62,3165.07,3173.98,59165.293,1763189999999,187920713.68360,152012,29229.493,92850506.60534,0
1763190000000,3173.99,3184.05,3166.82,3174.98,49523.841,1763193599999,157249630.01841,152069,24064.044,76417222.70998,0
1763193600000,3174.99,3176.60,3132.66,3141.51,164951.053,1763197199999,519985749.46761,313128,76675.476,241767097.03723,0
1763197200000,3141.52,3164.00,3137.20,3151.68,94878.958,1763200799999,299075383.40544,206662,48674.038,153439102.15046,0
1763200800000,3151.68,3170.95,3144.23,3167.41,73959.399,1763204399999,233463938.81383,168759,40803.140,128785774.29503,0
1763204400000,3167.42,3171.19,3145.36,3151.22,69787.061,1763207999999,220377409.64387,164550,29758.364,93973501.83190,0
1763208000000,3151.21,3166.84,3146.00,3160.90,59813.732,1763211599999,188878124.85012,172167,30634.792,96740191.48788,0
1763211600000,3160.89,3197.50,3157.67,3191.29,155656.988,1763215199999,494933099.89614,265937,86372.080,274706319.28386,0
1763215200000,3191.28,3191.81,3173.10,3176.34,82302.287,1763218799999,261902492.44160,197168,37469.497,119221627.87018,0
1763218800000,3176.34,3189.33,3171.64,3184.50,53842.186,1763222399999,171258772.82625,165374,26322.519,83730441.55467,0
1763222400000,3184.50,3186.53,3160.71,3184.78,103541.116,1763225999999,328619082.89217,226364,49580.689,157377891.79506,0
1763226000000,3184.77,3218.73,3180.70,3214.12,230861.776,1763229599999,739222184.23110,329283,118334.733,378892103.41153,0
1763229600000,3214.12,3230.56,3202.89,3207.14,179450.204,1763233199999,577536249.29041,250251,92800.532,298687767.71844,0
1763233200000,3207.15,3213.34,3191.15,3196.70,55808.522,1763236799999,178637629.02345,127567,25165.725,80566744.41205,0
1763236800000,3196.69,3199.40,3165.56,3173.87,88056.096,1763240399999,280087953.70038,188756,39460.768,125533547.90341,0
1763240400000,3173.86,3188.00,3151.33,3156.59,100123.297,1763243999999,317307644.51747,207931,49247.958,156116132.72914,0
1763244000000,3156.59,3171.38,3153.34,3170.00,52784.349,1763247599999,166974471.38971,130400,30179.459,95470497.90145,0
1763247600000,3170.00,3176.58,3165.53,3166.55,41254.603,1763251199999,130814320.69743,123371,21558.022,68364162.54163,0
1763251200000,3166.56,3173.57,3144.03,3151.53,97598.521,1763254799999,307919052.97457,224916,47679.036,150432089.04349,0
1763254800000,3151.53,3156.82,3130.01,3149.44,152057.896,1763258399999,477847792.41105,367050,74077.808,232850971.11669,0
1763258400000,3149.45,3204.47,3141.00,3202.04,199897.375,1763261999999,635441638.68142,365481,110218.401,350255500.53195,0
1763262000000,3202.04,3209.51,3191.92,3201.56,96260.038,1763265599999,307949645.31152,223178,47567.415,152193957.34269,0
1763265600000,3201.56,3206.00,3185.76,3193.38,75099.435,1763269199999,239888500.94337,177818,34450.027,110047855.65598,0
1763269200000,3193.38,3214.99,3192.40,3203.74,96039.066,1763272799999,307985616.44218,205058,49224.593,157869684.50058,0
1763272800000,3203.73,3215.40,3196.98,3199.89,63192.731,1763276399999,202679126.61220,160059,29540.443,94780255.84945,0
1763276400000,3199.90,3219.75,3197.65,3218.21,67203.204,1763279999999,215647203.62018,153056,38066.365,122181725.48448,0
1763280000000,3218.22,3227.58,3205.00,3218.40,89048.717,1763283599999,286213560.27046,197935,41502.513,133451343.60982,0
1763283600000,3218.41,3248.50,3207.50,3247.13,150002.925,1763287199999,484911460.12218,236020,85228.489,275569579.85654,0
1763287200000,3247.12,3247.39,3227.52,3234.96,93792.528,1763290799999,303519398.20808,196280,44582.105,144276506.87413,0
1763290800000,3234.95,3236.50,3158.35,3167.18,399823.391,1763294399999,1274150103.80468,547050,181720.751,578446254.57418,0
1763294400000,3167.17,3181.32,3152.49,3168.55,232692.761,1763297999999,737461352.28783,348928,117443.277,372261836.50072,0
1763298000000,3168.55,3172.48,3137.01,3152.60,194555.487,1763301599999,613911721.22833,318897,96474.152,304496763.79073,0
1763301600000,3152.59,3177.96,3146.01,3170.48,187048.066,1763305199999,591407073.27268,267427,113512.623,358849886.68309,0
1763305200000,3170.47,3180.00,3095.84,3103.52,371650.828,1763308799999,1163927731.28209,473342,141291.637,442695647.05026,0
1763308800000,3103.52,3124.69,3056.02,3059.60,624055.411,1763312399999,1924771362.52084,1008428,297338.920,917322175.23759,0
1763312400000,3059.60,3089.95,3025.00,3078.20,675694.104,1763315999999,2064896178.82824,786147,321279.474,982732833.49742,0
1763316000000,3078.19,3127.21,3041.43,3059.34,506853.206,1763319599999,1565703815.68630,930319,251782.900,778006276.78666,0
1763319600000,3059.33,3115.85,3056.11,3090.13,192786.171,1763323199999,596414774.95054,483113,101897.163,315104488.28182,0
1763323200000,3090.13,3116.80,3084.11,3088.13,89710.709,1763326799999,278186933.48833,280933,46678.068,144739423.81096,0
1763326800000,3088.14,3095.93,3056.56,3072.52,167198.751,1763330399999,513547274.70091,435761,77338.435,237528425.83126,0
1763330400000,3072.51,3101.82,3042.17,3090.89,214305.589,1763333999999,657827041.90767,417555,108350.819,332865863.73455,0
1763334000000,3090.89,3106.45,3001.01,3094.05,477484.882,1763337599999,1460761829.64406,964984,228203.030,698724822.11077,0
1763337600000,3094.04,3140.00,3067.77,3134.86,349005.111,1763341199999,1086202615.15930,695252,173313.523,539599435.39887,0
1763341200000,3134.86,3145.64,3113.13,3113.47,150856.793,1763344799999,472170249.31554,370681,72330.187,226488958.97090,0
1763344800000,3113.47,3159.99,3110.00,3148.20,198110.334,1763348399999,622577137.70514,366711,99032.726,311171890.70008,0
1763348400000,3148.21,3179.79,3146.91,3175.65,163231.836,1763351999999,517164581.77656,363643,87110.663,275955048.63350,0
1763352000000,3175.67,3193.00,3165.30,3184.35,147109.366,1763355599999,467933960.86304,326910,73196.600,232854350.16289,0
1763355600000,3184.36,3192.64,3176.53,3185.61,102862.472,1763359199999,327442591.25583,251635,49213.547,156676110.01423,0
1763359200000,3185.61,3197.66,3169.74,3192.77,116031.399,1763362799999,369421581.52250,259095,54108.937,172322646.01976,0
1763362800000,3192.77,3209.77,3187.60,3197.11,129125.109,1763366399999,412982031.50695,304465,68426.956,218883377.11123,0
1763366400000,3197.11,3204.16,3183.49,3188.96,111793.901,1763369999999,356973222.08292,225691,52305.600,167044769.15204,0
1763370000000,3188.96,3216.34,3178.20,3193.80,152822.646,1763373599999,488762604.92355,261583,77351.649,247403940.81954,0
1763373600000,3193.81,3207.00,3190.00,3195.54,77548.133,1763377199999,248059212.29992,181121,37496.033,119947525.67312,0
1763377200000,3195.53,3223.22,3192.00,3202.57,146216.598,1763380799999,468713423.36650,264087,74394.662,238543973.41464,0
1763380800000,3202.57,3203.25,3180.55,3182.68,127517.590,1763384399999,406714839.66366,245939,57202.075,182459808.83585,0
1763384400000,3182.67,3187.77,3093.43,3120.49,507462.096,1763387999999,1591333136.66042,765797,234664.289,735397952.01162,0
1763388000000,3120.49,3210.22,3100.70,3150.44,752865.943,1763391599999,2376297515.04692,1301904,395093.469,1246679984.11342,0
1763391600000,3150.45,3165.00,3103.00,3119.46,518988.872,1763395199999,1625250211.78923,1165214,237382.751,743666975.00172,0
1763395200000,3119.47,3142.10,3062.38,3133.15,577063.734,1763398799999,1786011040.77419,994301,284887.507,882115927.50886,0
1763398800000,3133.17,3136.36,3052.21,3057.52,349345.673,1763402399999,1079086540.73299,754294,159155.598,491723549.06294,0
1763402400000,3057.51,3080.00,3018.00,3023.52,439736.343,1763405999999,1338245834.36110,881637,218611.582,665406399.01903,0
1763406000000,3023.51,3037.40,2969.99,2981.00,599307.613,1763409599999,1797983486.86905,1004581,285796.236,857622447.32571,0
1763409600000,2980.99,3021.51,2958.00,3002.72,499321.420,1763413199999,1490728173.67824,968910,255650.829,763492896.70469,0
1763413200000,3002.74,3027.21,2981.92,3008.25,230742.487,1763416799999,692898087.99015,483603,110550.693,332125654.26192,0
1763416800000,3008.25,3030.96,2998.49,3021.99,130223.950,1763420399999,393191859.94766,236403,66541.143,200894144.90871,0
1763420400000,3021.99,3030.75,3004.40,3030.06,143152.560,1763423999999,431962069.81357,298773,67398.611,203398845.21361,0
1763424000000,3030.06,3040.00,2989.51,3031.43,259488.997,1763427599999,783561479.06085,558485,129417.273,391032363.47661,0
1763427600000,3031.43,3049.00,3012.64,3016.73,191951.259,1763431199999,581871564.07751,507000,92070.565,279113396.87023,0
1763431200000,3016.73,3044.86,2976.64,2984.40,477325.457,1763434799999,1437072186.07740,837129,228672.145,688789842.18480,0
1763434800000,2984.41,3027.47,2943.31,3022.93,667374.704,1763438399999,1989262897.08408,1100109,316265.935,943440846.76086,0
1763438400000,3022.94,3024.23,2956.63,3005.00,404031.369,1763441999999,1207853882.84807,814423,199095.439,595239893.52444,0
1763442000000,3004.99,3023.00,2982.77,3011.14,212542.327,1763445599999,639451913.33499,505905,105437.905,317284163.34425,0
1763445600000,3011.14,3014.59,2972.28,2988.85,203468.544,1763449199999,608737778.10204,472299,96631.469,289109097.91109,0
1763449200000,2988.84,3033.50,2976.06,3022.93,223977.564,1763452799999,674008806.64856,522633,116764.971,351301866.41291,0
1763452800000,3022.94,3066.89,3022.94,3059.23,301499.047,1763456399999,918149084.88715,594397,165756.686,504878353.11313,0
1763456400000,3059.23,3066.63,3026.70,3059.16,255350.695,1763459999999,778057266.90984,424782,132984.881,405286577.35097,0
1763460000000,3059.16,3071.98,3048.88,3064.50,153324.107,1763463599999,469344931.39477,346965,72381.608,221619552.00062,0
1763463600000,3064.50,3073.71,3050.75,3056.44,136131.995,1763467199999,416797534.39471,313138,61038.176,186893073.78103,0
1763467200000,3056.45,3065.00,3037.06,3048.03,189161.723,1763470799999,577106793.68257,409862,90378.613,275740788.30009,0
1763470800000,3048.04,3049.99,3020.01,3047.00,208941.747,1763474399999,634749899.28247,451324,101738.162,309135917.38813,0
1763474400000,3046.99,3091.73,3030.50,3056.67,442071.569,1763477999999,1356239892.93123,998499,241145.907,739963488.49419,0
1763478000000,3056.68,3123.17,3032.00,3105.19,559457.819,1763481599999,1729005148.38285,1267184,281517.747,870315175.58654,0
1763481600000,3105.19,3167.89,3097.88,3150.88,456980.572,1763485199999,1434685728.08842,822545,248891.665,781296187.46406,0
1763485200000,3150.87,3157.79,3118.64,3134.29,204423.856,1763488799999,641124193.53307,502117,96035.511,301252816.43771,0
1763488800000,3134.32,3169.28,3134.16,3159.12,167638.573,1763492399999,528429739.60184,382312,87842.123,276874242.48570,0
1763492400000,3159.12,3167.61,3134.39,3144.64,126278.083,1763495999999,398088404.71680,322782,61989.287,195458775.27870,0
1763496000000,3144.64,3149.46,3121.30,3121.87,92249.113,1763499599999,289286751.03308,278690,46944.690,147234915.46323,0
1763499600000,3121.86,3130.25,3095.99,3097.01,135203.561,1763503199999,420696804.37881,260520,62241.046,193700688.54865,0
1763503200000,3097.00,3128.50,3096.53,3124.02,84412.255,1763506799999,262976302.57203,150500,44725.604,139321653.34982,0
1763506800000,3124.02,3125.15,3105.99,3122.20,65377.906,1763510399999,203756523.85614,182957,32905.644,102550474.95764,0
1763510400000,3122.20,3122.75,3075.22,3099.57,169795.239,1763513999999,525632270.04176,373209,80379.419,248828628.32007,0
1763514000000,3099.58,3115.78,3083.75,3104.10,119554.491,1763517599999,370682992.03460,321651,58556.279,181578019.20021,0
1763517600000,3104.09,3125.05,3096.51,3112.91,120179.109,1763521199999,374333326.21075,287616,65774.057,204867465.73036,0
1763521200000,3112.91,3117.15,3068.19,3072.01,178765.220,1763524799999,551625618.79212,354617,87204.383,269095267.08222,0
1763524800000,3072.01,3075.91,3042.23,3047.46,195966.957,1763528399999,600132889.99023,380123,85384.670,261567281.06129,0
1763528400000,3047.45,3052.07,2990.15,3016.32,480696.721,1763531999999,1450123516.64069,665185,230272.136,694530446.97262,0
1763532000000,3016.32,3043.89,3009.26,3039.49,235070.664,1763535599999,711844651.87523,401338,134215.612,406400582.91247,0
1763535600000,3039.50,3086.68,3037.48,3083.69,225130.977,1763539199999,689900702.08121,381531,121369.369,371945755.76466,0
1763539200000,3083.69,3099.03,3071.67,3079.13,250401.558,1763542799999,772383637.80582,371121,110067.716,339619887.66176,0
1763542800000,3079.12,3087.45,3051.38,3087.25,234784.241,1763546399999,720275716.30085,365478,107885.643,331097107.87926,0
1763546400000,3087.25,3112.96,3082.31,3091.05,161399.975,1763549999999,499694123.22092,319622,84195.269,260725163.70843,0
1763550000000,3091.04,3101.52,3075.83,3082.50,96781.393,1763553599999,299057833.70251,216067,42994.239,132864766.50321,0
1763553600000,3082.50,3107.49,3079.84,3099.23,115090.471,1763557199999,355954210.67650,268529,60341.538,186649317.78434,0
1763557200000,3099.23,3099.87,3055.48,3065.80,192732.062,1763560799999,592942903.49329,387477,78261.675,240819956.72137,0
1763560800000,3065.79,3068.45,3021.76,3058.99,550945.526,1763564399999,1678287563.83614,977915,255971.870,779994731.41259,0
1763564400000,3059.00,3104.96,2966.00,2971.58,852393.081,1763567999999,2579097946.54870,1312445,397285.365,1203018234.53287,0
1763568000000,2971.57,2985.54,2935.03,2948.87,638546.645,1763571599999,1889814011.79164,1057102,322249.639,954106128.30190,0
1763571600000,2948.87,2960.12,2895.00,2921.19,624337.413,1763575199999,1823825759.65042,1014229,288903.697,844270892.34133,0
1763575200000,2921.19,2927.85,2880.00,2898.46,561223.402,1763578799999,1625261688.69157,870346,261117.311,756499990.55414,0
1763578800000,2898.46,2904.80,2873.00,2880.79,367586.831,1763582399999,1059672710.53581,533459,167046.120,481808748.85867,0
1763582400000,2880.79,2956.65,2873.63,2944.08,445607.276,1763585999999,1299068753.97730,640863,250519.881,730829350.60672,0
1763586000000,2944.09,3000.75,2937.52,2990.32,522401.433,1763589599999,1554388061.36273,866409,253663.585,754891130.20392,0
1763589600000,2990.32,2991.00,2951.93,2983.26,157943.761,1763593199999,469664328.16621,332769,73769.855,219410248.72233,0
1763593200000,2983.25,3026.57,2983.10,3024.09,258593.421,1763596799999,779198148.46968,430659,138716.641,417938461.82551,0
1763596800000,3024.08,3047.75,3003.41,3017.72,274256.035,1763600399999,830638976.46846,430123,120293.250,364395748.86257,0
1763600400000,3017.73,3049.82,3017.33,3046.46,178241.524,1763603999999,540973312.36184,321041,104044.611,315779886.86982,0
1763604000000,3046.46,3057.00,3028.25,3042.59,197227.730,1763607599999,599469089.18598,346442,90950.154,276467523.54419,0
1763607600000,3042.60,3052.22,3035.64,3037.83,119502.384,1763611199999,363648291.62797,250809,58468.598,177925139.74915,0
1763611200000,3037.84,3054.25,3015.60,3052.92,239619.733,1763614799999,726086234.75882,326190,117370.453,355793974.55244,0
1763614800000,3052.91,3063.00,3031.48,3034.08,175251.026,1763618399999,533717985.42504,270242,78808.944,240033143.97967,0
1763618400000,3034.07,3041.50,3005.69,3019.64,166471.664,1763621999999,502769078.41828,258495,73140.289,220955472.39353,0
1763622000000,3019.63,3043.12,3013.90,3038.09,126886.867,1763625599999,384433118.20843,244032,72059.507,218329912.37084,0
1763625600000,3038.10,3043.68,3021.50,3029.33,97911.982,1763629199999,296939301.97049,212022,42350.553,128445829.89860,0
1763629200000,3029.33,3032.97,2990.47,3010.06,192034.371,1763632799999,578106194.58290,307084,80945.467,243732906.72695,0
1763632800000,3010.06,3019.60,2992.00,3014.10,154864.192,1763636399999,465534172.59512,272171,84782.366,254881206.26819,0
1763636400000,3014.11,3026.33,3000.67,3022.13,107380.345,1763639999999,323693955.79032,224313,58133.281,175253054.33572,0
1763640000000,3022.14,3031.59,3009.00,3027.40,118329.828,1763643599999,357583677.62611,257195,58248.625,176045347.27941,0
1763643600000,3027.41,3048.00,2994.67,2998.62,404368.995,1763647199999,1220390407.96482,693889,189715.402,572713166.69355,0
1763647200000,2998.62,3021.32,2962.45,2999.42,694450.159,1763650799999,2076874739.15896,1159296,322011.879,963334639.73980,0
1763650800000,2999.43,3002.36,2950.00,2954.53,440712.647,1763654399999,1311645097.03104,856732,206153.612,613718115.61331,0
1763654400000,2954.52,2960.11,2846.00,2861.21,1416214.475,1763657999999,4101668440.20614,1779384,660438.743,1912286074.32769,0
1763658000000,2861.21,2872.61,2805.55,2832.16,988879.942,1763661599999,2796680346.88853,1438137,495169.844,1400551453.23340,0
1763661600000,2832.16,2858.98,2804.71,2812.21,550037.241,1763665199999,1555889715.45440,853706,279340.039,790471603.39616,0
1763665200000,2812.20,2854.88,2788.01,2846.39,487515.275,1763668799999,1373655988.49148,728077,250245.411,705501505.50447,0
1763668800000,2846.39,2855.00,2818.00,2833.97,235947.113,1763672399999,669418708.16764,495167,113089.550,320904145.50939,0
1763672400000,2833.97,2896.17,2833.05,2877.96,235774.070,1763675999999,676577664.72013,437490,128168.395,367562376.78271,0
1763676000000,2877.96,2904.83,2874.80,2885.07,141046.161,1763679599999,408069392.82720,287194,64839.776,187603502.96466,0
1763679600000,2885.07,2890.66,2825.62,2832.97,266633.356,1763683199999,761195873.23671,502633,119840.384,342055532.98715,0
1763683200000,2832.96,2869.60,2831.25,2860.35,184061.397,1763686799999,525058798.30060,429777,102846.511,293339975.33174,0
1763686800000,2860.34,2885.84,2850.50,2861.03,166810.317,1763690399999,478452346.58738,392143,90650.779,260086471.35167,0
1763690400000,2861.04,2861.29,2768.86,2781.62,516254.422,1763693999999,1454784047.91400,829662,198353.526,559657280.23012,0
1763694000000,2781.60,2824.78,2781.18,2807.76,305336.792,1763697599999,856776216.48818,656742,153202.648,429963615.30658,0
1763697600000,2807.76,2820.78,2781.08,2817.71,248084.685,1763701199999,694886584.56857,519482,125970.041,352952079.73624,0
1763701200000,2817.71,2831.85,2798.31,2808.53,196797.005,1763704799999,554237902.77952,437079,100677.399,283588199.72310,0
1763704800000,2808.54,2813.74,2777.77,2788.85,238749.677,1763708399999,667255087.29313,454672,118296.581,330693716.33388,0
1763708400000,2788.86,2799.27,2642.65,2718.66,1378156.845,1763711999999,3753661940.49132,1415024,588242.559,1602758438.45577,0
1763712000000,2718.67,2753.18,2705.00,2736.70,475696.409,1763715599999,1300461821.68748,830266,236840.441,647514359.10682,0
1763715600000,2736.71,2747.58,2680.00,2680.73,522902.848,1763719199999,1412897446.95395,768282,228454.565,617542655.64150,0
1763719200000,2680.73,2716.28,2661.92,2695.87,527017.438,1763722799999,1418426867.12185,933397,270308.695,727797034.95794,0
1763722800000,2695.88,2722.00,2672.93,2687.44,282885.385,1763726399999,763521909.50177,537409,141712.660,382663232.72587,0
1763726400000,2687.44,2742.99,2620.00,2726.40,1031893.479,1763729999999,2767520423.35543,1529152,501545.285,1346624841.60299,0
1763730000000,2726.40,2768.80,2710.00,2740.49,575681.342,1763733599999,1578589025.52742,899723,287813.672,789530568.81390,0
1763733600000,2740.49,2779.56,2717.08,2768.87,687624.805,1763737199999,1893223900.16171,1097084,364412.085,1003450974.90152,0
1763737200000,2768.87,2776.92,2685.76,2703.70,928892.385,1763740799999,2528264759.02748,1353451,512727.925,1396153700.48960,0
1763740800000,2703.69,2762.80,2673.58,2761.32,659596.347,1763744399999,1788045133.02728,1228299,349159.689,947014366.68758,0
1763744400000,2761.31,2805.94,2753.44,2779.40,468450.570,1763747999999,1305100544.87282,900589,232542.166,647871259.55073,0
1763748000000,2779.39,2793.43,2714.85,2777.74,474220.994,1763751599999,1306169594.28619,906027,235840.624,649438603.08387,0
1763751600000,2777.71,2786.49,2738.35,2750.62,191871.725,1763755199999,530591277.68612,503949,88354.544,244359995.41898,0
1763755200000,2750.62,2755.00,2707.00,2736.46,262370.410,1763758799999,716433048.39816,648770,131559.445,359280095.66400,0
1763758800000,2736.45,2774.98,2729.85,2765.68,131068.826,1763762399999,361318245.09974,383246,67141.355,185055795.17628,0
1763762400000,2765.68,2772.79,2718.93,2720.60,123169.611,1763765999999,338194483.20407,258797,55034.997,151080087.98300,0
1763766000000,2720.62,2768.73,2711.53,2764.69,149579.390,1763769599999,410664516.80783,353451,82248.268,225859061.15108,0
1763769600000,2764.70,2779.79,2756.87,2764.91,112040.412,1763773199999,310134049.22377,297877,54776.825,151646760.14497,0
1763773200000,2764.91,2783.34,2759.78,2773.35,76946.050,1763776799999,213299224.59738,245943,37889.921,105043477.36216,0
1763776800000,2773.35,2776.51,2737.70,2751.90,113403.028,1763780399999,312028788.57725,263230,54697.435,150499266.80534,0
1763780400000,2751.90,2756.72,2741.00,2751.17,70483.782,1763783999999,193759145.15576,204782,37217.974,102314410.92943,0
1763784000000,2751.16,2753.13,2725.24,2746.40,121849.982,1763787599999,333428506.04165,301893,61583.648,168552438.03790,0
1763787600000,2746.40,2748.90,2726.00,2743.15,93623.708,1763791199999,256155468.20539,246838,44414.934,121538157.63089,0
1763791200000,2743.16,2767.64,2731.11,2764.76,139989.301,1763794799999,385650424.11010,293652,75636.679,208394808.47887,0
1763794800000,2764.76,2770.00,2753.37,2755.13,110993.074,1763798399999,306318667.00831,251409,54734.864,151073098.06346,0
1763798400000,2755.14,2755.36,2717.32,2728.92,240479.535,1763801999999,657103227.20768,356820,120637.040,329565800.22806,0
1763802000000,2728.92,2738.73,2720.01,2724.81,117496.698,1763805599999,320694465.23193,220381,57958.812,158227473.08729,0
1763805600000,2724.82,2730.42,2703.38,2711.71,150582.038,1763809199999,408664403.78156,236999,68970.934,187243377.48524,0
1763809200000,2711.71,2742.05,2702.87,2734.00,162201.676,1763812799999,442701970.63661,252179,88964.956,242802125.83584,0
1763812800000,2734.01,2734.89,2709.25,2719.70,140033.817,1763816399999,380921376.88823,237126,64165.965,174498525.21712,0
1763816400000,2719.70,2733.54,2710.32,2718.08,84316.308,1763819999999,229303274.28196,218711,41318.197,112367170.00567,0
1763820000000,2718.08,2754.41,2717.12,2744.67,198935.354,1763823599999,545141377.76615,365242,99992.959,274033239.28119,0
1763823600000,2744.66,2749.60,2724.12,2737.62,137362.938,1763827199999,375919712.85202,251112,68619.457,187797428.44902,0
1763827200000,2737.61,2758.00,2733.91,2753.99,134938.120,1763830799999,370818855.70782,229711,69454.244,190869630.44486,0
1763830800000,2753.98,2757.37,2743.14,2748.64,69954.020,1763834399999,192336073.02855,161001,35461.349,97492902.42725,0
1763834400000,2748.64,2753.99,2741.10,2751.06,41592.173,1763837999999,114307033.70329,126084,20864.136,57342160.64536,0
1763838000000,2751.07,2756.13,2743.20,2749.26,42156.642,1763841599999,115907035.78869,109571,21123.164,58074542.11846,0
1763841600000,2749.26,2755.67,2732.34,2739.99,68413.791,1763845199999,187731821.79655,138841,30139.522,82711511.32757,0
1763845200000,2739.99,2747.63,2735.60,2746.54,41225.853,1763848799999,113055801.76338,104044,19147.980,52520396.97049,0
1763848800000,2746.53,2798.00,2740.50,2788.01,143216.370,1763852399999,397061669.28375,221783,87101.179,241599843.94483,0
1763852400000,2788.00,2792.58,2766.11,2769.06,97586.223,1763855999999,270959699.61751,226652,45959.470,127609889.46989,0
1763856000000,2769.06,2788.44,2766.87,2771.78,80196.204,1763859599999,222640952.57652,209436,41027.270,113902988.06559,0
1763859600000,2771.78,2814.92,2770.23,2807.08,158363.009,1763863199999,442790879.07044,332621,90399.948,252799672.94848,0
1763863200000,2807.08,2833.00,2802.51,2819.72,193007.424,1763866799999,544276212.75729,370673,101881.873,287362471.24082,0
1763866800000,2819.71,2823.41,2808.17,2823.02,91832.777,1763870399999,258547956.01973,221284,47945.370,134996987.45965,0
1763870400000,2823.01,2850.94,2818.26,2826.19,274691.706,1763873999999,777978329.83963,404425,139616.220,395514716.03142,0
1763874000000,2826.20,2829.77,2811.58,2823.72,100705.075,1763877599999,284180307.37796,187021,42547.663,120063674.86636,0
1763877600000,2823.71,2831.47,2803.00,2808.43,113123.341,1763881199999,318498037.32387,192113,46243.902,130231062.07097,0
1763881200000,2808.42,2810.79,2775.00,2792.16,220488.864,1763884799999,615149730.21195,294240,93280.901,260263742.05727,0
1763884800000,2792.16,2814.50,2792.02,2810.00,112149.299,1763888399999,314514463.64143,209336,60535.501,169767244.37325,0
1763888400000,2810.00,2823.14,2804.41,2815.06,82912.201,1763891999999,233207363.89863,158393,43738.312,123037324.78169,0
1763892000000,2815.06,2815.37,2801.33,2807.25,77645.067,1763895599999,217950426.60072,152005,38613.000,108397869.91009,0
1763895600000,2807.25,2819.65,2802.20,2814.41,69211.266,1763899199999,194592951.56612,156785,35456.137,99692674.30016,0
1763899200000,2814.42,2844.44,2812.31,2833.82,220326.464,1763902799999,624285061.85846,325214,115321.958,326755906.71860,0
1763902800000,2833.81,2844.33,2821.24,2842.47,122400.850,1763906399999,346717811.45340,200366,60283.957,170793381.16965,0
1763906400000,2842.46,2857.00,2811.00,2813.55,232524.873,1763909999999,658850222.45371,366543,116074.777,329040827.23042,0
1763910000000,2813.55,2838.79,2808.00,2835.01,149778.555,1763913599999,422998664.37299,294954,79860.118,225562816.63907,0
1763913600000,2835.01,2845.53,2796.06,2798.65,185232.054,1763917199999,522895319.45602,315945,81842.942,231187863.55121,0
1763917200000,2798.66,2807.11,2785.00,2791.30,200444.966,1763920799999,560103694.80161,359435,98326.207,274784148.58890,0
1763920800000,2791.30,2815.93,2791.29,2807.33,97175.433,1763924399999,272575596.93259,214093,52836.587,148180341.45319,0
1763924400000,2807.33,2836.67,2805.75,2821.52,108473.069,1763927999999,306369496.44217,221443,52705.726,148835165.02264,0
1763928000000,2821.51,2835.00,2820.04,2827.08,60427.071,1763931599999,170857650.02608,159190,33935.698,95958690.12455,0
1763931600000,2827.09,2843.99,2815.12,2839.90,83911.259,1763935199999,237505545.38031,188365,44938.077,127222732.08704,0
1763935200000,2839.91,2843.45,2823.00,2836.85,71116.021,1763938799999,201434889.00315,162803,37148.154,105238220.27845,0
1763938800000,2836.87,2842.50,2793.19,2800.73,182826.869,1763942399999,513387806.73970,348438,84317.038,236754525.87233,0
1763942400000,2800.74,2802.08,2761.38,2786.69,286589.543,1763945999999,797274457.45332,478323,137742.036,383282895.46005,0
1763946000000,2786.68,2806.29,2776.50,2804.76,146003.297,1763949599999,407152234.06993,389563,75567.564,210759674.82575,0
1763949600000,2804.75,2865.30,2802.65,2839.24,443949.793,1763953199999,1262007278.83802,696869,231153.733,657036889.39511,0
1763953200000,2839.23,2866.34,2833.70,2855.52,183784.739,1763956799999,524077604.53758,388023,106367.904,303345409.32635,0
1763956800000,2855.51,2869.99,2800.99,2823.71,325161.601,1763960399999,919644829.99769,525715,159533.438,451209488.52638,0
1763960400000,2823.70,2884.80,2821.28,2866.13,355097.672,1763963999999,1017643481.76828,523103,192320.736,550760678.89790,0
1763964000000,2866.13,2867.65,2826.41,2837.81,232561.468,1763967599999,660601350.77703,376181,112920.668,320779595.40357,0
1763967600000,2837.81,2843.78,2821.49,2828.77,135248.884,1763971199999,383057388.75577,270194,68683.630,194555415.77519,0
1763971200000,2828.76,2841.92,2820.04,2837.37,109862.617,1763974799999,310635490.25832,261592,57122.101,161535091.59958,0
1763974800000,2837.38,2837.38,2786.01,2796.45,294249.121,1763978399999,824902041.32949,468178,133338.891,373708007.40074,0
1763978400000,2796.46,2805.75,2792.08,2797.85,107705.899,1763981999999,301468252.72854,216639,53888.273,150840378.32812,0
1763982000000,2797.84,2807.28,2787.56,2802.07,89250.878,1763985599999,249804249.57488,181688,47039.663,131679803.45075,0
1763985600000,2802.06,2810.97,2793.72,2802.24,103064.674,1763989199999,288683818.51664,219146,51551.479,144417167.55464,0
1763989200000,2802.25,2827.36,2801.00,2813.91,169188.911,1763992799999,476729784.60083,279993,85958.237,242230659.68419,0
1763992800000,2813.90,2848.28,2782.20,2831.16,557175.144,1763996399999,1568154149.56972,862176,276006.698,777000088.75805,0
1763996400000,2831.23,2859.50,2810.86,2845.16,404808.711,1763999999999,1147773649.79594,775131,199784.904,566509539.44553,0
1764000000000,2845.15,2875.00,2841.29,2857.46,280638.435,1764003599999,801594415.79934,509655,138362.343,395235963.65866,0
1764003600000,2857.47,2942.99,2855.17,2938.62,637305.501,1764007199999,1851994490.22366,801701,348766.191,1013418868.70757,0
1764007200000,2938.63,2963.00,2927.89,2955.68,426047.011,1764010799999,1254550299.03975,539206,219096.520,645286783.50994,0
1764010800000,2955.67,2978.99,2952.17,2957.80,272761.692,1764014399999,808997301.22807,394310,142524.063,422793138.65791,0
1764014400000,2957.81,2986.98,2951.00,2971.25,240442.378,1764017999999,714749119.22967,396439,125325.526,372574010.90476,0
1764018000000,2971.25,2972.96,2944.70,2957.98,161495.767,1764021599999,478124863.08107,278041,75117.948,222395179.70358,0
1764021600000,2957.97,2979.42,2950.72,2959.23,86387.658,1764025199999,255985455.91682,163896,45839.578,135865804.37998,0
1764025200000,2959.22,2967.59,2950.43,2952.19,109593.757,1764028799999,324212974.77043,162922,40430.523,119641811.39849,0
1764028800000,2952.18,2952.51,2930.52,2941.98,156801.233,1764032399999,461171189.87152,289899,72006.429,211827403.33947,0
1764032400000,2941.97,2947.22,2916.59,2917.98,119750.978,1764035999999,351150121.44655,251717,56802.193,166660472.42320,0
1764036000000,2917.99,2933.52,2907.00,2929.75,175463.437,1764039599999,512111207.51521,292326,89087.388,260083483.18628,0
1764039600000,2929.75,2935.75,2902.50,2910.29,145987.478,1764043199999,425952247.77124,229763,72451.193,211463140.53108,0
1764043200000,2910.29,2941.39,2908.35,2936.06,147269.549,1764046799999,431112729.81199,242909,80471.328,235566258.43882,0
1764046800000,2936.05,2937.36,2916.90,2927.25,93698.889,1764050399999,274416089.09121,183165,44962.644,131678334.45517,0
1764050400000,2927.26,2927.63,2911.00,2921.09,96750.437,1764053999999,282436688.51984,188214,48477.444,141518279.48701,0
1764054000000,2921.08,2924.65,2900.01,2901.56,130379.913,1764057599999,379418889.82802,219475,53276.408,155094761.17097,0
1764057600000,2901.56,2907.67,2868.01,2870.19,266659.833,1764061199999,770464972.99304,365017,115471.839,333750488.33189,0
1764061200000,2870.18,2891.85,2863.39,2890.35,250529.887,1764064799999,720262204.43525,356365,130429.678,375023616.20201,0
1764064800000,2890.34,2898.57,2878.38,2896.69,130236.125,1764068399999,376336418.23820,202748,61762.524,178508335.11009,0
1764068400000,2896.68,2898.65,2886.70,2889.53,81025.356,1764071999999,234330696.17633,147563,32475.909,93942504.66163,0
1764072000000,2889.54,2931.65,2888.28,2926.00,264020.016,1764075599999,769985668.01497,414293,153331.971,447098938.06837,0
1764075600000,2925.99,2933.50,2896.39,2906.07,236274.368,1764079199999,688660709.57812,410613,106645.057,310869955.75924,0
1764079200000,2906.07,2921.17,2855.49,2879.41,471455.617,1764082799999,1359744907.18402,765972,231559.473,667876532.82598,0
1764082800000,2879.41,2914.27,2855.00,2894.18,408254.499,1764086399999,1177430234.69032,740971,205377.626,592477891.42009,0
1764086400000,2894.19,2936.99,2885.58,2927.66,225127.392,1764089999999,656601869.45625,455428,117711.586,343310934.57322,0
1764090000000,2927.65,2952.99,2918.69,2934.85,247862.720,1764093599999,728300238.69853,403717,123666.369,363414962.26013,0
1764093600000,2934.86,2957.00,2921.37,2922.89,163613.554,1764097199999,481355640.92873,303359,76642.557,225528069.43672,0
1764097200000,2922.89,2927.00,2870.03,2921.19,307418.598,1764100799999,890613119.23164,494334,149011.365,431719270.01426,0
1764100800000,2921.18,2942.84,2915.00,2927.73,173893.811,1764104399999,509371140.55121,307398,93637.462,274263271.21525,0
1764104400000,2927.73,2944.64,2921.55,2929.65,94364.343,1764107999999,276744879.23600,195120,46493.058,136360642.54856,0
1764108000000,2929.65,2976.61,2905.59,2968.75,220937.117,1764111599999,649122278.95786,349441,123174.060,362278357.83365,0
1764111600000,2968.74,2979.31,2952.50,2958.24,166483.724,1764115199999,493761992.60725,315530,75382.536,223567298.87751,0
1764115200000,2958.24,2971.24,2948.00,2953.08,103194.088,1764118799999,305249443.74638,224259,47615.594,140851655.37388,0
1764118800000,2953.07,2983.80,2943.45,2968.82,138845.428,1764122399999,411664182.50379,278550,72937.134,216310035.03122,0
1764122400000,2968.81,2975.39,2955.19,2955.41,73115.635,1764125999999,216756143.94239,165941,34749.147,103034171.78609,0
1764126000000,2955.42,2963.74,2920.26,2925.54,183510.531,1764129599999,539317035.85511,263336,88589.116,260310927.86254,0
1764129600000,2925.54,2937.86,2918.56,2928.90,117109.053,1764133199999,343020713.98950,183265,57196.765,167547546.85115,0
1764133200000,2928.90,2951.70,2928.08,2942.74,102921.296,1764136799999,302649276.38122,179079,58950.581,173357536.55902,0
1764136800000,2942.74,2953.81,2930.98,2944.64,115455.344,1764140399999,339593718.59223,197643,57143.238,168083962.79005,0
1764140400000,2944.65,2948.17,2933.35,2943.04,68142.648,1764143999999,200385726.33875,148074,33492.717,98497329.24817,0
1764144000000,2943.04,2949.25,2910.10,2911.83,148162.291,1764147599999,433251763.47079,228096,65613.372,191922388.32677,0
1764147600000,2911.82,2916.28,2900.97,2905.84,155594.924,1764151199999,452544194.91340,235629,73023.185,212406539.38829,0
1764151200000,2905.84,2917.00,2904.14,2912.73,121552.023,1764154799999,353845521.38807,162632,60037.391,174769064.23328,0
1764154800000,2912.74,2916.89,2905.93,2912.82,78771.489,1764158399999,229335264.77600,139595,43587.437,126902530.57120,0
1764158400000,2912.82,2916.95,2887.09,2900.00,231268.994,1764161999999,670097015.97825,318877,108854.471,315441944.23006,0
1764162000000,2900.01,2936.33,2898.01,2932.88,220344.198,1764165599999,643029079.91661,306271,123248.770,359726880.77987,0
1764165600000,2932.89,2948.54,2903.00,2909.34,335234.828,1764169199999,981633301.74953,511665,163682.119,479452749.36919,0
1764169200000,2909.33,2938.50,2905.91,2926.63,301231.678,1764172799999,880322075.00246,516400,159556.071,466313671.90302,0
1764172800000,2926.63,2958.85,2924.74,2945.15,322808.258,1764176399999,950512038.42013,425308,170629.311,502366653.71948,0
1764176400000,2945.16,3033.30,2938.00,3025.66,578965.512,1764179999999,1734852692.93191,724144,316936.562,949519558.75853,0
1764180000000,3025.66,3044.46,3011.37,3032.73,371079.321,1764183599999,1124549662.59661,505490,173064.295,524564067.92426,0
1764183600000,3032.73,3036.40,3016.10,3031.08,140437.009,1764187199999,425201088.46638,237622,66877.354,202499724.30844,0
1764187200000,3031.08,3031.08,3006.66,3023.19,139568.068,1764190799999,421216425.09189,238366,66301.184,200095448.39455,0
1764190800000,3023.20,3034.52,3014.23,3020.63,90881.722,1764194399999,274848579.36731,177099,45191.987,136680130.19887,0
1764194400000,3020.64,3032.35,3017.00,3026.42,67945.469,1764197999999,205439724.02376,120732,34983.392,105794546.30005,0
1764198000000,3026.43,3032.00,3015.91,3025.02,67287.977,1764201599999,203485768.01635,136231,33041.772,99927284.24587,0
1764201600000,3025.02,3046.66,3002.00,3033.75,201753.889,1764205199999,610507267.65375,264181,96443.054,292073604.31959,0
1764205200000,3033.75,3057.20,3026.25,3050.58,170068.877,1764208799999,517098654.08516,265741,95064.762,289132837.66771,0
1764208800000,3050.58,3070.00,3035.00,3035.75,284591.336,1764212399999,868961268.79857,452611,150771.818,460479647.17105,0
1764212400000,3035.76,3050.62,3028.00,3032.32,135140.168,1764215999999,410492762.16408,239706,67189.741,204087088.46248,0
1764216000000,3032.31,3052.73,3030.00,3040.15,105950.671,1764219599999,322276105.79216,157368,47532.518,144551629.26844,0
1764219600000,3040.14,3044.88,3015.26,3022.20,147924.377,1764223199999,447760053.46641,227649,64454.047,195125342.75234,0
1764223200000,3022.20,3033.30,3021.35,3026.48,68326.003,1764226799999,206838976.56971,139035,33819.406,102384850.04866,0
1764226800000,3026.48,3034.99,3024.65,3032.12,55865.497,1764230399999,169274323.90811,104145,28490.230,86332119.72815,0
1764230400000,3032.12,3034.00,3016.06,3026.85,81351.441,1764233999999,245981660.32835,130366,40661.481,122953180.66109,0
1764234000000,3026.85,3044.00,3024.03,3026.20,159716.756,1764237599999,484415588.97807,176441,88117.004,267269778.43898,0
1764237600000,3026.19,3034.74,3020.14,3032.83,90602.615,1764241199999,274342875.35372,123860,42568.633,128916756.61005,0
1764241200000,3032.84,3034.72,3021.89,3026.75,68028.157,1764244799999,205975107.73484,82970,31880.582,96508586.07426,0
1764244800000,3026.75,3028.75,2986.32,2990.24,274348.829,1764248399999,824682686.91741,292815,121637.228,365664063.96634,0
1764248400000,2990.23,3000.99,2987.04,2994.03,188878.670,1764251999999,565641722.93195,290923,97815.218,292940959.58995,0
1764252000000,2994.04,2998.26,2983.81,2994.76,123091.550,1764255599999,368282731.50673,206380,63713.197,190653122.10716,0
1764255600000,2994.76,3013.30,2988.50,3009.68,161350.672,1764259199999,484519445.07227,253504,90776.808,272624855.71698,0
1764259200000,3009.68,3026.10,3003.01,3019.35,145932.318,1764262799999,440221417.86324,245472,74628.991,225124702.33980,0
1764262800000,3019.34,3022.97,3011.10,3018.53,64912.147,1764266399999,195821303.11550,145641,29170.371,88009847.14913,0
1764266400000,3018.54,3038.00,3014.61,3035.99,104423.449,1764269999999,316203005.02716,178055,60113.614,182029170.93379,0
1764270000000,3035.99,3036.16,3025.33,3030.48,55139.447,1764273599999,167091370.68453,114528,22795.334,69082361.75730,0
1764273600000,3030.49,3043.50,3028.55,3037.38,66393.918,1764277199999,201631849.53856,117303,34450.887,104628392.09566,0
1764277200000,3037.39,3042.82,3028.09,3030.82,54346.450,1764280799999,164950372.00213,114274,25103.695,76199894.09641,0
1764280800000,3030.82,3033.45,3002.00,3009.41,91009.589,1764284399999,274643793.72837,145147,37354.292,112720926.21603,0
1764284400000,3009.41,3022.44,3006.00,3013.80,59876.711,1764287999999,180453465.33760,128604,31186.377,93986829.65705,0
1764288000000,3013.81,3023.16,3007.81,3013.51,57133.319,1764291599999,172173768.72916,121438,30241.622,91146156.98848,0
1764291600000,3013.51,3015.40,2992.10,2996.78,136873.234,1764295199999,410647973.58573,212962,61675.018,185023839.74530,0
1764295200000,2996.78,3014.00,2994.45,3010.80,97081.423,1764298799999,291512210.65482,189347,55770.390,167488869.48771,0
1764298800000,3010.81,3013.80,3000.17,3007.19,71651.806,1764302399999,215471815.40269,119414,35011.266,105289799.62048,0
1764302400000,3007.19,3018.58,3004.22,3016.00,71570.947,1764305999999,215637379.53408,111131,41758.638,125815425.73351,0
1764306000000,3016.00,3028.00,3013.67,3022.97,96623.646,1764309599999,292047008.97703,152242,51641.526,156078417.45340,0
1764309600000,3022.97,3022.97,3000.90,3008.34,92291.515,1764313199999,278012335.37129,142985,41349.494,124564415.60675,0
1764313200000,3008.34,3022.00,2998.40,3000.14,120982.993,1764316799999,364072865.92315,153842,55982.716,168515859.96210,0
1764316800000,3000.13,3080.00,2999.70,3063.61,356308.938,1764320399999,1083350521.27278,415170,203511.264,618657908.90426,0
1764320400000,3063.61,3071.81,3047.10,3054.09,185455.224,1764323999999,567096131.47991,271225,87180.470,266626876.23711,0
1764324000000,3054.09,3062.38,3045.84,3059.27,96133.836,1764327599999,293504074.38943,141179,49324.253,150610093.60633,0
1764327600000,3059.28,3060.76,3015.31,3032.44,205907.220,1764331199999,624315887.55619,322622,96307.389,291884921.95447,0
1764331200000,3032.44,3044.78,3030.93,3034.82,73919.360,1764334799999,224531948.29799,144534,34897.504,106011592.88164,0
1764334800000,3034.82,3087.99,3024.34,3072.56,272229.566,1764338399999,832435197.65520,381545,141141.433,431743307.46009,0
1764338400000,3072.56,3099.00,3050.01,3065.46,446962.118,1764341999999,1373262159.20275,624342,228595.037,702486728.74184,0
1764342000000,3065.46,3090.57,3053.93,3071.77,309457.291,1764345599999,950812219.14950,462114,161423.005,496095508.51615,0
1764345600000,3071.77,3072.53,3020.00,3023.67,332721.537,1764349199999,1011132160.05585,480750,155985.861,473908350.26569,0
1764349200000,3023.67,3042.99,3009.36,3033.60,302835.128,1764352799999,915555237.74725,437588,141539.853,428018586.24957,0
1764352800000,3033.60,3047.70,3022.61,3041.15,148013.187,1764356399999,449455210.15009,267539,74373.488,225852670.09213,0
1764356400000,3041.14,3059.85,3035.81,3048.50,117156.508,1764359999999,357216725.65238,166139,61080.654,186250357.77610,0
1764360000000,3048.50,3056.38,3034.00,3054.54,96198.547,1764363599999,293277121.52489,130668,45572.531,138941804.04616,0
1764363600000,3054.54,3058.39,3034.59,3035.03,59450.090,1764367199999,181142967.85595,107557,28546.633,86989495.22191,0
1764367200000,3035.02,3041.49,3018.20,3038.27,93662.010,1764370799999,283800175.79061,152927,48624.915,147393331.26128,0
1764370800000,3038.27,3044.00,3028.65,3029.80,38354.164,1764374399999,116428767.95765,85484,17070.779,51820620.68515,0
1764374400000,3029.80,3038.23,3028.30,3034.49,40480.888,1764377999999,122785985.33743,98660,24028.231,72883842.90780,0
1764378000000,3034.50,3051.46,3030.80,3036.96,66685.428,1764381599999,202784479.15041,121336,35206.809,107060197.17155,0
1764381600000,3036.97,3039.43,3022.30,3029.29,57812.220,1764385199999,175186913.28575,108979,28506.065,86386557.83319,0
1764385200000,3029.30,3034.94,3016.02,3021.51,63784.597,1764388799999,192856568.63079,103883,29433.909,88990970.09063,0
1764388800000,3021.51,3044.24,3018.36,3039.18,80012.505,1764392399999,242492028.35107,109271,48065.265,145689129.07122,0
1764392400000,3039.18,3041.95,3029.86,3031.61,45673.329,1764395999999,138672609.00973,74023,18877.054,57317346.35052,0
1764396000000,3031.61,3037.45,2989.12,3005.71,303448.503,1764399599999,912778190.51750,298498,134381.419,404270279.46534,0
1764399600000,3005.71,3012.92,2993.40,3003.23,91244.331,1764403199999,274092661.78692,130702,44428.679,133473877.75528,0
1764403200000,3003.22,3009.85,2999.62,3006.78,60325.810,1764406799999,181314353.55240,106131,28818.031,86616796.84856,0
1764406800000,3006.77,3008.85,2996.19,3000.29,58368.943,1764410399999,175238686.36552,100161,28680.523,86120941.20053,0
1764410400000,3000.30,3006.34,2982.30,2995.65,137835.078,1764413999999,413079223.94473,178949,59132.423,177281089.00764,0
1764414000000,2995.66,3000.00,2990.32,2998.45,89014.259,1764417599999,266714792.14063,108740,48461.949,145218106.43566,0
1764417600000,2998.45,3000.00,2990.88,2995.50,79582.436,1764421199999,238455430.61647,97258,41278.537,123712019.75602,0
1764421200000,2995.49,3000.00,2991.00,2996.87,56327.976,1764424799999,168817466.09814,86022,28614.074,85769535.07562,0
1764424800000,2996.87,2997.34,2985.40,2987.10,95529.244,1764428399999,285687762.64596,117619,39695.010,118725014.79005,0
1764428400000,2987.09,3015.00,2987.09,3006.00,166756.910,1764431999999,500742286.01704,208428,102121.991,306668377.71540,0
1764432000000,3006.00,3011.10,2996.92,3002.02,62116.715,1764435599999,186540346.41155,118729,29804.787,89514200.86901,0
1764435600000,3002.02,3003.54,2964.31,2968.63,239584.519,1764439199999,713930225.68646,253479,77150.157,229993441.94045,0
1764439200000,2968.64,2997.00,2960.01,2993.51,237764.384,1764442799999,707916431.90772,287098,133248.185,396881017.25017,0
1764442800000,2993.51,2999.00,2982.57,2987.49,73418.322,1764446399999,219644852.04950,120177,31806.773,95161941.53362,0
1764446400000,2987.49,2997.84,2981.64,2996.21,47477.115,1764449999999,141901965.98993,105382,26872.196,80326333.00803,0
1764450000000,2996.22,2997.87,2980.80,2992.84,44608.868,1764453599999,133407122.12395,94016,21250.743,63547675.21891,0
1764453600000,2992.83,2994.48,2982.42,2987.72,32623.894,1764457199999,97447456.74777,77715,16419.850,49043566.31645,0
1764457200000,2987.72,2992.92,2984.36,2987.96,27916.169,1764460799999,83438461.04226,71804,15270.766,45645712.57173,0
1764460800000,2987.96,2998.46,2986.76,2995.86,33722.395,1764464399999,100975579.22311,78457,18668.287,55901010.34809,0
1764464400000,2995.87,3011.97,2994.75,3003.81,64508.385,1764467999999,193905184.03975,103792,35972.415,108129946.57332,0
1764468000000,3003.81,3010.99,2989.01,2989.99,57068.470,1764471599999,171194469.02119,103292,25443.227,76356650.41987,0
1764471600000,2989.98,3004.68,2974.00,3000.44,132497.267,1764475199999,396017225.03792,175554,67013.530,200353866.92210,0
1764475200000,3000.44,3002.28,2994.09,2997.00,33426.948,1764478799999,100221989.15202,71458,16990.319,50943264.98001,0
1764478800000,2997.00,2997.08,2984.20,2990.61,75194.690,1764482399999,224743299.39694,104977,39434.328,117860478.38018,0
1764482400000,2990.61,2999.11,2985.37,2996.47,46761.875,1764485999999,140028882.39288,80674,26273.717,78679131.51016,0
1764486000000,2996.46,3007.50,2994.70,3003.54,53378.530,1764489599999,160286629.60366,84791,29174.611,87609319.73094,0
1764489600000,3003.54,3019.29,3000.86,3005.53,109208.471,1764493199999,328624450.94462,159962,60183.883,181117003.53540,0
1764493200000,3005.53,3013.77,3003.04,3008.22,53849.466,1764496799999,161936902.77483,105836,26835.694,80706641.29575,0
1764496800000,3008.23,3009.98,3004.25,3007.93,29954.867,1764500399999,90086067.78557,64794,14622.352,43975226.46765,0
1764500400000,3007.93,3016.00,2996.69,3001.76,71914.567,1764503999999,216109799.84434,103516,31256.581,93958823.29538,0
1764504000000,3001.77,3032.40,2998.38,3024.59,146170.709,1764507599999,441433807.31299,195637,79116.506,238903580.90940,0
1764507600000,3024.59,3052.21,3021.08,3047.93,243114.190,1764511199999,739222856.03061,305458,130917.605,398082687.49777,0
1764511200000,3047.93,3049.99,3026.01,3036.65,129510.073,1764514799999,393175203.23141,169548,59377.954,180247761.83436,0
1764514800000,3036.64,3036.64,3023.09,3027.65,81074.267,1764518399999,245501781.55522,127011,37410.233,113282454.24924,0
1764518400000,3027.65,3048.44,3027.05,3042.75,95965.423,1764521999999,291887979.80549,155805,54509.117,165782166.83249,0
1764522000000,3042.74,3043.64,3030.12,3039.86,71959.149,1764525599999,218503779.18679,127718,34891.514,105956967.47530,0
1764525600000,3039.87,3040.34,3027.13,3035.91,39254.396,1764529199999,119067282.22657,80998,18902.840,57338705.21737,0
1764529200000,3035.90,3039.87,3028.34,3033.44,40774.553,1764532799999,123667241.43225,69970,19763.723,59943876.07577,0
1764532800000,3033.45,3040.00,3021.15,3027.84,52560.767,1764536399999,159263152.31441,85651,23088.899,69972011.68779,0
1764536400000,3027.83,3028.20,3013.04,3021.11,74735.264,1764539999999,225668629.17785,108216,36324.106,109705463.40484,0
1764540000000,3021.12,3035.71,3018.05,3032.21,51283.479,1764543599999,155240687.72268,91389,26532.295,80329000.10070,0
1764543600000,3032.23,3034.07,2988.28,2990.02,190951.099,1764547199999,573645928.23857,271999,79971.428,240280365.07080,0
1764547200000,2990.02,2998.84,2830.00,2834.82,1074890.943,1764550799999,3116439507.15515,1616719,456050.300,1321492263.40197,0
1764550800000,2834.82,2859.50,2832.04,2849.42,294904.777,1764554399999,840444948.90073,558791,151128.272,430737901.90736,0
1764554400000,2849.42,2872.99,2824.60,2836.79,394336.898,1764557999999,1124643011.31539,491527,197640.703,564018727.65842,0
1764558000000,2836.80,2841.86,2812.50,2824.80,289533.654,1764561599999,818161632.29431,449191,144816.049,409296258.38441,0
1764561600000,2824.81,2827.00,2805.55,2820.82,221890.246,1764565199999,624555647.67580,395478,112107.363,315566002.01917,0
1764565200000,2820.81,2830.00,2808.68,2826.77,170311.649,1764568799999,480418310.71070,257188,85530.373,241281662.12790,0
1764568800000,2826.77,2834.77,2821.22,2823.52,94888.049,1764572399999,268269929.24997,175503,47682.685,134822799.16328,0
1764572400000,2823.51,2843.42,2818.48,2838.44,135679.053,1764575999999,384357762.74907,215455,70530.458,199834768.65215,0
1764576000000,2838.43,2844.72,2830.65,2838.87,101767.662,1764579599999,288747678.36301,185146,45649.233,129537647.20154,0
1764579600000,2838.86,2854.56,2827.00,2837.88,217692.121,1764583199999,618040999.51156,251152,119274.063,338705182.95299,0
1764583200000,2837.88,2844.82,2835.68,2841.89,85243.575,1764586799999,242098032.56586,116902,47761.482,135632228.28822,0
1764586800000,2841.90,2848.75,2833.86,2836.48,119910.471,1764590399999,340564202.82281,177823,64598.074,183463921.84620,0
1764590400000,2836.48,2838.11,2791.00,2819.53,414929.865,1764593999999,1168553939.79569,546596,192156.501,541244896.03194,0
1764594000000,2819.52,2838.98,2802.94,2812.03,298834.003,1764597599999,842960393.51344,468774,137234.595,387174934.69438,0
1764597600000,2812.03,2831.07,2804.15,2816.84,251771.492,1764601199999,709182517.77508,499226,125521.855,353627676.42272,0
1764601200000,2816.85,2819.28,2718.07,2745.01,916398.499,1764604799999,2527769316.69831,1239997,413164.073,1139551019.72276,0
1764604800000,2745.01,2755.74,2718.63,2730.64,377600.053,1764608399999,1033000405.01315,638691,190733.002,521904850.55806,0
1764608400000,2730.65,2751.87,2727.35,2738.13,171094.915,1764611999999,468702585.99820,338879,93007.276,254800526.87942,0
1764612000000,2738.12,2756.93,2722.99,2748.36,227855.333,1764615599999,625392777.62168,331825,139717.369,383669704.68878,0
1764615600000,2748.36,2752.56,2729.04,2739.58,123051.253,1764619199999,337273795.23041,287512,66502.513,182302653.75934,0
1764619200000,2739.57,2768.39,2738.97,2756.86,225156.123,1764622799999,620388144.53488,374751,120923.670,333240599.90250,0
1764622800000,2756.87,2797.59,2754.75,2790.68,257644.761,1764626399999,716787973.68968,401666,151500.808,421442083.95872,0
1764626400000,2790.68,2812.68,2790.00,2795.65,156840.410,1764629999999,439371681.08493,251239,81911.280,229506016.40461,0
1764630000000,2795.66,2818.00,2795.31,2797.47,119604.915,1764633599999,335464247.83314,206893,62319.909,174808228.32179,0
1764633600000,2797.48,2803.77,2781.38,2794.29,143344.172,1764637199999,400174685.60822,249848,65916.235,184043216.69858,0
1764637200000,2794.29,2825.57,2791.55,2793.90,169234.128,1764640799999,474814280.37277,323628,83875.286,235380691.70979,0
1764640800000,2793.90,2813.00,2783.70,2799.69,112151.851,1764644399999,314206563.81321,241044,55725.919,156121863.94633,0
1764644400000,2799.69,2809.45,2783.78,2803.25,118101.035,1764647999999,330270475.03540,198789,59037.636,165130543.02249,0
1764648000000,2803.24,2813.29,2802.26,2803.84,76681.026,1764651599999,215202011.96046,155194,37175.388,104340780.92907,0
1764651600000,2803.84,2805.66,2796.00,2801.99,59741.769,1764655199999,167320269.38206,120151,31262.868,87564289.89342,0
1764655200000,2801.99,2814.80,2796.25,2811.72,73492.681,1764658799999,206255087.05216,142870,41518.984,116530880.86206,0
1764658800000,2811.73,2813.42,2801.29,2804.20,57536.283,1764662399999,161432717.53303,112378,28685.056,80478042.95167,0
1764662400000,2804.20,2805.52,2780.60,2797.19,166555.961,1764665999999,465072449.98424,233610,76461.632,213507132.74388,0
1764666000000,2797.19,2810.98,2794.00,2796.60,98244.299,1764669599999,275256937.50200,180839,52032.007,145805166.10119,0
1764669600000,2796.60,2834.02,2796.33,2821.71,180739.074,1764673199999,509245566.97593,233775,105395.218,296968419.12989,0
1764673200000,2821.72,2829.46,2814.81,2824.67,117093.964,1764676799999,330563691.76732,193747,56253.061,158814805.27313,0
1764676800000,2824.68,2830.28,2815.00,2826.48,88044.622,1764680399999,248566544.67992,147334,45828.592,129397237.97807,0
1764680400000,2826.48,2847.30,2820.84,2842.95,206870.029,1764683999999,586845602.46908,327490,112755.763,319870472.21182,0
1764684000000,2842.95,2909.27,2838.97,2893.69,661811.967,1764687599999,1902550764.02511,930926,346877.770,997485557.16127,0
1764687600000,2893.69,3026.04,2892.35,3005.55,1070021.864,1764691199999,3174047905.89322,1612436,602380.930,1786101087.09540,0
1764691200000,3005.55,3024.21,2985.13,2994.08,516287.852,1764694799999,1550089639.40447,793559,213470.911,641179130.21037,0
1764694800000,2994.09,3034.94,2992.60,3014.36,319416.710,1764698399999,962802454.30608,480034,162394.165,489469043.85654,0
1764698400000,3014.36,3032.53,3006.15,3012.38,202066.925,1764701999999,610247768.71248,329119,99098.845,299342291.34597,0
1764702000000,3012.38,3028.81,3011.56,3014.61,106309.505,1764705599999,320957039.90007,206152,48393.265,146116628.90803,0
1764705600000,3014.60,3015.78,2970.04,2978.68,258512.013,1764709199999,772978348.21364,393243,114422.089,342090828.19417,0
1764709200000,2978.68,2996.68,2976.00,2993.85,87416.753,1764712799999,261068500.73754,194153,47030.795,140465830.67652,0
1764712800000,2993.85,3020.00,2993.52,3016.32,105444.275,1764716399999,317281894.22282,197100,54058.798,162660722.31532,0
1764716400000,3016.32,3017.26,2989.93,2994.63,85872.095,1764719999999,257907258.70497,160601,38493.628,115609211.61260,0
1764720000000,2994.63,3007.38,2983.76,3001.72,114315.615,1764723599999,342542188.02461,235793,54574.398,163546219.90789,0
1764723600000,3001.72,3027.32,2997.75,3014.27,130589.959,1764727199999,393494782.05683,228853,72053.763,217127253.09407,0
1764727200000,3014.27,3048.00,3012.42,3029.46,238640.600,1764730799999,723974327.34540,358213,133591.914,405352210.42983,0
1764730800000,3029.47,3036.66,3019.66,3029.08,93603.884,1764734399999,283559694.38186,183644,45658.396,138329559.18641,0
1764734400000,3029.07,3063.00,3028.05,3055.21,197834.997,1764737999999,603146408.55321,283080,116842.303,356289084.12636,0
1764738000000,3055.21,3069.46,3045.63,3057.19,177476.096,1764741599999,542657963.24147,282553,88249.502,269866303.56766,0
1764741600000,3057.18,3084.34,3053.00,3065.36,251003.521,1764745199999,770646799.26147,383379,127254.145,390761902.94431,0
1764745200000,3065.36,3067.11,3050.15,3056.41,111797.386,1764748799999,341835823.53789,199735,50842.518,155464418.89499,0
1764748800000,3056.41,3059.85,3041.95,3049.86,113760.436,1764752399999,346991907.32842,182560,48840.776,148989050.41977,0
1764752400000,3049.86,3062.00,3044.21,3059.04,91085.812,1764755999999,278099560.37836,164610,46651.551,142445345.83975,0
1764756000000,3059.04,3079.15,3048.89,3054.55,138637.857,1764759599999,424431005.12034,211168,70096.617,214663969.59206,0
1764759600000,3054.56,3076.96,3048.48,3071.95,133905.488,1764763199999,410404319.09003,211792,72671.915,222763530.74238,0
1764763200000,3071.94,3085.49,3065.74,3080.16,177444.343,1764766799999,545704373.56421,266790,101848.289,313270158.47151,0
1764766800000,3080.15,3094.99,3076.02,3088.79,180697.244,1764770399999,557952033.94363,297753,95314.721,294323566.63550,0
1764770400000,3088.79,3145.14,3030.00,3074.79,1146482.242,1764773999999,3535162260.94331,1527167,562101.371,1734654087.05030,0
1764774000000,3074.80,3108.68,3055.00,3084.84,384710.146,1764777599999,1184986854.10426,740238,181829.446,560230426.65411,0
1764777600000,3084.84,3106.51,3062.72,3086.99,221699.010,1764781199999,684321972.30303,407024,109033.411,336573350.07120,0
1764781200000,3086.99,3132.37,3086.00,3126.38,226741.881,1764784799999,705411737.13622,393689,126374.038,393155426.15146,0
1764784800000,3126.39,3141.17,3103.00,3113.76,223542.024,1764788399999,698537552.70292,389563,103921.308,324805073.98616,0
1764788400000,3113.76,3131.88,3109.66,3126.78,99711.713,1764791999999,310980905.12253,229511,48371.289,150875607.09594,0
1764792000000,3126.79,3161.62,3115.60,3136.82,213363.488,1764795599999,669084582.30428,359528,120540.501,378198250.19149,0
1764795600000,3136.83,3169.00,3127.06,3163.09,213193.844,1764799199999,671547656.51671,331981,119169.713,375455774.03941,0
1764799200000,3163.08,3198.00,3141.82,3188.42,328137.815,1764802799999,1040332518.76462,471126,200934.427,637359204.09538,0
1764802800000,3188.43,3216.53,3177.16,3187.07,252872.653,1764806399999,807818067.43022,383562,143305.207,457973695.47959,0
1764806400000,3187.08,3206.00,3172.75,3196.48,209515.874,1764809999999,668276318.15559,359059,104803.298,334409663.76527,0
1764810000000,3196.49,3239.27,3193.31,3201.23,388290.135,1764813599999,1248174800.89271,510396,200202.329,643361128.06503,0
1764813600000,3201.24,3224.66,3197.03,3219.99,142119.887,1764817199999,456567063.11485,274236,72683.567,233536268.59864,0
1764817200000,3220.00,3227.72,3203.27,3208.57,86059.027,1764820799999,276436593.26183,187490,42347.605,136031635.98361,0
1764820800000,3208.57,3218.00,3186.09,3190.84,147542.578,1764824399999,471784219.30097,188015,57404.974,183610661.52790,0
1764824400000,3190.84,3193.62,3170.06,3184.09,195707.213,1764827999999,622851112.20880,219809,78690.605,250482471.12645,0
1764828000000,3184.10,3219.33,3179.44,3203.81,202617.514,1764831599999,648540847.71588,277987,116791.602,373789527.87932,0
1764831600000,3203.81,3204.72,3179.02,3189.02,155575.790,1764835199999,496836736.99456,214896,77913.046,248885186.24944,0
1764835200000,3189.01,3195.88,3173.45,3183.00,110920.131,1764838799999,353076553.88314,182833,53139.488,169159693.70411,0
1764838800000,3183.01,3207.59,3181.72,3198.64,102865.047,1764842399999,328862213.15874,190847,55157.930,176326436.56405,0
1764842400000,3198.65,3202.64,3183.55,3187.28,70649.771,1764845999999,225604893.82626,143458,32673.863,104350752.48152,0
1764846000000,3187.28,3193.66,3175.55,3185.09,96974.023,1764849599999,308791598.87029,173730,48455.968,154315294.44533,0
1764849600000,3185.09,3192.67,3171.56,3175.42,99939.218,1764853199999,317887293.16567,163776,48942.567,155700704.57917,0
1764853200000,3175.41,3189.62,3154.27,3169.39,270392.540,1764856799999,857346799.60587,386251,126638.998,401636029.49397,0
1764856800000,3169.39,3187.66,3138.15,3143.01,338848.603,1764860399999,1071941934.62702,527478,149234.099,472288735.58544,0
1764860400000,3143.00,3227.66,3142.47,3206.56,499922.166,1764863999999,1593621887.45898,777478,266006.943,847969177.36405,0
1764864000000,3206.56,3225.00,3157.14,3167.16,437082.218,1764867599999,1394442513.11821,576856,207045.045,660803083.60699,0
1764867600000,3167.16,3174.10,3131.01,3159.20,271433.192,1764871199999,856228030.26134,435153,131340.731,414448105.07193,0
1764871200000,3159.21,3164.07,3131.18,3139.70,159289.860,1764874799999,501365123.12681,309992,76371.074,240390498.48870,0
1764874800000,3139.70,3140.98,3064.81,3117.66,586839.720,1764878399999,1819290816.15413,775504,268378.895,832130045.16872,0
1764878400000,3117.66,3144.59,3104.05,3139.53,189937.423,1764881999999,593212973.92429,392844,103118.870,322112403.13520,0
1764882000000,3139.53,3150.47,3117.11,3122.00,112047.647,1764885599999,351188518.95391,230685,50810.848,159310029.98726,0
1764885600000,3121.99,3148.17,3121.92,3142.57,74881.578,1764889199999,234893340.95870,135159,41545.386,130297983.33710,0
1764889200000,3142.58,3143.15,3126.77,3132.01,51647.956,1764892799999,161930536.27581,119970,24444.200,76640468.97178,0
1764892800000,3132.01,3156.50,3131.05,3145.22,98716.272,1764896399999,310409222.30687,180244,52920.616,166395875.32122,0
1764896400000,3145.23,3169.68,3142.02,3162.09,101187.802,1764899999999,319677337.41171,180043,56512.443,178539110.90447,0
1764900000000,3162.08,3188.00,3154.68,3181.68,124374.625,1764903599999,394872756.38744,226340,65451.452,207798114.83190,0
1764903600000,3181.68,3192.72,3165.00,3169.61,106190.442,1764907199999,337162255.51012,184708,49046.592,155754192.91906,0
1764907200000,3169.61,3180.64,3150.43,3167.17,168593.900,1764910799999,533430553.87410,221390,84486.755,267359336.09753,0
1764910800000,3167.18,3172.64,3151.18,3154.80,76587.775,1764914399999,241917700.23972,130495,35551.515,112313290.73373,0
1764914400000,3154.80,3176.10,3154.80,3167.65,75532.179,1764917999999,239096298.17429,133710,41062.579,129977209.59519,0
1764918000000,3167.65,3181.64,3164.87,3172.47,115508.040,1764921599999,366727669.53205,181673,55482.339,176164939.75099,0
1764921600000,3172.47,3172.47,3140.35,3153.87,139251.140,1764925199999,439486538.40100,207317,64092.026,202306087.28868,0
1764925200000,3153.88,3154.10,3106.01,3120.39,345122.638,1764928799999,1078295065.71739,464346,155231.292,484906407.59078,0
1764928800000,3120.39,3147.66,3119.06,3133.40,191631.365,1764932399999,600709199.74673,275451,100857.945,316157882.85167,0
1764932400000,3133.41,3142.00,3107.17,3130.00,208376.027,1764935999999,651302625.22807,273868,99150.386,310027202.35509,0
1764936000000,3129.99,3134.14,3116.30,3126.49,94424.584,1764939599999,295120708.16310,174826,47783.020,149362872.51001,0
1764939600000,3126.50,3137.12,3086.00,3097.94,363484.798,1764943199999,1129337141.26786,528819,158287.286,491876514.27549,0
1764943200000,3097.95,3115.74,3081.09,3102.43,330740.402,1764946799999,1025471103.40670,540157,167361.373,519046514.48524,0
1764946800000,3102.42,3157.00,3093.05,3105.39,589051.068,1764950399999,1843695233.44868,876250,296912.591,929602102.48778,0
1764950400000,3105.39,3107.48,2996.92,3031.69,978189.357,1764953999999,2978465207.32473,1340462,455596.048,1386735650.20773,0
1764954000000,3031.69,3039.00,3005.20,3032.04,276448.718,1764957599999,835244243.36628,546247,141950.013,428903230.10230,0
1764957600000,3032.05,3062.49,3002.40,3006.13,321461.628,1764961199999,974642754.03469,524150,163356.267,495559590.44605,0
1764961200000,3006.14,3046.80,2978.00,3037.09,335066.473,1764964799999,1008842348.93258,504184,159273.816,480085748.93172,0
1764964800000,3037.09,3047.80,3013.14,3020.83,144029.507,1764968399999,436507854.41823,275312,62768.440,190228755.42594,0
1764968400000,3020.85,3036.14,3013.00,3018.81,86211.808,1764971999999,260866331.28890,167566,40734.589,123269292.37119,0
1764972000000,3018.81,3031.39,3008.10,3025.43,47546.641,1764975599999,143619625.48870,107406,23726.801,71675150.75794,0
1764975600000,3025.44,3026.06,3005.12,3020.38,61000.821,1764979199999,183976059.01552,125441,33717.216,101708261.44034,0
1764979200000,3020.38,3027.67,3011.00,3024.70,52934.480,1764982799999,159836155.27290,119398,28379.728,85696007.35454,0
1764982800000,3024.71,3032.55,3017.55,3025.54,44889.863,1764986399999,135801919.30953,104954,23536.321,71212705.47801,0
1764986400000,3025.53,3029.35,3017.03,3027.91,47953.675,1764989999999,144985350.12161,99110,25855.450,78183975.79034,0
1764990000000,3027.91,3044.80,3026.44,3038.64,97435.335,1764993599999,295984662.97238,157409,51824.624,157422394.97579,0
1764993600000,3038.64,3041.00,3027.89,3035.04,46063.586,1764997199999,139755354.34711,90986,23395.047,70987427.95149,0
1764997200000,3035.04,3039.00,3030.42,3035.68,32778.817,1765000799999,99504107.43319,67520,17056.326,51782219.51743,0
1765000800000,3035.67,3040.68,3032.00,3037.99,36085.278,1765004399999,109584466.61090,65184,18309.914,55607060.69160,0
1765004400000,3038.00,3039.66,3022.98,3024.98,69974.870,1765007999999,212037885.87363,114367,29902.936,90604769.33930,0
1765008000000,3024.98,3034.50,3012.00,3013.02,97045.259,1765011599999,292978223.48489,164259,44024.670,132928004.96175,0
1765011600000,3013.02,3031.79,3012.05,3028.64,79835.248,1765015199999,241518425.35611,135480,44584.829,134874016.46235,0
1765015200000,3028.65,3037.00,3023.81,3029.56,42930.074,1765018799999,130107702.50705,79102,21099.294,63955172.63212,0
1765018800000,3029.56,3040.70,3027.00,3037.46,53763.103,1765022399999,163209961.22646,82600,25927.416,78711269.74581,0
1765022400000,3037.46,3039.65,3028.51,3030.37,50200.737,1765025999999,152310252.29824,80641,21555.813,65406121.01574,0
1765026000000,3030.37,3041.78,3028.57,3034.60,42615.899,1765029599999,129342550.97418,80328,22892.654,69489384.41686,0
1765029600000,3034.60,3068.58,3032.90,3053.50,223666.724,1765033199999,682244345.90009,278039,127659.965,389393919.12466,0
1765033200000,3053.49,3054.24,3025.00,3040.10,148371.205,1765036799999,450698657.36646,249282,68761.055,208868907.86223,0
1765036800000,3040.10,3065.59,3039.09,3051.16,96366.569,1765040399999,294270486.76305,166239,50113.881,153038609.18607,0
1765040400000,3051.15,3058.88,3045.33,3054.33,51052.918,1765043999999,155746838.66496,105559,27601.477,84207483.08364,0
1765044000000,3054.33,3054.96,3036.55,3040.65,48241.368,1765047599999,146913496.82533,93446,21684.424,66042812.15886,0
1765047600000,3040.65,3047.10,3023.00,3029.03,77064.857,1765051199999,233691707.21197,151568,34830.698,105625356.69696,0
1765051200000,3029.04,3040.37,3028.76,3038.42,29496.027,1765054799999,89540955.97810,73525,16966.831,51504258.60182,0
1765054800000,3038.41,3043.75,3035.00,3041.42,37309.463,1765058399999,113398334.42948,104135,19606.886,59592119.30121,0
1765058400000,3041.43,3053.99,3035.76,3040.63,37858.839,1765061999999,115285024.85683,73888,20023.069,60988531.49486,0
1765062000000,3040.63,3042.00,3024.35,3036.53,74678.964,1765065599999,226464335.03973,142262,33331.672,101088998.91456,0
1765065600000,3036.53,3047.98,3030.65,3043.50,47774.223,1765069199999,145229773.85360,110138,22297.687,67784272.78604,0
1765069200000,3043.49,3051.30,3040.05,3041.46,50090.610,1765072799999,152562705.97144,103008,24102.265,73414603.81491,0
1765072800000,3041.45,3056.60,3041.07,3052.35,38175.433,1765076399999,116342035.47544,76505,21692.383,66117263.96545,0
1765076400000,3052.34,3055.40,3047.96,3052.58,35106.209,1765079999999,107125607.38966,67833,16730.526,51058616.63307,0
1765080000000,3052.57,3056.78,3042.00,3045.08,39000.271,1765083599999,118883704.05409,70282,17211.519,52466813.89794,0
1765083600000,3045.09,3048.32,3042.33,3043.14,24556.146,1765087199999,74776450.12077,48009,11635.771,35432549.88618,0
1765087200000,3043.13,3047.47,3042.01,3046.66,31738.880,1765090799999,96636675.12806,56646,16735.063,50953788.96768,0
1765090800000,3046.66,3049.74,3029.16,3035.91,82326.398,1765094399999,249965178.07603,122476,38921.847,118168704.27998,0
1765094400000,3035.90,3042.18,3026.18,3033.27,67483.576,1765097999999,204742532.84238,108319,32371.039,98218629.59049,0
1765098000000,3033.28,3037.90,3023.25,3029.11,59276.732,1765101599999,179579535.62407,102167,28504.226,86367179.35619,0
1765101600000,3029.12,3042.90,3028.43,3037.08,60414.934,1765105199999,183442090.85514,97812,32376.282,98313773.09534,0
1765105200000,3037.08,3041.00,3033.81,3034.52,28967.370,1765108799999,87988082.27451,59439,13262.296,40285348.87847,0
1765108800000,3034.52,3049.95,3033.47,3047.52,58346.547,1765112399999,177554440.79931,102254,31488.713,95828871.70147,0
1765112400000,3047.52,3052.80,3025.68,3030.18,128458.786,1765115999999,389915703.66537,202239,57313.844,173961936.42340,0
1765116000000,3030.19,3034.63,2903.75,2941.32,814339.040,1765119599999,2411240681.11579,949026,348318.777,1030639348.95761,0
1765119600000,2941.32,3040.20,2938.50,3025.82,586839.483,1765123199999,1750953171.28502,781779,322254.787,961910887.76339,0
1765123200000,3025.83,3040.00,2997.59,3038.51,325707.878,1765126799999,982022231.23699,464679,178967.253,539814021.60732,0
1765126800000,3038.51,3135.39,3023.18,3111.60,638584.337,1765130399999,1972066246.40384,899258,351436.486,1085151941.39616,0
1765130400000,3111.61,3150.00,3111.46,3127.89,259938.625,1765133999999,814218523.16012,449493,126152.792,395158877.22832,0
1765134000000,3127.88,3141.98,3120.30,3136.77,103418.476,1765137599999,323703552.27573,175846,52339.989,163882567.25885,0
1765137600000,3136.77,3145.91,3130.50,3139.98,58205.592,1765141199999,182696135.77996,122194,26142.757,82072477.42262,0
1765141200000,3139.98,3139.98,3066.92,3083.99,254107.250,1765144799999,788359186.93668,370049,100416.580,311502497.55154,0
1765144800000,3084.00,3085.00,3010.00,3031.64,385136.532,1765148399999,1172071950.91981,673484,176849.847,538249668.83694,0
1765148400000,3031.64,3063.44,3023.41,3058.14,138093.997,1765151999999,420086986.17032,280403,72566.891,220830895.76932,0
1765152000000,3058.14,3075.97,3038.76,3061.66,118378.567,1765155599999,362134366.50843,254082,66078.282,202218237.33022,0
1765155600000,3061.67,3133.69,3061.15,3097.12,290888.625,1765159199999,902503712.78087,491629,152545.875,473288032.27131,0
1765159200000,3097.12,3114.10,3089.96,3108.35,105481.309,1765162799999,327071949.28114,231723,56884.195,176409761.17755,0
1765162800000,3108.34,3119.75,3100.00,3109.65,93165.123,1765166399999,289634181.55312,187507,45462.663,141343362.51924,0
1765166400000,3109.65,3137.02,3107.15,3127.59,127415.571,1765169999999,397864082.50537,230538,66406.396,207392192.78789,0
1765170000000,3127.60,3140.15,3120.08,3129.22,102384.271,1765173599999,320431064.73739,196987,49677.778,155507148.49374,0
1765173600000,3129.22,3139.27,3120.97,3129.27,115619.319,1765177199999,361765629.09710,187508,57945.129,181323393.20397,0
1765177200000,3129.27,3136.88,3121.10,3132.62,79744.112,1765180799999,249567759.12208,170237,36896.821,115483402.67154,0
1765180800000,3132.61,3146.13,3123.81,3142.26,102831.643,1765184399999,322274977.26044,152561,53720.853,168406478.12767,0
1765184400000,3142.26,3179.99,3139.59,3157.53,266453.313,1765187999999,842616087.48943,363938,148407.385,469303333.39338,0
1765188000000,3157.54,3163.90,3151.37,3159.03,73250.593,1765191599999,231249112.77878,156344,37139.815,117261283.78399,0
1765191600000,3159.04,3162.65,3132.94,3140.61,154115.339,1765195199999,484794036.05033,205510,64042.874,201490712.81591,0
1765195200000,3140.61,3142.22,3121.80,3130.26,180835.228,1765198799999,566405727.85011,248644,88404.341,276884354.18951,0
1765198800000,3130.25,3159.87,3128.02,3144.66,246527.991,1765202399999,774910598.28922,382256,126241.010,396869252.42807,0
1765202400000,3144.65,3178.00,3123.05,3126.82,497487.116,1765205999999,1566250980.76790,794601,242340.598,763250024.57551,0
1765206000000,3126.82,3137.94,3087.34,3099.69,619497.079,1765209599999,1925946464.68004,952078,295351.002,918439399.63707,0
1765209600000,3099.69,3132.26,3090.70,3106.66,288548.863,1765213199999,897645368.74441,530300,146054.800,454482683.20029,0
1765213200000,3106.66,3128.00,3097.02,3119.20,165310.854,1765216799999,514112869.18654,367074,84418.655,262610063.76713,0
1765216800000,3119.19,3131.90,3066.17,3091.15,204653.670,1765220399999,635699619.34142,402266,83446.628,259501072.22758,0
1765220400000,3091.13,3127.52,3088.32,3117.55,119281.437,1765223999999,370735726.88676,310757,61755.483,191921981.83348,0
1765224000000,3117.56,3144.65,3117.23,3134.62,125665.308,1765227599999,393407465.83658,273296,68466.306,214391217.72743,0
1765227600000,3134.62,3152.00,3125.05,3144.89,104968.170,1765231199999,329517222.77590,226040,57619.831,180908028.18214,0
1765231200000,3144.90,3146.00,3118.44,3128.65,60961.963,1765234799999,190829081.58843,114940,27889.547,87291812.67969,0
1765234800000,3128.65,3136.40,3111.65,3123.14,55166.334,1765238399999,172326731.19324,136613,25545.431,79806120.69732,0
1765238400000,3123.15,3142.30,3112.71,3118.34,103676.615,1765241999999,324062566.10831,205072,51193.178,160024026.80889,0
1765242000000,3118.35,3123.08,3097.27,3105.85,106694.896,1765245599999,331718690.17025,246478,49008.590,152400598.69055,0
1765245600000,3105.84,3114.75,3096.04,3097.34,100695.187,1765249199999,312641944.33559,170958,47483.088,147460100.41817,0
1765249200000,3097.35,3128.00,3089.01,3127.99,189897.733,1765252799999,589984941.58337,247839,95338.712,296370402.91185,0
1765252800000,3128.00,3130.00,3102.34,3106.02,117718.166,1765256399999,366611743.74178,201175,52730.335,164233424.78359,0
1765256400000,3106.02,3117.50,3094.00,3106.95,86228.395,1765259999999,267855673.42668,183585,41566.503,129140110.77379,0
1765260000000,3106.96,3114.91,3095.01,3111.71,84565.070,1765263599999,262565714.20492,165945,40056.542,124393319.43175,0
1765263600000,3111.72,3125.68,3108.01,3121.57,93000.389,1765267199999,290032301.80364,181153,50017.319,155989714.09954,0
1765267200000,3121.58,3129.60,3113.86,3119.54,65762.390,1765270799999,205269478.83868,137003,33922.034,105906146.42933,0
1765270800000,3119.55,3122.21,3102.00,3104.50,101698.041,1765274399999,316401691.93697,152046,44784.658,139326756.86232,0
1765274400000,3104.50,3113.25,3090.00,3106.28,110678.177,1765277999999,343446931.95851,186982,55089.096,170994717.46452,0
1765278000000,3106.29,3119.76,3099.02,3116.91,69973.897,1765281599999,217526835.57096,130757,35375.817,109997871.43114,0
1765281600000,3116.91,3139.99,3112.90,3135.96,158495.082,1765285199999,496009831.41252,242788,88206.981,276082406.86039,0
1765285200000,3135.96,3138.97,3107.60,3115.86,196046.859,1765288799999,612281370.82420,299809,92126.787,287715518.01123,0
1765288800000,3115.85,3128.06,3097.00,3115.91,195709.117,1765292399999,608797676.88780,417208,96810.652,301207044.70601,0
1765292400000,3115.91,3256.00,3113.93,3244.91,997543.157,1765295999999,3178084948.85238,1364183,525179.102,1673406037.42783,0
1765296000000,3244.92,3377.92,3244.30,3365.02,1151678.113,1765299599999,3815071989.30888,1495900,611144.977,2024099844.20204,0
1765299600000,3365.02,3397.50,3355.61,3374.39,590993.220,1765303199999,1995786096.35193,851267,274645.483,927604352.17066,0
1765303200000,3374.39,3387.32,3360.00,3374.82,176443.073,1765306799999,595403095.84301,330966,80518.221,271750268.95610,0
1765306800000,3374.83,3377.35,3344.74,3357.06,169984.544,1765310399999,571442892.22854,292687,86079.651,289452251.73974,0
1765310400000,3357.05,3360.32,3303.07,3326.21,293999.109,1765313999999,978753288.30908,543844,138286.474,460398889.36413,0
1765314000000,3326.21,3334.57,3283.51,3300.57,208424.891,1765317599999,689582724.11731,383290,98502.877,325951360.59268,0
1765317600000,3300.57,3341.78,3296.32,3326.92,141137.234,1765321199999,468810312.10347,290560,77522.942,257511475.19329,0
1765321200000,3326.92,3333.78,3315.04,3316.49,78729.010,1765324799999,261667288.85507,183097,37169.301,123544631.76389,0
1765324800000,3316.50,3327.43,3303.67,3304.58,98356.218,1765328399999,325977647.63380,234773,48807.172,161760635.35030,0
1765328400000,3304.59,3313.99,3286.58,3301.50,105681.998,1765331999999,348723189.67300,237045,51935.193,171409206.53993,0
1765332000000,3301.50,3311.62,3290.70,3309.84,98029.260,1765335599999,323672167.02746,181512,50948.038,168234850.73369,0
1765335600000,3309.84,3315.41,3303.93,3308.00,52201.816,1765339199999,172777938.55159,114376,29350.850,97152074.86080,0
1765339200000,3308.01,3325.74,3305.22,3321.18,89951.063,1765342799999,298354342.50568,164510,48803.065,161886758.75381,0
1765342800000,3321.18,3334.92,3313.26,3321.10,89848.252,1765346399999,298569859.94878,143082,45596.653,151557159.40278,0
1765346400000,3321.11,3326.99,3313.41,3324.33,48289.774,1765349999999,160345050.34179,102485,22511.587,74755518.39301,0
1765350000000,3324.32,3325.87,3310.00,3325.65,68225.648,1765353599999,226412283.93423,121305,31940.347,106017758.70105,0
1765353600000,3325.64,3332.74,3320.52,3320.53,96832.976,1765357199999,322180979.92545,186266,43591.545,145046230.40393,0
1765357200000,3320.54,3347.94,3313.47,3346.12,144440.186,1765360799999,481148378.62055,227004,83425.501,277970825.25948,0
1765360800000,3346.12,3374.93,3309.03,3310.78,345469.809,1765364399999,1153304999.23421,490317,170457.077,569455855.10738,0
1765364400000,3310.77,3319.41,3295.56,3316.75,186077.176,1765367999999,615893458.70182,282771,80724.836,267232079.02331,0
1765368000000,3316.76,3326.52,3307.56,3323.04,111221.204,1765371599999,368844514.24380,219961,60933.017,202089042.61809,0
1765371600000,3323.04,3337.77,3317.69,3332.90,146606.686,1765375199999,488000731.34836,268295,68194.951,227009738.05492,0
1765375200000,3332.89,3337.91,3302.61,3317.95,203874.846,1765378799999,676649377.73116,429803,99539.380,330441536.81790,0
1765378800000,3317.94,3336.91,3304.86,3326.63,179965.582,1765382399999,598085253.59573,446837,91425.721,303883949.49878,0
1765382400000,3326.63,3368.78,3319.48,3349.99,258519.980,1765385999999,865475132.26504,478400,125291.846,419485375.41158,0
1765386000000,3350.00,3387.00,3345.00,3368.92,228906.976,1765389599999,770678252.73312,408694,122052.661,410904342.83690,0
1765389600000,3368.92,3428.63,3356.72,3380.00,440882.185,1765393199999,1495763551.96970,769660,227258.352,771385451.39640,0
1765393200000,3380.00,3436.95,3341.00,3388.97,757626.090,1765396799999,2564525759.73426,1601348,365687.533,1238640909.96570,0
1765396800000,3388.98,3446.12,3344.29,3354.17,562680.034,1765400399999,1911046140.98384,1206651,268341.562,911995063.70778,0
1765400400000,3354.17,3368.70,3328.00,3338.54,276022.770,1765403999999,923908016.88534,569657,134820.265,451451597.10978,0
1765404000000,3338.54,3354.29,3316.90,3345.18,148234.530,1765407599999,494421759.18399,310953,68815.573,229653472.15891,0
1765407600000,3345.18,3351.30,3318.88,3322.79,74069.037,1765411199999,246769111.23447,203421,35939.486,119765913.51970,0
1765411200000,3322.80,3326.74,3256.61,3278.35,312942.441,1765414799999,1029123848.81681,504027,134059.066,440744552.51186,0
1765414800000,3278.36,3278.67,3242.10,3253.33,266451.094,1765418399999,868677922.73596,479554,132509.279,432070158.19255,0
1765418400000,3253.33,3254.96,3205.03,3209.80,311769.645,1765421999999,1004994133.17890,600965,143602.242,462864100.89102,0
1765422000000,3209.79,3209.80,3165.00,3189.78,416596.474,1765425599999,1326059447.82822,675572,193681.783,616517330.04196,0
1765425600000,3189.77,3214.00,3179.00,3212.91,265800.259,1765429199999,849681734.02057,364405,142606.861,455996028.50449,0
1765429200000,3212.93,3213.81,3192.50,3212.88,109621.709,1765432799999,351255179.68326,195469,55211.208,176905044.81664,0
1765432800000,3212.88,3212.89,3192.47,3201.44,105187.369,1765436399999,336830108.93385,198461,49709.873,159185028.75239,0
1765436400000,3201.43,3204.96,3194.08,3199.97,61669.681,1765439999999,197317767.14159,136278,27244.413,87184081.65335,0
1765440000000,3199.97,3200.31,3175.20,3195.56,145392.128,1765443599999,463555260.44557,232747,64500.764,205647021.62627,0
1765443600000,3195.57,3212.00,3191.56,3197.46,137198.560,1765447199999,439360116.24930,202784,64716.063,207256585.92867,0
1765447200000,3197.46,3201.94,3187.00,3194.73,78814.544,1765450799999,251685888.23532,149814,37933.959,121147198.75142,0
1765450800000,3194.73,3201.15,3191.29,3191.29,53809.436,1765454399999,171945752.88811,113762,23948.339,76528939.28713,0
1765454400000,3191.29,3206.00,3185.60,3197.71,98339.581,1765457999999,314420295.29623,185266,47983.452,153421205.92655,0
1765458000000,3197.70,3202.52,3186.73,3190.53,88405.187,1765461599999,282450395.07034,184991,43242.321,138157983.92938,0
1765461600000,3190.54,3194.66,3142.92,3158.16,532513.951,1765465199999,1688669155.11983,785122,250658.254,794990117.79331,0
1765465200000,3158.16,3209.06,3153.28,3177.71,415522.935,1765468799999,1320958570.07914,748579,209585.270,666498429.96207,0
1765468800000,3177.71,3196.12,3153.78,3173.90,300081.151,1765472399999,951674772.03078,525069,132096.869,419070334.18748,0
1765472400000,3173.89,3203.00,3166.59,3180.00,170893.401,1765475999999,544583678.49919,334164,83654.741,266581822.91636,0
1765476000000,3180.00,3232.89,3178.20,3202.11,338765.626,1765479599999,1086932743.50312,493933,169637.561,544530883.61564,0
1765479600000,3202.10,3227.70,3187.59,3192.70,213020.419,1765483199999,682959438.39871,439480,98369.993,315433141.14784,0
1765483200000,3192.69,3225.28,3190.77,3219.86,187148.342,1765486799999,600813737.22675,370217,96282.391,309160010.31341,0
1765486800000,3219.86,3272.43,3212.32,3247.48,346070.477,1765490399999,1123956772.40940,680227,176391.320,572862531.61366,0
1765490400000,3247.48,3264.35,3227.80,3236.47,131189.673,1765493999999,425327960.60780,281293,56824.222,184237906.35035,0
1765494000000,3236.46,3244.13,3221.00,3235.77,95759.022,1765497599999,309604842.85991,217609,45852.355,148262525.50297,0
1765497600000,3235.78,3245.65,3183.33,3187.61,155275.810,1765501199999,499646952.64634,290265,66948.470,215625415.73581,0
1765501200000,3187.61,3245.40,3187.61,3232.95,160217.369,1765504799999,516337222.57045,339911,87153.355,280804676.97457,0
1765504800000,3232.96,3264.78,3225.64,3257.03,144703.027,1765508399999,470034519.42129,288717,74440.399,241838967.26785,0
1765508400000,3257.04,3263.00,3237.09,3244.03,87652.849,1765511999999,284608266.36912,189369,40778.209,132413506.61658,0
1765512000000,3244.03,3250.00,3238.88,3246.01,55973.092,1765515599999,181569615.14050,117278,26077.278,84602293.14412,0
1765515600000,3246.00,3250.84,3230.53,3246.31,66294.530,1765519199999,214818080.62183,138248,30234.999,97990732.55858,0
1765519200000,3246.30,3263.50,3244.03,3252.92,111483.712,1765522799999,363014389.74058,190800,55793.435,181687129.38012,0
1765522800000,3252.92,3256.50,3241.38,3245.00,58709.656,1765526399999,190741999.40572,114758,29790.020,96790534.80657,0
1765526400000,3244.99,3249.00,3233.00,3243.81,85966.677,1765529999999,278558576.56279,157786,41559.892,134689649.49918,0
1765530000000,3243.80,3254.07,3231.00,3249.73,96363.528,1765533599999,312627697.18918,168022,54238.393,175994807.17143,0
1765533600000,3249.73,3254.74,3238.26,3242.53,69845.143,1765537199999,226747109.35671,128587,29911.485,97109017.53833,0
1765537200000,3242.54,3244.63,3225.02,3241.17,87790.719,1765540799999,283987559.27444,154012,38673.845,125126398.66802,0
1765540800000,3241.17,3248.02,3231.67,3245.91,96877.109,1765544399999,313773274.50583,152646,56115.037,181778889.27237,0
1765544400000,3245.90,3250.66,3236.44,3241.01,68822.640,1765547999999,223176885.33951,129762,30863.024,100090137.24539,0
1765548000000,3241.01,3247.13,3212.00,3229.82,251923.684,1765551599999,813609437.58577,464865,120266.705,388491498.93620,0
1765551600000,3229.81,3230.33,3050.00,3070.00,1297936.567,1765555199999,4062271800.52165,1699646,595097.837,1862620590.04685,0
1765555200000,3070.01,3087.83,3041.10,3067.89,740606.580,1765558799999,2270229438.13572,1258913,368677.694,1130380863.54946,0
1765558800000,3067.89,3098.28,3060.18,3064.76,348431.459,1765562399999,1072502495.29468,657928,170524.315,524897302.66021,0
1765562400000,3064.77,3096.48,3063.00,3078.11,200583.895,1765565999999,618313084.01042,430645,106321.289,327682255.62423,0
1765566000000,3078.10,3080.87,3060.79,3071.94,161894.559,1765569599999,497076334.14731,341071,79470.319,244026606.23856,0
1765569600000,3071.94,3085.12,3065.79,3079.96,112498.127,1765573199999,345953034.90386,272971,57794.426,177754760.98691,0
1765573200000,3079.95,3089.07,3074.31,3080.00,69983.214,1765576799999,215765227.03268,147385,31221.278,96266091.22802,0
1765576800000,3080.00,3092.85,3078.83,3091.91,49067.207,1765580399999,151518441.47096,100020,27314.533,84335882.34619,0
1765580400000,3091.91,3095.00,3081.45,3083.34,37816.488,1765583999999,116805148.89242,84358,16627.384,51361457.91901,0
1765584000000,3083.34,3094.07,3080.53,3084.92,43015.454,1765587599999,132801224.79688,92615,18861.470,58231614.37426,0
1765587600000,3084.92,3089.26,3077.00,3083.19,37363.245,1765591199999,115195461.79599,76936,17428.236,53739512.43529,0
1765591200000,3083.19,3088.26,3082.22,3083.14,32412.472,1765594799999,100001314.36171,73144,16877.788,52071711.47636,0
1765594800000,3083.15,3091.85,3082.75,3088.46,39004.551,1765598399999,120467849.06699,71161,21152.131,65325545.81264,0
1765598400000,3088.46,3090.60,3084.16,3088.36,32674.715,1765601999999,100910646.39867,59795,14968.156,46229573.80964,0
1765602000000,3088.36,3090.83,3082.18,3087.91,31548.271,1765605599999,97378313.09496,51976,13732.673,42395736.09805,0
1765605600000,3087.90,3094.23,3082.99,3092.16,42740.535,1765609199999,132044600.10385,57948,23114.022,71410484.56303,0
1765609200000,3092.15,3093.95,3088.28,3093.19,58689.410,1765612799999,181464261.46119,56366,24568.978,75963664.87760,0
1765612800000,3093.20,3131.59,3090.91,3114.83,203156.451,1765616399999,632475485.40618,277428,111259.868,346272829.70951,0
1765616400000,3114.82,3121.22,3110.59,3116.57,71061.619,1765619999999,221475030.07226,113822,36599.388,114077631.84213,0
1765620000000,3116.58,3135.00,3116.20,3126.17,83164.798,1765623599999,260023221.51652,132355,42715.448,133560173.73166,0
1765623600000,3126.17,3127.60,3113.50,3117.99,69342.954,1765627199999,216395369.03073,111939,29103.817,90815011.32126,0
1765627200000,3118.00,3125.99,3107.44,3113.94,63472.150,1765630799999,197734826.52603,108536,30178.437,94028545.20334,0
1765630800000,3113.95,3118.36,3092.64,3108.00,116476.874,1765634399999,361575070.72301,157381,58407.848,181333206.88843,0
1765634400000,3108.01,3114.75,3094.36,3109.43,95957.745,1765637999999,297954602.38687,165687,46795.479,145333978.61287,0
1765638000000,3109.43,3122.83,3103.01,3108.10,70734.556,1765641599999,220289014.72296,143775,35004.226,109018310.13376,0
1765641600000,3108.10,3115.25,3099.12,3104.26,59422.267,1765645199999,184534611.32734,117754,27604.813,85743630.42371,0
1765645200000,3104.25,3104.45,3094.39,3099.56,47089.965,1765648799999,145932888.37515,90286,20774.354,64382590.87644,0
1765648800000,3099.57,3109.76,3097.75,3100.42,34258.141,1765652399999,106369924.10462,70933,16167.828,50204897.02451,0
1765652400000,3100.42,3110.42,3099.17,3107.12,21162.386,1765655999999,65728122.57460,51450,12585.894,39093102.49888,0
1765656000000,3107.13,3108.96,3101.07,3103.03,15699.600,1765659599999,48755763.44723,39829,7541.261,23421004.42479,0
1765659600000,3103.04,3113.95,3075.00,3110.14,104945.693,1765663199999,324740298.54133,151610,47134.395,145964732.37679,0
1765663200000,3110.14,3118.99,3100.78,3112.77,45110.271,1765666799999,140341386.77694,99012,24189.597,75263696.54966,0
1765666800000,3112.78,3116.70,3108.17,3113.01,31795.398,1765670399999,98972796.52491,84044,15920.223,49559162.58959,0
1765670400000,3113.00,3121.97,3101.27,3117.80,71489.697,1765673999999,222513832.54628,126851,32706.127,101813491.38269,0
1765674000000,3117.80,3128.65,3113.16,3118.20,53898.787,1765677599999,168209223.79193,100483,27779.675,86707449.60382,0
1765677600000,3118.21,3124.00,3114.33,3121.22,30645.698,1765681199999,95610939.11152,60633,13073.886,40787311.04089,0
1765681200000,3121.22,3124.73,3115.45,3117.40,28132.853,1765684799999,87761846.64295,63370,12845.404,40076076.56534,0
1765684800000,3117.40,3120.99,3105.00,3109.99,48693.990,1765688399999,151544062.19930,83985,18913.828,58870741.99152,0
1765688400000,3110.00,3113.90,3103.01,3110.35,49402.968,1765691999999,153548329.88577,84458,24557.234,76332588.88578,0
1765692000000,3110.35,3114.15,3104.01,3109.45,21749.327,1765695599999,67614176.13270,49466,11071.394,34419905.41161,0
1765695600000,3109.44,3116.35,3107.35,3113.78,23845.671,1765699199999,74195044.87625,45290,12276.966,38202117.20861,0
1765699200000,3113.77,3118.72,3107.56,3109.70,38542.709,1765702799999,120039863.40319,63763,17168.705,53478610.66677,0
1765702800000,3109.70,3112.64,3106.13,3107.84,40560.403,1765706399999,126115628.57156,62656,19698.615,61255622.40054,0
1765706400000,3107.84,3111.68,3092.26,3105.98,85916.390,1765709999999,266531594.98395,136478,40650.817,126126449.20261,0
1765710000000,3105.97,3108.35,3048.32,3083.45,361466.610,1765713599999,1112784192.67911,509628,166677.075,513158997.45686,0
1765713600000,3083.46,3107.00,3068.85,3096.85,215313.286,1765717199999,665934121.14733,325991,118965.232,368000559.01821,0
1765717200000,3096.86,3101.72,3075.67,3100.31,155230.759,1765720799999,479506702.26176,261740,84158.460,259995166.04862,0
1765720800000,3100.32,3107.26,3073.20,3084.43,161592.255,1765724399999,498740745.31782,293497,77989.212,240713696.10541,0
1765724400000,3084.43,3086.74,3069.33,3083.33,101048.414,1765727999999,311044759.58099,206794,48081.480,148019423.11303,0
1765728000000,3083.32,3107.00,3076.66,3096.95,150997.861,1765731599999,466911921.58081,274055,75965.028,234915566.38621,0
1765731600000,3096.94,3103.00,3072.67,3083.17,140078.250,1765735199999,431923867.29424,262300,69966.389,215670697.22271,0
1765735200000,3083.18,3102.94,3078.89,3099.94,122512.363,1765738799999,378973369.42719,177138,75336.631,233041435.59627,0
1765738800000,3099.94,3100.10,3083.90,3091.88,88096.965,1765742399999,272342984.86666,136115,44284.854,136900942.31881,0
1765742400000,3091.88,3095.84,3061.38,3081.22,228248.875,1765745999999,703714493.67847,270123,121226.761,373844673.62862,0
1765746000000,3081.22,3089.99,3075.42,3080.52,54716.744,1765749599999,168608947.24291,132711,29561.693,91100310.40111,0
1765749600000,3080.53,3088.34,3052.04,3072.66,136557.530,1765753199999,418689906.36757,241130,64798.650,198743297.79243,0
1765753200000,3072.67,3089.64,3022.51,3062.02,281255.903,1765756799999,858868078.70365,483418,126067.009,385295436.86107,0
1765756800000,3062.01,3085.00,3055.25,3073.58,195724.368,1765760399999,600818903.38272,377550,109332.874,335639274.27912,0
1765760400000,3073.59,3120.00,3065.06,3107.41,237567.009,1765763999999,735747151.51424,434482,135511.418,419769596.15320,0
1765764000000,3107.41,3150.00,3105.08,3118.46,300901.126,1765767599999,941197944.81824,494170,156284.981,488964672.38964,0
1765767600000,3118.46,3124.56,3106.03,3107.48,91291.031,1765771199999,284385297.67472,190390,40901.640,127437640.69645,0
1765771200000,3107.49,3125.51,3102.08,3122.38,92761.535,1765774799999,288861491.99083,169973,53674.323,167176533.22380,0
1765774800000,3122.38,3123.50,3113.57,3119.03,48925.135,1765778399999,152602826.98247,100439,23208.311,72393783.00869,0
1765778400000,3119.03,3143.89,3113.92,3135.96,96759.202,1765781999999,302872724.79405,160470,54444.648,170400391.44310,0
1765782000000,3135.96,3141.08,3121.00,3127.34,108395.858,1765785599999,339029282.96856,167331,54419.353,170203924.88870,0
1765785600000,3127.34,3143.64,3123.90,3138.31,98944.263,1765789199999,310200440.84790,154515,46025.039,144298326.99216,0
1765789200000,3138.30,3162.00,3137.70,3152.44,167345.409,1765792799999,526946352.14788,238706,91381.927,287795444.36603,0
1765792800000,3152.44,3177.00,3149.65,3158.73,205488.728,1765796399999,649697147.42624,296247,109255.187,345443799.62274,0
1765796400000,3158.72,3161.73,3144.68,3155.69,108121.413,1765799999999,341019745.05334,166611,54108.532,170685451.27790,0
1765800000000,3155.68,3157.90,3147.00,3154.12,101105.156,1765803599999,318626636.28983,171519,50854.627,160267492.65020,0
1765803600000,3154.11,3155.40,3123.84,3130.56,188191.635,1765807199999,590431024.02790,277817,84134.152,263943362.95638,0
1765807200000,3130.57,3145.38,3029.74,3046.75,665231.622,1765810799999,2055299614.09695,1006890,314200.563,971273918.67350,0
1765810800000,3046.75,3059.99,2985.00,3009.48,1045136.366,1765814399999,3151917156.76383,1624413,514139.182,1551002020.46488,0
1765814400000,3009.48,3016.55,2966.32,2987.49,449462.146,1765817999999,1343313850.06454,822764,204774.722,612257240.16817,0
1765818000000,2987.48,2992.66,2931.00,2935.41,451795.751,1765821599999,1335920939.31277,715201,179912.053,532232818.17466,0
1765821600000,2935.41,2941.60,2890.51,2936.16,533661.793,1765825199999,1559914420.38553,827403,241454.073,705922317.98697,0
1765825200000,2936.16,2962.87,2925.26,2938.68,300849.740,1765828799999,885958112.92622,580923,157736.647,464625359.32301,0
1765828800000,2938.68,2945.84,2915.18,2927.57,213074.550,1765832399999,624038397.35054,469176,109555.361,320895985.59207,0
1765832400000,2927.58,2946.55,2917.96,2944.75,111398.970,1765835999999,326829647.00858,283276,58756.236,172390989.67137,0
1765836000000,2944.75,2951.33,2934.00,2950.63,100398.520,1765839599999,295350360.44061,148867,56424.240,166019702.92214,0
1765839600000,2950.63,2968.43,2947.89,2963.25,168161.646,1765843199999,497644811.66856,252013,106789.133,316004695.57295,0
1765843200000,2963.25,2976.94,2938.62,2941.43,173420.002,1765846799999,513357513.38303,281674,85860.524,254287570.98529,0
1765846800000,2941.43,2961.31,2933.15,2945.75,130606.434,1765850399999,384804961.88993,335184,64700.675,190656675.62637,0
1765850400000,2945.74,2965.34,2937.23,2944.19,96787.349,1765853999999,285681823.67181,268437,46759.791,138039322.50024,0
1765854000000,2944.19,2949.50,2920.91,2935.44,192931.089,1765857599999,565950670.10890,329765,77921.889,228597970.97042,0
1765857600000,2935.44,2938.83,2870.00,2916.79,366304.683,1765861199999,1064943160.82922,520266,146442.043,426011093.94799,0
1765861200000,2916.78,2927.26,2911.41,2921.69,127104.364,1765864799999,371030284.78376,269547,67561.559,197249680.21107,0
1765864800000,2921.69,2950.27,2921.60,2944.47,128454.120,1765868399999,377410337.58075,195490,75497.134,221791489.46980,0
1765868400000,2944.48,2947.19,2916.17,2922.62,133093.304,1765871999999,389866467.50927,254552,54444.559,159453022.35881,0
1765872000000,2922.61,2938.89,2918.25,2929.54,91149.410,1765875599999,266882884.08110,201958,42416.376,124204512.51084,0
1765875600000,2929.54,2934.30,2921.84,2925.66,65639.620,1765879199999,192127641.30457,152158,33629.784,98439106.26271,0
1765879200000,2925.65,2962.99,2919.84,2946.40,181597.581,1765882799999,534863611.46419,329848,92846.226,273485405.12172,0
1765882800000,2946.41,2961.48,2936.21,2956.57,135361.478,1765886399999,399311420.88773,260399,57361.064,169275295.03508,0
1765886400000,2956.57,2962.97,2945.88,2950.18,120413.643,1765889999999,355566143.90528,235965,52492.959,155017947.31432,0
1765890000000,2950.18,2982.10,2906.20,2909.08,465257.132,1765893599999,1368516895.48907,806733,207675.517,611375470.97066,0
1765893600000,2909.09,2959.00,2885.46,2939.84,598253.707,1765897199999,1749275880.73570,1182880,289783.020,847711149.56052,0
1765897200000,2939.84,2974.70,2912.30,2961.73,375055.176,1765900799999,1103367532.74771,896644,185791.858,546724885.64934,0
1765900800000,2961.73,2962.71,2923.37,2937.12,274153.309,1765904399999,806988354.71653,629595,124261.414,365740878.46865,0
1765904400000,2937.12,2954.43,2915.00,2918.17,171621.242,1765907999999,503721351.98031,403459,88613.018,260152965.85008,0
1765908000000,2918.17,2966.98,2910.01,2950.74,225652.835,1765911599999,663134418.05421,412820,120677.937,354663716.11225,0
1765911600000,2950.75,2956.47,2918.85,2943.80,185557.119,1765915199999,544797769.24801,339614,88746.906,260568273.85994,0
1765915200000,2943.82,2962.00,2941.49,2946.17,106214.797,1765918799999,313573346.27385,276985,53703.324,158558949.25083,0
1765918800000,2946.16,2956.91,2936.46,2949.65,65022.036,1765922399999,191575373.31825,159908,33907.127,99881466.00040,0
1765922400000,2949.65,2959.95,2942.55,2952.84,35111.402,1765925999999,103651965.20564,87997,17792.326,52524157.39014,0
1765926000000,2952.85,2964.45,2946.40,2960.84,56653.877,1765929599999,167475289.09253,147316,28119.867,83132077.69590,0
1765929600000,2960.83,2960.84,2942.53,2948.22,76519.507,1765933199999,225736260.87701,161420,36971.697,109061015.80935,0
1765933200000,2948.21,2973.52,2947.11,2952.67,99706.231,1765936799999,295014749.40753,210493,51105.739,151226391.02167,0
1765936800000,2952.67,2963.78,2936.52,2958.38,89208.421,1765940399999,263109526.74720,204154,42848.656,126386662.15691,0
1765940400000,2958.38,2960.90,2941.11,2946.45,62087.200,1765943999999,183230008.48151,123781,26521.070,78276036.61590,0
1765944000000,2946.46,2950.00,2925.60,2931.27,111496.396,1765947599999,327299757.53721,187912,53104.936,155900204.03236,0
1765947600000,2931.27,2936.66,2912.36,2929.39,173279.932,1765951199999,506663983.12849,287434,77382.163,226327295.71884,0
1765951200000,2929.39,2942.94,2929.14,2935.06,84436.526,1765954799999,248006190.92376,163558,40262.346,118252189.59318,0
1765954800000,2935.07,2953.12,2930.66,2946.59,97204.070,1765958399999,286134555.27166,181310,51638.191,152021180.27924,0
1765958400000,2946.59,2946.59,2921.29,2924.43,110181.477,1765961999999,322826702.63850,194561,48793.672,142969065.28030,0
1765962000000,2924.43,2931.94,2916.66,2922.16,94414.342,1765965599999,276045602.86774,176877,46626.962,136345978.62455,0
1765965600000,2922.15,2927.22,2905.29,2919.01,130527.804,1765969199999,380794862.78066,216187,59929.084,174876987.85481,0
1765969200000,2919.00,2932.99,2916.27,2927.36,70911.462,1765972799999,207524393.21980,132089,36247.669,106087928.70850,0
1765972800000,2927.36,2934.76,2918.01,2924.07,99876.599,1765976399999,292290695.54735,173069,47754.121,139765251.06418,0
1765976400000,2924.06,2953.76,2917.00,2943.24,187371.269,1765979999999,549967915.07410,343519,100566.153,295205855.61315,0
1765980000000,2943.23,2994.89,2882.49,2993.94,765317.182,1765983599999,2249837960.43680,1142721,406000.274,1194670113.55141,0
1765983600000,2993.94,3030.00,2892.00,2903.23,1274208.770,1765987199999,3788520550.91137,1953277,611219.874,1816683827.63496,0
1765987200000,2903.23,2924.79,2832.67,2862.68,910439.725,1765990799999,2609414561.57929,1605881,451864.465,1295455716.41968,0
1765990800000,2862.67,2877.73,2840.64,2846.33,306489.652,1765994399999,876071349.03630,704308,149136.566,426469287.63528,0
1765994400000,2846.38,2861.13,2805.00,2812.56,367259.108,1765997999999,1038586103.91920,626873,150125.649,424842505.20305,0
1765998000000,2812.56,2820.58,2789.52,2819.01,323916.039,1766001599999,908495562.63660,673471,157024.067,440462207.07094,0
1766001600000,2819.02,2833.27,2804.48,2821.63,190193.182,1766005199999,536435664.69469,427138,103098.059,290807348.61679,0
1766005200000,2821.64,2829.88,2810.15,2818.54,74454.389,1766008799999,209881901.09458,180726,36712.724,103499594.87516,0
1766008800000,2818.55,2836.61,2811.72,2833.50,104289.714,1766012399999,294744134.67958,151929,59873.780,169236889.93214,0
1766012400000,2833.50,2834.60,2816.31,2832.00,82304.568,1766015999999,232580296.27693,161957,39789.188,112444066.19007,0
1766016000000,2831.99,2836.94,2824.94,2834.71,77062.434,1766019599999,218223190.36665,160110,38810.027,109917494.83594,0
1766019600000,2834.72,2835.00,2820.12,2826.14,63153.969,1766023199999,178480088.15743,192395,31816.960,89913912.40067,0
1766023200000,2826.15,2846.81,2820.78,2835.59,129021.382,1766026799999,365895686.03825,274374,71158.834,201839930.63931,0
1766026800000,2835.59,2836.80,2821.00,2830.57,98860.845,1766030399999,279576926.90414,166320,45619.986,129027476.08120,0
1766030400000,2830.57,2840.00,2830.00,2836.76,72561.796,1766033999999,205789583.75290,133761,31172.155,88405089.26084,0
1766034000000,2836.76,2836.76,2821.00,2824.02,92685.565,1766037599999,262047388.42322,169171,43141.729,121983980.06788,0
1766037600000,2824.02,2832.34,2822.00,2830.22,51881.488,1766041199999,146695302.64804,113078,26978.036,76289811.48727,0
1766041200000,2830.22,2838.00,2827.38,2834.98,69992.275,1766044799999,198386992.17701,125148,38709.624,109720197.91189,0
1766044800000,2834.99,2851.75,2830.26,2840.41,132782.034,1766048399999,377502383.53561,211938,72693.511,206678416.51545,0
1766048400000,2840.41,2856.00,2833.43,2851.13,103626.040,1766051999999,295114404.53905,192919,56391.306,160625432.11254,0
1766052000000,2851.14,2863.18,2848.00,2858.00,86322.528,1766055599999,246544075.56016,156762,45279.257,129321266.80821,0
1766055600000,2858.00,2858.36,2848.48,2857.65,63587.501,1766059199999,181445750.17391,122808,29754.629,84909829.78902,0
1766059200000,2857.66,2873.81,2852.58,2870.00,130710.040,1766062799999,374548253.64728,220739,72153.952,206774658.62101,0
1766062800000,2870.01,2979.67,2869.78,2962.87,897632.042,1766066399999,2627120273.64094,1357875,460028.663,1345977947.97054,0
1766066400000,2962.88,2994.91,2921.60,2949.09,851679.880,1766069999999,2517671902.67057,1558899,407892.853,1206167608.83664,0
1766070000000,2949.09,2997.05,2931.81,2963.89,495622.986,1766073599999,1470041114.20837,988949,261395.478,775467701.01159,0
1766073600000,2963.90,2966.28,2927.96,2942.56,286525.733,1766077199999,844175134.13469,581469,134332.447,395782319.63567,0
1766077200000,2942.57,2943.36,2793.10,2844.45,1253438.858,1766080799999,3560159795.02997,1740839,613081.033,1739559199.57646,0
1766080800000,2844.46,2867.29,2817.01,2826.01,286396.706,1766084399999,813669040.73265,631620,144163.918,409718657.28295,0
1766084400000,2826.00,2832.32,2772.97,2780.40,417272.853,1766087999999,1169720754.18410,890652,190819.478,535078911.93034,0
1766088000000,2780.40,2812.76,2778.06,2780.24,251770.386,1766091599999,703558943.89633,666402,135870.856,379737469.98989,0
1766091600000,2780.09,2831.22,2779.38,2828.70,278143.400,1766095199999,782230332.06469,486293,161887.210,455180457.08585,0
1766095200000,2828.70,2837.80,2814.67,2828.30,98594.636,1766098799999,278781717.11149,198295,53512.573,151328294.10288,0
1766098800000,2828.30,2832.71,2822.37,2827.30,66516.218,1766102399999,188086875.80007,157356,32603.455,92193817.09533,0
1766102400000,2827.32,2840.40,2813.02,2829.62,113035.863,1766105999999,319378194.31802,240506,60109.934,169883321.59644,0
1766106000000,2829.62,2832.51,2806.15,2819.82,82702.612,1766109599999,233317063.99280,223741,38953.601,109905114.72092,0
1766109600000,2819.82,2840.00,2811.13,2834.54,140716.191,1766113199999,397784371.79465,286622,83583.026,236277387.05475,0
1766113200000,2834.55,2934.93,2833.44,2907.56,732800.177,1766116799999,2117538098.12815,1258811,380177.977,1098245182.27890,0
1766116800000,2907.55,2932.77,2905.79,2920.05,242344.722,1766120399999,708128523.07350,402320,112353.165,328299742.56086,0
1766120400000,2920.06,2928.00,2908.38,2921.63,173877.083,1766123999999,507450407.80991,262464,99864.166,291491030.17652,0
1766124000000,2921.63,2949.29,2914.32,2946.60,139833.078,1766127599999,409814335.95097,246968,80021.975,234596282.44862,0
1766127600000,2946.60,2984.00,2942.44,2950.40,354034.259,1766131199999,1047943823.23649,659361,187656.032,555585750.66329,0
1766131200000,2950.39,2964.35,2936.64,2949.71,186642.369,1766134799999,550477434.50975,346523,89397.070,263732784.42504,0
1766134800000,2949.71,2959.44,2945.20,2953.95,82811.735,1766138399999,244444220.97823,182315,41039.939,121158706.64026,0
1766138400000,2953.95,2964.00,2947.84,2953.51,85906.875,1766141999999,253759461.86129,178632,44341.445,130993228.56019,0
1766142000000,2953.50,2969.89,2949.34,2964.00,108711.363,1766145599999,321965136.21550,214362,54636.926,161815785.60399,0
1766145600000,2964.00,2966.87,2945.00,2954.99,168877.584,1766149199999,499192176.29560,319351,82675.184,244402819.88277,0
1766149200000,2954.99,2967.32,2952.07,2960.35,95572.728,1766152799999,282912442.72079,225083,45029.387,133312230.14448,0
1766152800000,2960.35,2994.00,2941.49,2975.64,532713.966,1766156399999,1581284128.10980,1009389,272163.522,808324935.08014,0
1766156400000,2975.63,3017.99,2951.00,2963.48,533592.398,1766159999999,1590094812.81109,1073294,271127.188,808386025.44894,0
1766160000000,2963.48,3006.76,2958.00,2965.52,280312.532,1766163599999,835470635.40294,603575,139756.514,416667315.84146,0
1766163600000,2965.52,2992.76,2933.00,2938.23,350773.538,1766167199999,1039780634.30585,650216,160838.140,476982890.75424,0
1766167200000,2938.23,2977.36,2935.74,2965.15,202019.015,1766170799999,597245919.36153,442269,108568.236,321033633.56319,0
1766170800000,2965.16,2996.18,2965.08,2983.61,156138.443,1766174399999,465671254.70220,350555,84352.900,251612663.87084,0
1766174400000,2983.62,3002.00,2975.47,2994.39,127537.294,1766177999999,381289106.92431,318239,69951.704,209128431.24748,0
1766178000000,2994.39,2994.39,2973.33,2976.40,58368.653,1766181599999,174113338.08523,143194,27054.078,80711856.06382,0
1766181600000,2976.41,2991.76,2976.00,2986.38,40121.227,1766185199999,119842103.41591,94168,21096.169,63007862.07660,0
1766185200000,2986.38,2987.16,2976.30,2978.33,34997.837,1766188799999,104370083.48444,87079,17013.815,50736862.65912,0
1766188800000,2978.34,2979.56,2969.23,2973.11,55516.857,1766192399999,165121329.56132,121163,25448.319,75691535.31467,0
1766192400000,2973.12,2981.96,2971.72,2975.38,27012.120,1766195999999,80406068.96330,75648,14700.031,43759904.17371,0
1766196000000,2975.38,2989.21,2973.00,2981.45,36934.318,1766199599999,110101379.40168,83312,19107.728,56957284.84460,0
1766199600000,2981.45,2992.81,2981.09,2987.97,46179.533,1766203199999,138006041.86564,82682,24112.998,72062304.10344,0
1766203200000,2987.98,2989.52,2979.55,2982.96,48109.321,1766206799999,143521785.11869,80895,22026.996,65712908.35238,0
1766206800000,2982.96,2988.33,2978.58,2979.02,46976.186,1766210399999,140168224.69332,83765,21478.146,64093287.83092,0
1766210400000,2979.06,2983.94,2978.30,2979.31,24772.292,1766213999999,73846483.67208,50863,13514.861,40287210.38081,0
1766214000000,2979.31,2983.63,2973.12,2980.25,54985.540,1766217599999,163768091.65360,90653,26765.143,79730732.28683,0
1766217600000,2980.26,2989.00,2980.26,2981.86,43508.043,1766221199999,129865836.15655,80831,22546.022,67297912.03163,0
1766221200000,2981.85,2985.83,2981.11,2981.96,24460.844,1766224799999,72983295.71665,50500,10992.002,32796208.31901,0
1766224800000,2981.96,2982.15,2973.62,2977.71,52014.107,1766228399999,154865692.73954,73438,24989.080,74402854.27240,0
1766228400000,2977.71,2989.40,2975.20,2985.98,69477.155,1766231999999,207297646.00442,89002,39476.750,117817390.64163,0
1766232000000,2985.99,2992.97,2985.17,2987.89,41122.187,1766235599999,122900290.86388,68911,20946.700,62609403.87475,0
1766235600000,2987.90,2990.87,2965.28,2978.66,205656.669,1766239199999,611872518.58184,225897,83751.254,249183110.11034,0
1766239200000,2978.65,2979.74,2967.32,2978.53,56674.244,1766242799999,168528214.16309,106837,24005.554,71388075.08794,0
1766242800000,2978.54,2978.79,2966.78,2975.57,56080.903,1766246399999,166699058.35276,82664,27163.727,80740410.47184,0
1766246400000,2975.58,2978.77,2972.63,2977.21,27304.402,1766249999999,81255242.62246,54085,13230.222,39374808.60644,0
1766250000000,2977.20,2979.99,2973.00,2976.49,19690.655,1766253599999,58625168.77618,48482,10774.400,32078234.13225,0
1766253600000,2976.50,2979.47,2973.00,2976.90,17459.635,1766257199999,51957884.72481,40180,9589.090,28537767.78125,0
1766257200000,2976.91,2979.60,2973.33,2976.57,13658.304,1766260799999,40662098.44936,37741,6510.240,19381491.60308,0
1766260800000,2976.57,2984.75,2976.00,2983.07,17926.407,1766264399999,53428581.15440,38100,10565.718,31493243.63394,0
1766264400000,2983.06,2984.62,2977.18,2977.50,14494.642,1766267999999,43216475.50938,39439,5998.943,17887445.73795,0
1766268000000,2977.51,2979.13,2973.07,2976.03,18548.207,1766271599999,55188529.78458,38181,8989.708,26748806.52019,0
1766271600000,2976.03,2977.81,2971.28,2976.54,19369.500,1766275199999,57621185.87714,50921,9791.095,29127211.64733,0
1766275200000,2976.55,2979.91,2974.55,2978.51,20982.062,1766278799999,62472355.32077,45953,10819.885,32215439.80154,0
1766278800000,2978.51,2978.51,2960.20,2966.47,72976.738,1766282399999,216607220.79162,106452,30880.879,91654961.03706,0
1766282400000,2966.47,2973.94,2960.13,2964.84,48746.584,1766285999999,144578716.03278,113734,24550.393,72814173.72140,0
1766286000000,2964.83,2974.94,2964.01,2971.70,36974.382,1766289599999,109858101.17545,68813,18525.064,55040440.60776,0
1766289600000,2971.70,2977.29,2970.60,2973.80,24371.784,1766293199999,72505273.34984,48100,11445.625,34050856.71963,0
1766293200000,2973.80,2977.50,2971.60,2972.18,14319.375,1766296799999,42588982.03755,38815,7043.245,20949852.29838,0
1766296800000,2972.19,2976.98,2971.67,2974.98,12995.450,1766300399999,38657125.58322,30639,7137.846,21233032.18430,0
1766300400000,2974.98,2981.68,2974.25,2979.83,23774.752,1766303999999,70798623.87339,42710,14258.995,42463020.15673,0
1766304000000,2979.83,2998.56,2976.27,2990.79,102871.800,1766307599999,307463461.62720,165278,56714.619,169520794.72470,0
1766307600000,2990.79,3011.99,2983.30,3001.81,185950.575,1766311199999,557853511.22363,234119,116561.123,349805620.40829,0
1766311200000,3001.81,3006.66,2990.87,2995.22,94762.665,1766314799999,284235249.40040,155698,44130.741,132387650.69582,0
1766314800000,2995.22,3000.00,2991.37,2995.16,36364.780,1766318399999,108917998.10615,79173,17867.265,53518472.53702,0
1766318400000,2995.16,3004.00,2981.02,2988.70,91833.134,1766321999999,274745575.12929,163004,40254.949,120442952.32410,0
1766322000000,2988.70,2990.87,2943.00,2948.91,320969.049,1766325599999,950239362.28339,559350,145304.915,430219295.07684,0
1766325600000,2948.91,2976.86,2945.22,2969.05,193378.053,1766329199999,572938687.69591,318204,102462.310,303575373.38767,0
1766329200000,2969.05,2978.70,2960.44,2973.23,78151.982,1766332799999,232056030.95981,162930,40873.059,121380527.16092,0
1766332800000,2973.23,2987.37,2967.86,2984.56,80599.004,1766336399999,239961113.01510,143149,43113.924,128398016.43267,0
1766336400000,2984.57,2987.51,2975.78,2982.44,62486.441,1766339999999,186358867.58563,105951,29260.106,87272807.72774,0
1766340000000,2982.43,2987.00,2965.93,2986.98,70327.196,1766343599999,209322625.09551,131757,30339.034,90329788.33772,0
1766343600000,2986.97,2996.63,2974.00,2989.48,87350.197,1766347199999,260952291.36593,147160,39053.546,116732724.18466,0
1766347200000,2989.48,2992.97,2983.57,2985.19,30549.051,1766350799999,91311024.15223,80439,13239.035,39576758.53047,0
1766350800000,2985.20,2989.53,2969.45,2972.52,36464.797,1766354399999,108618247.15715,86793,15914.103,47413562.53078,0
1766354400000,2972.52,2995.00,2970.07,2994.99,44809.997,1766357999999,133768291.94221,101761,25778.061,76964457.74444,0
1766358000000,2995.00,3011.34,2990.65,3000.62,108928.629,1766361599999,326963916.29065,231834,57073.010,171333464.24749,0
1766361600000,3000.61,3060.39,3000.45,3020.82,449486.906,1766365199999,1362045963.31624,727967,265796.895,805332479.98759,0
1766365200000,3020.83,3047.00,3016.44,3017.15,161506.271,1766368799999,489564152.12205,338442,84173.551,255178485.96684,0
1766368800000,3017.15,3018.44,2966.00,3008.50,283317.716,1766372399999,848987883.73561,508332,128507.605,385174992.26827,0
1766372400000,3008.49,3031.25,3000.20,3020.18,115472.091,1766375999999,348578766.77141,234055,63163.770,190699282.21475,0
1766376000000,3020.18,3041.51,3018.40,3038.84,118957.277,1766379599999,360682760.83981,225215,67725.275,205358606.95642,0
1766379600000,3038.85,3040.00,3023.10,3026.82,80715.055,1766383199999,244673454.76318,159222,37057.130,112323142.66503,0
1766383200000,3026.83,3032.33,3021.00,3023.18,60922.304,1766386799999,184342395.40493,123908,33202.866,100475506.11581,0
1766386800000,3023.17,3034.36,3021.85,3028.38,53026.282,1766390399999,160643089.58417,115418,25952.990,78627306.48118,0
1766390400000,3028.38,3055.00,3023.57,3026.41,212236.376,1766393999999,645326755.06905,364309,111932.384,340420809.94788,0
1766394000000,3026.41,3041.66,3024.37,3040.00,80109.468,1766397599999,243051578.68934,166548,42678.719,129501499.15410,0
1766397600000,3040.00,3044.00,3030.12,3039.10,73082.091,1766401199999,222003053.32218,137726,35823.080,108824433.45134,0
1766401200000,3039.10,3057.00,3035.10,3047.61,132871.590,1766404799999,404758329.00205,192781,69748.607,212495102.76333,0
1766404800000,3047.61,3077.99,3041.76,3056.87,192935.529,1766408399999,589914110.80749,346296,98838.593,302288088.15102,0
1766408400000,3056.86,3063.30,3046.50,3055.53,123960.035,1766411999999,378642212.38966,263433,58093.966,177474394.54477,0
1766412000000,3055.52,3073.00,3027.74,3060.59,343198.542,1766415599999,1047252758.45742,688393,171673.978,523959478.92752,0
1766415600000,3060.58,3071.99,3020.40,3051.22,339031.435,1766419199999,1031225809.69774,733117,165596.913,503865300.34791,0
1766419200000,3051.22,3058.61,3036.64,3042.02,122702.332,1766422799999,374020246.37306,322460,59880.505,182520139.34563,0
1766422800000,3042.02,3043.30,3022.00,3031.36,125056.720,1766426399999,378930895.29410,286424,58508.204,177286162.08194,0
1766426400000,3031.35,3039.60,3004.30,3014.31,126790.649,1766429999999,383127159.24201,232189,57263.831,173102693.28623,0
1766430000000,3014.31,3014.81,2972.60,2979.15,305417.725,1766433599999,913954040.03879,526439,134847.818,403564604.47787,0
1766433600000,2979.16,2986.20,2961.00,2974.63,224173.322,1766437199999,666858659.54794,434908,124911.258,371702589.04819,0
1766437200000,2974.62,2996.70,2974.47,2987.10,103206.199,1766440799999,308369206.12284,185622,54679.336,163386265.75331,0
1766440800000,2987.09,3014.76,2980.71,3010.37,112706.601,1766444399999,337870982.27800,184558,65673.310,196866503.40490,0
1766444400000,3010.37,3011.80,3000.56,3008.49,87123.251,1766447999999,261876479.93557,137254,40619.060,122103336.97146,0
1766448000000,3008.50,3035.00,3003.82,3026.99,144856.526,1766451599999,437593707.31314,222264,83730.527,252914466.13609,0
1766451600000,3027.00,3032.03,3015.00,3016.97,68878.936,1766455199999,208175119.64811,162687,33523.820,101336068.38720,0
1766455200000,3016.96,3024.55,2986.20,2990.02,165626.128,1766458799999,497366660.51149,327246,70295.628,211094860.56207,0
1766458800000,2990.02,2997.60,2970.08,2990.48,144710.733,1766462399999,432193347.02450,297849,74345.502,222090928.70633,0
1766462400000,2990.48,2999.00,2982.00,2982.56,73242.918,1766465999999,218934519.95378,150063,37269.528,111426367.99527,0
1766466000000,2982.57,2984.92,2964.65,2974.16,134945.780,1766469599999,401347799.48603,240047,59055.383,175661034.28042,0
1766469600000,2974.15,2977.40,2945.00,2958.48,249373.405,1766473199999,737275873.20275,400861,116546.105,344514645.68067,0
1766473200000,2958.48,2968.51,2954.20,2963.58,104771.703,1766476799999,310399629.33939,172495,56577.237,167612469.24304,0
1766476800000,2963.57,2972.38,2958.44,2961.00,70285.732,1766480399999,208390906.75662,121590,34811.297,103226737.31955,0
1766480400000,2960.99,2965.79,2951.19,2962.37,84457.601,1766483999999,249902534.15743,141174,41442.366,122643892.41593,0
1766484000000,2962.37,2970.60,2962.36,2965.66,54889.395,1766487599999,162835390.00373,94853,27107.321,80423120.77923,0
1766487600000,2965.67,2974.46,2961.97,2972.06,60679.989,1766491199999,180137526.53857,113553,28797.574,85506048.48928,0
1766491200000,2972.06,2973.00,2952.42,2953.95,91107.060,1766494799999,269744304.33072,170918,41776.934,123688082.82596,0
1766494800000,2953.95,2961.79,2929.00,2940.64,320734.457,1766498399999,943592469.96890,419703,137847.519,405641967.11388,0
1766498400000,2940.64,2952.33,2899.30,2916.17,486926.602,1766501999999,1425087161.37409,812945,229217.177,671251711.64022,0
1766502000000,2916.16,2932.92,2905.32,2927.39,312262.096,1766505599999,911903091.82009,559051,150316.496,439083663.50232,0
1766505600000,2927.39,2965.10,2920.77,2955.09,375173.725,1766509199999,1106188969.00282,574377,198989.410,586721196.11732,0
1766509200000,2955.09,2965.81,2908.00,2909.40,235336.964,1766512799999,691259080.01164,398600,103248.515,303480051.62530,0
1766512800000,2909.40,2952.55,2907.28,2946.05,243883.682,1766516399999,715782867.41060,379145,132671.771,389354128.47423,0
1766516400000,2946.05,2953.55,2929.42,2942.71,106869.950,1766519999999,314312994.11813,207422,59470.285,174940863.38368,0
1766520000000,2942.71,2987.74,2939.19,2968.71,241997.533,1766523599999,718184461.82047,371180,143093.871,424664841.94342,0
1766523600000,2968.72,2974.97,2958.68,2972.92,73057.803,1766527199999,216844517.48225,166100,40261.777,119521153.34139,0
1766527200000,2972.92,2978.88,2948.50,2959.86,95192.126,1766530799999,281983061.38845,177741,51612.625,152925855.80535,0
1766530800000,2959.86,2971.65,2950.12,2963.29,86675.310,1766534399999,256752696.85315,166018,52625.128,155893514.18260,0
1766534400000,2963.29,2972.70,2954.60,2971.55,72744.575,1766537999999,215549047.38017,145179,40397.828,119702457.50769,0
1766538000000,2971.55,2976.48,2959.17,2962.21,54899.669,1766541599999,162949420.07654,129663,27954.516,82981765.87470,0
1766541600000,2962.21,2963.61,2922.00,2933.96,188245.290,1766545199999,553326609.09240,333496,87650.601,257641506.18106,0
1766545200000,2933.96,2946.99,2919.00,2944.47,131108.509,1766548799999,384585990.59513,219333,69188.750,203067829.65118,0
1766548800000,2944.47,2957.94,2933.34,2934.49,101354.558,1766552399999,298588009.36847,157949,47482.998,139910444.60298,0
1766552400000,2934.49,2940.28,2916.11,2928.30,200947.281,1766555999999,588763213.76916,222193,124609.353,365242537.72481,0
1766556000000,2928.30,2938.00,2922.00,2932.32,73692.768,1766559599999,215934289.22319,149472,36983.697,108379445.52443,0
1766559600000,2932.32,2942.99,2930.00,2931.50,79906.206,1766563199999,234688441.63429,127989,38787.617,113934233.54089,0
1766563200000,2931.49,2938.71,2920.09,2921.89,133706.413,1766566799999,391697756.98187,177580,74572.568,218532660.60374,0
1766566800000,2921.90,2930.73,2912.18,2918.01,101943.909,1766570399999,297874132.08664,152832,50536.709,147725476.77951,0
1766570400000,2918.01,2933.50,2917.01,2926.75,94097.921,1766573999999,275432921.69210,130058,52696.171,154243846.54543,0
1766574000000,2926.76,2936.93,2923.74,2923.96,64213.365,1766577599999,188181018.57419,107018,31888.464,93476752.83648,0
1766577600000,2923.96,2937.35,2921.80,2935.01,58908.509,1766581199999,172656871.40618,109597,31314.028,91784502.31043,0
1766581200000,2935.01,2936.19,2923.00,2929.74,57926.515,1766584799999,169673042.97651,122772,27030.686,79174320.17907,0
1766584800000,2929.74,2935.52,2886.75,2913.54,388918.828,1766588399999,1130857034.61390,622154,181219.892,526963581.73224,0
1766588400000,2913.54,2929.96,2901.30,2924.20,209182.277,1766591999999,610189222.37457,417872,104516.835,304936589.63804,0
1766592000000,2924.20,2948.98,2920.04,2939.15,213779.597,1766595599999,627522758.47532,364378,118560.214,348069093.09386,0
1766595600000,2939.16,2954.79,2933.79,2935.85,114952.064,1766599199999,338231096.19908,217930,52307.308,153947709.17006,0
1766599200000,2935.86,2943.75,2928.91,2940.39,61100.732,1766602799999,179400235.35675,135411,28779.657,84513164.08744,0
1766602800000,2940.40,2946.23,2935.42,2944.78,42750.858,1766606399999,125728400.46481,82091,24632.844,72462403.89696,0
1766606400000,2944.78,2951.63,2939.86,2941.95,40639.280,1766609999999,119724958.21327,78445,19220.436,56636575.01910,0
1766610000000,2941.95,2953.44,2941.94,2949.76,38370.803,1766613599999,113104800.61902,74134,19716.399,58113960.33887,0
1766613600000,2949.77,2962.69,2947.93,2958.40,59142.209,1766617199999,174822090.67368,105345,33580.162,99274449.24770,0
1766617200000,2958.41,2959.10,2945.00,2946.23,40119.794,1766620799999,118350640.08759,84039,15849.982,46757484.57078,0
1766620800000,2946.23,2947.96,2934.66,2937.99,59014.823,1766624399999,173599408.95066,95203,25564.235,75210104.51258,0
1766624400000,2938.00,2950.00,2937.99,2947.16,34625.627,1766627999999,101935787.54003,62702,19931.368,58675712.41401,0
1766628000000,2947.17,2955.92,2941.30,2951.07,37754.107,1766631599999,111381995.90890,69316,19199.069,56643973.89616,0
1766631600000,2951.07,2951.88,2942.36,2945.90,30402.181,1766635199999,89584977.74065,52562,13848.487,40807047.68354,0
1766635200000,2945.89,2947.27,2941.00,2943.64,32473.420,1766638799999,95585978.32781,54648,14758.057,43442290.05646,0
1766638800000,2943.64,2943.64,2936.88,2940.99,33580.230,1766642399999,98737532.01161,60670,15517.374,45628003.84711,0
1766642400000,2940.99,2942.61,2936.55,2941.94,26069.156,1766645999999,76621248.28558,46359,13111.437,38537809.97743,0
1766646000000,2941.94,2942.50,2937.72,2940.83,20662.256,1766649599999,60745196.06162,43447,10507.039,30889246.46597,0
1766649600000,2940.83,2946.00,2916.05,2929.35,170316.294,1766653199999,498373282.62600,239468,75951.214,222255060.50290,0
1766653200000,2929.35,2930.46,2924.46,2927.10,30001.373,1766656799999,87823229.32685,59843,14980.355,43853771.09618,0
1766656800000,2927.10,2927.91,2910.14,2919.33,100287.915,1766660399999,292677230.13676,145868,45466.780,132694251.97731,0
1766660400000,2919.34,2927.33,2918.95,2923.51,42343.333,1766663999999,123797776.53012,68464,23342.413,68245565.51057,0
1766664000000,2923.51,2928.83,2922.58,2926.60,33135.899,1766667599999,96933965.81656,60216,17966.311,52560534.98809,0
1766667600000,2926.61,2933.71,2918.52,2929.85,63828.479,1766671199999,186814369.68944,101324,35317.335,103398583.66783,0
1766671200000,2929.85,2938.00,2921.29,2931.72,69372.097,1766674799999,203225401.80284,115142,37512.078,109903807.57617,0
1766674800000,2931.73,2969.99,2930.16,2959.68,287216.874,1766678399999,848517170.44493,412788,159176.930,470151723.55938,0
1766678400000,2959.67,2966.49,2941.52,2947.01,135719.535,1766681999999,401168894.60861,209096,58997.903,174411009.56867,0
1766682000000,2947.01,2953.28,2942.71,2951.48,62819.936,1766685599999,185186331.54157,116202,33494.547,98748824.70276,0
1766685600000,2951.48,2965.00,2949.43,2957.89,68045.234,1766689199999,201206490.87558,111912,37308.537,110337007.27146,0
1766689200000,2957.89,2959.09,2948.02,2955.15,29808.200,1766692799999,88032998.14866,60695,14804.639,43723952.96266,0
1766692800000,2955.15,2955.43,2943.03,2948.86,32384.524,1766696399999,95477294.04321,77613,14120.613,41629711.35486,0
1766696400000,2948.86,2952.60,2943.00,2945.76,17765.650,1766699999999,52379322.42784,47269,8051.177,23739963.61808,0
1766700000000,2945.75,2947.20,2902.35,2920.22,156125.916,1766703599999,456310681.58063,237170,74606.137,217984102.02474,0
1766703600000,2920.22,2925.70,2888.88,2902.32,260142.783,1766707199999,755438652.33151,410967,128840.998,374175240.95171,0
1766707200000,2902.32,2910.45,2892.72,2902.88,145335.345,1766710799999,421647870.14142,246194,73503.059,213269138.20517,0
1766710800000,2902.89,2921.97,2901.21,2916.77,104022.022,1766714399999,303130021.05777,173705,55936.329,163000357.94824,0
1766714400000,2916.77,2994.00,2916.31,2972.34,614868.587,1766717999999,1826520829.89667,902494,317807.521,943996536.77483,0
1766718000000,2972.35,2975.34,2956.33,2963.76,149061.535,1766721599999,441919989.24792,259490,70925.630,210264272.04016,0
1766721600000,2963.76,2973.91,2950.79,2970.28,106488.958,1766725199999,315353441.61571,178355,54675.083,161939680.85020,0
1766725200000,2970.27,2973.77,2966.10,2971.99,58296.357,1766728799999,173105736.95157,97255,26260.898,77986492.30334,0
1766728800000,2972.00,2981.78,2970.82,2975.29,79636.444,1766732399999,236996387.38966,136356,42897.832,127671812.44057,0
1766732400000,2975.30,2992.88,2951.87,2955.43,215516.882,1766735999999,640318626.82648,271567,97716.263,290456673.14922,0
1766736000000,2955.44,2971.23,2953.55,2963.42,118724.723,1766739599999,351571296.42780,177020,70406.210,208494648.91750,0
1766739600000,2963.41,2975.48,2962.00,2971.83,66297.276,1766743199999,196814159.72705,106786,36905.527,109564926.17702,0
1766743200000,2971.83,2973.50,2965.73,2970.61,40025.410,1766746799999,118874176.21965,77925,20237.048,60107671.25424,0
1766746800000,2970.61,2970.61,2960.96,2963.66,35828.937,1766750399999,106250087.12547,66578,14852.876,44044376.86022,0
1766750400000,2963.65,2972.70,2963.08,2971.30,41376.567,1766753999999,122829476.40459,80731,23114.089,68616633.11353,0
1766754000000,2971.30,2984.93,2969.72,2983.01,97939.616,1766757599999,291724960.62290,149406,55995.796,166801230.55544,0
1766757600000,2983.01,2983.92,2908.14,2916.38,542812.932,1766761199999,1595932728.69928,760162,260176.175,764890031.32995,0
1766761200000,2916.39,2928.99,2893.00,2921.50,553163.678,1766764799999,1609405678.71442,859840,284437.366,827719023.36664,0
1766764800000,2921.51,2928.95,2905.50,2908.36,146274.139,1766768399999,426987801.68312,278600,64866.342,189412401.42560,0
1766768400000,2908.36,2934.28,2906.18,2921.03,148983.828,1766771999999,435401242.87187,234324,84198.779,246119612.34855,0
1766772000000,2921.03,2927.44,2918.35,2921.86,45647.059,1766775599999,133424318.51324,114390,22068.744,64506541.66231,0
1766775600000,2921.86,2929.12,2917.00,2924.50,38898.303,1766779199999,113720306.62721,85138,19365.681,56619181.88661,0
1766779200000,2924.50,2938.00,2921.00,2930.15,64289.746,1766782799999,188371010.12577,113502,31493.197,92286176.97520,0
1766782800000,2930.14,2934.21,2923.24,2923.66,35617.458,1766786399999,104327364.98276,66462,12988.559,38048779.97742,0
1766786400000,2923.65,2930.53,2920.23,2930.39,31691.101,1766789999999,92710807.47032,55725,13573.689,39713399.53065,0
1766790000000,2930.39,2933.00,2924.60,2926.82,31147.056,1766793599999,91214960.26601,61731,12503.542,36616278.20006,0
1766793600000,2926.83,2930.20,2921.80,2926.36,25764.433,1766797199999,75395924.93963,55724,12568.350,36779706.83418,0
1766797200000,2926.35,2927.82,2920.00,2926.72,25337.529,1766800799999,74099438.62790,42597,11277.210,32985741.25307,0
1766800800000,2926.72,2928.74,2922.65,2926.94,22548.533,1766804399999,65970715.49363,41629,10561.241,30900619.39112,0
1766804400000,2926.95,2932.24,2924.03,2931.98,31807.473,1766807999999,93151420.41524,52638,17783.740,52078889.03089,0
1766808000000,2931.98,2932.47,2926.74,2928.93,21652.010,1766811599999,63419313.92244,31836,8743.834,25609174.56581,0
1766811600000,2928.94,2930.25,2927.16,2929.58,17987.138,1766815199999,52683294.75148,26230,7886.105,23098260.35739,0
1766815200000,2929.58,2929.74,2926.35,2928.41,21031.899,1766818799999,61575944.13482,34576,10131.938,29664511.10266,0
1766818800000,2928.41,2936.66,2928.41,2931.47,36723.866,1766822399999,107714011.52789,48182,18337.581,53783746.47912,0
1766822400000,2931.46,2935.83,2931.46,2932.67,25590.359,1766825999999,75074990.02753,43910,12967.109,38041756.07682,0
1766826000000,2932.66,2939.82,2930.29,2933.89,44879.655,1766829599999,131690752.57558,59837,21589.856,63355157.11911,0
1766829600000,2933.89,2934.26,2914.63,2925.50,124335.657,1766833199999,363603297.63648,126595,60114.969,175794304.21231,0
1766833200000,2925.51,2932.42,2921.83,2929.58,43818.978,1766836799999,128271995.26197,62162,25236.448,73881916.47252,0
1766836800000,2929.59,2932.72,2927.71,2930.63,24356.753,1766840399999,71378009.91585,38391,11546.058,33836957.62117,0
1766840400000,2930.62,2931.64,2924.00,2928.39,33438.266,1766843999999,97906943.01777,52805,12668.254,37095195.96266,0
1766844000000,2928.39,2930.00,2924.35,2928.34,26910.444,1766847599999,78780572.99377,52298,13951.664,40846182.54120,0
1766847600000,2928.33,2929.57,2925.01,2925.53,19600.487,1766851199999,57374070.94136,37875,9911.923,29015417.33302,0
1766851200000,2925.54,2927.43,2915.74,2919.37,53402.500,1766854799999,156006928.29768,80313,23075.551,67418083.29131,0
1766854800000,2919.38,2927.88,2918.67,2927.06,28802.058,1766858399999,84193361.29184,50027,16135.307,47168046.85988,0
1766858400000,2927.06,2927.22,2923.82,2925.00,15013.492,1766861999999,43922941.34521,29613,6281.245,18376260.11965,0
1766862000000,2924.99,2929.70,2924.59,2929.60,15391.157,1766865599999,45053603.32809,25906,8545.153,25014475.36313,0
1766865600000,2929.60,2933.91,2927.82,2927.91,24013.552,1766869199999,70366337.45625,37081,11245.409,32955606.45298,0
1766869200000,2927.91,2933.68,2927.06,2933.66,17024.527,1766872799999,49893118.60607,29459,9065.659,26568452.89323,0
1766872800000,2933.66,2952.97,2928.47,2932.00,115114.336,1766876399999,338577082.52773,156505,61274.256,180241413.36280,0
1766876400000,2932.00,2959.84,2931.45,2947.61,84967.593,1766879999999,250403800.57909,136215,46408.761,136735383.70212,0
1766880000000,2947.61,2950.63,2941.86,2944.43,49496.544,1766883599999,145838182.53197,86146,23437.560,69055624.21080,0
1766883600000,2944.43,2949.16,2939.50,2942.90,31826.028,1766887199999,93687010.05724,63230,16299.981,47986158.31309,0
1766887200000,2942.91,2949.00,2941.60,2945.89,20564.993,1766890799999,60571645.79657,44386,10431.935,30727771.03881,0
1766890800000,2945.90,2947.16,2940.09,2942.34,21956.943,1766894399999,64625999.29641,42748,9466.244,27862320.36332,0
1766894400000,2942.34,2946.29,2937.14,2937.73,39000.796,1766897999999,114702686.18220,60269,17518.739,51530583.57188,0
1766898000000,2937.74,2939.80,2927.76,2933.77,67125.895,1766901599999,196976320.09968,99624,29943.683,87883034.75003,0
1766901600000,2933.77,2942.99,2933.50,2941.63,33757.713,1766905199999,99205038.28303,55606,21021.959,61769246.84611,0
1766905200000,2941.63,2941.82,2935.24,2937.96,25711.900,1766908799999,75552532.49316,53380,11398.010,33490321.75983,0
1766908800000,2937.96,2946.46,2936.84,2938.63,34119.893,1766912399999,100336271.19744,62377,18718.644,55051684.95165,0
1766912400000,2938.62,2943.00,2930.01,2936.47,56154.587,1766915999999,164822380.63836,84660,24887.704,73061285.70766,0
1766916000000,2936.47,2943.24,2935.39,2942.00,40265.571,1766919599999,118404572.19688,64691,21674.679,63737809.84432,0
1766919600000,2941.99,2945.83,2938.54,2942.99,41426.969,1766923199999,121917814.72030,63329,21872.007,64369933.23366,0
1766923200000,2942.99,2944.31,2936.20,2937.91,31373.237,1766926799999,92241447.10714,57982,15290.864,44959239.31361,0
1766926800000,2937.91,2943.91,2937.18,2939.23,24670.513,1766930399999,72537758.67763,49098,13300.611,39106637.08988,0
1766930400000,2939.23,2954.74,2938.78,2944.01,85747.026,1766933999999,252701154.52493,118583,45911.958,135317604.05865,0
1766934000000,2944.01,2959.99,2944.00,2948.00,85571.598,1766937599999,252625090.21674,120641,41771.968,123329029.92375,0
1766937600000,2948.00,2953.50,2938.51,2941.98,51944.743,1766941199999,152948289.72364,82927,26334.607,77542435.54401,0
1766941200000,2941.99,2950.00,2941.55,2944.60,25036.659,1766944799999,73770999.82744,48981,14614.836,43061889.17267,0
1766944800000,2944.60,2945.33,2922.84,2930.36,125150.612,1766948399999,367106337.92293,167526,52134.448,152927441.62272,0
1766948400000,2930.36,2939.14,2925.00,2932.18,57792.834,1766951999999,169496523.32982,102678,29251.950,85798358.24811,0
1766952000000,2932.18,2936.79,2928.91,2931.20,39232.367,1766955599999,115072253.00322,65132,15621.092,45821723.09271,0
1766955600000,2931.19,2938.26,2927.10,2936.99,47725.313,1766959199999,139926457.70759,74677,20749.591,60854104.98962,0
1766959200000,2936.99,2954.50,2933.64,2949.26,58239.725,1766962799999,171498711.54744,96205,30460.471,89699168.32225,0
1766962800000,2949.25,2953.32,2939.10,2949.60,62448.198,1766966399999,183978330.89374,117517,30933.214,91135582.40212,0
1766966400000,2949.60,2976.82,2943.10,2965.47,186727.532,1766969999999,553530457.28208,321491,102066.165,302563923.47606,0
1766970000000,2965.46,2985.70,2951.51,2979.81,215742.913,1766973599999,641208959.75744,316386,113368.601,336940509.80276,0
1766973600000,2979.81,3018.19,2979.81,3002.68,372847.712,1766977199999,1119588542.59310,518749,199322.501,598475085.13816,0
1766977200000,3002.68,3047.89,3001.69,3042.30,307775.238,1766980799999,932011698.33922,466101,170855.504,517299894.89603,0
1766980800000,3042.30,3056.00,3038.02,3038.34,225373.938,1766984399999,686353236.48158,325650,111494.973,339614849.81891,0
1766984400000,3038.35,3044.72,3031.02,3036.01,138588.777,1766987999999,421003639.18768,186215,68623.354,208486590.26747,0
1766988000000,3036.01,3043.00,3030.71,3035.02,105554.685,1766991599999,320478592.13279,135503,53256.170,161690670.22170,0
1766991600000,3035.01,3037.50,3001.00,3018.46,218460.521,1766995199999,659459751.01054,281852,93997.136,283791636.22538,0
1766995200000,3018.47,3025.00,3010.08,3013.27,118523.530,1766998799999,357705532.22452,155558,58408.721,176291569.73561,0
1766998800000,3013.27,3015.07,2955.36,2975.35,523466.847,1767002399999,1559350784.81933,651117,241927.614,720533402.35397,0
1767002400000,2975.34,2983.83,2960.61,2965.11,188902.116,1767005999999,561414364.76147,262734,103164.894,306664380.75121,0
1767006000000,2965.11,2966.36,2956.86,2958.52,119845.544,1767009599999,354947009.48844,175950,64826.898,192012517.24154,0
1767009600000,2958.52,2958.73,2908.58,2929.56,587230.557,1767013199999,1719912036.13637,769584,296909.387,869509488.58207,0
1767013200000,2929.56,2936.80,2918.21,2926.13,129658.097,1767016799999,379772222.86543,205904,66115.189,193685517.63226,0
1767016800000,2926.13,2964.92,2915.25,2927.24,479080.340,1767020399999,1409430289.15785,703238,231737.417,681752039.35272,0
1767020400000,2927.23,2949.39,2918.01,2934.02,268597.720,1767023999999,788017210.85745,435648,142429.095,417811144.21347,0
1767024000000,2934.02,2941.65,2923.53,2935.09,134247.172,1767027599999,393868525.80057,246081,65773.042,193003270.48843,0
1767027600000,2935.10,2942.70,2925.07,2942.28,100713.219,1767031199999,295603126.85424,171782,53501.794,157065231.88947,0
1767031200000,2942.28,2944.79,2911.10,2918.25,164557.708,1767034799999,481620992.25389,202733,65787.643,192619204.52976,0
1767034800000,2918.25,2940.62,2916.64,2930.88,173398.344,1767038399999,508106687.77375,181798,93068.550,272694907.47735,0
1767038400000,2930.88,2941.95,2924.50,2928.38,83480.608,1767041999999,244802375.16932,160086,44733.143,131178567.96771,0
1767042000000,2928.38,2937.59,2927.56,2935.87,34852.417,1767045599999,102212797.90210,74163,18785.285,55092022.03158,0
1767045600000,2935.87,2943.17,2929.39,2936.88,38404.772,1767049199999,112794155.90077,69822,19105.827,56117169.10295,0
1767049200000,2936.89,2943.20,2931.01,2936.45,59430.379,1767052799999,174563634.59564,84757,24704.554,72543502.59456,0
1767052800000,2936.45,2940.78,2930.05,2936.75,48360.871,1767056399999,141974214.40010,93993,25835.433,75850693.53391,0
1767056400000,2936.74,2938.00,2923.26,2935.32,56813.681,1767059999999,166557940.67199,110933,28383.517,83220901.89993,0
1767060000000,2935.32,2938.65,2922.00,2926.91,71813.636,1767063599999,210375905.76521,142425,32921.329,96446670.53560,0
1767063600000,2926.91,2955.01,2917.48,2950.60,175519.306,1767067199999,515873777.66454,235349,96580.366,283982055.69700,0
1767067200000,2950.61,2957.50,2944.57,2944.57,97080.288,1767070799999,286473558.86455,140768,40498.886,119545584.07224,0
1767070800000,2944.57,2946.84,2935.88,2940.40,63986.177,1767074399999,188163085.94551,106326,31434.780,92437193.75205,0
1767074400000,2940.40,2951.00,2939.03,2944.63,49276.099,1767077999999,145162771.83036,101087,24229.754,71377438.49197,0
1767078000000,2944.63,2955.00,2944.03,2949.43,53780.340,1767081599999,158583795.52612,105668,29729.793,87671566.61560,0
1767081600000,2949.43,3003.00,2948.81,2976.70,478492.108,1767085199999,1427071655.61747,595875,233356.794,695761300.58412,0
1767085200000,2976.70,2987.15,2970.03,2984.55,107754.758,1767088799999,320939602.54929,171362,55225.780,164523871.25049,0
1767088800000,2984.55,2987.48,2972.45,2976.18,84051.630,1767092399999,250481948.33538,137580,36988.751,110244820.80016,0
1767092400000,2976.18,2983.65,2972.83,2977.85,74743.954,1767095999999,222496789.11534,116901,39849.087,118632720.14718,0
1767096000000,2977.85,2985.00,2975.51,2979.82,59538.630,1767099599999,177456211.97179,99562,31467.645,93794225.26169,0
1767099600000,2979.82,2991.93,2977.88,2985.46,129469.537,1767103199999,386527466.69116,169794,61320.712,183094505.98373,0
1767103200000,2985.46,3008.67,2956.79,2995.20,493305.324,1767106799999,1469662882.22868,719642,250663.847,746971132.92078,0
1767106800000,2995.21,3001.42,2968.65,2988.48,290162.019,1767110399999,865312624.66544,530035,146843.364,437843886.41020,0
1767110400000,2988.49,2993.60,2973.72,2981.73,171509.237,1767113999999,511702448.20564,311108,88163.315,263053857.86604,0
1767114000000,2981.73,2985.88,2963.83,2975.67,114881.290,1767117599999,341928391.20256,205491,53290.106,158622724.16994,0
1767117600000,2975.66,2977.99,2958.00,2970.51,105600.527,1767121199999,313491642.25314,167080,46399.556,137761495.87018,0
1767121200000,2970.50,2974.00,2941.27,2970.32,240371.387,1767124799999,711005163.66063,293558,114946.208,340071450.07645,0
1767124800000,2970.32,2972.60,2955.11,2957.51,67892.474,1767128399999,201223167.15750,119048,32982.757,97749541.04740,0
1767128400000,2957.52,2968.00,2953.00,2967.44,50455.734,1767131999999,149423032.29637,85177,27335.772,80954175.17957,0
1767132000000,2967.44,2970.81,2964.00,2968.52,33585.649,1767135599999,99667780.86574,58452,17973.164,53336513.10568,0
1767135600000,2968.53,2974.80,2966.45,2972.22,42033.419,1767139199999,124873174.34248,80058,23360.943,69402948.91154,0
1767139200000,2972.23,2972.23,2961.16,2965.16,48948.268,1767142799999,145186313.94723,94128,23849.745,70738361.33797,0
1767142800000,2965.16,2983.97,2960.90,2978.40,94403.660,1767146399999,281020468.69406,155013,46958.551,139776251.64151,0
1767146400000,2978.40,2982.47,2972.71,2980.03,55472.927,1767149999999,165193267.40418,97733,29335.126,87361245.58384,0
1767150000000,2980.04,2982.54,2964.52,2969.18,89516.456,1767153599999,266126072.83053,120602,42742.366,127075057.71966,0
1767153600000,2969.19,2973.75,2967.13,2967.69,39487.998,1767157199999,117299693.20616,67656,19740.463,58644423.74408,0
1767157200000,2967.70,2978.40,2967.70,2973.67,47314.998,1767160799999,140754563.52472,73330,29691.778,88328427.87999,0
1767160800000,2973.67,2977.35,2972.96,2974.02,23569.426,1767164399999,70128823.86871,42652,9798.501,29156611.08499,0
1767164400000,2974.03,2976.00,2968.06,2975.52,34999.687,1767167999999,104072081.59915,57732,16365.067,48668177.70889,0
1767168000000,2975.52,2978.58,2962.21,2968.05,80555.366,1767171599999,239259835.76505,104598,38493.991,114349746.78681,0
1767171600000,2968.04,2976.90,2967.78,2975.58,39732.267,1767175199999,118127290.37103,65171,22408.277,66623994.30650,0
1767175200000,2975.58,2981.13,2974.00,2979.71,54290.238,1767178799999,161662731.15279,75117,29029.702,86457076.61277,0
1767178800000,2979.71,3002.01,2978.42,3000.48,202178.910,1767182399999,604779014.24456,222112,104613.973,312918099.00213,0
1767182400000,3000.48,3000.86,2982.70,2986.03,146633.680,1767185999999,438840200.50616,181217,59129.040,176948450.14331,0
1767186000000,2986.03,2998.88,2985.22,2995.59,89917.062,1767189599999,269022862.42390,125536,45361.449,135717312.78390,0
1767189600000,2995.59,3027.73,2979.91,2992.50,410579.870,1767193199999,1233395512.21640,557094,216159.643,649482266.55220,0
1767193200000,2992.49,2993.00,2966.00,2984.30,286026.309,1767196799999,851593791.65990,417311,145985.630,434657864.82990,0
1767196800000,2984.30,2996.43,2957.59,2974.82,257511.000,1767200399999,766054144.01009,370724,137642.242,409497593.75677,0
1767200400000,2974.81,2979.46,2966.84,2974.56,81982.096,1767203999999,243769161.02839,163280,42121.143,125261132.78467,0
1767204000000,2974.56,2984.82,2970.33,2973.15,70906.244,1767207599999,211209923.64701,129791,38418.762,114440786.88676,0
1767207600000,2973.15,2980.65,2969.29,2970.21,41163.949,1767211199999,122433633.38540,95557,22287.173,66294133.94947,0
1767211200000,2970.21,2979.09,2962.20,2974.62,114109.506,1767214799999,338851100.23076,183157,54428.298,161682656.57361,0
1767214800000,2974.62,2984.05,2973.52,2981.04,48500.525,1767218399999,144489501.97999,84646,25461.536,75851899.94533,0
1767218400000,2981.04,2983.37,2973.31,2976.07,26571.778,1767221999999,79140411.26513,44822,11695.917,34837946.98644,0
1767222000000,2976.06,2976.06,2969.01,2970.40,27142.577,1767225599999,80682590.19372,54501,13532.314,40225590.60410,0
