timestamp,open,high,low,close,volume,close_time,quote_volume,trades,taker_buy_base,taker_buy_quote,ignore
1719792000000,3436.72,3444.54,3430.93,3442.07,52328.415,1719795599999,179893282.55808,71053,26473.353,91018396.13383,0
1719795600000,3442.07,3519.66,3438.76,3517.57,276932.395,1719799199999,966510945.84502,293247,155208.197,541600608.55383,0
1719799200000,3517.58,3524.16,3488.68,3501.57,140445.101,1719802799999,492301751.74412,154654,61752.867,216490603.00219,0
1719802800000,3501.58,3507.39,3493.42,3497.27,53887.157,1719806399999,188629940.50003,77758,25623.561,89707493.68779,0
1719806400000,3497.27,3498.46,3483.27,3485.28,53155.715,1719809999999,185515880.51562,69717,24576.073,85780100.07705,0
1719810000000,3485.28,3493.19,3483.56,3489.91,50674.986,1719813599999,176754961.29201,65578,29747.242,103761526.88612,0
1719813600000,3489.91,3492.40,3483.01,3487.27,32728.134,1719817199999,114125282.98044,44103,16843.649,58736252.53989,0
1719817200000,3487.28,3493.18,3484.70,3489.25,30731.629,1719820799999,107220663.64737,47041,15200.654,53035723.50768,0
1719820800000,3489.25,3494.18,3472.42,3482.95,86029.014,1719824399999,299538963.26338,106792,42115.279,146629581.51967,0
1719824400000,3482.95,3488.37,3475.16,3480.90,43327.243,1719827999999,150816490.45047,61837,20845.242,72563012.50626,0
1719828000000,3480.91,3482.86,3465.00,3468.39,50174.001,1719831599999,174225760.03816,69165,22957.912,79735469.30572,0
1719831600000,3468.40,3470.00,3456.71,3459.06,57221.199,1719835199999,198108696.32534,86997,28333.394,98096585.95066,0
1719835200000,3459.07,3476.36,3457.94,3471.38,65267.652,1719838799999,226394204.03431,89570,35766.250,124056469.42949,0
1719838800000,3471.37,3481.00,3451.34,3459.81,108401.659,1719842399999,375743655.46512,152623,54701.997,189660260.47325,0
1719842400000,3459.84,3471.84,3452.27,3468.12,84177.143,1719845999999,291353407.61520,135479,45535.320,157624524.85818,0
1719846000000,3468.11,3477.96,3463.04,3473.86,58992.807,1719849599999,204786473.46396,94220,31430.492,109121352.46519,0
1719849600000,3473.87,3476.06,3462.48,3466.47,51717.475,1719853199999,179405746.94909,84379,22516.183,78114078.50958,0
1719853200000,3466.47,3492.52,3460.79,3490.23,68927.501,1719856799999,239796512.75803,95498,39557.867,137631434.89577,0
1719856800000,3490.24,3498.91,3470.41,3481.05,89331.040,1719860399999,311230697.82836,114592,44600.628,155385784.01682,0
1719860400000,3481.02,3485.73,3466.65,3470.09,47366.712,1719863999999,164621744.53058,71980,20221.166,70281723.84448,0
1719864000000,3470.09,3475.00,3463.84,3465.11,26143.957,1719867599999,90708131.36996,37992,10617.185,36841510.08776,0
1719867600000,3465.11,3467.36,3452.30,3458.36,33642.865,1719871199999,116367096.98602,49076,15090.613,52199796.22686,0
1719871200000,3458.37,3460.45,3420.00,3442.23,125846.094,1719874799999,432649215.16701,140130,55714.388,191523254.73029,0
1719874800000,3442.22,3446.00,3435.24,3440.46,37446.426,1719878399999,128833109.06760,55064,17576.925,60475574.59015,0
1719878400000,3440.47,3445.85,3432.66,3442.55,40116.517,1719881999999,138026604.88389,65754,22742.777,78252703.90694,0
1719882000000,3442.55,3448.99,3440.41,3447.40,31207.463,1719885599999,107537134.88031,49861,16990.074,58541553.63877,0
1719885600000,3447.40,3455.40,3445.25,3450.00,27868.939,1719889199999,96138050.53341,56368,15088.325,52049770.12351,0
1719889200000,3450.00,3463.84,3449.24,3455.68,33139.522,1719892799999,114529370.77947,55592,17357.724,59991191.03670,0
1719892800000,3455.68,3463.65,3452.29,3453.19,41927.080,1719896399999,145003070.06157,52546,20101.944,69531177.47929,0
1719896400000,3453.18,3460.35,3453.16,3458.15,21360.293,1719899999999,73845828.66417,31091,11634.435,40221966.59353,0
1719900000000,3458.14,3458.64,3446.10,3448.28,45079.563,1719903599999,155582438.09146,56544,20579.359,71028296.35550,0
1719903600000,3448.28,3448.28,3433.08,3438.35,66079.071,1719907199999,227332165.68014,85421,31589.100,108681795.93874,0
1719907200000,3438.35,3446.48,3431.68,3441.00,73858.836,1719910799999,254097320.78847,80426,41473.894,142687609.03406,0
1719910800000,3441.00,3451.98,3440.00,3445.63,31628.106,1719914399999,109009561.28320,49895,16730.735,57666340.06245,0
1719914400000,3445.63,3453.50,3441.00,3451.28,35598.826,1719917999999,122758361.64207,49883,18565.795,64026102.48223,0
1719918000000,3451.28,3454.32,3446.38,3452.13,26902.227,1719921599999,92842277.01878,39754,12372.025,42701534.24839,0
1719921600000,3452.13,3459.14,3446.12,3450.31,41612.233,1719925199999,143657666.93714,64549,19072.301,65842467.17108,0
1719925200000,3450.32,3463.07,3430.00,3437.35,95425.949,1719928799999,328952297.06961,137161,45152.551,155690654.92972,0
1719928800000,3437.36,3441.66,3399.22,3408.97,285739.226,1719932399999,975934533.13736,302959,122642.415,418901230.26700,0
1719932400000,3408.97,3419.12,3405.65,3414.68,58731.330,1719935999999,200463020.82537,95827,30240.076,103238609.40041,0
1719936000000,3414.68,3416.97,3407.40,3414.44,36718.199,1719939599999,125295182.59698,60100,16601.116,56655917.08779,0
1719939600000,3414.44,3423.92,3412.30,3423.90,31493.400,1719943199999,107636427.74285,46773,19553.412,66834058.89039,0
1719943200000,3423.89,3433.32,3423.04,3429.32,53281.379,1719946799999,182729135.48461,56724,31036.712,106432318.13524,0
1719946800000,3429.31,3431.63,3410.58,3414.95,50468.008,1719950399999,172644471.94068,67601,22526.741,77077762.60300,0
1719950400000,3414.94,3422.41,3412.39,3419.80,24017.261,1719953999999,82090255.03763,41356,15319.918,52366255.85658,0
1719954000000,3419.80,3428.00,3416.36,3420.20,18523.617,1719957599999,63398999.33457,38761,10313.979,35306679.72732,0
1719957600000,3420.20,3425.38,3417.02,3423.21,21666.997,1719961199999,74136534.86751,33895,9628.539,32946660.10216,0
1719961200000,3423.21,3427.36,3420.00,3420.43,21949.272,1719964799999,75146927.86638,34701,10901.066,37321828.26906,0
1719964800000,3420.43,3431.36,3419.42,3423.19,34469.955,1719968399999,118080009.36931,53404,14705.461,50374671.29080,0
1719968400000,3423.18,3424.98,3375.56,3392.89,152471.823,1719971999999,518393038.96426,183244,65288.751,222012063.56390,0
1719972000000,3392.89,3393.88,3370.06,3380.76,111164.458,1719975599999,376050570.35975,144887,50768.411,171766507.28635,0
1719975600000,3380.80,3381.86,3328.01,3359.36,243028.999,1719979199999,815380183.91735,234830,107859.697,361803704.73955,0
1719979200000,3359.36,3361.71,3351.38,3360.01,57277.868,1719982799999,192249281.29839,75274,28501.934,95673238.98047,0
1719982800000,3360.00,3367.80,3357.58,3367.55,40145.908,1719986399999,134975387.46034,51875,21058.733,70802853.17736,0
1719986400000,3367.56,3372.09,3365.10,3370.00,42414.114,1719989999999,142873439.89014,49570,21876.763,73696934.69192,0
1719990000000,3370.00,3370.00,3351.05,3351.11,59129.448,1719993599999,198563191.79136,71229,24052.281,80746993.33377,0
1719993600000,3351.10,3356.09,3333.00,3338.31,103876.499,1719997199999,347554286.14820,123527,48132.946,161056452.12487,0
1719997200000,3338.31,3351.31,3334.44,3340.78,57592.872,1720000799999,192612177.30311,90234,29613.605,99041944.42885,0
1720000800000,3340.79,3341.51,3281.00,3312.69,331239.439,1720004399999,1095863397.15361,336808,145491.994,481298575.64038,0
1720004400000,3312.69,3312.70,3290.16,3306.07,99630.070,1720007999999,329090683.73056,132807,52810.297,174477857.48868,0
1720008000000,3306.07,3306.65,3272.92,3288.99,160669.209,1720011599999,528296169.77794,183768,76398.207,251238002.85283,0
1720011600000,3288.99,3319.28,3280.57,3316.60,143826.215,1720015199999,475056045.87963,181291,73856.726,243943564.80564,0
1720015200000,3316.59,3325.54,3304.72,3305.77,110083.286,1720018799999,364913917.90621,123021,50914.083,168788700.34939,0
1720018800000,3305.76,3317.10,3292.54,3302.59,105354.012,1720022399999,348226484.50281,121380,50003.114,165265938.21111,0
1720022400000,3302.59,3321.31,3295.74,3314.03,67244.498,1720025999999,222627972.82975,100401,35496.432,117521412.02236,0
1720026000000,3314.04,3316.28,3291.31,3302.38,50411.566,1720029599999,166548522.45756,73280,25905.178,85567006.47477,0
1720029600000,3302.38,3308.53,3292.40,3306.71,41425.181,1720033199999,136801983.21981,69245,21721.369,71733655.16521,0
1720033200000,3306.71,3309.78,3251.01,3265.24,269271.251,1720036799999,883165808.13815,254638,117985.108,387188586.32728,0
1720036800000,3265.24,3282.97,3250.10,3258.04,94769.085,1720040399999,309760223.98832,117337,43030.334,140693412.96261,0
1720040400000,3258.05,3305.48,3251.25,3297.37,82522.992,1720043999999,270458774.53234,111735,47647.215,156147374.88422,0
1720044000000,3297.37,3303.68,3292.39,3300.88,37266.773,1720047599999,122930975.54121,56162,16652.881,54936945.19543,0
1720047600000,3300.88,3303.49,3293.47,3294.75,25067.214,1720051199999,82671232.20060,39757,9062.647,29888875.64048,0
1720051200000,3294.75,3312.59,3294.75,3306.26,56868.187,1720054799999,188006935.50170,75202,31710.587,104825612.77712,0
1720054800000,3306.25,3306.99,3200.19,3209.32,433230.819,1720058399999,1406459082.56751,457875,198217.999,643767256.21958,0
1720058400000,3209.31,3232.36,3152.54,3227.43,335951.899,1720061999999,1074724747.77412,337106,164144.159,525377147.27252,0
1720062000000,3227.43,3243.00,3223.17,3241.92,99407.558,1720065599999,321341180.86666,101870,44947.446,145330469.16995,0
1720065600000,3241.91,3245.25,3225.61,3235.33,70829.340,1720069199999,229198414.52266,86506,29712.778,96155500.96668,0
1720069200000,3235.34,3236.27,3221.41,3223.54,38327.449,1720072799999,123706670.90670,57184,17098.534,55183958.07809,0
1720072800000,3223.54,3225.56,3190.73,3203.46,138446.857,1720076399999,444391640.34055,159606,64786.046,207981891.22304,0
1720076400000,3203.46,3207.68,3168.46,3181.17,160627.051,1720079999999,511945185.88437,183841,74444.237,237325257.25096,0
1720080000000,3181.17,3195.38,3137.10,3167.76,241793.106,1720083599999,766431942.67406,272254,111450.201,353411549.06152,0
1720083600000,3167.74,3172.96,3123.00,3162.18,289148.626,1720087199999,910960396.56222,339474,141159.813,444882372.18500,0
1720087200000,3162.17,3169.65,3131.20,3169.40,166967.382,1720090799999,525808787.18621,192175,87589.478,275896400.01438,0
1720090800000,3169.41,3178.87,3153.15,3158.90,96353.285,1720094399999,304961967.15960,120303,45567.961,144238590.69427,0
1720094400000,3158.91,3159.90,3124.44,3131.81,157015.473,1720097999999,493487796.96161,192310,73668.794,231530279.52236,0
1720098000000,3131.80,3146.98,3088.05,3125.30,418884.982,1720101599999,1304391879.75626,459912,202283.473,630094300.28147,0
1720101600000,3125.29,3129.83,3090.00,3121.91,195625.616,1720105199999,608705224.95774,235919,99088.104,308369477.33886,0
1720105200000,3121.91,3147.88,3106.85,3137.87,157728.870,1720108799999,493219073.36812,187318,80007.447,250221637.87461,0
1720108800000,3137.86,3144.48,3111.35,3139.72,125514.704,1720112399999,392494811.05998,163784,62378.574,195070693.59557,0
1720112400000,3139.73,3145.34,3132.89,3142.24,49906.512,1720115999999,156614786.05376,90419,22710.976,71280294.08314,0
1720116000000,3142.23,3145.59,3125.05,3129.92,56516.553,1720119599999,177109757.21975,100210,25457.984,79780302.42288,0
1720119600000,3129.92,3151.40,3127.14,3132.59,66711.048,1720123199999,209551062.45671,114816,34070.235,107014859.66618,0
1720123200000,3132.59,3143.64,3126.91,3143.49,44044.006,1720126799999,138005796.00886,75691,22484.905,70470651.65224,0
1720126800000,3143.49,3168.00,3138.61,3161.99,59452.748,1720130399999,187613075.93853,84988,34560.292,109078762.27527,0
1720130400000,3162.00,3168.98,3124.63,3127.33,82400.177,1720133999999,259158596.31023,105974,37447.691,117803543.51311,0
1720134000000,3127.32,3128.47,3049.39,3059.31,320292.674,1720137599999,987888888.59683,342262,140463.941,433246454.60557,0
1720137600000,3059.30,3108.28,3040.00,3104.40,409440.580,1720141199999,1257103578.24062,479044,209046.453,642134830.61695,0
1720141200000,3104.39,3107.64,3060.82,3094.35,153642.406,1720144799999,474293385.19468,238367,74278.090,229283856.52676,0
1720144800000,3094.35,3094.36,2881.80,2926.66,634062.721,1720148399999,1906860108.76803,549964,243681.240,735110304.94879,0
1720148400000,2926.66,2954.66,2862.00,2919.91,722860.559,1720151999999,2111211377.37166,752487,341368.098,997465455.26540,0
1720152000000,2919.91,2927.94,2800.00,2865.23,719077.086,1720155599999,2068051686.03496,613628,319178.359,918545187.73405,0
1720155600000,2865.23,2904.33,2852.40,2900.23,244720.178,1720159199999,705466341.34899,290469,129120.162,372235313.72002,0
1720159200000,2900.22,2901.00,2842.34,2860.80,251592.403,1720162799999,720942264.63683,287490,126217.598,361728760.20308,0
1720162800000,2860.79,2883.43,2846.20,2880.99,163956.679,1720166399999,469601516.32227,212133,81932.246,234712101.40968,0
1720166400000,2880.98,2884.74,2848.01,2851.01,130481.323,1720169999999,374172108.57391,194542,63275.107,181495746.77993,0
1720170000000,2851.00,2888.68,2821.84,2882.43,263329.641,1720173599999,751564894.87099,309959,133257.081,380487176.74847,0
1720173600000,2882.43,2929.00,2872.58,2914.40,293608.681,1720177199999,855187950.03963,309046,150419.924,438123902.22377,0
1720177200000,2914.40,2955.00,2912.35,2946.04,187928.336,1720180799999,552282747.30316,244348,96916.507,284789145.27286,0
1720180800000,2946.04,2998.76,2921.01,2934.73,368566.640,1720184399999,1086771667.72466,374604,180159.774,531575680.77038,0
1720184400000,2934.72,2977.74,2922.00,2969.80,194735.365,1720187999999,575857435.71394,274469,94354.426,278971282.66464,0
1720188000000,2969.81,2973.90,2935.30,2954.60,150486.206,1720191599999,443991595.89652,202742,71865.670,212034789.01166,0
1720191600000,2954.59,3007.86,2947.62,2989.98,232371.734,1720195199999,693993832.59242,305182,116403.025,347668723.86163,0
1720195200000,2989.97,3000.50,2960.33,2966.29,152316.306,1720198799999,453801793.83035,215469,72062.064,214736370.47597,0
1720198800000,2966.30,2995.82,2959.83,2989.67,106178.002,1720202399999,316492622.36826,153783,52282.471,155827249.58280,0
1720202400000,2989.68,2995.00,2956.52,2991.86,111576.832,1720205999999,332385719.18596,161701,56388.225,168008498.62130,0
1720206000000,2991.86,2995.77,2978.63,2986.52,73390.124,1720209599999,219172599.38754,114210,34906.036,104235160.21345,0
1720209600000,2986.51,2987.05,2962.22,2972.91,53927.549,1720213199999,160290066.54624,82105,27229.069,80924115.44369,0
1720213200000,2972.91,2987.66,2968.25,2976.68,37461.550,1720216799999,111564537.90263,75824,19590.825,58345852.56273,0
1720216800000,2976.68,2988.00,2965.04,2976.12,54600.033,1720220399999,162623801.31949,95139,28690.957,85456111.94418,0
1720220400000,2976.11,2992.52,2974.46,2980.43,42759.260,1720223999999,127653213.55977,83089,23101.776,68974288.91359,0
1720224000000,2980.37,3026.40,2969.23,2985.90,166147.540,1720227599999,498111795.47135,214876,85018.048,254946893.06757,0
1720227600000,2985.90,2987.65,2960.00,2961.48,83380.389,1720231199999,247772215.14837,139905,38555.531,114576758.21377,0
1720231200000,2961.49,2985.99,2953.45,2979.29,79815.814,1720234799999,236832121.02618,130707,44655.913,132517408.90384,0
1720234800000,2979.30,2983.00,2968.84,2978.95,40337.804,1720238399999,120065613.52781,77923,16986.682,50570600.27958,0
1720238400000,2978.94,2981.36,2960.67,2961.30,39555.411,1720241999999,117442564.12858,73433,19481.497,57843318.07560,0
1720242000000,2961.31,2977.22,2960.78,2970.51,40284.133,1720245599999,119634255.66961,66343,21703.472,64443701.89119,0
1720245600000,2970.51,2997.85,2968.98,2990.25,76076.468,1720249199999,227206533.22640,96317,40035.653,119537393.68273,0
1720249200000,2990.24,3014.82,2988.27,3002.82,95549.709,1720252799999,287272531.88049,117493,48200.521,144901996.95395,0
1720252800000,3002.81,3013.67,2996.37,3000.70,68790.601,1720256399999,206613317.21315,82456,36768.075,110461803.43685,0
1720256400000,3000.69,3005.34,2983.73,3003.10,76808.575,1720259999999,229892820.01640,90590,41967.659,125618405.73213,0
1720260000000,3003.03,3012.96,2997.07,3007.57,56655.516,1720263599999,170188055.84586,79327,32699.106,98236493.55089,0
1720263600000,3007.57,3011.75,3001.88,3004.44,28078.028,1720267199999,84401123.19756,58446,11967.142,35976744.35655,0
1720267200000,3004.45,3008.92,2988.00,3000.41,48296.375,1720270799999,144802257.08173,67630,21340.496,63986948.32200,0
1720270800000,3000.43,3021.49,2993.83,3006.24,71807.925,1720274399999,215950773.55958,102564,38805.912,116716038.65306,0
1720274400000,3006.24,3015.68,2994.07,3010.68,60353.196,1720277999999,181310631.54383,96389,29149.961,87592872.44510,0
1720278000000,3010.69,3029.40,3006.04,3018.44,84489.689,1720281599999,255125885.37637,116500,47140.415,142356454.27126,0
1720281600000,3018.44,3064.83,3015.00,3049.64,172321.397,1720285199999,524400812.80418,195909,94945.622,288957762.57548,0
1720285200000,3049.67,3054.46,3038.68,3049.27,55143.924,1720288799999,168029633.84998,86289,27167.899,82793619.77555,0
1720288800000,3049.27,3058.04,3044.00,3053.45,36264.973,1720292399999,110662293.70974,59692,16878.603,51508385.58699,0
1720292400000,3053.45,3062.67,3047.04,3056.87,27589.310,1720295999999,84254649.91393,46986,13874.634,42376538.67322,0
1720296000000,3056.87,3074.98,3054.89,3061.61,58648.271,1720299599999,179731286.44242,78168,33231.817,101862817.81282,0
1720299600000,3061.62,3080.00,3055.66,3055.74,54297.519,1720303199999,166648470.10811,76780,28468.219,87401776.72379,0
1720303200000,3055.74,3065.95,3055.64,3063.31,26494.901,1720306799999,81110272.98748,49603,15633.890,47861212.36280,0
1720306800000,3063.31,3078.05,3060.51,3065.50,48631.356,1720310399999,149199825.94868,74272,22379.473,68667278.57988,0
1720310400000,3065.49,3067.86,3045.00,3046.64,60284.944,1720313999999,184206223.18080,82412,23472.859,71727271.89974,0
1720314000000,3046.64,3058.20,3037.81,3052.01,69667.638,1720317599999,212182917.47432,83721,35960.424,109529224.92086,0
1720317600000,3052.00,3072.00,3051.32,3065.94,51862.910,1720321199999,158876578.25052,76044,26092.656,79933826.35069,0
1720321200000,3065.94,3066.24,3040.71,3049.52,64762.771,1720324799999,197460749.14780,75784,29230.808,89102322.22544,0
1720324800000,3049.54,3049.76,3026.17,3029.05,76375.762,1720328399999,231971181.54812,102042,38523.299,117003605.70864,0
1720328400000,3029.04,3035.24,3015.12,3029.15,58383.369,1720331999999,176689117.57953,86682,30507.475,92332182.28684,0
1720332000000,3029.16,3037.99,3027.00,3027.41,33000.920,1720335599999,100071858.43232,54386,16273.128,49353566.69492,0
1720335600000,3027.41,3030.94,2991.52,3002.98,136065.016,1720339199999,408905958.41504,150073,62956.065,189125662.83001,0
1720339200000,3002.98,3012.57,3002.32,3011.51,55437.597,1720342799999,166726285.83470,77678,31006.973,93249215.73632,0
1720342800000,3011.51,3018.79,3005.40,3013.79,43309.229,1720346399999,130425723.96685,76174,22129.402,66657555.27478,0
1720346400000,3013.79,3031.83,3007.54,3013.23,59087.244,1720349999999,178317690.56658,94029,30018.139,90616648.17389,0
1720350000000,3013.23,3018.98,3008.00,3013.97,27944.170,1720353599999,84176300.52662,66442,12849.358,38712163.28393,0
1720353600000,3013.96,3022.91,2994.90,3008.50,56892.580,1720357199999,171216038.46753,101377,26095.432,78538223.47140,0
1720357200000,3008.50,3008.50,2966.29,2972.00,179081.052,1720360799999,533833402.19196,218763,81061.958,241632957.19658,0
1720360800000,2972.00,2973.23,2954.08,2961.09,126806.903,1720364399999,375723130.07934,156620,63171.444,187210391.29859,0
1720364400000,2961.09,2977.00,2959.00,2969.61,78483.880,1720367999999,232959461.07626,110217,41721.489,123862522.62050,0
1720368000000,2969.60,2991.66,2962.51,2989.55,65299.266,1720371599999,194528912.45757,110588,36146.415,107699812.49001,0
1720371600000,2989.56,2998.56,2975.28,2994.11,66632.150,1720375199999,199108576.93840,95282,32396.584,96828677.98848,0
1720375200000,2994.11,3008.84,2984.64,2987.45,69519.362,1720378799999,208326456.10877,102197,37044.734,111025936.52628,0
1720378800000,2987.46,2989.31,2980.17,2984.31,21981.035,1720382399999,65588523.73096,51481,11681.796,34857860.59562,0
1720382400000,2984.31,2999.60,2977.38,2997.55,37817.976,1720385999999,113075497.91653,63667,18797.468,56203609.99477,0
1720386000000,2997.55,2998.27,2926.00,2958.54,166339.414,1720389599999,491236161.43498,189044,78661.204,232300674.26666,0
1720389600000,2958.53,2968.00,2936.00,2936.49,77970.733,1720393199999,230285139.27520,109710,36579.939,108066390.52977,0
1720393200000,2936.49,2947.84,2922.00,2930.24,117464.687,1720396799999,344429772.18630,155080,57214.164,167805068.76437,0
1720396800000,2930.23,2951.07,2883.16,2886.11,277495.525,1720400399999,808763484.77147,360352,131396.472,383063558.54428,0
1720400400000,2886.11,2888.76,2821.26,2855.45,451073.464,1720403999999,1283184068.04988,514576,203352.503,578203349.45978,0
1720404000000,2855.46,2894.72,2837.86,2888.02,209869.712,1720407599999,602887581.62653,279408,106277.522,305359153.19987,0
1720407600000,2888.03,2895.58,2864.40,2877.90,112624.621,1720411199999,324227962.93010,169583,55587.674,160046827.74698,0
1720411200000,2877.90,2915.84,2873.76,2912.74,117896.985,1720414799999,341632247.00336,176592,61959.021,179539172.10967,0
1720414800000,2912.76,2919.68,2900.92,2915.33,91257.460,1720418399999,265751450.78847,132192,45343.241,132070288.68382,0
1720418400000,2915.33,2931.44,2901.36,2911.54,106793.542,1720421999999,311916457.04757,154629,51506.782,150482239.41937,0
1720422000000,2911.54,2927.31,2901.00,2925.86,80805.557,1720425599999,235372769.34771,130061,44981.459,131036615.92271,0
1720425600000,2925.85,3064.81,2921.22,3056.25,500801.349,1720429199999,1504419609.49430,535788,263218.112,790850272.46594,0
1720429200000,3056.26,3098.00,3041.30,3050.00,300310.677,1720432799999,920011364.15775,332050,146549.792,449135491.68542,0
1720432800000,3050.01,3069.32,3005.86,3013.07,168558.524,1720436399999,512587200.49522,222085,79678.130,242411344.28847,0
1720436400000,3013.07,3063.71,3008.52,3052.85,145330.142,1720439999999,441661009.33533,204300,79503.983,241571480.99945,0
1720440000000,3052.85,3062.79,3036.41,3048.09,113726.485,1720443599999,346867281.35793,187549,56452.864,172213376.59599,0
1720443600000,3048.10,3059.80,3017.66,3037.15,154411.764,1720447199999,468918105.85390,220927,77592.954,235625855.58099,0
1720447200000,3037.14,3046.25,2886.62,2980.60,709075.993,1720450799999,2098268085.06004,724562,335104.321,991648197.19873,0
1720450800000,2980.60,3035.10,2964.11,2968.22,357491.591,1720454399999,1070485332.69308,408799,178788.832,535393701.36254,0
1720454400000,2968.22,2992.68,2943.45,2970.44,183306.540,1720457999999,544013011.46976,242053,92247.633,273870584.12788,0
1720458000000,2970.45,2988.00,2951.49,2983.05,98584.183,1720461599999,293066038.11198,158106,52123.032,154988357.45527,0
1720461600000,2983.04,2999.98,2972.17,2990.16,80110.385,1720465199999,239273984.76112,127830,39944.202,119339192.76661,0
1720465200000,2990.16,3008.99,2981.10,3003.18,57063.125,1720468799999,170974151.52437,99534,26302.175,78819573.19833,0
1720468800000,3003.18,3013.99,2990.49,2996.26,67296.506,1720472399999,201990957.51590,114308,30089.761,90327486.19042,0
1720472400000,2996.25,3027.81,2982.60,3024.33,95713.678,1720475999999,287921357.60430,141273,48250.619,145113135.27616,0
1720476000000,3024.33,3044.77,3018.93,3023.08,75023.474,1720479599999,227290875.64036,112405,37240.251,112834120.37262,0
1720479600000,3023.08,3033.11,3013.55,3017.51,39198.862,1720483199999,118435024.11752,70065,20111.338,60770341.50272,0
1720483200000,3017.51,3034.50,3002.56,3022.68,86071.030,1720486799999,259651613.67759,136360,41677.043,125737033.74922,0
1720486800000,3022.67,3075.95,3015.60,3027.40,183414.793,1720490399999,557904607.05063,274950,96011.302,292088636.46251,0
1720490400000,3027.41,3074.18,3012.12,3073.33,104830.944,1720493999999,318801205.33280,178865,59261.002,180331205.09926,0
1720494000000,3073.32,3073.32,3042.00,3062.99,95887.002,1720497599999,293230575.47678,145139,45392.191,138841439.03876,0
1720497600000,3063.00,3084.75,3057.01,3069.21,83456.179,1720501199999,256263065.41999,136880,41528.933,127566534.93187,0
1720501200000,3069.21,3073.33,3052.40,3066.20,58393.878,1720504799999,178911068.70057,113255,28382.110,86966945.23208,0
1720504800000,3066.19,3088.96,3060.00,3073.31,82176.191,1720508399999,252873356.09682,136609,38223.363,117629678.82398,0
1720508400000,3073.32,3078.73,3056.70,3061.01,91930.334,1720511999999,281784036.93296,115490,38385.691,117693731.58340,0
1720512000000,3061.00,3115.80,3053.30,3082.89,168419.018,1720515599999,519668146.43513,221997,94816.486,292685568.51602,0
1720515600000,3082.89,3099.32,3078.90,3086.31,67774.504,1720519199999,209340800.06818,109919,36154.509,111684782.11041,0
1720519200000,3086.31,3097.36,3071.52,3080.48,59717.153,1720522799999,184110282.75026,97761,27692.215,85374527.29140,0
1720522800000,3080.48,3091.72,3061.37,3081.84,74607.032,1720526399999,229566219.49283,105180,33278.977,102436145.28850,0
1720526400000,3081.84,3086.40,3067.09,3069.61,60893.682,1720529999999,187292683.13508,91769,30154.912,92755540.68262,0
1720530000000,3069.71,3077.78,3047.01,3067.52,126897.421,1720533599999,388499268.51230,163585,65469.100,200507056.86183,0
1720533600000,3067.53,3108.17,3038.96,3044.06,276097.505,1720537199999,848900785.10901,366631,132520.329,407603778.38687,0
1720537200000,3044.06,3067.64,3034.58,3065.75,132024.929,1720540799999,402527006.87401,217788,68030.010,207448028.42518,0
1720540800000,3065.75,3087.90,3059.10,3074.40,123046.664,1720544399999,377777422.24125,185005,52533.610,161338828.05974,0
1720544400000,3074.39,3078.00,3045.11,3051.14,64266.134,1720547999999,196610870.16726,104555,31279.368,95662116.95107,0
1720548000000,3051.15,3080.00,3045.50,3058.25,86253.088,1720551599999,264339631.16081,151765,47144.925,144476111.01647,0
1720551600000,3058.25,3068.68,3053.04,3067.30,30758.285,1720555199999,94123389.62685,68359,16799.460,51415815.35197,0
1720555200000,3067.31,3077.98,3062.36,3070.79,35351.950,1720558799999,108548091.94512,73816,16748.612,51426690.21428,0
1720558800000,3070.80,3071.76,3056.00,3060.00,22069.480,1720562399999,67603055.64684,45739,10033.321,30734354.76708,0
1720562400000,3060.00,3075.84,3045.30,3058.35,75796.740,1720565999999,231718335.29150,94170,39489.705,120734977.01094,0
1720566000000,3058.34,3068.99,3055.00,3065.06,30125.109,1720569599999,92207395.02690,56164,16937.010,51850812.95784,0
1720569600000,3065.05,3065.90,3026.00,3031.80,92614.419,1720573199999,281781340.89142,143478,42050.725,127928591.47594,0
1720573200000,3031.79,3068.40,3022.57,3057.83,96783.065,1720576799999,294940546.00617,154789,54289.890,165448589.11510,0
1720576800000,3057.83,3071.62,3048.18,3069.82,65344.408,1720580399999,199994822.94612,102499,34367.997,105207479.99404,0
1720580400000,3069.83,3081.75,3066.68,3078.31,49064.688,1720583999999,150831941.94283,83456,24430.893,75111212.82803,0
1720584000000,3078.30,3129.00,3078.30,3117.40,249526.377,1720587599999,774458337.87922,295420,127808.391,396747962.86214,0
1720587600000,3117.39,3122.00,3096.19,3100.83,103464.003,1720591199999,321725541.21276,153951,51654.258,160657562.84907,0
1720591200000,3100.83,3112.50,3092.88,3108.77,56756.524,1720594799999,176169461.34571,106828,26449.750,82110327.56820,0
1720594800000,3108.78,3110.61,3086.50,3095.63,63465.789,1720598399999,196620451.70296,103735,30578.246,94723534.67159,0
1720598400000,3095.63,3098.66,3077.56,3086.25,68096.393,1720601999999,210169825.45253,113981,33158.784,102354207.87081,0
1720602000000,3086.25,3089.88,3077.07,3087.14,53208.900,1720605599999,164079663.83150,95615,26537.626,81842045.46282,0
1720605600000,3087.14,3108.28,3080.10,3101.41,76643.644,1720609199999,237383111.06049,111937,38335.852,118739021.16048,0
1720609200000,3101.41,3105.10,3087.17,3101.28,48031.682,1720612799999,148802128.93863,93141,22618.499,70077807.67731,0
1720612800000,3101.28,3112.04,3075.84,3108.77,135386.664,1720616399999,418823515.40384,177954,70506.595,218169532.67988,0
1720616400000,3108.76,3121.92,3090.00,3105.43,154516.075,1720619999999,479865117.85998,228413,77724.968,241406994.72741,0
1720620000000,3105.43,3119.90,3091.16,3099.31,144748.496,1720623599999,449905613.32076,204106,76980.417,239323115.06982,0
1720623600000,3099.32,3128.75,3088.04,3120.76,137311.683,1720627199999,427099057.88366,177494,75228.730,234038654.61581,0
1720627200000,3120.75,3150.00,3113.35,3118.84,202836.219,1720630799999,635784631.72075,249680,100713.796,315742508.87167,0
1720630800000,3118.84,3121.97,3095.74,3101.20,95444.990,1720634399999,296566467.14118,131105,47082.133,146284288.29764,0
1720634400000,3101.20,3108.99,3092.00,3100.32,44994.111,1720637999999,139500450.41980,82381,24590.643,76254884.10586,0
1720638000000,3100.32,3108.96,3089.18,3105.82,49641.170,1720641599999,153888609.24832,91213,28361.913,87944841.44182,0
1720641600000,3105.82,3110.97,3090.00,3095.00,61342.282,1720645199999,190177151.40638,90057,28105.574,87146003.35824,0
1720645200000,3095.00,3101.81,3078.00,3094.52,55385.572,1720648799999,171069047.94858,77641,27671.461,85499310.28272,0
1720648800000,3094.52,3106.60,3094.04,3099.66,30735.760,1720652399999,95282538.15771,59132,15989.783,49567561.10771,0
1720652400000,3099.65,3106.00,3095.06,3099.12,22030.360,1720655999999,68305253.99057,48227,10729.895,33271807.36353,0
1720656000000,3099.12,3102.50,3084.16,3099.75,42725.217,1720659599999,132107134.88780,77938,20578.612,63643023.08267,0
1720659600000,3099.75,3129.15,3087.60,3120.24,84871.599,1720663199999,264047794.77960,133533,42246.531,131445443.38714,0
1720663200000,3120.24,3123.55,3094.38,3102.58,62867.521,1720666799999,195265384.01662,113940,28824.491,89511462.81153,0
1720666800000,3102.59,3106.19,3052.75,3075.70,150916.647,1720670399999,463577089.52805,198653,71480.032,219527372.24056,0
1720670400000,3075.71,3087.62,3072.61,3083.31,45210.818,1720673999999,139297078.80220,73232,23823.018,73403723.17136,0
1720674000000,3083.32,3099.27,3080.90,3096.68,50878.992,1720677599999,157281775.81614,81780,26789.624,82816351.49622,0
1720677600000,3096.68,3108.98,3092.34,3104.26,57134.118,1720681199999,177098318.79631,79547,29846.918,92529020.93259,0
1720681200000,3104.27,3123.34,3101.80,3117.00,79019.181,1720684799999,246075814.69486,100116,42703.217,132992749.56433,0
1720684800000,3117.00,3129.87,3113.06,3121.70,75852.968,1720688399999,236813426.27116,118855,35938.638,112198193.04923,0
1720688400000,3121.70,3145.99,3118.05,3142.31,106758.641,1720691999999,334400480.69042,156480,59799.929,187323359.92067,0
1720692000000,3142.32,3156.00,3135.05,3143.40,92240.984,1720695599999,289958635.57628,130767,45886.147,144268163.95647,0
1720695600000,3143.40,3155.92,3131.46,3145.55,87943.575,1720699199999,276476220.50389,122302,44843.333,140992805.29376,0
1720699200000,3145.55,3216.60,3125.35,3191.31,495870.885,1720702799999,1577446839.54052,547424,268366.677,854087101.04119,0
1720702800000,3191.30,3191.57,3155.67,3179.25,199809.789,1720706399999,633989904.45135,264364,101859.105,323265315.43146,0
1720706400000,3179.25,3183.53,3125.23,3148.20,242573.618,1720709999999,763344630.69254,293880,118700.266,373521640.72289,0
1720710000000,3148.19,3156.27,3103.00,3116.66,167641.066,1720713599999,524307615.49877,237599,74696.039,233631958.53440,0
1720713600000,3116.66,3136.36,3095.51,3124.69,133606.859,1720717199999,416458313.77485,181284,67502.397,210513705.67067,0
1720717200000,3124.70,3139.58,3118.59,3129.18,50683.443,1720720799999,158675792.21151,93721,25280.756,79148068.32871,0
1720720800000,3129.19,3146.70,3127.38,3136.75,69560.966,1720724399999,218280405.04302,96171,35359.901,110955837.06388,0
1720724400000,3136.74,3138.18,3105.18,3105.97,67949.794,1720727999999,211846866.69421,107995,28551.979,89008577.78884,0
1720728000000,3105.97,3115.55,3088.03,3114.75,83858.077,1720731599999,260146830.11414,121119,39330.340,122067723.43121,0
1720731600000,3114.75,3120.48,3101.00,3108.75,38082.424,1720735199999,118385477.08960,62834,19297.333,59997685.20933,0
1720735200000,3108.75,3109.98,3092.67,3101.76,59137.764,1720738799999,183428578.77591,100160,28500.952,88405166.98700,0
1720738800000,3101.76,3104.70,3084.06,3098.25,56144.449,1720742399999,173691596.17412,107012,27267.040,84360257.62946,0
1720742400000,3098.24,3116.92,3088.00,3092.19,79643.976,1720745999999,247196665.76597,132972,39758.931,123424963.27268,0
1720746000000,3092.19,3105.31,3053.84,3087.03,169254.855,1720749599999,520289584.10278,237836,77027.996,236753657.38572,0
1720749600000,3087.03,3108.98,3084.05,3106.00,73091.806,1720753199999,226470718.48199,122072,38882.313,120470413.65162,0
1720753200000,3106.00,3107.43,3080.08,3084.08,49893.519,1720756799999,154243025.46964,94685,19473.302,60174429.78479,0
1720756800000,3084.07,3088.98,3063.30,3082.21,64568.117,1720760399999,198586895.17158,114093,32882.084,101141083.08668,0
1720760400000,3082.21,3086.70,3073.82,3081.05,32872.350,1720763999999,101288095.50606,59481,14413.678,44421900.59135,0
1720764000000,3081.05,3097.19,3079.55,3090.59,43331.901,1720767599999,133894199.99622,71343,21327.949,65900896.33687,0
1720767600000,3090.59,3097.50,3056.37,3070.64,96711.893,1720771199999,297093732.61370,128984,43150.937,132563018.37139,0
1720771200000,3070.65,3084.52,3066.05,3079.90,75753.839,1720774799999,232851268.96116,112836,39453.133,121288229.42994,0
1720774800000,3079.89,3080.79,3044.51,3057.39,96976.200,1720778399999,296828908.60203,121649,41236.790,126269694.84916,0
1720778400000,3057.39,3072.00,3044.51,3070.05,99653.799,1720781999999,304929910.44879,149730,54870.568,167935702.39783,0
1720782000000,3070.05,3073.65,3063.00,3069.22,42609.661,1720785599999,130720755.16598,68657,21866.023,67089908.29103,0
1720785600000,3069.22,3081.00,3055.09,3073.79,112008.359,1720789199999,343859164.44616,155921,58213.881,178745430.47353,0
1720789200000,3073.80,3124.24,3072.51,3117.43,168846.517,1720792799999,523454374.88733,225176,87058.433,269864206.01099,0
1720792800000,3117.44,3126.45,3108.60,3117.19,107658.940,1720796399999,335582660.86733,167874,47670.515,148595231.04791,0
1720796400000,3117.19,3139.18,3114.00,3130.18,97715.890,1720799999999,305533877.27950,151635,49813.367,155757037.73003,0
1720800000000,3130.03,3146.25,3114.71,3137.71,100919.381,1720803599999,315884807.43130,150760,48938.161,153229097.49553,0
1720803600000,3137.72,3156.60,3130.87,3142.12,80146.213,1720807199999,252035480.64482,137550,43630.349,137231305.62318,0
1720807200000,3142.12,3152.94,3130.93,3140.48,58121.140,1720810799999,182587544.26725,109550,28684.879,90113795.92670,0
1720810800000,3140.47,3142.77,3111.68,3114.95,83366.083,1720814399999,260668827.30866,130558,40655.147,127142841.97636,0
1720814400000,3114.95,3119.74,3088.19,3108.33,105453.104,1720817999999,327210706.57136,151865,53271.843,165334177.78652,0
1720818000000,3108.32,3122.33,3107.04,3117.78,37149.445,1720821599999,115745694.82238,65946,19892.397,61982113.97959,0
1720821600000,3117.79,3131.24,3115.65,3125.90,33498.822,1720825199999,104650498.93273,55066,19687.044,61508243.76826,0
1720825200000,3125.90,3134.75,3123.49,3133.24,23426.498,1720828799999,73285953.69057,44866,11755.839,36778232.36003,0
1720828800000,3133.24,3137.11,3125.02,3131.60,30520.464,1720832399999,95571412.81352,54671,13177.264,41262818.02507,0
1720832400000,3131.60,3138.91,3127.97,3128.74,20639.699,1720835999999,64665832.25164,49721,10505.402,32919994.57820,0
1720836000000,3128.74,3128.74,3121.11,3126.80,25532.019,1720839599999,79765039.87667,49175,12780.981,39930675.86548,0
1720839600000,3126.80,3129.52,3119.01,3119.83,19473.258,1720843199999,60823120.11455,42621,9737.161,30414641.05481,0
1720843200000,3119.84,3119.84,3112.12,3114.80,28229.860,1720846799999,87959382.55402,51620,15813.066,49272327.25399,0
1720846800000,3114.79,3139.26,3112.30,3132.31,68068.909,1720850399999,212948231.09264,94011,44745.985,140007228.61698,0
1720850400000,3132.31,3141.87,3129.21,3133.69,36536.796,1720853999999,114534682.18925,67734,17947.281,56269942.84558,0
1720854000000,3133.69,3140.48,3132.73,3139.08,26123.500,1720857599999,81919551.80758,55088,12691.247,39802091.27617,0
1720857600000,3139.08,3139.52,3127.88,3128.48,26443.340,1720861199999,82896514.70249,46321,9689.168,30377939.02129,0
1720861200000,3128.48,3170.99,3127.50,3164.54,125387.941,1720864799999,395379350.38692,156096,68640.968,216425660.24025,0
1720864800000,3164.55,3167.72,3147.73,3156.81,62273.464,1720868399999,196703070.79921,96612,28101.310,88756848.97870,0
1720868400000,3156.81,3159.59,3150.00,3155.59,27491.650,1720871999999,86720482.25168,54863,12594.679,39733141.47138,0
1720872000000,3155.59,3163.94,3150.46,3155.90,44754.206,1720875599999,141283399.83458,75292,21496.256,67865046.48853,0
1720875600000,3155.90,3157.80,3145.40,3152.58,39531.875,1720879199999,124560326.90381,67867,17916.434,56459839.99280,0
1720879200000,3152.57,3153.55,3140.40,3153.01,48418.434,1720882799999,152372848.99213,79306,24641.445,77560045.89631,0
1720882800000,3153.01,3159.62,3148.50,3153.92,28206.835,1720886399999,88976137.42068,58869,15231.140,48048421.69928,0
1720886400000,3153.92,3161.64,3148.13,3151.06,35898.451,1720889999999,113232471.02333,67501,17045.645,53771705.36583,0
1720890000000,3151.06,3155.15,3145.00,3155.14,20209.122,1720893599999,63658462.67067,43786,11401.208,35917119.47447,0
1720893600000,3155.15,3159.42,3146.44,3151.56,22415.942,1720897199999,70679234.61258,43804,10724.460,33815823.60191,0
1720897200000,3151.56,3164.35,3151.04,3162.63,21155.777,1720900799999,66836023.33389,37942,10099.082,31903999.16140,0
1720900800000,3162.64,3167.78,3158.00,3161.49,23020.951,1720904399999,72806550.44314,38418,8114.299,25666202.24545,0
1720904400000,3161.50,3164.15,3159.18,3164.15,11965.593,1720907999999,37833642.05233,25309,5384.156,17024911.11294,0
1720908000000,3164.14,3195.55,3142.81,3190.98,145672.551,1720911599999,462239846.76501,177053,77163.671,244938457.99403,0
1720911600000,3190.98,3200.72,3170.27,3174.01,111514.800,1720915199999,355233074.23162,159797,54807.453,174617469.84631,0
1720915200000,3174.00,3192.94,3170.99,3185.69,61987.950,1720918799999,197160184.50516,104398,32835.000,104439864.84471,0
1720918800000,3185.68,3186.91,3171.11,3185.30,46402.218,1720922399999,147573295.87629,85104,23671.266,75273039.39730,0
1720922400000,3185.31,3187.28,3162.06,3171.32,49052.104,1720925999999,155572538.57623,74806,21645.303,68644474.34522,0
1720926000000,3171.33,3178.63,3168.10,3171.15,28872.066,1720929599999,91610259.99436,47826,15142.412,48050863.90863,0
1720929600000,3171.16,3199.58,3169.82,3191.72,80062.146,1720933199999,255161947.25299,115287,42391.337,135105556.62071,0
1720933200000,3191.72,3206.09,3183.33,3199.95,93322.889,1720936799999,298282815.51221,134593,43833.896,140117115.95470,0
1720936800000,3199.95,3202.96,3185.51,3189.47,43083.416,1720940399999,137591719.20260,73503,18833.385,60155326.20255,0
1720940400000,3189.48,3201.25,3185.56,3194.34,32176.412,1720943999999,102754771.35083,58430,17388.753,55528652.04712,0
1720944000000,3194.33,3219.87,3193.95,3209.10,81970.456,1720947599999,263017329.74949,115225,47721.051,153131059.65082,0
1720947600000,3209.08,3224.00,3205.01,3211.52,63445.110,1720951199999,203883567.56413,106307,33945.419,109095240.02745,0
1720951200000,3211.52,3215.70,3195.73,3196.80,51471.198,1720954799999,164911887.44613,76315,20411.929,65414752.89830,0
1720954800000,3196.81,3205.34,3196.00,3201.59,31947.214,1720958399999,102259703.22783,56296,16015.285,51263164.74556,0
1720958400000,3201.60,3202.80,3187.29,3188.39,64036.706,1720961999999,204424369.37982,91620,25447.525,81240219.30197,0
1720962000000,3188.40,3194.30,3181.50,3182.56,37907.006,1720965599999,120800548.18259,67205,17573.643,56010422.63069,0
1720965600000,3182.57,3202.50,3171.47,3190.32,82159.757,1720969199999,261707475.26123,111679,41330.885,131675894.67820,0
1720969200000,3190.32,3194.89,3179.52,3188.56,59704.487,1720972799999,190241274.51057,88195,29724.888,94714946.48819,0
1720972800000,3188.56,3196.77,3183.98,3194.93,30508.791,1720976399999,97347806.80036,58408,15852.713,50585111.30165,0
1720976400000,3194.93,3195.85,3182.00,3188.84,32842.857,1720979999999,104742191.16517,48060,16157.961,51518175.02524,0
1720980000000,3188.83,3190.50,3181.61,3184.84,13920.728,1720983599999,44340823.74334,31307,7532.300,23991680.84091,0
1720983600000,3184.84,3190.00,3184.05,3189.56,10077.015,1720987199999,32114866.39064,21131,6554.214,20887388.14759,0
1720987200000,3189.56,3205.79,3188.72,3198.41,32103.063,1720990799999,102672841.89099,47204,17779.667,56858986.33015,0
1720990800000,3198.41,3255.00,3193.72,3253.20,143049.257,1720994399999,462068962.01348,164966,84406.681,272641574.98546,0
1720994400000,3253.19,3264.82,3238.77,3244.64,118450.616,1720997999999,385143654.33931,159447,62200.770,202263371.51982,0
1720998000000,3244.65,3268.66,3237.07,3243.56,78161.355,1721001599999,254256313.12966,118615,35874.256,116703836.09085,0
1721001600000,3243.52,3287.87,3231.03,3276.80,144311.736,1721005199999,470694139.54170,191205,82015.965,267581562.33788,0
1721005200000,3276.80,3299.84,3269.18,3272.03,136339.890,1721008799999,447654153.83845,188247,68928.010,226374548.55222,0
1721008800000,3272.03,3338.88,3265.93,3330.10,228646.785,1721012399999,757472832.08105,272528,127767.226,423235250.92601,0
1721012400000,3330.11,3341.95,3315.68,3328.17,104296.535,1721015999999,346855136.63772,150633,56727.931,188669819.68953,0
1721016000000,3328.16,3337.55,3319.00,3335.21,80440.843,1721019599999,267798733.00265,113166,36997.323,123180242.20428,0
1721019600000,3335.20,3344.87,3326.90,3333.52,70644.292,1721023199999,235623546.49139,110060,35579.212,118686170.87482,0
1721023200000,3333.52,3364.44,3329.59,3347.11,128197.109,1721026799999,429154375.00429,159230,67626.101,226436426.27219,0
1721026800000,3347.11,3368.64,3340.84,3354.39,83349.659,1721030399999,279645427.06336,134470,40595.516,136238741.68476,0
1721030400000,3354.39,3371.98,3344.05,3351.12,94062.401,1721033999999,315972542.21455,136279,45890.726,154187826.55336,0
1721034000000,3351.12,3361.98,3337.93,3346.96,89380.944,1721037599999,299247315.17999,136475,45789.216,153318739.16397,0
1721037600000,3346.97,3350.31,3330.01,3334.71,54819.383,1721041199999,183137211.64686,88994,22574.708,75423686.43382,0
1721041200000,3334.70,3344.62,3325.69,3338.85,56835.482,1721044799999,189566392.09202,97392,30592.727,102046751.14165,0
1721044800000,3338.84,3352.47,3332.00,3342.51,56123.588,1721048399999,187629738.13644,97771,28147.397,94107763.07597,0
1721048400000,3342.51,3360.00,3335.06,3355.50,81603.559,1721051999999,273436276.68989,139934,40914.968,137107061.43929,0
1721052000000,3355.50,3374.86,3342.25,3370.18,91453.694,1721055599999,307356001.63836,148308,47766.603,160562861.47762,0
1721055600000,3370.17,3392.96,3360.00,3365.72,136579.748,1721059199999,460753847.53674,210994,68957.304,232664026.49500,0
1721059200000,3365.71,3404.02,3356.29,3387.62,148592.045,1721062799999,502769763.05287,233162,76651.914,259468912.24473,0
1721062800000,3387.62,3400.44,3372.57,3381.01,100512.396,1721066399999,340385718.46263,175752,49576.292,167916384.66821,0
1721066400000,3381.02,3411.96,3373.69,3394.70,90351.983,1721069999999,306581384.17661,148071,45152.481,153257060.25750,0
1721070000000,3394.69,3434.00,3377.19,3404.40,256329.485,1721073599999,872691338.90551,310490,131363.486,447380656.19716,0
1721073600000,3404.39,3443.87,3401.79,3430.89,124035.816,1721077199999,424911606.38167,181204,64647.242,221457783.41189,0
1721077200000,3430.89,3435.00,3414.99,3418.22,56195.376,1721080799999,192499315.22251,98414,26254.864,89930270.57004,0
1721080800000,3418.22,3493.94,3418.22,3471.49,224067.704,1721084399999,775907450.20964,300436,124114.155,429825983.90458,0
1721084400000,3471.49,3491.70,3462.87,3481.62,86442.517,1721087999999,300910349.05971,151743,48824.494,169955826.92228,0
1721088000000,3481.62,3497.74,3460.61,3468.50,126875.329,1721091599999,441159435.42141,189516,63936.163,222336521.98774,0
1721091600000,3468.50,3484.82,3460.50,3477.13,65900.257,1721095199999,228839431.33782,125900,36443.571,126571130.16386,0
1721095200000,3477.12,3478.60,3452.22,3463.79,64525.142,1721098799999,223454568.22844,117607,29537.829,102317748.40135,0
1721098800000,3463.79,3471.23,3456.66,3467.53,38852.267,1721102399999,134567160.40030,73119,19875.033,68841438.75914,0
1721102400000,3467.53,3476.80,3452.28,3458.30,52939.258,1721105999999,183328034.58245,91275,24171.617,83720696.21961,0
1721106000000,3458.30,3464.91,3402.22,3414.50,225203.652,1721109599999,772217691.02525,274752,99702.759,341888572.04705,0
1721109600000,3414.50,3433.58,3383.31,3398.28,189981.795,1721113199999,647654263.86362,231554,93353.345,318345086.23601,0
1721113200000,3398.29,3414.24,3371.00,3375.67,184041.704,1721116799999,624050770.14428,245055,87139.125,295528709.00868,0
1721116800000,3375.67,3389.52,3345.00,3373.49,173382.808,1721120399999,583271050.28254,246465,82305.563,276956231.51186,0
1721120400000,3373.50,3398.61,3364.79,3393.27,118221.919,1721123999999,400308614.93222,164102,59950.648,202984215.90189,0
1721124000000,3393.27,3423.60,3386.84,3407.35,116412.730,1721127599999,396636392.14614,147363,65025.348,221559723.85058,0
1721127600000,3407.36,3422.85,3395.06,3417.78,95933.388,1721131199999,327184332.29636,137639,45607.374,155586491.43191,0
1721131200000,3417.78,3430.97,3394.49,3401.99,133802.244,1721134799999,456692387.38425,183107,60772.623,207458522.48781,0
1721134800000,3401.98,3420.93,3390.83,3395.12,114984.157,1721138399999,391507818.51943,172965,54605.529,185962331.05035,0
1721138400000,3395.12,3414.79,3374.41,3411.90,159486.909,1721141999999,541162432.49983,243557,84016.300,285079062.50507,0
1721142000000,3411.90,3484.23,3411.19,3474.54,256661.736,1721145599999,885327728.88274,331831,136673.693,471558288.93373,0
1721145600000,3474.53,3493.00,3440.00,3464.48,233406.362,1721149199999,808566150.30006,303105,111090.905,384914549.20956,0
1721149200000,3464.49,3468.80,3446.65,3457.11,71115.178,1721152799999,245926216.73565,122173,33919.156,117304615.06241,0
1721152800000,3457.12,3468.80,3447.27,3460.99,58570.989,1721156399999,202521073.93965,98933,31084.305,107495772.83202,0
1721156400000,3461.00,3482.93,3452.10,3472.87,88463.184,1721159999999,306744847.99526,131635,47763.604,165624754.90161,0
1721160000000,3472.87,3473.74,3434.00,3436.98,56874.701,1721163599999,196534460.23239,99083,23233.787,80320418.14817,0
1721163600000,3436.79,3444.37,3422.35,3435.04,59215.661,1721167199999,203367054.27987,88078,30364.413,104304994.14823,0
1721167200000,3435.03,3438.39,3412.85,3427.01,76449.110,1721170799999,261722447.14626,119956,36694.603,125620970.78729,0
1721170800000,3427.01,3459.38,3425.10,3442.83,84463.436,1721174399999,290865263.68847,123131,42748.494,147220869.60356,0
1721174400000,3442.84,3469.38,3440.36,3463.60,61175.919,1721177999999,211457671.87848,102481,32250.346,111470455.76964,0
1721178000000,3463.59,3517.14,3463.22,3480.75,215024.669,1721181599999,751360717.11731,258474,110967.282,387713656.24808,0
1721181600000,3480.75,3492.22,3470.56,3476.69,74733.187,1721185199999,260193318.26082,109618,36423.133,126829014.80092,0
1721185200000,3476.70,3487.35,3462.21,3478.87,92489.483,1721188799999,321549643.34859,114550,45150.659,157009058.97202,0
1721188800000,3478.88,3494.63,3470.28,3494.62,44038.273,1721192399999,153381244.04382,85824,24144.535,84105180.56436,0
1721192400000,3494.62,3514.94,3488.00,3497.04,125151.943,1721195999999,438156670.03607,143481,64376.655,225401575.81315,0
1721196000000,3497.04,3507.19,3481.11,3489.63,109421.574,1721199599999,382266223.97124,121160,56435.258,197168761.82340,0
1721199600000,3489.64,3494.34,3477.61,3484.53,76175.490,1721203199999,265592824.27300,110176,36282.508,126503323.55659,0
1721203200000,3484.52,3499.82,3462.02,3479.38,121214.544,1721206799999,421938217.25106,176704,57700.006,200885818.72827,0
1721206800000,3479.38,3497.95,3477.21,3490.37,64842.535,1721210399999,226182382.04667,105115,34097.451,118926582.74736,0
1721210400000,3490.36,3490.49,3477.18,3478.54,40894.572,1721213999999,142436642.15485,79576,18239.879,63535105.99329,0
1721214000000,3478.54,3480.04,3440.24,3448.13,165132.335,1721217599999,570749795.83872,211920,78089.678,269889582.45218,0
1721217600000,3448.12,3462.45,3443.30,3453.20,74575.580,1721221199999,257539032.19821,123863,38216.838,131986318.15282,0
1721221200000,3453.20,3474.33,3436.21,3465.97,125577.343,1721224799999,434008943.54688,188642,61619.818,213014449.18360,0
1721224800000,3465.96,3471.80,3445.18,3455.44,87472.277,1721228399999,302307902.72152,179176,40283.520,139221553.35850,0
1721228400000,3455.44,3466.77,3431.00,3436.17,110357.326,1721231999999,380539240.08309,163766,54508.376,187964769.74809,0
1721232000000,3436.17,3437.90,3374.53,3400.13,318712.373,1721235599999,1084430233.66318,379742,149409.475,508384493.40949,0
1721235600000,3400.13,3417.81,3386.40,3407.37,76658.077,1721239199999,260896736.22632,120468,39504.658,134449710.24160,0
1721239200000,3407.37,3419.62,3404.73,3416.43,37151.393,1721242799999,126835113.12406,60798,17930.149,61217627.22637,0
1721242800000,3416.43,3426.92,3411.04,3415.68,49174.259,1721246399999,168186283.82724,75594,28704.661,98199930.37095,0
1721246400000,3415.72,3427.80,3411.48,3414.79,42521.119,1721249999999,145394672.30534,60777,21690.753,74175285.69172,0
1721250000000,3414.79,3417.65,3388.00,3410.93,69926.931,1721253599999,237846548.46264,105573,33662.226,114499050.91975,0
1721253600000,3410.93,3414.30,3388.40,3393.68,47464.496,1721257199999,161364774.42805,89229,23290.942,79190641.09816,0
1721257200000,3393.67,3405.06,3383.54,3386.00,41289.318,1721260799999,140046589.17516,71205,20913.004,70933339.14478,0
1721260800000,3386.01,3415.98,3381.83,3409.28,61556.733,1721264399999,209262395.22566,114306,32126.506,109218233.21839,0
1721264400000,3409.27,3424.14,3407.01,3420.80,41706.835,1721267999999,142506025.55755,82999,22050.871,75347827.85638,0
1721268000000,3420.80,3440.00,3392.40,3423.10,107005.893,1721271599999,365714948.32119,167892,54681.432,186888243.98532,0
1721271600000,3423.09,3431.94,3417.38,3429.99,59588.691,1721275199999,204141423.84018,84116,31340.448,107371917.30650,0
1721275200000,3430.00,3431.43,3413.51,3416.53,41231.207,1721278799999,141132173.43249,62340,17693.077,60574440.06203,0
1721278800000,3416.53,3431.95,3407.56,3421.83,90023.575,1721282399999,307808871.67118,89878,45256.761,154743129.16674,0
1721282400000,3421.84,3452.50,3418.52,3445.58,105832.755,1721285999999,363867059.59224,109546,53848.034,185166071.40868,0
1721286000000,3445.58,3448.56,3430.84,3431.90,69305.161,1721289599999,238326211.61999,93058,30399.315,104538032.83344,0
1721289600000,3431.90,3458.92,3429.64,3457.67,57330.728,1721293199999,197433958.92544,92408,31498.898,108509061.30618,0
1721293200000,3457.67,3459.76,3445.64,3450.11,54626.387,1721296799999,188590544.89429,81164,25004.146,86330433.39434,0
1721296800000,3450.11,3450.47,3433.53,3442.90,43710.175,1721300399999,150405423.09245,76875,19616.422,67497602.19242,0
1721300400000,3442.90,3458.00,3435.68,3457.34,35958.606,1721303999999,123909464.22253,72998,19776.564,68155366.33806,0
1721304000000,3457.34,3473.69,3452.00,3470.43,89241.732,1721307599999,309045188.42602,126660,44497.817,154110214.44119,0
1721307600000,3470.43,3487.99,3456.39,3466.08,111233.355,1721311199999,386348142.66012,167918,52876.024,183690090.70083,0
1721311200000,3466.08,3476.60,3418.00,3430.06,182008.565,1721314799999,626630077.04429,240089,88669.156,305275795.01215,0
1721314800000,3430.06,3430.47,3382.90,3387.26,246718.894,1721318399999,839694314.11830,297663,118840.799,404551343.33073,0
1721318400000,3387.25,3419.00,3364.62,3418.88,173509.568,1721321999999,588762449.00600,221783,91299.577,309943491.55692,0
1721322000000,3418.87,3422.67,3396.99,3398.15,86556.472,1721325599999,295237865.72418,114925,37200.803,126908334.35273,0
1721325600000,3398.15,3407.99,3386.33,3404.29,67544.980,1721329199999,229448608.32641,111088,35037.657,119048908.59386,0
1721329200000,3404.29,3411.61,3383.25,3404.34,55266.964,1721332799999,187909679.47642,107070,27769.323,94439194.36287,0
1721332800000,3404.34,3414.36,3395.61,3413.06,29402.132,1721336399999,100124291.78832,52633,15274.850,52023018.01246,0
1721336400000,3413.06,3421.02,3410.99,3419.79,24982.912,1721339999999,85351921.25408,44817,13218.968,45162378.44894,0
1721340000000,3419.80,3435.28,3418.69,3431.80,48190.729,1721343599999,165227311.45068,70445,23542.181,80712169.66955,0
1721343600000,3431.79,3435.90,3424.00,3424.99,30628.182,1721347199999,105095668.81733,48552,12503.094,42904959.51739,0
1721347200000,3424.99,3427.14,3400.41,3402.92,59082.045,1721350799999,201648316.48734,100418,24822.132,84716315.85444,0
1721350800000,3402.92,3414.79,3381.61,3413.67,87615.805,1721354399999,297854809.80268,128808,45676.056,155328886.18104,0
1721354400000,3413.68,3418.36,3399.37,3405.36,55670.205,1721357999999,189866030.43092,78854,27928.787,95269546.39087,0
1721358000000,3405.36,3431.74,3403.21,3428.51,106937.669,1721361599999,365610524.19198,116990,57352.020,196082605.96659,0
1721361600000,3428.50,3432.96,3419.04,3419.67,60291.279,1721365199999,206620153.27000,70974,26563.690,91050430.40284,0
1721365200000,3419.68,3427.07,3414.67,3422.44,32664.264,1721368799999,111742468.37403,51720,15708.628,53743631.23867,0
1721368800000,3422.44,3449.47,3421.22,3438.78,70238.336,1721372399999,241601633.21807,93993,36756.154,126413079.25379,0
1721372400000,3438.79,3439.83,3385.00,3390.59,165183.533,1721375999999,562705381.01717,188391,75726.494,257857426.80770,0
1721376000000,3390.59,3400.00,3375.25,3393.59,144325.744,1721379599999,488816611.76168,189280,75268.618,254965132.28576,0
1721379600000,3393.58,3409.92,3381.88,3385.90,77020.314,1721383199999,261560952.57069,113600,37070.638,125945628.68730,0
1721383200000,3385.90,3409.70,3378.18,3399.54,63682.376,1721386799999,216350555.59772,90808,32053.931,108933491.63417,0
1721386800000,3399.54,3405.60,3393.03,3402.84,36681.124,1721390399999,124723263.32372,60941,17734.862,60307817.32410,0
1721390400000,3402.84,3416.82,3397.02,3413.30,51157.458,1721393999999,174382660.50130,79791,28076.362,95709511.39541,0
1721394000000,3413.30,3445.00,3395.08,3435.99,204412.729,1721397599999,699277829.07190,229314,104041.840,356014195.39375,0
1721397600000,3436.00,3472.18,3428.43,3466.41,218749.185,1721401199999,756049377.11648,273889,101681.095,351437863.38182,0
1721401200000,3466.41,3473.98,3437.40,3463.59,157569.142,1721404799999,544682553.16365,208508,81833.874,282944352.09734,0
1721404800000,3463.44,3499.00,3463.00,3488.84,204927.889,1721408399999,714284745.04258,257688,112120.078,390751783.07228,0
1721408400000,3488.84,3514.57,3482.01,3498.70,129415.304,1721411999999,452724805.95761,172906,69405.676,242831993.10712,0
1721412000000,3498.70,3508.55,3489.65,3501.13,54963.587,1721415599999,192297362.74798,93779,26930.468,94229011.63311,0
1721415600000,3501.12,3539.38,3501.12,3520.90,172103.858,1721419199999,606013746.64725,234980,93690.369,329953296.93992,0
1721419200000,3520.90,3522.20,3489.00,3502.63,106666.415,1721422799999,373608566.85698,141702,46850.359,164114444.07746,0
1721422800000,3502.64,3525.66,3502.42,3510.05,54413.355,1721426399999,191213987.98127,78347,28960.471,101779526.34370,0
1721426400000,3510.06,3518.31,3503.37,3507.12,37389.413,1721429999999,131309718.09784,63878,17822.052,62600410.78560,0
1721430000000,3507.12,3514.58,3497.10,3502.18,38142.404,1721433599999,133663632.36053,59104,15620.683,54750461.18871,0
1721433600000,3502.18,3507.00,3478.47,3483.29,68550.893,1721437199999,239291848.39840,101260,30968.577,108112031.52349,0
1721437200000,3483.29,3495.53,3478.01,3483.16,33611.766,1721440799999,117185806.57007,58455,16975.621,59195847.16479,0
1721440800000,3483.16,3494.40,3479.01,3491.85,31156.455,1721444399999,108692361.25784,50694,18668.323,65129684.47942,0
1721444400000,3491.86,3501.88,3491.41,3493.78,32524.138,1721447999999,113750198.84882,49065,18181.285,63592860.21961,0
1721448000000,3493.77,3506.94,3490.06,3506.28,37838.197,1721451599999,132457484.18020,54170,22716.877,79531295.90777,0
1721451600000,3506.28,3506.55,3494.40,3500.32,25714.335,1721455199999,89994432.88375,35073,11327.156,39644239.65940,0
1721455200000,3500.33,3503.68,3498.97,3500.01,13649.251,1721458799999,47787704.92840,26338,7226.855,25303239.00199,0
1721458800000,3500.01,3502.23,3485.70,3485.99,41342.399,1721462399999,144443214.25906,56236,18102.057,63258853.62091,0
1721462400000,3485.99,3492.99,3479.00,3484.47,46896.856,1721465999999,163428227.98824,61386,22798.500,79464044.72171,0
1721466000000,3484.46,3493.40,3480.00,3482.17,39724.315,1721469599999,138463756.17988,52041,20142.811,70208690.38743,0
1721469600000,3482.16,3489.28,3478.84,3486.84,34055.577,1721473199999,118637851.60161,46308,19175.205,66810078.58639,0
1721473200000,3486.84,3490.49,3479.12,3483.39,25478.549,1721476799999,88777301.26243,42161,11952.166,41648476.46173,0
1721476800000,3483.39,3495.30,3482.55,3490.44,30145.893,1721480399999,105218406.48569,46629,16483.009,57532649.80941,0
1721480400000,3490.44,3496.86,3479.03,3489.05,49904.390,1721483999999,173993381.28315,70344,22092.627,77043973.18165,0
1721484000000,3489.04,3507.07,3487.22,3495.70,51178.762,1721487599999,178944311.21648,67848,29439.921,102941269.24740,0
1721487600000,3495.69,3506.28,3492.75,3501.82,35985.593,1721491199999,125920125.95507,60129,18675.471,65359033.49850,0
1721491200000,3501.83,3512.52,3489.01,3496.87,58980.072,1721494799999,206499276.32138,87775,28199.300,98753210.90853,0
1721494800000,3496.86,3538.38,3490.73,3525.55,158297.230,1721498399999,556545101.06722,200089,82798.462,291122286.76472,0
1721498400000,3525.56,3536.83,3515.39,3529.30,56174.049,1721501999999,198094564.99673,88425,28056.261,98954182.96013,0
1721502000000,3529.30,3535.70,3507.07,3513.21,59141.765,1721505599999,208091057.84061,89889,25078.681,88240485.24659,0
1721505600000,3513.21,3525.26,3513.17,3520.79,23460.758,1721509199999,82604976.72393,48363,12790.062,45028808.62858,0
1721509200000,3520.79,3521.80,3497.35,3513.69,48387.464,1721512799999,169770684.31711,81133,21160.111,74252207.87453,0
1721512800000,3513.70,3521.76,3506.32,3512.60,29426.840,1721516399999,103398198.37879,53946,13166.557,46261875.05609,0
1721516400000,3512.59,3520.45,3511.87,3516.03,16533.445,1721519999999,58149578.59245,31038,7717.311,27143292.74091,0
1721520000000,3516.03,3527.90,3502.13,3506.42,41132.647,1721523599999,144549589.41644,67411,19049.931,66962460.45518,0
1721523600000,3506.42,3522.00,3505.40,3514.46,23755.471,1721527199999,83473684.67646,46943,12920.087,45400192.62580,0
1721527200000,3514.47,3521.73,3512.46,3512.47,14790.386,1721530799999,52010986.96122,33173,8087.812,28446406.38049,0
1721530800000,3512.46,3519.37,3508.46,3508.86,16801.260,1721534399999,59015949.05999,34522,7573.399,26606515.29050,0
1721534400000,3508.86,3512.03,3502.00,3503.20,23028.028,1721537999999,80761102.95991,36834,9810.076,34408767.36692,0
1721538000000,3503.20,3504.74,3492.07,3499.66,36926.279,1721541599999,129203929.58444,61244,15122.537,52920166.94273,0
1721541600000,3499.66,3502.38,3481.61,3485.26,79780.738,1721545199999,278247387.20597,94419,36858.219,128557476.28044,0
1721545200000,3485.25,3488.55,3472.54,3482.87,61554.652,1721548799999,214403319.77790,90266,29064.058,101250701.02587,0
1721548800000,3482.87,3491.20,3481.72,3486.53,28602.924,1721552399999,99743842.11797,49742,15501.694,54057451.78839,0
1721552400000,3486.53,3502.92,3485.00,3499.40,52019.901,1721555999999,181813305.89472,70103,32528.580,113698974.90934,0
1721556000000,3499.39,3506.89,3492.80,3492.80,29805.009,1721559599999,104307886.71663,45584,13223.287,46282425.85969,0
1721559600000,3492.81,3497.50,3488.88,3497.37,18133.774,1721563199999,63363876.05409,36524,9493.346,33177671.94884,0
1721563200000,3497.37,3502.80,3493.55,3498.89,23701.761,1721566799999,82916726.38482,38858,11598.867,40580870.17541,0
1721566800000,3498.88,3501.30,3481.00,3489.76,45422.035,1721570399999,158523754.02133,62899,18936.541,66078389.32151,0
1721570400000,3489.75,3515.75,3482.19,3509.15,81984.982,1721573999999,287329706.42358,118730,43716.775,153227198.36555,0
1721574000000,3509.16,3515.66,3494.00,3498.64,64074.027,1721577599999,224526334.40032,101072,30922.634,108386423.97107,0
1721577600000,3498.63,3519.84,3485.00,3516.00,91945.272,1721581199999,321919830.93615,127020,48558.710,170051773.70805,0
1721581200000,3516.00,3524.00,3445.00,3467.18,193707.188,1721584799999,674093321.34278,256903,84170.017,293062586.72455,0
1721584800000,3467.18,3483.97,3408.13,3462.20,353322.503,1721588399999,1217829550.89066,453762,167479.367,577205892.50263,0
1721588400000,3462.21,3495.98,3456.84,3489.00,111407.063,1721591999999,387761541.94898,162792,59481.860,206999632.39403,0
1721592000000,3489.01,3522.72,3480.92,3497.07,123110.673,1721595599999,431797515.69700,182869,64375.494,225797119.73764,0
1721595600000,3497.07,3519.00,3488.78,3519.00,70210.335,1721599199999,246080952.98680,108792,38123.649,133630060.36369,0
1721599200000,3519.00,3547.84,3517.01,3532.42,116834.667,1721602799999,412722458.09185,167517,62863.456,222059297.90742,0
1721602800000,3532.42,3544.32,3519.50,3534.29,56058.359,1721606399999,197987251.09902,95079,26825.769,94740018.65502,0
1721606400000,3534.30,3562.33,3527.61,3541.90,101196.387,1721609999999,358672965.88916,158501,52887.180,187492262.00581,0
1721610000000,3541.90,3544.45,3520.81,3526.01,83184.671,1721613599999,293833617.18078,131577,36715.528,129710888.79338,0
1721613600000,3526.00,3539.18,3517.39,3533.29,45707.562,1721617199999,161284687.59820,82950,24494.444,86437107.00841,0
1721617200000,3533.29,3534.96,3513.57,3515.48,40226.639,1721620799999,141645874.93653,74530,17078.230,60135803.07441,0
1721620800000,3515.48,3522.54,3510.90,3514.57,46412.725,1721624399999,163176292.37865,66194,23655.087,83172800.97741,0
1721624400000,3514.58,3515.69,3482.00,3494.04,87206.935,1721627999999,304999314.91539,127048,37908.213,132620551.71887,0
1721628000000,3493.90,3500.00,3457.26,3474.94,121626.283,1721631599999,422770085.74429,162544,53903.722,187392322.88780,0
1721631600000,3474.93,3483.14,3463.07,3477.02,70654.219,1721635199999,245478009.10169,109058,33321.528,115787536.71282,0
1721635200000,3477.01,3486.46,3468.07,3473.91,54078.301,1721638799999,188089924.53853,85387,24331.044,84645358.52636,0
1721638800000,3473.92,3491.41,3467.05,3491.38,64045.198,1721642399999,222942858.03333,81516,32809.898,114239579.06985,0
1721642400000,3491.38,3497.69,3486.03,3490.73,39485.204,1721645999999,137873969.66145,67906,20812.163,72681057.35315,0
1721646000000,3490.73,3502.61,3484.39,3498.60,32598.894,1721649599999,113870263.42110,60256,17710.263,61869754.83130,0
1721649600000,3498.61,3505.88,3490.09,3497.44,45366.397,1721653199999,158727709.41837,74509,21372.245,74786235.51229,0
1721653200000,3497.43,3504.87,3461.00,3465.35,152193.272,1721656799999,529880727.43694,206055,65351.205,227576680.14222,0
1721656800000,3465.34,3476.57,3441.92,3447.60,186234.714,1721660399999,643732977.74906,242165,87164.833,301424781.21679,0
1721660400000,3447.60,3465.55,3433.33,3455.70,97205.719,1721663999999,335465180.66297,165349,52341.374,180699606.66162,0
1721664000000,3455.70,3471.00,3442.65,3452.11,66921.287,1721667599999,231309991.06709,123429,34397.191,118933872.12370,0
1721667600000,3452.11,3470.50,3448.36,3468.94,40002.600,1721671199999,138437871.04967,81704,21260.973,73589868.46211,0
1721671200000,3468.94,3478.83,3462.42,3471.64,56075.862,1721674799999,194623874.27723,91030,27261.002,94632277.15795,0
1721674800000,3471.64,3497.65,3467.00,3497.36,75788.704,1721678399999,264165442.77610,111555,38640.587,134686933.35588,0
1721678400000,3497.37,3498.37,3475.73,3488.37,80081.012,1721681999999,279148723.26532,118875,35008.314,122034477.40762,0
1721682000000,3488.37,3488.96,3445.00,3460.43,97894.812,1721685599999,338867998.93911,140146,44334.367,153465877.47823,0
1721685600000,3460.43,3461.13,3433.06,3446.94,144236.347,1721689199999,496791798.22479,158850,68300.280,235251532.46247,0
1721689200000,3446.94,3449.11,3421.00,3438.08,117616.642,1721692799999,404039357.01236,151337,53616.136,184212932.90897,0
1721692800000,3438.09,3479.67,3434.00,3467.88,109184.711,1721696399999,377528077.68620,149042,66189.480,228861682.56462,0
1721696400000,3467.88,3489.47,3458.00,3479.90,98064.602,1721699999999,341012791.79329,159808,48851.180,169903405.96705,0
1721700000000,3479.91,3489.86,3466.75,3485.76,93543.017,1721703599999,325508709.94544,123517,46185.956,160709297.67799,0
1721703600000,3485.76,3487.50,3470.28,3473.57,34300.376,1721707199999,119251065.04224,70688,15659.952,54444220.98905,0
1721707200000,3473.57,3482.53,3445.13,3453.62,94959.208,1721710799999,328659402.63707,141935,40137.085,138928228.31387,0
1721710800000,3453.62,3458.33,3423.36,3440.37,133107.979,1721714399999,457485971.06322,202153,65708.680,225856946.00761,0
1721714400000,3440.37,3460.95,3430.00,3444.21,109756.622,1721717999999,378378347.35898,152321,57099.422,196898096.38566,0
1721718000000,3444.21,3456.00,3438.08,3453.30,56586.323,1721721599999,195125500.00511,104049,27252.945,94002548.38824,0
1721721600000,3453.30,3532.93,3450.78,3519.99,273906.874,1721725199999,959170479.18181,329021,149394.776,523064561.06516,0
1721725200000,3520.00,3540.94,3510.70,3521.12,179404.824,1721728799999,632787554.83623,243541,84409.348,297805765.85947,0
1721728800000,3521.12,3529.80,3504.00,3504.92,106117.052,1721732399999,373386461.23893,167755,51174.365,180123647.89485,0
1721732400000,3504.92,3520.30,3479.16,3514.54,194966.056,1721735999999,682733802.91145,254872,97302.363,340848876.28003,0
1721736000000,3514.54,3517.28,3485.00,3504.54,135619.011,1721739599999,474771903.28025,189066,65361.295,228825793.11737,0
1721739600000,3504.55,3512.80,3427.75,3438.57,502067.442,1721743199999,1739924193.98699,575009,239572.006,830412889.37408,0
1721743200000,3438.57,3495.98,3436.06,3486.99,307836.457,1721746799999,1069084349.21814,357692,161818.342,561995276.75443,0
1721746800000,3487.00,3487.00,3434.40,3452.96,274179.872,1721750399999,947707764.36105,349188,124574.957,430551298.22106,0
1721750400000,3452.96,3467.93,3400.00,3401.99,279025.004,1721753999999,957605008.74187,368686,126551.948,434637188.57485,0
1721754000000,3402.00,3429.41,3384.61,3426.80,198260.713,1721757599999,675614713.19837,278023,101831.784,347211069.58980,0
1721757600000,3426.80,3452.14,3417.00,3445.40,108544.151,1721761199999,372960387.83914,159597,60413.231,207635756.17021,0
1721761200000,3445.39,3495.81,3444.00,3455.74,258121.426,1721764799999,896347169.83852,294648,125394.615,435469870.95133,0
1721764800000,3455.74,3488.69,3453.16,3480.10,111064.630,1721768399999,385927952.34493,153484,60818.508,211326167.38119,0
1721768400000,3480.11,3489.23,3465.18,3465.19,47421.494,1721771999999,164953794.69263,78170,21873.339,76103415.21180,0
1721772000000,3465.18,3498.00,3455.42,3481.68,109705.384,1721775599999,380962046.26020,138714,62432.456,216861592.53051,0
1721775600000,3481.67,3500.00,3463.12,3481.01,170018.639,1721779199999,592091214.66296,185394,83674.732,291350855.08046,0
1721779200000,3481.01,3486.73,3463.18,3463.27,58631.369,1721782799999,203666159.34249,96017,23706.141,82343654.32056,0
1721782800000,3463.21,3477.02,3436.23,3442.62,93452.161,1721786399999,322715320.88133,136602,41191.816,142315985.18411,0
1721786400000,3442.62,3450.94,3425.76,3448.33,83137.111,1721789999999,285681753.43231,114660,47999.180,164973905.29589,0
1721790000000,3448.33,3458.97,3438.83,3447.02,60108.089,1721793599999,207358933.73571,85317,29728.604,102562707.06081,0
1721793600000,3447.01,3448.00,3430.21,3438.59,59205.330,1721797199999,203556228.91471,86394,26265.297,90313779.05234,0
1721797200000,3438.60,3443.52,3428.01,3439.95,44562.090,1721800799999,153103592.63729,70963,21521.565,73948231.84951,0
1721800800000,3439.96,3449.70,3435.36,3439.15,33352.771,1721804399999,114840488.19312,65921,17786.592,61254047.12198,0
1721804400000,3439.15,3450.68,3435.55,3445.74,35342.867,1721807999999,121717293.40159,64890,18270.267,62926756.93605,0
1721808000000,3445.74,3461.59,3441.35,3458.91,75320.584,1721811599999,260250923.98881,109750,39070.579,135007369.11434,0
1721811600000,3458.91,3461.07,3451.25,3458.64,34740.642,1721815199999,120065671.48592,62715,18575.745,64206551.80643,0
1721815200000,3458.64,3471.32,3456.30,3468.35,58739.965,1721818799999,203506332.24955,78697,28983.865,100417391.66797,0
1721818800000,3468.34,3470.87,3456.82,3458.40,41902.543,1721822399999,145102722.71157,73753,17722.252,61369938.59054,0
1721822400000,3458.39,3465.77,3441.82,3446.58,82888.518,1721825999999,286266386.21179,103901,38027.251,131338612.77811,0
1721826000000,3446.58,3470.68,3437.00,3440.01,122398.479,1721829599999,422963367.11180,160103,61261.838,211697926.13681,0
1721829600000,3440.00,3457.97,3428.00,3433.64,150037.681,1721833199999,516537652.12550,195698,74480.597,256447444.42686,0
1721833200000,3433.64,3435.67,3407.03,3413.50,167827.986,1721836799999,573932923.88367,220992,79061.369,270380988.25820,0
1721836800000,3413.50,3424.84,3400.86,3419.26,107226.308,1721840399999,366160934.90247,167537,52061.543,177826053.81663,0
1721840400000,3419.25,3431.66,3415.18,3416.66,56860.639,1721843999999,194640015.49104,92462,27926.661,95604311.68437,0
1721844000000,3416.66,3423.69,3370.10,3381.95,201246.278,1721847599999,682338244.49553,255078,89446.996,303301807.42554,0
1721847600000,3381.94,3401.19,3355.05,3362.22,148577.902,1721851199999,501678657.90284,195601,68152.513,230144027.29102,0
1721851200000,3362.22,3375.39,3359.23,3374.69,69376.049,1721854799999,233831218.53614,95261,37695.666,127059070.56003,0
1721854800000,3374.69,3375.01,3285.69,3335.00,308691.866,1721858399999,1027753372.65785,343654,126926.404,422795864.79187,0
1721858400000,3335.00,3337.12,3312.25,3327.81,104873.778,1721861999999,348957584.95724,160746,53492.108,177993797.59784,0
1721862000000,3327.82,3337.93,3310.00,3334.24,97799.335,1721865599999,325308139.36178,145166,51063.421,169865694.55889,0
1721865600000,3334.23,3342.02,3318.79,3323.68,66290.298,1721869199999,220860381.15963,100628,37047.582,123438878.88950,0
1721869200000,3323.64,3323.65,3176.69,3213.11,854191.382,1721872799999,2758785232.65426,852029,375450.392,1211629053.02926,0
1721872800000,3213.08,3213.26,3148.78,3182.47,291953.487,1721876399999,927950466.30462,379857,129318.325,411189476.03835,0
1721876400000,3182.47,3183.13,3153.16,3166.40,147294.035,1721879999999,466715630.97803,197167,70974.818,224931435.84450,0
1721880000000,3166.41,3188.98,3125.37,3181.89,191895.034,1721883599999,606696239.46188,237292,95597.886,302470600.99409,0
1721883600000,3181.90,3192.85,3173.37,3181.41,98420.951,1721887199999,313344903.73566,126789,48362.638,153998393.89882,0
1721887200000,3181.41,3184.16,3162.01,3169.16,93901.726,1721890799999,297983738.74913,133947,45616.377,144756043.59821,0
1721890800000,3169.15,3182.63,3159.01,3170.22,98457.117,1721894399999,312284711.30945,124028,49812.341,157999498.70508,0
1721894400000,3170.22,3179.79,3151.16,3175.47,118986.916,1721897999999,376688267.55328,161439,61927.435,196100098.96003,0
1721898000000,3175.48,3186.58,3168.30,3173.99,68502.772,1721901599999,217659130.39772,101748,34896.089,110880272.07684,0
1721901600000,3173.99,3175.00,3153.00,3168.05,102900.205,1721905199999,325415574.29543,138479,52193.810,165066065.18697,0
1721905200000,3168.06,3178.99,3167.57,3170.88,66905.216,1721908799999,212360591.20615,92525,30925.847,98164665.87563,0
1721908800000,3170.89,3182.56,3136.09,3150.15,184343.858,1721912399999,581755004.26495,227632,89800.415,283406411.57372,0
1721912400000,3150.14,3167.95,3126.78,3153.76,213323.708,1721915999999,671462818.77871,286853,110321.657,347348691.14559,0
1721916000000,3153.75,3176.96,3103.50,3170.63,353879.633,1721919599999,1112428276.44769,402449,166423.482,523547505.07099,0
1721919600000,3170.63,3173.93,3130.12,3140.81,172154.206,1721923199999,542015729.58976,222664,88550.161,278786995.04623,0
1721923200000,3140.81,3171.00,3131.32,3153.92,127354.300,1721926799999,401570533.67150,186787,65260.398,205761523.72061,0
1721926800000,3153.94,3170.00,3150.50,3164.51,67956.661,1721930399999,214965245.97251,115959,35297.102,111650795.14782,0
1721930400000,3164.52,3170.00,3096.54,3114.21,194055.350,1721933999999,607288663.79195,229451,86552.740,270960463.53453,0
1721934000000,3114.22,3138.56,3100.05,3122.04,158858.905,1721937599999,495477030.01699,218162,77770.038,242580398.86524,0
1721937600000,3122.04,3155.54,3085.57,3153.61,204667.035,1721941199999,637301333.50694,252722,108738.436,338895227.52590,0
1721941200000,3153.61,3198.00,3149.23,3175.56,198089.199,1721944799999,628561064.79405,235705,105190.839,333862726.62168,0
1721944800000,3175.56,3186.13,3160.40,3163.79,81499.497,1721948399999,258448934.96577,114134,36358.775,115317495.32730,0
1721948400000,3163.78,3178.57,3161.66,3173.67,48401.362,1721951999999,153495319.10796,70613,23082.611,73207876.58746,0
1721952000000,3173.67,3196.78,3169.14,3191.28,95772.985,1721955599999,304912419.81957,129926,50730.783,161512219.84519,0
1721955600000,3191.28,3207.93,3173.62,3183.81,120701.360,1721959199999,385008126.94075,159779,62491.653,199345389.04699,0
1721959200000,3183.82,3252.44,3183.82,3243.14,203986.870,1721962799999,657520618.69539,251459,111282.024,358665350.95274,0
1721962800000,3243.14,3258.35,3231.28,3235.15,150631.847,1721966399999,488733627.97469,192586,66594.507,216109419.34225,0
1721966400000,3235.16,3253.99,3231.03,3253.03,93175.661,1721969999999,302446147.54235,112960,46234.974,150068524.42143,0
1721970000000,3253.03,3268.26,3242.65,3267.56,84538.810,1721973599999,275370829.61083,106294,45627.241,148663980.02471,0
1721973600000,3267.56,3273.00,3259.01,3265.21,96363.102,1721977199999,314743113.21123,108378,47716.524,155875833.11269,0
1721977200000,3265.21,3274.95,3245.44,3249.62,109539.889,1721980799999,357038925.49040,113486,49779.096,162283139.32061,0
1721980800000,3249.62,3258.57,3248.40,3252.42,57849.031,1721984399999,188214851.33863,71619,28987.416,94318649.31174,0
1721984400000,3252.41,3262.72,3248.65,3249.07,61771.071,1721987999999,201146195.52751,81775,28991.698,94421259.24418,0
1721988000000,3249.07,3253.00,3235.78,3244.72,89878.492,1721991599999,291488267.47527,104614,42114.200,136586398.58140,0
1721991600000,3244.72,3247.85,3232.26,3245.36,63359.995,1721995199999,205335558.23432,75447,31421.413,101840091.02565,0
1721995200000,3245.36,3254.31,3227.70,3240.95,84166.224,1721998799999,272825117.38069,119412,39558.099,128268001.78175,0
1721998800000,3240.95,3253.32,3228.73,3248.16,139598.219,1722002399999,452481570.09975,180895,71884.364,233030957.24292,0
1722002400000,3248.15,3269.98,3218.00,3239.27,256686.003,1722005999999,832565765.49601,307135,126433.190,410142999.21701,0
1722006000000,3239.26,3263.62,3237.22,3253.84,110392.080,1722009599999,358969764.52724,155360,55634.397,180928285.84063,0
1722009600000,3253.83,3261.89,3242.04,3245.00,60082.512,1722013199999,195471369.22055,104729,26998.206,87852646.95096,0
1722013200000,3245.00,3253.82,3241.16,3246.14,46889.855,1722016799999,152178984.00741,71799,26424.988,85764552.63501,0
1722016800000,3246.14,3261.90,3245.18,3258.99,57057.717,1722020399999,185714775.35266,82526,31818.367,103571917.65493,0
1722020400000,3258.99,3284.45,3256.83,3272.89,101947.101,1722023999999,333554781.38713,132220,57290.208,187459520.21380,0
1722024000000,3272.89,3273.53,3249.19,3253.41,57746.361,1722027599999,188176502.84228,80694,26567.375,86581319.41094,0
1722027600000,3253.40,3272.00,3250.23,3263.20,43392.313,1722031199999,141571708.54782,68794,22775.705,74302755.20260,0
1722031200000,3263.21,3284.93,3261.20,3277.80,46862.149,1722034799999,153455037.75475,63984,25464.624,83387536.48340,0
1722034800000,3277.82,3284.33,3272.00,3272.82,25004.140,1722038399999,81968134.60297,39464,11871.358,38920752.38377,0
1722038400000,3272.81,3273.46,3256.52,3257.96,56513.074,1722041999999,184496926.11294,70841,25935.470,84663933.86002,0
1722042000000,3257.95,3260.96,3242.40,3245.40,61060.813,1722045599999,198597615.07574,67308,26034.597,84693556.81869,0
1722045600000,3245.40,3259.20,3242.22,3257.26,44607.462,1722049199999,144948242.71609,60501,26649.222,86603431.14033,0
1722049200000,3257.27,3259.60,3241.52,3243.80,37884.028,1722052799999,123013300.24821,59466,18040.422,58577799.75696,0
1722052800000,3243.74,3256.56,3243.00,3253.01,22764.097,1722056399999,73989136.32242,39383,13880.672,45117180.23751,0
1722056400000,3253.01,3259.56,3251.17,3253.27,25751.484,1722059999999,83839906.07014,36792,13181.528,42921104.74250,0
1722060000000,3253.27,3269.51,3252.65,3269.04,29442.582,1722063599999,96019235.83407,42107,15326.946,49988221.75717,0
1722063600000,3269.05,3276.41,3261.27,3270.41,58861.614,1722067199999,192488535.65975,74769,26821.771,87723594.25479,0
1722067200000,3270.41,3281.91,3261.00,3266.77,72496.217,1722070799999,237277119.66619,80772,33778.695,110595041.48607,0
1722070800000,3266.76,3279.00,3263.00,3275.08,31707.193,1722074399999,103778904.02008,50191,16589.750,54298532.81084,0
1722074400000,3275.08,3278.10,3268.80,3270.42,24749.592,1722077999999,81011653.09936,43033,10973.264,35918575.45319,0
1722078000000,3270.42,3277.85,3261.80,3277.00,36750.195,1722081599999,120127944.51513,49167,19111.360,62473902.39135,0
1722081600000,3277.00,3297.00,3276.63,3286.27,93369.073,1722085199999,307052781.75474,117881,47478.652,156125210.25222,0
1722085200000,3286.26,3326.90,3285.69,3315.91,180890.947,1722088799999,598713529.59112,198894,94713.824,313475046.09483,0
1722088800000,3315.91,3322.60,3290.05,3310.00,96805.363,1722092399999,319975854.68452,136364,44115.273,145829822.63265,0
1722092400000,3310.00,3314.17,3267.91,3279.79,147938.828,1722095999999,486345374.87238,178237,62036.252,203947488.99485,0
1722096000000,3279.79,3290.58,3267.19,3270.86,106621.279,1722099599999,349597965.22265,124438,51501.390,168888251.26397,0
1722099600000,3270.86,3272.50,3255.00,3259.27,98910.856,1722103199999,322859777.66980,130502,48407.711,158050727.32644,0
1722103200000,3259.28,3273.43,3243.13,3247.76,92591.228,1722106799999,301762675.20856,114320,45431.745,148141349.03674,0
1722106800000,3247.76,3261.86,3226.03,3259.99,149509.906,1722110399999,484771802.31107,194997,71358.291,231422977.45359,0
1722110400000,3259.99,3261.23,3188.89,3241.23,423703.902,1722113999999,1368201765.31525,489586,200281.896,646908703.77363,0
1722114000000,3241.23,3293.95,3231.94,3282.68,177536.061,1722117599999,581123876.61524,235839,92700.823,303394835.69942,0
1722117600000,3282.68,3288.00,3273.56,3273.95,37244.143,1722121199999,122164380.12155,69475,18382.585,60300502.66869,0
1722121200000,3273.96,3274.46,3245.06,3248.17,73800.723,1722124799999,240296321.30677,96431,32191.979,104815095.97592,0
1722124800000,3248.16,3251.46,3224.06,3245.15,86038.989,1722128399999,278607982.22453,129110,45630.034,147773182.43965,0
1722128400000,3245.14,3255.41,3239.56,3245.84,35096.571,1722131999999,114013447.66026,56381,17300.231,56199439.92457,0
1722132000000,3245.83,3251.00,3240.14,3250.85,29245.570,1722135599999,94925424.07026,42386,17529.776,56898451.78980,0
1722135600000,3250.82,3251.08,3236.24,3236.80,35019.393,1722139199999,113617987.15973,44986,16703.687,54196247.93168,0
1722139200000,3236.79,3242.89,3210.01,3216.91,61036.322,1722142799999,197138114.72376,75240,26177.371,84569759.72596,0
1722142800000,3216.90,3220.47,3195.84,3217.20,94509.463,1722146399999,303325034.86817,119870,47892.616,153732927.20470,0
1722146400000,3217.20,3230.99,3215.20,3220.78,56571.088,1722149999999,182350540.56625,68432,28711.731,92551314.40980,0
1722150000000,3220.77,3226.69,3212.15,3226.29,37417.974,1722153599999,120495124.48026,51805,19410.178,62523446.46757,0
1722153600000,3226.64,3227.73,3214.36,3227.53,26766.527,1722157199999,86256946.33989,44770,12151.803,39160470.86561,0
1722157200000,3227.52,3237.28,3225.30,3233.85,35334.130,1722160799999,114185751.96450,56196,18382.768,59405170.75266,0
1722160800000,3233.85,3254.56,3231.54,3246.99,69792.659,1722164399999,226537093.55380,82384,32468.275,105401091.55603,0
1722164400000,3247.00,3264.00,3246.99,3255.00,65035.912,1722167999999,211863298.39865,80239,36953.297,120372294.62432,0
1722168000000,3255.00,3275.27,3252.60,3269.68,65941.670,1722171599999,215346622.00922,87815,35726.082,116678993.77264,0
1722171600000,3269.67,3278.52,3263.69,3273.16,50789.077,1722175199999,166117454.82223,70501,23065.147,75451273.52045,0
1722175200000,3273.16,3274.60,3257.57,3263.68,76510.332,1722178799999,249806622.86615,92872,32278.654,105408557.21097,0
1722178800000,3263.68,3271.76,3259.00,3267.56,37490.161,1722182399999,122400790.67104,59866,18963.559,61923081.59263,0
1722182400000,3267.56,3273.80,3262.31,3264.74,23660.420,1722185999999,77353714.32052,44669,10658.127,34847543.43446,0
1722186000000,3264.75,3271.99,3261.00,3270.44,21331.033,1722189599999,69678722.18870,42664,10953.711,35783954.26975,0
1722189600000,3270.43,3284.57,3266.00,3274.24,54431.273,1722193199999,178305912.90705,79750,29908.360,97980202.21355,0
1722193200000,3274.24,3276.55,3266.98,3270.36,25425.827,1722196799999,83181707.55543,40740,13034.299,42643811.51908,0
1722196800000,3270.36,3272.34,3257.88,3258.12,28227.794,1722200399999,92142758.85145,39851,11863.452,38731170.89897,0
1722200400000,3258.12,3266.38,3250.00,3262.52,37331.641,1722203999999,121550475.43355,48743,16852.892,54888614.19162,0
1722204000000,3262.52,3267.98,3250.14,3258.37,35651.155,1722207599999,116177148.13195,67184,18549.979,60453514.04004,0
1722207600000,3258.49,3272.00,3256.79,3268.03,25787.488,1722211199999,84251274.11765,43661,12806.802,41836389.73229,0
1722211200000,3268.03,3305.70,3265.18,3285.13,143644.963,1722214799999,472399480.81251,192011,74528.820,245138284.49057,0
1722214800000,3285.14,3293.43,3269.75,3276.28,58342.854,1722218399999,191499286.93591,105222,28953.901,95050902.87896,0
1722218400000,3276.28,3330.64,3275.55,3329.79,160705.968,1722221999999,532022613.72124,202188,85994.282,284623068.80025,0
1722222000000,3329.78,3356.64,3326.76,3348.01,145753.824,1722225599999,487485974.56711,196982,74202.336,248162168.38526,0
1722225600000,3348.01,3366.00,3338.63,3342.80,96779.092,1722229199999,324222678.88315,130583,50116.928,167948713.91950,0
1722229200000,3342.79,3374.98,3341.33,3366.50,66961.543,1722232799999,224592046.32328,96055,41194.794,138194532.89574,0
1722232800000,3366.49,3388.00,3363.40,3372.42,149348.852,1722236399999,504164218.80979,166527,76347.620,257765005.54554,0
1722236400000,3372.42,3378.65,3362.06,3366.01,85042.685,1722239999999,286604031.66390,92884,42325.267,142644603.93488,0
1722240000000,3366.00,3378.00,3360.39,3372.07,56724.707,1722243599999,191182813.76639,86031,29114.246,98129950.71123,0
1722243600000,3372.07,3396.07,3371.84,3393.47,93827.147,1722247199999,317532780.76995,111706,46914.961,158790781.91257,0
1722247200000,3393.48,3395.68,3381.43,3383.05,65583.836,1722250799999,222223301.90494,93496,27523.585,93281638.81335,0
1722250800000,3383.05,3387.08,3372.50,3374.03,49182.316,1722254399999,166256029.35298,73682,22910.553,77457459.41803,0
1722254400000,3374.03,3385.82,3368.00,3373.38,98194.605,1722257999999,331427961.08666,126125,47068.672,158883946.89911,0
1722258000000,3373.39,3380.05,3343.30,3347.29,158905.538,1722261599999,533823697.55419,218109,75865.738,254868407.20242,0
1722261600000,3347.30,3350.24,3313.64,3325.00,269865.442,1722265199999,898265344.17892,308360,129512.262,431128433.11020,0
1722265200000,3325.00,3332.80,3288.40,3306.88,245061.489,1722268799999,810157270.91159,288079,120424.071,398110108.91136,0
1722268800000,3306.88,3309.83,3256.56,3270.16,299542.999,1722272399999,981776360.23828,314208,139214.180,456313233.48105,0
1722272400000,3270.16,3320.00,3262.80,3312.00,198727.729,1722275999999,655243751.24539,234136,103382.921,340837616.84475,0
1722276000000,3312.01,3323.47,3301.00,3312.46,121878.005,1722279599999,403772286.61470,132750,60506.974,200527157.84388,0
1722279600000,3312.46,3315.59,3303.00,3310.13,44440.698,1722283199999,147075791.62507,80127,21917.814,72545253.02328,0
1722283200000,3310.13,3328.31,3307.97,3319.72,57906.958,1722286799999,192309308.54527,81320,30168.499,100181841.17943,0
1722286800000,3319.72,3347.89,3312.01,3344.99,75260.565,1722290399999,250522320.53511,101513,42504.157,141509026.11924,0
1722290400000,3344.99,3351.71,3326.62,3328.01,65134.267,1722293999999,217680426.27340,92513,31218.515,104360285.19270,0
1722294000000,3328.02,3335.61,3311.78,3316.87,90457.243,1722297599999,300625529.00749,120903,46230.004,153629557.83625,0
1722297600000,3316.86,3329.89,3280.17,3327.29,171321.027,1722301199999,566489031.43472,209522,82029.306,271275799.51350,0
1722301200000,3327.30,3336.95,3293.98,3299.59,89312.719,1722304799999,296261249.79355,133185,43527.580,144423163.04456,0
1722304800000,3299.59,3313.97,3282.02,3310.60,90594.308,1722308399999,298915545.66659,142428,44822.594,147925270.44258,0
1722308400000,3310.60,3323.61,3309.26,3319.43,45992.536,1722311999999,152554082.84517,75927,24214.265,80319585.00138,0
1722312000000,3319.42,3319.95,3306.16,3317.26,39239.428,1722315599999,130021286.28080,57342,17455.476,57845486.98514,0
1722315600000,3317.26,3318.77,3296.07,3309.99,72901.875,1722319199999,241096912.90288,91149,35867.115,118635019.19551,0
1722319200000,3309.98,3327.80,3307.41,3326.35,47956.007,1722322799999,159193276.86305,75591,26481.009,87912525.80687,0
1722322800000,3326.35,3354.05,3326.34,3339.51,89792.175,1722326399999,299853915.49402,117039,47194.866,157621481.24471,0
1722326400000,3339.50,3354.81,3333.39,3335.64,63404.551,1722329999999,212043569.58272,88321,29373.737,98255055.02538,0
1722330000000,3335.64,3344.22,3327.81,3334.99,50725.661,1722333599999,169214051.42731,76165,21059.396,70255312.92803,0
1722333600000,3334.99,3342.09,3325.70,3335.39,57385.017,1722337199999,191312545.31206,95965,27348.832,91199574.45280,0
1722337200000,3335.39,3340.78,3329.26,3333.35,36544.145,1722340799999,121865821.80986,64694,17912.360,59736901.30696,0
1722340800000,3333.34,3364.15,3322.23,3353.00,105208.745,1722344399999,351816286.05016,149675,53910.879,180337880.55821,0
1722344400000,3353.00,3365.00,3326.52,3328.75,92497.755,1722347999999,309503558.87550,152800,42823.627,143324879.39284,0
1722348000000,3328.74,3332.20,3293.13,3299.77,177977.009,1722351599999,590272140.05581,233993,86584.227,287280658.42943,0
1722351600000,3299.77,3323.86,3290.01,3319.26,120411.324,1722355199999,398550421.86516,166578,63593.082,210491728.28403,0
1722355200000,3319.25,3326.67,3305.28,3307.61,67876.705,1722358799999,225158750.01843,102596,30931.401,102640275.68966,0
1722358800000,3307.61,3309.15,3283.00,3293.00,117572.210,1722362399999,387359115.81224,161780,53157.650,175175075.82445,0
1722362400000,3293.01,3296.74,3273.57,3282.82,94499.222,1722365999999,310356720.96592,132379,40262.340,132269691.74104,0
1722366000000,3282.82,3287.27,3258.63,3271.36,103766.926,1722369599999,339289475.80500,150354,48738.452,159392413.82899,0
1722369600000,3271.39,3282.84,3230.10,3280.00,165014.068,1722373199999,537202971.00454,207145,77041.331,250904677.67886,0
1722373200000,3280.00,3283.99,3260.84,3279.68,31288.825,1722376799999,102405165.55750,59065,16826.153,55073598.44244,0
1722376800000,3279.67,3284.00,3267.11,3277.48,41826.157,1722380399999,137010617.23718,71167,18852.717,61766399.98230,0
1722380400000,3277.47,3282.49,3271.48,3278.17,27722.080,1722383999999,90821645.09013,52743,14065.578,46084287.75381,0
1722384000000,3278.17,3284.30,3260.22,3281.76,51520.177,1722387599999,168645758.20891,94542,25633.143,83911030.08262,0
1722387600000,3281.76,3287.47,3265.08,3282.03,42978.603,1722391199999,140821904.80338,79910,20998.216,68803754.56918,0
1722391200000,3282.02,3303.64,3279.10,3290.01,60661.522,1722394799999,199701408.42791,91619,32402.792,106688338.47335,0
1722394800000,3290.00,3299.99,3286.14,3292.92,31591.993,1722398399999,104044696.45522,60175,17196.557,56639542.11735,0
1722398400000,3292.92,3294.41,3261.21,3277.05,92263.648,1722401999999,302198796.26963,115530,41577.926,136164202.66791,0
1722402000000,3277.05,3307.39,3262.61,3300.49,83482.398,1722405599999,274338576.91234,115428,48651.781,159875468.82187,0
1722405600000,3300.49,3325.00,3297.00,3323.21,97544.452,1722409199999,323194392.30592,129537,49044.441,162493343.64357,0
1722409200000,3323.22,3331.42,3314.35,3316.25,84997.941,1722412799999,282519782.39622,111860,38858.150,129168314.38292,0
1722412800000,3316.25,3326.00,3308.36,3317.78,49615.865,1722416399999,164626089.38221,78628,25570.335,84858304.07481,0
1722416400000,3317.79,3324.00,3311.00,3317.80,36837.932,1722419999999,122215412.24458,63673,19649.742,65192616.22768,0
1722420000000,3317.79,3319.49,3304.97,3308.60,49791.218,1722423599999,164924052.57647,73725,21300.160,70561276.20727,0
1722423600000,3308.60,3322.99,3306.77,3321.85,46771.005,1722427199999,155114295.29733,69194,28420.831,94266039.32027,0
1722427200000,3321.85,3329.82,3313.31,3315.39,65778.494,1722430799999,218418844.35149,99284,32653.963,108440464.86345,0
1722430800000,3315.39,3348.74,3314.23,3330.73,140073.607,1722434399999,467169375.58465,174703,70795.811,236078326.32332,0
1722434400000,3330.73,3339.64,3305.65,3319.88,124883.602,1722437999999,414656433.87487,191530,59410.484,197262844.40032,0
1722438000000,3319.89,3320.78,3294.50,3301.20,111069.187,1722441599999,367327558.88947,163066,48656.586,160907952.18579,0
1722441600000,3301.20,3314.92,3281.41,3289.09,102122.597,1722445199999,336731173.75601,156115,50158.112,165412857.58812,0
1722445200000,3289.09,3326.67,3284.01,3314.29,91592.807,1722448799999,303149416.99059,135776,53222.855,176206014.43432,0
1722448800000,3314.29,3329.37,3286.00,3316.89,165946.988,1722452399999,548377096.47214,246318,82621.814,273101278.16219,0
1722452400000,3316.90,3321.62,3243.26,3265.02,230143.422,1722455999999,753365279.28333,298641,103292.279,338081242.91499,0
1722456000000,3265.01,3270.50,3216.05,3221.69,200820.778,1722459599999,650262940.89917,271890,88738.036,287456446.44939,0
1722459600000,3221.68,3242.70,3212.32,3237.63,105297.536,1722463199999,340079999.23509,164497,59892.247,193484049.16091,0
1722463200000,3237.64,3243.64,3212.66,3241.89,62270.256,1722466799999,201101543.08684,113859,30720.171,99244441.15623,0
1722466800000,3241.89,3242.72,3222.94,3231.48,45529.055,1722470399999,147155039.94173,82546,18251.903,59000689.12534,0
1722470400000,3231.49,3241.83,3212.66,3234.01,86696.377,1722473999999,279923525.01826,148700,43417.880,140214540.60906,0
1722474000000,3234.00,3237.79,3190.00,3210.44,151546.601,1722477599999,486278430.04839,205153,62757.601,201447507.73068,0
1722477600000,3210.43,3212.76,3175.13,3196.57,136398.580,1722481199999,435437273.71910,210376,63957.536,204222759.73072,0
1722481200000,3196.57,3196.57,3169.15,3177.01,83650.945,1722484799999,266191803.77082,156213,38546.510,122692748.19632,0
1722484800000,3177.00,3189.53,3137.64,3146.00,174456.469,1722488399999,551364015.34967,249352,74930.942,236853137.65979,0
1722488400000,3146.00,3184.12,3134.03,3184.12,163415.920,1722491999999,517097893.17611,195427,91149.248,288486123.26960,0
1722492000000,3184.11,3184.12,3162.42,3166.40,85340.132,1722495599999,270731603.18230,111559,41998.391,133232742.68212,0
1722495600000,3166.41,3179.29,3163.20,3165.35,45761.124,1722499199999,145110498.25115,80998,22447.338,71184360.61796,0
1722499200000,3165.35,3183.20,3163.93,3182.78,53982.585,1722502799999,171393070.00848,84207,26335.280,83629331.42946,0
1722502800000,3182.78,3192.85,3178.04,3178.48,59107.512,1722506399999,188313627.36211,90520,27842.309,88723004.09480,0
1722506400000,3178.49,3191.25,3174.36,3189.05,37160.188,1722509999999,118274345.36960,64614,20307.333,64641836.83791,0
1722510000000,3189.06,3192.70,3182.50,3187.13,39018.300,1722513599999,124387811.10652,72083,19078.670,60825729.04744,0
1722513600000,3187.14,3206.35,3185.28,3195.34,78440.345,1722517199999,250755681.53473,117624,38360.494,122634949.96639,0
1722517200000,3195.34,3198.36,3172.43,3181.84,105116.869,1722520799999,334591319.07626,141867,51292.462,163278251.31385,0
1722520800000,3181.84,3186.51,3142.00,3142.00,159610.610,1722524399999,504743596.53592,210090,73764.325,233310241.07535,0
1722524400000,3142.00,3145.33,3100.84,3115.67,346331.510,1722527999999,1080780331.40506,413388,166581.311,519825911.47139,0
1722528000000,3115.68,3122.26,3090.45,3106.29,206513.308,1722531599999,641246711.55069,313749,101590.337,315523945.80116,0
1722531600000,3106.28,3119.76,3088.70,3118.86,152613.948,1722535199999,473173063.02750,222757,80077.356,248325543.33455,0
1722535200000,3118.87,3120.35,3078.40,3091.18,166080.208,1722538799999,514373184.00709,237699,79394.600,245917914.79832,0
1722538800000,3091.18,3134.71,3089.26,3130.30,96315.517,1722542399999,300136966.74357,139377,52880.223,164748008.90936,0
1722542400000,3130.29,3171.57,3120.00,3170.60,131955.534,1722545999999,414987165.11741,181516,65362.620,205552390.61821,0
1722546000000,3170.61,3184.57,3156.70,3175.00,81340.694,1722549599999,257900601.80200,115520,39264.989,124496280.23864,0
1722549600000,3175.00,3219.20,3171.56,3207.74,127226.368,1722553199999,407092547.87636,174762,66967.891,214281764.55773,0
1722553200000,3207.74,3214.38,3197.44,3201.67,72007.204,1722556799999,230885831.08770,96603,31994.708,102593615.09601,0
1722556800000,3201.66,3217.06,3193.00,3193.08,73099.764,1722560399999,234272348.83752,113727,32218.594,103305495.71122,0
1722560400000,3193.08,3193.09,3166.40,3172.00,105754.311,1722563999999,336225866.90898,141612,50801.490,161479969.89986,0
1722564000000,3172.00,3182.68,3134.93,3158.10,141697.792,1722567599999,446722380.29146,185502,68585.615,216241820.48180,0
1722567600000,3158.22,3169.79,3148.67,3166.72,53022.342,1722571199999,167622181.81496,101448,28058.442,88722049.13627,0
1722571200000,3166.73,3174.43,3160.32,3166.87,34889.767,1722574799999,110494089.77719,78142,16156.392,51175202.21544,0
1722574800000,3166.87,3167.48,3139.11,3147.54,81437.728,1722578399999,256856069.21875,107583,38381.549,121082158.14613,0
1722578400000,3147.54,3164.18,3125.00,3153.85,120414.508,1722581999999,378250986.41825,165360,63523.243,199590084.78667,0
1722582000000,3153.85,3156.54,3135.17,3146.02,67961.467,1722585599999,213866386.75844,119268,33282.127,104751948.72313,0
1722585600000,3146.03,3158.76,3132.82,3158.47,61270.450,1722589199999,192807586.51335,113911,32143.388,101179578.22277,0
1722589200000,3158.46,3161.86,3147.96,3151.50,32006.947,1722592799999,100944205.80564,72655,15833.709,49942523.29149,0
1722592800000,3151.49,3162.98,3143.02,3157.31,53053.725,1722596399999,167284763.56332,83794,30215.703,95297899.41950,0
1722596400000,3157.31,3165.61,3150.73,3152.10,47435.165,1722599999999,149764837.01591,84314,21794.313,68815287.88788,0
1722600000000,3152.10,3163.50,3114.24,3152.21,203961.315,1722603599999,641227097.41173,258766,95705.021,300960678.65550,0
1722603600000,3152.20,3181.99,3140.03,3159.11,174888.652,1722607199999,552734196.29534,234933,89827.875,283935684.81644,0
1722607200000,3159.39,3165.15,3028.95,3036.44,505429.580,1722610799999,1564262746.67921,536731,213119.046,659845699.36190,0
1722610800000,3036.44,3046.00,2983.57,3037.51,569767.769,1722614399999,1718906153.55032,620530,274052.207,827021280.03641,0
1722614400000,3037.50,3047.25,3016.00,3026.01,180982.644,1722617999999,548634946.68378,261405,83041.494,251761474.91796,0
1722618000000,3026.00,3041.71,3016.32,3024.59,98971.205,1722621599999,299873079.43053,157769,52156.016,158049403.07789,0
1722621600000,3024.71,3033.59,3003.23,3014.11,102836.002,1722625199999,310540353.80872,155479,48686.264,147058017.78400,0
1722625200000,3014.10,3022.95,2990.64,3010.53,118251.208,1722628799999,355848218.48893,179014,57959.990,174470615.49154,0
1722628800000,3010.53,3041.74,2987.13,3018.71,180333.747,1722632399999,543296533.38662,227824,89130.603,268658842.47045,0
1722632400000,3018.71,3018.99,2965.27,3002.65,213764.615,1722635999999,638862137.44301,254630,96654.717,288918888.84645,0
1722636000000,3002.65,3008.17,2969.40,2977.36,94636.679,1722639599999,283015113.19925,154175,42362.165,126716549.44069,0
1722639600000,2977.39,2999.00,2967.85,2988.11,93430.002,1722643199999,278935181.91869,139969,47687.745,142359312.02760,0
1722643200000,2988.10,3002.49,2938.66,2961.07,161271.176,1722646799999,478995332.65235,212996,73308.951,217911462.32216,0
1722646800000,2961.11,2965.90,2912.50,2954.97,243642.818,1722650399999,715374463.13262,338247,109554.106,321778477.01472,0
1722650400000,2954.96,2971.10,2952.60,2960.58,70638.703,1722653999999,209261844.68273,115964,36515.943,108185771.52692,0
1722654000000,2960.58,2982.21,2956.86,2980.78,69922.815,1722657599999,207825591.82601,103449,39780.176,118237144.86576,0
1722657600000,2980.77,2981.69,2958.87,2964.02,56960.331,1722661199999,169266724.26396,77605,21222.310,63062756.80478,0
1722661200000,2964.02,2974.31,2961.00,2974.28,34388.047,1722664799999,102008041.92715,59879,19013.870,56409478.49233,0
1722664800000,2974.28,2989.90,2972.44,2988.79,48569.341,1722668399999,144791793.80534,73499,29710.098,88572443.76570,0
1722668400000,2988.80,2995.88,2981.21,2982.42,49942.824,1722671999999,149267255.88698,77976,24473.433,73152352.05238,0
1722672000000,2982.42,2987.00,2973.02,2981.11,48219.514,1722675599999,143652635.30081,79681,21385.866,63716480.78915,0
1722675600000,2981.11,2988.98,2975.42,2988.38,33267.164,1722679199999,99233119.93324,67247,17699.448,52799304.62420,0
1722679200000,2988.38,2994.00,2985.01,2990.09,34366.996,1722682799999,102752931.71682,58217,16151.415,48293295.15242,0
1722682800000,2990.10,3004.46,2987.46,2995.44,47856.029,1722686399999,143390732.59601,74883,24706.026,74028562.83749,0
1722686400000,2995.43,3016.61,2993.65,3008.67,75308.250,1722689999999,226487015.30588,111659,36045.265,108413476.43426,0
1722690000000,3008.66,3010.84,2998.05,3006.39,44682.918,1722693599999,134199153.51718,74448,21136.941,63485623.31650,0
1722693600000,3006.40,3013.53,2996.40,2998.36,42080.876,1722697199999,126491627.54855,84896,18733.920,56326038.74715,0
1722697200000,2998.36,3004.00,2937.06,2940.49,223011.088,1722700799999,662175754.18058,256245,94211.162,279797953.81350,0
1722700800000,2940.52,2954.45,2906.62,2934.28,392664.166,1722704399999,1150873349.33994,403263,193142.602,566148443.34567,0
1722704400000,2934.29,2939.83,2896.57,2901.09,188047.069,1722707999999,547752449.34839,273794,86371.716,251676423.34343,0
1722708000000,2901.08,2927.99,2890.06,2902.88,161562.359,1722711599999,469555427.97179,234463,78209.158,227377399.94276,0
1722711600000,2902.89,2920.50,2875.22,2892.38,156629.126,1722715199999,453834547.56772,215362,76257.075,221058356.66846,0
1722715200000,2892.37,2918.00,2883.39,2892.68,118215.552,1722718799999,342952378.04201,173048,57899.436,167997964.95370,0
1722718800000,2892.68,2918.99,2855.00,2911.68,188849.955,1722722399999,544903842.00791,232611,88906.669,256635739.36338,0
1722722400000,2911.70,2921.42,2899.43,2908.04,56173.845,1722725999999,163508092.50040,93883,29496.752,85863587.90516,0
1722726000000,2908.04,2912.91,2892.82,2901.94,75621.617,1722729599999,219567456.61381,107964,34076.295,98943049.90491,0
1722729600000,2901.95,2917.71,2899.72,2912.86,50335.115,1722733199999,146395977.20170,90949,28141.313,81834824.55062,0
1722733200000,2912.92,2913.80,2875.01,2906.04,90790.663,1722736799999,262714661.11320,132936,42414.372,122784129.92008,0
1722736800000,2906.04,2934.66,2904.22,2918.91,80791.261,1722740399999,235800625.40801,123908,41826.082,122093403.53162,0
1722740400000,2918.92,2919.72,2907.24,2914.21,30999.456,1722743999999,90295433.85849,63487,14865.144,43302979.18765,0
1722744000000,2914.22,2918.15,2897.63,2900.72,34068.099,1722747599999,99074267.23718,60370,13011.920,37854561.92125,0
1722747600000,2900.71,2917.23,2898.32,2913.76,33339.390,1722751199999,96966084.98596,59667,18433.343,53612779.49778,0
1722751200000,2913.75,2920.69,2908.93,2916.85,27486.312,1722754799999,80137936.30270,47089,12905.469,37631705.92794,0
1722754800000,2916.86,2917.22,2886.32,2891.55,70539.411,1722758399999,204385610.20169,105126,30387.233,88028706.39273,0
1722758400000,2891.53,2913.48,2874.12,2905.06,95396.777,1722761999999,276241427.85250,138981,52030.279,150762144.89903,0
1722762000000,2905.06,2914.94,2903.15,2911.20,37844.034,1722765599999,110110940.07447,65732,18001.405,52376726.81762,0
1722765600000,2911.20,2915.87,2903.89,2914.43,39282.559,1722769199999,114309382.89598,62903,18926.251,55089367.59462,0
1722769200000,2914.44,2924.80,2909.79,2912.80,46569.143,1722772799999,135793898.80001,71402,25165.303,73399346.93020,0
1722772800000,2912.80,2923.44,2908.59,2922.10,50333.524,1722776399999,146806897.23167,75791,25563.637,74576411.47154,0
1722776400000,2922.09,2924.59,2908.54,2909.51,37005.525,1722779999999,107882180.22663,63594,15971.566,46561097.02173,0
1722780000000,2909.50,2912.78,2850.10,2862.90,314921.564,1722783599999,905026184.20364,326706,149930.402,430920652.90929,0
1722783600000,2862.90,2868.60,2818.00,2826.06,265029.572,1722787199999,752997260.17580,324557,117952.684,335211499.61006,0
1722787200000,2826.08,2837.96,2804.08,2810.00,251380.305,1722790799999,709442265.04022,302995,124928.494,352662928.61435,0
1722790800000,2809.99,2816.15,2613.30,2699.00,1006815.999,1722794399999,2740330811.18672,863795,419698.317,1141996846.46875,0
1722794400000,2698.99,2738.80,2682.16,2728.18,376623.074,1722797999999,1018858610.28942,390822,196965.868,532932599.96382,0
1722798000000,2728.17,2766.00,2708.11,2755.84,250676.828,1722801599999,687174268.06600,283045,130625.655,358154269.45344,0
1722801600000,2755.84,2771.34,2732.90,2750.41,126783.312,1722805199999,348749207.00891,182007,60973.322,167741379.11887,0
1722805200000,2750.41,2751.00,2725.55,2729.06,110417.750,1722808799999,302391805.06510,114543,52034.778,142518909.85771,0
1722808800000,2729.07,2750.97,2717.02,2720.86,137521.645,1722812399999,375887653.78629,193344,69770.626,190751482.76561,0
1722812400000,2720.86,2722.71,2680.00,2687.60,144342.477,1722815999999,389790927.91235,190622,65002.825,175555169.25790,0
1722816000000,2687.60,2695.93,2475.25,2526.04,889093.800,1722819599999,2313525831.87906,826321,383130.953,999012274.37987,0
1722819600000,2526.04,2538.73,2112.00,2317.37,2319816.881,1722823199999,5416608534.64282,2166169,1070167.931,2499882270.71347,0
1722823200000,2317.37,2337.15,2204.18,2332.87,921630.821,1722826799999,2103347701.12280,966273,438821.990,1002432130.94204,0
1722826800000,2332.88,2343.68,2284.12,2311.67,486453.351,1722830399999,1125973885.35891,539388,239231.243,553769459.64669,0
1722830400000,2311.64,2384.97,2305.85,2335.00,415665.383,1722833999999,977033862.87363,462463,204956.469,481745535.66212,0
1722834000000,2335.00,2364.59,2260.38,2310.31,668671.173,1722837599999,1550621734.51877,738736,323581.823,750740481.70384,0
1722837600000,2310.31,2321.44,2150.37,2267.39,1161592.865,1722841199999,2592426861.91032,1188898,563531.114,1258450487.26048,0
1722841200000,2267.36,2367.53,2255.59,2356.42,514293.592,1722844799999,1193949980.46725,608043,266269.517,618146419.05337,0
1722844800000,2356.42,2361.99,2290.01,2324.40,405587.248,1722848399999,943843500.66395,505600,194732.558,453221469.40853,0
1722848400000,2324.41,2337.00,2273.80,2315.90,298302.978,1722851999999,689134861.24922,423599,144887.740,334764469.53828,0
1722852000000,2315.90,2317.90,2222.31,2271.37,428276.835,1722855599999,970545700.75414,521904,202659.634,459359434.47279,0
1722855600000,2271.41,2301.97,2223.50,2289.89,514664.835,1722859199999,1162063456.09969,527319,260047.138,587350882.95990,0
1722859200000,2289.89,2306.38,2196.15,2227.55,573730.364,1722862799999,1289945151.49091,605440,278123.117,625550403.80063,0
1722862800000,2227.49,2348.97,2181.61,2335.88,867616.230,1722866399999,1968702106.10227,848396,436961.743,991655362.43141,0
1722866400000,2336.05,2440.00,2335.36,2401.38,731853.211,1722869999999,1746486812.60370,785388,375087.587,895454510.26602,0
1722870000000,2401.39,2460.00,2380.00,2448.97,453902.816,1722873599999,1099416319.36467,500769,227772.405,552015427.72208,0
1722873600000,2448.96,2518.27,2441.77,2452.59,491764.368,1722877199999,1218704313.63099,525089,251235.556,622638686.82733,0
1722877200000,2452.59,2493.61,2424.41,2468.44,285080.582,1722880799999,700957011.55874,319211,142095.978,349471796.70073,0
1722880800000,2468.44,2471.55,2371.00,2373.70,267672.203,1722884399999,647396628.60252,313251,120016.970,290356924.87539,0
1722884400000,2373.70,2413.16,2363.00,2403.94,291300.269,1722887999999,695775393.72043,368474,149983.565,358315537.13690,0
1722888000000,2403.87,2442.18,2399.79,2435.30,195324.745,1722891599999,473119969.70633,251659,97503.500,236148254.41486,0
1722891600000,2435.29,2473.15,2420.12,2427.26,129057.781,1722895199999,315525886.27168,180949,66887.319,163604592.55111,0
1722895200000,2427.26,2462.46,2417.99,2451.59,115478.260,1722898799999,282161272.37384,183885,57749.434,141126294.64362,0
1722898800000,2451.59,2473.81,2409.17,2418.60,130893.506,1722902399999,319023302.38600,184624,66753.851,162676445.60769,0
1722902400000,2418.60,2542.06,2414.63,2539.71,331132.738,1722905999999,826589099.54752,411163,175738.474,438599825.67469,0
1722906000000,2539.70,2545.91,2497.22,2514.98,195250.258,1722909599999,492799434.06970,296307,93834.276,236820935.39794,0
1722909600000,2514.99,2522.33,2498.55,2505.91,135586.502,1722913199999,340188375.71838,204637,70316.086,176447265.90318,0
1722913200000,2505.90,2507.35,2480.84,2490.40,111223.340,1722916799999,277434388.92414,174721,56685.890,141405052.82153,0
1722916800000,2490.40,2503.40,2476.94,2498.47,108284.094,1722920399999,269679651.38715,180672,56074.085,139662821.78991,0
1722920400000,2498.48,2525.00,2483.24,2523.31,137739.387,1722923999999,345330412.22842,241860,73150.531,183444723.35189,0
1722924000000,2523.30,2533.94,2499.30,2513.38,164894.084,1722927599999,415238206.53308,243118,82006.801,206523254.46990,0
1722927600000,2513.38,2528.50,2492.62,2522.19,138238.099,1722931199999,346879024.13626,201285,68686.483,172393829.15574,0
1722931200000,2522.18,2523.50,2438.41,2459.13,276314.405,1722934799999,683688726.49007,369186,127744.941,316059910.78586,0
1722934800000,2459.19,2469.60,2441.66,2462.31,143625.951,1722938399999,352441808.23761,282830,72085.061,176911425.07656,0
1722938400000,2462.30,2473.98,2444.69,2456.09,114119.033,1722941999999,280487954.51623,212307,55739.141,137017999.40185,0
1722942000000,2456.10,2470.58,2441.04,2457.07,139124.791,1722945599999,341509138.96921,224613,68668.895,168598602.67735,0
1722945600000,2457.08,2467.00,2425.45,2438.00,185653.940,1722949199999,454596819.63820,262931,87743.055,214895506.97285,0
1722949200000,2437.99,2468.18,2412.35,2451.63,324936.862,1722952799999,793876084.32001,455750,168425.702,411673055.18026,0
1722952800000,2451.62,2558.24,2449.41,2522.39,470301.742,1722956399999,1185365632.43815,593417,244557.174,616181966.73430,0
1722956400000,2522.39,2533.28,2492.75,2526.09,177134.158,1722959999999,445258294.52075,283953,88048.921,221342746.31115,0
1722960000000,2526.10,2549.08,2509.77,2529.46,188100.616,1722963599999,475695919.63720,267835,90428.962,228713224.76482,0
1722963600000,2529.46,2541.84,2479.48,2481.48,197608.729,1722967199999,496216043.73187,228932,96834.800,243268475.22689,0
1722967200000,2481.49,2521.86,2480.21,2498.71,147672.645,1722970799999,369529570.99557,200213,80099.639,200444888.48894,0
1722970800000,2498.72,2513.60,2485.68,2491.36,118421.090,1722974399999,295862045.24826,179903,59170.390,147839521.27599,0
1722974400000,2491.40,2501.97,2471.53,2487.12,156144.497,1722977999999,388019970.18024,223211,76792.487,190864962.87784,0
1722978000000,2487.13,2494.73,2473.30,2491.51,75774.755,1722981599999,188258847.88928,110299,34559.033,85866706.07733,0
1722981600000,2491.50,2512.55,2455.58,2474.40,195416.775,1722985199999,483755149.35311,242830,99094.796,245317035.78251,0
1722985200000,2474.40,2483.31,2445.00,2459.87,123988.434,1722988799999,305135244.37900,157463,61590.141,151583448.26326,0
1722988800000,2459.86,2471.40,2430.72,2457.92,185969.866,1722992399999,456201975.95148,252348,87172.707,213901600.76638,0
1722992400000,2457.93,2503.50,2423.50,2499.24,238279.373,1722995999999,587418066.03404,315147,126435.987,311878500.67746,0
1722996000000,2499.23,2529.60,2479.47,2493.69,246403.270,1722999599999,616247776.58093,279972,126233.096,315741950.98537,0
1722999600000,2493.69,2514.85,2489.50,2506.07,136319.287,1723003199999,341029231.20566,167353,70967.980,177541006.29326,0
1723003200000,2506.08,2533.56,2503.05,2515.29,143021.065,1723006799999,360271144.20364,189756,71940.736,181207415.05168,0
1723006800000,2515.29,2533.00,2502.00,2503.79,138986.168,1723010399999,349765661.61576,185597,65303.522,164368397.20083,0
1723010400000,2503.80,2510.97,2491.28,2499.15,114125.747,1723013999999,285414944.71355,158290,56070.133,140238712.43579,0
1723014000000,2499.14,2518.56,2483.53,2509.78,113884.126,1723017599999,284836374.69839,166058,56997.115,142587765.51903,0
1723017600000,2509.78,2525.96,2502.85,2523.56,107345.293,1723021199999,270037682.08943,155500,53535.252,134703261.21131,0
1723021200000,2523.56,2539.00,2511.58,2515.99,145937.676,1723024799999,368607921.87898,222375,71927.334,181715582.85495,0
1723024800000,2516.00,2549.85,2506.03,2506.52,182267.332,1723028399999,460474208.48882,204074,92541.070,233847735.21317,0
1723028400000,2506.64,2513.00,2470.16,2471.82,257367.657,1723031999999,640083373.97137,281605,125197.937,311413272.94024,0
1723032000000,2471.83,2483.07,2447.70,2468.18,252662.618,1723035599999,623058767.86083,287139,129322.159,319028631.46358,0
1723035600000,2468.17,2486.95,2434.78,2446.41,317759.116,1723039199999,781205149.06836,374248,149951.425,368853841.47065,0
1723039200000,2446.40,2454.24,2363.24,2388.78,629363.170,1723042799999,1510563329.94261,615061,296936.189,712973802.82464,0
1723042800000,2388.78,2422.00,2378.14,2411.71,257790.060,1723046399999,618068268.52331,316495,141181.288,338563137.00010,0
1723046400000,2411.71,2414.79,2374.36,2389.95,216288.084,1723049999999,517871591.77020,262796,101050.470,242063454.46454,0
1723050000000,2389.96,2402.55,2353.45,2366.31,253470.250,1723053599999,602054587.29253,318929,121243.684,288100781.33001,0
1723053600000,2366.32,2377.33,2324.89,2343.07,291546.069,1723057199999,685541639.35616,385515,146905.547,345538894.05148,0
1723057200000,2343.07,2361.36,2341.93,2349.68,102451.900,1723060799999,240905267.62180,194500,51248.962,120522207.42928,0
1723060800000,2349.71,2368.55,2307.00,2347.95,253613.676,1723064399999,593691641.32251,330281,127217.041,298002948.42584,0
1723064400000,2348.21,2368.92,2333.22,2358.79,100862.753,1723067999999,237184820.03245,151583,48023.071,112959459.62352,0
1723068000000,2358.76,2361.84,2312.00,2355.15,132334.670,1723071599999,309188059.96671,198300,64686.055,151086264.85712,0
1723071600000,2355.16,2363.96,2331.17,2341.41,88739.819,1723075199999,208420049.57169,128054,43247.438,101565358.28108,0
1723075200000,2341.40,2356.17,2318.64,2352.30,159725.833,1723078799999,373565265.95567,231215,80290.159,187774856.06883,0
1723078800000,2352.30,2447.84,2350.76,2438.95,346790.091,1723082399999,833442971.20983,397428,184358.973,443143202.98517,0
1723082400000,2438.96,2464.28,2435.75,2454.02,211087.495,1723085999999,517922992.77778,256532,101445.184,248935077.39396,0
1723086000000,2454.02,2458.00,2428.14,2429.21,122611.047,1723089599999,299740522.20453,153990,56458.262,138046546.06775,0
1723089600000,2429.21,2444.25,2416.79,2421.37,91160.264,1723093199999,221608264.94763,151543,46990.871,114269817.41736,0
1723093200000,2421.37,2433.97,2418.00,2421.98,82421.663,1723096799999,200025457.74355,119159,46749.086,113467209.77471,0
1723096800000,2421.99,2439.00,2410.04,2431.56,88730.481,1723100399999,215339521.51180,139655,49131.903,119293536.14347,0
1723100400000,2431.57,2432.48,2410.35,2413.04,92194.766,1723103999999,223187299.02067,148285,42408.293,102687911.48110,0
1723104000000,2413.07,2431.99,2407.08,2426.32,80840.944,1723107599999,195613168.73418,133442,42607.334,103108309.06775,0
1723107600000,2426.31,2451.51,2413.12,2435.79,126879.661,1723111199999,308861197.20434,176557,64222.589,156387942.96765,0
1723111200000,2435.80,2448.09,2424.76,2445.65,94001.210,1723114799999,228988130.83151,154181,47748.410,116327559.13652,0
1723114800000,2445.64,2459.48,2438.94,2446.11,102475.576,1723118399999,250878905.51896,160841,51541.241,126199032.27993,0
1723118400000,2446.11,2526.00,2437.80,2481.14,438516.228,1723121999999,1090432976.44399,463979,217475.245,541056723.48767,0
1723122000000,2481.14,2485.92,2410.29,2432.86,374641.404,1723125599999,917949569.20883,444310,180481.586,442405477.01153,0
1723125600000,2432.86,2505.50,2428.51,2497.91,352543.446,1723129199999,871308810.31713,399110,188263.781,465139024.65510,0
1723129200000,2497.91,2511.40,2479.31,2505.83,265029.765,1723132799999,660636255.83563,303277,142214.023,354576086.17926,0
1723132800000,2505.87,2593.00,2501.99,2584.04,523322.279,1723136399999,1339216938.51916,569963,269488.176,689343415.76128,0
1723136400000,2584.04,2609.25,2569.69,2577.77,228213.964,1723139999999,589712085.39493,273904,114946.698,297148022.59412,0
1723140000000,2577.76,2594.81,2574.71,2577.51,86908.960,1723143599999,224474781.22302,127005,44910.314,116003283.06375,0
1723143600000,2577.50,2587.50,2563.50,2572.31,100056.013,1723147199999,257895930.97819,138753,48979.053,126271685.60517,0
1723147200000,2572.50,2579.94,2566.00,2568.52,47758.493,1723150799999,122889577.46467,91349,24296.827,62518189.44372,0
1723150800000,2568.51,2650.00,2567.77,2639.33,192600.865,1723154399999,502988901.78564,192463,120784.751,315391137.78391,0
1723154400000,2639.34,2723.77,2615.76,2706.37,391398.563,1723157999999,1041482680.44622,452513,215845.870,574852245.34203,0
1723158000000,2706.36,2721.75,2675.01,2681.59,221061.339,1723161599999,595643500.22693,305412,108791.084,293210408.07796,0
1723161600000,2681.59,2693.99,2650.00,2664.67,221795.970,1723165199999,593016584.67104,273335,105022.214,280847609.51986,0
1723165200000,2664.68,2673.67,2644.44,2669.37,126134.773,1723168799999,335457510.01909,183292,60462.963,160901190.36863,0
1723168800000,2669.38,2681.63,2657.30,2667.40,65511.496,1723172399999,174850983.63346,118813,34872.116,93091962.17029,0
1723172400000,2667.40,2700.00,2665.68,2692.90,101023.690,1723175999999,271412216.86201,151686,55559.643,149296761.27843,0
1723176000000,2692.90,2708.80,2658.00,2658.22,126718.277,1723179599999,340012465.70430,182388,60568.076,162637013.59289,0
1723179600000,2658.22,2677.92,2647.35,2676.03,102719.058,1723183199999,273515797.52281,144481,51915.299,138305052.55743,0
1723183200000,2676.03,2702.88,2673.08,2686.69,115125.099,1723186799999,309451050.24436,167142,59354.027,159561494.23161,0
1723186800000,2686.69,2697.66,2661.60,2668.97,110457.147,1723190399999,295749456.15661,157219,46780.838,125293678.89201,0
1723190400000,2668.98,2674.34,2654.11,2669.65,85225.932,1723193999999,227229291.41875,132039,44508.372,118683469.35823,0
1723194000000,2669.65,2681.08,2650.07,2657.34,111500.989,1723197599999,297061747.51331,172047,59738.335,159202654.29735,0
1723197600000,2657.35,2661.00,2616.69,2633.99,228756.698,1723201199999,602508875.35425,300899,107384.841,282837578.71994,0
1723201200000,2634.00,2642.00,2617.52,2633.46,78835.805,1723204799999,207350226.73780,147344,38876.340,102274819.08475,0
1723204800000,2633.45,2646.82,2607.27,2626.51,134862.210,1723208399999,354196639.29732,209313,65285.073,171525201.30647,0
1723208400000,2626.51,2637.19,2578.25,2614.67,281904.612,1723211999999,733535251.18031,383386,134722.072,350725214.53814,0
1723212000000,2614.67,2663.27,2556.00,2589.86,448503.946,1723215599999,1166673265.15989,574846,226530.988,589359264.39386,0
1723215600000,2589.85,2604.42,2555.25,2557.33,160420.951,1723219199999,413719632.35940,257427,76046.848,196151977.60378,0
1723219200000,2557.33,2594.00,2551.23,2592.33,146519.244,1723222799999,377451199.56208,223120,80458.276,207290426.53509,0
1723222800000,2592.32,2608.49,2583.26,2589.09,103202.356,1723226399999,267782242.41480,145819,51997.971,134952623.39107,0
1723226400000,2589.01,2596.11,2573.03,2585.18,68676.722,1723229999999,177530251.27537,122508,32788.231,84772093.08525,0
1723230000000,2585.17,2598.98,2576.66,2589.17,40319.979,1723233599999,104448034.31045,91094,21520.716,55752906.83539,0
1723233600000,2589.18,2606.12,2585.64,2591.28,46516.255,1723237199999,120662957.34856,93243,23437.784,60802385.69629,0
1723237200000,2591.26,2605.59,2560.40,2600.92,102716.895,1723240799999,264837100.63852,146875,53010.335,136706604.42384,0
1723240800000,2600.92,2612.55,2583.30,2596.70,82045.558,1723244399999,213072803.58192,147709,36750.233,95431868.69674,0
1723244400000,2596.70,2600.85,2572.73,2597.90,62187.492,1723247999999,160952016.48870,108671,29990.452,77616569.49186,0
1723248000000,2597.89,2644.43,2574.54,2582.90,192078.683,1723251599999,500582705.82777,260953,99253.691,258806820.02417,0
1723251600000,2582.90,2611.05,2579.13,2598.84,82342.259,1723255199999,214063403.28000,137540,43607.725,113352235.96941,0
1723255200000,2598.85,2613.80,2590.83,2602.87,47497.279,1723258799999,123699932.95110,93186,23874.521,62182689.95923,0
1723258800000,2602.87,2606.01,2591.42,2601.31,36726.558,1723262399999,95477311.25167,80602,18034.516,46889449.36302,0
1723262400000,2601.31,2603.44,2586.60,2598.42,38498.034,1723265999999,99931009.13770,79430,18469.514,47944764.05020,0
1723266000000,2598.42,2609.39,2593.14,2604.83,35614.667,1723269599999,92682257.46747,73129,18139.672,47216091.17419,0
1723269600000,2604.83,2624.83,2602.47,2618.91,62113.633,1723273199999,162465069.66721,100629,32579.362,85225942.37322,0
1723273200000,2618.91,2637.28,2617.21,2633.06,67661.873,1723276799999,177837681.31715,109180,35303.354,92797130.31897,0
1723276800000,2633.06,2639.34,2621.18,2628.12,61032.308,1723280399999,160428975.05214,96316,28438.319,74765966.78702,0
1723280400000,2628.13,2639.75,2624.24,2631.05,51803.963,1723283999999,136407869.48717,87225,24725.701,65107844.53333,0
1723284000000,2631.05,2637.99,2622.85,2628.15,42842.264,1723287599999,112650152.71535,72518,21003.698,55232930.05852,0
1723287600000,2628.14,2642.02,2626.40,2635.52,44527.568,1723291199999,117311492.90858,71688,25258.578,66556415.64884,0
1723291200000,2635.53,2636.72,2626.91,2629.20,28379.899,1723294799999,74660998.79529,54537,12133.603,31921230.06919,0
1723294800000,2629.20,2630.65,2604.17,2608.11,94688.842,1723298399999,247704047.20625,127003,41484.344,108539377.09286,0
1723298400000,2608.11,2617.43,2602.00,2609.30,44717.339,1723301999999,116740924.20546,80381,24550.216,64103166.71789,0
1723302000000,2609.30,2621.76,2595.08,2598.45,61379.804,1723305599999,160206933.31233,94316,29917.047,78122973.46201,0
1723305600000,2598.48,2607.95,2587.85,2606.12,73847.734,1723309199999,191928820.86986,113956,37603.179,97745787.80385,0
1723309200000,2606.11,2614.98,2597.55,2609.53,35830.657,1723312799999,93358118.08448,63973,16829.154,43862343.66332,0
1723312800000,2609.54,2622.28,2598.00,2599.67,75975.995,1723316399999,198392193.44404,115549,41579.017,108589204.22069,0
1723316400000,2599.67,2610.58,2593.25,2601.60,35968.568,1723319999999,93563071.73288,70606,18671.863,48578006.24298,0
1723320000000,2601.61,2605.96,2594.67,2603.50,21948.257,1723323599999,57073031.35770,49488,11278.116,29332230.30702,0
1723323600000,2603.49,2616.99,2602.68,2611.74,35227.762,1723327199999,91955096.27043,53105,18127.310,47314651.59539,0
1723327200000,2611.74,2612.18,2603.00,2604.87,18161.637,1723330799999,47339793.50897,49159,8839.992,23042869.45953,0
1723330800000,2604.75,2609.25,2598.40,2608.76,22613.821,1723334399999,58868137.99420,41767,9868.665,25691632.37583,0
1723334400000,2608.77,2628.60,2604.50,2623.48,63009.885,1723337999999,165069053.29436,102944,34345.144,89979054.01147,0
1723338000000,2623.48,2630.89,2617.00,2628.13,38139.970,1723341599999,100076493.00054,67092,18881.237,49551146.50775,0
1723341600000,2628.14,2630.57,2620.83,2623.62,20760.638,1723345199999,54509333.48036,45282,8911.777,23399347.11080,0
1723345200000,2623.63,2674.29,2623.63,2645.46,139230.617,1723348799999,368906921.71713,185697,73737.322,195362801.96882,0
1723348800000,2645.46,2652.92,2632.03,2643.25,66625.449,1723352399999,176055489.97815,105993,34366.640,90837177.60229,0
1723352400000,2643.25,2665.87,2641.87,2660.00,41497.795,1723355999999,110135619.34957,73221,20945.398,55588244.67521,0
1723356000000,2660.01,2664.73,2650.00,2658.50,54599.068,1723359599999,145102482.34114,87659,25075.444,66646027.17800,0
1723359600000,2658.51,2682.00,2658.51,2676.16,92853.151,1723363199999,248037317.37154,122796,47634.134,127266848.24556,0
1723363200000,2676.20,2697.00,2673.00,2684.27,89867.680,1723366799999,241184276.15882,123633,43034.317,115514522.63810,0
1723366800000,2684.27,2720.78,2680.92,2683.13,183212.220,1723370399999,494323250.34115,226518,90703.959,244830920.91187,0
1723370400000,2683.13,2694.37,2672.68,2674.69,93327.421,1723373999999,250250368.45795,131696,43417.341,116445282.65081,0
1723374000000,2674.69,2676.61,2643.48,2651.60,178987.994,1723377599999,475764319.46974,229291,83658.119,222372448.30100,0
1723377600000,2651.58,2654.87,2623.78,2636.50,136087.093,1723381199999,358754630.29697,176623,62096.249,163726713.77282,0
1723381200000,2636.50,2643.92,2615.47,2637.36,110295.403,1723384799999,289991487.39811,154448,58457.979,153771994.70581,0
1723384800000,2637.35,2651.31,2602.00,2614.00,163431.764,1723388399999,430072487.45847,208579,75709.282,199328000.47463,0
1723388400000,2613.99,2622.85,2592.50,2612.63,137798.706,1723391999999,359539471.16661,200454,68982.917,180029216.74605,0
1723392000000,2612.63,2636.88,2602.37,2624.51,98435.058,1723395599999,257588587.04708,135974,54373.086,142308452.69677,0
1723395600000,2624.52,2641.95,2616.50,2635.01,72635.404,1723399199999,191009263.75813,107920,37112.262,97629111.20796,0
1723399200000,2635.00,2645.00,2627.13,2637.31,63590.120,1723402799999,167617184.51697,105128,29988.217,79065488.32041,0
1723402800000,2637.32,2638.26,2595.00,2597.94,140102.835,1723406399999,366011549.52125,198281,67652.278,176706469.70500,0
1723406400000,2597.95,2601.93,2537.76,2555.99,314479.338,1723409999999,806858204.47349,395009,145939.843,374328652.72892,0
1723410000000,2555.99,2584.70,2542.44,2579.36,130023.431,1723413599999,332883059.22149,189412,70116.837,179588565.62626,0
1723413600000,2579.36,2594.12,2540.04,2566.37,142090.139,1723417199999,364357476.27560,236367,70071.461,179698124.46838,0
1723417200000,2566.37,2566.71,2550.39,2554.65,58408.051,1723420799999,149428022.71901,101462,28221.818,72212741.26569,0
1723420800000,2554.66,2577.25,2506.13,2536.41,244463.240,1723424399999,620579326.68798,315011,111210.248,282460847.42247,0
1723424400000,2536.41,2558.96,2528.08,2548.39,93413.615,1723427999999,237791021.79840,168830,50225.494,127883004.86571,0
1723428000000,2548.38,2552.86,2532.75,2550.47,59458.568,1723431599999,151113342.51721,125846,31528.686,80146022.37754,0
1723431600000,2550.48,2557.20,2529.25,2540.19,67274.023,1723435199999,170987263.12634,125945,33766.522,85831803.70482,0
1723435200000,2540.18,2550.90,2533.78,2537.81,38179.376,1723438799999,97066557.98046,85250,19777.326,50282926.56458,0
1723438800000,2537.80,2553.86,2533.73,2552.50,57321.204,1723442399999,145853298.32330,100959,29132.901,74151906.21795,0
1723442400000,2552.49,2561.65,2540.04,2551.33,78703.223,1723445999999,200634397.94919,118910,35105.871,89521878.30484,0
1723446000000,2551.33,2581.93,2514.68,2565.84,215129.821,1723449599999,548784391.64048,304124,108550.449,277099865.33697,0
1723449600000,2565.83,2595.78,2556.62,2561.54,154359.130,1723453199999,398291954.26928,223041,73260.502,189082980.68126,0
1723453200000,2561.55,2598.55,2560.99,2595.29,122473.984,1723456799999,316196431.01767,202856,60023.677,154950340.56371,0
1723456800000,2595.28,2641.76,2586.50,2639.88,249589.230,1723460399999,654180432.88415,295767,133251.128,349291544.85987,0
1723460400000,2639.81,2682.55,2635.00,2672.31,257322.307,1723463999999,685380183.04335,345484,130811.577,348453873.80629,0
1723464000000,2672.31,2698.85,2664.10,2683.65,217334.069,1723467599999,581930777.05163,259727,105510.687,282617978.55319,0
1723467600000,2683.65,2705.14,2602.00,2613.59,412102.479,1723471199999,1093651217.09374,446210,185242.301,491656225.91757,0
1723471200000,2613.60,2721.96,2590.80,2701.11,564670.157,1723474799999,1505504255.66592,670583,298661.549,796026996.52391,0
1723474800000,2701.11,2710.34,2644.00,2687.76,326004.094,1723478399999,872015433.72885,441876,161178.062,431165815.89440,0
1723478400000,2687.76,2697.44,2662.01,2667.02,147776.801,1723481999999,395548035.56405,228827,73790.607,197511840.02419,0
1723482000000,2667.02,2678.14,2652.33,2654.00,87809.404,1723485599999,234040342.37441,143701,44593.544,118890376.54395,0
1723485600000,2654.13,2674.66,2626.26,2631.60,129078.181,1723489199999,342149701.46947,186844,57734.464,153054845.93790,0
1723489200000,2631.72,2663.46,2631.32,2658.96,85669.016,1723492799999,227047355.39682,146092,45948.287,121754900.56891,0
1723492800000,2659.00,2705.00,2657.37,2679.77,143238.058,1723496399999,384374599.68742,187464,74804.711,200719098.46639,0
1723496400000,2679.77,2692.21,2657.00,2682.25,80481.116,1723499999999,215196653.26739,136448,40358.468,107930729.69922,0
1723500000000,2682.24,2703.11,2680.18,2695.08,66376.317,1723503599999,178710283.55469,127604,33789.324,90993899.51651,0
1723503600000,2695.03,2749.97,2693.71,2721.15,228769.807,1723507199999,623937761.20706,290814,128132.518,349473990.42425,0
1723507200000,2721.15,2728.80,2703.35,2716.87,119232.282,1723510799999,323759589.06192,210390,57948.749,157378103.45574,0
1723510800000,2716.87,2732.83,2704.52,2731.68,69776.000,1723514399999,189625776.76073,146375,35866.518,97498037.70471,0
1723514400000,2731.68,2737.38,2689.55,2713.19,127381.815,1723517999999,344848327.46731,184475,57645.945,156063191.23969,0
1723518000000,2713.20,2714.71,2647.31,2655.04,307950.678,1723521599999,822320956.65757,330987,139552.303,372342362.45944,0
1723521600000,2655.04,2660.85,2641.00,2658.61,82720.953,1723525199999,219359488.23468,131722,42800.790,113532020.97006,0
1723525200000,2658.59,2662.90,2649.20,2651.00,51967.139,1723528799999,138057672.89287,93945,27108.930,72031031.95766,0
1723528800000,2651.00,2657.72,2633.51,2653.05,101913.125,1723532399999,269658733.53436,157853,49497.905,131008251.60842,0
1723532400000,2653.05,2660.83,2640.60,2647.14,67784.815,1723535999999,179745696.27746,121124,31581.766,83753662.20721,0
1723536000000,2647.14,2656.77,2631.18,2641.33,91390.825,1723539599999,241374101.88125,137901,42286.317,111716204.02921,0
1723539600000,2641.34,2646.28,2625.46,2640.39,85610.179,1723543199999,225630639.50565,153572,42153.572,111133729.82334,0
1723543200000,2640.38,2643.42,2610.04,2632.25,149020.330,1723546799999,390959324.36400,204650,67101.203,176115842.28146,0
1723546800000,2632.25,2647.04,2629.00,2642.95,59932.943,1723550399999,158110544.37767,115329,29223.599,77111364.63300,0
1723550400000,2642.94,2662.01,2631.35,2648.68,184102.083,1723553999999,487363517.19360,269234,92519.276,244981288.41692,0
1723554000000,2648.65,2673.70,2634.26,2667.60,164607.852,1723557599999,437025697.33726,255697,82789.778,219868742.07629,0
1723557600000,2667.60,2673.00,2630.00,2660.80,194992.218,1723561199999,517014003.25926,278975,90460.280,239900359.17782,0
1723561200000,2660.81,2663.38,2642.00,2650.75,72802.289,1723564799999,192964965.17315,151125,34525.615,91509263.77012,0
1723564800000,2650.75,2716.85,2648.39,2714.40,301566.672,1723568399999,810282118.23346,326126,161994.072,435379129.71919,0
1723568400000,2714.40,2729.05,2700.00,2712.00,234573.823,1723571999999,636330505.00602,274429,99807.177,270827456.17582,0
1723572000000,2712.00,2713.40,2686.00,2696.49,153211.363,1723575599999,413582219.48798,164068,75109.356,202674586.86546,0
1723575600000,2696.49,2717.17,2673.22,2710.17,148947.213,1723579199999,401874489.75278,186309,79820.338,215414169.01329,0
1723579200000,2710.16,2714.16,2696.71,2697.15,50741.511,1723582799999,137291665.15781,82662,24009.502,64970937.80152,0
1723582800000,2697.14,2729.87,2693.00,2729.15,67801.149,1723586399999,184045575.59573,98176,37186.959,100963967.09328,0
1723586400000,2729.15,2733.32,2706.39,2712.49,69363.216,1723589999999,188565872.31490,116628,33342.036,90654176.25205,0
1723590000000,2712.48,2712.51,2691.59,2701.01,59059.129,1723593599999,159527246.64427,86227,29610.705,79983617.79931,0
1723593600000,2701.01,2716.00,2691.85,2714.32,67851.553,1723597199999,183373888.04560,123131,38395.649,103796215.47911,0
1723597200000,2714.32,2719.08,2688.21,2689.36,66564.110,1723600799999,179845939.62749,121898,30941.201,83618223.29737,0
1723600800000,2689.36,2712.29,2684.14,2707.90,63715.807,1723604399999,171912261.51696,112463,35309.198,95269262.28266,0
1723604400000,2707.90,2724.60,2703.64,2707.99,74635.408,1723607999999,202600939.91935,115876,37831.982,102719893.96857,0
1723608000000,2707.98,2723.21,2706.34,2719.36,61704.090,1723611599999,167543906.31974,92169,35813.079,97264304.13565,0
1723611600000,2719.36,2743.55,2714.00,2722.63,106373.689,1723615199999,290417731.52146,151034,57224.058,156244914.94825,0
1723615200000,2722.63,2749.00,2714.73,2726.29,122375.523,1723618799999,334433171.54203,163765,58706.945,160483561.54020,0
1723618800000,2726.29,2728.44,2717.00,2726.46,50799.869,1723622399999,138300788.89398,83804,26500.443,72150814.68981,0
1723622400000,2726.46,2735.88,2712.71,2724.48,81247.488,1723625999999,221442962.92992,132945,37156.141,101287976.73618,0
1723626000000,2724.48,2729.13,2718.00,2720.15,46669.903,1723629599999,127071261.56187,81080,21703.285,59097484.36214,0
1723629600000,2720.16,2763.32,2719.05,2741.45,189553.437,1723633199999,520669433.04758,247262,103870.999,285348216.77525,0
1723633200000,2741.46,2755.03,2723.70,2748.60,149860.273,1723636799999,410572517.22737,220095,74210.857,203337718.20817,0
1723636800000,2748.59,2788.88,2718.44,2730.07,362529.890,1723640399999,996369808.65920,437966,180834.542,497304782.31307,0
1723640400000,2730.08,2737.37,2650.00,2658.04,428211.402,1723643999999,1152728053.38255,513500,192044.923,517111869.86434,0
1723644000000,2658.03,2668.08,2631.00,2651.99,389401.341,1723647599999,1032049535.30215,440454,198866.662,527198490.71127,0
1723647600000,2651.99,2684.60,2636.72,2672.73,232237.574,1723651199999,618049138.43645,290206,116495.022,310124803.44739,0
1723651200000,2672.72,2672.80,2640.06,2663.11,191476.613,1723654799999,508462664.32207,254918,94026.517,249696449.65428,0
1723654800000,2663.11,2671.00,2650.13,2657.37,69617.903,1723658399999,185238126.02617,119399,36395.682,96856401.03727,0
1723658400000,2657.38,2667.52,2645.61,2658.14,62257.298,1723661999999,165322131.93171,107607,30068.533,79862217.40101,0
1723662000000,2658.14,2670.92,2650.16,2667.71,65092.280,1723665599999,173170031.57987,117096,32862.176,87441241.39538,0
1723665600000,2667.68,2677.59,2665.00,2675.10,43439.053,1723669199999,116028424.34244,74568,22033.442,58857765.79702,0
1723669200000,2675.09,2678.79,2661.49,2662.62,40432.570,1723672799999,107987698.21355,65095,17786.760,47513197.25598,0
1723672800000,2662.63,2669.60,2639.69,2668.96,101171.315,1723676399999,268719687.34184,142745,46786.257,124294017.09794,0
1723676400000,2668.95,2672.96,2658.76,2659.82,29310.304,1723679999999,78145822.92058,59560,13220.131,35251606.19939,0
1723680000000,2659.82,2672.26,2653.19,2664.85,61600.136,1723683599999,164122397.51396,109081,28799.193,76727595.99831,0
1723683600000,2664.84,2665.97,2635.45,2643.00,109779.766,1723687199999,291086539.76752,151462,52937.881,140401372.64654,0
1723687200000,2643.01,2663.06,2632.23,2647.60,148326.594,1723690799999,392853964.47730,198912,75710.306,200479261.39664,0
1723690800000,2647.59,2654.87,2645.76,2651.49,26345.602,1723694399999,69842837.95703,56955,14692.953,38950897.52966,0
1723694400000,2651.50,2653.48,2641.32,2651.09,39268.170,1723697999999,103932810.04797,73478,19400.982,51349343.62049,0
1723698000000,2651.08,2655.56,2630.21,2635.75,84088.495,1723701599999,222246286.14731,127989,38818.259,102629923.35700,0
1723701600000,2635.75,2640.81,2607.01,2623.00,172299.229,1723705199999,452054365.72401,231713,82399.461,216235995.89813,0
1723705200000,2622.99,2623.99,2586.50,2613.82,174695.109,1723708799999,455372150.10582,224816,76832.556,200357600.18464,0
1723708800000,2613.83,2621.36,2604.29,2620.66,80565.076,1723712399999,210541775.15283,124852,45637.282,119286602.67570,0
1723712400000,2620.66,2629.37,2616.08,2621.97,74499.466,1723715999999,195437714.43451,109118,35720.902,93713808.75112,0
1723716000000,2621.93,2625.60,2613.01,2616.50,53203.159,1723719599999,139360994.67438,87713,23950.405,62738897.11590,0
1723719600000,2616.50,2643.00,2615.42,2636.54,90270.129,1723723199999,237719099.28760,135027,51402.276,135372584.04028,0
1723723200000,2636.53,2666.65,2632.00,2640.56,222200.212,1723726799999,588778039.45346,275237,114034.556,302226336.48015,0
1723726800000,2640.57,2667.83,2631.86,2661.34,142739.638,1723730399999,378502626.54857,230727,71319.331,189136150.55606,0
1723730400000,2661.34,2668.56,2645.17,2653.16,155996.192,1723733999999,414457322.58952,211478,71404.904,189730229.80258,0
1723734000000,2653.17,2674.17,2645.56,2667.05,131189.751,1723737599999,349154987.61416,171295,62661.263,166777654.57592,0
1723737600000,2666.94,2673.69,2651.20,2656.80,90145.946,1723741199999,239996815.29875,130538,44301.208,117957109.38078,0
1723741200000,2656.79,2659.72,2601.00,2612.68,141813.651,1723744799999,373639866.04444,178231,56181.512,148083166.90000,0
1723744800000,2612.68,2612.68,2541.00,2552.33,481218.631,1723748399999,1233338557.69653,551892,230722.227,591292572.60914,0
1723748400000,2552.32,2556.95,2520.00,2548.09,288149.736,1723751999999,731777391.72134,373324,136225.578,346052123.94217,0
1723752000000,2548.02,2549.57,2513.65,2548.69,160964.553,1723755599999,407873387.59800,214597,73524.387,186373067.29468,0
1723755600000,2548.68,2572.44,2532.00,2570.67,139461.540,1723759199999,355682913.26218,193899,78431.325,200031376.07744,0
1723759200000,2570.67,2588.42,2558.98,2575.07,92775.227,1723762799999,238791724.07761,142958,44694.523,115033091.76794,0
1723762800000,2575.16,2580.22,2565.32,2568.73,57671.732,1723766399999,148378860.53068,90361,28430.012,73157045.36915,0
1723766400000,2568.73,2578.71,2564.69,2571.83,59840.456,1723769999999,153916670.69101,99004,28159.449,72430097.37012,0
1723770000000,2571.84,2578.00,2551.00,2571.52,79298.610,1723773599999,203215249.63579,114830,37135.342,95195615.67272,0
1723773600000,2571.52,2609.04,2559.76,2592.99,152237.880,1723777199999,394310362.62734,188993,75521.468,195559696.59761,0
1723777200000,2592.99,2592.99,2575.00,2578.62,64737.670,1723780799999,167159942.39633,101155,30526.309,78803648.11448,0
1723780800000,2578.62,2596.33,2576.48,2595.62,45423.987,1723784399999,117487026.17371,78936,25358.362,65588085.51888,0
1723784400000,2595.61,2603.00,2590.51,2595.26,63927.903,1723787999999,166052062.90516,92219,31650.080,82216513.89613,0
1723788000000,2595.26,2627.12,2592.22,2625.10,119033.387,1723791599999,310934881.40574,147368,64328.023,168005279.55325,0
1723791600000,2625.10,2627.65,2611.85,2616.00,64903.026,1723795199999,169885304.38234,96463,28460.258,74489917.38515,0
1723795200000,2616.01,2625.37,2609.66,2617.00,69708.228,1723798799999,182476144.02451,96030,36550.438,95704078.97002,0
1723798800000,2617.00,2625.49,2611.00,2625.00,54587.508,1723802399999,142962620.95860,91859,30268.835,79278302.59882,0
1723802400000,2624.99,2625.25,2610.26,2616.64,44620.144,1723805999999,116719722.62459,74837,21681.934,56716654.72594,0
1723806000000,2616.65,2624.00,2604.82,2611.17,89327.249,1723809599999,233495935.29068,109934,39821.337,104097008.93803,0
1723809600000,2611.17,2616.07,2559.50,2574.11,237189.916,1723813199999,612664811.95403,288815,113119.918,292139236.01547,0
1723813200000,2574.11,2619.00,2565.12,2592.80,331002.396,1723816799999,859149512.46240,381606,165308.721,429101973.73555,0
1723816800000,2592.42,2599.38,2569.77,2580.65,153871.637,1723820399999,397647939.60298,250604,75778.671,195892893.80876,0
1723820400000,2580.65,2592.50,2549.15,2567.50,206050.036,1723823999999,529320336.00329,231308,98929.550,254207309.11711,0
1723824000000,2567.50,2609.96,2562.54,2593.14,175783.642,1723827599999,455399195.81019,221212,96841.867,250846895.06427,0
1723827600000,2593.14,2614.79,2566.85,2609.97,147711.954,1723831199999,382366950.42790,206571,76767.554,198785121.28395,0
1723831200000,2610.03,2630.73,2602.73,2613.14,189450.842,1723834799999,495650710.95717,218372,104197.477,272677220.16380,0
1723834800000,2613.14,2628.44,2611.00,2619.10,93459.489,1723838399999,244911425.88783,128889,47544.883,124614117.14027,0
1723838400000,2619.12,2625.14,2607.08,2607.08,78022.421,1723841999999,204248017.93454,102281,37405.716,97905387.44452,0
1723842000000,2607.07,2611.48,2589.20,2600.02,73232.321,1723845599999,190436536.02607,87034,27809.231,72310926.55577,0
1723845600000,2600.02,2604.81,2592.56,2594.59,29790.036,1723849199999,77430055.23234,57179,15999.275,41591963.32961,0
1723849200000,2594.60,2598.24,2585.49,2591.52,43285.118,1723852799999,112169762.68210,66546,20845.269,54022611.93650,0
1723852800000,2591.53,2600.96,2585.81,2598.01,40033.208,1723856399999,103823142.52646,75008,23170.840,60105060.69678,0
1723856400000,2598.01,2606.80,2594.72,2602.24,43442.179,1723859999999,113014500.65387,72955,25451.112,66208935.16434,0
1723860000000,2602.23,2606.81,2595.13,2597.16,28433.024,1723863599999,73919322.91374,52836,12575.263,32696244.81918,0
1723863600000,2597.16,2598.96,2586.72,2594.48,31736.971,1723867199999,82279334.73689,60916,15859.016,41117793.27321,0
1723867200000,2594.48,2601.60,2591.02,2599.74,25562.884,1723870799999,66395071.00762,46718,12857.622,33397943.21539,0
1723870800000,2599.75,2601.33,2594.56,2599.59,23842.979,1723874399999,61941966.42277,34146,8891.425,23102857.84362,0
1723874400000,2599.59,2602.29,2594.66,2595.88,17446.522,1723877999999,45331620.77239,35958,7850.476,20400861.93929,0
1723878000000,2595.88,2599.51,2588.94,2598.88,29173.765,1723881599999,75697614.91982,45346,14059.555,36488659.77283,0
1723881600000,2598.89,2600.94,2592.65,2600.10,25103.159,1723885199999,65199301.89430,39487,12277.100,31890023.98687,0
1723885200000,2600.10,2606.47,2595.15,2602.77,34874.970,1723888799999,90701930.03588,54711,18749.521,48766182.17302,0
1723888800000,2602.77,2605.00,2594.00,2595.38,35807.173,1723892399999,93020034.28791,51982,14174.817,36828778.07365,0
1723892400000,2595.38,2599.99,2591.20,2597.90,24206.657,1723895999999,62847152.17210,41885,10778.060,27987340.09417,0
1723896000000,2597.88,2603.50,2595.44,2601.84,23983.357,1723899599999,62354071.87851,40947,12353.357,32118572.31929,0
1723899600000,2601.84,2613.14,2597.88,2603.19,67382.607,1723903199999,175605553.41851,87923,33573.843,87509250.83481,0
1723903200000,2603.20,2614.99,2597.27,2612.33,46084.992,1723906799999,120102253.80628,65355,24459.032,63749322.48959,0
1723906800000,2612.34,2618.29,2603.63,2605.56,49455.627,1723910399999,129155088.18164,75427,25097.005,65552726.23135,0
1723910400000,2605.55,2628.00,2605.49,2618.86,68781.949,1723913999999,179987970.90170,85431,41095.235,107564670.13214,0
1723914000000,2618.86,2626.75,2613.44,2614.29,46544.007,1723917599999,121930772.99129,67619,20832.955,54576559.74891,0
1723917600000,2614.29,2617.23,2606.20,2609.56,41263.735,1723921199999,107753375.74216,51308,22773.848,59472391.49744,0
1723921200000,2609.56,2615.67,2607.00,2613.79,20365.370,1723924799999,53170776.89663,38668,13092.333,34184117.11424,0
1723924800000,2613.79,2617.04,2609.68,2613.21,16493.450,1723928399999,43103618.04137,37510,7610.988,19893350.77933,0
1723928400000,2613.21,2616.00,2598.54,2606.10,43988.413,1723931999999,114567534.80452,53959,18725.945,48768718.03122,0
1723932000000,2606.10,2613.11,2605.39,2607.67,21086.958,1723935599999,55015416.08805,39961,12012.016,31339754.44793,0
1723935600000,2607.67,2613.62,2605.57,2613.18,15514.612,1723939199999,40490687.82905,31000,7649.117,19964799.89660,0
1723939200000,2613.18,2622.68,2609.48,2615.40,37435.126,1723942799999,97947498.07057,62549,19795.679,51798567.65733,0
1723942800000,2615.41,2618.46,2604.02,2607.12,34444.530,1723946399999,89918392.72337,55757,14578.172,38056505.40867,0
1723946400000,2607.11,2636.52,2603.36,2630.07,87848.581,1723949999999,230184818.70311,103661,52796.229,138387844.20777,0
1723950000000,2630.07,2638.36,2604.00,2605.09,103298.053,1723953599999,270441629.76040,126662,46165.606,120921277.92213,0
1723953600000,2605.09,2607.60,2593.00,2601.51,68301.901,1723957199999,177621107.15983,81683,33881.461,88124075.62627,0
1723957200000,2601.52,2609.46,2597.51,2601.31,33655.317,1723960799999,87637154.59974,52350,15730.104,40963999.90097,0
1723960800000,2601.30,2607.28,2599.92,2605.27,18843.786,1723964399999,49077616.20663,33852,9374.851,24414996.33988,0
1723964400000,2605.27,2607.97,2601.00,2606.75,21186.107,1723967999999,55182200.36229,37496,10845.211,28248755.95295,0
1723968000000,2606.74,2618.49,2604.17,2615.83,36069.887,1723971599999,94201620.06722,54057,18192.186,47507294.41341,0
1723971600000,2615.83,2666.91,2614.15,2644.00,188146.606,1723975199999,496248561.07578,173471,103446.879,272887568.21021,0
1723975200000,2644.00,2663.28,2642.60,2643.01,126436.914,1723978799999,335463985.80750,150289,57126.113,151583350.59375,0
1723978800000,2643.02,2651.66,2640.40,2648.01,52600.697,1723982399999,139175044.74606,73666,28905.368,76488029.88867,0
1723982400000,2648.01,2688.25,2641.42,2665.40,160333.383,1723985999999,427339520.32441,160634,95276.423,254043825.75024,0
1723986000000,2665.40,2682.96,2660.00,2660.19,94378.570,1723989599999,252173488.77299,106644,41514.655,110933712.97842,0
1723989600000,2660.19,2669.52,2655.67,2662.68,57987.131,1723993199999,154417447.08687,75910,28574.398,76108279.28382,0
1723993200000,2662.68,2673.31,2658.07,2671.00,36682.183,1723996799999,97793527.52875,55162,19400.125,51725152.58339,0
1723996800000,2671.00,2677.33,2665.33,2667.59,43947.271,1724000399999,117391918.40588,60004,19128.377,51098774.63358,0
1724000400000,2667.59,2669.49,2641.62,2649.46,92437.632,1724003999999,245140144.66473,108646,39017.612,103468536.11557,0
1724004000000,2649.46,2659.91,2645.37,2658.67,30375.081,1724007599999,80592074.58784,50062,17369.002,46090128.05148,0
1724007600000,2658.67,2669.24,2656.41,2666.70,32243.859,1724011199999,85901843.91737,49923,16385.289,43653057.21571,0
1724011200000,2666.70,2669.52,2661.65,2664.58,21765.875,1724014799999,58030290.84545,36527,10445.429,27850250.87332,0
1724014800000,2664.59,2664.74,2635.37,2642.35,44801.551,1724018399999,118721440.10228,59776,17033.134,45142484.26186,0
1724018400000,2642.36,2656.58,2641.09,2645.00,37010.135,1724021999999,98040217.16931,63632,19595.478,51904497.74149,0
1724022000000,2644.99,2647.32,2608.05,2610.67,155545.713,1724025599999,408492107.34936,171988,74430.224,195507494.16241,0
1724025600000,2610.67,2626.29,2601.80,2611.04,132116.693,1724029199999,345252901.78660,170921,69203.991,180905667.08677,0
1724029200000,2611.04,2638.87,2609.13,2630.28,101530.353,1724032799999,266600233.66561,125705,61527.037,161567125.19369,0
1724032800000,2630.28,2643.45,2625.66,2638.06,54168.807,1724036399999,142663111.50306,86308,31188.882,82160363.31573,0
1724036400000,2638.06,2646.55,2634.38,2643.32,61757.427,1724039999999,163070684.26064,80713,31436.135,83022906.68885,0
1724040000000,2643.33,2647.29,2630.00,2635.45,52173.310,1724043599999,137613806.01796,67912,25843.831,68174890.67872,0
1724043600000,2635.45,2637.28,2618.54,2624.48,65299.992,1724047199999,171495741.67702,79949,29869.912,78452460.95036,0
1724047200000,2624.48,2632.15,2617.09,2624.00,52418.363,1724050799999,137549199.51111,69313,27641.287,72550843.54002,0
1724050800000,2624.00,2631.00,2609.93,2612.59,87555.028,1724054399999,229194242.52012,94048,37653.208,98565683.25228,0
1724054400000,2612.59,2620.85,2609.20,2613.81,47608.678,1724057999999,124514094.76821,67916,23853.590,62396282.13151,0
1724058000000,2613.81,2620.75,2565.00,2578.54,218757.885,1724061599999,566587009.42959,220769,91869.509,237867544.28064,0
1724061600000,2578.54,2584.30,2566.20,2575.02,136057.448,1724065199999,350488927.19648,171850,70481.590,181585436.20661,0
1724065200000,2575.02,2591.10,2569.00,2586.45,73204.775,1724068799999,188716875.98777,103244,38277.183,98711342.89429,0
1724068800000,2586.46,2592.59,2578.20,2584.41,59087.113,1724072399999,152746391.21616,92515,27354.372,70726775.14463,0
1724072400000,2584.41,2603.00,2560.90,2568.77,181186.126,1724075999999,468462841.51737,208025,84526.382,218594315.62197,0
1724076000000,2568.77,2584.58,2565.21,2583.67,110309.827,1724079599999,283917061.40809,169856,64826.269,166890949.53974,0
1724079600000,2583.67,2591.84,2576.85,2583.05,74928.566,1724083199999,193670908.62644,114073,33358.490,86231968.13321,0
1724083200000,2583.05,2588.15,2572.22,2583.81,65446.435,1724086799999,168892515.09872,105577,31281.051,80748295.15792,0
1724086800000,2583.81,2629.97,2576.31,2605.40,219500.099,1724090399999,572232606.55721,234923,122428.590,319110814.07020,0
1724090400000,2605.41,2616.04,2588.69,2607.44,91239.916,1724093999999,237272327.97427,126844,41921.542,109080400.62820,0
1724094000000,2607.44,2611.97,2600.24,2605.32,46590.170,1724097599999,121410939.66258,79917,25170.565,65598614.38600,0
1724097600000,2605.33,2625.00,2602.92,2614.18,56817.625,1724101199999,148569986.64812,90319,29854.796,78054848.51307,0
1724101200000,2614.19,2624.00,2611.47,2613.94,32864.857,1724104799999,86008573.86119,61243,13557.855,35478523.47087,0
1724104800000,2613.93,2625.99,2613.93,2621.61,33867.733,1724108399999,88736568.69860,60003,15938.929,41761400.35812,0
1724108400000,2621.62,2639.98,2614.61,2635.15,67761.059,1724111999999,178200534.22689,104147,35655.334,93778154.15938,0
1724112000000,2635.16,2670.00,2617.05,2658.00,217110.676,1724115599999,575415279.50542,248935,110149.954,292096126.55855,0
1724115600000,2657.99,2676.19,2647.72,2650.35,107833.512,1724119199999,286739005.71391,150854,51595.742,137245243.63821,0
1724119200000,2650.36,2654.72,2643.19,2653.11,51254.965,1724122799999,135771904.47452,75183,26605.041,70473930.48145,0
1724122800000,2653.11,2661.75,2649.50,2660.97,36266.856,1724126399999,96318921.61944,65131,18821.782,49991685.37604,0
1724126400000,2660.98,2670.08,2656.21,2663.35,87531.037,1724129999999,233140520.57487,112508,40908.481,108966345.92140,0
1724130000000,2663.36,2694.96,2663.10,2682.86,150642.273,1724133599999,404155848.81018,179473,79019.821,211969119.92945,0
1724133600000,2682.87,2684.28,2671.11,2674.77,66355.075,1724137199999,177642677.75408,86716,34607.026,92646572.26764,0
1724137200000,2674.76,2676.85,2667.84,2673.67,58307.100,1724140799999,155766862.15619,82569,26597.429,71059795.28055,0
1724140800000,2673.67,2674.75,2655.73,2659.57,69295.131,1724144399999,184513900.82526,97121,31640.484,84245336.18470,0
1724144400000,2659.56,2665.33,2654.66,2659.47,40507.430,1724147999999,107783121.55971,67867,20430.105,54359501.11493,0
1724148000000,2659.46,2662.43,2651.01,2654.82,39551.009,1724151599999,105075102.88657,61666,19557.691,51968574.61785,0
1724151600000,2654.82,2656.80,2637.12,2641.03,95565.617,1724155199999,252922653.33926,113699,38784.222,102664509.90636,0
1724155200000,2641.03,2654.68,2639.40,2645.28,66294.176,1724158799999,175573829.48300,86508,35973.308,95271189.61595,0
1724158800000,2645.28,2649.58,2623.01,2644.26,169457.036,1724162399999,446958588.40527,196976,87488.417,230816907.02136,0
1724162400000,2644.27,2645.54,2582.60,2584.04,331593.176,1724165999999,864491640.87242,372480,154348.098,402498671.08972,0
1724166000000,2584.05,2585.06,2552.50,2573.34,336946.112,1724169599999,865940261.28716,354735,168597.048,433320093.30234,0
1724169600000,2573.35,2581.55,2563.83,2573.01,116937.201,1724173199999,300941347.58293,153622,56511.505,145448251.97907,0
1724173200000,2573.00,2593.10,2568.40,2588.23,83115.470,1724176799999,214492697.89080,99808,51720.378,133510537.73318,0
1724176800000,2588.39,2601.72,2583.49,2588.70,104320.500,1724180399999,270512565.99855,125320,54668.377,141778033.88481,0
1724180400000,2588.69,2605.67,2587.50,2600.67,44509.791,1724183999999,115612120.34933,66562,22891.709,59463934.79829,0
1724184000000,2600.67,2608.78,2587.65,2588.67,44650.437,1724187599999,116044013.42556,70212,20406.104,53045458.44571,0
1724187600000,2588.68,2590.21,2562.04,2583.00,105240.745,1724191199999,271236466.35455,123412,47164.704,121575684.61127,0
1724191200000,2583.00,2592.60,2582.41,2585.91,39681.243,1724194799999,102656405.18126,60722,21441.878,55475507.48506,0
1724194800000,2585.90,2587.03,2570.63,2571.51,41542.845,1724198399999,107107197.55949,68293,18890.977,48706638.76350,0
1724198400000,2571.51,2584.47,2571.08,2575.47,51656.025,1724201999999,133178112.31452,80961,30135.975,77693684.47362,0
1724202000000,2575.46,2584.32,2554.33,2583.61,90147.798,1724205599999,231521874.51484,122740,39473.816,101446910.75935,0
1724205600000,2583.61,2596.93,2581.53,2589.32,51160.371,1724209199999,132481265.69516,85584,25300.746,65522993.74228,0
1724209200000,2589.32,2593.25,2585.24,2590.09,26898.942,1724212799999,69639023.87797,50603,14334.192,37114381.80286,0
1724212800000,2590.09,2593.13,2587.05,2591.07,20489.631,1724216399999,53073092.87151,40767,10119.377,26212973.39510,0
1724216400000,2591.07,2595.00,2589.44,2591.59,22479.681,1724219999999,58273747.43783,43754,11055.869,28660837.15204,0
1724220000000,2591.59,2604.56,2591.10,2599.05,57454.907,1724223599999,149325974.64525,83676,29601.924,76940998.17739,0
1724223600000,2599.06,2605.59,2593.01,2599.22,55060.961,1724227199999,143113082.53730,76698,22768.217,59193348.39284,0
1724227200000,2599.22,2606.65,2576.41,2583.54,99548.765,1724230799999,257740328.53703,139191,45282.473,117265962.23063,0
1724230800000,2583.55,2585.77,2566.03,2579.80,89950.771,1724234399999,231615653.99271,122690,42751.303,110087597.46734,0
1724234400000,2579.80,2588.42,2577.09,2587.47,41992.250,1724237999999,108466361.51630,61535,23221.119,59987232.08550,0
1724238000000,2587.48,2591.02,2575.13,2576.40,39530.285,1724241599999,102095858.02088,64582,19778.039,51080717.94489,0
1724241600000,2576.40,2582.30,2569.56,2577.00,50555.320,1724245199999,130267023.43364,85693,26814.744,69109331.24249,0
1724245200000,2577.01,2599.98,2533.51,2592.81,335443.073,1724248799999,859056683.06104,352809,154170.636,395021466.37284,0
1724248800000,2592.80,2616.88,2575.79,2588.91,435869.313,1724252399999,1132651382.69865,500957,207218.004,538575922.95553,0
1724252400000,2588.91,2609.68,2584.20,2600.44,115447.752,1724255999999,300161485.17538,166882,61771.330,160609777.19642,0
1724256000000,2600.45,2614.14,2591.01,2606.99,93294.802,1724259599999,242697913.58986,132107,46200.879,120201550.78317,0
1724259600000,2607.00,2629.16,2599.08,2624.61,115398.497,1724263199999,302244379.96102,149301,60507.866,158497949.43968,0
1724263200000,2624.62,2643.80,2620.71,2637.45,141915.462,1724266799999,373709575.11723,193572,72605.317,191212946.34490,0
1724266800000,2637.57,2649.33,2625.61,2645.01,167673.194,1724270399999,442477318.22771,206079,81049.007,213897879.58433,0
1724270400000,2645.01,2663.55,2624.25,2629.01,150066.330,1724273999999,396775329.14814,185109,71598.087,189376673.25995,0
1724274000000,2629.01,2646.62,2622.02,2635.92,62548.152,1724277599999,164817656.17708,91332,33709.651,88829523.21945,0
1724277600000,2635.93,2640.47,2628.13,2629.57,48426.274,1724281199999,127550985.26163,69392,22223.833,58541468.78043,0
1724281200000,2629.57,2632.73,2618.00,2629.38,51383.019,1724284799999,134944417.55785,70011,26930.670,70737956.71973,0
1724284800000,2629.37,2639.28,2625.41,2627.52,56550.088,1724288399999,148825506.53146,81208,24976.277,65738435.71169,0
1724288400000,2627.52,2630.32,2620.82,2626.91,42719.453,1724291999999,112180676.70612,65250,21803.351,57259391.84091,0
1724292000000,2626.90,2627.21,2582.27,2601.99,162946.312,1724295599999,424089447.33563,186012,81268.493,211497082.88457,0
1724295600000,2602.00,2617.60,2596.84,2615.18,72508.735,1724299199999,189063225.04413,99575,38435.344,100224367.17829,0
1724299200000,2615.18,2626.00,2612.32,2625.14,49723.711,1724302799999,130170745.62787,77409,27134.565,71055512.58887,0
1724302800000,2625.14,2625.14,2614.46,2618.44,32797.282,1724306399999,85920731.53314,53301,14600.908,38251311.31220,0
1724306400000,2618.43,2628.85,2616.50,2626.10,40781.883,1724309999999,107013979.79498,61857,19944.570,52340237.78924,0
1724310000000,2626.09,2641.95,2624.48,2635.00,55806.534,1724313599999,146868634.52177,80753,31204.621,82137859.82562,0
1724313600000,2634.99,2639.99,2627.40,2632.68,51012.983,1724317199999,134346056.38526,78661,24208.573,63767856.09576,0
1724317200000,2632.67,2635.38,2622.15,2622.82,45009.161,1724320799999,118266018.93916,71085,17867.925,46954587.04543,0
1724320800000,2622.81,2644.00,2618.36,2639.67,77842.844,1724324399999,204954286.58343,102935,46297.234,121937907.81994,0
1724324400000,2639.67,2642.66,2630.60,2640.42,53600.268,1724327999999,141345784.78805,86634,24748.845,65268019.98542,0
1724328000000,2640.42,2643.87,2620.63,2624.22,97096.812,1724331599999,255445507.73467,129548,41454.683,109061231.88083,0
1724331600000,2624.21,2628.88,2608.51,2619.23,122553.399,1724335199999,321024971.49700,172545,58424.459,153047730.79613,0
1724335200000,2619.24,2620.00,2598.00,2600.46,154750.282,1724338799999,403505089.00732,189309,74807.666,195088296.51914,0
1724338800000,2600.46,2611.84,2588.39,2598.30,108612.765,1724342399999,282231119.88480,159505,54200.756,140871708.04829,0
1724342400000,2598.29,2615.67,2596.06,2604.70,102703.757,1724345999999,267691495.91547,129080,52626.037,137165779.85176,0
1724346000000,2604.70,2613.49,2600.00,2602.73,50806.463,1724349599999,132452459.13003,83999,25097.865,65438687.71495,0
1724349600000,2602.74,2618.86,2600.10,2605.13,61289.722,1724353199999,160057025.70766,88237,26741.018,69841188.66949,0
1724353200000,2605.07,2609.82,2597.10,2605.44,37610.108,1724356799999,97946172.97612,70211,18507.367,48205424.72137,0
1724356800000,2605.45,2631.27,2605.18,2623.68,69472.465,1724360399999,181753452.38832,86759,42074.593,110109453.48960,0
1724360400000,2623.66,2625.89,2614.72,2622.32,43197.883,1724363999999,113233383.49657,54583,22982.238,60244044.68698,0
1724364000000,2622.33,2625.00,2618.33,2623.21,21569.553,1724367599999,56556381.35058,41812,10404.037,27281834.65442,0
1724367600000,2623.20,2624.00,2616.57,2622.00,20673.176,1724371199999,54190656.10081,32519,8741.592,22914008.78127,0
1724371200000,2622.00,2652.82,2619.86,2637.42,119483.263,1724374799999,315219184.52078,137414,64341.696,169778525.13133,0
1724374800000,2637.42,2642.00,2630.59,2637.01,48114.038,1724378399999,126902955.75822,75040,18510.309,48827165.55612,0
1724378400000,2637.01,2641.38,2630.54,2633.24,31929.814,1724381999999,84178174.56959,50758,12808.402,33773145.00725,0
1724382000000,2633.24,2638.19,2631.94,2634.64,28014.263,1724385599999,73813469.60077,44231,13937.507,36724909.60493,0
1724385600000,2634.65,2638.99,2632.80,2637.39,25388.329,1724389199999,66930873.58125,41677,12556.907,33107298.52741,0
1724389200000,2637.39,2676.78,2637.38,2673.76,204934.786,1724392799999,545733316.11486,209545,113584.076,302346851.90147,0
1724392800000,2673.76,2688.86,2669.19,2680.83,143730.845,1724396399999,385041763.64921,169421,78843.652,211241371.24815,0
1724396400000,2680.84,2683.58,2665.55,2668.07,62980.141,1724399999999,168339718.71257,86107,29687.507,79342112.48551,0
1724400000000,2668.07,2675.50,2665.51,2673.54,47379.728,1724403599999,126540433.07158,68746,26630.691,71128500.28280,0
1724403600000,2673.54,2679.97,2661.13,2665.47,82343.687,1724407199999,219882470.54555,104035,40759.067,108852790.94833,0
1724407200000,2665.48,2671.17,2663.12,2664.42,33975.885,1724410799999,90624410.54760,57414,16394.081,43736953.74301,0
1724410800000,2664.42,2666.36,2650.00,2651.94,108961.715,1724414399999,289421472.95667,119640,48396.810,128543718.00703,0
1724414400000,2651.95,2668.28,2651.46,2667.67,73130.011,1724417999999,194596845.83857,92196,38072.897,101299800.85495,0
1724418000000,2667.66,2667.67,2646.00,2658.90,103301.290,1724421599999,274219395.93497,127207,55241.488,146634413.11024,0
1724421600000,2658.90,2698.69,2631.01,2648.58,607697.040,1724425199999,1620802012.24598,578911,302862.444,807879669.34838,0
1724425200000,2648.58,2678.71,2645.56,2669.45,208781.703,1724428799999,556159082.44540,228267,96842.202,257954468.73031,0
1724428800000,2669.46,2679.33,2661.62,2677.61,88552.232,1724432399999,236481082.22720,131008,45772.802,122258075.71124,0
1724432400000,2677.61,2730.80,2668.11,2725.99,355582.417,1724435999999,960671478.50440,328214,198324.105,536018998.95487,0
1724436000000,2725.99,2739.92,2711.06,2724.29,237597.344,1724439599999,647594076.32112,267587,114767.086,312857446.32203,0
1724439600000,2724.29,2749.22,2718.42,2744.58,178856.818,1724443199999,489902538.07311,188522,98160.745,268911444.02340,0
1724443200000,2744.58,2761.76,2743.80,2751.32,92750.699,1724446799999,255204847.51495,127939,50255.304,138290956.77759,0
1724446800000,2751.33,2781.12,2751.07,2771.08,126804.169,1724450399999,350940543.93438,163190,67625.184,187183614.76119,0
1724450400000,2771.08,2798.88,2743.00,2758.46,201044.753,1724453999999,558295367.12829,229025,97195.264,270134742.57040,0
1724454000000,2758.47,2768.44,2755.26,2761.58,77538.633,1724457599999,214253274.39278,100208,40103.196,110818086.77318,0
1724457600000,2761.58,2768.44,2751.00,2756.99,70981.864,1724461199999,195870588.68196,97552,32826.308,90584234.81213,0
1724461200000,2757.00,2757.13,2741.12,2751.97,70329.425,1724464799999,193280799.36027,93176,34588.486,95053397.60188,0
1724464800000,2751.97,2760.18,2749.44,2752.57,39682.119,1724468399999,109267285.43800,60980,21140.354,58218922.59536,0
1724468400000,2752.57,2753.66,2742.11,2745.58,33779.974,1724471999999,92853532.76955,55868,16337.395,44912836.01164,0
1724472000000,2745.57,2749.64,2742.20,2745.00,28428.660,1724475599999,78069564.76369,46198,16085.318,44177612.93730,0
1724475600000,2745.00,2754.60,2736.92,2754.57,53352.506,1724479199999,146552574.75064,69923,26301.121,72268835.01761,0
1724479200000,2754.57,2764.20,2751.77,2754.03,53891.095,1724482799999,148590340.35179,84484,28732.357,79227100.68328,0
1724482800000,2754.02,2761.27,2753.61,2757.23,36524.350,1724486399999,100720188.92139,59152,19890.108,54849613.82524,0
1724486400000,2757.23,2779.70,2753.66,2774.98,93467.883,1724489999999,258638235.50740,98320,55332.192,153142087.36820,0
1724490000000,2774.98,2785.78,2765.86,2773.49,78432.737,1724493599999,217552983.22870,94997,41221.528,114367119.33217,0
1724493600000,2773.49,2777.18,2763.15,2767.19,64151.870,1724497199999,177764790.38221,82328,30416.936,84295817.34845,0
1724497200000,2767.18,2770.35,2754.56,2755.35,78591.500,1724500799999,217110994.58830,80860,34371.365,94940519.41215,0
1724500800000,2755.36,2763.07,2750.00,2755.26,98946.773,1724504399999,272792160.40371,101249,43576.667,120144860.46369,0
1724504400000,2755.27,2762.76,2750.79,2757.64,48842.124,1724507999999,134620195.58416,67374,22091.240,60894258.32650,0
1724508000000,2757.63,2762.58,2750.01,2758.21,55952.245,1724511599999,154206755.59973,69365,25349.347,69868570.94076,0
1724511600000,2758.22,2762.63,2752.51,2759.79,43337.542,1724515199999,119527277.23460,66512,18598.856,51303717.36107,0
1724515200000,2759.79,2819.35,2758.64,2812.71,355924.575,1724518799999,996003561.14740,318990,195732.263,547524640.18374,0
1724518800000,2812.70,2812.92,2775.00,2781.79,202416.365,1724522399999,566078337.98832,178081,80100.600,223997017.15924,0
1724522400000,2781.79,2800.56,2769.20,2781.73,144440.796,1724525999999,402371774.86192,155255,79145.364,220571571.33449,0
1724526000000,2781.73,2799.23,2780.84,2791.25,44764.006,1724529599999,125000505.38628,61246,20462.825,57137223.78345,0
1724529600000,2791.25,2806.62,2787.82,2789.81,72726.570,1724533199999,203479506.98761,76220,42617.280,119229655.94546,0
1724533200000,2789.81,2790.72,2729.15,2737.65,195794.183,1724536799999,540197980.16633,216674,72567.790,200371969.61963,0
1724536800000,2737.63,2757.60,2735.19,2750.35,101671.758,1724540399999,279560126.85483,134466,50889.438,139953488.33601,0
1724540400000,2750.35,2769.94,2750.12,2766.40,57918.397,1724543999999,159876211.54282,73110,34847.552,96219904.75851,0
1724544000000,2766.40,2782.62,2751.48,2756.65,108187.633,1724547599999,299335191.76483,133615,54328.559,150404353.28923,0
1724547600000,2756.65,2770.03,2747.00,2757.67,80418.668,1724551199999,221950150.94952,112690,44444.296,122711451.83864,0
1724551200000,2757.67,2765.41,2754.46,2763.00,33095.686,1724554799999,91368637.29361,48016,15733.044,43442160.86349,0
1724554800000,2762.99,2764.60,2754.52,2763.42,34822.891,1724558399999,96078101.43563,62562,16879.118,46572241.76670,0
1724558400000,2763.43,2767.37,2754.06,2765.89,36648.866,1724561999999,101193473.01837,56308,18146.889,50116850.15804,0
1724562000000,2765.89,2769.66,2759.60,2762.30,25055.365,1724565599999,69271529.55984,47553,13341.066,36890529.68758,0
1724565600000,2762.29,2763.09,2751.12,2753.48,36197.566,1724569199999,99765068.75704,53542,16165.980,44557249.81051,0
1724569200000,2753.49,2754.86,2731.63,2742.05,112288.256,1724572799999,307848534.47131,144359,53476.429,146615978.23944,0
1724572800000,2742.05,2753.16,2735.90,2750.61,63821.283,1724576399999,175319665.49525,80537,33785.013,92814994.73868,0
1724576400000,2750.61,2756.78,2744.22,2754.22,37971.481,1724579999999,104423558.69783,62815,18771.120,51631313.24668,0
1724580000000,2754.21,2759.96,2748.66,2752.18,41092.757,1724583599999,113175080.63439,61384,19212.871,52931403.36975,0
1724583600000,2752.18,2758.89,2748.94,2749.68,29008.713,1724587199999,79903872.32847,49450,13886.629,38252120.41274,0
1724587200000,2749.69,2752.91,2744.73,2751.64,27657.645,1724590799999,76045530.42626,47164,13056.740,35899536.41761,0
1724590800000,2751.64,2768.10,2748.43,2762.58,85132.838,1724594399999,234995699.44197,93981,47316.376,130631305.76540,0
1724594400000,2762.59,2772.00,2758.97,2763.88,46190.577,1724597999999,127717994.40699,70639,21889.272,60532245.43809,0
1724598000000,2763.88,2770.55,2758.50,2762.79,37321.529,1724601599999,103144140.56432,58620,15551.226,42986575.53421,0
1724601600000,2762.78,2769.57,2758.56,2762.50,40341.086,1724605199999,111477798.79322,61203,17980.853,49690794.98175,0
1724605200000,2762.50,2773.42,2761.15,2770.17,37132.476,1724608799999,102773085.18656,56864,22342.798,61842979.18277,0
1724608800000,2770.18,2771.53,2759.31,2762.89,27592.393,1724612399999,76326607.50042,49736,13721.865,37956125.56619,0
1724612400000,2762.90,2765.51,2760.89,2764.77,10162.929,1724615999999,28084247.10139,31248,5208.329,14392824.80609,0
1724616000000,2764.77,2771.80,2763.40,2768.58,19092.208,1724619599999,52839015.74396,37027,9583.349,26522263.76284,0
1724619600000,2768.58,2791.66,2767.58,2777.79,73927.047,1724623199999,205691849.36813,96361,40218.722,111904445.14492,0
1724623200000,2777.80,2787.00,2763.99,2769.50,58670.086,1724626799999,162785249.73399,85181,31715.304,88022840.77287,0
1724626800000,2769.51,2779.11,2738.00,2744.47,126225.919,1724630399999,348195076.95114,153055,56888.752,156966226.77123,0
1724630400000,2744.48,2760.97,2740.66,2752.15,80459.299,1724633999999,221358247.74258,112625,38524.994,106016951.75875,0
1724634000000,2752.15,2756.01,2737.58,2744.52,62037.003,1724637599999,170431292.58829,89793,28622.747,78659008.96200,0
1724637600000,2744.52,2747.23,2715.07,2740.20,125410.049,1724641199999,342805637.64684,152228,59891.798,163799467.54389,0
1724641200000,2740.21,2744.56,2737.53,2743.01,38514.146,1724644799999,105579096.66929,59291,22045.420,60435118.66661,0
1724644800000,2743.00,2751.00,2741.10,2750.15,41383.278,1724648399999,113671593.92268,63229,22992.782,63158616.08767,0
1724648400000,2750.15,2750.15,2739.13,2742.59,30540.553,1724651999999,83828476.72232,60270,12966.963,35592545.74520,0
1724652000000,2742.43,2746.28,2732.00,2736.87,60099.175,1724655599999,164565023.95694,90594,27741.457,75969011.26094,0
1724655600000,2736.86,2741.33,2727.08,2731.92,54626.394,1724659199999,149387481.83981,82211,26046.832,71231756.55308,0
1724659200000,2731.92,2742.00,2730.46,2735.49,41894.750,1724662799999,114652818.92581,69123,20640.122,56485857.95180,0
1724662800000,2735.49,2739.74,2705.37,2738.84,125034.956,1724666399999,340823403.88563,153716,58937.739,160738633.45689,0
1724666400000,2738.84,2747.96,2735.24,2735.55,70270.968,1724669999999,192679971.71414,92230,34337.486,94160554.56313,0
1724670000000,2735.52,2745.23,2733.51,2735.81,39263.362,1724673599999,107554426.71347,67695,18884.674,51735750.75455,0
1724673600000,2735.81,2741.18,2716.85,2724.57,88354.927,1724677199999,240974613.66642,111763,40542.189,110609807.04780,0
1724677200000,2724.57,2736.27,2713.31,2726.61,111390.829,1724680799999,303518579.65161,153784,61300.503,167047495.07847,0
1724680800000,2726.61,2730.24,2701.00,2724.16,164028.682,1724684399999,445202881.10227,211709,76075.723,206533199.91346,0
1724684400000,2724.16,2729.22,2700.62,2720.53,97087.040,1724687999999,263771317.16223,131229,46673.340,126828143.27275,0
1724688000000,2720.52,2731.35,2714.65,2725.26,59094.580,1724691599999,160895277.17088,98427,32101.610,87405838.40704,0
1724691600000,2725.25,2729.40,2686.71,2693.46,152399.379,1724695199999,411903166.78662,164732,68824.475,186028752.87197,0
1724695200000,2693.46,2703.62,2673.66,2696.84,154340.039,1724698799999,414977313.33202,179563,72740.125,195632779.41419,0
1724698800000,2696.83,2699.62,2676.70,2679.96,73790.006,1724702399999,198365779.08975,96866,35208.191,94663388.78809,0
1724702400000,2679.96,2692.28,2670.00,2687.24,84360.392,1724705999999,226067462.41448,100602,40190.280,107720056.25561,0
1724706000000,2687.23,2687.90,2665.00,2684.21,85399.220,1724709599999,228571969.72743,101251,39597.866,105996123.99308,0
1724709600000,2684.20,2690.25,2682.00,2685.21,36142.556,1724713199999,97102675.42323,60129,16171.309,43448358.10425,0
1724713200000,2685.21,2691.93,2677.29,2679.25,31790.490,1724716799999,85362679.35421,50388,13957.458,37480035.38817,0
1724716800000,2679.26,2693.10,2672.37,2676.46,60304.044,1724720399999,161765719.20575,88274,29650.241,79539225.55744,0
1724720400000,2676.47,2693.00,2675.31,2678.56,63320.220,1724723999999,170000375.05210,93205,31264.908,83939989.85623,0
1724724000000,2678.56,2688.72,2670.00,2675.88,57247.497,1724727599999,153321368.15408,79258,27295.019,73125447.08218,0
1724727600000,2675.87,2685.30,2665.16,2684.50,65196.552,1724731199999,174414374.41956,80588,34448.378,92192171.03937,0
1724731200000,2684.49,2688.67,2679.28,2685.45,48242.203,1724734799999,129528388.43246,66368,29364.411,78843489.70619,0
1724734800000,2685.46,2699.11,2685.46,2695.20,76711.967,1724738399999,206594126.42661,78266,39839.141,107279474.93755,0
1724738400000,2695.20,2697.39,2671.70,2677.80,86811.151,1724741999999,232937974.19565,101371,38304.678,102777637.65052,0
1724742000000,2677.81,2691.97,2677.14,2686.91,53400.593,1724745599999,143397391.79837,68737,31270.286,83968510.94128,0
1724745600000,2686.91,2691.00,2674.00,2683.74,56667.915,1724749199999,151846316.59668,78307,26412.973,70773031.32056,0
1724749200000,2683.73,2687.62,2667.36,2672.96,84611.750,1724752799999,226460702.42156,102231,39004.745,104384290.62128,0
1724752800000,2672.95,2672.95,2633.61,2636.66,236501.863,1724756399999,626431810.88858,248640,100435.875,265980125.24566,0
1724756400000,2636.66,2637.34,2618.00,2625.59,144956.605,1724759999999,380993737.69794,168976,67989.857,178748031.30495,0
1724760000000,2625.59,2628.13,2604.65,2620.26,147576.954,1724763599999,386309321.94130,185470,69144.692,181057572.66897,0
1724763600000,2620.26,2625.25,2602.03,2608.98,142858.528,1724767199999,373357576.68703,182721,70581.042,184506922.48946,0
1724767200000,2608.98,2612.08,2556.00,2585.30,464364.763,1724770799999,1202135078.43185,413842,225048.097,582695936.96482,0
1724770800000,2585.30,2595.00,2572.07,2577.64,174214.588,1724774399999,450166206.18065,188836,85964.469,222220178.53163,0
1724774400000,2577.63,2586.48,2563.23,2564.74,201808.382,1724777999999,519228801.94457,188624,101763.261,261842431.33665,0
1724778000000,2564.74,2585.30,2561.90,2585.03,89013.155,1724781599999,229351889.55447,103180,48001.729,123701119.86704,0
1724781600000,2585.03,2589.56,2575.33,2584.65,67139.227,1724785199999,173387330.04685,78514,34302.141,88584949.65864,0
1724785200000,2584.65,2590.96,2577.11,2582.85,60638.620,1724788799999,156789148.14860,70864,25355.549,65562594.73883,0
1724788800000,2582.85,2587.48,2572.00,2580.41,33735.802,1724792399999,87039375.75462,54303,16281.192,42010375.82846,0
1724792400000,2580.40,2584.00,2400.00,2489.23,597449.534,1724795999999,1495406459.09097,501249,228486.610,572535451.45355,0
1724796000000,2489.24,2489.89,2388.00,2458.62,675959.817,1724799599999,1652075369.66201,684344,320565.482,783467805.67911,0
1724799600000,2458.62,2467.79,2450.00,2455.98,147841.699,1724803199999,363562545.84132,191768,68322.624,168031500.58319,0
1724803200000,2455.98,2456.00,2425.77,2439.26,162908.978,1724806799999,397954265.61799,214908,74158.966,181153801.87483,0
1724806800000,2439.27,2449.68,2416.56,2441.58,146929.631,1724810399999,357443510.65072,193619,73354.346,178492738.56487,0
1724810400000,2441.57,2463.38,2437.42,2458.58,118668.285,1724813999999,290499115.18989,141795,61902.647,151555748.33658,0
1724814000000,2458.58,2478.76,2457.28,2476.76,135029.765,1724817599999,333481611.19017,137093,72630.607,179368758.66411,0
1724817600000,2476.76,2484.59,2466.40,2471.00,83031.002,1724821199999,205469107.13986,108626,39776.090,98437636.91682,0
1724821200000,2471.00,2483.90,2457.41,2463.05,131032.328,1724824799999,323956242.22553,122962,61145.965,151229647.91771,0
1724824800000,2463.05,2468.93,2460.21,2461.11,54207.572,1724828399999,133591618.48942,78238,25245.613,62218883.47697,0
1724828400000,2461.11,2465.00,2431.18,2435.92,148238.170,1724831999999,363047764.25167,159158,69512.105,170288948.09583,0
1724832000000,2435.92,2464.91,2427.65,2462.08,145138.595,1724835599999,355842699.64670,164147,75980.600,186254939.21161,0
1724835600000,2462.08,2549.30,2460.74,2539.54,253800.585,1724839199999,635718326.26556,265461,148813.925,372821909.58725,0
1724839200000,2539.54,2543.18,2509.34,2520.03,218348.081,1724842799999,550891127.20052,226790,104478.240,263604641.61879,0
1724842800000,2520.03,2533.30,2516.67,2521.50,91320.882,1724846399999,230676865.24748,117993,43146.720,108995731.36791,0
1724846400000,2521.49,2538.00,2519.55,2524.82,77755.845,1724849999999,196609272.13617,106566,36496.417,92293315.65097,0
1724850000000,2524.82,2529.22,2480.64,2482.65,167555.516,1724853599999,420123150.02957,210123,70027.649,175697388.25200,0
1724853600000,2482.66,2530.34,2480.01,2502.34,274668.908,1724857199999,687793792.80439,328336,140419.659,351679271.69033,0
1724857200000,2502.33,2502.83,2467.00,2494.70,221743.924,1724860799999,551164175.82974,270591,110183.634,273927713.17081,0
1724860800000,2494.71,2516.92,2455.04,2513.34,359149.254,1724864399999,891290620.88929,376960,184642.867,458357056.81058,0
1724864400000,2513.35,2527.27,2498.01,2500.68,181874.420,1724867999999,457256489.92553,200371,87283.020,219483716.35979,0
1724868000000,2500.68,2539.14,2496.01,2532.00,136220.957,1724871599999,343268963.06727,176465,68545.229,172709315.54512,0
1724871600000,2531.99,2545.20,2500.00,2503.75,142991.938,1724875199999,360785316.75277,187178,65525.624,165303201.82937,0
1724875200000,2503.75,2553.43,2503.33,2535.86,231417.981,1724878799999,584641173.24603,281021,119825.882,302816682.08579,0
1724878800000,2535.87,2554.19,2526.98,2529.48,83215.860,1724882399999,211431030.93945,130235,39348.304,99989795.50991,0
1724882400000,2529.49,2533.57,2514.97,2531.00,68854.586,1724885999999,173710134.68931,106640,33378.366,84226590.22865,0
1724886000000,2531.00,2535.65,2522.00,2527.31,40605.373,1724889599999,102675414.62599,64572,21262.744,53771830.16877,0
1724889600000,2527.32,2534.50,2517.65,2533.12,67074.569,1724893199999,169535411.50644,102264,32629.257,82470949.83273,0
1724893200000,2533.11,2536.87,2512.81,2520.64,65834.564,1724896799999,166041646.54501,106336,27238.370,68683089.02295,0
1724896800000,2520.64,2530.90,2509.12,2527.28,77018.595,1724900399999,194151668.33965,90761,36192.392,91263178.23583,0
1724900400000,2527.28,2530.80,2519.20,2522.13,38951.666,1724903999999,98371073.78042,58336,20005.790,50538093.38347,0
1724904000000,2522.16,2526.28,2517.10,2523.82,34970.918,1724907599999,88224272.09211,59650,17049.074,43014351.38558,0
1724907600000,2523.81,2540.72,2522.00,2539.52,59212.368,1724911199999,149986537.78164,85404,29264.043,74146041.24187,0
1724911200000,2539.51,2559.14,2535.17,2548.70,114558.117,1724914799999,291995092.04888,134983,63914.601,162946436.42132,0
1724914800000,2548.71,2555.35,2543.15,2546.05,52017.374,1724918399999,132583461.42390,75834,23032.604,58714353.71256,0
1724918400000,2546.05,2550.74,2538.09,2543.75,49439.218,1724921999999,125730521.23926,77528,21804.728,55451674.83865,0
1724922000000,2543.76,2553.99,2540.51,2542.60,44693.530,1724925599999,113876291.86781,76910,23188.581,59086700.44939,0
1724925600000,2542.60,2546.74,2536.16,2540.97,43990.002,1724929199999,111795190.19616,77729,21330.309,54221182.89663,0
1724929200000,2540.96,2573.82,2538.20,2553.72,146554.747,1724932799999,375086953.32099,174000,81861.782,209509446.75243,0
1724932800000,2553.71,2580.80,2550.59,2571.47,144786.071,1724936399999,371674130.35276,182911,80449.806,206625631.27022,0
1724936400000,2571.47,2577.00,2555.33,2569.50,137044.871,1724939999999,351653769.85608,175989,69849.539,179236267.53088,0
1724940000000,2569.50,2578.00,2557.00,2568.05,115691.668,1724943599999,297060407.43596,189964,55407.017,142265421.41835,0
1724943600000,2568.05,2594.00,2566.19,2574.51,169999.844,1724947199999,438822283.06984,213817,83862.095,216510519.93246,0
1724947200000,2574.51,2584.68,2560.61,2568.84,118434.310,1724950799999,304638945.78093,154112,60234.614,154951820.01931,0
1724950800000,2568.85,2578.35,2563.31,2575.40,54396.659,1724954399999,139789574.04594,88344,28003.152,71975153.22186,0
1724954400000,2575.39,2577.38,2508.84,2519.54,290056.133,1724957999999,735991073.64795,323904,129907.378,329564136.16949,0
1724958000000,2519.53,2539.52,2509.55,2527.54,113271.438,1724961599999,286026049.97850,174377,58005.694,146498505.04640,0
1724961600000,2527.53,2542.79,2526.40,2539.21,61435.753,1724965199999,155758527.80106,95587,32942.439,83523414.81806,0
1724965200000,2539.21,2539.43,2528.00,2528.66,31885.629,1724968799999,80759081.73710,58721,15957.662,40420222.94708,0
1724968800000,2528.67,2530.74,2504.11,2523.03,95844.123,1724972399999,241383087.11087,141217,42319.624,106603650.49258,0
1724972400000,2523.03,2530.45,2519.45,2526.28,29586.561,1724975999999,74730034.91990,60008,16964.506,42850238.66808,0
1724976000000,2526.28,2534.28,2516.00,2521.80,61722.680,1724979599999,155801653.26955,94341,31053.078,78387501.86993,0
1724979600000,2521.80,2528.87,2513.56,2523.74,59213.846,1724983199999,149363393.71620,89099,25515.641,64372621.69480,0
1724983200000,2523.74,2528.07,2510.62,2514.00,51749.033,1724986799999,130308034.90431,81739,25913.065,65251186.51931,0
1724986800000,2514.00,2522.48,2503.00,2515.83,78386.858,1724990399999,197023556.06512,108380,43503.002,109371229.39181,0
1724990400000,2515.83,2525.80,2515.36,2517.71,33406.362,1724993999999,84221011.49558,56648,16673.774,42036457.78819,0
1724994000000,2517.71,2518.53,2502.84,2510.26,64102.092,1724997599999,160979896.96544,92802,31865.447,80025294.53940,0
1724997600000,2510.26,2529.86,2505.08,2526.82,73318.532,1725001199999,184616702.69766,95554,39124.028,98521970.61626,0
1725001200000,2526.82,2531.89,2512.81,2515.91,76249.969,1725004799999,192485741.79213,92967,36670.402,92582470.95009,0
1725004800000,2515.91,2525.25,2512.85,2521.01,45473.483,1725008399999,114519826.74738,68933,24807.377,62480291.93591,0
1725008400000,2521.01,2527.41,2518.33,2523.47,30149.072,1725011999999,76055845.52581,59159,16304.837,41134607.72632,0
1725012000000,2523.47,2524.14,2508.75,2515.80,41901.339,1725015599999,105426629.72430,72039,19071.518,47984467.07643,0
1725015600000,2515.79,2518.69,2506.14,2511.45,52759.213,1725019199999,132519495.46911,74108,25914.620,65088695.03410,0
1725019200000,2511.45,2552.32,2509.00,2523.00,163685.966,1725022799999,413492959.68889,194734,88351.540,223234536.86602,0
1725022800000,2522.99,2529.30,2490.86,2523.60,163345.999,1725026399999,410471380.79645,220611,77618.667,195135992.07273,0
1725026400000,2523.59,2532.25,2460.65,2461.40,311445.913,1725029999999,776678505.10811,372027,143748.065,358720915.50921,0
1725030000000,2461.40,2471.28,2433.75,2448.04,456744.262,1725033599999,1120158164.46951,437529,225006.700,551954729.13545,0
1725033600000,2448.03,2463.57,2431.00,2461.37,206624.086,1725037199999,506300491.07629,253368,106867.718,261935285.27815,0
1725037200000,2461.37,2476.77,2453.00,2465.19,90491.771,1725040799999,222870406.28470,126800,51673.955,127309455.25555,0
1725040800000,2465.19,2540.00,2464.00,2534.82,344716.183,1725044399999,865268855.81586,324114,174804.243,438321085.93757,0
1725044400000,2534.82,2534.82,2495.37,2505.79,159806.435,1725047999999,401416601.73799,185193,78376.648,196845100.85546,0
1725048000000,2505.80,2518.32,2505.01,2517.84,38497.034,1725051599999,96635053.26773,67295,23087.527,57957651.72267,0
1725051600000,2517.84,2521.00,2512.42,2517.15,28992.830,1725055199999,72961224.19046,64363,14317.569,36032456.93324,0
1725055200000,2517.15,2527.87,2516.00,2525.37,49001.059,1725058799999,123573564.87014,69950,25518.715,64353784.18577,0
1725058800000,2525.37,2529.69,2522.78,2524.99,23612.114,1725062399999,59645219.21039,48320,10581.319,26730230.84696,0
1725062400000,2524.99,2533.29,2521.23,2523.14,38868.520,1725065999999,98188859.61025,68859,19587.201,49486468.29315,0
1725066000000,2523.13,2529.28,2518.00,2524.76,28840.825,1725069599999,72789378.80844,53544,14989.483,37827931.45845,0
1725069600000,2524.76,2526.30,2517.79,2521.72,21210.150,1725073199999,53473277.44478,44454,8994.307,22677129.05503,0
1725073200000,2521.71,2526.29,2520.29,2522.42,15961.808,1725076799999,40273908.06000,33043,7831.215,19760447.70741,0
1725076800000,2522.42,2528.50,2522.02,2528.13,17420.299,1725080399999,43995485.07471,33663,10461.531,26422547.28199,0
1725080400000,2528.13,2528.13,2520.23,2522.14,18235.599,1725083999999,46046534.41982,32064,7693.694,19430924.41732,0
1725084000000,2522.14,2527.36,2521.00,2521.84,20820.090,1725087599999,52539928.19855,38486,10087.023,25457263.98050,0
1725087600000,2521.85,2522.87,2517.00,2519.78,27977.689,1725091199999,70504165.43730,42677,14138.813,35629844.68960,0
1725091200000,2519.79,2523.00,2511.50,2512.37,34883.836,1725094799999,87798322.16073,48825,17221.671,43346405.75358,0
1725094800000,2512.48,2518.57,2510.16,2513.05,46265.780,1725098399999,116325864.66293,66531,23751.848,59723142.63996,0
1725098400000,2513.06,2527.42,2512.54,2524.60,34880.301,1725101999999,87949171.92682,51577,19616.740,49462041.39341,0
1725102000000,2524.61,2528.76,2522.30,2524.56,25681.978,1725105599999,64858746.56626,44480,13077.759,33030903.45435,0
1725105600000,2524.55,2526.17,2520.62,2522.41,20245.560,1725109199999,51086558.20422,40205,10300.021,25991953.84355,0
1725109200000,2522.41,2526.83,2513.61,2514.91,33754.062,1725112799999,85108020.73351,50211,13843.615,34912827.59541,0
1725112800000,2514.91,2525.39,2512.85,2521.48,43630.428,1725116399999,109967871.59091,65503,24685.575,62223782.66557,0
1725116400000,2521.48,2522.48,2515.51,2518.02,21660.768,1725119999999,54546209.28104,42058,10570.916,26619560.98780,0
1725120000000,2518.02,2518.72,2502.31,2507.39,54710.378,1725123599999,137338604.17308,70993,22949.638,57621419.60704,0
1725123600000,2507.40,2510.24,2490.62,2502.39,72159.049,1725127199999,180429054.31170,94941,35877.735,89723020.12353,0
1725127200000,2502.39,2508.79,2493.34,2495.11,49178.240,1725130799999,123055047.13130,75500,25392.017,63551951.04577,0
1725130800000,2495.11,2500.32,2492.29,2498.36,26122.344,1725134399999,65202972.64966,50452,12486.269,31170339.73191,0
1725134400000,2498.36,2507.07,2492.42,2505.80,30824.685,1725137999999,77086513.52439,51186,19890.712,49751804.88526,0
1725138000000,2505.80,2527.50,2502.13,2516.46,58584.879,1725141599999,147373971.47136,74274,33520.890,84323018.75191,0
1725141600000,2516.47,2521.00,2514.75,2515.74,23884.194,1725145199999,60118338.33729,42892,11187.515,28163199.34566,0
1725145200000,2515.73,2517.80,2509.91,2511.91,20031.339,1725148799999,50329510.21923,32433,9825.217,24684839.21354,0
1725148800000,2511.91,2514.97,2503.39,2504.47,33339.579,1725152399999,83656494.08150,59968,15864.814,39807220.10239,0
1725152400000,2504.48,2507.60,2492.39,2492.76,42838.062,1725155999999,107068060.71939,68867,18499.590,46249587.50791,0
1725156000000,2492.75,2494.60,2475.01,2486.49,113460.870,1725159599999,281715921.32394,149530,52599.522,130608504.65481,0
1725159600000,2486.49,2494.66,2483.88,2487.76,40752.150,1725163199999,101465415.59400,60557,22097.170,55024472.99921,0
1725163200000,2487.76,2490.00,2475.00,2485.43,56240.529,1725166799999,139672256.79984,71570,24595.666,61099262.60042,0
1725166800000,2485.42,2487.30,2457.50,2463.67,159152.022,1725170399999,392930018.77208,171209,72944.257,180078284.29510,0
1725170400000,2463.67,2477.50,2463.00,2475.50,54751.346,1725173999999,135321361.93665,79525,29787.470,73620104.57465,0
1725174000000,2475.50,2487.10,2473.09,2485.62,46060.624,1725177599999,114204417.44208,68531,24900.529,61749723.63204,0
1725177600000,2485.63,2488.85,2476.53,2478.90,42315.484,1725181199999,105029516.13865,56140,17134.072,42530854.21007,0
1725181200000,2478.89,2491.96,2476.38,2482.78,53138.068,1725184799999,132074501.68085,64415,26332.938,65458951.92366,0
1725184800000,2482.78,2483.86,2461.44,2463.86,76206.315,1725188399999,188377143.09282,91914,32744.399,80955639.76243,0
1725188400000,2463.86,2477.90,2457.60,2476.44,71387.325,1725191999999,176138912.31156,86549,38325.011,94585852.17862,0
1725192000000,2476.45,2479.95,2461.10,2466.11,48046.470,1725195599999,118701142.54723,77152,20957.917,51770688.25314,0
1725195600000,2466.17,2473.39,2451.15,2471.48,103100.997,1725199199999,253956006.58706,124048,49986.638,123183713.79927,0
1725199200000,2471.48,2472.20,2436.54,2454.45,218621.937,1725202799999,535982844.99273,250872,106881.725,262067623.51460,0
1725202800000,2454.45,2488.99,2448.14,2479.49,131998.079,1725206399999,326147932.67642,155023,71200.683,175956274.53687,0
1725206400000,2479.49,2485.49,2465.02,2470.91,92231.161,1725209999999,228350972.42967,113151,36918.331,91380204.99018,0
1725210000000,2470.91,2476.29,2455.60,2469.73,59877.032,1725213599999,147547654.69950,91507,30424.182,74969220.70925,0
1725213600000,2469.74,2498.70,2467.40,2492.63,116871.934,1725217199999,290619431.35148,142338,62261.694,154842924.05755,0
1725217200000,2492.63,2513.52,2489.67,2500.14,111082.781,1725220799999,277837177.49399,129733,57190.430,143047824.34452,0
1725220800000,2500.14,2514.77,2498.65,2500.60,52166.794,1725224399999,130721894.87540,84017,24793.560,62133642.86928,0
1725224400000,2500.59,2501.39,2471.86,2484.00,67213.641,1725227999999,166940303.98279,88931,29703.256,73749645.96239,0
1725228000000,2484.01,2486.00,2401.03,2405.09,323480.126,1725231599999,786423063.37253,351872,146572.820,356372528.53471,0
1725231600000,2405.09,2432.39,2397.23,2424.55,181467.032,1725235199999,438553244.78070,218124,95782.507,231495334.95330,0
1725235200000,2424.55,2454.66,2421.80,2439.88,162324.709,1725238799999,395660201.11249,187208,89307.290,217659632.21661,0
1725238800000,2439.89,2446.05,2430.77,2439.24,64916.510,1725242399999,158273886.10087,104558,34075.961,83085672.94321,0
1725242400000,2439.24,2450.94,2430.01,2436.08,69307.593,1725245999999,169194191.11213,106822,35010.747,85474210.07811,0
1725246000000,2436.08,2451.10,2435.97,2449.15,65046.182,1725249599999,159100261.50259,103831,34539.718,84471571.67847,0
1725249600000,2449.15,2450.00,2433.87,2434.49,55942.776,1725253199999,136617748.57857,91062,26068.843,63664521.86268,0
1725253200000,2434.49,2465.96,2434.25,2453.19,98469.857,1725256799999,241423433.37041,118570,50651.096,124137641.38607,0
1725256800000,2453.19,2457.68,2443.71,2445.39,71197.165,1725260399999,174341481.43614,77025,30661.318,75074411.45526,0
1725260400000,2445.39,2450.00,2432.00,2439.94,78407.352,1725263999999,191280757.30382,95081,36000.143,87827003.04000,0
1725264000000,2439.94,2475.00,2437.26,2467.50,143006.878,1725267599999,352147178.41884,177440,75751.928,186495020.91022,0
1725267600000,2467.50,2520.04,2460.33,2515.00,253468.636,1725271199999,631503990.41623,247875,140327.302,349517147.89982,0
1725271200000,2515.00,2537.57,2509.00,2523.91,214301.301,1725274799999,540558895.16381,228897,110261.504,278184961.17221,0
1725274800000,2523.91,2527.00,2514.60,2514.75,86364.465,1725278399999,217632042.67416,106671,39368.239,99227497.33769,0
1725278400000,2514.75,2523.52,2509.39,2519.86,103254.264,1725281999999,260003547.94924,98702,53447.319,134615656.03215,0
1725282000000,2519.85,2522.32,2503.30,2503.83,99237.540,1725285599999,249026342.63818,105282,46088.959,115677229.14022,0
1725285600000,2503.85,2527.22,2491.28,2518.49,164721.148,1725289199999,413334244.21308,197811,86466.413,216991258.54805,0
1725289200000,2518.50,2525.00,2511.40,2512.29,79302.821,1725292799999,199742311.09679,107441,38853.309,97869839.56072,0
1725292800000,2512.29,2520.70,2504.22,2510.61,56336.385,1725296399999,141495970.68494,84003,24835.699,62385950.58793,0
1725296400000,2510.61,2524.00,2510.36,2521.57,42613.236,1725299999999,107267177.77327,73984,23375.641,58837677.32256,0
1725300000000,2521.56,2530.00,2514.33,2522.55,56615.751,1725303599999,142777105.58770,80540,30553.622,77061937.42297,0
1725303600000,2522.55,2525.78,2518.00,2523.39,22670.461,1725307199999,57176899.54275,45185,12501.960,31533421.53718,0
1725307200000,2523.39,2564.49,2521.00,2553.26,147351.001,1725310799999,374876032.72027,168286,85219.778,216841199.69775,0
1725310800000,2553.25,2562.00,2535.00,2543.47,72382.713,1725314399999,184410361.53812,109261,34918.544,88961813.92264,0
1725314400000,2543.46,2547.53,2539.60,2543.86,37729.779,1725317999999,95952220.61821,59899,20799.499,52895028.06574,0
1725318000000,2543.87,2546.83,2533.10,2536.74,45030.596,1725321599999,114325698.90406,61920,22550.897,57251142.31859,0
1725321600000,2536.76,2538.98,2527.15,2533.80,43617.776,1725325199999,110443051.55887,67985,20909.635,52944518.13372,0
1725325200000,2533.80,2542.89,2526.57,2534.38,44201.880,1725328799999,111991751.09320,71655,21245.214,53828701.33966,0
1725328800000,2534.38,2552.55,2526.73,2527.84,113218.383,1725332399999,287644301.30481,140847,55379.299,140730920.90814,0
1725332400000,2527.84,2528.58,2513.11,2514.79,65098.007,1725335999999,164074921.69749,85184,29586.346,74572137.55703,0
1725336000000,2514.79,2521.00,2512.01,2517.17,50379.391,1725339599999,126758552.48153,73568,26707.448,67202965.67239,0
1725339600000,2517.18,2524.14,2513.64,2521.26,39715.289,1725343199999,100081803.94672,55667,19450.670,49015277.49024,0
1725343200000,2521.25,2521.26,2511.25,2512.23,51109.324,1725346799999,128548524.36365,65354,18523.698,46594278.87149,0
1725346800000,2512.22,2522.57,2512.20,2518.89,35118.664,1725350399999,88425705.99648,58290,18165.664,45738335.15449,0
1725350400000,2518.89,2519.64,2492.00,2498.60,112779.912,1725353999999,282308059.91258,122674,48921.360,122459644.58796,0
1725354000000,2498.60,2507.95,2496.42,2503.01,58144.456,1725357599999,145466931.83941,73882,32679.801,81769321.09572,0
1725357600000,2503.01,2511.81,2497.67,2504.17,54864.184,1725361199999,137430217.87937,76486,26399.494,66137607.54176,0
1725361200000,2504.17,2509.74,2500.08,2508.19,29128.683,1725364799999,72994167.06366,52699,15210.904,38119749.78961,0
1725364800000,2508.19,2518.00,2504.78,2509.45,55106.521,1725368399999,138395030.71572,81333,25869.797,64978118.24267,0
1725368400000,2509.45,2517.15,2457.53,2464.15,272887.683,1725371999999,676911324.49925,275079,127807.487,317036745.13849,0
1725372000000,2464.14,2468.65,2442.02,2445.44,250032.535,1725375599999,613702853.31204,285987,124085.255,304622895.93082,0
1725375600000,2445.43,2455.74,2434.50,2442.93,144120.128,1725379199999,352354510.61722,174453,72433.708,177124862.71348,0
1725379200000,2442.92,2448.00,2436.13,2439.21,94293.459,1725382799999,230246890.62277,135277,47899.879,116988794.40899,0
1725382800000,2439.21,2463.33,2437.51,2441.40,94331.496,1725386399999,231177895.53047,125801,46476.474,113909989.85623,0
1725386400000,2441.41,2456.19,2434.50,2450.97,77380.736,1725389999999,189281629.72958,111257,41303.403,101041502.87906,0
1725390000000,2450.96,2469.86,2445.23,2446.70,83600.821,1725393599999,205399191.24827,111657,45115.232,110864588.77389,0
1725393600000,2446.70,2464.97,2446.35,2462.75,52564.644,1725397199999,129177256.01620,83345,27821.084,68350793.48013,0
1725397200000,2462.75,2470.40,2448.24,2463.95,54469.430,1725400799999,134011241.84175,72465,31905.469,78523803.38216,0
1725400800000,2463.94,2464.78,2452.37,2452.49,30395.862,1725404399999,74732503.18559,58641,13470.955,33119385.65488,0
1725404400000,2452.50,2454.16,2405.14,2424.05,145476.469,1725407999999,353654149.79262,154504,62785.364,152781586.36763,0
1725408000000,2424.05,2448.00,2385.00,2394.76,214032.216,1725411599999,518034727.72345,236767,96538.563,233914457.98295,0
1725411600000,2394.77,2395.56,2304.87,2364.96,790488.578,1725415199999,1853992542.56002,716792,369721.340,867556230.95594,0
1725415200000,2364.97,2369.95,2354.44,2363.16,111046.076,1725418799999,262404018.15355,143134,52368.677,123781046.66643,0
1725418800000,2363.15,2381.83,2362.94,2371.93,94114.156,1725422399999,223485406.75123,116506,51192.612,121562928.64344,0
1725422400000,2371.92,2378.97,2365.00,2377.30,60222.599,1725425999999,142802473.52177,80058,32295.131,76593215.20136,0
1725426000000,2377.30,2380.59,2362.18,2364.31,109532.346,1725429599999,259621081.11545,110977,42327.112,100330433.05420,0
1725429600000,2364.31,2383.00,2364.22,2371.20,79003.465,1725433199999,187597016.19843,105292,40968.764,97270034.27567,0
1725433200000,2371.21,2414.66,2369.23,2400.10,153179.377,1725436799999,366624508.80260,172049,81823.603,195818800.06099,0
1725436800000,2400.11,2409.70,2394.10,2400.11,79045.511,1725440399999,189851322.85019,103969,40201.508,96570914.72066,0
1725440400000,2400.12,2403.78,2391.31,2392.39,74665.757,1725443999999,178994143.41681,93035,38412.721,92092469.81941,0
1725444000000,2392.40,2402.40,2385.84,2388.21,82475.993,1725447599999,197400093.87264,112762,40968.931,98079622.45138,0
1725447600000,2388.21,2402.42,2388.00,2397.68,52676.643,1725451199999,126194804.67595,89449,27508.961,65899717.89935,0
1725451200000,2397.67,2412.98,2393.91,2402.30,95128.455,1725454799999,228697466.07062,127049,47263.372,113638493.51849,0
1725454800000,2402.30,2409.08,2393.39,2403.99,116872.234,1725458399999,280539598.27275,183557,58287.447,139920481.85402,0
1725458400000,2404.00,2449.60,2391.50,2436.98,387130.056,1725461999999,936267651.64744,410629,202797.829,490625127.67459,0
1725462000000,2436.99,2457.90,2425.05,2453.88,231231.350,1725465599999,563919076.39816,261835,121767.252,297021011.02426,0
1725465600000,2453.87,2489.34,2448.60,2476.23,246703.447,1725469199999,609306222.67686,286494,124475.483,307508267.22127,0
1725469200000,2476.24,2477.00,2446.02,2448.35,129176.144,1725472799999,317945086.39958,147148,65623.273,161520968.96111,0
1725472800000,2448.34,2456.28,2437.37,2441.46,78973.302,1725476399999,193211228.24063,107357,39374.213,96363634.66108,0
1725476400000,2441.47,2454.50,2439.40,2451.00,44181.496,1725479999999,108085811.76112,73864,25236.054,61735394.72392,0
1725480000000,2451.00,2458.82,2444.50,2453.98,44791.247,1725483599999,109854415.55848,74336,20596.885,50514193.05067,0
1725483600000,2453.98,2464.90,2449.92,2461.67,25936.215,1725487199999,63721728.90742,50021,14967.792,36774768.66617,0
1725487200000,2461.68,2468.40,2456.79,2461.50,39616.328,1725490799999,97562017.06166,62311,18029.126,44406337.29904,0
1725490800000,2461.40,2463.43,2442.00,2449.67,50906.718,1725494399999,124853233.40904,66214,25013.135,61339257.48713,0
1725494400000,2449.67,2461.06,2446.08,2453.42,52417.647,1725497999999,128654735.93195,74926,26306.273,64568371.78636,0
1725498000000,2453.41,2465.23,2450.09,2456.99,42910.745,1725501599999,105482475.75042,66081,20843.481,51244342.94838,0
1725501600000,2456.99,2459.17,2443.77,2445.29,54732.728,1725505199999,134011034.59004,81798,26208.606,64171125.82322,0
1725505200000,2445.28,2445.28,2402.80,2404.43,223950.326,1725508799999,541584620.69383,221534,102687.846,248353558.52633,0
1725508800000,2404.43,2417.75,2400.40,2413.24,86624.814,1725512399999,208879806.40017,102535,46285.753,111601946.65468,0
1725512400000,2413.23,2413.93,2401.03,2408.57,69987.964,1725515999999,168554932.02457,82150,36300.915,87435448.53411,0
1725516000000,2408.42,2409.23,2375.36,2397.83,185661.398,1725519599999,444051689.44321,183918,86328.354,206495048.45216,0
1725519600000,2397.83,2416.62,2396.17,2411.50,100076.078,1725523199999,241147225.28598,107078,50701.051,122166312.95292,0
1725523200000,2411.49,2415.24,2397.13,2405.80,70690.580,1725526799999,170094999.00004,82091,33059.264,79551955.28782,0
1725526800000,2405.80,2405.97,2384.78,2391.02,89825.440,1725530399999,215040212.22975,112377,39669.495,94982491.02659,0
1725530400000,2391.02,2394.76,2382.17,2389.66,68313.081,1725533999999,163219994.36201,92174,32574.271,77842491.85892,0
1725534000000,2389.66,2394.87,2385.59,2388.44,46776.066,1725537599999,111783327.33690,71638,24167.665,57757807.09914,0
1725537600000,2388.44,2398.18,2375.36,2389.24,161711.755,1725541199999,385900996.29850,183286,81404.544,194284614.05318,0
1725541200000,2389.25,2413.72,2384.35,2401.28,167856.384,1725544799999,402488317.56455,212919,83429.977,200039868.00434,0
1725544800000,2401.27,2413.87,2361.83,2375.71,312819.638,1725548399999,746655257.42819,321767,149292.472,356414396.96028,0
1725548400000,2375.71,2384.41,2354.01,2370.16,269267.122,1725551999999,637821016.96535,277768,128980.620,305570767.36403,0
1725552000000,2370.16,2377.65,2366.02,2374.21,81696.534,1725555599999,193818938.10662,127571,40226.219,95436780.27512,0
1725555600000,2374.21,2392.94,2370.29,2392.93,92115.036,1725559199999,219459644.72875,123486,50672.212,120741546.14741,0
1725559200000,2392.93,2395.00,2385.81,2388.45,38246.993,1725562799999,91410976.84004,70114,16861.474,40301083.94077,0
1725562800000,2388.46,2389.00,2346.05,2362.71,166181.020,1725566399999,393044227.97854,187771,77854.489,184170017.56108,0
1725566400000,2362.68,2377.44,2361.45,2366.82,55680.260,1725569999999,131961985.61474,91436,28678.182,67965411.29168,0
1725570000000,2366.74,2376.50,2348.69,2370.67,90458.057,1725573599999,213941035.36653,97859,40531.882,95866450.26678,0
1725573600000,2370.67,2373.99,2354.05,2370.49,52731.716,1725577199999,124692663.11972,85423,23098.684,54613507.05027,0
1725577200000,2370.49,2372.10,2362.85,2367.37,30350.444,1725580799999,71850581.37327,50216,15805.703,37421094.33312,0
1725580800000,2367.33,2375.20,2356.17,2370.80,76161.725,1725584399999,180336471.75308,99905,42837.871,101433575.67167,0
1725584400000,2370.80,2399.57,2362.30,2390.36,120018.857,1725587999999,286198757.37663,148213,62729.309,149578362.05301,0
1725588000000,2390.36,2407.75,2388.03,2401.48,92459.368,1725591599999,221919179.53788,133032,47698.033,114478907.63951,0
1725591600000,2401.48,2402.41,2391.03,2391.56,48886.659,1725595199999,117176873.71410,73283,20920.816,50139878.12648,0
1725595200000,2391.55,2396.42,2384.07,2385.16,44420.953,1725598799999,106154770.78779,69066,21135.367,50513994.07693,0
1725598800000,2385.16,2388.55,2375.00,2383.21,65412.525,1725602399999,155740231.24206,85702,33236.451,79142677.92877,0
1725602400000,2383.20,2385.00,2372.00,2378.57,49565.187,1725605999999,117814538.83539,79402,24817.760,58992255.21788,0
1725606000000,2378.57,2379.00,2319.63,2343.14,389218.315,1725609599999,910471181.40378,335311,184231.894,430786639.50120,0
1725609600000,2343.14,2357.00,2337.28,2348.99,119958.466,1725613199999,281543486.29664,133106,57628.313,135262079.21188,0
1725613200000,2349.00,2358.52,2344.52,2357.20,64390.507,1725616799999,151484119.48306,92133,31764.920,74732021.91459,0
1725616800000,2357.21,2376.77,2355.12,2366.45,115690.066,1725620399999,273811772.01612,119964,58428.952,138290910.58248,0
1725620400000,2366.45,2378.95,2364.32,2372.16,89377.736,1725623999999,211959294.37431,98192,41520.877,98480835.94605,0
1725624000000,2372.16,2409.34,2354.00,2398.78,340312.203,1725627599999,812427684.79909,338534,171580.682,409747766.81436,0
1725627600000,2398.78,2400.00,2353.38,2362.09,273522.239,1725631199999,650644691.28505,277489,130380.851,310116152.79381,0
1725631200000,2362.09,2366.08,2310.03,2326.56,545994.058,1725634799999,1274628981.79243,500858,264302.568,617142951.57246,0
1725634800000,2326.57,2338.50,2264.40,2289.02,526980.569,1725638399999,1210227331.28900,483506,240570.855,552780771.68799,0
1725638400000,2289.03,2292.00,2250.00,2265.43,437454.020,1725641999999,992716824.26782,413241,206463.170,468757047.04991,0
1725642000000,2265.43,2275.69,2222.28,2244.40,383448.875,1725645599999,861191044.23493,340738,171570.075,385657398.88903,0
1725645600000,2244.40,2247.76,2208.52,2209.01,273301.999,1725649199999,609182799.08664,251139,109290.891,243799821.87477,0
1725649200000,2209.01,2245.68,2206.50,2221.51,320259.829,1725652799999,712333575.82721,305862,166517.239,370429930.82099,0
1725652800000,2221.50,2229.33,2165.02,2169.57,568136.716,1725656399999,1245884492.02826,467078,240738.170,528050678.83141,0
1725656400000,2169.57,2218.81,2150.00,2216.51,363976.212,1725659999999,793559432.43438,316483,183552.321,400529589.63769,0
1725660000000,2216.52,2221.57,2205.90,2208.52,93348.844,1725663599999,206684712.70487,107339,44987.616,99613122.73491,0
1725663600000,2208.52,2224.85,2208.00,2223.70,73722.510,1725667199999,163432995.43406,90871,37564.018,83275870.59115,0
1725667200000,2223.70,2242.00,2222.56,2232.19,95228.071,1725670799999,212496204.33092,117240,47567.371,106146524.82658,0
1725670800000,2232.19,2236.05,2220.76,2225.93,65403.413,1725674399999,145624463.87058,80717,29825.439,66410313.22003,0
1725674400000,2225.94,2238.98,2221.81,2232.09,49689.027,1725677999999,110867228.37120,72774,24368.672,54377935.18776,0
1725678000000,2232.09,2241.00,2231.84,2237.23,44425.583,1725681599999,99392573.34850,64147,19123.938,42784669.08575,0
1725681600000,2237.23,2249.89,2236.26,2249.43,53306.430,1725685199999,119540037.08796,67078,33769.056,75736418.31337,0
1725685200000,2249.43,2275.00,2245.22,2263.59,181435.202,1725688799999,410445651.91064,161571,95607.839,216263281.43222,0
1725688800000,2263.59,2282.97,2258.00,2276.10,96831.265,1725692399999,219771592.40619,124226,53574.141,121612678.00965,0
1725692400000,2276.09,2292.99,2273.34,2287.03,101890.674,1725695999999,232689582.06408,135374,48196.332,110069645.57848,0
1725696000000,2287.03,2298.96,2274.03,2295.00,135414.145,1725699599999,309649841.33524,138820,68960.068,157736569.47400,0
1725699600000,2295.01,2296.41,2277.35,2281.09,74183.448,1725703199999,169514579.23167,90543,31882.287,72837543.64538,0
1725703200000,2281.09,2289.74,2280.87,2281.22,34583.037,1725706799999,79005655.81090,56415,16847.519,38495022.34283,0
1725706800000,2281.23,2289.54,2279.00,2282.71,37973.990,1725710399999,86736879.51149,60085,19043.722,43505434.38899,0
1725710400000,2282.70,2296.30,2282.70,2289.11,51338.708,1725713999999,117529936.34513,68958,25303.175,57933552.44178,0
1725714000000,2289.11,2298.00,2281.04,2290.54,67038.928,1725717599999,153519498.39918,87388,31511.751,72174988.98574,0
1725717600000,2290.53,2297.41,2287.59,2293.64,44588.422,1725721199999,102200998.99247,74974,21297.679,48817528.36578,0
1725721200000,2293.64,2310.00,2290.56,2299.17,125440.821,1725724799999,288721761.64428,138726,70623.394,162568926.22168,0
1725724800000,2299.18,2303.31,2282.38,2288.19,104593.610,1725728399999,239597783.51979,112974,44334.219,101564318.94515,0
1725728400000,2288.19,2291.68,2262.01,2271.50,142772.880,1725731999999,325185761.69700,127319,62042.866,141341769.85266,0
1725732000000,2271.50,2286.76,2265.89,2281.64,72770.134,1725735599999,165776493.80214,91565,38862.497,88550325.67757,0
1725735600000,2281.64,2293.06,2278.57,2289.03,46529.844,1725739199999,106375364.15914,62454,29211.991,66795128.13421,0
1725739200000,2289.03,2290.00,2270.17,2270.17,52397.190,1725742799999,119436648.14089,68262,17795.341,40568645.21265,0
1725742800000,2270.17,2273.39,2255.00,2263.90,78168.463,1725746399999,177076604.18930,94613,34318.899,77769671.04133,0
1725746400000,2263.90,2270.53,2261.24,2263.54,31385.763,1725749999999,71118883.71812,52861,16429.872,37231576.57698,0
1725750000000,2263.55,2274.91,2256.75,2272.21,45381.195,1725753599999,102861613.08017,61744,28137.181,63783758.48706,0
1725753600000,2272.21,2274.23,2262.00,2268.54,42103.700,1725757199999,95541390.24235,63006,18636.243,42291112.11401,0
1725757200000,2268.54,2279.91,2268.00,2279.08,50405.731,1725760799999,114697123.21877,60919,28024.832,63768974.76764,0
1725760800000,2279.07,2287.56,2277.91,2282.77,58947.370,1725764399999,134553081.86651,66790,31108.770,71016633.80109,0
1725764400000,2282.76,2285.70,2279.00,2284.77,22284.681,1725767999999,50860477.66035,34361,11197.973,25558410.84525,0
1725768000000,2284.77,2303.90,2283.94,2296.52,70313.866,1725771599999,161212075.62846,79727,40827.076,93615125.32173,0
1725771600000,2296.53,2298.88,2282.22,2284.08,44794.976,1725775199999,102637301.38930,64675,19420.986,44512730.36025,0
1725775200000,2284.08,2287.76,2283.30,2286.01,23815.606,1725778799999,54432057.15070,38822,11489.657,26262500.87351,0
1725778800000,2286.00,2298.60,2286.00,2293.69,53965.158,1725782399999,123837092.53669,69936,26628.274,61102001.81527,0
1725782400000,2293.70,2297.00,2286.33,2295.40,38661.075,1725785999999,88588805.59525,53783,18334.262,42018387.65560,0
1725786000000,2295.41,2309.00,2293.33,2293.99,82852.808,1725789599999,190651932.15566,97484,40044.504,92161005.97010,0
1725789600000,2294.00,2308.00,2294.00,2302.65,43775.984,1725793199999,100828143.72594,62581,22596.321,52044155.75579,0
1725793200000,2302.64,2305.48,2292.52,2295.27,46368.974,1725796799999,106610285.84750,60860,19258.956,44283336.49835,0
1725796800000,2295.28,2298.16,2270.00,2276.00,139597.677,1725800399999,318715247.34287,133404,59513.465,135877000.35555,0
1725800400000,2276.00,2284.87,2265.60,2283.19,91955.022,1725803999999,209255123.43115,110051,50690.121,115382164.43249,0
1725804000000,2283.11,2284.16,2266.17,2267.05,85602.251,1725807599999,194541472.33925,95180,37996.266,86340245.79525,0
1725807600000,2267.04,2271.12,2238.88,2244.67,176745.076,1725811199999,398843912.98287,168418,81648.555,184310758.53364,0
1725811200000,2244.68,2259.99,2242.17,2249.86,108838.429,1725814799999,244911812.30712,118522,58975.614,132721296.65141,0
1725814800000,2249.87,2282.29,2248.86,2280.69,139733.650,1725818399999,316789916.91247,131173,82880.412,187916856.53168,0
1725818400000,2280.67,2282.59,2270.16,2274.65,50461.203,1725821999999,114809880.82112,64305,20786.706,47299744.74087,0
1725822000000,2274.65,2277.23,2268.28,2270.63,29926.602,1725825599999,67994797.20368,41850,12462.867,28312773.49999,0
1725825600000,2270.64,2276.26,2266.46,2275.59,29893.067,1725829199999,67881640.68895,45177,14471.422,32868779.17405,0
1725829200000,2275.59,2289.24,2273.40,2279.53,70367.790,1725832799999,160596626.53276,84925,39512.715,90172784.50832,0
1725832800000,2279.52,2333.98,2277.09,2292.37,329088.657,1725836399999,759480221.60230,289629,175655.797,405409020.17258,0
1725836400000,2292.37,2305.97,2287.67,2295.89,103325.401,1725839999999,237449640.59455,121020,50906.425,116971526.21975,0
1725840000000,2295.90,2311.78,2286.59,2306.60,94077.243,1725843599999,216396158.83522,139762,42809.831,98487684.37678,0
1725843600000,2306.60,2320.00,2295.27,2309.90,107422.842,1725847199999,247996370.36872,158607,51752.002,119501517.84661,0
1725847200000,2309.89,2310.50,2295.89,2306.05,46063.074,1725850799999,106082928.31909,81831,20357.748,46885549.97745,0
1725850800000,2306.05,2306.79,2288.53,2303.34,60078.730,1725854399999,138044498.56492,92559,28623.706,65774482.20387,0
1725854400000,2303.33,2306.87,2294.00,2295.81,50488.489,1725857999999,116088488.71093,76153,24371.559,56045348.49271,0
1725858000000,2295.81,2298.47,2281.04,2287.56,94634.704,1725861599999,216662100.67571,102786,46027.871,105383167.26842,0
1725861600000,2287.57,2305.39,2285.23,2304.15,78774.999,1725865199999,180738439.57786,92930,43036.152,98772584.10868,0
1725865200000,2304.19,2315.95,2298.06,2313.03,78704.250,1725868799999,181644321.33098,96481,43532.196,100471997.58788,0
1725868800000,2313.03,2329.90,2311.97,2325.53,131480.475,1725872399999,305269330.97357,153024,71849.173,166831221.48264,0
1725872400000,2325.53,2338.74,2313.00,2316.31,130734.426,1725875999999,304084208.85580,143870,68013.964,158241247.18917,0
1725876000000,2316.30,2325.37,2308.00,2318.76,111887.851,1725879599999,259322852.14911,107099,53047.167,123000622.36296,0
1725879600000,2318.77,2320.13,2311.00,2314.10,52291.006,1725883199999,121047769.62546,66317,26304.265,60893420.22914,0
1725883200000,2314.09,2315.15,2298.00,2311.83,112081.163,1725886799999,258490463.09838,117633,55821.867,128756157.31042,0
1725886800000,2311.83,2324.47,2305.00,2319.65,133250.070,1725890399999,308281003.82709,169627,69948.431,161854696.18224,0
1725890400000,2319.66,2321.05,2274.69,2277.54,293060.615,1725893999999,671662503.62834,282625,134877.710,308969891.13755,0
1725894000000,2277.54,2296.08,2271.22,2291.59,146349.662,1725897599999,334359786.28721,174852,76169.246,174055792.56802,0
1725897600000,2291.61,2347.58,2290.00,2340.65,406302.562,1725901199999,945319003.18809,356738,213406.662,496535712.43226,0
1725901200000,2340.65,2352.67,2332.82,2340.96,146743.878,1725904799999,343719864.73320,177831,68926.631,161490181.25607,0
1725904800000,2340.96,2343.69,2323.03,2331.20,143250.980,1725908399999,334230543.00821,151397,68807.577,160549803.82452,0
1725908400000,2331.20,2351.71,2326.80,2349.27,87820.823,1725911999999,205566524.12744,122002,46506.157,108873138.63786,0
1725912000000,2349.32,2350.45,2335.58,2339.66,52347.687,1725915599999,122551294.50249,75763,24596.417,57580392.52865,0
1725915600000,2339.76,2382.51,2338.82,2367.41,253151.515,1725919199999,598887132.11578,230327,139974.263,331092220.65606,0
1725919200000,2367.41,2374.75,2353.94,2356.18,66574.316,1725922799999,157320860.81803,81287,29637.153,70024562.28833,0
1725922800000,2356.19,2365.84,2354.19,2358.19,56004.158,1725926399999,132150059.88599,69253,34007.169,80235529.81791,0
1725926400000,2358.19,2359.19,2337.39,2347.54,118612.229,1725929999999,278298150.40619,111258,56727.007,133071563.41924,0
1725930000000,2347.55,2349.52,2333.00,2341.43,83780.684,1725933599999,196119504.39534,81992,32982.746,77207756.40508,0
1725933600000,2341.43,2346.87,2335.89,2343.64,43216.076,1725937199999,101191603.28485,62854,21882.806,51237727.51289,0
1725937200000,2343.64,2345.97,2339.00,2339.58,36175.100,1725940799999,84734139.65185,52716,14858.086,34803075.68660,0
1725940800000,2339.57,2344.65,2325.83,2336.60,64767.989,1725944399999,151310148.49778,77422,32210.033,75279297.31806,0
1725944400000,2336.60,2348.72,2335.16,2348.50,46855.968,1725947999999,109769706.88656,63151,27453.403,64312805.30180,0
1725948000000,2348.49,2348.49,2338.26,2342.58,26722.987,1725951599999,62603119.73112,44865,12258.266,28714041.88017,0
1725951600000,2342.58,2366.00,2339.68,2362.21,105116.724,1725955199999,247705594.80646,119580,58568.672,138019231.52837,0
1725955200000,2362.20,2371.34,2350.92,2353.80,94830.067,1725958799999,223880230.38498,115532,47412.532,111961618.75219,0
1725958800000,2353.80,2354.88,2342.12,2348.15,70845.632,1725962399999,166382566.85919,91891,35162.847,82587439.03139,0
1725962400000,2348.15,2351.80,2337.80,2349.71,61722.906,1725965999999,144762020.96929,78344,28993.213,68001796.62239,0
1725966000000,2349.72,2352.23,2343.13,2349.65,32957.233,1725969599999,77404047.44941,59059,17641.271,41436908.14418,0
1725969600000,2349.65,2363.00,2348.32,2348.47,74338.263,1725973199999,175060332.23286,104534,38663.361,91055022.29699,0
1725973200000,2348.47,2349.00,2327.70,2330.29,163586.597,1725976799999,382541519.02662,184659,79400.722,185716332.50983,0
1725976800000,2330.29,2346.75,2319.09,2335.65,199412.711,1725980399999,464919316.78911,227911,100473.692,234281050.51605,0
1725980400000,2335.64,2351.60,2322.09,2323.64,120789.520,1725983999999,282307070.25216,155381,56590.455,132285148.62401,0
1725984000000,2323.64,2341.98,2323.00,2336.58,77568.449,1725987599999,180786951.25022,99404,38648.644,90099470.21148,0
1725987600000,2336.57,2362.50,2336.56,2349.94,111233.349,1725991199999,261800854.39943,127809,55754.025,131204158.20905,0
1725991200000,2349.95,2391.54,2347.68,2368.01,215192.633,1725994799999,510653410.37421,206319,105903.175,251275880.36216,0
1725994800000,2368.00,2384.99,2356.64,2379.59,121335.468,1725998399999,287528879.07908,145601,64467.218,152764499.72817,0
1725998400000,2379.60,2394.65,2371.09,2377.03,101163.817,1726001999999,241245801.35451,120659,49448.092,117947383.14316,0
1726002000000,2377.03,2383.38,2370.72,2373.60,46318.203,1726005599999,110073713.59718,73393,23500.384,55852771.62411,0
1726005600000,2373.60,2390.00,2371.04,2389.51,61272.199,1726009199999,145927758.75233,77973,35494.359,84549550.80981,0
1726009200000,2389.50,2399.99,2383.61,2387.63,70286.571,1726012799999,167988901.49850,83276,34076.237,81459383.81914,0
1726012800000,2387.63,2388.39,2373.01,2376.19,57448.459,1726016399999,136730244.05275,79215,27379.361,65154220.52211,0
1726016400000,2376.19,2380.65,2337.30,2349.20,215436.190,1726019999999,507413997.28570,219460,102358.420,241087410.93817,0
1726020000000,2349.20,2368.00,2347.39,2352.59,89205.344,1726023599999,210228451.25194,116545,47707.420,112440183.51362,0
1726023600000,2352.59,2354.59,2343.00,2347.13,74819.970,1726027199999,175666682.99198,93116,39066.133,91735451.14745,0
1726027200000,2347.14,2347.14,2317.48,2332.97,165358.897,1726030799999,385616408.08141,171729,77370.968,180443832.09585,0
1726030800000,2332.98,2333.55,2318.00,2325.43,73379.068,1726034399999,170612696.13335,100904,39546.842,91957298.04310,0
1726034400000,2325.43,2338.09,2321.81,2329.82,75439.389,1726037999999,175867934.48499,89476,36226.570,84455179.07411,0
1726038000000,2329.83,2342.96,2329.75,2340.42,57049.082,1726041599999,133310809.93896,77160,32375.309,75661874.27902,0
1726041600000,2340.41,2340.73,2321.36,2321.80,56710.895,1726045199999,132091251.81974,78572,24046.724,56000706.61371,0
1726045200000,2321.80,2334.95,2318.00,2329.00,94137.550,1726048799999,219055380.98447,100847,47412.110,110354784.37515,0
1726048800000,2328.99,2329.25,2305.23,2315.38,126853.908,1726052399999,293624340.79076,139670,55193.386,127786907.45692,0
1726052400000,2315.38,2330.23,2315.38,2326.68,75002.357,1726055999999,174257311.44260,96135,39543.248,91885973.21815,0
1726056000000,2326.67,2336.63,2310.20,2333.50,217436.143,1726059599999,505397504.82586,221707,105285.531,244794391.65588,0
1726059600000,2333.49,2354.70,2282.11,2286.35,401929.788,1726063199999,930745726.80096,382146,177643.351,411817413.61152,0
1726063200000,2286.35,2310.66,2275.80,2308.77,273367.409,1726066799999,626037666.37949,284121,137058.830,313999410.72081,0
1726066800000,2308.76,2336.26,2301.33,2324.87,308249.525,1726070399999,714638469.60356,272503,150897.533,349831378.09052,0
1726070400000,2324.86,2352.80,2323.74,2345.37,196320.825,1726073999999,459053784.22962,204883,100873.730,235891079.31831,0
1726074000000,2345.37,2368.00,2344.00,2355.78,197863.717,1726077599999,466319022.23900,195943,105035.450,247546782.90843,0
1726077600000,2355.78,2358.62,2327.13,2336.19,168033.964,1726081199999,393763513.94984,168352,77131.074,180762817.16178,0
1726081200000,2336.17,2344.00,2328.65,2339.44,73972.237,1726084799999,172802970.42950,102826,39700.990,92764839.11556,0
1726084800000,2339.45,2349.68,2338.22,2346.23,40634.170,1726088399999,95241617.57704,58741,20990.809,49205298.91111,0
1726088400000,2346.22,2351.08,2338.45,2341.66,26808.995,1726091999999,62818585.20389,49559,11497.228,26943245.48421,0
1726092000000,2341.66,2344.69,2331.58,2338.82,29199.948,1726095599999,68248845.12500,50736,13738.694,32111131.54758,0
1726095600000,2338.83,2344.16,2336.13,2339.22,41490.283,1726099199999,97135730.69686,55053,20992.110,49144017.64993,0
1726099200000,2339.18,2364.50,2338.26,2351.13,107827.567,1726102799999,253748916.26439,133309,60195.769,141620680.93530,0
1726102800000,2351.12,2375.56,2351.12,2371.90,64857.647,1726106399999,153153068.30451,100698,36441.946,86081737.70081,0
1726106400000,2371.89,2392.00,2358.91,2361.90,163712.201,1726109999999,388736538.38789,184283,81439.210,193408232.88905,0
1726110000000,2361.90,2371.88,2361.90,2366.64,58181.098,1726113599999,137726837.05378,76383,27274.656,64567854.23410,0
1726113600000,2366.65,2378.50,2360.82,2363.81,71741.386,1726117199999,169913289.74595,89366,34368.406,81414841.40690,0
1726117200000,2363.81,2370.29,2353.52,2355.13,67816.032,1726120799999,160064534.02890,93025,32531.262,76801579.42906,0
1726120800000,2355.13,2363.50,2351.39,2357.45,63780.439,1726124399999,150319659.10202,76838,33734.616,79516085.85765,0
1726124400000,2357.45,2364.65,2353.10,2358.48,45648.536,1726127999999,107657520.98126,68926,22805.271,53794770.46088,0
1726128000000,2358.47,2365.50,2356.25,2357.99,58823.941,1726131599999,138864928.01368,81920,30904.544,72965114.23757,0
1726131600000,2358.00,2360.47,2348.04,2350.94,43134.898,1726135199999,101579919.73494,63213,19119.002,45038866.60652,0
1726135200000,2350.94,2354.31,2343.04,2343.82,61233.971,1726138799999,143809590.21664,73897,26193.517,61523225.10829,0
1726138800000,2343.82,2352.61,2341.67,2347.44,82986.976,1726142399999,194763195.28309,80435,46374.998,108850056.05092,0
1726142400000,2347.44,2353.72,2335.88,2342.00,107177.200,1726145999999,251071444.15558,126569,50749.890,118903652.18919,0
1726146000000,2342.00,2357.25,2331.97,2339.74,130574.283,1726149599999,306041379.66239,165579,63416.278,148643362.11097,0
1726149600000,2339.74,2366.21,2326.20,2326.66,220289.910,1726153199999,516770531.74437,232359,102855.724,241376941.77447,0
1726153200000,2326.66,2337.03,2313.16,2321.76,198961.545,1726156799999,462341429.36350,206183,97963.338,227669034.28144,0
1726156800000,2321.76,2340.00,2321.00,2338.14,86042.340,1726160399999,200587393.06754,110178,47395.807,110500607.11928,0
1726160400000,2338.13,2349.00,2335.92,2348.09,91969.539,1726163999999,215389344.77194,97857,51399.570,120390342.00178,0
1726164000000,2348.10,2358.20,2336.86,2346.09,101961.062,1726167599999,239480024.79356,116231,48437.447,113785057.44601,0
1726167600000,2346.09,2360.72,2344.17,2359.99,68623.519,1726171199999,161591875.80383,95856,32210.252,75855097.45221,0
1726171200000,2360.00,2360.00,2348.57,2350.48,34360.512,1726174799999,80834479.57093,51817,14414.137,33907967.57074,0
1726174800000,2350.48,2358.35,2340.50,2348.03,73430.447,1726178399999,172448878.29319,78180,36514.747,85749580.92751,0
1726178400000,2348.03,2372.99,2347.40,2360.00,95950.717,1726181999999,226513666.54827,86487,48646.533,114821349.70103,0
1726182000000,2359.99,2365.00,2356.26,2360.79,42580.445,1726185599999,100533715.17572,55816,21315.827,50323276.25798,0
1726185600000,2360.79,2363.00,2355.65,2356.50,41013.154,1726189199999,96762799.32251,61402,18596.516,43877265.33490,0
1726189200000,2356.49,2363.80,2348.61,2357.69,51426.601,1726192799999,121098760.77916,67465,27761.537,65387545.56098,0
1726192800000,2357.68,2359.54,2352.36,2355.13,21832.609,1726196399999,51418691.13968,49927,10458.800,24631725.02326,0
1726196400000,2355.13,2359.86,2354.54,2355.31,25410.887,1726199999999,59892351.87937,42980,11898.553,28046374.10185,0
1726200000000,2355.31,2358.45,2346.71,2347.03,37027.712,1726203599999,87141251.21918,48671,18074.038,42540220.58206,0
1726203600000,2347.02,2351.44,2344.02,2347.81,46485.339,1726207199999,109158397.38389,52113,26351.906,61886413.76727,0
1726207200000,2347.81,2348.53,2336.20,2336.92,47154.695,1726210799999,110414579.52618,56311,21110.590,49433092.67770,0
1726210800000,2336.92,2348.50,2336.25,2347.63,46719.370,1726214399999,109453587.73792,55793,27838.066,65215981.17826,0
1726214400000,2347.63,2349.60,2341.57,2341.63,32616.501,1726217999999,76517553.37881,46360,13159.296,30873793.58652,0
1726218000000,2341.63,2357.10,2340.05,2351.01,49089.519,1726221599999,115380575.99109,65933,28243.471,66386435.74836,0
1726221600000,2351.00,2370.46,2350.13,2370.45,81979.348,1726225199999,193574016.02173,87848,46223.716,109169022.19528,0
1726225200000,2370.48,2375.74,2348.80,2353.22,127945.946,1726228799999,302378207.33837,133708,52634.763,124416751.90836,0
1726228800000,2353.23,2359.47,2340.94,2350.97,133202.695,1726232399999,312976813.28373,137780,69922.018,164305590.29473,0
1726232400000,2350.97,2359.72,2344.44,2354.37,73426.411,1726235999999,172689681.08147,102483,39410.539,92704403.93416,0
1726236000000,2354.38,2369.76,2343.55,2365.87,197880.188,1726239599999,466691426.64118,207477,103826.620,244918567.34838,0
1726239600000,2365.87,2412.19,2362.47,2406.83,420828.111,1726243199999,1007555582.85828,368373,231417.336,553985783.39597,0
1726243200000,2406.83,2418.82,2395.00,2405.95,163771.661,1726246799999,394229257.43679,198483,85127.839,204958984.76563,0
1726246800000,2405.96,2427.35,2405.13,2409.19,125388.132,1726250399999,302741283.16202,148730,64581.096,155966787.15703,0
1726250400000,2409.29,2427.66,2405.08,2420.00,118143.508,1726253999999,285720953.44151,145024,57644.794,139418925.16844,0
1726254000000,2419.99,2427.01,2410.00,2419.93,84565.272,1726257599999,204586505.61004,112699,42259.652,102256308.89992,0
1726257600000,2419.94,2424.75,2411.60,2420.75,49936.497,1726261199999,120683183.51273,73894,28011.920,67701583.44038,0
1726261200000,2420.74,2463.77,2420.16,2446.10,215657.070,1726264799999,527009184.14011,215504,125913.686,307695788.58603,0
1726264800000,2446.09,2457.13,2441.49,2445.31,70828.934,1726268399999,173462510.90205,113897,34941.619,85578185.06767,0
1726268400000,2445.32,2446.78,2436.65,2438.15,52648.877,1726271999999,128530505.23903,75146,22983.401,56113640.45483,0
1726272000000,2438.16,2439.61,2423.70,2426.84,73304.791,1726275599999,178221483.44930,90844,25072.993,60959753.67538,0
1726275600000,2426.84,2434.24,2420.74,2422.12,93091.866,1726279199999,226071672.54501,83755,34439.119,83649908.22241,0
1726279200000,2422.12,2428.66,2422.12,2423.71,29633.928,1726282799999,71881953.76687,45072,14849.205,36022007.00602,0
1726282800000,2423.70,2433.73,2423.70,2431.67,33984.691,1726286399999,82584596.88967,49432,18117.291,44021073.12099,0
1726286400000,2431.67,2432.40,2424.86,2425.12,21465.781,1726289999999,52124909.93216,36973,9433.876,22907763.31383,0
1726290000000,2425.12,2426.00,2413.40,2413.72,49064.220,1726293599999,118730159.21022,66905,18706.352,45280532.46542,0
1726293600000,2413.73,2420.50,2412.27,2418.48,44931.813,1726297199999,108606752.43784,57423,25824.121,62424488.82653,0
1726297200000,2418.47,2421.65,2415.65,2419.23,35235.058,1726300799999,85217663.38065,40757,18685.965,45192327.51503,0
1726300800000,2419.23,2420.68,2410.05,2414.60,34766.969,1726304399999,83976801.69720,46555,14083.386,34017428.58107,0
1726304400000,2414.60,2419.49,2413.04,2418.97,28309.004,1726307999999,68412274.99218,42938,15317.272,37017735.14117,0
1726308000000,2418.97,2418.97,2410.02,2412.40,28389.441,1726311599999,68520405.62611,44453,13226.335,31924837.12274,0
1726311600000,2412.38,2416.27,2406.72,2415.88,57194.521,1726315199999,137903346.00424,65901,27595.147,66544729.79826,0
1726315200000,2415.87,2422.59,2413.23,2419.27,49207.745,1726318799999,119049747.07552,60488,24903.436,60250966.29096,0
1726318800000,2419.27,2420.06,2411.12,2415.61,33634.935,1726322399999,81236333.98625,50015,17462.807,42178707.24515,0
1726322400000,2415.60,2422.48,2413.50,2418.99,36335.129,1726325999999,87899795.75223,49345,18804.187,45492554.45690,0
1726326000000,2418.98,2421.73,2413.87,2417.37,33849.036,1726329599999,81827587.37014,43028,13326.759,32226159.54538,0
1726329600000,2417.37,2420.04,2414.00,2417.16,23568.567,1726333199999,56957909.72800,43649,11934.635,28844839.82728,0
1726333200000,2417.16,2417.16,2410.00,2413.41,23995.150,1726336799999,57899319.59275,40945,11413.590,27540399.69189,0
1726336800000,2413.40,2415.77,2373.82,2406.41,213382.218,1726340399999,511163010.71355,205552,101010.561,242092296.69326,0
1726340400000,2406.42,2411.68,2402.70,2407.57,24722.738,1726343999999,59520168.60526,43342,12264.545,29532615.60312,0
1726344000000,2407.56,2421.76,2405.86,2414.84,45931.459,1726347599999,110811507.43234,64172,26558.728,64080540.51788,0
1726347600000,2414.84,2417.98,2411.70,2415.40,23336.072,1726351199999,56359547.25267,35839,10880.520,26279269.09334,0
1726351200000,2415.40,2418.25,2410.21,2415.76,25155.405,1726354799999,60736584.90036,37165,11372.247,27459656.91860,0
1726354800000,2415.75,2418.00,2413.37,2416.65,12546.508,1726358399999,30307056.98766,23282,5451.454,13168688.01030,0
1726358400000,2416.65,2421.97,2415.31,2418.51,21350.367,1726361999999,51659407.63692,35426,10567.738,25568556.34622,0
1726362000000,2418.51,2429.44,2418.51,2424.00,39566.517,1726365599999,95927746.96517,57242,21176.473,51345373.47984,0
1726365600000,2424.00,2427.08,2418.44,2424.34,16961.045,1726369199999,41087459.22885,35189,8330.548,20181908.66811,0
1726369200000,2424.34,2424.92,2418.72,2419.28,16182.917,1726372799999,39194003.58246,28612,7092.869,17179183.44279,0
1726372800000,2419.28,2421.00,2412.65,2415.76,26067.896,1726376399999,62984689.10382,36864,12228.659,29547149.25420,0
1726376400000,2415.76,2420.00,2415.76,2417.50,15483.044,1726379999999,37438717.41232,28975,9068.378,21927594.08653,0
1726380000000,2417.49,2420.66,2417.19,2420.23,14129.148,1726383599999,34178039.02087,27417,7170.636,17346449.17755,0
1726383600000,2420.22,2423.67,2418.34,2421.60,19298.176,1726387199999,46717624.35546,30052,10091.889,24432046.60388,0
1726387200000,2421.61,2422.20,2412.07,2414.16,28769.378,1726390799999,69494050.85096,41128,11941.084,28845241.91710,0
1726390800000,2414.16,2415.00,2409.59,2411.80,22116.568,1726394399999,53350901.88628,36152,10453.915,25219710.94943,0
1726394400000,2411.80,2413.43,2402.00,2408.47,45278.550,1726397999999,109031844.03146,52826,22527.002,54251165.81223,0
1726398000000,2408.47,2408.48,2401.03,2405.90,34746.419,1726401599999,83546097.50081,46109,17264.977,41517037.74412,0
1726401600000,2405.89,2411.73,2404.00,2409.80,25303.860,1726405199999,60932812.95523,37575,13503.050,32517729.83006,0
1726405200000,2409.81,2418.24,2406.40,2409.30,59747.693,1726408799999,144152330.23759,66836,32094.011,77441585.86757,0
1726408800000,2409.29,2411.72,2395.13,2410.41,83392.820,1726412399999,200319838.38692,95066,38332.313,92093446.06547,0
1726412400000,2410.40,2414.23,2404.52,2407.60,39494.327,1726415999999,95137945.51623,57726,19617.549,47263564.15657,0
1726416000000,2407.59,2407.98,2385.63,2386.72,87872.552,1726419599999,210437687.38654,99946,38818.344,92958008.51799,0
1726419600000,2386.71,2391.42,2374.38,2382.06,125756.396,1726423199999,299415876.79176,135064,60346.452,143691935.60441,0
1726423200000,2382.07,2387.50,2361.09,2379.43,147204.686,1726426799999,349579506.68705,149249,69483.965,165059680.67277,0
1726426800000,2379.43,2386.94,2370.01,2371.14,52600.233,1726430399999,125042517.81552,81022,25268.637,60074418.62602,0
1726430400000,2371.14,2371.15,2352.83,2361.81,101062.109,1726433999999,238742522.12382,112122,47490.800,112194520.73640,0
1726434000000,2361.82,2362.28,2336.00,2352.30,166806.918,1726437599999,390957488.44583,156632,77802.645,182364431.63262,0
1726437600000,2352.31,2352.50,2340.30,2345.16,58982.293,1726441199999,138342112.01976,80896,27424.055,64331295.44626,0
1726441200000,2345.13,2345.13,2282.00,2314.85,416145.399,1726444799999,962688832.67669,326854,177599.538,410836843.66722,0
1726444800000,2314.85,2321.36,2290.94,2298.92,145852.557,1726448399999,336263371.18794,179966,69542.983,160384121.56853,0
1726448400000,2298.92,2303.05,2258.53,2276.37,254828.429,1726451999999,580825404.51645,272421,121148.776,276237046.18217,0
1726452000000,2276.39,2281.94,2251.06,2260.22,166306.777,1726455599999,377148856.24361,189382,76699.565,174045532.95442,0
1726455600000,2260.27,2277.87,2258.38,2277.11,138079.108,1726459199999,313674770.45326,133787,78860.112,179128985.92278,0
1726459200000,2277.11,2281.93,2275.10,2280.42,63250.187,1726462799999,144113374.10373,92570,34154.731,77829536.51987,0
1726462800000,2280.41,2295.19,2279.66,2291.87,108040.099,1726466399999,247145810.82765,104289,60243.804,137819190.24833,0
1726466400000,2291.87,2300.66,2288.41,2290.39,63739.311,1726469999999,146191710.27739,89595,31057.793,71253072.18315,0
1726470000000,2290.39,2311.95,2288.62,2309.23,76746.664,1726473599999,176654816.07994,99847,43228.376,99514250.51307,0
1726473600000,2309.24,2334.90,2306.41,2314.73,169143.185,1726477199999,392667274.17314,180823,80110.415,185953084.79208,0
1726477200000,2314.73,2318.71,2286.31,2290.67,130687.130,1726480799999,300730862.71262,153558,58539.547,134746961.48902,0
1726480800000,2290.67,2304.62,2288.03,2302.42,80107.854,1726484399999,183944429.59017,105870,42457.860,97503693.55689,0
1726484400000,2302.43,2308.50,2298.06,2306.66,48591.520,1726487999999,111938493.78911,77504,22901.993,52758554.41663,0
1726488000000,2306.67,2311.50,2291.95,2300.66,133380.001,1726491599999,307090016.91917,128911,58561.163,134849760.37165,0
1726491600000,2300.65,2305.84,2279.18,2301.78,151597.970,1726495199999,347753077.91406,195037,68830.916,157954977.86897,0
1726495200000,2301.78,2305.00,2268.00,2277.15,222347.604,1726498799999,507295447.08583,244048,105411.569,240496889.81475,0
1726498800000,2277.16,2296.00,2275.74,2286.71,118282.605,1726502399999,270573010.82476,140475,63830.018,145999963.44617,0
1726502400000,2286.71,2295.27,2283.00,2286.41,77267.459,1726505999999,176848310.17235,113010,41659.389,95346002.93827,0
1726506000000,2286.41,2310.37,2268.08,2305.01,235364.741,1726509599999,538147577.44102,227359,127902.493,292504414.64781,0
1726509600000,2305.00,2305.54,2280.24,2288.70,120574.187,1726513199999,276427467.11305,135060,56321.639,129153020.30791,0
1726513200000,2288.70,2291.08,2270.63,2274.00,61309.937,1726516799999,139975732.30309,94781,26513.784,60539750.30522,0
1726516800000,2274.00,2287.40,2266.14,2273.77,121260.934,1726520399999,275957444.21476,121049,59736.500,135958530.18815,0
1726520400000,2273.78,2290.35,2269.57,2290.34,54642.426,1726523999999,124629259.13560,79829,29589.111,67487473.10878,0
1726524000000,2290.34,2290.79,2280.79,2283.34,30070.667,1726527599999,68688861.24941,51297,14655.305,33473198.40637,0
1726527600000,2283.34,2300.98,2283.33,2294.61,50588.073,1726531199999,116007147.27610,68300,29517.746,67682438.06486,0
1726531200000,2294.61,2298.07,2271.49,2271.53,65726.493,1726534799999,150233387.83405,83834,28852.921,65971378.41073,0
1726534800000,2271.54,2280.56,2262.00,2274.47,105405.470,1726538399999,239393316.85433,122200,51034.706,115939731.39273,0
1726538400000,2274.47,2288.30,2273.39,2285.77,58532.005,1726541999999,133524881.40785,72690,29349.097,66957320.01741,0
1726542000000,2285.77,2287.56,2280.63,2282.92,33610.223,1726545599999,76773906.51753,52194,13027.798,29761913.34806,0
1726545600000,2282.92,2289.85,2281.20,2287.79,34549.620,1726549199999,78986125.50247,49177,20022.788,45780483.93739,0
1726549200000,2287.79,2305.41,2286.54,2300.69,61929.799,1726552799999,142271872.82541,73727,32184.541,73934233.19683,0
1726552800000,2300.69,2303.30,2295.47,2298.24,44423.961,1726556399999,102146333.29700,59609,19003.916,43694887.15922,0
1726556400000,2298.23,2309.88,2294.20,2308.09,55456.781,1726559999999,127787887.08488,71612,31633.799,72899831.31206,0
1726560000000,2308.09,2316.00,2305.01,2308.78,80097.288,1726563599999,184981998.76116,89048,36463.086,84226122.02491,0
1726563600000,2308.79,2320.00,2301.15,2312.71,89833.082,1726567199999,207462310.25959,102263,45647.649,105441979.77771,0
1726567200000,2312.70,2317.86,2306.01,2316.21,77640.757,1726570799999,179536624.18907,90734,38505.735,89054444.41407,0
1726570800000,2316.19,2322.91,2305.22,2307.29,70997.059,1726574399999,164225369.65197,92461,33134.097,76672596.41243,0
1726574400000,2307.29,2320.89,2305.57,2317.48,58288.008,1726577999999,134809630.37934,90308,31715.983,73356647.82616,0
1726578000000,2317.47,2328.95,2300.76,2305.41,145602.271,1726581599999,337171380.68349,178539,70851.325,164131569.39686,0
1726581600000,2305.41,2364.00,2304.44,2345.29,427262.277,1726585199999,1000936538.12621,387233,223918.113,524429275.29673,0
1726585200000,2345.30,2392.62,2344.88,2382.68,402464.619,1726588799999,956041487.34560,341861,214581.893,509631897.45325,0
1726588800000,2382.68,2388.88,2360.28,2367.62,188804.192,1726592399999,448096554.93897,207602,87982.626,208784528.96023,0
1726592400000,2367.64,2375.68,2361.13,2366.50,81217.474,1726595999999,192272828.48492,131508,41612.111,98512462.95956,0
1726596000000,2366.50,2370.00,2336.62,2348.85,128296.689,1726599599999,302035444.48519,150499,60771.708,143093632.41312,0
1726599600000,2348.84,2357.00,2326.20,2352.03,171537.802,1726603199999,402019298.55018,185956,82468.908,193292420.51113,0
1726603200000,2352.02,2361.27,2341.89,2343.08,101701.439,1726606799999,239146375.47312,133222,50568.309,118916174.67717,0
1726606800000,2343.12,2351.15,2343.00,2346.73,33583.383,1726610399999,78806952.27077,56515,18358.413,43081662.57559,0
1726610400000,2346.74,2346.94,2333.22,2336.83,48014.698,1726613999999,112319555.61868,68530,22841.558,53440286.06572,0
1726614000000,2336.82,2341.17,2327.60,2340.59,51446.148,1726617599999,120086461.01398,63498,29480.386,68819583.18348,0
1726617600000,2340.59,2340.60,2308.15,2322.72,117561.095,1726621199999,273013790.61142,140851,56557.495,131338134.55616,0
1726621200000,2322.72,2329.52,2312.23,2323.84,53356.137,1726624799999,123893008.38008,101822,25413.889,59022558.56860,0
1726624800000,2323.83,2333.09,2322.00,2330.55,51343.246,1726628399999,119559241.27363,79526,30184.050,70294475.24393,0
1726628400000,2330.54,2343.90,2329.60,2333.92,61406.713,1726631999999,143461562.83676,80398,34378.736,80318106.29292,0
1726632000000,2333.92,2335.15,2317.12,2322.56,69895.322,1726635599999,162652132.05437,84059,32211.876,74985246.52497,0
1726635600000,2322.56,2322.56,2311.18,2320.32,51380.104,1726639199999,119076742.27695,76384,26220.852,60779422.41199,0
1726639200000,2320.32,2333.08,2318.85,2328.00,62341.252,1726642799999,144953769.15061,82673,33772.282,78543441.00013,0
1726642800000,2327.99,2333.80,2326.98,2328.65,39784.162,1726646399999,92725347.66557,59545,18039.476,42048311.29553,0
1726646400000,2328.65,2328.66,2316.57,2320.20,62297.262,1726649999999,144592677.26234,76803,27614.850,64091661.68048,0
1726650000000,2320.19,2320.20,2292.28,2294.08,136083.372,1726653599999,314050997.07471,140630,51222.339,118221276.60706,0
1726653600000,2294.09,2307.34,2275.25,2303.78,208058.476,1726657199999,476678696.20714,209034,104682.321,239924706.84798,0
1726657200000,2303.79,2308.94,2298.45,2299.43,55661.471,1726660799999,128299628.69434,75905,23087.477,53223375.52844,0
1726660800000,2299.44,2313.30,2294.38,2309.34,82449.575,1726664399999,189909649.25790,95987,43802.928,100913050.72503,0
1726664400000,2309.34,2317.48,2285.81,2294.09,138197.200,1726667999999,318005835.41774,163032,65382.370,150514444.58377,0
1726668000000,2294.09,2305.80,2286.55,2297.99,106744.472,1726671599999,245166850.90676,162221,58555.844,134511628.60756,0
1726671600000,2297.99,2310.46,2287.67,2295.04,97247.529,1726675199999,223573531.18882,137268,47133.959,108391557.45625,0
1726675200000,2295.05,2307.23,2286.72,2303.54,95947.918,1726678799999,220670659.03147,137398,50383.278,115902041.48546,0
1726678800000,2303.53,2317.75,2288.99,2308.25,115817.200,1726682399999,266919020.71234,142573,58037.588,133752554.05124,0
1726682400000,2308.21,2363.89,2301.44,2334.00,621123.625,1726685999999,1449568455.94366,577542,310966.043,725786166.18245,0
1726686000000,2334.01,2338.37,2308.40,2313.81,238070.269,1726689599999,552850184.53633,303468,114469.907,265836054.58291,0
1726689600000,2313.78,2327.86,2288.20,2325.01,153260.036,1726693199999,353514676.85768,179191,78352.076,180771500.84873,0
1726693200000,2325.00,2341.85,2323.47,2330.38,84126.461,1726696799999,196214608.85522,100270,43218.826,100794709.75981,0
1726696800000,2330.38,2344.59,2330.18,2338.88,40920.942,1726700399999,95686443.52065,61344,20723.982,48460982.78651,0
1726700400000,2338.88,2376.00,2338.87,2373.93,118834.844,1726703999999,280143255.86147,140087,66707.623,157308068.14573,0
1726704000000,2373.93,2409.35,2371.37,2397.32,307958.612,1726707599999,735774783.78367,289700,157119.847,375435606.34508,0
1726707600000,2397.32,2400.00,2372.77,2389.36,233778.900,1726711199999,558106631.75756,204594,116247.200,277552087.98268,0
1726711200000,2389.37,2400.57,2382.77,2399.51,88856.415,1726714799999,212557398.93205,98116,44051.288,105385095.60775,0
1726714800000,2399.50,2412.25,2396.72,2402.79,89276.390,1726718399999,214562784.87378,110459,45632.566,109682216.00944,0
1726718400000,2402.79,2418.20,2398.50,2415.48,89210.670,1726721999999,214712500.42461,102668,46995.905,113144319.46856,0
1726722000000,2415.49,2422.38,2405.22,2410.88,94123.692,1726725599999,227237764.87503,106191,47938.869,115761129.66466,0
1726725600000,2410.89,2419.63,2403.60,2416.03,77319.518,1726729199999,186469429.11677,90104,43262.592,104343883.73693,0
1726729200000,2416.03,2442.24,2413.15,2436.61,150966.199,1726732799999,366688473.56755,167188,82528.980,200452100.50666,0
1726732800000,2436.61,2441.25,2429.07,2430.07,93842.299,1726736399999,228431368.44682,122219,45500.672,110768284.96035,0
1726736400000,2430.08,2440.90,2427.33,2429.78,68738.177,1726739999999,167208710.12623,95666,36897.081,89764321.17558,0
1726740000000,2429.78,2438.69,2424.14,2424.78,73344.946,1726743599999,178226759.39750,98569,36180.064,87925505.79558,0
1726743600000,2424.77,2436.43,2421.45,2434.01,59677.999,1726747199999,144888303.10307,79798,30907.166,75042725.76846,0
1726747200000,2434.00,2451.83,2425.25,2434.50,176014.845,1726750799999,429241658.59698,199386,86168.492,210214303.64730,0
1726750800000,2434.50,2449.21,2419.50,2431.42,150084.463,1726754399999,365189383.78468,194419,78996.696,192234544.78329,0
1726754400000,2431.42,2439.53,2420.27,2425.05,113128.414,1726757999999,275000576.22123,183203,55761.412,135572931.86991,0
1726758000000,2425.05,2439.99,2420.42,2439.00,83990.308,1726761599999,204165307.53040,128066,44633.906,108504166.15116,0
1726761600000,2439.00,2482.72,2432.01,2471.23,330947.926,1726765199999,814616771.91035,306759,177017.115,435702886.67085,0
1726765200000,2471.23,2478.99,2454.24,2474.66,173116.106,1726768799999,427169136.33559,186567,84074.254,207458114.87972,0
1726768800000,2474.67,2494.68,2470.76,2474.03,162298.884,1726772399999,402692369.15651,172820,81201.662,201512908.19405,0
1726772400000,2474.03,2474.67,2459.00,2459.79,87124.756,1726775999999,214848627.91487,104586,39457.688,97310765.57090,0
1726776000000,2459.79,2469.87,2455.33,2463.96,48700.699,1726779599999,119944764.32969,67472,25768.862,63471648.28777,0
1726779600000,2463.96,2470.52,2458.87,2460.75,43062.837,1726783199999,106110061.87537,56172,16308.921,40192865.35224,0
1726783200000,2460.75,2474.38,2452.18,2471.13,98044.618,1726786799999,241490532.52084,129135,47876.094,117937065.05756,0
1726786800000,2471.13,2478.24,2461.25,2464.56,54947.330,1726790399999,135742142.49467,76424,26675.998,65905600.57492,0
1726790400000,2464.55,2466.34,2445.17,2446.70,102854.467,1726793999999,252414432.39526,116178,46857.456,115015448.01611,0
1726794000000,2446.70,2457.12,2436.11,2453.41,103515.533,1726797599999,253175213.79490,121524,53391.904,130615056.91547,0
1726797600000,2453.41,2457.59,2444.08,2455.01,41636.769,1726801199999,102061209.67563,70654,20158.461,49418266.28374,0
1726801200000,2455.00,2521.70,2453.24,2519.90,277573.495,1726804799999,690888838.69588,221251,160943.325,400516879.83300,0
1726804800000,2519.90,2546.64,2515.56,2537.70,340853.948,1726808399999,863873302.14307,320145,168470.906,427003448.41211,0
1726808400000,2537.70,2556.21,2536.44,2542.99,193241.983,1726811999999,492154821.85136,186005,107528.528,273880518.33184,0
1726812000000,2542.99,2564.16,2536.32,2562.57,149109.988,1726815599999,380567722.35207,162856,85230.160,217562651.15102,0
1726815600000,2562.56,2572.18,2550.00,2559.63,179531.446,1726819199999,459461202.38138,175221,93076.669,238236195.79503,0
1726819200000,2559.63,2563.91,2537.60,2544.62,172383.003,1726822799999,439424879.46149,183922,80665.482,205626041.80353,0
1726822800000,2544.63,2552.26,2540.80,2541.60,56798.774,1726826399999,144651149.54790,83747,28808.930,73378894.40526,0
1726826400000,2541.61,2554.06,2539.03,2553.90,60491.370,1726829999999,154081135.34033,85946,33285.415,84786192.78228,0
1726830000000,2553.91,2554.00,2538.30,2543.97,67133.481,1726833599999,170826571.21530,101997,32271.650,82117189.49840,0
1726833600000,2543.97,2558.79,2542.50,2552.91,89178.107,1726837199999,227523481.50413,126988,48579.694,123947588.37131,0
1726837200000,2552.91,2555.22,2521.93,2526.69,240479.007,1726840799999,609228524.71396,254576,103057.967,261068034.41238,0
1726840800000,2526.70,2569.45,2515.31,2545.49,283447.794,1726844399999,720974622.72211,323632,144256.772,367033858.66791,0
1726844400000,2545.50,2561.30,2520.62,2559.18,172957.795,1726847999999,439662387.01200,223595,82796.756,210565937.53268,0
1726848000000,2559.19,2568.48,2540.93,2546.09,146805.961,1726851599999,375144490.29433,199184,67730.429,173119970.15202,0
1726851600000,2546.10,2550.49,2530.50,2535.99,87131.605,1726855199999,221217737.55780,126843,41554.915,105508880.96834,0
1726855200000,2536.00,2547.08,2523.75,2542.00,96523.470,1726858799999,244703741.11243,131668,49331.206,125099425.74344,0
1726858800000,2542.00,2548.93,2538.66,2540.00,40707.076,1726862399999,103559164.63692,82491,19215.429,48887942.86852,0
1726862400000,2540.01,2546.40,2537.23,2539.59,24183.764,1726865999999,61467130.76310,50692,12005.572,30516504.72737,0
1726866000000,2539.59,2552.44,2539.00,2544.53,54708.767,1726869599999,139316941.21055,74022,29749.888,75764571.65868,0
1726869600000,2544.53,2554.00,2543.75,2549.42,30366.129,1726873199999,77421298.31037,49431,14275.684,36394887.92498,0
1726873200000,2549.41,2561.38,2543.71,2560.29,50644.387,1726876799999,129288413.75085,61845,27804.989,71000817.52868,0
1726876800000,2560.30,2586.91,2552.81,2566.81,185530.494,1726880399999,477149387.35857,204916,98027.104,252154278.70936,0
1726880400000,2566.81,2571.79,2541.12,2542.58,107403.178,1726883999999,274342198.71649,136634,48886.269,124876423.30569,0
1726884000000,2542.57,2547.35,2532.21,2541.01,81105.115,1726887599999,205949423.51112,98350,43644.660,110823980.39918,0
1726887600000,2541.00,2548.50,2539.19,2542.80,39673.750,1726891199999,100977690.25681,60130,19376.248,49319590.53471,0
1726891200000,2542.80,2544.99,2527.69,2536.49,73501.610,1726894799999,186340815.73672,95152,35149.151,89114704.19127,0
1726894800000,2536.50,2544.73,2534.27,2543.47,38846.603,1726898399999,98678084.96661,59659,19428.212,49350967.77292,0
1726898400000,2543.48,2552.42,2541.66,2546.66,50394.527,1726901999999,128426701.60171,64859,25040.247,63812325.33430,0
1726902000000,2546.66,2557.97,2545.78,2554.54,45784.091,1726905599999,116853765.97577,62268,21747.176,55511463.65947,0
1726905600000,2554.55,2556.26,2547.00,2547.87,35990.532,1726909199999,91820113.83674,53884,14777.206,37701751.98460,0
1726909200000,2547.86,2552.00,2544.75,2551.77,32365.214,1726912799999,82487003.68193,44804,15059.781,38384405.75581,0
1726912800000,2551.77,2552.00,2543.49,2545.65,26896.141,1726916399999,68504679.13808,41744,12320.308,31380723.89627,0
1726916400000,2545.66,2556.09,2544.41,2555.33,26496.908,1726919999999,67598493.95016,41778,14480.251,36940402.95750,0
1726920000000,2555.34,2561.71,2550.03,2560.82,44427.129,1726923599999,113518042.20616,53770,25604.114,65430988.69411,0
1726923600000,2560.81,2575.74,2555.26,2569.04,97476.714,1726927199999,249987625.44615,125083,51672.478,132533133.96808,0
1726927200000,2569.05,2574.60,2561.00,2566.32,69373.496,1726930799999,178100480.31841,100401,31929.894,81984707.29510,0
1726930800000,2566.32,2566.47,2549.10,2558.54,73963.615,1726934399999,189104275.12202,98723,31241.452,79868259.55069,0
1726934400000,2558.53,2566.07,2555.00,2559.01,36115.169,1726937999999,92459208.95812,68334,19673.264,50365223.68501,0
1726938000000,2559.01,2571.70,2558.75,2568.59,51992.212,1726941599999,133413914.74701,83431,26466.422,67911020.96845,0
1726941600000,2568.59,2570.89,2565.42,2568.55,20201.237,1726945199999,51875275.52187,44614,10474.716,26900037.93366,0
1726945200000,2568.55,2577.79,2567.62,2570.44,44698.186,1726948799999,114985573.43914,66072,26213.242,67437134.17374,0
1726948800000,2570.45,2570.90,2563.23,2564.35,18165.830,1726952399999,46640832.72813,40661,6903.101,17725049.89323,0
1726952400000,2564.35,2565.88,2558.51,2560.34,22942.398,1726955999999,58780510.10211,43392,10659.236,27311490.51126,0
1726956000000,2560.35,2575.37,2558.69,2574.62,32390.749,1726959599999,83134608.95917,51175,18587.976,47709823.11446,0
1726959600000,2574.62,2623.85,2572.17,2611.40,249481.473,1726963199999,649080562.32718,228935,138404.167,360043129.69687,0
1726963200000,2611.40,2633.30,2603.73,2619.36,168990.507,1726966799999,442448515.55828,202625,86783.352,227247958.31232,0
1726966800000,2619.37,2620.19,2598.70,2599.61,65869.630,1726970399999,171857824.09183,95595,28193.337,73564459.72988,0
1726970400000,2599.60,2602.43,2586.48,2593.15,93542.404,1726973999999,242674632.40564,117945,46804.309,121420744.13212,0
1726974000000,2593.15,2613.89,2590.85,2593.62,90085.885,1726977599999,234343433.61621,100304,52088.416,135511752.79595,0
1726977600000,2593.61,2603.88,2592.85,2597.55,37796.865,1726981199999,98181916.17121,57160,22359.243,58078166.09393,0
1726981200000,2597.55,2598.23,2578.08,2581.07,80268.413,1726984799999,207551362.76838,107113,34929.092,90305490.45758,0
1726984800000,2581.07,2589.85,2575.00,2579.36,52893.915,1726988399999,136606859.23575,73764,25206.472,65111110.40007,0
1726988400000,2579.37,2587.23,2578.42,2586.74,31476.497,1726991999999,81291665.68399,53002,18728.006,48368979.74179,0
1726992000000,2586.73,2595.00,2584.57,2594.09,42695.656,1726995599999,110572149.67740,64154,21966.679,56894198.18101,0
1726995600000,2594.09,2594.09,2572.05,2578.55,104706.911,1726999199999,270211529.01299,111189,39992.478,103185821.66150,0
1726999200000,2578.55,2580.96,2568.58,2579.37,53042.335,1727002799999,136632334.56546,77242,26192.932,67475549.53245,0
1727002800000,2579.37,2583.91,2571.38,2579.58,48010.199,1727006399999,123852179.23131,76442,23033.809,59427539.70033,0
1727006400000,2579.59,2584.64,2573.32,2580.13,35952.776,1727009999999,92723647.51410,59878,17709.934,45680695.03340,0
1727010000000,2580.13,2586.97,2564.79,2569.97,77629.170,1727013599999,199887180.46368,103403,36181.948,93175604.22211,0
1727013600000,2569.97,2574.01,2553.07,2563.34,142413.716,1727017199999,365078012.78867,155568,70478.008,180695086.60490,0
1727017200000,2563.34,2575.69,2561.16,2569.57,59366.616,1727020799999,152544047.08636,83157,31196.904,80152063.04126,0
1727020800000,2569.57,2574.00,2550.08,2570.36,120601.804,1727024399999,308994653.22446,140089,57525.276,147383959.22518,0
1727024400000,2570.37,2591.31,2569.12,2584.30,81792.867,1727027999999,211179115.56082,122901,43545.281,112432603.05948,0
1727028000000,2584.30,2585.00,2571.15,2575.49,43091.793,1727031599999,111100346.62018,73253,19743.761,50905252.04519,0
1727031600000,2575.49,2582.33,2561.11,2577.00,46281.209,1727035199999,119010332.35555,74525,22238.415,57190388.94090,0
1727035200000,2576.99,2582.44,2570.35,2571.95,46698.394,1727038799999,120370067.58780,79239,25161.436,64868438.19085,0
1727038800000,2571.95,2578.84,2542.08,2546.30,73757.776,1727042399999,188734359.33089,91632,29856.259,76422443.98743,0
1727042400000,2546.29,2593.00,2522.57,2588.41,295985.421,1727045999999,756237131.13623,317553,155724.775,398104166.14427,0
1727046000000,2588.40,2592.44,2572.58,2579.94,76494.435,1727049599999,197423752.72943,130115,37729.580,97351092.81203,0
1727049600000,2579.95,2604.50,2538.24,2593.01,244997.523,1727053199999,630193800.53367,273473,124319.006,319923177.77926,0
1727053200000,2593.01,2619.90,2588.19,2612.56,180465.782,1727056799999,470361830.46839,244561,96433.161,251400947.60292,0
1727056800000,2612.56,2642.52,2607.66,2634.48,215243.048,1727060399999,565151218.90440,234049,118248.807,310526819.84157,0
1727060400000,2634.48,2686.50,2631.00,2675.37,387277.991,1727063999999,1032943489.67446,354130,211332.551,563527652.76009,0
1727064000000,2675.37,2680.00,2655.47,2663.00,142684.715,1727067599999,380634724.53225,178465,66196.680,176596495.33836,0
1727067600000,2663.00,2665.13,2651.59,2656.31,79525.456,1727071199999,211363665.98787,102838,38147.525,101403013.09408,0
1727071200000,2656.31,2660.90,2650.22,2653.73,59236.207,1727074799999,157305939.89033,95055,31577.161,83865792.76981,0
1727074800000,2653.73,2655.20,2635.00,2645.28,114856.647,1727078399999,303584390.65990,142100,55942.954,147875507.52344,0
1727078400000,2645.27,2647.39,2635.60,2644.54,79555.607,1727081999999,210163954.80972,124058,38745.682,102361040.39822,0
1727082000000,2644.55,2661.92,2644.55,2655.04,87466.395,1727085599999,232105023.25192,116505,46451.721,123281301.68581,0
1727085600000,2655.04,2656.39,2632.01,2648.08,80646.275,1727089199999,213285909.81276,116008,36080.763,95444519.45682,0
1727089200000,2648.07,2651.77,2636.27,2645.11,56936.859,1727092799999,150527862.66527,93895,27947.804,73896356.76097,0
1727092800000,2645.11,2651.60,2638.59,2645.00,64242.657,1727096399999,169887076.18120,98465,27837.340,73615904.85313,0
1727096400000,2645.01,2650.75,2630.04,2642.00,125843.322,1727099999999,332485483.13265,190246,59653.160,157643646.70942,0
1727100000000,2641.99,2672.39,2639.52,2659.19,250681.049,1727103599999,665991445.65994,294919,128263.196,340804415.76747,0
1727103600000,2659.19,2685.00,2647.06,2674.07,164997.030,1727107199999,440260843.25295,210046,86061.604,229626902.88733,0
1727107200000,2674.07,2702.00,2659.00,2662.27,267208.322,1727110799999,716568291.97047,313407,135872.520,364491328.40417,0
1727110800000,2662.27,2669.74,2656.41,2667.27,73307.955,1727114399999,195209772.54943,129919,38286.970,101960520.31161,0
1727114400000,2667.28,2691.24,2663.00,2678.38,83886.287,1727117999999,224657219.39611,124278,43241.416,115805562.86954,0
1727118000000,2678.38,2681.81,2667.13,2671.80,62631.831,1727121599999,167558126.16475,112468,28975.402,77521859.92278,0
1727121600000,2671.80,2681.52,2658.88,2660.26,52565.041,1727125199999,140336082.77397,88316,21993.788,58743383.10985,0
1727125200000,2660.04,2665.58,2643.02,2655.11,100417.727,1727128799999,266579872.68515,127099,51503.274,136741279.57727,0
1727128800000,2655.11,2655.63,2644.14,2645.44,68195.585,1727132399999,180670928.65791,88919,30567.594,80976737.84194,0
1727132400000,2645.43,2653.28,2637.42,2645.84,75965.884,1727135999999,201036666.84507,91454,29137.879,77131135.03567,0
1727136000000,2645.84,2650.63,2621.00,2627.03,160194.883,1727139599999,422202325.21627,198557,74483.176,196344107.91788,0
1727139600000,2627.03,2643.35,2615.50,2626.65,128311.787,1727143199999,337144345.82097,155295,63446.590,166746601.27035,0
1727143200000,2626.65,2629.89,2607.74,2620.72,134106.629,1727146799999,350880582.28721,153693,61545.887,161051111.26706,0
1727146800000,2620.73,2630.00,2616.69,2626.50,79824.756,1727150399999,209396458.28235,97352,44053.935,115583369.65289,0
1727150400000,2626.50,2627.02,2617.03,2621.77,44955.994,1727153999999,117881780.99310,68130,19127.342,50165228.30362,0
1727154000000,2621.78,2632.62,2621.13,2630.68,48990.381,1727157599999,128738477.95007,68756,22036.824,57916545.95693,0
1727157600000,2630.67,2649.16,2630.25,2639.24,76458.873,1727161199999,201749421.47186,97007,40594.340,107131675.59292,0
1727161200000,2639.24,2648.60,2636.60,2645.99,60517.111,1727164799999,159967362.04365,87490,29283.876,77407189.52436,0
1727164800000,2645.99,2667.21,2642.03,2660.00,144399.326,1727168399999,383516971.09930,161709,72802.149,193369187.50914,0
1727168400000,2660.01,2661.69,2642.55,2643.93,84247.346,1727171999999,223305399.24797,102856,32050.431,84942259.13256,0
1727172000000,2643.94,2651.36,2641.80,2646.25,44994.350,1727175599999,119118945.84492,75063,24745.578,65511272.42551,0
1727175600000,2646.25,2647.11,2633.58,2636.28,95054.931,1727179199999,250926049.73857,111052,44230.699,116757919.50320,0
1727179200000,2636.27,2645.40,2629.80,2631.44,87369.045,1727182799999,230324728.85495,117724,42709.820,112604877.89738,0
1727182800000,2631.43,2645.00,2628.06,2632.72,109512.562,1727186399999,288813050.02954,152137,53967.830,142325286.26818,0
1727186400000,2632.73,2633.00,2590.10,2611.69,454540.961,1727189999999,1186268354.76241,411523,218074.509,569127251.02870,0
1727190000000,2611.69,2618.47,2605.00,2611.82,128228.017,1727193599999,334916283.77360,152993,64891.616,169505385.23806,0
1727193600000,2611.82,2634.13,2609.94,2626.00,107208.820,1727197199999,280881378.63614,147773,58945.774,154462374.70387,0
1727197200000,2626.00,2656.21,2624.29,2646.74,175396.237,1727200799999,463527665.41927,207508,97140.232,256691758.56889,0
1727200800000,2646.74,2650.69,2631.84,2637.22,95253.019,1727204399999,251509307.06786,137201,43882.784,115869121.79259,0
1727204400000,2637.22,2654.99,2635.23,2649.38,66675.402,1727207999999,176360631.66368,105041,34935.576,92413724.10492,0
1727208000000,2649.39,2658.90,2638.85,2649.06,108155.739,1727211599999,286423693.51882,149100,54619.602,144652386.85770,0
1727211600000,2649.03,2654.39,2639.13,2646.42,53952.808,1727215199999,142744908.34704,72648,25898.006,68502898.40925,0
1727215200000,2646.41,2669.94,2646.41,2664.80,154818.875,1727218799999,411732711.83659,160380,79361.721,211069320.44652,0
1727218800000,2664.80,2667.68,2649.26,2652.00,74917.856,1727222399999,199031091.37110,95330,34384.790,91350595.21741,0
1727222400000,2652.00,2655.72,2631.06,2637.27,112149.909,1727225999999,296462102.27708,128769,47543.703,125704139.62257,0
1727226000000,2637.27,2673.06,2634.83,2648.05,142769.247,1727229599999,379059463.65097,162557,78248.395,207756063.04093,0
1727229600000,2648.05,2655.99,2640.56,2646.49,66972.419,1727233199999,177285819.55197,95970,35047.003,92786292.62768,0
1727233200000,2646.49,2646.50,2638.50,2645.51,42764.893,1727236799999,112999068.51493,69320,21134.586,55848283.53577,0
1727236800000,2645.51,2645.88,2624.05,2624.05,77892.480,1727240399999,205012174.00484,96813,36218.278,95327152.48917,0
1727240400000,2624.05,2631.17,2618.84,2623.33,74389.850,1727243999999,195221043.38893,88887,41054.855,107753488.11125,0
1727244000000,2623.32,2624.92,2609.04,2616.71,107773.751,1727247599999,282057901.90086,131480,50597.814,132440933.91985,0
1727247600000,2616.71,2626.60,2611.14,2620.44,74008.709,1727251199999,193920045.18901,100037,37319.856,97802050.08056,0
1727251200000,2620.44,2626.78,2619.22,2623.93,37575.849,1727254799999,98575063.98501,68825,18684.117,49018702.05507,0
1727254800000,2623.94,2628.88,2619.04,2620.22,46128.744,1727258399999,121024796.18956,69504,19648.306,51549600.93105,0
1727258400000,2620.22,2629.90,2612.51,2621.71,86664.273,1727261999999,227201175.20061,101249,44077.326,115553828.49334,0
1727262000000,2621.71,2626.89,2612.78,2626.31,71076.102,1727265599999,186181656.50731,91026,37655.193,98642245.80704,0
1727265600000,2626.30,2626.31,2616.39,2616.53,40257.829,1727269199999,105530209.90997,70098,17591.876,46117299.40871,0
1727269200000,2616.53,2622.00,2600.96,2616.63,112297.510,1727272799999,293334819.59518,159999,52725.016,137760004.67461,0
1727272800000,2616.63,2628.64,2614.60,2625.64,97195.070,1727276399999,254844472.47654,149892,47828.244,125419709.13581,0
1727276400000,2625.65,2627.80,2593.67,2599.90,150493.979,1727279999999,392716918.28983,185874,64448.895,168225279.58286,0
1727280000000,2599.91,2608.43,2591.21,2599.03,117998.146,1727283599999,306735837.50226,163173,61495.628,159869610.76625,0
1727283600000,2599.03,2603.43,2561.17,2574.56,259475.741,1727287199999,669552252.56362,246820,117053.276,302096930.90113,0
1727287200000,2574.60,2583.00,2572.23,2581.50,66548.793,1727290799999,171597963.97861,111555,36221.989,93402076.21493,0
1727290800000,2581.51,2588.00,2566.75,2569.69,72262.103,1727294399999,186340817.43630,102985,35589.777,91798860.98183,0
1727294400000,2569.68,2582.00,2569.24,2579.96,43316.411,1727297999999,111634416.40013,72042,23682.995,61035321.06164,0
1727298000000,2579.96,2583.69,2576.13,2579.80,27604.810,1727301599999,71245254.18061,45707,13782.239,35568185.18337,0
1727301600000,2579.80,2581.26,2552.44,2571.38,130128.452,1727305199999,334005864.33566,157443,55538.868,142617559.01821,0
1727305200000,2571.38,2582.06,2565.62,2578.90,75589.453,1727308799999,194485425.89949,127908,37092.852,95460768.91525,0
1727308800000,2578.90,2588.05,2557.50,2570.31,100689.385,1727312399999,259171585.01174,146517,49462.890,127321055.23984,0
1727312400000,2570.31,2587.16,2558.98,2585.51,173297.793,1727315999999,446085277.95804,201426,90673.954,233434955.12400,0
1727316000000,2585.51,2599.95,2585.00,2596.51,121137.886,1727319599999,314189054.56650,126614,61345.359,159111733.88039,0
1727319600000,2596.52,2606.00,2592.26,2601.65,68730.427,1727323199999,178634041.01457,89892,35674.958,92731246.85425,0
1727323200000,2601.64,2604.30,2590.12,2595.44,47696.511,1727326799999,123874173.93961,69656,19422.076,50444184.17248,0
1727326800000,2595.44,2615.47,2591.80,2612.09,80387.319,1727330399999,209613039.91659,99000,44222.476,115301017.39075,0
1727330400000,2612.10,2619.22,2610.52,2615.74,59756.749,1727333999999,156286050.17514,91911,30659.289,80189111.08067,0
1727334000000,2615.74,2634.01,2613.13,2628.59,86251.320,1727337599999,226318804.97069,111804,47206.495,123892368.67265,0
1727337600000,2628.59,2631.79,2616.00,2619.36,80548.473,1727341199999,211388338.90506,107209,34822.488,91393782.17894,0
1727341200000,2619.36,2625.96,2611.68,2619.10,79130.955,1727344799999,207150168.07092,99648,39378.319,103093599.68179,0
1727344800000,2619.11,2638.77,2615.76,2629.75,130501.934,1727348399999,343323179.61041,137439,70147.096,184554064.67605,0
1727348400000,2629.74,2630.45,2621.18,2627.91,76528.950,1727351999999,200987934.23065,105441,36795.573,96647651.55357,0
1727352000000,2627.91,2639.38,2622.13,2629.11,97263.493,1727355599999,255820373.50347,141549,45353.839,119308056.81886,0
1727355600000,2629.12,2634.46,2612.00,2619.45,116300.988,1727359199999,304838478.46288,153434,54307.730,142341590.59355,0
1727359200000,2619.45,2653.03,2611.83,2612.28,306900.522,1727362799999,807674062.53226,349358,161007.113,423837240.06177,0
1727362800000,2612.27,2663.05,2606.60,2651.05,290105.487,1727366399999,766302905.14571,308367,141725.507,374357979.74990,0
1727366400000,2651.05,2664.13,2641.54,2649.54,131073.928,1727369999999,347698081.39961,185287,62242.883,165122494.30818,0
1727370000000,2649.53,2666.17,2626.79,2628.63,169700.999,1727373599999,448581470.91346,192114,78691.065,208096816.05851,0
1727373600000,2628.64,2659.02,2625.51,2658.99,100492.696,1727377199999,265407737.94797,132312,59503.312,157172179.01656,0
1727377200000,2658.99,2659.00,2645.73,2647.99,68154.280,1727380799999,180772970.44519,104004,30993.416,82212569.57191,0
1727380800000,2648.05,2654.36,2627.50,2629.91,96488.750,1727384399999,254795692.78694,134140,47161.520,124538816.24593,0
1727384400000,2629.91,2647.81,2628.81,2637.49,43433.240,1727387999999,114564465.20205,79855,24064.718,63472890.12596,0
1727388000000,2637.49,2645.43,2632.39,2636.64,40416.506,1727391599999,106646014.27165,68844,21813.143,57565278.77275,0
1727391600000,2636.64,2636.97,2616.00,2631.11,76076.539,1727395199999,199749888.02162,92973,35192.824,92427783.76988,0
1727395200000,2631.16,2640.80,2624.31,2640.21,60297.232,1727398799999,158782563.83512,101587,33875.566,89212818.79906,0
1727398800000,2640.21,2644.02,2620.26,2624.67,59910.545,1727402399999,157607153.11582,101329,28417.162,74751771.58223,0
1727402400000,2624.68,2629.27,2615.99,2618.43,45940.992,1727405999999,120401788.48655,78763,21837.975,57240811.91493,0
1727406000000,2618.43,2640.95,2614.22,2637.74,81902.930,1727409599999,215209947.27376,102329,44104.269,115872644.37675,0
1727409600000,2637.74,2648.87,2636.31,2644.56,75190.215,1727413199999,198847976.14759,106583,37181.526,98332472.94787,0
1727413200000,2644.56,2654.64,2635.30,2652.68,67386.139,1727416799999,178221627.98266,92855,36129.431,95582947.17511,0
1727416800000,2652.68,2667.99,2651.40,2655.46,126490.712,1727420399999,336398280.14883,161666,67290.224,178961166.02015,0
1727420400000,2655.46,2661.46,2650.98,2656.06,68315.987,1727423999999,181590063.00440,95867,33610.076,89343564.61832,0
1727424000000,2656.05,2676.83,2655.00,2665.93,105359.737,1727427599999,281016739.64786,136270,54514.502,145405595.42280,0
1727427600000,2665.94,2672.80,2653.68,2661.34,97431.903,1727431199999,259378698.27054,133683,45765.592,121843543.12367,0
1727431200000,2661.34,2662.66,2639.63,2640.19,143799.304,1727434799999,380526766.57318,156126,65616.672,173634175.54388,0
1727434800000,2640.19,2653.21,2640.00,2650.28,65187.126,1727438399999,172598640.36698,92338,33090.877,87617053.19787,0
1727438400000,2650.29,2664.16,2643.87,2657.67,90780.810,1727441999999,241093474.44969,133043,45824.315,121707963.66416,0
1727442000000,2657.68,2663.00,2640.76,2661.76,87305.992,1727445599999,231466325.32030,148490,42024.947,111438965.13894,0
1727445600000,2661.76,2696.00,2656.40,2680.67,293746.024,1727449199999,787018220.21389,351084,148035.334,396627890.46552,0
1727449200000,2680.68,2698.80,2678.40,2682.17,134133.050,1727452799999,360692754.80065,196176,66433.491,178645504.28216,0
1727452800000,2682.16,2727.66,2677.00,2716.62,277365.586,1727456399999,750755156.96581,288930,152482.603,412802598.34156,0
1727456400000,2716.61,2719.66,2684.30,2702.25,185696.376,1727459999999,501104770.87432,213701,93771.681,252990719.99699,0
1727460000000,2702.25,2704.00,2685.54,2698.68,78669.973,1727463599999,211919345.70151,116457,37467.054,100936313.35110,0
1727463600000,2698.67,2707.66,2689.46,2700.49,82958.225,1727467199999,223930837.62677,125915,40306.292,108795867.53871,0
1727467200000,2700.49,2703.13,2688.54,2692.70,44784.939,1727470799999,120662247.99990,82775,23762.367,64022881.86988,0
1727470800000,2692.70,2696.99,2688.57,2692.61,23162.410,1727474399999,62360567.12865,48166,11406.558,30710469.14245,0
1727474400000,2692.61,2707.74,2690.00,2704.51,43345.609,1727477999999,117035099.03430,69205,21401.747,57771069.60334,0
1727478000000,2704.52,2707.58,2693.20,2693.53,34663.807,1727481599999,93561686.30262,55762,14674.446,39608005.19425,0
1727481600000,2693.52,2699.47,2689.19,2695.41,39425.916,1727485199999,106229748.13845,69848,19881.111,53570680.67521,0
1727485200000,2695.40,2697.50,2690.32,2696.82,21444.385,1727488799999,57768436.20860,48008,10879.532,29307675.62976,0
1727488800000,2696.81,2703.30,2686.72,2698.81,62376.771,1727492399999,168137145.91568,84400,30893.442,83289583.44052,0
1727492400000,2698.81,2702.20,2686.68,2689.28,49459.457,1727495999999,133196962.31688,72232,22948.301,61804601.01960,0
1727496000000,2689.27,2699.30,2686.09,2691.70,45339.986,1727499599999,122101035.73307,71964,22361.589,60226439.55479,0
1727499600000,2691.71,2693.55,2681.06,2682.01,58010.479,1727503199999,155884686.35744,72181,22976.791,61748641.06935,0
1727503200000,2682.00,2686.00,2672.76,2678.04,92939.319,1727506799999,248983529.92031,105224,42275.212,113267467.50857,0
1727506800000,2678.04,2682.82,2674.10,2677.00,39648.654,1727510399999,106224843.05535,60680,19530.975,52329071.89312,0
1727510400000,2676.99,2677.64,2662.74,2665.01,95605.590,1727513999999,255264289.11763,115325,40181.619,107300408.83543,0
1727514000000,2665.00,2670.20,2648.32,2668.99,126435.904,1727517599999,336326277.79872,151156,63558.803,169108746.20159,0
1727517600000,2668.99,2675.40,2665.68,2674.25,51426.837,1727521199999,137390725.21042,72628,25767.859,68844845.96958,0
1727521200000,2674.25,2675.82,2669.10,2674.24,51672.618,1727524799999,138088292.32990,58096,23022.064,61528661.74633,0
1727524800000,2674.24,2674.75,2653.20,2657.50,123913.715,1727528399999,329943154.49099,109112,56905.301,151528536.41529,0
1727528400000,2657.50,2662.70,2650.37,2658.38,76820.891,1727531999999,204052200.23810,95532,38569.549,102469565.27836,0
1727532000000,2658.39,2675.00,2658.39,2672.63,102345.557,1727535599999,273202884.83760,102164,64219.240,171419516.03823,0
1727535600000,2672.63,2672.71,2666.28,2668.78,29584.261,1727539199999,78957562.74492,49558,13159.603,35122054.16436,0
1727539200000,2668.78,2671.28,2661.11,2663.99,63332.379,1727542799999,168850916.74275,71269,28600.398,76253109.57729,0
1727542800000,2664.00,2683.46,2661.76,2674.28,66502.395,1727546399999,177782607.83658,83807,36462.262,97462755.47616,0
1727546400000,2674.28,2683.84,2673.57,2674.09,36165.060,1727549999999,96875385.49632,61051,18616.114,49868283.59799,0
1727550000000,2674.09,2679.00,2673.51,2676.83,14219.470,1727553599999,38054367.13733,37311,7392.820,19784299.75094,0
1727553600000,2676.82,2678.63,2672.03,2674.50,15610.086,1727557199999,41771665.89002,37185,7462.086,19967338.55025,0
1727557200000,2674.50,2675.79,2653.85,2669.56,51837.325,1727560799999,138090977.08541,86135,22220.245,59190518.32330,0
1727560800000,2669.55,2681.71,2663.31,2673.48,41030.976,1727564399999,109685812.46710,69069,21840.991,58401131.12169,0
1727564400000,2673.47,2679.50,2667.80,2673.90,37800.019,1727567999999,101045088.93098,55940,17601.018,47047492.48284,0
1727568000000,2673.91,2681.56,2662.17,2666.98,47029.992,1727571599999,125704627.86879,79926,22459.432,60034834.95694,0
1727571600000,2666.98,2674.99,2663.58,2674.65,35243.564,1727575199999,94066480.02086,75160,20523.712,54782067.64636,0
1727575200000,2674.64,2683.00,2671.48,2673.84,47895.400,1727578799999,128232641.41161,77639,24865.349,66581905.41938,0
1727578800000,2673.83,2675.04,2665.62,2673.47,28934.261,1727582399999,77283114.91524,49704,14072.961,37587700.82528,0
1727582400000,2673.51,2673.51,2665.00,2669.58,32631.910,1727585999999,87062970.97204,48342,16670.826,44479547.59265,0
1727586000000,2669.58,2673.45,2661.13,2663.93,34747.620,1727589599999,92653162.62640,60691,16935.510,45158413.21401,0
1727589600000,2663.94,2667.25,2644.97,2649.16,100832.809,1727593199999,267740289.84354,110871,42444.068,112715152.25195,0
1727593200000,2649.17,2653.32,2633.03,2639.60,122404.402,1727596799999,323587849.01581,145711,55366.291,146397078.29457,0
1727596800000,2639.60,2649.53,2632.80,2646.45,93842.924,1727600399999,247747049.17378,114573,48852.578,129023541.07768,0
1727600400000,2646.45,2651.74,2645.23,2646.31,43834.967,1727603999999,116096488.82942,64621,20856.639,55240039.80160,0
1727604000000,2646.31,2647.36,2637.12,2645.84,37086.418,1727607599999,97995832.79269,63288,17049.801,45049868.86685,0
1727607600000,2645.84,2654.39,2643.85,2651.77,43781.885,1727611199999,116030368.06301,64349,24259.644,64294366.79623,0
1727611200000,2651.77,2658.41,2643.14,2645.24,71233.416,1727614799999,188905051.64234,89527,33984.745,90149736.97933,0
1727614800000,2645.26,2658.00,2639.45,2655.10,70170.006,1727618399999,186024380.62259,99160,34568.200,91663797.08798,0
1727618400000,2655.10,2655.70,2646.56,2651.56,39263.608,1727621999999,104099783.51799,83293,18711.484,49612544.12984,0
1727622000000,2651.57,2668.24,2650.31,2664.96,98430.811,1727625599999,261897064.02529,127196,50183.076,133529048.94989,0
1727625600000,2664.96,2667.00,2649.02,2662.81,74833.103,1727629199999,199008666.25127,103734,36338.828,96651643.18195,0
1727629200000,2662.81,2671.08,2660.20,2661.49,47993.548,1727632799999,127970061.78028,81760,22756.079,60685518.96050,0
1727632800000,2661.49,2664.74,2658.00,2662.17,25649.446,1727636399999,68273634.17686,45471,11768.228,31327428.90614,0
1727636400000,2662.18,2666.61,2661.62,2665.65,24003.189,1727639999999,63957440.56485,45164,12963.033,34541717.14193,0
1727640000000,2665.65,2672.88,2656.53,2659.80,78074.565,1727643599999,207871548.83167,92726,40122.133,106844608.07606,0
1727643600000,2659.79,2667.88,2658.93,2665.77,37806.863,1727647199999,100686882.93171,51548,19237.523,51237418.12499,0
1727647200000,2665.77,2670.50,2654.06,2654.42,81330.337,1727650799999,216388421.09141,107813,39907.635,106182199.04019,0
1727650800000,2654.42,2661.37,2646.15,2656.30,73481.356,1727654399999,194966130.67712,103834,32145.028,85301821.05352,0
1727654400000,2656.30,2662.81,2624.00,2647.54,196528.930,1727657999999,518803369.13230,220729,86973.147,229600904.82168,0
1727658000000,2647.55,2654.94,2612.09,2614.00,200429.660,1727661599999,527215209.86174,235733,88835.041,233737604.46195,0
1727661600000,2614.00,2621.00,2601.00,2612.08,147497.775,1727665199999,385360912.01098,215684,69943.968,182799281.20220,0
1727665200000,2612.08,2629.67,2604.89,2628.64,111572.902,1727668799999,292041696.58364,165624,56439.627,147763783.39164,0
1727668800000,2628.64,2629.64,2621.81,2627.16,43365.767,1727672399999,113875688.03568,83967,21340.347,56038988.56055,0
1727672400000,2627.16,2636.48,2625.43,2635.13,59579.991,1727675999999,156764491.61013,71549,30895.765,81302398.80403,0
1727676000000,2635.13,2642.99,2628.20,2628.61,85260.087,1727679599999,224844609.24349,108309,43696.254,115250364.68048,0
1727679600000,2628.61,2642.53,2628.47,2636.70,70777.024,1727683199999,186651490.72221,96703,41424.356,109237343.07466,0
1727683200000,2636.70,2642.48,2625.00,2640.20,144226.602,1727686799999,380055636.30705,153554,75510.410,198981087.77090,0
1727686800000,2640.20,2641.50,2606.00,2606.10,172591.735,1727690399999,452952138.59795,206200,77356.421,203072779.13013,0
1727690400000,2606.10,2614.38,2590.72,2604.63,230537.911,1727693999999,599719346.24623,259613,112688.536,293222014.46544,0
1727694000000,2604.62,2632.72,2600.62,2627.97,135993.180,1727697599999,356126035.83955,162844,68827.438,180237626.40108,0
1727697600000,2627.97,2635.00,2625.65,2632.95,75320.439,1727701199999,198128417.25985,113256,37788.663,99410049.91691,0
1727701200000,2632.95,2638.15,2621.69,2624.40,86749.882,1727704799999,228191297.52802,135852,38351.598,100891565.88497,0
1727704800000,2624.39,2629.27,2604.88,2610.25,141877.297,1727708399999,370807998.96402,190016,67021.354,175170184.16095,0
1727708400000,2610.24,2622.88,2592.05,2595.05,125143.397,1727711999999,326314733.64127,174629,55971.260,146037188.34515,0
1727712000000,2595.05,2609.44,2588.21,2603.22,146725.428,1727715599999,381696896.95687,162142,77067.516,200497306.56921,0
1727715600000,2603.22,2608.45,2590.12,2608.44,85556.871,1727719199999,222536706.48785,125521,43262.826,112533035.18222,0
1727719200000,2608.39,2608.97,2572.82,2588.06,163759.304,1727722799999,423513254.07714,228845,69686.727,180242394.24369,0
1727722800000,2588.06,2602.24,2582.82,2594.49,92520.770,1727726399999,239989424.23650,128287,51374.275,133279023.47300,0
1727726400000,2594.50,2616.86,2592.61,2613.80,84960.028,1727729999999,221448718.44828,117330,53322.428,138923736.84793,0
1727730000000,2613.80,2615.03,2598.66,2609.36,42895.692,1727733599999,111916901.78720,67707,15914.878,41524671.65672,0
1727733600000,2609.37,2613.60,2600.81,2601.75,56578.380,1727737199999,147526115.31707,102010,26995.213,70395539.48335,0
1727737200000,2601.76,2609.65,2575.54,2601.49,159152.691,1727740799999,412762323.49100,211086,75915.573,196889405.83096,0
1727740800000,2601.49,2623.50,2590.57,2618.05,139106.827,1727744399999,362897706.01689,230699,74547.470,194498017.65131,0
1727744400000,2618.04,2628.73,2615.31,2620.81,77567.465,1727747999999,203508612.48821,138900,35456.994,93032809.70877,0
1727748000000,2620.81,2620.98,2606.56,2619.11,55638.669,1727751599999,145408237.51722,95752,24707.540,64592304.53839,0
1727751600000,2619.12,2632.92,2616.60,2629.33,68301.736,1727755199999,179449029.49980,110553,36326.519,95437890.86185,0
1727755200000,2629.33,2646.57,2626.86,2643.78,144048.227,1727758799999,380096946.86581,146834,91372.750,241117945.71841,0
1727758800000,2643.78,2644.83,2635.64,2639.37,47579.583,1727762399999,125555686.71604,75453,20814.837,54928988.39229,0
1727762400000,2639.36,2658.63,2639.09,2655.73,90794.631,1727765999999,240488670.91270,113396,52769.975,139786238.89442,0
1727766000000,2655.74,2656.93,2642.48,2644.79,91909.135,1727769599999,243439682.29837,101064,46326.461,122698957.11918,0
1727769600000,2644.78,2646.35,2633.12,2640.00,67002.912,1727773199999,176874795.97998,87691,30059.363,79350833.05718,0
1727773200000,2640.00,2644.50,2633.53,2634.20,62517.803,1727776799999,165029398.51824,83865,24174.690,63820923.10744,0
1727776800000,2634.20,2638.96,2630.69,2636.94,38289.931,1727780399999,100867818.83842,71334,19643.589,51751345.64809,0
1727780400000,2636.94,2638.53,2627.05,2627.82,44344.881,1727783999999,116713475.11491,71108,18906.754,49763087.71892,0
1727784000000,2627.81,2632.43,2618.07,2620.80,99530.246,1727787599999,261226281.88193,111760,41079.694,107818406.49018,0
1727787600000,2620.80,2621.87,2565.17,2579.72,411290.197,1727791199999,1064214998.43853,400147,198373.243,513100494.77546,0
1727791200000,2579.72,2590.64,2535.11,2548.59,464792.343,1727794799999,1191397747.29715,520160,199909.943,512714454.15218,0
1727794800000,2548.59,2550.90,2480.00,2523.54,647934.535,1727798399999,1627884408.73266,651132,304115.851,764239068.74005,0
1727798400000,2523.54,2530.50,2482.01,2508.49,367616.086,1727801999999,921167293.75095,422837,172984.771,433489460.02269,0
1727802000000,2508.49,2511.96,2425.17,2505.12,654241.297,1727805599999,1620405827.42981,645326,309038.318,766059572.11112,0
1727805600000,2505.12,2518.88,2490.50,2500.99,172781.839,1727809199999,433071934.48803,255851,86416.283,216659371.64545,0
1727809200000,2500.99,2506.00,2485.06,2487.68,111691.083,1727812799999,278812466.78088,190893,51709.790,129090763.82870,0
1727812800000,2487.68,2491.76,2412.40,2450.93,472612.969,1727816399999,1158518345.23578,536832,218634.878,536119955.10218,0
1727816400000,2450.92,2472.88,2444.02,2470.75,127215.942,1727819999999,312949632.00222,173933,74886.280,184249057.35539,0
1727820000000,2470.74,2470.92,2445.09,2453.01,101407.829,1727823599999,248890971.53544,145988,47893.811,117525045.74366,0
1727823600000,2453.01,2456.05,2438.33,2446.85,81211.263,1727827199999,198835839.53985,125059,42944.436,105182789.66379,0
1727827200000,2446.85,2466.65,2441.17,2462.82,116407.991,1727830799999,285768048.02857,176938,64414.032,158101353.10932,0
1727830800000,2462.82,2481.55,2459.60,2479.93,84694.661,1727834399999,209359391.41256,131865,44758.195,110651190.77414,0
1727834400000,2479.93,2498.00,2474.33,2491.55,112157.554,1727837999999,279029482.03732,142669,59340.973,147627420.55641,0
1727838000000,2491.54,2495.50,2483.50,2488.51,76555.630,1727841599999,190607654.40881,106076,36587.350,91104881.29394,0
1727841600000,2488.51,2489.11,2474.00,2485.48,85920.324,1727845199999,213235094.82299,106208,39440.335,97896651.90465,0
1727845200000,2485.49,2491.00,2471.25,2477.04,57903.303,1727848799999,143696481.18369,94799,28344.284,70350714.34105,0
1727848800000,2477.04,2489.52,2466.00,2484.69,80084.310,1727852399999,198582455.18440,118650,41863.400,103822828.42101,0
1727852400000,2484.70,2492.13,2473.83,2480.75,89180.335,1727855999999,221343699.95566,128558,44760.513,111093498.78284,0
1727856000000,2480.76,2486.25,2474.00,2479.38,39126.777,1727859599999,97043315.51453,82093,20767.164,51513187.65082,0
1727859600000,2479.37,2480.90,2446.00,2451.55,162118.681,1727863199999,398734987.37363,183971,71031.546,174639478.99776,0
1727863200000,2451.55,2469.87,2447.05,2450.02,95118.944,1727866799999,233727189.82541,153432,48348.514,118822109.36390,0
1727866800000,2450.02,2465.14,2440.32,2454.20,135744.956,1727870399999,332993576.81889,183192,71194.983,174698544.40439,0
1727870400000,2454.20,2460.63,2430.18,2434.28,214608.598,1727873999999,525110950.73533,237394,100595.623,246285357.43975,0
1727874000000,2434.27,2455.83,2416.92,2449.52,344806.169,1727877599999,838644360.16221,410623,176389.296,429010346.91033,0
1727877600000,2449.51,2458.40,2430.53,2433.35,199607.438,1727881199999,487941269.33941,320557,99030.332,242136638.16304,0
1727881200000,2433.34,2462.98,2432.33,2459.43,134149.778,1727884799999,329010203.30210,213453,70229.869,172275997.22218,0
1727884800000,2459.44,2478.00,2450.74,2452.10,172732.950,1727888399999,425990839.43907,223007,85707.658,211412023.41714,0
1727888400000,2452.11,2453.26,2432.26,2445.80,128929.891,1727891999999,315058009.70414,188524,65323.265,159645737.27104,0
1727892000000,2445.79,2446.32,2387.43,2388.78,330590.119,1727895599999,796633181.83184,377624,154884.172,373321785.08331,0
1727895600000,2388.79,2399.00,2366.17,2370.61,368478.773,1727899199999,877523270.84644,483819,177067.191,421780763.86468,0
1727899200000,2370.61,2391.69,2358.47,2384.90,216086.194,1727902799999,512753567.65281,343255,111212.366,263998259.52258,0
1727902800000,2384.90,2386.19,2362.50,2377.67,95284.892,1727906399999,226075146.26610,149346,49519.518,117471530.58077,0
1727906400000,2377.66,2381.25,2350.00,2380.88,131286.256,1727909999999,310202007.05775,195944,54905.988,129796165.09258,0
1727910000000,2380.88,2381.58,2358.70,2363.00,98528.820,1727913599999,233316102.35518,124681,46589.570,110335256.37971,0
1727913600000,2363.00,2381.97,2351.60,2370.99,161186.372,1727917199999,381583412.08814,248804,83815.952,198391560.86643,0
1727917200000,2370.99,2391.91,2370.29,2383.53,105677.880,1727920799999,251813391.21347,163652,54128.887,128959144.15264,0
1727920800000,2383.53,2397.04,2380.50,2390.49,76163.602,1727924399999,181981672.97862,116540,34911.809,83428443.68219,0
1727924400000,2390.50,2398.65,2384.34,2398.08,68555.834,1727927999999,163915145.63373,96765,34158.569,81684165.22787,0
1727928000000,2398.08,2402.29,2390.49,2396.40,60264.513,1727931599999,144409713.88939,88569,28020.299,67152691.81945,0
1727931600000,2396.40,2398.00,2379.56,2382.88,86139.604,1727935199999,205676106.80017,104806,39695.522,94772835.08095,0
1727935200000,2382.88,2392.55,2378.40,2388.03,49839.417,1727938799999,118979111.71607,76855,25486.947,60849464.06880,0
1727938800000,2388.04,2392.00,2358.00,2363.59,118264.807,1727942399999,280773580.77021,159754,53568.226,127204772.34564,0
1727942400000,2363.59,2366.40,2326.55,2336.23,332521.168,1727945999999,778558461.73896,376865,155306.490,363578191.15428,0
1727946000000,2336.23,2352.72,2318.00,2351.73,201638.564,1727949599999,471154862.32179,273371,101208.060,236605506.50411,0
1727949600000,2351.72,2368.92,2346.72,2367.58,121904.216,1727953199999,287223349.78087,162125,67370.841,158787370.89702,0
1727953200000,2367.58,2369.52,2346.24,2351.55,112348.701,1727956799999,264983704.31066,155423,46178.296,108905121.31497,0
1727956800000,2351.56,2357.16,2335.56,2351.31,141893.775,1727960399999,333028417.44098,233783,72078.807,169192737.02883,0
1727960400000,2351.31,2356.94,2323.89,2346.10,265620.141,1727963999999,622088672.38053,390016,132283.889,309956496.85934,0
1727964000000,2346.09,2365.00,2312.28,2316.31,353772.211,1727967599999,826547024.52322,470235,172903.873,404100361.61631,0
1727967600000,2316.31,2347.14,2308.09,2339.54,264851.290,1727971199999,615090135.03203,369371,135185.868,314058321.32591,0
1727971200000,2339.55,2343.35,2310.65,2324.16,213687.784,1727974799999,496955033.61103,285104,109108.080,253762774.19725,0
1727974800000,2324.16,2348.90,2315.01,2342.97,147779.088,1727978399999,345099459.84796,230269,78301.980,182852997.10377,0
1727978400000,2342.97,2350.91,2336.62,2343.16,68461.995,1727981999999,160464467.57603,129530,37690.929,88352273.50859,0
1727982000000,2343.16,2353.55,2337.00,2352.40,61261.507,1727985599999,143739655.39641,119405,30520.877,71616131.83786,0
1727985600000,2352.39,2355.00,2337.06,2341.19,55981.819,1727989199999,131295105.31027,91864,26764.899,62781398.40124,0
1727989200000,2341.20,2353.33,2330.82,2349.45,43906.682,1727992799999,102859519.44607,79273,22990.087,53866387.52596,0
1727992800000,2349.46,2354.25,2342.00,2350.95,42588.504,1727996399999,100010602.81516,95291,22869.910,53711260.70578,0
1727996400000,2350.95,2356.84,2343.84,2348.74,35757.597,1727999999999,84025437.66657,88380,18012.356,42329247.83487,0
1728000000000,2348.74,2352.08,2338.27,2339.40,72143.277,1728003599999,169146841.75322,163416,36472.919,85524396.88596,0
1728003600000,2339.40,2378.00,2338.82,2376.78,200547.287,1728007199999,474633957.21946,230808,112512.737,266278973.62948,0
1728007200000,2376.78,2379.00,2365.69,2369.56,75423.674,1728010799999,178923558.54761,121375,38759.507,91960091.10790,0
1728010800000,2369.55,2370.84,2360.00,2366.07,47905.964,1728014399999,113271630.30490,83173,22855.254,54040091.88904,0
1728014400000,2366.07,2380.00,2364.57,2372.99,79819.680,1728017999999,189379971.33271,101225,42452.082,100715705.96133,0
1728018000000,2372.99,2384.08,2370.86,2382.28,47571.931,1728021599999,113156235.23866,73754,25543.778,60767334.61514,0
1728021600000,2382.27,2386.69,2373.07,2373.97,51239.334,1728025199999,121968631.75554,85922,22457.533,53472997.77189,0
1728025200000,2373.97,2385.38,2369.32,2380.55,76541.330,1728028799999,182075163.19195,101022,40428.493,96175092.85420,0
1728028800000,2380.56,2392.44,2376.66,2380.22,100421.377,1728032399999,239647739.99653,125822,49118.157,117220226.47510,0
1728032400000,2380.22,2386.72,2373.57,2375.90,65326.083,1728035999999,155465899.54593,97880,30484.200,72550351.54392,0
1728036000000,2375.89,2379.45,2373.10,2373.97,38116.377,1728039599999,90562310.24281,69306,19217.215,45662375.83767,0
1728039600000,2373.98,2385.70,2373.11,2385.21,44758.905,1728043199999,106563385.74438,70551,21842.744,52002980.23447,0
1728043200000,2385.21,2400.00,2373.39,2396.10,227683.313,1728046799999,543037801.97565,261112,120503.752,287459518.94602,0
1728046800000,2396.10,2399.00,2374.95,2377.42,153013.837,1728050399999,365058315.39455,235245,68977.683,164577062.39030,0
1728050400000,2377.42,2382.25,2351.18,2365.98,246095.077,1728053999999,581828915.72137,311234,113744.639,268942685.16211,0
1728054000000,2365.97,2417.27,2365.52,2415.99,285726.639,1728057599999,683655953.87844,304767,150308.349,359681934.42327,0
1728057600000,2416.00,2440.00,2412.13,2432.35,281509.405,1728061199999,683407535.13360,299308,138004.662,335006264.69491,0
1728061200000,2432.34,2436.00,2408.20,2414.30,123922.710,1728064799999,300189296.40174,154705,53189.225,128855255.26984,0
1728064800000,2414.30,2431.72,2409.55,2431.51,71619.554,1728068399999,173334268.11655,109561,44522.818,107781049.07331,0
1728068400000,2431.50,2435.45,2422.69,2428.41,86315.058,1728071999999,209620565.44183,111610,47173.374,114578801.15176,0
1728072000000,2428.44,2430.85,2420.74,2428.34,54041.199,1728075599999,131098889.64363,80216,28931.717,70194835.60566,0
1728075600000,2428.34,2430.38,2421.65,2423.51,26368.822,1728079199999,63960840.80525,50380,13814.021,33508787.43183,0
1728079200000,2423.50,2427.43,2416.25,2419.87,33276.659,1728082799999,80554406.04044,63168,15048.785,36429322.44814,0
1728082800000,2419.87,2420.72,2411.09,2413.38,44119.342,1728086399999,106566444.63708,61504,19694.944,47581915.29683,0
1728086400000,2413.38,2424.49,2411.45,2424.11,51050.684,1728089999999,123404458.38534,75072,28379.487,68608250.74724,0
1728090000000,2424.11,2427.94,2413.80,2417.01,38742.394,1728093599999,93741435.81793,68500,16620.064,40222450.20073,0
1728093600000,2417.00,2417.86,2400.01,2400.83,72731.389,1728097199999,175108615.49996,83400,28111.456,67683566.38178,0
1728097200000,2400.84,2402.66,2388.66,2398.75,85016.854,1728100799999,203751114.83059,113261,40575.404,97241133.63466,0
1728100800000,2398.75,2408.32,2395.75,2404.44,50487.508,1728104399999,121327688.41508,68089,24385.921,58604964.35196,0
1728104400000,2404.45,2417.00,2403.86,2416.79,47147.625,1728107999999,113742812.95779,65979,24751.834,59710882.50947,0
1728108000000,2416.79,2426.24,2412.18,2423.42,53148.537,1728111599999,128608472.71617,70844,30202.240,73094361.32084,0
1728111600000,2423.41,2425.40,2414.05,2414.18,64426.734,1728115199999,155860902.96304,71768,22802.307,55175756.32832,0
1728115200000,2414.18,2420.04,2414.09,2418.68,30757.876,1728118799999,74348929.34881,47934,16436.735,39732844.73135,0
1728118800000,2418.68,2427.00,2417.54,2423.80,37142.014,1728122399999,89955885.41517,56757,21306.960,51608246.63526,0
1728122400000,2423.80,2425.68,2415.72,2418.12,28901.007,1728125999999,69973588.56608,52556,11078.310,26823575.45904,0
1728126000000,2418.13,2421.32,2415.96,2416.43,24901.499,1728129599999,60199823.81529,41164,10832.756,26190053.27901,0
1728129600000,2416.43,2421.69,2415.96,2421.68,20929.683,1728133199999,50622005.49948,40521,11356.592,27471430.08414,0
1728133200000,2421.69,2423.00,2407.31,2409.07,60779.276,1728136799999,146767042.03268,71740,26849.400,64845659.25587,0
1728136800000,2409.06,2418.00,2403.88,2413.34,67448.837,1728140399999,162587471.96506,89511,34185.770,82407782.19880,0
1728140400000,2413.35,2416.16,2405.16,2413.99,37518.853,1728143999999,90436016.71905,61945,19466.294,46925721.76794,0
1728144000000,2413.99,2415.13,2402.22,2403.75,48001.858,1728147599999,115609095.48909,80594,20810.107,50127519.34702,0
1728147600000,2403.76,2410.00,2400.81,2409.44,33523.873,1728151199999,80635330.24357,66101,19782.260,47584842.55545,0
1728151200000,2409.44,2411.06,2394.39,2401.50,67121.156,1728154799999,161145231.94971,89632,28429.594,68249939.04451,0
1728154800000,2401.51,2401.53,2392.00,2395.71,35770.137,1728158399999,85702377.00387,65471,17630.084,42239751.95112,0
1728158400000,2395.71,2399.04,2389.01,2391.48,36363.528,1728161999999,87032171.70084,69139,17293.997,41396177.99409,0
1728162000000,2391.49,2408.63,2391.20,2402.38,37008.024,1728165599999,88896918.07466,63964,22266.041,53478862.61750,0
1728165600000,2402.39,2418.85,2401.99,2417.24,49033.078,1728169199999,118288773.77955,73717,26854.113,64782282.95531,0
1728169200000,2417.23,2418.56,2410.40,2413.42,25528.052,1728172799999,61618008.58050,46877,10939.741,26404227.79915,0
1728172800000,2413.42,2414.86,2405.76,2409.59,30958.163,1728176399999,74586074.82795,51831,11034.577,26582545.64516,0
1728176400000,2409.59,2421.99,2407.68,2419.87,47542.456,1728179999999,114886223.38644,63338,28959.773,69975115.14581,0
1728180000000,2419.88,2421.46,2413.03,2415.31,27702.506,1728183599999,66932993.28756,46919,10322.474,24941646.01813,0
1728183600000,2415.30,2420.99,2412.02,2412.78,28516.817,1728187199999,68904291.04061,47185,14050.265,33947538.28848,0
1728187200000,2412.78,2419.50,2409.26,2414.26,27336.639,1728190799999,65982095.18617,45610,12866.063,31058846.97940,0
1728190800000,2414.25,2417.00,2410.57,2415.89,23424.916,1728194399999,56558714.57756,42810,9923.958,23965307.13813,0
1728194400000,2415.89,2420.00,2412.25,2414.99,28491.028,1728197999999,68872594.19572,41645,14757.174,35679847.97360,0
1728198000000,2414.99,2418.60,2414.99,2416.25,16265.011,1728201599999,39312596.51177,31743,6653.381,16081463.30459,0
1728201600000,2416.24,2425.89,2414.36,2419.92,54333.618,1728205199999,131586202.45763,67385,32556.401,78851696.24475,0
1728205200000,2419.93,2427.00,2419.03,2421.01,37153.223,1728208799999,90026708.08286,52246,21055.524,51027737.99590,0
1728208800000,2421.01,2421.45,2417.73,2418.63,23666.745,1728212399999,57255654.84953,38042,12360.428,29903153.23986,0
1728212400000,2418.64,2430.00,2417.67,2425.65,52198.291,1728215999999,126592120.83304,71655,28017.550,67946844.73464,0
1728216000000,2425.65,2432.82,2423.64,2428.42,49640.168,1728219599999,120577490.31955,72917,24703.662,60015545.68174,0
1728219600000,2428.41,2436.69,2427.56,2429.52,63668.006,1728223199999,154795651.77243,76946,34550.037,84005062.36769,0
1728223200000,2429.51,2457.11,2425.40,2451.74,156589.233,1728226799999,382580147.23570,167405,90003.157,219923533.82460,0
1728226800000,2451.74,2454.26,2437.80,2445.68,97663.752,1728230399999,238830306.49720,129722,48803.028,119364903.12794,0
1728230400000,2445.67,2451.96,2435.00,2435.64,69597.166,1728233999999,169989593.04230,110720,31768.655,77604320.18695,0
1728234000000,2435.64,2442.52,2434.00,2440.67,43984.589,1728237599999,107303199.02490,66903,24789.191,60481272.93740,0
1728237600000,2440.67,2449.00,2440.28,2445.08,38140.319,1728241199999,93249776.35235,58830,20592.774,50349389.00316,0
1728241200000,2445.08,2452.00,2437.50,2440.47,55219.391,1728244799999,135090655.96510,75820,27081.016,66256491.80619,0
1728244800000,2440.47,2443.35,2436.27,2437.60,37590.479,1728248399999,91718163.65354,49795,17487.090,42669616.32409,0
1728248400000,2437.61,2441.87,2413.80,2416.69,95766.306,1728251999999,232360279.04330,96582,34620.874,84020002.85605,0
1728252000000,2416.68,2431.49,2416.21,2430.56,45483.738,1728255599999,110281091.25307,63360,25926.209,62859400.80466,0
1728255600000,2430.56,2443.83,2430.37,2438.77,68502.178,1728259199999,166934066.44113,93380,34059.249,83002519.14906,0
1728259200000,2438.76,2489.00,2434.50,2487.99,277504.317,1728262799999,684047168.14680,276317,159928.758,394217220.30232,0
1728262800000,2487.99,2498.88,2482.68,2495.93,139419.641,1728266399999,347228783.37435,194896,76118.455,189597596.80847,0
1728266400000,2495.94,2512.50,2494.73,2503.98,148721.240,1728269999999,372549463.34245,189462,78301.354,196160806.28581,0
1728270000000,2503.98,2511.21,2486.46,2494.37,107968.980,1728273599999,269610233.36717,131511,49292.337,123066861.22000,0
1728273600000,2494.38,2497.77,2485.52,2486.74,57688.432,1728277199999,143742359.51934,78857,26874.603,66967257.04323,0
1728277200000,2486.74,2493.44,2480.00,2483.87,63015.391,1728280799999,156634751.44785,74316,30762.950,76485621.53591,0
1728280800000,2483.88,2489.95,2482.01,2489.00,52749.036,1728284399999,131201177.55482,74067,26499.957,65918017.26371,0
1728284400000,2489.01,2491.28,2476.06,2479.55,70854.096,1728287999999,175846349.50319,84849,33091.440,82116479.02917,0
1728288000000,2479.55,2489.18,2479.00,2481.42,53761.990,1728291599999,133560763.16295,74027,30634.062,76113816.93122,0
1728291600000,2481.42,2481.43,2447.17,2457.30,249641.718,1728295199999,614543236.83975,230479,109986.686,270661199.22197,0
1728295200000,2457.29,2457.38,2436.48,2448.09,155235.275,1728298799999,379734540.78469,157177,69804.811,170757249.68614,0
1728298800000,2448.09,2475.00,2438.00,2474.64,174282.744,1728302399999,428142838.74345,174768,93994.616,230990514.53006,0
1728302400000,2474.63,2475.48,2461.36,2464.77,76115.155,1728305999999,187852551.34580,120243,30869.317,76188437.05017,0
1728306000000,2464.77,2484.82,2462.00,2474.66,131572.289,1728309599999,325410906.03895,181682,70918.346,175437139.84401,0
1728309600000,2474.65,2520.25,2473.88,2497.42,400950.060,1728313199999,1002846554.54184,377497,212251.835,530782231.07961,0
1728313200000,2497.43,2498.96,2470.00,2472.88,186873.500,1728316799999,464231392.15804,219180,88728.721,220439152.47133,0
1728316800000,2472.87,2477.99,2456.19,2477.23,136890.433,1728320399999,338032081.67053,168912,70408.095,173889485.68026,0
1728320400000,2477.24,2479.92,2465.25,2475.31,43775.313,1728323999999,108249588.00746,85729,21261.849,52582719.25284,0
1728324000000,2475.32,2475.94,2418.02,2423.96,242946.891,1728327599999,592983997.54045,262260,100725.923,245826779.10482,0
1728327600000,2423.96,2448.58,2422.36,2444.40,116628.522,1728331199999,284339945.20508,171883,64330.055,156868218.62886,0
1728331200000,2444.42,2447.61,2436.35,2441.13,50424.405,1728334799999,123121559.08554,82854,24924.088,60865400.60448,0
1728334800000,2441.14,2456.71,2440.00,2453.64,54356.510,1728338399999,133171441.47084,80051,30716.551,75252755.94921,0
1728338400000,2453.64,2456.83,2407.64,2415.21,152674.524,1728341999999,371249023.36219,155945,61764.804,150194461.21039,0
1728342000000,2415.20,2433.95,2401.08,2421.75,201458.150,1728345599999,487539248.74862,212056,103849.517,251200142.20446,0
1728345600000,2421.75,2438.23,2421.75,2435.72,69057.217,1728349199999,167951634.81023,116401,35906.602,87320451.88037,0
1728349200000,2435.73,2439.29,2425.15,2433.80,61991.557,1728352799999,150803913.26372,97216,30909.049,75190934.71740,0
1728352800000,2433.80,2447.38,2422.32,2444.65,73893.393,1728356399999,179803082.25017,107585,41900.218,101991698.10207,0
1728356400000,2444.60,2447.56,2435.22,2437.29,38625.538,1728359999999,94218338.30811,71592,18564.767,45288230.09959,0
1728360000000,2437.29,2445.00,2432.07,2436.59,47465.878,1728363599999,115765151.90222,70486,23655.571,57702736.68542,0
1728363600000,2436.59,2438.08,2417.91,2427.25,112813.895,1728367199999,273615644.28886,132500,57041.867,138338571.98702,0
1728367200000,2427.25,2438.42,2414.38,2434.44,105897.214,1728370799999,256849948.45005,135580,51083.870,123955832.41179,0
1728370800000,2434.44,2434.95,2409.11,2427.54,110213.108,1728374399999,267060341.48357,149846,50088.790,121346911.85137,0
1728374400000,2427.55,2430.96,2420.01,2425.94,54342.724,1728377999999,131815431.11031,96236,27007.784,65519404.36934,0
1728378000000,2425.95,2436.50,2416.36,2432.16,59415.406,1728381599999,144196831.13726,91282,30993.680,75248396.07630,0
1728381600000,2432.17,2435.00,2426.35,2429.20,38941.853,1728385199999,94669232.04081,74779,15949.135,38774214.02035,0
1728385200000,2429.20,2440.75,2427.52,2438.63,52065.306,1728388799999,126820900.23270,75456,29739.135,72434864.72730,0
1728388800000,2438.63,2441.97,2426.14,2427.93,59077.235,1728392399999,143750619.77217,96323,26490.624,64455925.17004,0
1728392400000,2427.93,2449.77,2418.61,2447.00,173915.229,1728395999999,423637375.03812,217430,94924.002,231314692.76147,0
1728396000000,2447.00,2452.00,2411.76,2434.32,249596.234,1728399599999,606843457.12812,308317,131067.320,318691937.70351,0
1728399600000,2434.33,2440.79,2400.01,2418.39,227599.149,1728403199999,550290155.62801,270904,107685.560,260303132.32211,0
1728403200000,2418.39,2450.00,2410.12,2445.14,168045.409,1728406799999,408850404.97685,192598,84470.244,205518547.35744,0
1728406800000,2445.14,2445.30,2425.30,2441.85,128545.526,1728410399999,312829423.51007,178480,62763.924,152763786.16746,0
1728410400000,2441.85,2455.31,2425.68,2435.51,137632.662,1728413999999,336221236.73411,172904,66619.214,162777712.96287,0
1728414000000,2435.51,2443.42,2422.49,2439.43,79570.449,1728417599999,193646997.05299,130046,41090.654,100013899.40199,0
1728417600000,2439.42,2444.02,2433.68,2442.55,42680.580,1728421199999,104109442.13790,71648,18311.781,44671452.98131,0
1728421200000,2442.57,2466.63,2439.51,2455.40,74292.350,1728424799999,182269563.66710,93387,46072.277,113045655.89981,0
1728424800000,2455.39,2459.17,2438.42,2440.60,52153.949,1728428399999,127749943.14357,94536,21539.841,52757472.97993,0
1728428400000,2440.60,2444.64,2433.08,2439.84,44904.422,1728431999999,109492345.64621,68580,25179.851,61397612.57313,0
1728432000000,2439.84,2443.00,2426.00,2437.17,69460.727,1728435599999,169147869.67995,133535,32792.794,79854436.85000,0
1728435600000,2437.18,2472.90,2433.48,2461.31,138871.369,1728439199999,341414813.78964,195085,68504.451,168436099.76688,0
1728439200000,2461.31,2461.94,2446.20,2446.47,62872.350,1728442799999,154278970.10877,100071,27189.404,66712950.48568,0
1728442800000,2446.47,2453.64,2439.13,2445.52,87628.366,1728446399999,214459195.37340,104848,44405.557,108675383.81071,0
1728446400000,2445.51,2447.37,2437.68,2444.00,78144.423,1728449999999,190847881.39168,79148,37612.137,91856845.13579,0
1728450000000,2444.00,2451.36,2441.25,2449.87,51032.695,1728453599999,124827965.73539,67827,27431.783,67092509.26931,0
1728453600000,2449.87,2451.76,2440.69,2442.50,37354.223,1728457199999,91377895.17708,64165,15657.316,38312211.55246,0
1728457200000,2442.50,2442.50,2430.55,2434.80,70719.522,1728460799999,172271182.33149,94536,33522.186,81658872.01418,0
1728460800000,2434.80,2439.25,2428.16,2430.13,54329.009,1728464399999,132176606.69350,105926,25424.548,61865176.98445,0
1728464400000,2430.13,2438.00,2426.23,2436.73,58102.373,1728467999999,141358778.19725,86345,32026.930,77930392.71376,0
1728468000000,2436.73,2436.73,2428.01,2433.65,41795.197,1728471599999,101635910.62762,61479,22286.703,54195729.80738,0
1728471600000,2433.66,2441.66,2431.79,2440.80,38436.354,1728475199999,93655093.36380,59144,19180.751,46741078.55373,0
1728475200000,2440.80,2445.10,2424.78,2433.80,109754.005,1728478799999,266971026.38834,154393,53285.637,129609691.13724,0
1728478800000,2433.79,2437.20,2422.07,2428.69,175797.177,1728482399999,427128515.98146,197239,82720.817,201013739.15058,0
1728482400000,2428.68,2442.89,2424.33,2436.28,127538.936,1728485999999,310546285.00583,182532,66336.473,161516221.88058,0
1728486000000,2436.28,2471.64,2435.13,2460.34,249403.175,1728489599999,613377204.33641,258522,131075.348,322344319.63157,0
1728489600000,2460.35,2461.65,2428.94,2432.93,194448.664,1728493199999,474279182.20418,215329,89126.796,217334202.82751,0
1728493200000,2432.94,2439.64,2427.21,2433.10,84417.789,1728496799999,205465743.49736,115657,41359.022,100661508.85636,0
1728496800000,2433.10,2436.46,2408.00,2414.24,196111.684,1728500399999,474714876.46208,212355,97864.118,236946057.58979,0
1728500400000,2414.23,2421.00,2406.00,2417.05,99371.509,1728503999999,239923956.92048,130671,49556.206,119664666.48921,0
1728504000000,2417.04,2417.04,2351.11,2355.01,372402.290,1728507599999,888404245.05076,354014,137956.122,328998165.96836,0
1728507600000,2355.00,2379.59,2350.00,2377.07,150845.470,1728511199999,356731940.19230,186143,82469.659,195017514.74664,0
1728511200000,2377.07,2380.47,2365.56,2372.47,69823.182,1728514799999,165602477.14200,102837,32463.978,76997378.96893,0
1728514800000,2372.47,2375.33,2362.31,2369.60,70850.104,1728518399999,167846279.76626,89900,36122.283,85570489.98646,0
1728518400000,2369.60,2382.96,2365.81,2374.89,95330.300,1728521999999,226342985.82945,136429,47804.239,113508492.23632,0
1728522000000,2374.88,2399.94,2374.00,2390.64,122352.974,1728525599999,292449331.35656,144592,62319.128,148942764.46108,0
1728525600000,2390.63,2400.96,2390.08,2393.74,108919.617,1728529199999,260920046.69983,114238,58204.116,139449992.97555,0
1728529200000,2393.74,2397.83,2392.06,2394.36,32758.579,1728532799999,78464471.91692,58004,14985.466,35894990.00337,0
1728532800000,2394.35,2398.40,2390.49,2393.88,31919.783,1728536399999,76465382.01282,52833,13913.969,33332639.49979,0
1728536400000,2393.89,2410.90,2391.60,2404.60,83862.456,1728539999999,201509151.82070,91520,45072.698,108299846.02762,0
1728540000000,2404.60,2409.02,2399.28,2407.56,50428.445,1728543599999,121239605.49788,77577,23237.662,55877038.13141,0
1728543600000,2407.55,2407.61,2393.05,2394.56,61688.667,1728547199999,147974602.11755,74808,27209.330,65259945.51231,0
1728547200000,2394.56,2396.55,2379.12,2381.58,87468.531,1728550799999,208881695.17570,116123,39153.124,93521455.10829,0
1728550800000,2381.20,2387.00,2366.38,2385.94,118822.473,1728554399999,282542042.08818,146754,60459.057,143816393.05216,0
1728554400000,2385.93,2399.96,2385.79,2396.03,91694.906,1728557999999,219574503.21477,107973,46278.531,110814456.84479,0
1728558000000,2396.03,2407.16,2394.18,2405.43,79535.981,1728561599999,191059645.96270,102094,38654.358,92852463.29307,0
1728561600000,2405.43,2408.00,2377.68,2386.87,207122.545,1728565199999,495439060.67704,260749,102707.652,245668400.17110,0
1728565200000,2386.87,2395.89,2372.19,2381.69,165346.845,1728568799999,394343690.60813,227660,78041.899,186165805.17234,0
1728568800000,2381.68,2387.16,2368.80,2380.86,119351.139,1728572399999,283684166.07282,212119,57190.352,135960843.53533,0
1728572400000,2380.85,2405.00,2375.78,2403.94,149770.463,1728575999999,358012592.44496,184304,79178.050,189308724.32371,0
1728576000000,2403.94,2421.50,2390.14,2392.20,232096.565,1728579599999,558194341.96261,270148,112401.337,270417400.28208,0
1728579600000,2392.20,2397.50,2362.29,2372.20,236532.290,1728583199999,562995563.37651,263741,114722.921,273131784.67392,0
1728583200000,2372.20,2373.65,2329.44,2356.88,409115.234,1728586799999,960519920.37119,435675,198673.645,466431564.64761,0
1728586800000,2356.87,2369.56,2350.05,2366.32,101556.024,1728590399999,239566262.56860,140019,48501.162,114439199.46523,0
1728590400000,2366.32,2377.92,2357.21,2368.65,102025.799,1728593999999,241331348.56279,130495,46282.420,109499614.28690,0
1728594000000,2368.66,2386.10,2361.11,2386.09,74149.000,1728597599999,175990695.15646,91842,38751.942,92045836.38508,0
1728597600000,2386.09,2386.40,2370.29,2376.98,64463.684,1728601199999,153276934.60747,94934,27774.689,66042703.03678,0
1728601200000,2376.99,2385.60,2376.68,2385.24,36897.376,1728604799999,87900352.21207,62648,17354.067,41344175.43723,0
1728604800000,2385.24,2390.42,2380.81,2385.22,68945.067,1728608399999,164525793.47506,93129,35969.332,85850859.89960,0
1728608400000,2385.23,2414.88,2381.00,2405.79,114949.780,1728611999999,275565904.43089,139771,59228.356,142038289.72737,0
1728612000000,2405.79,2409.68,2393.50,2398.96,100906.739,1728615599999,242186351.83325,126634,49579.097,119000621.51095,0
1728615600000,2398.96,2416.33,2398.95,2410.34,80211.565,1728619199999,193269677.01130,91582,38120.337,91850366.72898,0
1728619200000,2410.35,2414.99,2403.90,2407.97,62451.536,1728622799999,150351740.76107,73250,26933.290,64843714.43329,0
1728622800000,2407.97,2412.60,2402.08,2405.19,40093.827,1728626399999,96478371.51600,65956,18033.090,43400636.44232,0
1728626400000,2405.19,2417.84,2403.76,2410.41,55369.016,1728629999999,133544375.23553,79653,29873.493,72059705.24167,0
1728630000000,2410.42,2414.36,2404.56,2406.49,62155.363,1728633599999,149697744.35192,77880,25457.565,61321411.91609,0
1728633600000,2406.48,2409.24,2401.61,2402.01,39683.622,1728637199999,95460732.83756,55709,18960.248,45615717.05983,0
1728637200000,2402.01,2417.79,2401.45,2413.51,78768.243,1728640799999,189971213.24104,90495,46726.573,112688221.63476,0
1728640800000,2413.51,2425.24,2409.90,2413.98,106874.043,1728644399999,258307977.09174,121071,54218.340,131048093.03022,0
1728644400000,2413.97,2421.00,2410.88,2416.71,52384.446,1728647999999,126570079.04034,70674,28029.868,67722904.42387,0
1728648000000,2416.70,2427.65,2413.20,2424.39,94371.696,1728651599999,228409056.00322,126180,49218.969,119139464.52968,0
1728651600000,2424.39,2438.00,2414.07,2430.13,195433.582,1728655199999,474405703.90291,205804,98697.900,239639184.91428,0
1728655200000,2430.13,2438.65,2424.40,2431.12,150562.285,1728658799999,366151946.86016,179147,67282.130,163642440.90265,0
1728658800000,2431.13,2452.70,2430.83,2442.36,263193.756,1728662399999,642589874.07546,219645,153664.644,375168988.32648,0
1728662400000,2442.36,2448.47,2433.59,2437.01,134271.074,1728665999999,327888048.20252,151808,63529.259,155142190.01961,0
1728666000000,2437.01,2451.98,2432.00,2448.50,107614.898,1728669599999,263035280.84479,129249,61792.625,151021827.02559,0
1728669600000,2448.49,2449.00,2437.41,2444.62,99709.694,1728673199999,243665451.99407,103309,50117.771,122475863.95705,0
1728673200000,2444.62,2470.00,2443.60,2458.18,177682.896,1728676799999,436949576.46694,185973,102886.991,252963791.22445,0
1728676800000,2458.17,2461.20,2450.79,2455.69,43518.402,1728680399999,106900436.20642,74703,20520.864,50414291.95612,0
1728680400000,2455.68,2460.44,2448.82,2449.02,55845.445,1728683999999,137098573.34143,67020,26299.991,64567781.08958,0
1728684000000,2449.03,2451.29,2435.57,2438.38,103888.876,1728687599999,253668657.77829,115222,48852.377,119295942.46068,0
1728687600000,2438.39,2444.01,2433.00,2438.46,50429.776,1728691199999,122949827.94951,67883,26232.275,63962702.17907,0
1728691200000,2438.45,2447.33,2434.80,2443.00,72385.636,1728694799999,176669066.21387,85182,38867.146,94879903.69081,0
1728694800000,2443.00,2450.40,2440.68,2443.40,42252.883,1728698399999,103321490.73556,78083,20388.293,49864907.95123,0
1728698400000,2443.40,2443.82,2434.32,2435.78,41874.606,1728701999999,102096606.65231,58877,16215.602,39535185.91912,0
1728702000000,2435.77,2440.28,2433.20,2437.93,27269.469,1728705599999,66451362.06976,50435,14598.921,35578601.10782,0
1728705600000,2437.92,2451.58,2437.92,2444.47,57179.135,1728709199999,139818747.27827,72305,35481.694,86765465.10409,0
1728709200000,2444.47,2447.49,2441.42,2446.43,22794.158,1728712799999,55724541.18105,37865,12128.287,29650621.00868,0
1728712800000,2446.43,2447.86,2443.59,2445.37,18468.766,1728716399999,45172546.30788,34738,8190.649,20035992.53107,0
1728716400000,2445.36,2446.34,2441.44,2445.36,24268.554,1728719999999,59312768.60611,39610,10903.980,26648534.44034,0
1728720000000,2445.35,2445.65,2441.50,2444.58,17902.290,1728723599999,43754977.97533,39426,7820.725,19114936.17158,0
1728723600000,2444.58,2445.70,2442.10,2444.29,16858.096,1728727199999,41199476.12125,31556,8694.347,21249540.54732,0
1728727200000,2444.29,2456.61,2442.20,2454.42,55578.143,1728730799999,136211472.17149,65499,32441.035,79504880.37618,0
1728730800000,2454.42,2467.53,2449.59,2451.35,86533.245,1728734399999,212727477.92839,103204,42192.712,103751638.75251,0
1728734400000,2451.35,2458.73,2447.30,2456.79,42709.377,1728737999999,104750473.30149,63511,20842.958,51130305.11259,0
1728738000000,2456.80,2461.50,2454.72,2460.57,36985.311,1728741599999,90927845.68180,68546,19522.512,48000238.54297,0
1728741600000,2460.58,2478.71,2457.01,2469.97,111644.495,1728745199999,275788254.03589,130494,62345.317,154047141.45966,0
1728745200000,2469.97,2482.91,2463.88,2471.74,128313.148,1728748799999,317334525.73888,146671,58190.515,143942420.70815,0
1728748800000,2471.73,2486.36,2468.28,2468.48,97333.321,1728752399999,241045996.93690,107577,50038.756,123935768.62881,0
1728752400000,2468.48,2480.20,2467.21,2474.71,39075.237,1728755999999,96662238.30452,64517,20564.672,50873273.65240,0
1728756000000,2474.70,2481.00,2466.35,2468.71,43058.565,1728759599999,106478891.49788,70634,21318.594,52716189.45428,0
1728759600000,2468.71,2473.23,2465.00,2471.30,28007.484,1728763199999,69159789.81696,51009,14696.333,36293477.97340,0
1728763200000,2471.31,2472.35,2467.68,2469.28,12706.383,1728766799999,31385956.65680,33099,6070.538,14994591.71711,0
1728766800000,2469.28,2479.11,2469.09,2478.82,20087.285,1728770399999,49722890.24496,37895,11770.189,29133807.69109,0
1728770400000,2478.81,2489.95,2474.79,2486.06,46349.687,1728773999999,115063854.64134,74009,26409.372,65565820.07616,0
1728774000000,2486.06,2487.42,2475.05,2475.09,28845.496,1728777599999,71540160.01594,55042,12692.592,31481322.90473,0
1728777600000,2475.08,2484.00,2473.90,2475.68,32745.640,1728781199999,81147148.28061,64064,15150.526,37547229.70810,0
1728781200000,2475.69,2475.69,2461.11,2466.49,81230.548,1728784799999,200427900.02190,103489,36276.322,89498855.31982,0
1728784800000,2466.50,2469.39,2463.84,2468.72,27570.000,1728788399999,68004723.53427,49681,13861.629,34192662.57730,0
1728788400000,2468.71,2469.31,2449.76,2456.90,86572.411,1728791999999,212750186.09061,75274,30277.735,74416941.53509,0
1728792000000,2456.89,2463.12,2456.00,2462.30,21128.042,1728795599999,51985251.09051,34965,12133.579,29853669.98069,0
1728795600000,2462.30,2467.56,2461.19,2462.36,27144.256,1728799199999,66887839.65351,36390,13347.820,32894149.33425,0
1728799200000,2462.36,2468.18,2462.02,2463.49,23156.170,1728802799999,57077417.20308,35122,11952.087,29461972.29596,0
1728802800000,2463.49,2465.91,2458.59,2463.98,26194.061,1728806399999,64477069.68724,40837,11065.291,27240761.46818,0
1728806400000,2463.98,2471.29,2459.32,2461.86,38433.376,1728809999999,94785339.06832,50912,21815.968,53816038.45707,0
1728810000000,2461.86,2467.08,2461.32,2466.21,17718.167,1728813599999,43659039.46036,36459,9391.449,23143621.97868,0
1728813600000,2466.20,2469.98,2461.19,2461.51,35590.721,1728817199999,87744194.04368,45136,13129.743,32376861.62896,0
1728817200000,2461.52,2465.32,2455.91,2456.86,44529.501,1728820799999,109550436.19172,74388,19517.792,48022565.87354,0
1728820800000,2456.87,2466.43,2456.68,2464.40,29216.741,1728824399999,71973674.01699,56116,16144.211,39768978.97533,0
1728824400000,2464.40,2469.11,2461.18,2463.23,28455.584,1728827999999,70160261.71748,48639,14083.685,34731972.38000,0
1728828000000,2463.23,2463.23,2443.44,2445.59,126755.386,1728831599999,310748138.10689,130649,53967.051,132311943.50977,0
1728831600000,2445.59,2451.00,2435.00,2439.29,132057.050,1728835199999,322504707.09437,147099,65945.375,161088444.87565,0
1728835200000,2439.28,2458.69,2436.67,2454.32,98021.549,1728838799999,240087603.48706,116108,56878.790,139307761.12241,0
1728838800000,2454.32,2461.53,2439.58,2445.18,97458.534,1728842399999,238794518.56627,105498,46169.930,113177358.87380,0
1728842400000,2445.17,2452.83,2438.77,2443.42,65746.039,1728845999999,160758978.71168,82638,33498.567,81905984.25120,0
1728846000000,2443.43,2457.79,2443.42,2456.99,35319.251,1728849599999,86623246.09423,51594,21203.138,52002073.56564,0
1728849600000,2457.00,2459.70,2451.62,2459.60,26404.330,1728853199999,64827986.95600,46006,12027.214,29534477.03715,0
1728853200000,2459.61,2468.58,2456.34,2463.75,49726.174,1728856799999,122500755.66093,67130,25606.956,63077567.82016,0
1728856800000,2463.74,2483.89,2462.22,2465.78,104679.689,1728860399999,258854970.84997,145454,55490.219,137236936.00567,0
1728860400000,2465.77,2468.40,2459.16,2467.79,38829.354,1728863999999,95674449.01930,66368,19978.165,49230017.83573,0
1728864000000,2467.79,2468.75,2448.01,2451.40,74477.988,1728867599999,182982401.00067,101016,30197.911,74196772.47211,0
1728867600000,2451.40,2463.22,2448.90,2451.32,48535.588,1728871199999,119193165.63025,90003,23803.772,58461520.92852,0
1728871200000,2451.32,2451.74,2442.00,2451.29,49989.737,1728874799999,122329173.13674,86633,22996.355,56279147.54575,0
1728874800000,2451.28,2524.89,2450.02,2520.05,404606.064,1728878399999,1010839774.76665,357065,234686.950,585888523.51568,0
1728878400000,2520.04,2547.99,2520.02,2541.48,306093.468,1728881999999,775693184.54297,308014,173033.669,438564611.44679,0
1728882000000,2541.48,2543.57,2509.28,2530.74,184045.315,1728885599999,464877600.98342,203838,82607.657,208711599.55641,0
1728885600000,2530.75,2538.00,2523.60,2526.97,99855.973,1728889199999,252779262.21193,126331,45740.499,115802895.13084,0
1728889200000,2526.97,2540.00,2514.39,2534.74,249697.063,1728892799999,631210158.10638,222171,138142.763,349261545.63723,0
1728892800000,2534.74,2542.97,2521.00,2523.91,113783.720,1728896399999,287753488.10125,132699,55963.509,141532104.75284,0
1728896400000,2523.91,2538.00,2518.56,2532.95,96743.197,1728899999999,244697502.30684,117523,56257.496,142300637.49728,0
1728900000000,2532.95,2545.00,2529.87,2539.48,105137.074,1728903599999,266909104.89404,134312,56903.387,144486489.78853,0
1728903600000,2539.49,2546.22,2534.00,2536.70,79329.926,1728907199999,201512582.49572,119735,33556.194,85255973.26315,0
1728907200000,2536.70,2565.40,2533.45,2554.28,235664.049,1728910799999,601218582.91483,223730,142010.027,362312359.96555,0
1728910800000,2554.27,2575.00,2545.68,2568.03,273130.024,1728914399999,698846670.55070,239524,139724.475,357545301.66611,0
1728914400000,2568.04,2639.00,2566.85,2621.97,537599.545,1728917999999,1400445132.94196,515853,298296.727,776846658.04563,0
1728918000000,2621.97,2643.03,2616.51,2634.95,193492.726,1728921599999,509375696.37644,239647,100990.093,265892129.14190,0
1728921600000,2634.95,2639.88,2615.00,2619.57,150779.072,1728925199999,395716267.71950,187807,64312.360,168801318.33307,0
1728925200000,2619.56,2633.80,2616.00,2626.15,66233.775,1728928799999,173889420.57716,111476,35893.016,94236128.24098,0
1728928800000,2626.14,2635.26,2622.20,2628.82,54280.817,1728932399999,142757665.24477,104308,27194.790,71527225.66814,0
1728932400000,2628.82,2633.41,2617.85,2619.86,63453.280,1728935999999,166524255.60057,100483,29445.440,77272959.48846,0
1728936000000,2619.85,2629.01,2616.60,2621.06,35270.723,1728939599999,92528172.91797,63745,19598.299,51419288.24454,0
1728939600000,2621.07,2623.69,2615.20,2616.11,27041.925,1728943199999,70809580.12641,48303,11690.067,30611395.81651,0
1728943200000,2616.11,2651.30,2615.70,2649.31,125178.054,1728946799999,329861732.59007,152087,72717.968,191642785.08943,0
1728946800000,2649.31,2653.44,2625.06,2628.88,102773.517,1728950399999,271098174.64675,140436,45972.822,121286930.24542,0
1728950400000,2628.87,2636.70,2617.09,2621.89,81863.147,1728953999999,214983276.70164,142438,35753.440,93898658.65512,0
1728954000000,2621.89,2633.58,2620.12,2628.95,57095.067,1728957599999,149965395.99665,102680,28426.640,74680630.37035,0
1728957600000,2628.95,2635.11,2624.24,2626.80,55047.415,1728961199999,144714708.07789,88006,27542.786,72418947.88122,0
1728961200000,2626.80,2626.93,2607.20,2611.81,101602.812,1728964799999,265807616.86334,121874,34518.581,90339489.16322,0
1728964800000,2611.81,2618.24,2605.10,2613.98,81688.161,1728968399999,213343659.63349,102026,39745.314,103835039.90514,0
1728968400000,2613.99,2614.88,2590.00,2594.70,122827.207,1728971999999,319167364.61462,136983,46395.348,120560093.40477,0
1728972000000,2594.69,2610.42,2591.80,2608.58,88072.800,1728975599999,229214086.04758,99115,49358.426,128483186.64785,0
1728975600000,2608.58,2624.00,2608.58,2615.20,72997.747,1728979199999,191006464.64878,100162,39355.417,102977827.85554,0
1728979200000,2615.20,2622.23,2614.07,2616.76,49189.534,1728982799999,128762184.52568,73698,22595.808,59159269.41935,0
1728982800000,2616.76,2618.50,2606.62,2609.40,49303.466,1728986399999,128776827.73833,87844,23281.890,60816047.90221,0
1728986400000,2609.41,2620.80,2604.71,2612.60,56956.701,1728989999999,148894911.83768,79130,28124.821,73534505.97670,0
1728990000000,2612.60,2613.84,2580.00,2585.82,206810.829,1728993599999,536236270.03871,235389,85327.893,221256489.43861,0
1728993600000,2585.82,2609.76,2581.26,2601.68,129211.477,1728997199999,335363664.32587,178486,72914.649,189243666.84902,0
1728997200000,2601.68,2676.48,2596.17,2670.62,397236.349,1729000799999,1046166888.23579,334209,240843.161,634130523.93047,0
1729000800000,2670.63,2688.76,2561.15,2567.08,965145.001,1729004399999,2520724470.74292,844110,423260.569,1105875222.12722,0
1729004400000,2567.08,2588.62,2536.64,2572.58,513088.749,1729007999999,1314808644.20211,546392,248079.271,636016022.53654,0
1729008000000,2572.58,2618.85,2570.25,2591.88,289147.526,1729011599999,750655844.67082,332592,163282.712,423964483.29976,0
1729011600000,2591.87,2599.82,2572.81,2580.79,139907.672,1729015199999,361557056.68863,222962,62751.411,162205609.38709,0
1729015200000,2580.80,2604.97,2579.33,2591.66,92965.179,1729018799999,241136514.98792,166426,47545.507,123328896.67391,0
1729018800000,2591.67,2597.63,2578.89,2591.06,76674.027,1729022399999,198265348.54939,151270,38820.362,100395061.58069,0
1729022400000,2591.07,2594.69,2562.41,2571.19,127624.744,1729025999999,328665359.63983,163953,51161.309,131759050.15222,0
1729026000000,2571.19,2589.49,2567.29,2587.53,56887.486,1729029599999,146669045.23657,105828,30003.863,77363681.89184,0
1729029600000,2587.52,2602.89,2584.12,2593.87,55463.362,1729033199999,143849997.27749,105130,29623.982,76840804.78433,0
1729033200000,2593.87,2609.21,2590.54,2606.53,46330.859,1729036799999,120462775.48404,82379,26603.415,69182625.24400,0
1729036800000,2606.54,2607.95,2595.19,2595.60,41784.755,1729040399999,108655368.74088,90712,18078.644,47012581.52614,0
1729040400000,2595.60,2624.29,2588.01,2618.51,114356.127,1729043999999,298620881.96756,174960,60893.290,159043809.16703,0
1729044000000,2618.50,2629.68,2616.60,2621.12,79312.444,1729047599999,208079620.81083,129467,41071.615,107759449.16372,0
1729047600000,2621.12,2622.00,2613.18,2616.24,57841.487,1729051199999,151385708.43442,99260,26320.290,68884774.57908,0
1729051200000,2616.23,2620.55,2602.04,2613.24,65721.145,1729054799999,171592889.92458,107498,30770.971,80357811.10195,0
1729054800000,2613.24,2623.78,2610.70,2618.18,47819.096,1729058399999,125128127.02605,93057,24756.185,64789712.75124,0
1729058400000,2618.19,2621.12,2603.00,2610.26,53339.728,1729061999999,139267795.09963,106705,26248.489,68544663.47595,0
1729062000000,2610.26,2610.26,2597.60,2606.02,60027.005,1729065599999,156253112.16872,115891,27005.728,70305241.00182,0
1729065600000,2606.02,2616.18,2604.00,2608.16,58796.242,1729069199999,153489779.25946,116431,30586.877,79855737.02816,0
1729069200000,2608.17,2622.21,2606.70,2619.71,56940.557,1729072799999,148986873.59050,102674,29428.679,77012680.36237,0
1729072800000,2619.71,2629.83,2611.55,2615.62,103564.667,1729076399999,271377748.92303,146595,50881.232,133330667.65614,0
1729076400000,2615.62,2642.99,2607.90,2629.20,286478.771,1729079999999,753101952.42359,271413,164949.127,433686326.78737,0
1729080000000,2629.21,2647.51,2623.00,2627.42,188135.790,1729083599999,496017684.81213,251382,95642.694,252252802.50606,0
1729083600000,2627.42,2635.42,2601.00,2605.79,173989.034,1729087199999,454949716.78124,265041,79786.310,208639354.36288,0
1729087200000,2605.80,2644.98,2594.22,2606.77,252303.408,1729090799999,660573926.64267,359484,124394.141,325767047.54313,0
1729090800000,2606.78,2618.00,2596.57,2606.70,88918.034,1729094399999,231931963.40850,184900,42862.551,111817139.37929,0
1729094400000,2606.70,2619.25,2590.30,2618.00,121308.165,1729097999999,315989193.96971,187990,62950.579,164010110.85269,0
1729098000000,2618.00,2625.80,2609.68,2620.16,66948.223,1729101599999,175358692.28339,113167,33282.257,87184644.65938,0
1729101600000,2620.15,2627.67,2615.32,2616.90,41743.114,1729105199999,109427610.99366,96927,20641.342,54115844.98872,0
1729105200000,2616.89,2618.79,2610.14,2614.02,28596.745,1729108799999,74771689.06493,71257,14955.902,39108220.75253,0
1729108800000,2614.00,2627.23,2613.48,2616.99,35541.487,1729112399999,93178772.66339,72741,18958.302,49697924.15168,0
1729112400000,2616.98,2621.11,2608.27,2612.86,26431.359,1729115999999,69101436.03990,55714,11568.729,30246597.23974,0
1729116000000,2612.86,2624.58,2612.08,2621.07,49950.434,1729119599999,130845591.66678,69904,25716.237,67359706.18492,0
1729119600000,2621.07,2622.24,2608.49,2610.39,29738.069,1729123199999,77717469.87151,52072,13509.455,35300558.81966,0
1729123200000,2610.39,2624.68,2610.11,2616.36,42993.911,1729126799999,112571785.34849,85651,20831.532,54538030.04924,0
1729126800000,2616.36,2642.38,2609.02,2642.00,94757.702,1729130399999,248901952.94176,136401,55831.523,146705035.19281,0
1729130400000,2642.01,2643.08,2616.25,2623.90,84328.080,1729133999999,221694013.62631,129637,38649.670,101606772.50457,0
1729134000000,2623.91,2644.90,2622.32,2640.37,76428.657,1729137599999,201487781.58029,109808,42230.493,111344832.34989,0
1729137600000,2640.38,2647.90,2625.22,2627.24,90952.303,1729141199999,239738523.00976,114354,44201.679,116556864.87478,0
1729141200000,2627.24,2638.18,2624.29,2625.73,55101.688,1729144799999,144995192.17257,86764,26583.169,69963582.61180,0
1729144800000,2625.73,2635.83,2618.01,2624.58,58118.597,1729148399999,152715565.25231,104921,29064.417,76381081.01249,0
1729148400000,2624.58,2629.78,2620.02,2627.80,65232.994,1729151999999,171214693.72000,106905,31850.746,83607109.66019,0
1729152000000,2627.79,2630.00,2614.07,2626.09,58350.847,1729155599999,152963255.94004,92692,29307.789,76833112.17976,0
1729155600000,2626.09,2627.32,2615.30,2616.26,43453.671,1729159199999,113851496.13442,70644,21217.402,55585281.71964,0
1729159200000,2616.27,2619.28,2597.67,2613.51,126001.505,1729162799999,328671276.75006,144795,55114.580,143784026.22035,0
1729162800000,2613.50,2617.42,2595.36,2597.38,86838.509,1729166399999,226091240.24537,150675,39509.594,102872852.70131,0
1729166400000,2597.38,2613.91,2594.53,2613.89,76730.989,1729169999999,199966638.19000,134133,40098.722,104505420.71140,0
1729170000000,2613.89,2616.80,2591.67,2599.29,129142.109,1729173599999,336508225.67495,213443,62370.735,162512704.24155,0
1729173600000,2599.29,2609.28,2581.95,2607.34,233016.263,1729177199999,604694583.57524,301564,115431.155,299596232.00047,0
1729177200000,2607.33,2632.50,2600.00,2630.29,160009.583,1729180799999,419029569.89667,228517,83817.289,219529075.72428,0
1729180800000,2630.29,2630.92,2605.60,2612.12,107814.226,1729184399999,282159842.91309,172699,47948.487,125491985.31039,0
1729184400000,2612.13,2618.88,2600.25,2605.02,71025.408,1729187999999,185321540.04424,134986,34723.513,90612781.18061,0
1729188000000,2605.01,2605.89,2573.73,2586.12,208936.734,1729191599999,540456174.76032,251464,99287.148,256832528.75438,0
1729191600000,2586.11,2598.00,2582.00,2594.69,47797.552,1729195199999,123872878.85912,100730,23773.336,61613849.07587,0
1729195200000,2594.70,2607.48,2593.72,2597.39,47469.192,1729198799999,123455710.45053,78819,24120.738,62736566.86513,0
1729198800000,2597.40,2605.45,2596.74,2603.15,17963.902,1729202399999,46745330.03616,39240,8577.476,22320758.85282,0
1729202400000,2603.16,2614.40,2603.15,2612.00,47723.284,1729205999999,124478331.41104,78966,26725.641,69708247.19614,0
1729206000000,2612.00,2612.48,2600.57,2605.01,34477.432,1729209599999,89823720.80652,59116,14274.289,37183323.08482,0
1729209600000,2605.01,2607.81,2595.61,2596.46,46299.786,1729213199999,120433793.93151,94918,23071.016,60011384.41536,0
1729213200000,2596.46,2651.05,2596.00,2643.42,179961.464,1729216799999,473378753.50960,220696,100307.584,263918412.36607,0
1729216800000,2643.43,2645.63,2627.21,2632.80,118758.747,1729220399999,312790333.29957,173240,52280.195,137691009.68704,0
1729220400000,2632.80,2633.53,2607.47,2609.10,91818.114,1729223999999,240491500.35727,127279,44799.990,117356054.42974,0
1729224000000,2609.11,2621.71,2607.88,2614.72,63147.364,1729227599999,165120298.87668,95784,35950.006,93997752.83372,0
1729227600000,2614.73,2627.95,2611.69,2626.86,45522.999,1729231199999,119284598.26777,80912,28233.815,73997704.08625,0
1729231200000,2626.86,2638.28,2624.28,2626.27,87727.005,1729234799999,230675918.37726,124216,45040.112,118457696.61328,0
1729234800000,2626.27,2645.00,2624.00,2643.62,84884.434,1729238399999,223617009.35536,126110,45516.115,119910228.50230,0
1729238400000,2643.62,2649.82,2634.20,2637.81,81262.284,1729241999999,214607655.56547,134995,39963.808,105571717.86546,0
1729242000000,2637.82,2639.07,2620.05,2624.07,69985.086,1729245599999,183948157.01044,115355,34181.449,89824837.52410,0
1729245600000,2624.08,2630.74,2623.26,2626.50,37948.932,1729249199999,99699858.63595,81147,18954.321,49797390.52694,0
1729249200000,2626.51,2631.98,2620.20,2621.43,44218.984,1729252799999,116108153.99322,76459,20850.061,54749358.95979,0
1729252800000,2621.43,2624.53,2612.54,2615.97,68579.854,1729256399999,179538164.63007,111029,29887.726,78255625.06423,0
1729256400000,2615.98,2630.18,2611.39,2627.14,119098.403,1729259999999,312018983.74507,176044,68326.273,179012028.61991,0
1729260000000,2627.15,2645.40,2616.49,2640.97,248469.487,1729263599999,654438645.55791,334463,119765.636,315473170.87449,0
1729263600000,2640.96,2664.00,2636.36,2652.12,252286.188,1729267199999,668751652.34521,289904,133680.114,354390493.85992,0
1729267200000,2652.12,2655.95,2628.46,2650.80,198411.376,1729270799999,524024616.42437,233989,93604.557,247210246.15043,0
1729270800000,2650.79,2655.25,2638.27,2646.00,67462.597,1729274399999,178634414.91351,124163,30040.211,79547335.15549,0
1729274400000,2646.00,2675.12,2640.28,2663.18,155560.509,1729277999999,414058163.18533,200614,86672.891,230735872.05433,0
1729278000000,2663.18,2667.46,2647.85,2650.50,78599.626,1729281599999,208797369.68709,123120,37617.794,99924347.14538,0
1729281600000,2650.52,2651.53,2640.50,2642.62,58880.081,1729285199999,155767619.27530,87883,29252.666,77397287.15717,0
1729285200000,2642.62,2647.25,2635.02,2641.38,33711.544,1729288799999,89060830.00477,52315,13173.005,34810526.97263,0
1729288800000,2641.38,2641.77,2631.91,2635.25,51228.432,1729292399999,135073771.73877,93600,22145.303,58403746.41508,0
1729292400000,2635.26,2643.44,2635.00,2641.11,25498.800,1729295999999,67316487.54843,54241,13579.234,35845189.15889,0
1729296000000,2641.11,2642.35,2635.06,2638.67,25762.302,1729299599999,67978341.79175,67344,11256.097,29700430.93682,0
1729299600000,2638.68,2645.40,2633.72,2634.95,47593.462,1729303199999,125588932.72026,76010,20494.127,54082080.37280,0
1729303200000,2634.96,2647.53,2634.01,2646.01,34252.330,1729306799999,90449185.67108,64157,21430.476,56598839.79235,0
1729306800000,2646.02,2662.66,2644.32,2645.35,83979.116,1729310399999,222874922.08389,112709,42112.188,111760319.64268,0
1729310400000,2645.36,2649.99,2639.29,2639.57,37394.593,1729313999999,98883489.09596,65445,16586.385,43872062.35374,0
1729314000000,2639.57,2646.90,2639.50,2646.13,20405.830,1729317599999,53970966.76150,45301,10737.341,28397009.59290,0
1729317600000,2646.13,2646.65,2641.14,2643.24,22946.628,1729321199999,60669800.98762,44665,8856.542,23417235.01443,0
1729321200000,2643.23,2643.86,2636.55,2639.98,22723.794,1729324799999,59987263.15548,50751,10043.531,26514428.96274,0
1729324800000,2639.98,2646.69,2639.98,2644.74,19648.363,1729328399999,51939010.32176,47687,10377.187,27431433.69794,0
1729328400000,2644.74,2647.84,2643.12,2644.95,16541.329,1729331999999,43757061.29750,37127,6420.119,16984714.03010,0
1729332000000,2644.95,2645.60,2638.24,2638.71,26068.772,1729335599999,68865880.81255,54024,10349.865,27341739.80379,0
1729335600000,2638.71,2643.80,2630.05,2630.34,52686.036,1729339199999,138896616.24949,81007,24082.530,63501273.04933,0
1729339200000,2630.35,2640.67,2630.15,2639.09,40074.323,1729342799999,105647412.27428,61885,21276.182,56082411.33097,0
1729342800000,2639.08,2639.49,2634.02,2635.27,20691.965,1729346399999,54548675.97736,43817,8455.543,22289856.69507,0
1729346400000,2635.28,2651.00,2635.26,2649.14,69966.278,1729349999999,185013119.85781,77464,36070.303,95379420.74117,0
1729350000000,2649.15,2653.88,2640.41,2644.87,83529.334,1729353599999,221191569.48619,94746,38288.638,101392450.39492,0
1729353600000,2644.88,2645.10,2636.00,2636.52,39666.408,1729357199999,104767342.60140,71504,16732.073,44189663.92613,0
1729357200000,2636.53,2643.68,2636.20,2640.72,16648.902,1729360799999,43955478.44048,48032,8830.961,23315087.16747,0
1729360800000,2640.73,2644.52,2637.62,2641.43,23680.345,1729364399999,62552569.24438,35978,12472.477,32947207.88997,0
1729364400000,2641.43,2645.91,2636.97,2640.58,18780.844,1729367999999,49611869.63424,34408,9297.549,24565483.44486,0
1729368000000,2640.59,2648.50,2640.01,2644.02,16682.331,1729371599999,44139247.19035,32449,8670.932,22942042.47615,0
1729371600000,2644.02,2649.00,2642.21,2642.40,15272.612,1729375199999,40420246.29275,29892,6501.990,17208392.42409,0
1729375200000,2642.40,2652.91,2640.00,2650.14,31418.883,1729378799999,83150832.68063,67556,17106.958,45274521.13710,0
1729378800000,2650.14,2654.85,2646.30,2647.45,25004.676,1729382399999,66258159.37987,50164,11721.841,31062944.31831,0
1729382400000,2647.46,2652.85,2640.50,2641.80,30662.814,1729385999999,81134853.21519,60007,14518.908,38421548.80252,0
1729386000000,2641.81,2642.92,2637.17,2639.14,23117.376,1729389599999,61031642.16156,48055,11050.933,29176975.67062,0
1729389600000,2639.14,2644.99,2635.21,2638.01,22407.077,1729393199999,59146527.16695,40359,9936.151,26231164.74963,0
1729393200000,2638.01,2641.21,2634.53,2639.66,23408.368,1729396799999,61737368.71838,42262,11989.246,31625640.12566,0
1729396800000,2639.65,2646.18,2637.43,2641.10,25214.584,1729400399999,66615063.19075,39139,13588.353,35896870.33158,0
1729400400000,2641.10,2645.84,2639.03,2639.59,22621.791,1729403999999,59774060.68626,37912,9668.781,25552084.74586,0
1729404000000,2639.59,2652.75,2637.26,2649.97,37696.308,1729407599999,99719722.66714,46862,23204.004,61386400.24250,0
1729407600000,2649.97,2650.19,2643.80,2645.49,26325.326,1729411199999,69693885.96914,46676,11476.061,30381406.39845,0
1729411200000,2645.50,2650.88,2642.30,2645.65,23752.657,1729414799999,62881936.86699,44023,11838.224,31342765.78893,0
1729414800000,2645.66,2649.30,2642.64,2647.99,14953.871,1729418399999,39569349.23459,31775,7632.889,20195991.22559,0
1729418400000,2648.00,2650.30,2645.00,2645.15,13500.520,1729421999999,35749609.69848,31621,5085.769,13467960.19997,0
1729422000000,2645.15,2649.97,2645.15,2648.89,14458.828,1729425599999,38289564.34446,28973,7591.585,20102977.24108,0
1729425600000,2648.90,2654.93,2643.14,2643.72,61366.552,1729429199999,162642615.28300,80221,32030.350,84903430.73917,0
1729429200000,2643.72,2661.19,2640.67,2660.78,88736.327,1729432799999,235347051.49942,116447,46788.401,124106915.76585,0
1729432800000,2660.78,2720.00,2660.76,2710.00,459590.791,1729436399999,1239318977.87982,483791,251021.932,676511329.72817,0
1729436400000,2710.00,2713.64,2684.09,2705.71,182927.429,1729439999999,493260354.53364,218222,84273.476,227283328.10231,0
1729440000000,2705.71,2709.00,2691.50,2691.93,76660.603,1729443599999,206930729.02795,121363,29498.075,79638812.34616,0
1729443600000,2691.94,2697.72,2685.17,2693.97,54653.181,1729447199999,147073481.11285,86066,29661.289,79826512.37041,0
1729447200000,2693.97,2705.70,2693.96,2701.49,45995.867,1729450799999,124210211.97101,72918,23902.282,64543325.16699,0
1729450800000,2701.48,2702.15,2691.59,2699.22,42071.191,1729454399999,113441736.37945,56000,22237.233,59956621.94013,0
1729454400000,2699.21,2717.41,2696.17,2710.99,56822.663,1729457999999,153934862.96483,97769,31912.504,86469573.14623,0
1729458000000,2710.99,2718.92,2704.15,2715.01,119772.608,1729461599999,324741919.28576,135552,58867.286,159610432.47612,0
1729461600000,2715.01,2759.62,2713.98,2747.27,334860.034,1729465199999,916476664.59936,431403,184052.524,503722499.43710,0
1729465200000,2747.27,2754.91,2740.85,2746.98,85212.578,1729468799999,234115289.82342,164133,41102.346,112930201.08877,0
1729468800000,2746.98,2770.00,2742.05,2746.42,183020.934,1729472399999,504432707.69019,242488,91291.323,251691010.71432,0
1729472400000,2746.43,2761.86,2742.70,2745.64,106203.377,1729475999999,292078393.12639,162109,46230.315,127147264.54069,0
1729476000000,2745.65,2749.01,2728.63,2732.50,132230.496,1729479599999,362344840.31176,149629,55316.639,151609513.86780,0
1729479600000,2732.49,2739.31,2726.36,2734.84,67657.095,1729483199999,184996868.65894,100823,32532.561,88963342.01810,0
1729483200000,2734.83,2741.39,2728.35,2739.33,53412.369,1729486799999,146025986.19915,77660,30976.672,84698769.21277,0
1729486800000,2739.33,2746.12,2733.93,2736.25,47295.523,1729490399999,129545746.79536,80834,21522.887,58964167.42768,0
1729490400000,2736.25,2744.28,2725.32,2728.34,65356.780,1729493999999,178842329.75091,92297,28936.244,79205522.78093,0
1729494000000,2728.33,2735.36,2722.23,2722.68,82006.629,1729497599999,223771767.82240,124444,36466.665,99528273.34772,0
1729497600000,2722.69,2730.00,2715.17,2716.45,88590.898,1729501199999,241180478.50220,135622,41348.465,112590920.19178,0
1729501200000,2716.45,2721.55,2702.00,2713.97,132530.625,1729504799999,359287417.28936,164260,63546.545,172312156.65607,0
1729504800000,2713.98,2718.00,2705.41,2706.22,53052.735,1729508399999,143850073.34633,97152,25967.778,70415708.28294,0
1729508400000,2706.22,2714.08,2702.50,2705.20,66996.064,1729511999999,181419133.99613,103066,29912.643,81018646.22322,0
1729512000000,2705.19,2711.99,2688.00,2698.12,127505.216,1729515599999,343951291.63042,169446,57043.893,153865169.69131,0
1729515600000,2698.12,2700.98,2663.00,2673.11,350563.331,1729519199999,939057822.44860,387514,151513.613,405965872.03958,0
1729519200000,2673.11,2686.32,2659.02,2672.54,245113.811,1729522799999,654891948.58954,302263,117525.795,314124610.28764,0
1729522800000,2672.54,2680.71,2660.21,2680.21,144243.768,1729526399999,384982621.77554,201717,73045.184,194982519.19284,0
1729526400000,2680.21,2680.29,2655.52,2672.04,108884.221,1729529999999,290344376.38549,167499,52826.101,140884755.22990,0
1729530000000,2672.05,2684.60,2671.47,2672.63,101855.825,1729533599999,272802171.32253,137894,52577.907,140839469.56755,0
1729533600000,2672.62,2674.08,2658.00,2666.82,76878.843,1729537199999,204880084.58551,121072,34791.976,92721766.67816,0
1729537200000,2666.83,2684.60,2666.75,2680.08,61450.089,1729540799999,164531308.88910,105526,33962.007,90946447.95811,0
1729540800000,2680.09,2681.75,2671.92,2675.71,39445.364,1729544399999,105555203.95828,71396,17372.586,46490803.32435,0
1729544400000,2675.71,2681.75,2672.20,2675.20,24873.147,1729547999999,66576329.36418,49309,10695.699,28634373.89925,0
1729548000000,2675.21,2683.57,2672.20,2676.77,34521.756,1729551599999,92458604.73038,73237,16810.563,45023337.50144,0
1729551600000,2676.77,2676.77,2664.76,2666.63,47275.387,1729555199999,126208413.64891,80832,23609.515,63022716.18501,0
1729555200000,2666.62,2671.59,2613.77,2637.84,331134.533,1729558799999,873119281.74481,356652,132337.898,348929674.59950,0
1729558800000,2637.85,2650.00,2626.47,2646.72,93158.441,1729562399999,245892533.60599,158924,46957.702,123964880.15499,0
1729562400000,2646.72,2657.05,2632.75,2636.44,93108.954,1729565999999,246445505.88653,126221,42092.720,111464442.96787,0
1729566000000,2636.44,2645.86,2634.72,2644.65,41598.294,1729569599999,109915022.21558,77609,23172.691,61221754.34742,0
1729569600000,2644.66,2644.66,2635.21,2641.00,31449.360,1729573199999,83034866.27102,66457,13437.963,35484467.13242,0
1729573200000,2641.00,2651.73,2638.41,2646.84,39280.928,1729576799999,103922368.45503,77093,23566.559,62347091.51902,0
1729576800000,2646.84,2659.59,2646.84,2653.90,57507.858,1729580399999,152673203.44640,96249,29498.825,78314942.30412,0
1729580400000,2653.90,2658.50,2645.24,2646.65,36866.201,1729583999999,97790215.70711,66717,14848.040,39393953.10552,0
1729584000000,2646.65,2649.35,2628.01,2630.16,123137.306,1729587599999,324827443.07627,174788,54955.588,144966857.81605,0
1729587600000,2630.16,2634.56,2613.00,2622.29,139782.173,1729591199999,366520958.24730,214399,64539.696,169253795.28506,0
1729591200000,2622.30,2634.85,2619.90,2632.46,64952.716,1729594799999,170751462.45232,112022,30482.558,80135358.76126,0
1729594800000,2632.46,2640.30,2631.31,2632.75,66793.757,1729598399999,176029312.92676,96039,30986.666,81670532.34628,0
1729598400000,2632.75,2646.19,2617.64,2622.20,144943.763,1729601999999,381327214.74168,159856,73415.423,193212901.73733,0
1729602000000,2622.21,2634.05,2606.00,2621.15,179959.506,1729605599999,471273519.01840,235238,87653.516,229577268.17625,0
1729605600000,2621.15,2641.00,2613.85,2638.36,214408.820,1729609199999,563791570.52720,300879,114562.527,301273901.97657,0
1729609200000,2638.36,2641.40,2614.23,2623.75,140041.213,1729612799999,367748718.68929,179577,66177.999,173770743.96403,0
1729612800000,2623.76,2627.44,2606.51,2607.13,97148.499,1729616399999,254045118.11814,152559,45559.211,119148211.75655,0
1729616400000,2607.13,2627.90,2606.11,2624.63,77045.069,1729619999999,201820476.87477,127173,38030.206,99598023.24445,0
1729620000000,2624.62,2631.32,2620.26,2621.69,44955.464,1729623599999,118074055.77314,89369,23206.137,60951398.98112,0
1729623600000,2621.69,2633.51,2620.72,2627.44,29851.698,1729627199999,78473717.30898,73389,15526.528,40814601.90907,0
1729627200000,2627.44,2634.93,2625.92,2633.22,25397.506,1729630799999,66823826.90512,56053,14018.612,36889201.11315,0
1729630800000,2633.22,2636.00,2629.36,2633.95,17483.927,1729634399999,46038839.19004,40129,7773.886,20471977.71091,0
1729634400000,2633.94,2643.56,2631.00,2634.99,81521.916,1729637999999,215037853.70219,98023,37013.655,97640179.62656,0
1729638000000,2635.00,2638.00,2617.13,2621.78,59984.719,1729641599999,157572217.04026,81435,29136.375,76543200.79919,0
1729641600000,2621.79,2629.51,2611.01,2613.32,76984.975,1729645199999,201541076.70834,107559,40530.653,106120782.31408,0
1729645200000,2613.32,2625.00,2613.17,2623.24,35197.249,1729648799999,92241320.81326,67007,20938.943,54869473.70842,0
1729648800000,2623.23,2623.95,2610.00,2612.53,43521.990,1729652399999,113831787.01926,81726,20609.069,53903530.29535,0
1729652400000,2612.53,2617.37,2600.10,2615.99,85852.023,1729655999999,223989965.80002,120951,44364.147,115771114.59723,0
1729656000000,2616.00,2619.58,2609.26,2616.90,38608.929,1729659599999,100969478.92771,71954,20367.978,53269483.95097,0
1729659600000,2616.90,2619.26,2609.10,2614.57,35207.296,1729663199999,92028753.25119,70107,15754.111,41184007.98312,0
1729663200000,2614.58,2624.44,2610.01,2611.48,58755.069,1729666799999,153821416.80426,81961,27576.740,72210948.79341,0
1729666800000,2611.48,2615.75,2602.03,2602.10,84639.220,1729670399999,220778720.04378,125196,37109.934,96817328.97027,0
1729670400000,2602.11,2610.45,2570.25,2575.86,303651.150,1729673999999,786513189.42741,320673,133332.311,345505319.90596,0
1729674000000,2575.86,2582.01,2562.54,2579.64,190882.311,1729677599999,491088264.77973,219638,95900.832,246768387.09278,0
1729677600000,2579.63,2588.56,2577.80,2581.29,55921.271,1729681199999,144401198.43583,84692,27250.944,70381726.78117,0
1729681200000,2581.29,2587.30,2576.81,2580.83,52698.675,1729684799999,136045414.89891,81446,27687.992,71485465.65709,0
1729684800000,2580.83,2583.00,2555.00,2570.69,184598.633,1729688399999,474299265.06230,195592,83423.680,214395786.12377,0
1729688400000,2570.69,2586.74,2567.54,2581.15,88815.277,1729691999999,228913908.81684,141680,47262.323,121828293.04765,0
1729692000000,2581.15,2582.00,2560.00,2563.01,99403.084,1729695599999,255528299.39685,170435,47779.621,122825541.79822,0
1729695600000,2563.00,2564.46,2529.00,2539.53,326432.126,1729699199999,830513701.69301,354946,150235.352,382260553.15714,0
1729699200000,2539.53,2541.80,2484.37,2491.49,384131.844,1729702799999,965411700.39730,435963,160015.964,402216222.44275,0
1729702800000,2491.49,2511.99,2484.00,2495.47,247525.365,1729706399999,618320371.28059,291401,135794.848,339241462.21239,0
1729706400000,2495.47,2496.35,2443.01,2490.48,362396.505,1729709999999,897021345.19803,406258,166022.475,411131486.10863,0
1729710000000,2490.47,2514.81,2487.72,2511.77,172159.640,1729713599999,430641002.28093,210030,82811.490,207227033.14785,0
1729713600000,2511.77,2518.33,2505.73,2514.87,83260.107,1729717199999,209265278.21130,104775,38730.412,97345475.80667,0
1729717200000,2514.87,2515.23,2500.96,2503.93,55612.850,1729720799999,139360073.09467,80032,26587.420,66618886.57929,0
1729720800000,2503.93,2515.00,2502.62,2509.98,51585.540,1729724399999,129436353.93910,86712,28701.967,72018648.45137,0
1729724400000,2509.98,2527.99,2507.65,2523.84,71281.352,1729727999999,179662256.11501,98718,41517.415,104640458.58788,0
1729728000000,2523.85,2549.93,2507.76,2549.25,139503.902,1729731599999,352823090.95900,169217,72204.332,182711077.69607,0
1729731600000,2549.26,2561.04,2536.61,2544.61,128522.482,1729735199999,327468737.02130,185807,63367.244,161449317.30991,0
1729735200000,2544.61,2557.44,2539.02,2555.55,54961.732,1729738799999,140123732.08301,110510,31277.822,79749033.19823,0
1729738800000,2555.55,2557.79,2543.96,2544.19,43031.642,1729742399999,109789317.94520,83161,17672.825,45099450.23140,0
1729742400000,2544.20,2554.63,2539.04,2552.68,61811.345,1729745999999,157392530.34472,81562,32693.923,83255462.34068,0
1729746000000,2552.68,2559.00,2550.32,2556.06,83120.074,1729749599999,212374906.64376,95358,39795.853,101694601.14688,0
1729749600000,2556.06,2561.83,2546.20,2547.42,64480.229,1729753199999,164746080.53065,88985,30735.533,78533597.21634,0
1729753200000,2547.41,2554.83,2542.11,2543.88,51730.298,1729756799999,131832947.43378,94590,24434.874,62280855.68703,0
1729756800000,2543.88,2550.98,2517.00,2518.90,111807.845,1729760399999,283125245.21636,159930,46049.709,116651087.27554,0
1729760400000,2518.91,2527.91,2507.68,2520.67,145109.578,1729763999999,365405008.40733,190677,74317.194,187150456.62954,0
1729764000000,2520.68,2535.27,2520.07,2525.39,58782.136,1729767599999,148576567.63960,100089,31691.101,80113110.62416,0
1729767600000,2525.39,2533.18,2521.26,2528.97,46690.784,1729771199999,118031972.84037,86529,28663.559,72463101.91478,0
1729771200000,2528.97,2539.50,2525.79,2530.16,73872.732,1729774799999,187037087.46678,123620,38943.425,98605841.94324,0
1729774800000,2530.17,2545.24,2524.25,2535.68,139043.415,1729778399999,352309569.17384,206812,72946.749,184860740.27097,0
1729778400000,2535.68,2537.35,2512.37,2524.77,170591.427,1729781999999,430641349.99955,263957,74011.687,186850505.89897,0
1729782000000,2524.78,2535.68,2519.42,2525.15,87455.802,1729785599999,221059013.97712,158869,39314.798,99379593.76800,0
1729785600000,2525.16,2529.29,2506.27,2517.97,121380.964,1729789199999,305612036.87259,168254,61594.409,155090862.49299,0
1729789200000,2517.97,2527.50,2510.00,2521.14,50553.216,1729792799999,127313342.19291,102389,25472.019,64159885.54268,0
1729792800000,2521.13,2532.19,2519.54,2526.29,52632.113,1729796399999,132964134.20944,88192,25208.114,63686906.73119,0
1729796400000,2526.29,2541.80,2521.71,2539.51,78690.337,1729799999999,199499340.14407,128482,45432.135,115196156.35301,0
1729800000000,2539.51,2540.14,2526.08,2537.50,60619.117,1729803599999,153565100.58493,87141,29415.603,74522733.21574,0
1729803600000,2537.50,2560.00,2536.45,2538.10,115487.855,1729807199999,294280386.65105,149896,63415.877,161642138.09637,0
1729807200000,2538.10,2547.26,2529.72,2532.62,55408.173,1729810799999,140589293.11278,94118,27142.508,68881298.88698,0
1729810800000,2532.63,2537.12,2528.70,2535.39,29591.106,1729814399999,74939653.05397,58961,17154.614,43449649.21898,0
1729814400000,2535.39,2538.19,2520.10,2524.54,62626.723,1729817999999,158400828.52944,105582,24947.365,63104284.34396,0
1729818000000,2524.54,2526.85,2513.84,2519.06,49147.792,1729821599999,123837407.51002,92963,20611.827,51947120.30670,0
1729821600000,2519.07,2524.25,2509.00,2522.02,53269.873,1729825199999,134080555.17057,89364,28283.066,71206920.34807,0
1729825200000,2522.02,2531.49,2519.64,2521.11,54114.105,1729828799999,136664963.83977,75236,25483.354,64368282.20621,0
1729828800000,2521.12,2522.13,2488.00,2491.68,195661.644,1729832399999,488996487.77021,194669,79126.851,197739145.22566,0
1729832400000,2491.68,2501.60,2485.28,2494.58,92857.241,1729835999999,231460939.90176,111330,45161.516,112600430.72239,0
1729836000000,2494.58,2500.00,2488.00,2490.40,48662.724,1729839599999,121392191.48384,81013,22328.825,55707134.62752,0
1729839600000,2490.41,2496.60,2460.98,2483.30,227797.487,1729843199999,563847544.06670,218690,104307.017,258169951.89705,0
1729843200000,2483.29,2519.00,2476.79,2516.79,216345.133,1729846799999,541369890.23815,220909,116434.731,291450729.85662,0
1729846800000,2516.78,2543.20,2514.19,2539.12,173572.417,1729850399999,439097108.16752,219189,92595.368,234285685.69551,0
1729850400000,2539.12,2544.99,2530.80,2541.79,83856.625,1729853999999,212841747.47557,121530,43052.738,109282229.29813,0
1729854000000,2541.79,2546.91,2536.56,2544.71,74381.695,1729857599999,189068172.26422,111750,38271.803,97303063.48847,0
1729857600000,2544.72,2553.20,2535.88,2538.04,128997.401,1729861199999,328166306.01075,151175,56509.651,143804275.14721,0
1729861200000,2538.04,2556.42,2524.11,2551.38,153081.534,1729864799999,388663645.09562,202902,79358.726,201577180.57128,0
1729864800000,2551.37,2565.94,2535.40,2544.12,223232.443,1729868399999,569403478.74423,285435,118390.991,302069675.12890,0
1729868400000,2544.11,2556.98,2507.51,2524.26,231073.480,1729871999999,584926719.52976,280890,100777.937,255126371.53350,0
1729872000000,2524.27,2536.00,2510.76,2531.19,142467.353,1729875599999,360074552.04103,208158,72192.301,182492982.95835,0
1729875600000,2531.19,2535.10,2479.00,2485.80,211402.078,1729879199999,529543791.56621,258558,88053.673,220614752.28853,0
1729879200000,2485.80,2512.00,2453.52,2482.07,457146.437,1729882799999,1135616482.50396,499950,227529.202,565407783.74154,0
1729882800000,2482.08,2488.28,2470.19,2475.36,151731.030,1729886399999,376056594.23950,247291,77567.555,192280633.38955,0
1729886400000,2475.35,2491.50,2465.92,2479.54,122678.356,1729889999999,303914539.95188,196022,64638.217,160173112.78350,0
1729890000000,2479.55,2495.00,2477.16,2494.11,49147.898,1729893599999,122182635.28715,89239,27322.093,67925866.29192,0
1729893600000,2494.10,2496.13,2462.00,2463.11,82213.686,1729897199999,203989557.77158,124594,33363.389,82780509.11195,0
1729897200000,2463.11,2465.89,2380.63,2440.10,738987.646,1729900799999,1786216421.31204,717672,341046.903,824461921.92594,0
1729900800000,2440.10,2450.48,2429.34,2443.09,183262.029,1729904399999,447221154.65756,273171,85481.436,208633143.28679,0
1729904400000,2443.08,2448.12,2434.38,2442.24,61216.234,1729907999999,149440773.64070,116170,28949.797,70668900.74044,0
1729908000000,2442.24,2458.09,2432.04,2444.27,79175.787,1729911599999,193523364.30207,140878,40580.091,99211640.43971,0
1729911600000,2444.25,2456.73,2438.24,2451.39,55350.616,1729915199999,135552103.99256,95685,27442.869,67218054.67105,0
1729915200000,2451.39,2461.00,2450.41,2459.30,56108.747,1729918799999,137848978.69740,86175,31940.379,78467907.88388,0
1729918800000,2459.30,2474.48,2459.00,2470.68,68598.271,1729922399999,169204036.02960,118308,39057.631,96337736.71654,0
1729922400000,2470.67,2479.12,2462.59,2472.51,87076.230,1729925999999,215183225.93664,113358,46175.751,114153312.58922,0
1729926000000,2472.51,2475.04,2462.83,2464.71,45526.664,1729929599999,112371354.07879,80903,18861.843,46556004.36688,0
1729929600000,2464.72,2473.80,2463.26,2470.40,34081.989,1729933199999,84142947.44638,68995,17148.195,42337945.98530,0
1729933200000,2470.41,2478.37,2464.27,2464.86,49763.735,1729936799999,122977490.05566,85291,23565.154,58243112.08522,0
1729936800000,2464.87,2473.90,2464.36,2468.28,33179.148,1729940399999,81918198.53499,61920,16684.973,41196526.96447,0
1729940400000,2468.29,2475.24,2462.43,2472.18,55904.302,1729943999999,138052949.63930,71448,31960.111,78929622.55733,0
1729944000000,2472.18,2478.00,2469.97,2470.71,44213.301,1729947599999,109360152.91234,67915,17943.203,44385624.63407,0
1729947600000,2470.72,2475.38,2463.00,2464.44,60426.138,1729951199999,149158279.87772,91885,25308.240,62484512.10463,0
1729951200000,2464.44,2467.08,2441.68,2446.01,133884.837,1729954799999,328525373.78421,180140,61340.890,150534169.27514,0
1729954800000,2446.01,2461.89,2442.61,2456.87,91371.374,1729958399999,224221717.08742,157677,48982.697,120197957.31449,0
1729958400000,2456.86,2475.00,2454.60,2471.16,80506.953,1729961999999,198497215.44152,116469,45194.339,111442598.39143,0
1729962000000,2471.16,2482.96,2470.57,2478.63,68395.581,1729965599999,169402936.02155,100810,37720.392,93438564.42566,0
1729965600000,2478.64,2486.99,2476.63,2480.18,44093.681,1729969199999,109439295.90252,81124,24210.506,60097621.54320,0
1729969200000,2480.18,2487.71,2479.78,2486.15,29835.175,1729972799999,74096919.73510,58997,16772.134,41654482.41093,0
1729972800000,2486.14,2507.10,2483.53,2489.94,123585.204,1729976399999,308549700.89136,134028,67351.629,168154756.33763,0
1729976400000,2489.94,2492.93,2485.13,2487.97,28003.843,1729979999999,69687321.00526,47073,13054.495,32489658.96642,0
1729980000000,2487.96,2490.56,2485.00,2486.12,27376.777,1729983599999,68095505.11533,49567,11990.788,29828213.33007,0
1729983600000,2486.12,2487.70,2481.06,2482.04,29205.231,1729987199999,72543211.69249,43168,11713.578,29095126.87281,0
1729987200000,2482.04,2482.88,2473.66,2475.78,34003.726,1729990799999,84282436.41636,57290,14004.592,34712741.09400,0
1729990800000,2475.78,2480.39,2470.20,2476.77,37820.663,1729994399999,93607934.71699,67878,20412.171,50530918.03443,0
1729994400000,2476.77,2479.84,2471.20,2472.22,24998.189,1729997999999,61884427.48660,51123,11478.436,28417477.35474,0
1729998000000,2472.22,2484.43,2468.16,2483.73,38593.458,1730001599999,95585214.11404,69616,22731.833,56310782.32304,0
1730001600000,2483.73,2486.16,2477.60,2478.94,38900.320,1730005199999,96561109.58762,53909,19016.751,47214345.53121,0
1730005200000,2478.94,2484.55,2477.90,2481.53,17771.102,1730008799999,44091612.43364,42864,11006.825,27309955.73935,0
1730008800000,2481.53,2481.53,2477.05,2479.44,13585.342,1730012399999,33679656.33233,36228,6489.709,16088911.31987,0
1730012400000,2479.44,2483.00,2478.45,2480.08,16304.450,1730015999999,40437683.07918,37962,7721.662,19151459.60416,0
1730016000000,2480.07,2483.53,2474.77,2474.78,26943.607,1730019599999,66783904.92937,51695,11998.180,29740878.61620,0
1730019600000,2474.77,2474.82,2465.39,2470.82,70007.157,1730023199999,172854139.06936,84923,34050.905,84073504.29820,0
1730023200000,2470.82,2473.87,2464.86,2467.24,29249.996,1730026799999,72219705.53591,52596,15690.661,38748925.58188,0
1730026800000,2467.24,2471.86,2462.86,2468.93,31269.599,1730030399999,77171442.12623,51255,17246.132,42573071.77379,0
1730030400000,2468.92,2482.63,2468.81,2475.28,55760.230,1730033999999,138113145.66143,88496,31872.083,78944484.59228,0
1730034000000,2475.28,2503.00,2475.05,2483.81,146838.759,1730037599999,365734164.30619,174491,80045.016,199322925.38492,0
1730037600000,2483.80,2494.19,2480.89,2492.78,43909.455,1730041199999,109283060.97146,92388,24588.280,61199274.81113,0
1730041200000,2492.78,2505.00,2490.44,2501.10,75137.492,1730044799999,187659702.46378,102691,41073.052,102593914.02748,0
1730044800000,2501.10,2506.59,2491.34,2500.97,71610.365,1730048399999,178938226.51585,105440,28639.963,71574418.02048,0
1730048400000,2500.97,2511.00,2495.35,2497.10,64923.614,1730051999999,162461346.99667,98466,34713.676,86881988.47507,0
1730052000000,2497.10,2497.90,2485.13,2487.02,49568.693,1730055599999,123466114.59681,76389,18485.784,46053476.25997,0
1730055600000,2487.02,2495.80,2485.01,2493.89,29519.012,1730059199999,73516903.81342,60613,18272.792,45510332.40488,0
1730059200000,2493.90,2496.55,2491.00,2491.38,18447.293,1730062799999,45990058.17255,48562,9329.391,23258596.01911,0
1730062800000,2491.38,2521.80,2490.00,2510.74,65240.397,1730066399999,163621913.66114,100434,37208.629,93323803.91509,0
1730066400000,2510.74,2527.25,2510.74,2513.39,76066.738,1730069999999,191672675.43983,136524,35454.756,89350541.07746,0
1730070000000,2513.40,2522.78,2506.30,2507.22,44699.555,1730073599999,112370798.55115,82452,20694.400,52043221.78285,0
1730073600000,2507.21,2511.67,2497.31,2499.07,56044.823,1730077199999,140358622.70917,115137,24857.671,62262259.19974,0
1730077200000,2499.07,2503.47,2490.43,2491.05,45239.229,1730080799999,112936266.48860,88758,19864.338,49605547.56568,0
1730080800000,2491.05,2495.18,2486.94,2489.15,52680.177,1730084399999,131221902.66899,85163,29633.489,73826749.46800,0
1730084400000,2489.16,2494.48,2470.41,2476.76,96329.260,1730087999999,238958496.49124,121928,45022.707,111695902.42310,0
1730088000000,2476.76,2485.78,2472.31,2485.59,60588.226,1730091599999,150260955.75764,98210,36641.594,90880457.85781,0
1730091600000,2485.59,2489.84,2473.32,2485.54,52845.109,1730095199999,131182803.62374,87269,26088.022,64763283.26374,0
1730095200000,2485.54,2490.80,2481.05,2490.79,35301.695,1730098799999,87748940.20161,67574,19984.832,49684712.31813,0
1730098800000,2490.79,2526.21,2490.18,2511.11,215412.181,1730102399999,541667048.82495,254216,114691.513,288299815.34459,0
1730102400000,2511.11,2520.49,2508.82,2512.29,72230.181,1730105999999,181525137.46942,114047,39663.619,99688246.45548,0
1730106000000,2512.28,2543.00,2504.22,2541.59,180526.467,1730109599999,455567606.55676,168770,108962.887,275107374.09951,0
1730109600000,2541.58,2545.00,2528.64,2530.73,146859.253,1730113199999,372493455.39266,193737,71061.332,180242320.35477,0
1730113200000,2530.73,2531.77,2525.00,2526.53,60965.288,1730116799999,154127866.25696,91157,30872.452,78050667.98232,0
1730116800000,2526.54,2535.88,2516.14,2526.03,165703.721,1730120399999,418527143.41377,186940,74192.339,187409134.40863,0
1730120400000,2526.03,2533.00,2511.02,2512.68,160327.194,1730123999999,404611700.32002,212324,74511.793,188100081.67094,0
1730124000000,2512.67,2535.80,2507.38,2524.99,197025.233,1730127599999,496527984.86526,248413,102481.758,258319517.81746,0
1730127600000,2524.99,2525.44,2497.50,2500.30,160920.600,1730131199999,403948653.52304,204518,65561.303,164587532.95681,0
1730131200000,2500.29,2515.00,2493.32,2504.13,97286.677,1730134799999,243872341.20523,131309,52140.823,130737427.83768,0
1730134800000,2504.12,2514.88,2485.00,2500.41,164383.284,1730138399999,411001386.81308,226043,79732.713,199394191.58718,0
1730138400000,2500.41,2511.90,2487.81,2504.51,79627.297,1730141999999,199086724.35101,154958,41356.975,103425540.48534,0
1730142000000,2504.50,2523.97,2497.00,2503.77,239446.256,1730145599999,601190102.76868,246723,122320.541,307239242.97342,0
1730145600000,2505.93,2516.49,2504.13,2516.41,47283.244,1730149199999,118707131.60361,61637,30567.553,76746106.62568,0
1730149200000,2515.96,2520.00,2514.54,2518.92,16286.043,1730152799999,40995382.83058,16917,9579.553,24110548.75032,0
1730152800000,2543.69,2590.78,2543.69,2568.28,329402.399,1730156399999,846694648.24218,384601,183236.821,470905927.47968,0
1730156400000,2568.28,2577.83,2561.99,2566.49,87204.605,1730159999999,224068482.06561,139799,45389.905,116645969.66492,0
1730160000000,2566.48,2586.50,2560.30,2582.79,101773.939,1730163599999,261891725.05513,150130,56625.757,145751876.95321,0
1730163600000,2582.80,2596.32,2576.43,2582.16,111866.075,1730167199999,289128992.25223,185673,57729.593,149246176.89272,0
1730167200000,2582.15,2631.78,2578.34,2612.41,336842.682,1730170799999,879756118.11377,428557,174072.862,454522930.86607,0
1730170800000,2612.41,2623.26,2605.00,2607.57,97524.929,1730174399999,254872116.69243,141126,47294.529,123625887.12179,0
1730174400000,2607.58,2621.75,2607.36,2621.23,82161.081,1730177999999,215029574.50397,100498,44385.472,116153285.23602,0
1730178000000,2621.22,2626.33,2616.52,2617.38,61716.139,1730181599999,161725397.01871,95115,29801.291,78105312.97324,0
1730181600000,2617.38,2624.17,2616.67,2620.62,60161.163,1730185199999,157643628.33655,81797,33374.873,87457895.32847,0
1730185200000,2620.61,2621.67,2608.36,2613.10,83362.537,1730188799999,217890429.25874,107943,39181.813,102419051.10340,0
1730188800000,2613.09,2630.55,2612.47,2621.51,69651.928,1730192399999,182660979.44940,103458,36331.068,95273032.71566,0
1730192400000,2621.51,2627.72,2619.32,2623.95,55215.324,1730195999999,144836007.98551,80799,25669.179,67337444.03272,0
1730196000000,2623.95,2638.67,2618.90,2631.00,103069.329,1730199599999,271072711.96307,123895,55067.005,144831693.01573,0
1730199600000,2630.99,2634.69,2623.05,2631.08,69688.583,1730203199999,183230886.77990,110559,35225.887,92610524.59653,0
1730203200000,2631.07,2633.61,2615.80,2617.57,80038.124,1730206799999,209929107.72579,110793,32117.775,84249233.59549,0
1730206800000,2617.57,2638.50,2610.93,2636.85,139133.964,1730210399999,365112017.86284,196077,69582.471,182633464.97647,0
1730210400000,2636.85,2644.96,2617.14,2630.33,170376.201,1730213999999,448421657.04056,278376,80645.616,212292853.88112,0
1730214000000,2630.33,2651.10,2622.09,2648.12,190199.270,1730217599999,501448320.73306,262381,98825.933,260644284.35220,0
1730217600000,2648.11,2673.56,2641.69,2669.19,227097.244,1730221199999,602594922.76396,302642,121053.867,321260115.71266,0
1730221200000,2669.20,2681.83,2654.02,2655.55,176315.741,1730224799999,470541947.85021,258377,85989.618,229519658.05145,0
1730224800000,2655.55,2666.53,2643.84,2665.53,117248.506,1730228399999,311394717.14197,178925,57101.010,151689448.08393,0
1730228400000,2665.53,2674.59,2621.25,2624.40,259147.797,1730231999999,685058559.01343,345902,112240.229,296765016.68422,0
1730232000000,2624.43,2628.78,2606.23,2620.35,209704.000,1730235599999,548859219.52567,239214,92452.627,242034671.98893,0
1730235600000,2620.35,2629.92,2616.40,2622.80,69282.469,1730239199999,181757376.11017,86930,36236.965,95069800.04085,0
1730239200000,2622.81,2648.81,2620.67,2636.67,90806.743,1730242799999,239395355.51425,127810,48899.641,128885794.72689,0
1730242800000,2636.66,2640.44,2630.67,2639.28,49041.512,1730246399999,129265652.02473,92582,23503.007,61952975.71550,0
1730246400000,2639.28,2642.47,2616.43,2621.60,79746.044,1730249999999,209647289.23573,129176,31476.094,82757379.50609,0
1730250000000,2621.59,2628.81,2599.90,2626.34,160245.449,1730253599999,418775969.21085,201415,77980.994,203860901.72563,0
1730253600000,2626.34,2642.60,2624.39,2628.67,87458.849,1730257199999,230376416.53822,123909,40271.697,106103955.46681,0
1730257200000,2628.68,2653.00,2628.00,2642.46,117193.253,1730260799999,309480255.43279,137606,59877.024,158120965.33781,0
1730260800000,2642.46,2647.72,2637.04,2641.28,41994.582,1730264399999,110984267.07103,76080,21072.835,55694425.87878,0
1730264400000,2641.28,2656.26,2641.26,2653.87,67537.815,1730267999999,178787127.06019,89969,42922.989,113630616.89152,0
1730268000000,2653.87,2686.27,2653.84,2658.25,207821.466,1730271599999,555085560.45436,230449,103160.139,275524384.69513,0
1730271600000,2658.25,2674.60,2658.10,2669.43,108564.366,1730275199999,289538287.40948,132945,57266.528,152722175.48105,0
1730275200000,2669.43,2683.30,2662.98,2663.99,102198.485,1730278799999,273076251.84085,144238,46245.438,123611365.10695,0
1730278800000,2664.00,2694.90,2663.31,2693.42,190568.783,1730282399999,511280040.98225,210811,100341.355,269178493.42472,0
1730282400000,2693.42,2698.00,2682.00,2683.20,117316.072,1730285999999,315504540.21647,180031,56316.975,151478525.66763,0
1730286000000,2683.20,2683.75,2657.53,2659.91,194657.128,1730289599999,519623673.68698,221781,73605.785,196487199.55348,0
1730289600000,2659.92,2693.62,2653.69,2687.19,208389.791,1730293199999,556451189.83157,258130,110947.348,296358948.01827,0
1730293200000,2687.19,2703.71,2672.02,2697.52,299715.240,1730296799999,806205429.47037,343461,160534.599,432032448.73180,0
1730296800000,2697.52,2724.65,2696.98,2709.91,306593.261,1730300399999,832011980.72508,371203,156131.064,423702581.01114,0
1730300400000,2709.91,2713.42,2671.30,2683.59,259263.055,1730303999999,697059754.55675,313252,116881.957,314255629.72844,0
1730304000000,2683.59,2696.90,2675.00,2688.47,107583.995,1730307599999,288979600.58735,172809,56186.968,150963359.06380,0
1730307600000,2688.47,2688.67,2662.80,2674.67,120258.215,1730311199999,321631742.96129,172412,53765.471,143811074.40755,0
1730311200000,2674.66,2683.54,2661.28,2667.16,93191.250,1730314799999,249051698.53970,126226,33328.645,89130590.59397,0
1730314800000,2667.14,2669.80,2653.37,2655.31,105957.383,1730318399999,282059219.72360,127928,50446.729,134320427.38828,0
1730318400000,2655.34,2680.00,2634.03,2679.99,296987.821,1730321999999,789844837.74118,329960,154103.975,410011380.19074,0
1730322000000,2680.00,2688.12,2644.46,2660.51,124164.974,1730325599999,330851882.08393,173371,59060.422,157407231.78203,0
1730325600000,2660.50,2667.55,2648.89,2660.05,63723.300,1730329199999,169436171.06098,114514,29466.940,78360308.19892,0
1730329200000,2660.06,2671.00,2656.64,2659.36,42021.216,1730332799999,111929185.54801,79587,18919.879,50403506.09353,0
1730332800000,2659.35,2666.24,2655.37,2659.14,49300.884,1730336399999,131131847.07355,108554,24594.828,65421066.65902,0
1730336400000,2659.15,2669.74,2637.00,2663.27,104706.557,1730339999999,278102943.74023,150993,50637.187,134555864.96068,0
1730340000000,2663.26,2668.68,2649.22,2663.82,61728.570,1730343599999,164124238.63592,127932,29792.246,79208519.85549,0
1730343600000,2663.81,2668.74,2653.56,2657.59,50757.805,1730347199999,135080154.48420,92278,24881.895,66231142.86211,0
1730347200000,2657.59,2658.56,2643.00,2646.73,82155.072,1730350799999,217574690.78431,95144,38406.169,101720423.14186,0
1730350800000,2646.73,2654.37,2644.20,2650.54,43517.704,1730354399999,115306554.45142,74981,22124.121,58625594.47135,0
1730354400000,2650.54,2651.61,2632.81,2639.03,66038.312,1730357999999,174402566.86969,100047,28343.090,74857911.74496,0
1730358000000,2639.03,2649.50,2631.81,2647.05,75998.751,1730361599999,200772199.09117,105953,38415.232,101511055.01114,0
1730361600000,2647.05,2647.81,2625.35,2637.22,107061.437,1730365199999,282033796.10124,121297,42515.727,111999896.31131,0
1730365200000,2637.23,2644.00,2635.00,2635.38,49169.216,1730368799999,129816165.48226,75925,22212.046,58653647.14572,0
1730368800000,2635.39,2647.46,2625.41,2647.05,121451.394,1730372399999,320098091.08484,137341,61455.129,162025492.62805,0
1730372400000,2647.05,2649.00,2630.43,2638.78,77486.990,1730375999999,204425146.64780,107395,32115.740,84730609.73042,0
1730376000000,2638.78,2641.43,2628.48,2638.96,66295.241,1730379599999,174764404.38936,114306,30376.137,80080550.19734,0
1730379600000,2638.96,2639.80,2596.04,2603.41,297136.715,1730383199999,776773331.88896,295135,122538.577,320441420.18003,0
1730383200000,2603.41,2603.51,2540.87,2556.05,635747.575,1730386799999,1633830084.43349,607344,269615.881,692875097.19039,0
1730386800000,2556.05,2576.61,2549.82,2562.89,234251.591,1730390399999,601000965.62739,267560,109100.044,279871591.72108,0
1730390400000,2562.89,2564.04,2545.00,2553.16,189777.967,1730393999999,484770174.80465,219935,79418.082,202882084.63016,0
1730394000000,2553.16,2561.07,2522.00,2542.63,206821.386,1730397599999,525427965.95022,247526,92260.785,234473392.52701,0
1730397600000,2542.62,2543.00,2506.00,2525.14,234987.020,1730401199999,592562560.30313,301093,107741.015,271784846.23454,0
1730401200000,2525.15,2532.00,2511.35,2514.31,98935.242,1730404799999,249595678.07033,154933,50382.739,127131903.07939,0
1730404800000,2514.30,2528.66,2502.50,2521.25,132768.554,1730408399999,334226563.16280,205244,63897.788,160880484.50227,0
1730408400000,2521.25,2527.84,2515.46,2525.10,65226.301,1730411999999,164515845.54693,107122,34464.571,86933213.18015,0
1730412000000,2525.10,2525.77,2506.27,2521.69,104139.114,1730415599999,262044588.39752,136023,57683.286,145163887.54670,0
1730415600000,2521.68,2528.42,2514.00,2518.37,49743.432,1730419199999,125461781.12440,93247,26401.811,66599545.83809,0
1730419200000,2518.37,2533.00,2517.18,2524.39,72490.190,1730422799999,183132849.19596,110469,38779.261,97969220.39107,0
1730422800000,2524.39,2530.94,2489.64,2501.63,208355.425,1730426399999,522903033.04812,265664,83994.465,210933585.07120,0
1730426400000,2501.62,2512.95,2467.30,2510.25,313999.288,1730429999999,782383446.75312,385722,147715.128,368131840.27087,0
1730430000000,2510.25,2519.99,2498.26,2503.26,84202.269,1730433599999,211343910.17804,129104,39095.887,98147604.32763,0
1730433600000,2503.26,2516.67,2501.56,2513.58,51693.811,1730437199999,129705574.78799,90982,31203.431,78289788.76389,0
1730437200000,2513.59,2515.25,2507.75,2510.54,39712.057,1730440799999,99732361.29427,68764,19448.045,48844361.74218,0
1730440800000,2510.54,2513.70,2499.91,2500.50,89715.306,1730444399999,224838194.87197,124680,41075.612,102971100.35763,0
1730444400000,2500.51,2508.45,2485.32,2504.14,137798.159,1730447999999,344114457.02449,185762,69465.095,173481667.69630,0
1730448000000,2504.13,2516.00,2493.67,2501.07,118229.649,1730451599999,296360708.36784,133048,55928.375,140236438.73258,0
1730451600000,2501.06,2513.68,2498.77,2511.00,61225.615,1730455199999,153461721.73518,94649,31649.188,79343417.95930,0
1730455200000,2510.99,2525.00,2509.31,2518.76,112425.838,1730458799999,283006172.59737,155136,60133.419,151375673.01331,0
1730458800000,2518.77,2526.26,2515.84,2515.84,57344.952,1730462399999,144582759.63072,86035,25223.259,63606178.67582,0
1730462400000,2515.85,2543.73,2515.00,2536.82,203791.518,1730465999999,516090288.72483,214552,110873.058,280807876.36281,0
1730466000000,2536.82,2577.00,2530.02,2574.59,259400.472,1730469599999,662817700.14813,291493,141683.930,362153734.00065,0
1730469600000,2574.59,2587.86,2550.01,2562.00,335634.667,1730473199999,862360670.07638,399989,154688.229,397542910.32229,0
1730473200000,2562.00,2565.39,2481.44,2500.03,439818.150,1730476799999,1107568344.48228,502267,202458.527,509522443.29135,0
1730476800000,2500.03,2538.99,2498.44,2518.61,299155.044,1730480399999,753580368.03341,378906,152834.543,385048469.60049,0
1730480400000,2518.61,2531.19,2506.91,2513.77,114871.757,1730483999999,289265669.44881,212874,56526.618,142380380.98524,0
1730484000000,2513.77,2518.24,2506.01,2508.59,76116.097,1730487599999,191233854.33773,143770,38489.977,96711987.63644,0
1730487600000,2508.60,2517.75,2495.10,2514.72,117731.956,1730491199999,295132608.55186,194626,58080.553,145625814.84298,0
1730491200000,2514.71,2528.00,2512.14,2521.15,71597.682,1730494799999,180494810.21172,94298,40451.132,101985654.04872,0
1730494800000,2521.15,2521.22,2486.00,2506.02,119209.057,1730498399999,298014288.68260,140073,51764.573,129411441.96526,0
1730498400000,2506.01,2514.23,2503.91,2513.21,36991.494,1730501999999,92816753.61104,82251,19681.357,49390792.10527,0
1730502000000,2513.21,2517.85,2510.31,2511.57,29512.184,1730505599999,74200952.87018,57670,14627.484,36783473.33377,0
1730505600000,2511.57,2520.28,2511.30,2516.34,31857.068,1730509199999,80158274.78503,62164,15527.891,39070700.79450,0
1730509200000,2516.35,2520.00,2511.20,2514.90,21521.616,1730512799999,54126816.97767,48306,9592.504,24126845.62557,0
1730512800000,2514.91,2523.80,2512.00,2512.18,37197.355,1730516399999,93665784.60413,63634,18760.101,47249616.15336,0
1730516400000,2512.18,2515.86,2500.60,2506.58,62347.778,1730519999999,156341963.62477,71442,23242.465,58301131.65791,0
1730520000000,2506.58,2509.12,2501.72,2504.93,28285.178,1730523599999,70864820.14411,53987,15327.932,38406699.91388,0
1730523600000,2504.93,2513.57,2498.86,2512.99,40210.163,1730527199999,100829237.33832,64106,20992.593,52644923.12877,0
1730527200000,2513.00,2513.79,2504.96,2511.76,24352.271,1730530799999,61098911.08843,48988,11061.115,27754533.59970,0
1730530800000,2511.77,2512.02,2505.35,2507.20,25091.408,1730534399999,62927888.85108,46429,11183.868,28049031.63211,0
1730534400000,2507.20,2510.18,2495.00,2495.48,59754.034,1730537999999,149466523.03623,80801,29343.369,73415933.49603,0
1730538000000,2495.48,2505.00,2491.00,2497.00,51639.935,1730541599999,129008749.89990,83534,24843.568,62077878.87447,0
1730541600000,2497.01,2502.14,2492.60,2501.89,40428.434,1730545199999,100955118.10580,64026,23233.096,58014798.35724,0
1730545200000,2501.89,2506.27,2499.10,2501.81,33325.024,1730548799999,83403524.06784,51518,17299.117,43301286.76804,0
1730548800000,2501.81,2504.17,2482.63,2488.01,97998.865,1730552399999,244152051.90820,138289,41521.739,103444965.32747,0
1730552400000,2488.00,2498.54,2467.10,2479.71,275058.291,1730555999999,683066837.50262,255319,121624.483,302091519.82044,0
1730556000000,2479.71,2489.88,2475.54,2489.66,95853.374,1730559599999,237900053.63115,156572,43627.626,108314683.77231,0
1730559600000,2489.65,2491.88,2477.42,2488.18,58515.204,1730563199999,145452390.46864,111198,28677.274,71286838.96201,0
1730563200000,2488.18,2497.25,2482.07,2494.09,49236.912,1730566799999,122638925.74977,84593,25010.113,62299659.68760,0
1730566800000,2494.08,2494.93,2479.08,2485.42,46750.234,1730570399999,116205617.25276,77271,17314.529,43033509.63214,0
1730570400000,2485.41,2491.35,2478.76,2486.71,29287.843,1730573999999,72805347.42443,70052,15505.692,38548148.48697,0
1730574000000,2486.70,2494.26,2485.00,2492.73,26311.128,1730577599999,65521340.92782,51820,15853.013,39480558.55273,0
1730577600000,2492.73,2496.49,2490.82,2494.88,18048.660,1730581199999,45009349.48709,47026,8474.493,21135568.11753,0
1730581200000,2494.89,2496.13,2491.10,2493.07,16939.389,1730584799999,42233589.60462,33392,8958.621,22336286.43116,0
1730584800000,2493.06,2497.49,2489.55,2491.10,16177.223,1730588399999,40337963.45740,42645,8117.268,20242243.19168,0
1730588400000,2491.11,2493.69,2484.37,2493.61,27546.948,1730591999999,68541830.36025,55932,14871.977,37006014.49664,0
1730592000000,2493.61,2496.21,2482.47,2482.49,36499.166,1730595599999,90888708.44619,64081,14588.154,36331094.83935,0
1730595600000,2482.50,2486.49,2470.10,2471.71,64381.060,1730599199999,159596157.10661,100729,26261.578,65118484.08497,0
1730599200000,2471.71,2477.14,2425.82,2434.36,418457.644,1730602799999,1024964198.33041,465361,195566.146,479037992.93910,0
1730602800000,2434.35,2452.00,2420.63,2448.96,150340.872,1730606399999,366263611.99650,235767,75391.992,183699182.08482,0
1730606400000,2448.97,2463.62,2447.82,2454.97,85555.851,1730609999999,210129597.97886,109027,43382.016,106559072.96906,0
1730610000000,2454.96,2457.90,2440.48,2442.04,72906.837,1730613599999,178556795.35299,101688,29215.738,71562410.24085,0
1730613600000,2442.04,2462.43,2441.39,2455.89,56188.044,1730617199999,137816969.08541,93649,32803.942,80445839.17875,0
1730617200000,2455.89,2458.83,2449.11,2449.72,30848.637,1730620799999,75657151.21537,64481,14288.671,35046379.23565,0
1730620800000,2449.73,2462.91,2443.67,2458.70,274220.303,1730624399999,672452496.19464,159611,132816.005,325940567.92471,0
1730624400000,2458.69,2459.85,2446.76,2449.34,150306.115,1730627999999,368641614.41102,94638,115609.754,283525036.15900,0
1730628000000,2449.34,2461.40,2449.24,2456.95,66744.851,1730631599999,163962743.13940,78768,38141.566,93663374.80779,0
1730631600000,2456.94,2462.16,2451.42,2454.31,41381.297,1730635199999,101645507.79652,84488,16800.979,41278627.02126,0
1730635200000,2454.31,2460.19,2452.14,2454.40,37053.326,1730638799999,91029998.30739,76973,17147.395,42130041.26823,0
1730638800000,2454.39,2457.00,2430.00,2434.29,124331.359,1730642399999,303539968.43387,185547,52087.998,127196431.60171,0
1730642400000,2434.29,2439.00,2416.00,2424.64,221464.108,1730645999999,537727634.89010,318214,109409.200,265694594.76356,0
1730646000000,2424.65,2447.39,2412.67,2442.20,247678.143,1730649599999,601649234.31369,294051,115537.822,280702320.37400,0
1730649600000,2442.19,2459.85,2437.76,2442.36,153964.952,1730653199999,377178726.50293,210391,72756.747,178246191.96850,0
1730653200000,2442.35,2453.69,2441.50,2447.18,96954.921,1730656799999,237446854.00937,114521,54324.189,133033876.20580,0
1730656800000,2447.18,2449.53,2410.35,2424.57,178608.908,1730660399999,433125523.01477,187978,82879.648,200963077.51501,0
1730660400000,2424.57,2453.76,2423.59,2452.77,115644.990,1730663999999,282214747.42015,159321,65781.581,160539047.72679,0
1730664000000,2452.76,2470.66,2447.04,2467.51,85424.202,1730667599999,210199552.77615,137530,49961.438,122968904.34277,0
1730667600000,2467.52,2475.00,2463.92,2469.90,86011.925,1730671199999,212435062.87537,139746,41514.797,102568138.55214,0
1730671200000,2469.90,2474.45,2457.35,2460.00,42952.587,1730674799999,105904495.35442,75018,17563.891,43310077.45465,0
1730674800000,2460.00,2460.16,2446.71,2457.29,89858.996,1730678399999,220411015.57180,139600,44780.105,109834412.03253,0
1730678400000,2457.30,2457.89,2434.13,2450.04,82185.680,1730681999999,201062842.28129,138415,43763.080,107061288.78644,0
1730682000000,2450.04,2474.44,2445.09,2466.22,98627.525,1730685599999,242741600.60944,196504,54471.910,134065648.94228,0
1730685600000,2466.22,2485.00,2462.08,2483.10,89328.177,1730689199999,221216344.08255,155399,50523.752,125109152.10449,0
1730689200000,2483.10,2491.00,2472.22,2473.28,72236.031,1730692799999,179253997.74515,118894,40408.151,100324814.89721,0
1730692800000,2473.28,2482.02,2470.60,2472.56,35816.981,1730696399999,88651270.40517,70428,16203.375,40112105.15003,0
1730696400000,2472.55,2473.57,2459.29,2462.34,52798.533,1730699999999,130194525.27818,88049,24257.720,59829034.85084,0
1730700000000,2462.34,2480.33,2462.12,2476.93,57809.916,1730703599999,142932699.50254,88310,32389.081,80078390.64904,0
1730703600000,2476.92,2479.37,2456.48,2458.89,74162.231,1730707199999,182820222.86417,101800,33564.880,82730156.06704,0
1730707200000,2458.90,2467.08,2450.70,2457.44,83020.583,1730710799999,204198506.10724,132589,35469.952,87264561.60687,0
1730710800000,2457.44,2464.35,2446.35,2457.35,63640.787,1730714399999,156324911.82278,107437,33121.052,81387343.20772,0
1730714400000,2457.35,2472.82,2455.00,2466.98,68699.065,1730717999999,169485932.84591,123631,33188.890,81880521.04515,0
1730718000000,2466.98,2477.81,2463.00,2469.96,59156.427,1730721599999,146240855.85953,104472,29696.543,73416333.83124,0
1730721600000,2469.97,2478.20,2466.17,2476.08,57144.465,1730725199999,141338456.23686,112815,27990.943,69243974.10219,0
1730725200000,2476.08,2485.55,2457.77,2458.16,121314.180,1730728799999,299969337.08802,171978,52989.712,131076386.02783,0
1730728800000,2458.16,2464.25,2444.74,2449.91,136037.384,1730732399999,333866057.35062,222667,65759.891,161415352.64826,0
1730732400000,2449.92,2454.36,2430.70,2441.96,147981.376,1730735999999,361360198.94300,232254,71016.093,173430589.25508,0
1730736000000,2441.96,2445.81,2406.46,2413.92,288620.988,1730739599999,699710773.41057,278901,145289.684,352413510.11996,0
1730739600000,2413.91,2428.47,2405.10,2424.00,223482.743,1730743199999,540141648.18360,233990,117572.759,284200362.10373,0
1730743200000,2424.00,2435.71,2416.88,2424.98,86955.684,1730746799999,211120397.46392,139385,43971.668,106766049.14026,0
1730746800000,2424.98,2435.97,2424.58,2430.06,64972.575,1730750399999,157987497.92692,107841,35859.018,87203993.67394,0
1730750400000,2430.06,2431.69,2418.72,2422.47,61322.185,1730753999999,148684645.79183,104640,27237.198,66047532.34448,0
1730754000000,2422.47,2429.34,2356.00,2370.29,394315.638,1730757599999,941353005.75032,477948,168212.327,401685389.13878,0
1730757600000,2370.29,2413.80,2364.91,2405.43,162108.478,1730761199999,387391611.25363,221379,89271.374,213317531.05622,0
1730761200000,2405.42,2410.38,2391.36,2397.37,101681.359,1730764799999,243920497.35685,156767,49172.157,117959462.02617,0
1730764800000,2397.36,2410.31,2395.82,2399.95,99169.079,1730768399999,238421424.36597,170596,49271.505,118457443.78423,0
1730768400000,2399.95,2412.87,2379.48,2410.15,147836.445,1730771999999,354113375.85806,217860,72586.841,173895325.20807,0
1730772000000,2410.14,2415.24,2399.62,2404.70,58044.608,1730775599999,139757669.18729,123245,27301.190,65758574.40148,0
1730775600000,2404.70,2421.06,2404.24,2419.73,86343.199,1730779199999,208386604.82183,110616,61578.172,148622035.04105,0
1730779200000,2419.73,2433.50,2416.22,2428.11,77361.971,1730782799999,187634828.16574,131027,39604.872,96062493.27416,0
1730782800000,2428.11,2434.52,2422.32,2431.37,44405.749,1730786399999,107806582.49218,83548,19500.110,47349286.59123,0
1730786400000,2431.37,2432.80,2422.94,2429.30,49058.151,1730789999999,119091916.65871,84651,24064.028,58428890.81775,0
1730790000000,2429.30,2444.79,2420.96,2442.32,108380.805,1730793599999,263943284.36172,142925,61409.798,149546478.63556,0
1730793600000,2442.33,2444.59,2432.36,2441.41,53928.178,1730797199999,131490607.31638,104362,24908.058,60738493.95842,0
1730797200000,2441.41,2447.31,2434.20,2434.64,66132.852,1730800799999,161421484.16467,106826,29362.089,71679536.82503,0
1730800800000,2434.64,2438.63,2429.18,2434.66,49753.501,1730804399999,121089417.96905,83200,23278.599,56657768.77367,0
1730804400000,2434.66,2442.62,2434.66,2439.88,39361.195,1730807999999,96006337.80316,72094,21167.391,51629928.60264,0
1730808000000,2439.88,2447.56,2434.80,2443.15,58207.816,1730811599999,142122090.13522,91613,28661.299,69982441.82737,0
1730811600000,2443.16,2445.00,2436.00,2441.19,48364.282,1730815199999,118046382.42342,94031,23328.667,56941290.37475,0
1730815200000,2441.19,2479.60,2437.75,2468.98,307567.243,1730818799999,757943126.25834,359895,166262.380,409698679.43678,0
1730818800000,2468.97,2473.32,2426.00,2440.22,379332.979,1730822399999,927981528.36644,446575,182130.211,445683020.66167,0
1730822400000,2440.22,2469.00,2436.81,2461.43,157915.966,1730825999999,387457362.32963,237457,84111.892,206381157.19083,0
1730826000000,2461.42,2474.97,2450.00,2450.45,133165.837,1730829599999,327967903.66347,175131,70160.305,172820665.08642,0
1730829600000,2450.45,2458.50,2445.23,2451.65,89488.100,1730833199999,219386543.61350,124978,49622.673,121655403.16060,0
1730833200000,2451.64,2454.00,2400.23,2407.30,190476.260,1730836799999,461927474.08529,241441,80255.697,194628462.34816,0
1730836800000,2407.30,2435.73,2400.33,2425.74,134271.301,1730840399999,325290159.72535,216699,71021.661,172027954.11055,0
1730840400000,2425.74,2429.05,2412.13,2414.42,47998.420,1730843999999,116222442.54858,102474,22492.534,54470574.90781,0
1730844000000,2414.42,2434.69,2406.34,2433.73,66552.245,1730847599999,161012450.32955,112334,36082.098,87334134.42993,0
1730847600000,2433.73,2439.36,2419.10,2421.42,64743.049,1730851199999,157285762.11926,126804,26062.196,63341523.46512,0
1730851200000,2421.41,2493.49,2419.20,2484.00,315048.929,1730854799999,776335652.89855,428805,163527.335,402970201.16307,0
1730854800000,2484.00,2509.79,2469.26,2481.33,328113.015,1730858399999,816424427.28845,464913,159237.186,396266248.64619,0
1730858400000,2481.33,2577.60,2475.86,2567.76,449134.015,1730861999999,1140134290.39558,620144,246531.777,625626171.07273,0
1730862000000,2567.77,2637.32,2562.96,2579.04,626932.382,1730865599999,1627536671.37211,795602,309870.253,804660335.51085,0
1730865600000,2579.04,2604.57,2575.00,2583.60,300734.843,1730869199999,779367837.16495,375771,170694.823,442408693.62067,0
1730869200000,2583.60,2598.00,2560.56,2596.99,277666.673,1730872799999,716352247.24794,350185,140835.815,363609927.02127,0
1730872800000,2596.98,2625.00,2583.08,2584.04,358288.073,1730876399999,932802967.83085,448329,185274.773,482546064.59099,0
1730876400000,2584.04,2644.77,2583.52,2595.40,453395.155,1730879999999,1184889055.35517,559211,233163.302,609831779.29369,0
1730880000000,2595.40,2607.98,2572.40,2607.40,323337.572,1730883599999,837372515.75375,455129,156685.293,405951341.61256,0
1730883600000,2607.40,2630.00,2605.89,2623.00,192679.196,1730887199999,504920912.55442,285814,98445.301,257981770.71225,0
1730887200000,2623.00,2631.40,2610.51,2624.39,127154.406,1730890799999,333135286.38208,181913,61001.625,159840974.83519,0
1730890800000,2624.40,2638.58,2618.01,2629.83,153707.652,1730894399999,404305848.95377,191213,86546.279,227675214.15833,0
1730894400000,2629.83,2650.00,2628.90,2633.59,213529.515,1730897999999,563896708.83226,241318,120854.933,319200738.45829,0
1730898000000,2633.59,2635.67,2607.00,2618.35,234081.647,1730901599999,613633129.96315,260842,99728.107,261431688.94250,0
1730901600000,2618.35,2643.33,2608.13,2614.44,268477.927,1730905199999,704373232.67275,337650,137061.444,359767061.56754,0
1730905200000,2614.47,2668.00,2611.83,2634.28,333053.531,1730908799999,881512206.11174,448208,172994.837,457802934.60620,0
1730908800000,2634.28,2665.94,2633.65,2656.40,169503.247,1730912399999,449478241.65408,262646,83318.257,220936072.80109,0
1730912400000,2656.40,2661.15,2643.43,2652.71,87186.916,1730915999999,231300798.00991,173720,43413.458,115173669.90163,0
1730916000000,2652.72,2679.26,2651.17,2677.95,131528.551,1730919599999,350947132.93211,200915,70731.247,188749583.92683,0
1730919600000,2677.94,2687.80,2658.78,2687.74,162022.686,1730923199999,432987840.90713,238137,86757.953,231905053.53951,0
1730923200000,2687.74,2701.78,2669.44,2689.92,220553.110,1730926799999,592190198.14927,314700,109294.596,293538009.11074,0
1730926800000,2689.92,2704.39,2682.63,2686.99,112742.669,1730930399999,303488837.14232,223912,52801.672,142164488.39343,0
1730930400000,2687.00,2746.02,2684.08,2736.27,238891.258,1730933999999,649619188.35622,270428,135718.123,369145520.87967,0
1730934000000,2736.26,2743.01,2712.00,2722.49,163179.302,1730937599999,445102084.57983,231071,79485.143,216769613.63221,0
1730937600000,2722.50,2726.58,2700.31,2726.55,127492.574,1730941199999,345837887.81131,222206,61559.962,167032036.85163,0
1730941200000,2726.57,2840.00,2724.21,2815.29,721321.761,1730944799999,2017508810.78938,751493,371391.417,1038439998.42450,0
1730944800000,2815.30,2879.99,2812.44,2873.21,345144.892,1730948399999,981769680.50782,459044,194326.806,552878612.31852,0
1730948400000,2873.21,2882.56,2839.04,2854.18,360668.786,1730951999999,1031730689.84479,443834,168730.661,482794688.15404,0
1730952000000,2854.18,2856.72,2826.82,2841.20,186111.770,1730955599999,528778115.04183,259377,82318.759,233897290.86237,0
1730955600000,2841.19,2852.11,2835.50,2841.26,104929.583,1730959199999,298511813.02802,176948,50409.422,143426551.63250,0
1730959200000,2841.26,2841.60,2781.10,2804.30,358702.577,1730962799999,1007519076.27342,397430,161646.125,454082126.36817,0
1730962800000,2804.30,2827.79,2798.08,2821.63,130710.749,1730966399999,367898609.56075,200437,71548.500,201376611.31084,0
1730966400000,2821.63,2832.84,2805.46,2822.45,136656.201,1730969999999,385212582.51068,204913,68509.341,193190651.50196,0
1730970000000,2822.45,2831.17,2817.21,2823.21,82611.226,1730973599999,233354920.29758,144169,39499.015,111585932.17964,0
1730973600000,2823.22,2823.39,2806.28,2819.33,99300.010,1730977199999,279508747.32614,162297,45002.376,126684809.52855,0
1730977200000,2819.32,2826.44,2789.61,2792.99,146453.955,1730980799999,411148357.85197,176341,59314.428,166551729.00736,0
1730980800000,2793.00,2822.06,2790.43,2819.36,126489.419,1730984399999,355545557.79351,182963,70200.292,197337323.11409,0
1730984400000,2819.37,2823.80,2803.04,2805.52,94958.485,1730987999999,267254532.00282,189354,43360.165,122060189.14780,0
1730988000000,2805.53,2819.97,2772.38,2793.06,272758.817,1730991599999,763064514.61369,356914,126906.588,355098904.93312,0
1730991600000,2793.06,2850.52,2780.86,2848.14,289836.481,1730995199999,817623163.28020,408323,160616.576,453300035.37911,0
1730995200000,2848.14,2853.35,2824.55,2845.27,201530.747,1730998799999,572167554.75084,323013,93164.438,264553512.85097,0
1730998800000,2845.28,2872.46,2833.81,2861.76,232995.304,1731002399999,665957291.13101,334307,120962.892,345797071.23874,0
1731002400000,2861.78,2892.00,2836.87,2879.90,255709.118,1731005999999,732815163.00118,354192,125444.521,359771744.48059,0
1731006000000,2879.80,2895.66,2851.02,2885.99,280171.361,1731009599999,804905818.44174,443219,132190.665,379891834.18743,0
1731009600000,2886.00,2908.05,2876.57,2896.58,229764.348,1731013199999,664107739.96286,322799,109568.400,316768052.82633,0
1731013200000,2896.58,2916.56,2887.65,2891.01,192236.160,1731016799999,557948580.65577,284251,95357.572,276801151.50026,0
1731016800000,2891.01,2896.58,2864.23,2882.00,118927.480,1731020399999,342218930.79480,198975,58994.818,169771712.15924,0
1731020400000,2882.01,2903.44,2868.00,2895.76,112216.502,1731023999999,323965850.26609,203820,62698.971,181049651.73563,0
1731024000000,2895.76,2956.99,2895.58,2907.63,355267.129,1731027599999,1041157725.79791,463499,185765.364,544428004.01658,0
1731027600000,2907.63,2928.64,2896.00,2922.53,175176.386,1731031199999,510495503.30088,287661,88769.293,258775375.66123,0
1731031200000,2922.53,2928.96,2886.47,2890.26,125572.304,1731034799999,364720938.29122,235381,52244.620,151732784.21364,0
1731034800000,2890.25,2909.70,2887.01,2902.92,102307.945,1731038399999,296647437.21214,171329,53589.298,155414360.26625,0
1731038400000,2902.91,2917.47,2900.40,2902.54,69976.330,1731041999999,203478053.22964,125831,36756.625,106895462.29195,0
1731042000000,2902.54,2924.75,2901.73,2924.46,73247.200,1731045599999,213630110.57903,144874,40042.262,116801664.88588,0
1731045600000,2924.46,2924.47,2904.80,2909.43,62823.624,1731049199999,183140454.59997,124076,26495.159,77248936.08284,0
1731049200000,2909.43,2921.02,2892.61,2912.94,123672.690,1731052799999,359591511.79731,199134,58266.141,169426974.96325,0
1731052800000,2912.93,2914.37,2893.63,2900.00,104842.310,1731056399999,304187317.43404,185486,50433.851,146343033.89837,0
1731056400000,2900.00,2918.80,2898.17,2914.42,76894.202,1731059999999,223865750.90811,136668,36324.597,105739600.29460,0
1731060000000,2914.42,2933.00,2903.57,2924.79,103519.334,1731063599999,301985263.15291,159487,57992.882,169203241.83083,0
1731063600000,2924.79,2927.60,2914.72,2915.27,68219.063,1731067199999,199263640.75012,131872,25180.078,73558987.08038,0
1731067200000,2915.27,2942.00,2910.01,2937.04,143442.992,1731070799999,419908855.69614,233219,73584.306,215469624.04113,0
1731070800000,2937.04,2955.30,2925.34,2947.51,170863.047,1731074399999,502250410.58118,279841,87919.315,258540926.15821,0
1731074400000,2947.51,2958.00,2908.26,2913.46,293993.484,1731077999999,862745933.99788,404854,137787.614,404418665.45389,0
1731078000000,2913.47,2946.98,2903.25,2937.59,324911.226,1731081599999,951085143.92509,458760,158164.324,463106945.39265,0
1731081600000,2937.60,2945.73,2904.72,2906.35,257542.586,1731085199999,752368900.17069,327353,120504.864,352159611.50864,0
1731085200000,2906.35,2926.50,2890.04,2919.66,248517.072,1731088799999,722137885.35441,315261,126759.146,368381201.01074,0
1731088800000,2919.65,2973.00,2915.44,2958.37,327095.464,1731092399999,964653617.65238,364459,176600.826,520889754.89865,0
1731092400000,2958.36,2982.75,2950.00,2950.00,223985.414,1731095999999,663830687.95270,335100,109067.707,323321322.94943,0
1731096000000,2950.00,2958.83,2924.85,2934.98,158726.700,1731099599999,466860746.23070,261160,71748.872,211023413.14624,0
1731099600000,2934.99,2942.82,2915.13,2942.11,100427.799,1731103199999,294215146.92014,158677,54933.932,160989222.88405,0
1731103200000,2942.10,2975.88,2940.30,2959.20,132856.815,1731106799999,393029882.41509,187029,71649.972,211956473.09640,0
1731106800000,2959.19,2962.67,2952.74,2962.12,46285.892,1731110399999,136901633.57088,96362,22846.434,67577995.33651,0
1731110400000,2962.12,2994.80,2954.63,2982.44,185802.970,1731113999999,553437685.22302,230181,90613.611,269977513.01260,0
1731114000000,2982.44,2996.00,2976.01,2986.57,146025.098,1731117599999,436070510.35942,240604,67649.949,202078257.09677,0
1731117600000,2986.56,2987.32,2962.04,2975.57,111069.226,1731121199999,330179053.69021,188059,48750.990,144932190.47211,0
1731121200000,2975.80,2980.36,2961.81,2965.50,45419.847,1731124799999,134861058.39069,102858,19303.921,57323333.21708,0
1731124800000,2965.51,2974.52,2954.10,2972.18,93503.559,1731128399999,277292225.14815,115057,50214.225,148971180.13228,0
1731128400000,2972.17,3052.24,2969.00,3040.10,432549.071,1731131999999,1305881154.91089,416600,241061.465,727556664.95000,0
1731132000000,3040.10,3059.91,3030.32,3037.31,299038.001,1731135599999,910975854.05885,338842,130611.010,397944568.46053,0
1731135600000,3037.32,3043.43,3020.72,3030.60,122795.825,1731139199999,372108582.74310,167193,58422.654,177057507.59237,0
1731139200000,3030.61,3035.00,3021.51,3025.88,102777.270,1731142799999,311224836.95567,150386,48077.310,145607637.46830,0
1731142800000,3025.87,3049.72,3025.61,3046.24,112304.198,1731146399999,341482691.12885,173911,60111.966,182777948.88002,0
1731146400000,3046.24,3056.59,3039.59,3049.20,117112.080,1731149999999,356987215.81077,177656,56906.034,173505134.24231,0
1731150000000,3049.22,3055.83,3044.91,3051.53,71853.720,1731153599999,219252641.45439,141207,35102.479,107124721.79644,0
1731153600000,3051.53,3054.40,3030.00,3031.84,116740.148,1731157199999,354931105.94688,164278,45559.488,138491187.82764,0
1731157200000,3031.83,3053.06,3031.83,3046.70,65608.331,1731160799999,199642914.90645,121715,35622.470,108394037.10636,0
1731160800000,3046.70,3047.00,3028.01,3041.37,101944.158,1731164399999,309583807.12127,156644,44072.391,133844118.34333,0
1731164400000,3041.36,3049.93,3031.41,3041.01,72634.894,1731167999999,220858686.37648,124912,35015.487,106486121.10832,0
1731168000000,3041.00,3044.96,3020.02,3028.86,111040.774,1731171599999,336414632.49346,172559,52953.870,160463362.04165,0
1731171600000,3028.86,3037.33,2990.01,3037.33,294337.452,1731175199999,886647377.56232,328026,145772.148,439277082.00112,0
1731175200000,3037.33,3051.15,3031.53,3049.92,96952.458,1731178799999,294862287.83092,154343,49201.981,149645805.71001,0
1731178800000,3049.91,3099.58,3048.69,3070.70,336370.376,1731182399999,1034546181.54479,400301,180006.214,553643782.66035,0
1731182400000,3070.71,3091.35,3066.00,3086.83,90316.403,1731185999999,278352818.94389,157204,45067.127,138889089.71634,0
1731186000000,3086.83,3087.56,3072.78,3077.14,59789.980,1731189599999,184049675.85174,112934,24907.419,76678643.22763,0
1731189600000,3077.14,3144.00,3073.32,3134.98,234777.869,1731193199999,730832124.95260,282637,135053.833,420387632.24274,0
1731193200000,3134.97,3158.66,3118.02,3127.03,252553.536,1731196799999,793295486.86176,380710,129529.022,407001709.32426,0
1731196800000,3127.02,3134.78,3111.36,3122.00,179898.189,1731200399999,561494223.31275,260972,87132.433,272003647.69889,0
1731200400000,3121.99,3123.67,3104.08,3119.50,104454.605,1731203999999,325191480.62093,207057,46098.797,143522601.98394,0
1731204000000,3119.50,3153.33,3119.06,3127.23,184304.264,1731207599999,578493800.21429,275822,93240.250,292657872.32727,0
1731207600000,3127.24,3144.84,3118.00,3135.27,103151.249,1731211199999,323245706.79978,174539,48421.289,151753623.58754,0
1731211200000,3135.26,3191.86,3130.50,3183.58,303891.187,1731214799999,962973397.99826,383209,173658.825,550279934.89022,0
1731214800000,3183.57,3220.00,3169.00,3183.77,513487.814,1731218399999,1641712149.03614,608199,258223.853,825838974.73179,0
1731218400000,3183.80,3185.50,3165.30,3180.80,196482.600,1731221999999,623818262.39530,288723,100726.165,319842947.67848,0
1731222000000,3180.79,3204.88,3179.78,3187.08,155097.365,1731225599999,495002313.00715,207833,80610.702,257305889.58656,0
1731225600000,3187.08,3192.00,3168.00,3183.40,125201.606,1731229199999,398375355.46315,178136,51857.286,165039074.85802,0
1731229200000,3183.41,3201.66,3181.00,3188.85,106992.150,1731232799999,341482122.15045,172129,55591.060,177449593.11977,0
1731232800000,3188.85,3215.40,3185.20,3202.35,222034.811,1731236399999,711099859.96893,308955,113617.488,363826518.75081,0
1731236400000,3202.35,3236.14,3193.11,3223.12,255139.784,1731239999999,820290861.26410,365857,133151.241,428128883.81302,0
1731240000000,3223.12,3241.00,3181.67,3198.20,295301.845,1731243599999,946128684.07128,450567,129854.505,416156703.72206,0
1731243600000,3198.20,3210.72,3193.73,3204.31,90612.937,1731247199999,290337570.53727,214018,44728.782,143321510.67482,0
1731247200000,3204.31,3211.73,3170.56,3198.12,237665.063,1731250799999,758000066.88675,365592,110359.146,352009331.39887,0
1731250800000,3198.12,3212.77,3188.16,3212.17,144076.881,1731254399999,461415175.56865,297519,68670.432,219971287.71324,0
1731254400000,3212.17,3225.58,3193.29,3214.65,159710.117,1731257999999,512714915.60990,276285,76197.281,244642477.77634,0
1731258000000,3214.60,3244.93,3208.35,3212.81,211083.501,1731261599999,680990009.68272,321529,107237.916,345993871.59727,0
1731261600000,3212.81,3252.28,3212.00,3220.20,281530.493,1731265199999,910206050.98863,440003,133328.272,431175368.24396,0
1731265200000,3220.20,3235.87,3150.50,3164.99,383836.322,1731268799999,1223374241.62932,474697,166068.901,529495182.13935,0
1731268800000,3164.99,3186.01,3118.00,3120.86,380829.973,1731272399999,1200107421.26173,518474,170452.890,537442615.18994,0
1731272400000,3120.86,3188.86,3073.86,3171.26,518224.675,1731275999999,1620264933.60771,683204,259184.563,810968700.07571,0
1731276000000,3171.26,3228.99,3150.01,3186.19,335548.793,1731279599999,1070073618.49150,514942,160986.380,513531416.30149,0
1731279600000,3186.20,3198.40,3173.62,3185.19,126972.660,1731283199999,404603849.95181,331199,62026.841,197714149.23071,0
1731283200000,3185.19,3208.00,3176.68,3196.13,129116.446,1731286799999,412178764.37536,347215,64632.993,206397260.47722,0
1731286800000,3196.14,3224.91,3185.19,3201.43,156659.852,1731290399999,502492909.58552,327408,74367.578,238584488.11838,0
1731290400000,3201.44,3216.31,3194.00,3204.63,91279.046,1731293999999,292607218.60072,235018,45612.424,146212349.61421,0
1731294000000,3204.63,3205.67,3172.87,3197.12,142784.515,1731297599999,455480535.57233,246715,67423.716,215126546.77769,0
1731297600000,3197.11,3199.38,3164.87,3182.32,95993.204,1731301199999,305252195.66878,177632,43070.506,136973091.47004,0
1731301200000,3182.31,3186.21,3107.15,3132.10,319976.893,1731304799999,1005229019.73316,418201,141690.910,445173494.72270,0
1731304800000,3132.09,3151.74,3118.68,3139.79,199844.224,1731308399999,626998060.59494,337975,98851.917,310256039.88531,0
1731308400000,3139.79,3147.90,3128.65,3141.58,78475.353,1731311999999,246299876.13977,208925,39368.371,123580057.60829,0
1731312000000,3141.59,3154.60,3133.36,3150.72,89457.323,1731315599999,281393802.13938,188811,43201.088,135901854.22032,0
1731315600000,3150.72,3186.74,3143.43,3175.64,171682.633,1731319199999,543582908.75593,261569,91278.937,289070840.04295,0
1731319200000,3175.65,3214.69,3172.01,3193.07,228901.614,1731322799999,731290591.89597,360547,116483.827,372217853.65696,0
1731322800000,3193.07,3206.40,3182.06,3199.92,112857.750,1731326399999,360467206.31975,202023,53582.217,171184871.17491,0
1731326400000,3199.93,3210.74,3142.14,3174.24,347916.907,1731329999999,1105198644.97120,426239,156608.345,497755193.17746,0
1731330000000,3174.25,3178.50,3140.58,3154.09,263568.956,1731333599999,831997762.38193,330234,129969.140,410348967.96716,0
1731333600000,3154.10,3193.70,3146.08,3185.00,358549.109,1731337199999,1136258603.91216,479587,193735.332,614076661.75837,0
1731337200000,3184.99,3265.12,3176.07,3240.64,616323.830,1731340799999,1988985098.95486,778368,328476.669,1060190666.05309,0
1731340800000,3240.63,3321.73,3236.26,3280.26,705253.866,1731344399999,2314417223.34427,846087,351605.731,1154129713.70844,0
1731344400000,3280.26,3324.18,3279.19,3296.72,278339.375,1731347999999,919265109.23974,483659,132430.079,437457262.44723,0
1731348000000,3296.73,3331.69,3273.23,3325.70,244264.816,1731351599999,807012483.09601,415441,121786.564,402567709.93738,0
1731351600000,3325.61,3349.58,3296.00,3301.56,310215.122,1731355199999,1029633767.58147,473458,149405.236,496124577.75898,0
1731355200000,3301.55,3371.77,3293.00,3355.36,359510.427,1731358799999,1198799168.02770,475454,185869.772,619888436.96503,0
1731358800000,3355.35,3367.64,3317.23,3324.96,251002.903,1731362399999,838531297.46327,447460,113079.635,377835138.25237,0
1731362400000,3324.97,3344.99,3281.37,3343.72,233615.346,1731365999999,773510704.85518,345052,115958.499,384134211.30259,0
1731366000000,3343.73,3392.06,3337.86,3375.02,461960.490,1731369599999,1555377054.13724,592380,231998.705,781395361.33243,0
1731369600000,3375.02,3378.18,3250.01,3346.05,489447.505,1731373199999,1620782539.90199,701361,230997.882,764984727.84817,0
1731373200000,3346.05,3349.96,3301.25,3321.13,276057.539,1731376799999,917808431.83696,474909,125712.531,418053126.45133,0
1731376800000,3321.12,3339.12,3285.01,3309.99,246830.969,1731380399999,818365871.59696,445470,125626.270,416696579.31055,0
1731380400000,3309.99,3343.31,3296.50,3340.71,192800.730,1731383999999,641024962.41764,322693,103810.821,345307426.88204,0
1731384000000,3340.66,3356.00,3320.39,3330.37,210973.981,1731387599999,704894645.85127,330253,101205.698,338268238.98163,0
1731387600000,3330.38,3352.00,3320.40,3332.72,131119.854,1731391199999,437358887.03913,283221,68432.839,228305153.06477,0
1731391200000,3332.72,3399.32,3325.00,3383.04,272310.884,1731394799999,916948039.81532,368279,152790.450,514660976.13402,0
1731394800000,3383.04,3386.61,3351.13,3372.03,211166.562,1731398399999,711387748.89172,351800,102939.379,346791167.57390,0
1731398400000,3372.02,3433.92,3365.00,3426.36,294186.257,1731401999999,998688027.60765,429729,156623.440,532066671.54362,0
1731402000000,3426.37,3449.00,3353.12,3363.15,510096.645,1731405599999,1735588922.45086,680785,239775.872,816048804.95976,0
1731405600000,3363.15,3379.63,3214.00,3286.68,935523.055,1731409199999,3092252203.95109,1047380,436419.090,1443811869.14508,0
1731409200000,3285.95,3318.67,3262.68,3285.43,424633.758,1731412799999,1397846588.36278,597748,202887.678,667885682.69765,0
1731412800000,3285.43,3300.02,3227.00,3254.03,349854.343,1731416399999,1141103234.32413,499529,168749.999,550572320.57143,0
1731416400000,3254.03,3277.99,3211.54,3265.66,427817.263,1731419999999,1388413812.15438,558774,199115.774,646554851.27330,0
1731420000000,3265.65,3294.53,3230.88,3287.85,382735.749,1731423599999,1250881669.28340,567799,196247.933,641568743.84940,0
1731423600000,3287.72,3294.91,3252.21,3263.40,250818.815,1731427199999,820930699.16002,436516,127432.935,417236976.20837,0
1731427200000,3263.40,3275.65,3211.15,3255.90,353653.763,1731430799999,1147369126.60272,486703,173894.283,564234789.21136,0
1731430800000,3255.89,3274.22,3228.78,3230.76,156223.130,1731434399999,508626814.14629,274308,77084.976,251075614.90722,0
1731434400000,3230.76,3291.86,3228.60,3284.76,145482.832,1731437999999,475578544.96506,272712,78882.364,257826134.09274,0
1731438000000,3284.77,3306.00,3272.50,3275.36,164963.223,1731441599999,542536730.55426,310422,76562.655,251884890.29986,0
1731441600000,3275.36,3307.23,3260.11,3287.98,123801.522,1731445199999,406594184.60222,247573,65302.460,214502839.33256,0
1731445200000,3287.88,3293.90,3251.95,3280.54,132267.713,1731448799999,433183200.99149,238549,55314.688,181133484.37272,0
1731448800000,3280.57,3293.98,3255.03,3290.60,88655.570,1731452399999,290324751.61505,172214,40628.619,133030676.15945,0
1731452400000,3290.59,3290.60,3237.21,3245.98,127538.831,1731455999999,415296605.96845,257680,57758.915,188061756.14856,0
1731456000000,3245.99,3269.98,3223.00,3251.47,146270.579,1731459599999,475049909.88340,318782,72000.333,233869285.09307,0
1731459600000,3251.46,3288.73,3241.81,3273.88,266016.493,1731463199999,869783182.84435,359633,118035.295,385891363.75507,0
1731463200000,3273.89,3279.80,3210.00,3255.15,216874.340,1731466799999,701816247.88574,333285,106423.206,344407325.16588,0
1731466800000,3255.15,3261.42,3205.34,3210.61,142483.879,1731470399999,460770816.34339,289180,65929.422,213208138.89792,0
1731470400000,3210.61,3233.40,3151.32,3192.39,385931.567,1731473999999,1230838592.98073,493788,169451.703,540572791.14162,0
1731474000000,3192.40,3193.14,3135.17,3143.86,206794.958,1731477599999,654052105.05379,356669,94126.367,297753012.99300,0
1731477600000,3143.85,3159.00,3120.00,3129.28,213524.883,1731481199999,670040788.70515,327209,97693.493,306620262.70600,0
1731481200000,3129.27,3166.30,3129.00,3162.99,203654.218,1731484799999,641038807.04615,303210,112026.346,352708981.70802,0
1731484800000,3163.00,3184.56,3146.01,3161.43,167230.442,1731488399999,529392712.22380,273430,78253.480,247865778.88860,0
1731488400000,3161.42,3172.71,3144.17,3164.37,106877.548,1731491999999,337711539.16866,210208,53411.357,168780685.77499,0
1731492000000,3164.38,3171.01,3144.62,3169.33,144681.944,1731495599999,456906159.76383,213772,69137.655,218368476.34436,0
1731495600000,3169.34,3193.79,3165.72,3169.66,128865.800,1731499199999,409741465.43947,220743,61205.727,194632940.36784,0
1731499200000,3169.66,3180.64,3153.84,3166.01,117349.102,1731502799999,371722878.39067,199329,55809.230,176835761.96370,0
1731502800000,3166.00,3244.00,3157.00,3217.68,434236.571,1731506399999,1390495888.01810,546844,228438.806,731652456.63655,0
1731506400000,3217.68,3331.20,3196.16,3321.96,598591.699,1731509999999,1958091040.04128,835611,294970.953,965235202.59164,0
1731510000000,3321.96,3322.25,3262.56,3312.05,409407.810,1731513599999,1349720384.35616,674129,200207.638,660132501.01059,0
1731513600000,3312.05,3335.00,3260.64,3287.30,396735.989,1731517199999,1309069301.60859,600974,184467.490,608857516.31125,0
1731517200000,3287.30,3306.69,3265.08,3276.61,175195.427,1731520799999,575348981.01597,361572,88498.156,290640759.52176,0
1731520800000,3276.61,3288.90,3255.03,3272.49,134373.439,1731524399999,440163111.01211,301959,68352.236,223961102.40958,0
1731524400000,3272.50,3275.57,3156.00,3160.21,583856.043,1731527999999,1867178316.34944,758909,261676.209,836635992.85707,0
1731528000000,3160.20,3199.77,3128.00,3170.06,272828.251,1731531599999,863556721.46399,467777,131943.444,417804521.76552,0
1731531600000,3170.01,3174.16,3120.00,3153.79,290079.502,1731535199999,912517837.94668,465917,136867.833,430640540.78297,0
1731535200000,3153.79,3189.54,3142.65,3181.72,90064.660,1731538799999,285863010.30212,179516,46132.846,146375214.87907,0
1731538800000,3181.72,3198.07,3161.72,3188.90,113707.743,1731542399999,362044572.05994,214313,54929.324,174944536.56493,0
1731542400000,3188.90,3207.83,3180.63,3181.99,115745.008,1731545999999,369552686.72567,258758,62507.093,199587479.43664,0
1731546000000,3181.99,3219.53,3164.87,3217.25,157934.756,1731549599999,503420890.05453,306181,79087.179,252241048.85177,0
1731549600000,3217.24,3229.91,3184.19,3212.16,145818.408,1731553199999,467687238.86712,287697,74776.835,239870597.69344,0
1731553200000,3212.15,3220.94,3182.00,3219.56,104254.886,1731556799999,333671278.97416,198267,55999.100,179303129.92160,0
1731556800000,3219.56,3242.31,3206.51,3238.24,137963.477,1731560399999,444954640.42282,241308,70406.153,227104227.43111,0
1731560400000,3238.25,3238.25,3215.14,3224.53,60815.194,1731563999999,196045103.27176,145595,27815.022,89659555.38942,0
1731564000000,3224.53,3241.64,3186.99,3187.51,118171.718,1731567599999,380075337.59356,185809,49219.171,158356150.17301,0
1731567600000,3187.64,3226.99,3175.61,3219.66,176546.879,1731571199999,564537220.95736,286129,96217.483,307731719.11178,0
1731571200000,3219.65,3232.97,3195.05,3204.54,122531.718,1731574799999,393996512.55265,252595,54658.387,175786151.78055,0
1731574800000,3204.53,3219.64,3195.66,3205.99,82491.422,1731578399999,264492100.99721,180323,40083.126,128558538.63423,0
1731578400000,3205.94,3222.69,3180.63,3182.12,129994.394,1731581999999,416048615.38880,225478,58558.215,187471700.96226,0
1731582000000,3182.12,3192.95,3156.00,3187.09,242351.931,1731585599999,769083696.02705,365832,115481.148,366642817.17792,0
1731585600000,3187.08,3195.82,3177.75,3184.33,92200.528,1731589199999,293798518.25546,213601,47149.169,150259235.95150,0
1731589200000,3184.32,3200.88,3160.00,3168.67,169879.530,1731592799999,540709104.82354,308626,79730.311,253892872.80083,0
1731592800000,3168.67,3197.28,3109.11,3110.91,497317.559,1731596399999,1565219230.28191,610067,213835.960,673594339.93190,0
1731596400000,3110.90,3129.80,3057.14,3079.25,454517.661,1731599999999,1406025481.40860,691971,208083.984,644087472.32966,0
1731600000000,3079.24,3184.10,3072.52,3172.77,368339.734,1731603599999,1151542176.98485,505567,212946.717,665849552.17563,0
1731603600000,3172.78,3173.50,3124.88,3132.01,195778.166,1731607199999,615685253.84664,302317,90052.857,283152089.18483,0
1731607200000,3132.01,3146.24,3125.00,3134.43,82727.548,1731610799999,259411531.91751,191508,39243.742,123063411.29045,0
1731610800000,3134.42,3151.41,3129.31,3147.72,58573.611,1731614399999,183973732.22026,162569,29907.284,93939933.37897,0
1731614400000,3147.72,3147.72,3096.09,3101.14,176787.006,1731617999999,550706356.35777,317975,79793.145,248564929.22735,0
1731618000000,3101.14,3122.92,3084.32,3121.00,118439.549,1731621599999,367680043.07557,237060,55025.807,170883096.35365,0
1731621600000,3121.00,3124.31,3069.01,3089.56,123343.830,1731625199999,382002889.38363,231927,53383.770,165448339.79325,0
1731625200000,3089.55,3096.68,3031.60,3061.03,244862.286,1731628799999,749356603.27711,445184,112923.356,345818554.54835,0
1731628800000,3061.04,3095.31,3058.31,3063.25,142540.618,1731632399999,438926939.88107,271529,69505.067,214006331.91989,0
1731632400000,3063.25,3080.99,3035.74,3066.43,141350.722,1731635999999,432296671.55486,326478,69878.902,213745589.39165,0
1731636000000,3066.43,3087.35,3050.31,3083.55,75251.900,1731639599999,231053084.31662,207873,38555.593,118407723.25840,0
1731639600000,3083.56,3092.39,3070.20,3084.85,61451.830,1731643199999,189372772.35469,138936,29611.996,91269561.69858,0
1731643200000,3084.84,3084.84,3016.11,3027.49,203313.416,1731646799999,618018693.85856,312730,82538.323,250918994.27019,0
1731646800000,3027.48,3061.67,3018.63,3058.50,111021.255,1731650399999,337954106.75115,266153,53583.674,163043420.57078,0
1731650400000,3058.51,3074.75,3046.00,3065.88,89451.999,1731653999999,273851248.08967,175968,46757.892,143151764.67844,0
1731654000000,3065.88,3075.62,3040.46,3041.19,114660.858,1731657599999,350782533.08251,183096,48485.366,148321701.14859,0
1731657600000,3041.19,3074.81,3023.21,3071.75,147077.202,1731661199999,448532320.50853,251470,78063.793,238055302.00461,0
1731661200000,3071.75,3116.32,3070.51,3098.08,203991.546,1731664799999,631510835.98389,310427,111928.500,346558929.26824,0
1731664800000,3098.09,3111.80,3090.01,3102.45,91794.045,1731668399999,284657014.74274,166035,49736.203,154285195.67550,0
1731668400000,3102.45,3108.16,3086.07,3105.91,92225.318,1731671999999,285656251.38100,164671,45784.965,141837572.13392,0
1731672000000,3105.91,3133.68,3088.05,3105.73,192029.610,1731675599999,597059362.75776,289001,99090.244,308149400.83525,0
1731675600000,3105.73,3116.32,3081.31,3104.61,146563.845,1731679199999,454589658.35565,245452,68714.441,213128850.65758,0
1731679200000,3104.61,3109.30,3044.30,3061.10,301321.941,1731682799999,925443579.69876,438799,147701.169,453744142.98290,0
1731682800000,3061.11,3063.26,3016.50,3025.07,296732.366,1731686399999,900552776.62926,480751,136607.910,414611125.41829,0
1731686400000,3025.07,3051.90,3016.87,3036.75,195569.089,1731689999999,593759021.86382,356318,99120.151,300951057.78044,0
1731690000000,3036.76,3057.71,3033.33,3038.30,116816.133,1731693599999,355809598.46538,235194,59063.008,179908981.97195,0
1731693600000,3038.29,3048.00,3019.30,3022.58,102236.383,1731697199999,309874206.68131,232073,49412.124,149798548.76012,0
1731697200000,3022.58,3063.00,3017.29,3042.01,132869.372,1731700799999,404447551.03799,235535,70034.874,213176785.47882,0
1731700800000,3042.02,3093.32,3040.60,3092.40,214110.134,1731704399999,657663584.62893,308453,117686.483,361467853.59436,0
1731704400000,3092.40,3102.69,3079.84,3092.10,130781.134,1731707999999,404211632.94451,221090,59350.480,183463020.79629,0
1731708000000,3092.10,3122.99,3083.57,3102.60,125794.728,1731711599999,390307475.72711,192763,61588.116,191134188.76208,0
1731711600000,3102.60,3114.00,3088.37,3091.75,88588.920,1731715199999,274639608.19476,156657,38872.967,120545853.46038,0
1731715200000,3091.75,3092.22,3073.47,3086.66,86128.742,1731718799999,265469620.26182,180203,42027.267,129540186.76213,0
1731718800000,3086.66,3113.60,3083.79,3100.09,84007.438,1731722399999,260612107.87634,163911,43370.659,134569272.58305,0
1731722400000,3100.09,3125.00,3096.01,3112.45,63930.981,1731725999999,199009200.15195,147048,35532.463,110625507.76922,0
1731726000000,3112.44,3159.30,3110.08,3156.49,117394.293,1731729599999,367981707.76302,218438,64714.530,202889667.65988,0
1731729600000,3156.49,3167.20,3128.51,3135.53,101230.321,1731733199999,318348811.79022,185210,42643.695,134122261.84036,0
1731733200000,3135.54,3138.54,3125.70,3131.80,74174.660,1731736799999,232264057.38730,137810,35629.780,111572673.71813,0
1731736800000,3131.80,3133.44,3112.06,3115.78,78477.150,1731740399999,245059876.56666,138627,33096.247,103372679.29815,0
1731740400000,3115.78,3124.67,3103.00,3108.59,72805.987,1731743999999,226629833.21009,123578,34874.253,108566738.69152,0
1731744000000,3108.59,3123.00,3105.05,3122.06,54933.571,1731747599999,171142878.74176,108506,30383.888,94668155.28836,0
1731747600000,3122.06,3129.00,3108.14,3118.79,67075.337,1731751199999,209315240.43428,147379,32080.029,100115398.59169,0
1731751200000,3118.79,3136.48,3114.96,3128.80,58702.077,1731754799999,183591590.89808,127953,27901.744,87275171.27221,0
1731754800000,3128.80,3197.70,3123.61,3197.38,279053.857,1731758399999,883212150.87180,368406,149379.503,472856277.67679,0
1731758400000,3197.38,3222.69,3167.80,3177.86,386687.905,1731761999999,1235280119.36888,486329,174790.912,558615769.86688,0
1731762000000,3177.86,3191.71,3160.20,3174.94,129122.918,1731765599999,410159183.15400,225772,63441.146,201499537.55528,0
1731765600000,3174.95,3185.00,3158.08,3170.55,108695.539,1731769199999,344589317.38201,213468,52512.494,166490855.00364,0
1731769200000,3170.55,3173.53,3121.11,3143.18,233952.906,1731772799999,736063056.07048,356964,106380.654,334750927.50174,0
1731772800000,3143.18,3159.77,3130.30,3147.22,104760.735,1731776399999,329580354.82314,220359,53326.276,167761694.95492,0
1731776400000,3147.21,3178.03,3142.79,3169.01,79421.113,1731779999999,251241037.05600,157717,41537.045,131389712.33669,0
1731780000000,3169.01,3184.00,3165.18,3182.32,62822.881,1731783599999,199536063.72920,120400,30467.758,96777693.13768,0
1731783600000,3182.32,3186.81,3165.75,3170.89,53102.739,1731787199999,168612484.40820,107633,20838.602,66173917.68491,0
1731787200000,3170.89,3176.92,3146.00,3151.79,79406.903,1731790799999,250773403.13928,143979,32426.680,102435251.54624,0
1731790800000,3151.80,3161.45,3149.18,3156.48,27254.481,1731794399999,86018665.74281,92123,16311.728,51478926.29920,0
1731794400000,3156.48,3166.82,3134.00,3134.76,42710.130,1731797999999,134595103.10570,84809,17141.654,54063658.65849,0
1731798000000,3134.77,3148.26,3123.04,3134.72,71470.072,1731801599999,224078589.01013,178712,33876.153,106235252.80031,0
1731801600000,3134.71,3155.88,3132.81,3150.94,57347.055,1731805199999,180383878.98034,164449,31359.783,98640309.90257,0
1731805200000,3150.93,3150.94,3074.01,3086.43,205672.744,1731808799999,638813601.69739,329674,80765.291,250775310.30482,0
1731808800000,3086.43,3086.43,3035.00,3067.03,274405.729,1731812399999,838466229.32012,447398,130685.875,399426342.99216,0
1731812400000,3067.02,3082.22,3054.25,3081.83,85896.159,1731815999999,263654542.06648,173307,41456.717,127267649.66472,0
1731816000000,3081.82,3138.60,3077.25,3128.36,209592.529,1731819599999,651547877.31807,329603,110978.913,344980014.70489,0
1731819600000,3128.35,3137.37,3095.09,3105.20,127556.568,1731823199999,397034996.05546,208391,56212.390,174997951.28631,0
1731823200000,3105.20,3143.70,3103.87,3136.18,81705.146,1731826799999,255353776.12846,159175,44744.614,139837018.83322,0
1731826800000,3136.18,3149.98,3122.23,3139.22,86214.453,1731830399999,270469641.60167,165187,38811.198,121775421.86131,0
1731830400000,3139.22,3164.60,3132.01,3147.61,159848.247,1731833999999,503770334.37366,228568,83361.812,262751292.35797,0
1731834000000,3147.60,3164.80,3133.64,3142.47,95046.565,1731837599999,299150964.22484,179631,46638.303,146831925.34930,0
1731837600000,3142.47,3154.13,3132.07,3140.55,73512.928,1731841199999,231076411.97686,138055,31909.958,100326514.14587,0
1731841200000,3140.54,3141.08,3100.47,3107.80,196714.594,1731844799999,613011244.26300,266092,86693.805,270158438.89491,0
1731844800000,3107.80,3129.23,3103.07,3123.82,79484.973,1731848399999,247861764.86486,160256,41067.011,128063053.89733,0
1731848400000,3123.82,3124.56,3079.00,3106.05,185157.746,1731851999999,574557535.36540,281829,80960.147,251380231.56210,0
1731852000000,3106.05,3114.24,3068.07,3090.20,168075.376,1731855599999,519071800.39755,264398,71761.758,221773314.41733,0
1731855600000,3090.20,3104.74,3080.00,3088.25,86025.645,1731859199999,266065535.59198,167772,44551.550,137846959.68985,0
1731859200000,3088.26,3100.49,3073.25,3095.08,74176.892,1731862799999,229038740.32601,162832,37863.918,116952595.15786,0
1731862800000,3095.08,3117.77,3083.17,3108.97,103635.401,1731866399999,321706324.16903,176518,56873.769,176531558.45501,0
1731866400000,3108.97,3110.39,3073.86,3083.07,111836.272,1731869999999,345270840.28899,199533,51774.570,159798537.53064,0
1731870000000,3083.06,3100.48,3073.88,3100.31,82763.397,1731873599999,255562732.00390,166244,42060.032,129897315.29691,0
1731873600000,3100.31,3109.67,3060.03,3075.63,109301.328,1731877199999,336837692.21088,200676,46928.356,144665647.34698,0
1731877200000,3075.63,3088.84,3055.48,3064.47,90592.318,1731880799999,278422101.05518,175960,40886.613,125691064.17962,0
1731880800000,3064.46,3092.33,3043.38,3069.94,169090.827,1731884399999,518792797.87430,232525,85585.830,262719776.43446,0
1731884400000,3069.93,3080.55,3052.00,3078.09,89697.417,1731887999999,275117331.80558,184075,46657.158,143111320.60126,0
1731888000000,3078.09,3126.62,3071.37,3100.08,158611.854,1731891599999,491962851.24387,282936,79271.812,245830356.11834,0
1731891600000,3100.08,3124.52,3094.64,3117.66,95181.132,1731895199999,296143648.03360,215348,48217.808,150021381.00415,0
1731895200000,3117.67,3127.00,3106.69,3113.21,66012.106,1731898799999,205863124.55202,166708,32512.492,101403183.57615,0
1731898800000,3113.22,3115.18,3096.60,3114.72,61411.572,1731902399999,190705016.76132,132263,28124.238,87338023.20690,0
1731902400000,3114.73,3119.08,3098.05,3103.23,50684.844,1731905999999,157511387.69909,104917,20833.569,64753335.10962,0
1731906000000,3103.22,3121.54,3099.07,3121.13,57713.300,1731909599999,179641153.09956,115275,31670.268,98592326.94552,0
1731909600000,3121.13,3151.07,3115.27,3149.57,176954.466,1731913199999,554975466.41312,258661,97680.466,306381454.84191,0
1731913200000,3149.56,3153.15,3125.75,3133.35,91625.591,1731916799999,287488301.91918,189202,45889.850,143972758.26433,0
1731916800000,3133.36,3143.55,3118.38,3124.61,104599.842,1731920399999,327285481.81282,169515,48823.142,152787026.49855,0
1731920400000,3124.60,3126.44,3104.00,3110.01,136943.058,1731923999999,426597726.46278,191346,62413.977,194444705.11033,0
1731924000000,3110.00,3127.53,3108.28,3118.20,73866.719,1731927599999,230417253.90436,129195,38582.019,120353335.80221,0
1731927600000,3118.21,3120.14,3051.50,3058.16,312491.240,1731931199999,961760318.53129,415645,126694.956,389954601.03032,0
1731931200000,3058.17,3091.97,3055.96,3088.47,166610.074,1731934799999,512394942.24544,263380,85820.976,263907065.07282,0
1731934800000,3088.46,3090.63,3053.35,3069.30,215201.559,1731938399999,660534856.16901,327144,92743.444,284685691.94148,0
1731938400000,3069.30,3110.94,3060.16,3089.51,252605.920,1731941999999,781233691.23144,403200,126580.209,391440328.35270,0
1731942000000,3089.51,3160.60,3085.52,3146.14,316821.746,1731945599999,991769716.01048,433362,168769.022,528378465.82784,0
1731945600000,3146.13,3190.98,3137.17,3171.68,346770.709,1731949199999,1098993547.60532,519407,172868.039,547844589.87927,0
1731949200000,3171.67,3194.99,3155.33,3178.38,209753.330,1731952799999,665817538.93088,321999,107736.794,342050219.64536,0
1731952800000,3178.40,3205.00,3159.01,3167.50,242405.008,1731956399999,771690543.81257,353407,121284.993,386206116.77606,0
1731956400000,3167.51,3171.59,3091.96,3129.30,298790.116,1731959999999,933713278.58594,443215,139861.521,436991027.86043,0
1731960000000,3129.30,3193.05,3124.47,3157.36,277837.365,1731963599999,879064828.77404,405266,138922.103,439442903.71745,0
1731963600000,3157.36,3174.16,3146.16,3149.94,86660.714,1731967199999,274034994.49760,177740,42623.289,134814940.16984,0
1731967200000,3149.94,3166.56,3148.69,3151.40,54191.373,1731970799999,171174934.53117,101105,25416.272,80286709.79028,0
1731970800000,3151.40,3228.00,3142.60,3210.48,286780.731,1731974399999,913354189.20531,491281,177130.568,563785529.31925,0
1731974400000,3210.48,3224.83,3156.34,3158.21,269666.779,1731977999999,858786002.32117,440475,102122.794,325396826.59600,0
1731978000000,3158.21,3166.00,3144.32,3145.95,154204.264,1731981599999,486524270.10564,236106,73105.223,230694484.24328,0
1731981600000,3145.95,3163.19,3145.43,3159.51,49456.795,1731985199999,156119476.14116,126632,27316.856,86234609.91861,0
1731985200000,3159.52,3161.81,3147.46,3150.89,49189.637,1731988799999,155179736.24674,112683,21763.995,68655979.99616,0
1731988800000,3150.89,3161.92,3121.64,3132.11,118775.669,1731992399999,373084449.56245,192782,45204.053,142012773.96481,0
1731992400000,3132.12,3143.58,3115.59,3137.43,96371.014,1731995999999,301701900.69099,168062,45333.211,141968689.42874,0
1731996000000,3137.41,3137.41,3118.23,3132.77,57016.006,1731999599999,178366856.69721,120005,25295.703,79136532.03960,0
1731999600000,3132.77,3133.28,3110.31,3120.42,101729.019,1732003199999,317725141.59796,156866,50953.120,159152925.21125,0
1732003200000,3120.42,3130.25,3105.42,3121.33,86897.756,1732006799999,270852697.53825,167719,43159.461,134549251.42043,0
1732006800000,3121.34,3129.78,3093.01,3112.62,144043.770,1732010399999,447820304.51510,239196,64496.483,200573882.61095,0
1732010400000,3112.62,3125.10,3103.00,3122.37,77179.864,1732013999999,240538138.63075,139190,39719.364,123832834.57204,0
1732014000000,3122.37,3132.43,3113.39,3128.58,77725.082,1732017599999,242853537.80117,132120,39174.007,122425918.50521,0
1732017600000,3128.57,3152.53,3128.54,3134.32,118138.718,1732021199999,371012258.49384,212194,58642.551,184185877.57869,0
1732021200000,3134.31,3137.59,3080.00,3083.60,255583.070,1732024799999,794644234.71443,359204,105978.188,329710812.74004,0
1732024800000,3083.60,3121.68,3076.95,3098.40,280199.543,1732028399999,868274877.89966,419086,134518.960,416949135.73513,0
1732028400000,3098.42,3110.62,3089.28,3106.73,141231.010,1732031999999,437981942.28537,271223,70135.310,217547089.79538,0
1732032000000,3106.73,3119.13,3101.66,3112.95,89852.311,1732035599999,279567040.44182,170675,46496.339,144691791.71032,0
1732035600000,3112.94,3132.33,3108.25,3120.10,87140.466,1732039199999,271910310.03394,190253,42622.649,133017103.09985,0
1732039200000,3120.10,3146.62,3116.25,3143.29,194664.141,1732042799999,609585091.07518,293787,107965.452,338104640.72504,0
1732042800000,3143.30,3148.00,3120.00,3124.59,106263.953,1732046399999,333012025.68512,222531,45939.318,143996199.83960,0
1732046400000,3124.60,3134.00,3086.52,3102.40,137428.454,1732049999999,427225200.71163,245693,62601.762,194600697.51363,0
1732050000000,3102.39,3109.18,3068.77,3094.05,180179.077,1732053599999,556254252.88385,284134,82595.831,255028074.90363,0
1732053600000,3094.04,3101.41,3066.40,3094.53,96870.050,1732057199999,298861492.70246,163769,44566.562,137529773.12353,0
1732057200000,3094.52,3116.00,3089.61,3109.34,94031.207,1732060799999,292133731.85678,159332,48902.264,151907279.06274,0
1732060800000,3109.33,3115.76,3092.00,3109.34,69306.757,1732064399999,215241189.83913,149463,34206.310,106255578.72251,0
1732064400000,3109.35,3134.89,3095.35,3101.42,95965.408,1732067999999,298597598.53800,176973,52523.082,163504399.02761,0
1732068000000,3101.41,3108.22,3086.38,3088.48,88961.232,1732071599999,275372143.62084,180083,37745.337,116867315.56744,0
1732071600000,3088.49,3100.23,3073.56,3098.66,121612.952,1732075199999,375064201.36722,221404,60338.057,186114899.54899,0
1732075200000,3098.66,3104.23,3089.91,3100.40,45963.194,1732078799999,142396177.12463,96225,23925.810,74134931.72005,0
1732078800000,3100.41,3117.73,3093.19,3110.60,74436.188,1732082399999,231402604.66703,126906,34680.530,107855447.33412,0
1732082400000,3110.60,3115.81,3102.51,3106.44,47204.592,1732085999999,146824751.78589,103046,20398.902,63462896.91868,0
1732086000000,3106.43,3116.87,3100.31,3111.12,51482.130,1732089599999,160080322.72577,117189,25289.656,78642551.16101,0
1732089600000,3111.04,3131.93,3107.70,3125.38,106995.807,1732093199999,334065628.39433,173051,58039.535,181203017.34912,0
1732093200000,3125.37,3137.58,3117.80,3120.23,95854.192,1732096799999,299689304.18316,174336,41754.976,130583936.68215,0
1732096800000,3120.24,3123.04,3110.10,3111.46,50153.341,1732100399999,156381126.60726,102356,23304.800,72682526.90571,0
1732100400000,3111.46,3112.30,3085.12,3101.80,136808.978,1732103999999,423726487.69443,206238,64303.950,199157350.23040,0
1732104000000,3101.79,3104.47,3083.24,3091.58,99281.670,1732107599999,307024668.98512,206082,48475.481,149929586.70519,0
1732107600000,3091.59,3116.49,3087.34,3115.36,146984.717,1732111199999,456694242.23833,274622,76073.520,236369477.05579,0
1732111200000,3115.36,3162.25,3091.50,3116.19,445519.704,1732114799999,1394427101.21934,622351,219490.245,687093755.25578,0
1732114800000,3116.19,3133.23,3091.04,3131.99,203257.891,1732118399999,632002939.52235,346464,98293.860,305628193.57359,0
1732118400000,3131.98,3137.47,3076.50,3090.81,312780.204,1732121999999,969627492.66033,428493,136379.169,422583644.28568,0
1732122000000,3090.80,3098.58,3065.13,3065.54,188153.769,1732125599999,579276606.89116,310504,85433.220,263096314.56709,0
1732125600000,3065.54,3079.77,3038.01,3050.80,287929.207,1732129199999,880025818.53677,448935,134429.269,410989908.11156,0
1732129200000,3050.81,3065.08,3030.50,3059.75,155788.511,1732132799999,474730217.70061,281253,78029.525,237829066.42487,0
1732132800000,3059.75,3083.82,3046.06,3073.64,125253.886,1732136399999,384464373.26917,231712,61999.748,190300599.44251,0
1732136400000,3073.64,3084.77,3064.03,3079.64,68948.856,1732139999999,212029696.24080,168359,30653.019,94269642.68825,0
1732140000000,3079.65,3095.07,3067.29,3075.81,65719.939,1732143599999,202473396.92562,120000,32541.065,100296072.75200,0
1732143600000,3075.82,3080.94,3065.00,3071.05,58841.821,1732147199999,180743050.56554,137215,28746.680,88320733.97570,0
1732147200000,3071.05,3091.95,3066.23,3081.00,65468.707,1732150799999,201776362.67418,146640,32629.821,100541310.75540,0
1732150800000,3080.99,3099.50,3077.57,3080.43,64219.377,1732154399999,198466647.54875,147453,32300.706,99842930.07063,0
1732154400000,3080.44,3081.59,3033.32,3057.75,189797.228,1732157999999,579074475.29229,316316,87538.294,267041517.33958,0
1732158000000,3057.75,3103.38,3054.36,3083.25,224762.380,1732161599999,692658327.17789,344612,120262.852,370554138.28967,0
1732161600000,3083.25,3141.99,3081.79,3132.32,342157.566,1732165199999,1067091344.53968,493771,184850.154,576536681.15877,0
1732165200000,3132.32,3145.92,3093.16,3109.59,216013.207,1732168799999,674514753.53149,343972,90045.154,281255019.26669,0
1732168800000,3109.60,3131.19,3101.05,3129.53,118282.131,1732172399999,368644713.54164,231451,69409.196,216363898.22930,0
1732172400000,3129.53,3144.00,3123.36,3139.11,131607.150,1732175999999,412383660.78308,208573,67589.439,211852224.84304,0
1732176000000,3139.12,3151.51,3129.60,3143.39,135536.201,1732179599999,425825662.77167,225115,72849.788,228930574.34444,0
1732179600000,3143.39,3146.62,3124.16,3127.80,96997.680,1732183199999,304001019.93975,168958,45939.020,143973072.56149,0
1732183200000,3127.81,3141.44,3120.14,3133.28,81849.516,1732186799999,256377135.44783,168226,41601.809,130328582.71846,0
1732186800000,3133.27,3157.69,3130.88,3150.01,175705.744,1732190399999,552719142.68848,289549,91997.104,289456588.43397,0
1732190400000,3150.01,3321.00,3148.52,3288.05,943498.116,1732193999999,3078688252.46751,1105607,494296.099,1610513364.68188,0
1732194000000,3288.05,3370.00,3287.45,3350.79,661997.208,1732197599999,2211952741.15156,761313,317682.680,1061249151.32700,0
1732197600000,3350.78,3374.92,3310.08,3348.05,491138.252,1732201199999,1643985621.21656,660121,226143.016,757198743.86420,0
1732201200000,3348.06,3348.92,3239.18,3279.20,708934.733,1732204799999,2328522685.13579,811487,329407.542,1081786947.77510,0
1732204800000,3279.21,3344.35,3279.06,3333.96,301972.664,1732208399999,1000481851.28992,480978,158153.221,524004045.38651,0
1732208400000,3333.97,3353.83,3315.34,3352.90,169067.578,1732211999999,563982396.49682,311615,87438.157,291757041.99695,0
1732212000000,3352.91,3388.00,3341.20,3382.33,215057.639,1732215599999,722931062.76265,392357,116388.285,391396341.59840,0
1732215600000,3382.34,3389.99,3338.07,3349.99,268232.834,1732219199999,902021651.66083,416522,124305.927,418108172.26060,0
1732219200000,3349.99,3370.80,3336.90,3350.21,126657.620,1732222799999,424740606.72682,244326,64171.035,215209291.34283,0
1732222800000,3350.41,3359.19,3337.07,3348.23,82251.839,1732226399999,275421148.79271,195250,39880.252,133543522.82872,0
1732226400000,3348.22,3382.26,3346.74,3374.31,96702.908,1732229999999,325926806.02847,181330,49909.067,168237008.76158,0
1732230000000,3374.31,3379.28,3357.37,3358.42,85842.982,1732233599999,288966108.09212,164389,38881.820,130889669.62499,0
1732233600000,3358.69,3375.76,3313.02,3319.41,171691.177,1732237199999,573750643.56676,302946,76617.095,256074328.00880,0
1732237200000,3319.41,3334.04,3307.03,3324.35,125773.161,1732240799999,417656402.46374,240745,64361.635,213755156.85544,0
1732240800000,3324.35,3345.61,3322.34,3333.30,109539.808,1732244399999,365316776.44168,232012,56852.577,189618441.45556,0
1732244400000,3333.30,3384.88,3323.45,3368.66,216537.054,1732247999999,727482213.18346,343325,110024.616,369738353.45244,0
1732248000000,3368.67,3429.99,3360.31,3393.06,309238.104,1732251599999,1051981919.59102,426947,154000.376,523826741.94217,0
1732251600000,3393.06,3397.95,3372.44,3378.61,144529.219,1732255199999,489234021.01621,250269,68783.021,232862890.54694,0
1732255200000,3378.61,3387.10,3357.01,3374.52,122601.654,1732258799999,413219167.26852,230913,56151.697,189283464.14031,0
1732258800000,3374.52,3389.62,3361.00,3365.66,122555.968,1732262399999,413864550.13391,233011,60073.091,202930772.37675,0
1732262400000,3365.65,3384.62,3365.65,3374.99,79743.331,1732265999999,269212266.85487,193124,36583.810,123515860.35000,0
1732266000000,3375.00,3387.06,3352.90,3367.02,124882.805,1732269599999,420673267.56072,225316,60254.030,203077657.91861,0
1732269600000,3367.03,3372.97,3321.66,3325.04,209113.258,1732273199999,698171088.06047,313542,83149.615,277608328.61649,0
1732273200000,3325.04,3348.98,3313.62,3346.99,148382.216,1732276799999,494744273.71051,242651,73038.464,243571562.97698,0
1732276800000,3347.00,3359.93,3331.52,3350.58,138049.767,1732280399999,462227018.31618,248811,64401.758,215695890.20180,0
1732280400000,3350.59,3350.96,3260.42,3296.28,536996.844,1732283999999,1769733504.96603,650298,238647.652,786454497.92310,0
1732284000000,3296.27,3315.20,3282.69,3290.92,233559.465,1732287599999,770359158.65252,426208,110319.554,363960842.95776,0
1732287600000,3290.91,3326.42,3285.26,3316.37,190637.941,1732291199999,630735265.28355,343419,92732.825,306795102.22464,0
1732291200000,3316.36,3319.72,3292.58,3311.21,134881.122,1732294799999,445807196.35710,267316,62099.694,205269490.03837,0
1732294800000,3311.20,3324.21,3295.81,3299.31,112176.946,1732298399999,371307949.82832,218914,51181.692,169466003.34802,0
1732298400000,3299.29,3310.00,3267.28,3281.91,137400.457,1732301999999,451795589.85739,247998,61930.464,203752315.55693,0
1732302000000,3281.91,3300.72,3266.61,3284.79,147439.190,1732305599999,484094653.22549,286156,69706.234,228856053.97462,0
1732305600000,3284.79,3299.97,3275.07,3293.73,76607.316,1732309199999,251955359.37103,201229,38308.681,126008714.33212,0
1732309200000,3293.74,3321.96,3281.10,3319.00,99270.834,1732312799999,327677955.62949,183864,54733.154,180771129.83775,0
1732312800000,3319.00,3321.89,3303.32,3310.12,66326.538,1732316399999,219729817.55589,162887,28335.346,93875892.94216,0
1732316400000,3310.12,3332.83,3309.00,3330.05,72445.224,1732319999999,240646554.56678,147920,35241.303,117080299.09149,0
1732320000000,3330.04,3368.48,3318.93,3343.77,224790.036,1732323599999,752221359.62534,326304,112336.566,375943648.10380,0
1732323600000,3343.77,3360.00,3325.19,3346.37,151429.601,1732327199999,505661865.88096,262826,77508.100,258834941.40696,0
1732327200000,3346.37,3351.26,3315.28,3328.89,116617.967,1732330799999,388754789.99355,227493,50135.407,167143268.74581,0
1732330800000,3328.90,3348.88,3322.80,3348.88,66898.858,1732334399999,223227945.19298,153548,33232.355,110897255.05350,0
1732334400000,3348.88,3359.00,3329.04,3357.00,159772.636,1732337999999,534732331.74799,250651,78352.316,262271358.40908,0
1732338000000,3356.99,3365.00,3331.59,3351.25,89993.420,1732341599999,301358551.79088,169855,44765.377,149913522.90847,0
1732341600000,3351.26,3354.85,3344.24,3346.40,39498.586,1732345199999,132302288.78595,107705,19049.747,63812109.90118,0
1732345200000,3346.39,3354.65,3338.01,3344.31,70105.211,1732348799999,234530679.41809,136618,35549.161,118930106.99880,0
1732348800000,3344.32,3407.96,3339.01,3371.45,332778.370,1732352399999,1124420061.73689,422251,172632.928,583124370.89201,0
1732352400000,3371.45,3376.44,3342.31,3362.49,135084.207,1732355999999,454224352.18280,230142,63162.154,212450371.19354,0
1732356000000,3362.48,3369.98,3345.22,3351.16,81397.952,1732359599999,273214646.60649,168517,37968.070,127451812.18107,0
1732359600000,3351.15,3366.68,3350.00,3357.31,52201.793,1732363199999,175360934.29945,113731,27208.524,91396924.19217,0
1732363200000,3357.30,3432.98,3351.00,3403.01,363033.167,1732366799999,1235804127.74560,432557,186699.728,635555649.80910,0
1732366800000,3403.00,3448.40,3395.05,3438.24,279080.063,1732370399999,955578028.25874,410606,145458.703,498113498.90690,0
1732370400000,3438.24,3498.94,3430.58,3475.08,426189.643,1732373999999,1480084425.97875,602250,210237.758,730110393.65240,0
1732374000000,3475.07,3483.66,3446.01,3463.13,242224.787,1732377599999,839284545.39836,337445,114557.008,396966291.05347,0
1732377600000,3463.13,3473.64,3381.00,3416.34,511746.502,1732381199999,1749457352.38228,656488,233943.847,799928195.21216,0
1732381200000,3416.36,3438.60,3392.10,3427.82,201809.788,1732384799999,689922799.14858,338676,104208.017,356299807.01980,0
1732384800000,3427.81,3434.23,3403.35,3426.82,94327.981,1732388399999,322604903.47444,192250,45554.316,155842428.78626,0
1732388400000,3426.82,3436.11,3403.00,3410.21,91330.395,1732391999999,312185406.98729,170528,42904.524,146674462.31984,0
1732392000000,3410.21,3411.44,3381.51,3408.00,128700.932,1732395599999,437227132.86444,250800,61689.112,209610470.65072,0
1732395600000,3407.99,3430.61,3404.50,3419.78,70364.855,1732399199999,240665855.17813,146704,32405.552,110847259.61149,0
1732399200000,3419.79,3426.29,3395.17,3408.37,67963.656,1732402799999,231683996.59497,127155,31950.370,108942910.16318,0
1732402800000,3408.38,3409.37,3383.16,3396.33,94311.876,1732406399999,320162210.01829,165669,44902.504,152472042.99881,0
1732406400000,3396.32,3428.66,3391.30,3420.23,119270.530,1732409999999,407481374.68554,214447,63726.861,217703308.90213,0
1732410000000,3420.23,3439.87,3417.58,3435.85,96144.268,1732413599999,329644277.92496,161959,51492.431,176543223.51390,0
1732413600000,3435.84,3453.00,3430.91,3432.90,83743.549,1732417199999,288273835.63495,161064,40353.721,138963076.10090,0
1732417200000,3432.90,3435.40,3420.35,3430.00,53175.180,1732420799999,182281372.71988,122573,23649.730,81075798.12890,0
1732420800000,3430.00,3435.18,3402.51,3416.38,97387.681,1732424399999,332673901.67136,173089,41389.584,141393855.99977,0
1732424400000,3416.37,3423.45,3400.00,3415.74,82233.508,1732427999999,280576742.16577,145460,40743.923,139073318.72899,0
1732428000000,3415.74,3432.40,3403.23,3424.99,70555.352,1732431599999,241254159.38341,145379,34923.771,119466081.92196,0
1732431600000,3424.99,3429.63,3411.54,3424.99,50613.581,1732435199999,173196764.02184,106760,23796.680,81445331.26820,0
1732435200000,3424.99,3431.62,3391.13,3396.77,113700.594,1732438799999,387763609.92932,165565,47349.387,161506979.29771,0
1732438800000,3396.77,3408.50,3391.00,3405.95,81068.981,1732442399999,275653222.59939,153942,39419.017,134055337.00256,0
1732442400000,3405.96,3407.15,3363.40,3377.30,168488.400,1732445999999,569899369.34547,230750,68648.055,232161978.90083,0
1732446000000,3377.30,3382.45,3340.56,3346.71,275442.157,1732449599999,924725543.28640,428973,129988.171,436478616.61915,0
1732449600000,3346.72,3360.22,3282.48,3317.85,409537.451,1732453199999,1358887937.68303,560092,171468.540,569001298.45630,0
1732453200000,3317.84,3343.00,3307.77,3327.16,235202.094,1732456799999,783135769.97411,361004,112051.733,373064620.40573,0
1732456800000,3327.17,3335.00,3286.22,3328.50,302588.158,1732460399999,1001844376.05566,430848,152623.859,505609570.48613,0
1732460400000,3328.50,3330.00,3294.00,3297.13,172315.131,1732463999999,570238718.54596,313403,74133.469,245363889.68325,0
1732464000000,3297.12,3334.90,3290.00,3321.00,175144.605,1732467599999,580996174.60808,292700,96069.814,318701425.86306,0
1732467600000,3321.00,3322.22,3300.01,3311.98,86239.614,1732471199999,285491484.55232,196981,42371.752,140272206.51858,0
1732471200000,3311.98,3336.77,3309.22,3329.08,76244.780,1732474799999,253692248.83658,154338,40496.645,134757805.46519,0
1732474800000,3329.07,3331.59,3312.38,3328.55,51121.159,1732478399999,169838067.21337,126668,28258.640,93882761.03307,0
1732478400000,3328.55,3346.09,3323.44,3343.68,61734.504,1732481999999,206020976.82260,128705,31332.624,104594603.79515,0
1732482000000,3343.68,3349.00,3333.87,3347.35,42060.206,1732485599999,140533093.12703,105121,19000.220,63505843.68979,0
1732485600000,3347.34,3366.00,3339.06,3361.68,96807.217,1732489199999,324643610.56682,169430,52495.674,176082253.50863,0
1732489200000,3361.69,3374.00,3353.23,3362.98,118691.518,1732492799999,399238226.43408,256742,56177.912,188991663.27602,0
1732492800000,3362.98,3367.90,3337.22,3351.05,98822.804,1732496399999,331416464.17474,267257,44482.924,149179922.40015,0
1732496400000,3351.04,3356.26,3301.96,3330.58,152919.055,1732499999999,508225143.62131,318387,72783.379,241883548.44168,0
1732500000000,3330.58,3352.88,3330.00,3340.65,90858.213,1732503599999,303743851.31278,159456,42327.066,141494701.36166,0
1732503600000,3340.66,3373.00,3340.65,3364.64,72263.081,1732507199999,242642945.85475,144837,41166.135,138229082.75373,0
1732507200000,3364.63,3390.71,3363.24,3368.79,130462.744,1732510799999,440728977.38876,227462,69199.276,233785236.18201,0
1732510800000,3368.78,3394.50,3368.25,3384.69,81801.597,1732514399999,276923638.21145,161324,42309.770,143218409.36657,0
1732514400000,3384.69,3393.44,3377.36,3383.16,64070.079,1732517999999,216892381.64582,138441,28883.729,97794439.33256,0
1732518000000,3383.15,3422.45,3371.42,3401.65,155691.921,1732521599999,529482236.12944,241353,83675.512,284620393.85188,0
1732521600000,3401.66,3417.15,3398.82,3415.01,100958.336,1732525199999,344152803.65251,194788,46703.771,159203759.17343,0
1732525200000,3415.01,3487.50,3412.11,3480.32,352228.517,1732528799999,1218338508.86328,491785,188524.570,651945379.93769,0
1732528800000,3480.32,3531.93,3462.58,3504.57,389883.742,1732532399999,1364803042.16390,509975,204791.051,717056795.29013,0
1732532400000,3504.57,3510.99,3456.00,3475.22,260474.414,1732535999999,907744887.62141,352218,110442.708,385037569.99016,0
1732536000000,3475.22,3502.93,3473.01,3485.17,158700.732,1732539599999,553662774.93037,295709,82673.181,288461993.38434,0
1732539600000,3485.17,3498.25,3450.47,3478.95,282373.091,1732543199999,981093453.51471,416375,133089.766,462406529.32947,0
1732543200000,3478.97,3524.50,3408.00,3410.61,631070.876,1732546799999,2189902637.38018,753734,299620.960,1040482267.41808,0
1732546800000,3410.61,3541.99,3351.00,3521.26,1035459.861,1732550399999,3560504621.58202,1105427,553947.000,1906455231.11731,0
1732550400000,3521.18,3549.91,3461.64,3486.39,583721.677,1732553999999,2048549857.58339,719121,275089.993,965755411.32099,0
1732554000000,3486.40,3488.34,3423.56,3465.36,344745.545,1732557599999,1189628205.45790,553369,165547.190,571292803.01400,0
1732557600000,3465.36,3484.00,3441.00,3450.73,183721.747,1732561199999,636829682.87435,319880,85551.169,296629136.37129,0
1732561200000,3450.73,3487.66,3432.64,3467.01,151499.083,1732564799999,524053783.96809,293617,75010.734,259549608.04223,0
1732564800000,3467.02,3505.91,3459.12,3504.60,132634.243,1732568399999,462268818.93043,284429,62457.087,217720797.86608,0
1732568400000,3504.59,3507.98,3417.63,3441.81,215483.410,1732571999999,744822825.01395,363477,92321.061,319113890.01933,0
1732572000000,3441.84,3458.15,3366.31,3454.39,333693.288,1732575599999,1139181675.10742,440974,160549.127,548563248.66905,0
1732575600000,3454.39,3473.92,3411.70,3416.92,239301.289,1732579199999,824599472.69269,365639,109759.675,378362042.04778,0
1732579200000,3416.91,3455.00,3397.80,3428.84,236677.865,1732582799999,812864652.92810,384090,117502.013,403543989.35716,0
1732582800000,3428.84,3464.95,3425.51,3450.25,135184.672,1732586399999,466356584.68344,239394,60295.228,208004128.36558,0
1732586400000,3450.24,3459.00,3439.27,3447.48,78003.721,1732589999999,269046075.83203,184716,35230.787,121542159.14408,0
1732590000000,3447.48,3449.41,3423.40,3436.47,145523.879,1732593599999,500251978.48095,203929,65670.774,225796805.20214,0
1732593600000,3436.47,3441.12,3416.81,3422.54,105640.691,1732597199999,361982841.57257,192199,41006.466,140547624.75060,0
1732597200000,3422.55,3434.79,3411.26,3434.24,74984.470,1732600799999,256838509.71295,161082,39968.628,136938163.64098,0
1732600800000,3434.24,3445.65,3419.00,3425.53,89253.324,1732604399999,306403527.46094,169368,42252.987,145085149.68860,0
1732604400000,3425.52,3425.97,3384.02,3396.98,215588.962,1732607999999,734196274.43525,324932,100561.390,342463700.64926,0
1732608000000,3396.98,3399.82,3353.76,3375.79,339045.294,1732611599999,1143031226.86724,526932,169256.787,570699683.87172,0
1732611600000,3375.78,3393.62,3344.11,3359.34,218783.250,1732615199999,737561078.34939,371471,97125.669,327578379.10742,0
1732615200000,3359.34,3370.71,3317.00,3320.10,317621.200,1732618799999,1060149743.06590,482471,147979.644,494112575.95810,0
1732618800000,3320.11,3333.30,3282.00,3325.18,400725.448,1732622399999,1325960612.11914,585759,186480.168,617260199.52900,0
1732622400000,3325.17,3342.22,3301.62,3314.14,219379.933,1732625999999,728911609.26126,404328,103599.129,344281509.96743,0
1732626000000,3314.14,3337.75,3304.18,3313.75,136594.980,1732629599999,453939069.59336,314962,65978.588,219307468.63154,0
1732629600000,3313.76,3365.00,3292.01,3348.32,316361.710,1732633199999,1055587909.62602,490997,163677.612,546375983.94056,0
1732633200000,3348.32,3356.93,3296.50,3298.07,281912.240,1732636799999,936995150.81349,444562,106740.776,354909208.80304,0
1732636800000,3298.08,3339.86,3293.02,3337.77,206905.154,1732640399999,687437886.85313,386479,92722.513,308009988.89792,0
1732640400000,3337.76,3338.44,3310.35,3329.60,102505.563,1732643999999,340976484.81997,252139,50217.643,167041133.77377,0
1732644000000,3329.59,3334.66,3254.19,3285.00,354170.359,1732647599999,1162525964.00629,476446,163499.889,536732398.91010,0
1732647600000,3285.00,3303.79,3266.27,3303.07,201047.723,1732651199999,661075539.65609,367750,100351.641,330020579.93003,0
1732651200000,3303.07,3337.20,3291.12,3326.97,195395.490,1732654799999,647863523.96863,338532,93151.326,308906446.28168,0
1732654800000,3326.98,3334.99,3305.11,3326.40,96698.351,1732658399999,321224788.96717,213233,45995.792,152805001.14282,0
1732658400000,3326.44,3347.34,3322.02,3327.99,78696.766,1732661999999,262546361.46105,147793,38017.002,126849427.17873,0
1732662000000,3327.99,3335.93,3317.67,3327.17,48974.432,1732665599999,162952537.33247,124195,24022.929,79945038.41079,0
1732665600000,3327.17,3348.64,3308.00,3311.84,118805.244,1732669199999,395230258.55939,220136,54157.195,180237107.13524,0
1732669200000,3311.85,3349.95,3305.00,3344.45,118705.836,1732672799999,395358763.65128,245708,67110.242,223541936.07039,0
1732672800000,3344.45,3368.78,3321.00,3366.68,146416.717,1732676399999,490057834.01001,273861,69353.423,232256593.68731,0
1732676400000,3366.68,3374.78,3352.40,3362.60,108834.738,1732679999999,366054829.52352,215476,48735.292,163938712.72642,0
1732680000000,3362.60,3437.79,3361.02,3403.71,387906.802,1732683599999,1322474872.30580,439525,195781.869,667308025.66349,0
1732683600000,3403.71,3417.00,3387.61,3402.26,129503.777,1732687199999,440596832.90012,204378,67676.923,230300389.77016,0
1732687200000,3402.27,3448.43,3401.10,3429.49,157295.956,1732690799999,539421913.31050,262065,76345.811,261810596.60309,0
1732690800000,3429.50,3439.36,3421.00,3426.06,98104.884,1732694399999,336538284.39130,181698,47375.498,162549430.04503,0
1732694400000,3426.06,3441.26,3415.18,3424.21,113037.640,1732697999999,387265450.59746,188830,53332.259,182739241.59034,0
1732698000000,3424.21,3426.18,3404.16,3414.82,81597.177,1732701599999,278514839.76509,145071,35735.197,121986651.76152,0
1732701600000,3414.82,3488.56,3413.41,3457.97,289921.687,1732705199999,1002316685.22710,333850,160334.800,554249740.54188,0
1732705200000,3457.97,3469.99,3437.40,3463.00,149113.506,1732708799999,515128762.32932,236403,68194.759,235615110.01330,0
1732708800000,3462.99,3486.93,3443.51,3479.97,181987.336,1732712399999,630255510.32311,271960,89514.983,310182139.08440,0
1732712400000,3479.97,3508.33,3474.40,3508.29,209588.396,1732715999999,731562530.26854,339724,113895.547,397662747.31493,0
1732716000000,3508.28,3531.69,3469.38,3522.32,396445.166,1732719599999,1387631358.39090,538745,195310.500,683842827.17771,0
1732719600000,3522.32,3575.61,3520.00,3555.07,411362.790,1732723199999,1459510672.62919,583320,209171.813,742160063.86050,0
1732723200000,3555.07,3577.97,3541.13,3560.70,278262.574,1732726799999,990660026.11366,409302,133772.055,476342135.68481,0
1732726800000,3560.70,3574.00,3535.45,3563.06,148399.681,1732730399999,527924810.56943,261197,65780.364,234126774.32525,0
1732730400000,3563.06,3596.34,3555.71,3587.98,194451.405,1732733999999,696635327.62479,315161,103671.836,371476619.84486,0
1732734000000,3587.99,3615.38,3574.77,3592.00,238527.631,1732737599999,858089622.97567,303888,132848.786,477945985.39146,0
1732737600000,3592.00,3634.05,3590.38,3626.98,178334.729,1732741199999,644955411.07076,306464,96589.864,349362151.42016,0
1732741200000,3627.00,3648.79,3615.52,3635.29,211130.487,1732744799999,767315879.54300,342435,98322.642,357314574.67718,0
1732744800000,3635.30,3677.80,3634.63,3668.30,200058.899,1732748399999,732638272.46257,309048,102586.161,375689041.74671,0
1732748400000,3668.30,3688.00,3653.58,3655.88,207622.708,1732751999999,762219237.33221,321516,95430.297,350451598.35543,0
1732752000000,3655.89,3664.31,3636.03,3644.76,188199.983,1732755599999,686685412.25053,283644,93266.915,340364221.04535,0
1732755600000,3644.77,3649.41,3620.01,3641.25,116386.196,1732759199999,422718199.93546,209896,52397.313,190322536.80390,0
1732759200000,3641.28,3646.99,3618.66,3624.00,84331.076,1732762799999,306529449.28113,168781,39263.857,142750917.84403,0
1732762800000,3624.00,3630.53,3563.33,3601.12,283120.121,1732766399999,1017989814.28968,395065,130997.288,470967975.39237,0
1732766400000,3601.12,3616.78,3581.85,3606.60,123085.787,1732769999999,443037372.04849,204315,65054.640,234208869.72511,0
1732770000000,3606.59,3621.27,3587.65,3591.69,104378.889,1732773599999,375923787.08742,164412,47136.002,169754705.72033,0
1732773600000,3591.69,3606.44,3568.68,3597.10,136103.743,1732777199999,488046759.72099,208874,65678.756,235533156.36517,0
1732777200000,3597.10,3613.27,3586.52,3594.60,94419.401,1732780799999,339924696.74904,171721,43840.657,157856051.64886,0
1732780800000,3594.60,3641.20,3576.79,3631.03,203466.010,1732784399999,735046057.08487,306006,106695.520,385565902.57548,0
1732784400000,3631.03,3632.42,3600.15,3600.64,105136.629,1732787999999,380466590.22101,198444,46588.879,168620971.23486,0
1732788000000,3600.65,3625.85,3579.35,3605.73,153216.809,1732791599999,552062975.26369,246747,74286.450,267674936.74815,0
1732791600000,3605.73,3639.40,3591.81,3622.84,132583.145,1732795199999,479593966.76212,237055,68332.313,247211937.60674,0
1732795200000,3622.84,3644.30,3608.34,3624.52,163078.367,1732798799999,591664356.69205,261085,79578.713,288776600.00156,0
1732798800000,3624.53,3625.15,3582.72,3590.32,188416.732,1732802399999,677997415.71172,315986,76877.474,276722260.05411,0
1732802400000,3590.33,3609.73,3551.00,3569.00,362069.140,1732805999999,1292744924.84041,448313,153262.839,547402545.93040,0
1732806000000,3568.99,3577.62,3537.30,3543.41,246931.727,1732809599999,877354367.51054,357629,100114.809,355826076.39702,0
1732809600000,3543.41,3560.76,3531.00,3542.56,144280.283,1732813199999,511721314.38060,250076,68171.044,241860082.54350,0
1732813200000,3542.55,3565.68,3542.24,3555.22,99718.673,1732816799999,354692015.71107,174817,51002.851,181414337.38914,0
1732816800000,3555.22,3584.96,3554.70,3580.39,80188.104,1732820399999,286769412.03386,145718,43430.691,155308125.59489,0
1732820400000,3580.39,3587.08,3566.01,3577.18,50860.806,1732823999999,181839377.24342,110566,24366.385,87134522.24441,0
1732824000000,3577.18,3577.47,3551.95,3558.50,44931.321,1732827599999,160076225.11587,106763,20035.057,71377355.77003,0
1732827600000,3558.51,3581.42,3558.51,3573.86,50616.491,1732831199999,180846729.48697,104801,25952.186,92740329.76965,0
1732831200000,3573.86,3602.25,3569.39,3595.12,77765.233,1732834799999,279271519.99845,127131,43484.427,156161812.87727,0
1732834800000,3595.11,3599.31,3577.24,3581.58,97417.560,1732838399999,349538721.36714,172426,46748.692,167748334.65657,0
1732838400000,3581.58,3587.69,3554.00,3560.36,112964.565,1732841999999,403488096.13686,206216,56036.691,200180987.72441,0
1732842000000,3560.37,3573.00,3551.63,3567.27,63938.671,1732845599999,227796585.95963,145939,30365.713,108200128.95616,0
1732845600000,3567.26,3603.00,3566.31,3602.76,109174.937,1732849199999,391660324.41718,203086,60006.826,215286681.92218,0
1732849200000,3602.76,3605.00,3582.00,3585.86,64207.610,1732852799999,230620640.18179,137300,29272.558,105145694.50508,0
1732852800000,3585.86,3590.90,3565.17,3581.10,79376.953,1732856399999,283829640.11078,128142,36718.545,131304622.61833,0
1732856400000,3581.09,3598.48,3578.00,3580.65,71398.773,1732859999999,256231354.73822,126781,35218.134,126391248.27893,0
1732860000000,3580.66,3589.23,3560.02,3563.57,106822.096,1732863599999,381353773.88246,160074,42482.798,151682273.83383,0
1732863600000,3563.56,3569.26,3535.52,3547.59,165335.890,1732867199999,586949660.77797,227742,79161.112,281073964.67347,0
1732867200000,3547.58,3573.03,3547.58,3571.86,69904.493,1732870799999,249048126.47299,122100,41234.722,146890016.09622,0
1732870800000,3571.87,3581.72,3563.07,3570.08,75017.131,1732874399999,268109297.50315,120307,34243.609,122397562.65391,0
1732874400000,3570.08,3587.52,3563.75,3586.83,70981.857,1732877999999,253861009.35418,122556,36813.811,131687127.27738,0
1732878000000,3586.84,3602.30,3574.65,3596.63,112659.754,1732881599999,404584293.59941,170764,60916.484,218787322.09330,0
1732881600000,3596.64,3603.00,3575.02,3588.72,114166.076,1732885199999,409859284.96474,172670,50656.586,181889732.52607,0
1732885200000,3588.73,3618.00,3586.20,3612.80,166497.416,1732888799999,600362914.08754,248070,89851.448,324043822.33860,0
1732888800000,3612.80,3639.08,3598.15,3636.05,193327.047,1732892399999,699197761.25621,291529,99596.296,360327776.83754,0
1732892400000,3636.05,3649.28,3603.76,3615.21,271599.139,1732895999999,985040826.12434,375131,131626.239,477617172.94965,0
1732896000000,3615.21,3621.97,3586.53,3599.39,181743.342,1732899599999,654633657.85028,280669,83697.162,301491715.55705,0
1732899600000,3599.40,3604.03,3580.01,3585.30,141758.524,1732903199999,508777787.52512,241783,67364.060,241793376.78697,0
1732903200000,3585.29,3595.63,3571.02,3576.22,86556.373,1732906799999,310305173.68158,156603,41885.141,150191766.82387,0
1732906800000,3576.22,3587.59,3561.27,3584.92,86732.764,1732910399999,309850825.79316,153469,41480.533,148225126.23599,0
1732910400000,3584.93,3606.17,3579.14,3594.98,71686.171,1732913999999,257763610.09125,115482,39653.124,142617650.64611,0
1732914000000,3594.97,3597.39,3577.22,3593.51,46269.357,1732917599999,165933818.94228,88534,21008.024,75329398.73560,0
1732917600000,3593.52,3606.41,3586.69,3598.44,38195.356,1732921199999,137429597.87161,82765,21157.783,76130795.73659,0
1732921200000,3598.44,3601.41,3591.68,3594.50,45662.697,1732924799999,164238263.30135,100467,21369.337,76870962.25499,0
1732924800000,3594.51,3612.76,3579.27,3592.76,98306.716,1732928399999,353421050.25081,197759,47246.312,169906545.12749,0
1732928400000,3592.76,3625.94,3570.20,3602.51,136706.216,1732931999999,492297288.46969,237965,65613.682,236350997.74747,0
1732932000000,3602.51,3652.93,3595.68,3627.66,185878.416,1732935599999,674174030.94525,289828,102692.664,372597558.20680,0
1732935600000,3627.66,3664.28,3620.34,3660.11,143291.708,1732939199999,521819373.63198,254970,76066.486,277129690.04229,0
1732939200000,3660.11,3671.70,3637.15,3654.20,133080.271,1732942799999,486033937.06079,230833,63293.807,231207399.75244,0
1732942800000,3654.19,3697.92,3641.64,3696.69,180766.250,1732946399999,663462041.09762,255828,96579.484,354585657.82938,0
1732946400000,3696.69,3730.00,3686.68,3698.89,323544.685,1732949999999,1200379226.55693,448150,152764.867,566914675.25630,0
1732950000000,3698.90,3719.44,3689.07,3705.64,116410.808,1732953599999,431370077.09153,194240,61689.445,228625008.60686,0
1732953600000,3705.64,3720.98,3693.01,3695.96,99084.566,1732957199999,367162054.39883,172502,51733.525,191696628.64614,0
1732957200000,3695.97,3698.83,3681.82,3694.86,83416.987,1732960799999,307768574.86925,147034,39093.634,144242233.88361,0
1732960800000,3694.85,3695.54,3636.93,3644.34,216253.307,1732964399999,792067708.06905,274087,90681.732,332185071.50570,0
1732964400000,3644.34,3665.86,3629.96,3656.05,133334.822,1732967999999,487078720.20417,192338,66204.661,241916344.13058,0
1732968000000,3656.04,3684.00,3655.00,3683.63,85289.997,1732971599999,312941364.43366,146670,49158.479,180382580.63309,0
1732971600000,3683.64,3684.61,3667.67,3669.72,80793.624,1732975199999,297075430.70980,159795,34926.263,128438769.66584,0
1732975200000,3669.73,3686.00,3654.02,3658.57,92136.207,1732978799999,338388125.17235,149901,38216.550,140395159.62185,0
1732978800000,3658.58,3688.23,3654.00,3676.60,79400.282,1732982399999,291611846.82764,169238,42991.792,157871651.35650,0
1732982400000,3676.60,3687.14,3660.00,3678.21,97231.306,1732985999999,357069997.77002,164360,52782.423,193900225.68966,0
1732986000000,3678.21,3690.73,3667.74,3679.07,50171.442,1732989599999,184627648.43163,118531,22212.080,81745756.20839,0
1732989600000,3679.07,3681.95,3666.00,3673.87,46081.492,1732993199999,169247969.95672,108854,21994.623,80785082.50990,0
1732993200000,3673.88,3700.00,3668.07,3692.00,69515.811,1732996799999,256377748.26272,124899,40285.066,148575868.82349,0
1732996800000,3692.00,3715.91,3689.15,3714.32,66977.503,1733000399999,247990695.89113,122223,34620.709,128212406.33437,0
1733000400000,3714.33,3739.53,3697.13,3722.41,120788.702,1733003999999,449056524.36933,176536,64153.156,238655758.18551,0
1733004000000,3722.40,3728.72,3702.96,3710.95,99857.837,1733007599999,371002138.90794,161890,44086.389,163815716.99058,0
1733007600000,3710.97,3742.18,3703.10,3705.73,128451.784,1733011199999,477876887.81168,207455,60639.438,225644859.23273,0
1733011200000,3705.74,3730.00,3690.28,3691.12,142639.811,1733014799999,529344823.87079,232248,65566.313,243367329.42167,0
1733014800000,3691.14,3734.12,3676.93,3712.40,175999.154,1733018399999,651912907.89339,290335,87257.827,323254185.49991,0
1733018400000,3712.41,3716.39,3661.35,3666.63,206873.337,1733021999999,762577244.42878,328204,90522.377,333701805.83723,0
1733022000000,3666.63,3715.45,3665.71,3709.49,121111.857,1733025599999,447199534.34925,187046,64652.210,238761978.17125,0
1733025600000,3709.49,3710.49,3690.04,3704.34,84017.951,1733029199999,310919122.67312,143091,35494.355,131364878.24051,0
1733029200000,3704.34,3704.34,3682.43,3685.18,49842.999,1733032799999,184003757.46008,107645,18426.438,68033917.45967,0
1733032800000,3685.18,3708.10,3684.01,3702.00,46311.187,1733036399999,171380936.61094,94043,23301.423,86220233.94613,0
1733036400000,3702.00,3720.00,3695.65,3705.05,63392.978,1733039999999,235176458.69634,108452,32934.365,122193499.24653,0
1733040000000,3705.05,3720.00,3701.28,3710.48,94985.441,1733043599999,352683665.12405,166732,48427.351,179813581.99718,0
1733043600000,3710.48,3713.39,3693.07,3703.36,60286.441,1733047199999,223160683.57184,98714,27981.861,103597431.08212,0
1733047200000,3703.37,3703.70,3677.38,3685.03,83163.850,1733050799999,306783522.72199,116387,36507.596,134662698.88042,0
1733050800000,3685.02,3699.89,3681.21,3694.14,58777.689,1733054399999,217000667.64279,110658,30456.174,112445656.29243,0
1733054400000,3694.13,3697.21,3682.00,3684.28,50177.525,1733057999999,185103970.43008,112081,23775.465,87716656.34210,0
1733058000000,3684.28,3714.84,3680.50,3703.82,95616.699,1733061599999,354083843.20373,162125,49214.522,182242842.64650,0
1733061600000,3703.82,3715.18,3696.43,3708.39,86713.787,1733065199999,321481126.48874,140521,43252.193,160402011.63001,0
1733065200000,3708.39,3750.67,3703.33,3731.00,249386.257,1733068799999,930723152.16893,310128,131926.320,492403353.49862,0
1733068800000,3730.99,3747.21,3725.18,3728.74,110068.808,1733072399999,411203989.31238,200171,54837.486,204900322.72482,0
1733072400000,3728.74,3732.80,3708.18,3726.12,106273.810,1733075999999,395048340.44114,159177,51278.493,190649648.79285,0
1733076000000,3726.11,3734.13,3710.86,3714.60,67688.009,1733079599999,252066814.16259,115904,29049.074,108198892.26952,0
1733079600000,3714.61,3721.32,3695.22,3710.73,85779.172,1733083199999,317948439.58081,137589,37142.128,137718006.17996,0
1733083200000,3710.72,3713.00,3681.11,3693.01,119211.918,1733086799999,440161374.59570,180852,53395.716,197142253.61278,0
1733086800000,3693.00,3709.50,3689.00,3709.49,57397.827,1733090399999,212451393.47984,114097,33247.464,123074496.98220,0
1733090400000,3709.50,3739.99,3704.73,3725.21,159378.837,1733093999999,594282517.03949,210000,78697.535,293430284.70296,0
1733094000000,3725.21,3732.88,3706.70,3711.24,83357.362,1733097599999,310066856.54508,154308,39312.439,146242831.23423,0
1733097600000,3711.22,3723.49,3695.61,3705.08,96332.947,1733101199999,357415354.17303,217781,49905.217,185181541.23539,0
1733101200000,3705.09,3744.21,3700.80,3736.98,175801.447,1733104799999,655365924.18502,285588,91912.435,342600872.55937,0
1733104800000,3736.98,3745.83,3707.00,3745.73,139343.250,1733108399999,518839490.06135,235190,70090.857,261117002.56056,0
1733108400000,3745.74,3766.00,3675.01,3687.84,350977.071,1733111999999,1307926833.55017,429120,153334.005,571936855.95036,0
1733112000000,3687.83,3699.40,3650.03,3693.71,317439.471,1733115599999,1166582535.34257,453068,152423.939,560271806.80034,0
1733115600000,3693.71,3711.83,3675.00,3679.17,161981.066,1733119199999,598693991.84476,229988,67538.012,249619775.25215,0
1733119200000,3679.17,3687.01,3655.01,3683.33,142832.458,1733122799999,524738162.59844,212794,70842.552,260321212.54026,0
1733122800000,3683.33,3688.70,3655.00,3669.25,138784.469,1733126399999,509125573.42277,213293,60418.026,221625490.33642,0
1733126400000,3669.26,3675.75,3590.00,3606.02,476728.749,1733129999999,1726509240.96868,569878,210109.425,760798691.06146,0
1733130000000,3606.01,3625.99,3596.85,3625.04,148653.253,1733133599999,537482007.55048,279670,82037.425,296666098.44733,0
1733133600000,3625.04,3625.78,3575.00,3581.69,228747.596,1733137199999,821597790.04015,337930,102284.944,367417456.38054,0
1733137200000,3581.70,3600.88,3572.35,3592.21,167887.056,1733140799999,602600226.40678,269259,82925.297,297653281.96663,0
1733140800000,3592.21,3618.14,3585.50,3598.42,140603.198,1733144399999,506579006.18703,225550,66976.869,241326641.42359,0
1733144400000,3598.41,3632.38,3593.04,3628.99,150103.235,1733147999999,542560502.09110,250546,75053.714,271345334.54823,0
1733148000000,3628.99,3667.87,3617.45,3642.84,266731.998,1733151599999,971878796.46672,375500,133283.545,485736402.67009,0
1733151600000,3642.84,3683.00,3620.71,3674.54,274707.378,1733155199999,1005850739.39683,397099,129929.173,475900685.08415,0
1733155200000,3674.54,3684.61,3620.24,3628.63,267505.543,1733158799999,976306110.92562,392772,118066.034,430846287.95404,0
1733158800000,3628.63,3648.04,3557.61,3569.14,310055.674,1733162399999,1116747022.54741,431050,133191.580,479998671.57711,0
1733162400000,3569.15,3635.75,3566.91,3625.64,179233.478,1733165999999,646764629.28650,288873,100819.289,363653480.21694,0
1733166000000,3625.65,3625.87,3586.50,3614.79,131030.665,1733169599999,472284714.94570,220564,63722.946,229698151.72845,0
1733169600000,3614.79,3634.11,3604.45,3618.01,107320.280,1733173199999,388536881.22824,189288,51203.346,185387951.91490,0
1733173200000,3618.03,3632.17,3601.69,3618.55,95564.597,1733176799999,345475648.40833,209258,48208.053,174302719.88645,0
1733176800000,3618.56,3624.84,3600.64,3617.68,61488.189,1733180399999,222162561.82118,128394,25748.491,93033483.82604,0
1733180400000,3617.67,3647.57,3614.19,3646.26,79415.853,1733183999999,288676221.26028,147466,44272.642,160935440.59298,0
1733184000000,3646.26,3649.90,3624.01,3639.63,102501.495,1733187599999,372943991.07291,203697,39854.863,145053210.37867,0
1733187600000,3639.63,3656.81,3620.41,3622.00,99766.967,1733191199999,362949847.72445,197018,48508.034,176559543.32556,0
1733191200000,3622.01,3661.93,3611.00,3646.89,130186.226,1733194799999,473703531.83338,220437,64107.321,233220796.64115,0
1733194800000,3646.90,3660.25,3635.13,3641.93,77081.480,1733198399999,281168872.35761,142204,29687.791,108326183.86179,0
1733198400000,3641.94,3659.00,3637.66,3647.48,57491.794,1733201999999,209888476.80530,123283,29592.846,108036267.28899,0
1733202000000,3647.47,3667.99,3643.48,3658.12,66643.780,1733205599999,243746547.81737,129349,37114.274,135760856.20048,0
1733205600000,3658.11,3673.90,3628.50,3636.71,130150.457,1733209199999,475772812.27008,186961,62613.996,229011876.38337,0
1733209200000,3636.70,3644.46,3602.32,3619.54,211678.756,1733212799999,766319694.80714,344432,104104.274,376968427.37791,0
1733212800000,3619.54,3638.45,3602.24,3616.78,138100.668,1733216399999,499896548.14756,230095,59777.975,216497187.43773,0
1733216400000,3616.78,3618.36,3598.63,3613.01,95747.913,1733219999999,345466102.39241,176748,38832.096,140141534.17836,0
1733220000000,3613.00,3621.43,3587.77,3597.22,118062.186,1733223599999,425510386.22965,192848,49446.702,178270360.54140,0
1733223600000,3597.21,3617.40,3594.17,3616.19,113725.054,1733227199999,410360892.54500,188811,54393.321,196265829.20271,0
1733227200000,3616.19,3620.88,3600.36,3607.66,94883.196,1733230799999,342398286.81508,155327,42002.514,151607933.27640,0
1733230800000,3607.66,3611.71,3540.00,3548.21,378791.206,1733234399999,1352436031.32088,459292,152777.443,545621022.84515,0
1733234400000,3548.20,3587.96,3502.01,3581.87,642988.046,1733237999999,2282315767.19310,714694,296180.694,1051791034.68418,0
1733238000000,3581.87,3598.88,3560.00,3574.23,279816.668,1733241599999,1002357330.96653,450184,126682.734,453808956.89211,0
1733241600000,3574.19,3597.27,3543.57,3554.47,181030.247,1733245199999,646573958.57951,282231,84876.182,303260833.06163,0
1733245200000,3554.46,3581.48,3540.67,3580.76,130219.517,1733248799999,463345294.24680,227524,69447.969,247129995.29287,0
1733248800000,3580.75,3586.32,3568.08,3581.15,70208.404,1733252399999,251110379.61687,138185,33317.483,119182687.84093,0
1733252400000,3581.16,3582.19,3552.00,3579.27,82770.612,1733255999999,295349730.80174,160433,35380.303,126247875.82847,0
1733256000000,3579.27,3612.77,3576.86,3609.29,113046.176,1733259599999,406582997.81801,164219,64427.651,231734048.57133,0
1733259600000,3609.30,3630.96,3605.66,3614.33,122492.878,1733263199999,443482763.06812,175849,59318.574,214769268.09370,0
1733263200000,3614.34,3636.59,3597.52,3635.42,89609.958,1733266799999,323867387.51654,132647,47296.907,171045932.56298,0
1733266800000,3635.41,3637.09,3613.91,3616.82,100150.033,1733270399999,363154834.46714,183379,44602.032,161743761.99786,0
1733270400000,3616.83,3701.19,3616.82,3698.56,274437.521,1733273999999,1003396869.34927,339303,160524.022,587301580.09437,0
1733274000000,3698.56,3711.80,3677.43,3688.52,348837.197,1733277599999,1288693681.90502,469488,165323.292,610787940.18437,0
1733277600000,3688.51,3690.83,3631.03,3651.03,269134.301,1733281199999,982711786.81576,343431,120303.020,439113799.52467,0
1733281200000,3651.03,3679.46,3650.68,3664.90,89966.149,1733284799999,330032820.97348,153096,44181.330,162057250.29866,0
1733284800000,3664.90,3677.84,3663.18,3671.99,69191.089,1733288399999,254045308.12530,112280,31657.838,116233775.01650,0
1733288400000,3671.99,3689.37,3671.90,3684.60,101767.757,1733291999999,374647797.80488,130001,45593.019,167854122.54030,0
1733292000000,3684.59,3697.86,3666.20,3696.96,109792.886,1733295599999,404193387.66889,150313,55126.157,202989869.38989,0
1733295600000,3696.96,3724.77,3684.55,3717.79,183278.213,1733299199999,679466745.92417,244213,95279.057,353290366.04671,0
1733299200000,3717.79,3722.79,3700.10,3705.29,119705.660,1733302799999,444008560.56025,168204,49357.422,183099887.42912,0
1733302800000,3705.30,3734.45,3699.00,3728.73,137884.270,1733306399999,513036946.74511,191688,68480.718,254889095.47502,0
1733306400000,3728.73,3744.41,3713.52,3724.13,175273.346,1733309999999,653457284.17666,227527,79410.272,296077601.14251,0
1733310000000,3724.12,3754.05,3715.00,3731.00,212382.524,1733313599999,793180793.22353,233462,99205.408,370606292.85917,0
1733313600000,3731.01,3746.38,3700.00,3720.41,233228.055,1733317199999,866960882.27559,295507,102072.624,379469441.23614,0
1733317200000,3720.40,3738.84,3690.46,3710.68,220616.188,1733320799999,818641455.09215,304261,105474.174,391629644.44980,0
1733320800000,3710.68,3798.96,3695.41,3781.70,397552.730,1733324399999,1493527467.30175,507006,221722.923,833293606.06870,0
1733324400000,3781.44,3858.19,3765.38,3824.39,702685.558,1733327999999,2684679649.19887,759129,355308.513,1357851372.83694,0
1733328000000,3824.38,3832.43,3736.01,3758.69,596556.512,1733331599999,2255110901.24010,657831,291095.869,1100245821.87387,0
1733331600000,3758.71,3822.55,3757.23,3813.64,312584.120,1733335199999,1185128894.91750,463731,161014.426,610391980.26015,0
1733335200000,3813.64,3842.72,3798.00,3825.47,207174.139,1733338799999,791857822.61882,314170,98178.860,375350298.90707,0
1733338800000,3825.46,3846.69,3819.59,3843.36,131015.153,1733342399999,502247078.90090,246414,63169.982,242183611.28062,0
1733342400000,3843.36,3891.00,3832.15,3882.41,370672.420,1733345999999,1433771538.27299,475502,199865.268,773172287.32005,0
1733346000000,3882.41,3891.00,3836.02,3841.06,212961.955,1733349599999,822812625.21693,339133,98153.737,379221032.71678,0
1733349600000,3841.07,3873.93,3836.59,3844.49,92020.946,1733353199999,354532663.99922,163009,48031.038,185039000.55514,0
1733353200000,3844.48,3863.39,3823.42,3840.75,140610.736,1733356799999,540309047.67777,251694,57992.366,222890233.60112,0
1733356800000,3840.74,3842.51,3798.60,3799.50,150919.903,1733360399999,575897490.42908,294960,69239.687,264239322.73076,0
1733360400000,3799.50,3830.20,3769.75,3804.34,332385.328,1733363999999,1262114025.69122,421488,161178.726,612166384.65552,0
1733364000000,3804.34,3885.36,3801.00,3860.26,362937.562,1733367599999,1396999937.94050,484636,191046.324,735351953.71022,0
1733367600000,3860.21,3912.00,3820.84,3836.78,573780.709,1733371199999,2221227152.36922,670505,276618.959,1071274672.91199,0
1733371200000,3836.78,3884.65,3833.90,3860.33,245262.728,1733374799999,947876608.31043,352488,130994.395,506270466.16451,0
1733374800000,3860.33,3873.00,3826.44,3850.31,139963.204,1733378399999,539061249.46443,259995,62811.497,242000127.33266,0
1733378400000,3850.30,3868.74,3822.42,3853.84,120146.801,1733381999999,462216445.70052,228045,60246.878,231867278.81368,0
1733382000000,3853.85,3870.50,3846.80,3853.65,124217.400,1733385599999,479279916.31072,176832,54386.696,209867021.23483,0
1733385600000,3853.66,3927.61,3853.65,3910.21,348827.044,1733389199999,1360685411.18305,397178,189019.856,737363474.36372,0
1733389200000,3910.22,3925.00,3902.90,3924.34,179195.966,1733392799999,701849342.92203,226820,86724.460,339703013.94117,0
1733392800000,3924.35,3939.00,3911.06,3918.77,215361.893,1733396399999,845562461.39723,264221,111218.067,436695495.50898,0
1733396400000,3918.78,3948.00,3912.30,3934.35,170269.854,1733399999999,670169775.89483,229259,89935.564,353986403.70152,0
1733400000000,3934.35,3943.35,3921.28,3927.70,146190.614,1733403599999,574824243.59992,225103,71273.035,280270175.92795,0
1733403600000,3927.71,3940.77,3916.35,3921.06,119702.406,1733407199999,470031938.25486,181101,54092.712,212400322.21097,0
1733407200000,3921.06,3960.00,3905.45,3929.99,218215.447,1733410799999,857910231.86840,309248,107664.445,423532064.60621,0
1733410800000,3930.00,3933.47,3862.37,3890.78,439713.384,1733414399999,1711923239.04505,492531,208082.620,810320331.12810,0
1733414400000,3890.78,3924.36,3872.77,3904.55,204064.542,1733417999999,795922974.29038,338651,104352.135,407062516.53719,0
1733418000000,3904.56,3930.00,3896.17,3921.68,139513.080,1733421599999,546353073.37129,249657,75178.009,294432253.07824,0
1733421600000,3921.67,3927.67,3867.46,3873.00,173759.121,1733425199999,677048755.31250,233957,71320.602,278072112.34761,0
1733425200000,3873.01,3890.92,3823.00,3833.94,283161.171,1733428799999,1091933378.83076,374068,120427.308,464725495.62170,0
1733428800000,3833.93,3850.00,3787.56,3828.16,387590.426,1733432399999,1480139738.34742,507506,184385.108,704577899.79424,0
1733432400000,3828.17,3861.38,3822.31,3857.89,141733.966,1733435999999,545025800.72575,221998,71227.895,273897634.52873,0
1733436000000,3857.93,3864.60,3615.00,3805.76,705936.301,1733439599999,2667173227.35877,769482,303437.083,1148330863.13065,0
1733439600000,3805.76,3821.41,3765.42,3787.31,284550.554,1733443199999,1079095660.72009,448866,125082.413,474433086.28894,0
1733443200000,3787.30,3887.00,3780.00,3865.61,275552.766,1733446799999,1057367012.29130,418560,153028.510,587003614.87871,0
1733446800000,3865.61,3891.69,3841.22,3872.19,199349.663,1733450399999,771187512.13273,285423,95342.101,368874497.02911,0
1733450400000,3872.18,3880.00,3852.44,3880.00,113737.706,1733453999999,439721128.51723,180953,55895.386,216102521.88193,0
1733454000000,3880.00,3917.80,3851.18,3909.82,165823.064,1733457599999,643915873.94835,271866,86664.669,336828684.21896,0
1733457600000,3909.83,3917.00,3891.42,3905.51,100945.413,1733461199999,393832523.76262,184440,41421.813,161629241.47537,0
1733461200000,3905.50,3906.39,3875.35,3892.03,95793.625,1733464799999,372439828.91446,158759,40943.423,159191757.41804,0
1733464800000,3892.03,3932.96,3891.40,3909.77,139295.915,1733468399999,545470188.54024,224866,74319.293,291065980.66739,0
1733468400000,3909.76,3910.71,3888.64,3896.50,81193.477,1733471999999,316604642.63020,139695,36558.382,142569904.06731,0
1733472000000,3896.50,3913.33,3881.00,3882.55,96299.408,1733475599999,375418704.12162,162028,42516.156,165808119.79037,0
1733475600000,3882.56,3891.08,3860.00,3871.42,193778.493,1733479199999,750478136.44881,292509,93792.588,363313994.52249,0
1733479200000,3871.42,3879.55,3846.42,3867.01,133362.401,1733482799999,514953063.53877,242419,61768.254,238528723.88077,0
1733482800000,3867.00,3882.62,3855.03,3869.74,83683.401,1733486399999,323486077.75201,181550,39982.053,154581684.29566,0
1733486400000,3869.74,3886.00,3835.36,3839.76,134191.986,1733489999999,518212650.66764,229137,61066.907,235898992.68599,0
1733490000000,3839.80,3897.00,3838.92,3891.28,250625.255,1733493599999,970344622.24137,397917,131153.640,507633025.87111,0
1733493600000,3891.27,3989.00,3876.44,3987.87,478350.485,1733497199999,1884525674.76814,586757,260030.756,1024990068.12223,0
1733497200000,3987.88,4046.00,3977.47,3996.28,752547.958,1733500799999,3018652219.13584,802469,371252.568,1489377021.97496,0
1733500800000,3996.29,4017.81,3983.38,4006.73,198608.636,1733504399999,795049632.99173,322407,98410.852,393936290.28017,0
1733504400000,4006.72,4046.36,4006.72,4019.03,204525.913,1733507999999,823508333.18168,311806,102529.514,412801697.19076,0
1733508000000,4019.03,4062.69,4010.57,4054.42,232222.666,1733511599999,938544847.24234,337297,123820.186,500550809.37432,0
1733511600000,4054.41,4078.23,4046.39,4071.00,147403.087,1733515199999,598844065.37883,253504,74830.761,304077205.66338,0
1733515200000,4071.00,4092.83,4026.93,4047.96,285924.794,1733518799999,1162574919.99481,321870,144081.855,586016721.83601,0
1733518800000,4047.97,4059.00,4022.20,4026.55,105008.928,1733522399999,424363882.49756,188710,51666.723,208857077.85342,0
1733522400000,4026.56,4043.62,4024.60,4027.18,53835.811,1733525999999,217204724.06443,107038,27281.964,110077398.37719,0
1733526000000,4027.17,4030.00,3990.92,4001.75,123065.992,1733529599999,493569621.51646,206822,55342.095,221998791.61236,0
1733529600000,4001.75,4027.82,3995.00,4016.04,100118.131,1733533199999,401796270.50096,179964,52558.588,210942125.26833,0
1733533200000,4016.05,4019.56,3981.35,3984.59,123707.578,1733536799999,494187562.34234,202496,61129.831,244227090.86255,0
1733536800000,3984.59,4004.70,3978.05,3994.88,79109.429,1733540399999,316161191.38470,138999,44727.898,178769974.35973,0
1733540400000,3994.87,3998.57,3972.24,3990.20,71090.629,1733543999999,283540381.77499,141857,37297.654,148808397.59762,0
1733544000000,3990.21,4003.29,3983.99,3997.67,74478.534,1733547599999,297456444.35123,118942,39518.899,157868396.42865,0
1733547600000,3997.68,4006.41,3984.79,3992.16,59471.197,1733551199999,237549345.94276,107418,29924.327,119525430.50683,0
1733551200000,3992.15,3995.62,3980.08,3981.53,52237.182,1733554799999,208341462.21705,99482,25095.713,100101831.97632,0
1733554800000,3981.53,3991.33,3970.00,3989.09,71638.546,1733558399999,285278709.21911,131015,37093.489,147741826.65447,0
1733558400000,3989.09,3998.24,3976.29,3982.18,68564.084,1733561999999,273389012.00103,115559,31657.085,126257746.00361,0
1733562000000,3982.18,3994.83,3981.22,3989.20,41407.003,1733565599999,165140351.24577,95429,20149.918,80359738.81256,0
1733565600000,3989.20,3989.74,3977.60,3985.10,41066.284,1733569199999,163586876.06224,88370,16694.357,66498006.74917,0
1733569200000,3985.10,4012.50,3983.38,4001.26,85577.837,1733572799999,342371359.80193,140253,43463.201,173902024.91927,0
1733572800000,4001.27,4007.41,3992.47,4001.99,51973.276,1733576399999,207889463.55288,107835,23802.538,95221665.60621,0
1733576400000,4001.98,4011.47,3993.60,3997.14,51042.882,1733579999999,204325906.66972,109524,24665.780,98733201.96051,0
1733580000000,3997.13,4011.43,3979.01,4000.68,99868.065,1733583599999,398653903.02343,165345,47904.593,191214398.84970,0
1733583600000,4000.66,4012.25,3990.50,4007.66,73118.303,1733587199999,292517613.81114,135342,38284.427,153204477.90654,0
1733587200000,4007.66,4009.71,3989.16,4000.55,76414.339,1733590799999,305542166.07094,130144,34827.266,139252912.36520,0
1733590800000,4000.54,4001.50,3989.31,3995.06,35331.179,1733594399999,141123380.23996,82535,18234.667,72837869.91349,0
1733594400000,3995.06,4020.24,3994.26,4014.39,72464.156,1733597999999,290410720.45453,115833,36412.561,145976178.84141,0
1733598000000,4014.40,4023.83,4006.00,4015.46,57461.137,1733601599999,230785933.22352,107172,27148.017,109038002.21813,0
1733601600000,4015.45,4028.69,4010.00,4019.99,40985.457,1733605199999,164745490.42366,86020,20760.273,83468571.71290,0
1733605200000,4019.99,4025.59,4000.23,4008.12,50706.846,1733608799999,203405123.71281,88479,20244.467,81223406.48047,0
1733608800000,4008.13,4011.28,3995.26,3996.84,36437.987,1733612399999,145867096.73435,73673,16803.763,67282193.14247,0
1733612400000,3996.83,4015.65,3995.95,3999.79,35306.933,1733615999999,141441568.68776,79459,17878.052,71629729.53234,0
1733616000000,3999.80,4009.00,3995.80,4006.73,31393.900,1733619599999,125671695.51046,78658,14507.677,58078589.21943,0
1733619600000,4006.73,4012.38,3986.90,3995.82,43717.748,1733623199999,174857727.56872,86636,18905.827,75651862.15613,0
1733623200000,3995.82,4006.00,3992.00,4000.93,32561.234,1733626799999,130243599.96244,68052,17560.675,70256316.58923,0
1733626800000,4000.93,4005.57,3991.05,3992.36,29014.036,1733630399999,116009644.27443,60393,12709.500,50820290.72895,0
1733630400000,3992.35,3998.90,3982.77,3982.77,64119.740,1733633999999,255853320.80565,98493,27945.836,111518249.62664,0
1733634000000,3982.78,3987.65,3960.93,3973.59,123608.817,1733637599999,491311014.11054,166687,53505.291,212737715.78069,0
1733637600000,3973.58,3985.72,3961.31,3982.58,65570.524,1733641199999,260597057.58792,118562,31879.296,126737742.26211,0
1733641200000,3982.58,3990.00,3975.60,3983.19,37720.330,1733644799999,150300287.42921,69303,19828.344,79017494.01680,0
1733644800000,3983.18,3984.61,3940.01,3942.96,165779.510,1733648399999,656082120.35937,229706,64953.793,257088710.75080,0
1733648400000,3942.96,3961.29,3926.00,3938.98,157768.509,1733651999999,622063417.65770,206080,69378.448,273660788.47800,0
1733652000000,3938.98,3967.56,3938.98,3965.02,77640.390,1733655599999,307232649.93300,130152,40306.692,159489220.11577,0
1733655600000,3965.03,3983.44,3958.34,3974.40,80921.708,1733659199999,321475492.37816,114116,44482.837,176740120.22385,0
1733659200000,3974.39,3996.00,3962.00,3988.80,87448.923,1733662799999,347978433.85420,139906,48082.953,191388439.76228,0
1733662800000,3988.79,4006.98,3982.62,4000.20,110922.405,1733666399999,443236614.48874,181319,53127.638,212343428.54891,0
1733666400000,4000.19,4000.86,3979.14,3981.78,73736.836,1733669999999,294295864.04280,109148,24870.720,99288962.01711,0
1733670000000,3981.79,4004.15,3958.05,3993.92,142623.263,1733673599999,567810817.17542,213561,72101.206,287107402.23837,0
1733673600000,3993.92,4003.00,3978.17,3986.54,73009.778,1733677199999,291457399.55083,134114,32364.856,129227306.45264,0
1733677200000,3986.54,3994.62,3976.48,3988.48,53244.974,1733680799999,212251139.97819,108549,24845.775,99065955.43943,0
1733680800000,3988.47,3990.37,3967.32,3970.44,52033.321,1733684399999,206923986.37938,101124,27071.957,107666181.82958,0
1733684400000,3970.44,3995.66,3966.68,3992.57,51888.062,1733687999999,206562353.32751,104364,24399.364,97152966.06591,0
1733688000000,3992.57,3995.32,3978.57,3979.29,37017.407,1733691599999,147628358.98582,77919,16092.565,64183596.56934,0
1733691600000,3979.29,3996.00,3978.05,3994.00,28351.165,1733695199999,113053344.67816,62212,13436.963,53586031.76710,0
1733695200000,3994.00,4013.70,3991.02,4013.01,58569.082,1733698799999,234384193.68571,80072,36397.872,145672544.60932,0
1733698800000,4013.00,4019.57,3989.26,4007.30,109010.465,1733702399999,436529722.34038,174682,53357.270,213723421.03568,0
1733702400000,4007.31,4010.67,3955.55,3975.20,188326.532,1733705999999,748976268.92751,287980,86572.942,344345202.10205,0
1733706000000,3975.20,3983.21,3943.30,3947.25,113967.509,1733709599999,451297301.37969,211383,47854.322,189556171.28085,0
1733709600000,3947.24,3961.42,3936.99,3943.83,91107.378,1733713199999,359638559.96307,192307,42221.123,166712671.49894,0
1733713200000,3943.84,3958.23,3906.13,3932.53,159549.603,1733716799999,626904686.03860,231132,66743.939,262360302.72205,0
1733716800000,3932.53,3944.45,3905.15,3943.16,138059.991,1733720399999,542194256.17717,194219,69239.984,272048522.97921,0
1733720400000,3943.16,3951.00,3936.31,3945.95,50975.872,1733723999999,201052001.13483,100945,23992.950,94636974.00919,0
1733724000000,3945.94,3946.08,3908.09,3918.39,103638.363,1733727599999,406722226.72774,173222,46560.713,182724495.59257,0
1733727600000,3918.38,3929.00,3883.00,3920.50,289882.913,1733731199999,1131200977.35726,355680,129432.736,505263003.96348,0
1733731200000,3920.51,3923.02,3863.05,3869.70,249081.693,1733734799999,968346966.73944,355946,111074.668,432011491.82546,0
1733734800000,3869.70,3888.99,3853.07,3875.73,184187.449,1733738399999,713091094.24231,325327,92769.597,359228741.31279,0
1733738400000,3875.72,3890.96,3867.26,3886.98,83364.941,1733741999999,323544844.18957,181094,38945.838,151166435.21137,0
1733742000000,3886.97,3887.05,3845.00,3853.68,146182.776,1733745599999,564146612.00434,248489,63707.381,245913638.25730,0
1733745600000,3853.68,3869.91,3838.73,3866.41,142225.605,1733749199999,548254546.99312,251242,63135.497,243501091.46905,0
1733749200000,3866.40,3906.53,3853.63,3899.71,168286.990,1733752799999,653743266.31557,254269,89000.727,345792235.79271,0
1733752800000,3899.71,3947.74,3878.99,3933.61,226218.604,1733756399999,885406883.17284,340771,114696.975,449099056.82187,0
1733756400000,3933.62,3939.58,3805.02,3826.42,599362.606,1733759999999,2308292195.63746,687696,251595.633,968867861.55973,0
1733760000000,3826.43,3869.36,3810.01,3848.61,302146.917,1733763599999,1161374080.31205,396528,171210.693,658267830.08552,0
1733763600000,3848.62,3866.66,3829.64,3830.56,106284.931,1733767199999,409091189.62284,210893,46380.850,178596671.60587,0
1733767200000,3830.56,3861.23,3828.17,3839.40,113644.397,1733770799999,437056978.27646,190570,53256.803,204806301.85903,0
1733770800000,3839.39,3839.40,3785.00,3797.28,213799.105,1733774399999,814448162.55945,289761,87099.461,332060575.84477,0
1733774400000,3797.28,3806.72,3724.03,3745.41,478838.691,1733777999999,1803528737.51913,629939,212348.347,800284695.53141,0
1733778000000,3745.41,3749.58,3475.00,3699.14,1193859.566,1733781599999,4368526871.63508,1119554,508790.849,1864762474.14241,0
1733781600000,3699.13,3733.30,3508.63,3715.06,951679.828,1733785199999,3489676620.41075,1027853,468153.774,1718387706.00326,0
1733785200000,3715.07,3735.84,3690.01,3712.55,247418.789,1733788799999,918625517.75135,435897,110016.240,408510194.00349,0
1733788800000,3712.55,3781.29,3677.76,3768.28,342520.870,1733792399999,1279513736.17305,471373,174104.099,650692489.00868,0
1733792400000,3768.28,3775.39,3724.51,3758.40,166504.390,1733795999999,624224976.31181,301879,77682.336,291257743.05586,0
1733796000000,3758.40,3758.41,3685.59,3687.51,180342.398,1733799599999,671366673.20028,325196,77428.957,288351924.67993,0
1733799600000,3687.52,3699.48,3616.00,3682.99,453611.001,1733803199999,1661355634.19654,661649,223734.227,819665855.99085,0
1733803200000,3683.00,3710.78,3637.61,3709.59,183591.355,1733806799999,674789205.97071,358305,93933.222,345265285.17398,0
1733806800000,3709.58,3714.78,3680.07,3703.72,101190.666,1733810399999,374266986.57705,241486,46234.854,171019596.20165,0
1733810400000,3703.73,3744.00,3691.94,3739.93,124298.423,1733813999999,462931271.34984,258254,64676.741,240872127.62775,0
1733814000000,3739.93,3741.19,3720.00,3734.50,84258.909,1733817599999,314256257.78386,180501,39243.727,146377711.62424,0
1733817600000,3734.51,3753.58,3713.52,3743.58,110053.309,1733821199999,410997975.63679,218108,61094.886,228240837.10940,0
1733821200000,3743.58,3766.59,3735.63,3752.37,104813.322,1733824799999,393241571.09130,228572,49578.963,186048816.37113,0
1733824800000,3752.36,3774.00,3750.74,3763.71,97218.304,1733828399999,365838292.68416,190150,49654.715,186873723.45173,0
1733828400000,3763.71,3764.06,3738.77,3750.39,76932.313,1733831999999,288655513.84044,168408,34755.542,130425146.94849,0
1733832000000,3750.39,3754.79,3664.61,3676.99,310282.191,1733835599999,1148156663.08060,427895,146194.079,540846337.50102,0
1733835600000,3676.98,3713.00,3673.57,3693.84,200824.854,1733839199999,742563065.25124,364007,97970.093,362235496.42446,0
1733839200000,3693.84,3732.47,3654.80,3671.34,353829.761,1733842799999,1307993604.92332,519258,169770.695,627794987.19237,0
1733842800000,3671.34,3687.91,3554.46,3568.08,769878.458,1733846399999,2777302482.58257,894391,346876.968,1251573053.67387,0
1733846400000,3568.12,3619.00,3530.20,3613.66,713290.233,1733849999999,2546081756.83922,873803,351724.279,1256377197.42445,0
1733850000000,3613.67,3616.12,3520.01,3527.72,425585.558,1733853599999,1514904585.50181,656519,193725.667,689704935.57074,0
1733853600000,3527.71,3596.73,3512.71,3581.39,276935.286,1733857199999,985157625.15778,495857,129294.172,459925546.20428,0
1733857200000,3581.39,3635.31,3577.22,3629.01,135533.681,1733860799999,489690155.96335,296597,75654.155,273339737.77812,0
1733860800000,3629.00,3658.43,3619.52,3645.94,164225.247,1733864399999,598267646.26984,298394,83069.918,302665397.54765,0
1733864400000,3645.99,3673.26,3630.08,3639.23,125042.343,1733867999999,456894943.22401,285061,59497.235,217448900.33345,0
1733868000000,3639.22,3655.85,3629.32,3633.01,67723.753,1733871599999,246702283.81061,159958,29572.893,107722075.01170,0
1733871600000,3633.02,3652.66,3612.18,3628.40,106096.567,1733875199999,385162338.01243,197009,49885.820,181131402.81642,0
1733875200000,3628.41,3638.27,3581.17,3611.65,142728.129,1733878799999,515481040.17063,265334,70883.745,256095150.06031,0
1733878800000,3611.64,3614.54,3565.32,3567.59,162478.156,1733882399999,582896674.44382,312501,75227.879,269948504.63538,0
1733882400000,3567.60,3659.40,3562.65,3651.46,166571.888,1733885999999,602652384.51599,289769,95279.969,344835227.45506,0
1733886000000,3651.46,3669.60,3648.35,3665.28,107189.492,1733889599999,392446642.60612,207547,56105.121,205435792.69000,0
1733889600000,3665.29,3681.21,3657.10,3668.19,85563.965,1733893199999,313960551.60263,164477,43230.619,158674729.29061,0
1733893200000,3668.20,3674.96,3646.61,3659.54,55375.295,1733896799999,202522495.67917,127263,26401.675,96572500.09585,0
1733896800000,3659.48,3678.32,3651.00,3674.76,58067.998,1733900399999,213071590.69314,122435,30876.449,113299487.69584,0
1733900400000,3674.77,3681.62,3650.21,3652.17,67936.558,1733903999999,248896454.94406,130745,29724.538,108905415.84061,0
1733904000000,3652.16,3707.00,3651.00,3696.19,142934.623,1733907599999,526891498.25266,224630,78552.864,289553882.39457,0
1733907600000,3696.19,3700.00,3682.66,3699.77,67714.494,1733911199999,250031566.99675,122242,30438.405,112416872.69410,0
1733911200000,3699.76,3708.16,3693.89,3707.32,52275.281,1733914799999,193436891.57434,104930,25679.990,95034007.30520,0
1733914800000,3707.32,3727.50,3703.20,3716.09,117906.747,1733918399999,437782523.42146,168406,60643.316,225143295.50340,0
1733918400000,3716.10,3736.87,3709.66,3721.72,108992.819,1733921999999,405834638.51001,172219,51055.876,190147596.38280,0
1733922000000,3721.71,3749.00,3706.72,3742.60,210788.278,1733925599999,786802759.93995,300913,103238.434,385394766.29265,0
1733925600000,3742.59,3777.00,3715.21,3769.23,219826.295,1733929199999,823753740.27134,320379,112073.759,420171623.49327,0
1733929200000,3769.24,3820.00,3762.36,3786.75,375459.298,1733932799999,1424436268.26164,465214,194846.062,739423437.89944,0
1733932800000,3786.76,3802.67,3778.18,3796.04,159914.353,1733936399999,606166978.26909,253002,76962.071,291754803.79488,0
1733936400000,3796.04,3813.10,3756.60,3761.77,148180.292,1733939999999,560874161.80633,228013,66266.736,250929002.97621,0
1733940000000,3761.76,3808.00,3752.48,3789.91,138917.526,1733943599999,525420834.87883,223669,78626.083,297434143.41597,0
1733943600000,3789.90,3812.33,3787.86,3802.39,85229.357,1733947199999,324046928.50208,135955,41002.180,155905891.37974,0
1733947200000,3802.39,3840.56,3801.42,3830.61,134700.168,1733950799999,514754514.49748,203789,80043.805,305908778.38992,0
1733950800000,3830.60,3833.17,3810.61,3827.23,64406.995,1733954399999,246040702.82859,115585,31332.509,119696216.48744,0
1733954400000,3827.23,3844.28,3820.84,3834.48,72305.823,1733957999999,277106505.94439,113287,38461.547,147427335.53311,0
1733958000000,3834.48,3846.95,3822.78,3830.44,62294.659,1733961599999,238976971.06542,124699,28496.323,109330533.83052,0
1733961600000,3830.44,3836.12,3805.60,3816.99,85142.129,1733965199999,325290446.46161,168469,37406.313,142903380.16146,0
1733965200000,3817.00,3822.00,3795.25,3803.40,80568.304,1733968799999,306994063.74479,147080,35309.678,134564060.48404,0
1733968800000,3803.40,3884.00,3801.12,3879.36,135533.117,1733972399999,520425640.35471,193685,86940.813,333995380.99523,0
1733972400000,3879.35,3947.62,3848.07,3933.77,343469.994,1733975999999,1341356743.22999,481178,171048.158,668080243.53779,0
1733976000000,3933.76,3943.41,3893.00,3907.74,179170.269,1733979599999,701790460.31501,246693,80655.620,315935877.52773,0
1733979600000,3907.75,3945.00,3900.18,3924.31,148932.111,1733983199999,584431470.73883,194515,91577.121,359303531.13958,0
1733983200000,3924.30,3936.30,3906.00,3936.29,106038.355,1733986799999,416030531.43921,163063,49201.234,193071323.17708,0
1733986800000,3936.29,3941.00,3901.82,3904.58,96274.350,1733990399999,377544561.86689,141673,44991.772,176463746.85807,0
1733990400000,3904.58,3921.96,3900.00,3910.83,77324.150,1733993999999,302475593.96319,116936,38274.707,149751734.10597,0
1733994000000,3910.82,3935.92,3910.08,3921.01,83628.220,1733997599999,328202601.89486,115033,43660.513,171361589.25792,0
1733997600000,3921.00,3924.99,3890.25,3924.65,156959.627,1734001199999,613275495.19582,217530,81300.768,317667782.72459,0
1734001200000,3924.65,3937.31,3902.00,3912.73,146839.216,1734004799999,575452018.73217,213020,75861.661,297367293.92681,0
1734004800000,3912.74,3962.24,3912.73,3954.82,199563.731,1734008399999,785755607.20340,221167,123894.525,487997864.31198,0
1734008400000,3954.83,3979.08,3916.00,3941.79,355671.628,1734011999999,1404083701.90610,494150,172207.762,679949193.17936,0
1734012000000,3941.79,3984.40,3930.00,3981.00,269762.286,1734015599999,1067571416.99047,444569,144035.404,570188009.20079,0
1734015600000,3981.00,3986.94,3937.70,3956.90,223588.246,1734019199999,886449673.20924,345397,108328.803,429547469.16397,0
1734019200000,3956.91,3985.30,3927.77,3933.00,218792.592,1734022799999,865249085.16712,332041,96849.843,383076532.97145,0
1734022800000,3933.01,3965.80,3927.00,3960.50,114627.222,1734026399999,451978719.54994,184669,66301.167,261454780.19308,0
1734026400000,3960.50,3965.60,3910.56,3919.41,117368.419,1734029999999,461498662.51561,188402,51740.587,203452633.73783,0
1734030000000,3919.40,3932.67,3853.19,3870.59,348548.912,1734033599999,1353773200.50903,455792,164752.339,639934903.27577,0
1734033600000,3870.58,3901.33,3863.02,3886.30,109412.343,1734037199999,424790818.22297,216116,58161.672,225841337.54933,0
1734037200000,3886.29,3894.80,3860.57,3864.28,97963.523,1734040799999,379727827.01780,160176,45459.400,176173196.95896,0
1734040800000,3864.29,3885.56,3835.00,3881.25,172229.439,1734044399999,664703981.35852,231391,81507.772,314620236.05150,0
1734044400000,3881.26,3886.13,3856.32,3880.52,69826.350,1734047999999,270471518.24227,145883,36151.213,140033567.69570,0
1734048000000,3880.52,3904.84,3873.47,3887.77,84360.181,1734051599999,328241551.80378,161403,42107.970,163860375.00356,0
1734051600000,3887.77,3888.64,3851.80,3883.33,106166.560,1734055199999,410807533.60261,212483,50842.197,196738552.52144,0
1734055200000,3883.32,3926.51,3877.29,3906.17,143538.206,1734058799999,560578238.88549,232034,77270.512,301815892.66252,0
1734058800000,3906.17,3940.00,3900.35,3931.36,107914.914,1734062399999,423305148.77077,197274,60026.793,235459405.59888,0
1734062400000,3931.35,3935.05,3910.58,3915.91,81125.160,1734065999999,318110563.12620,162808,35316.313,138487127.91039,0
1734066000000,3915.91,3930.58,3904.00,3908.40,64527.941,1734069599999,252516694.35419,117930,26059.273,102045418.48176,0
1734069600000,3908.39,3926.00,3885.02,3885.29,101961.725,1734073199999,397961355.82045,162331,41607.757,162495912.81013,0
1734073200000,3885.29,3903.00,3870.00,3884.58,127371.778,1734076799999,494894254.33685,222620,65991.453,256428962.93229,0
1734076800000,3884.57,3902.79,3872.62,3897.39,67168.609,1734080399999,261362814.65171,144852,33510.687,130410836.76050,0
1734080400000,3897.38,3902.77,3873.34,3888.41,71358.839,1734083999999,277394008.79130,126973,33578.008,130573405.74176,0
1734084000000,3888.41,3907.75,3870.85,3903.01,89959.749,1734087599999,349875097.40469,139272,47448.201,184597508.57401,0
1734087600000,3903.00,3923.40,3900.20,3900.40,101173.587,1734091199999,395686253.16076,141503,60415.586,236309405.39268,0
1734091200000,3900.40,3930.58,3900.40,3929.44,89391.615,1734094799999,350324454.04674,149563,44334.625,173743158.62602,0
1734094800000,3929.44,3936.53,3907.26,3923.69,119055.552,1734098399999,466786256.78970,182754,53050.942,208037063.75155,0
1734098400000,3923.68,3950.00,3916.24,3949.77,139443.897,1734101999999,548412083.48451,264598,72257.894,284180042.43343,0
1734102000000,3949.77,3967.96,3877.34,3884.71,348387.345,1734105599999,1368153207.40753,453738,157569.334,618762875.65614,0
1734105600000,3884.71,3934.38,3879.00,3911.25,229043.179,1734109199999,894596844.19681,357893,116343.897,454363935.79911,0
1734109200000,3911.27,3946.42,3906.65,3938.99,119183.985,1734112799999,467561737.63470,215583,66241.850,259923043.06104,0
1734112800000,3938.99,3940.88,3911.09,3912.10,79904.137,1734116399999,313694674.94661,170905,34827.006,136716576.88793,0
1734116400000,3912.10,3926.05,3910.01,3916.99,36878.789,1734119999999,144447583.65787,100528,19056.994,74642195.69289,0
1734120000000,3917.00,3934.97,3910.00,3916.29,64151.162,1734123599999,251416482.38879,129963,28619.613,112198647.83809,0
1734123600000,3916.31,3916.98,3889.46,3900.41,75651.201,1734127199999,295244419.45080,122394,35285.974,137714136.40547,0
1734127200000,3900.41,3905.68,3891.42,3895.01,30533.560,1734130799999,119009559.32356,76065,15111.052,58904176.79314,0
1734130800000,3895.00,3912.49,3893.49,3905.60,36765.336,1734134399999,143528973.74146,86150,21189.573,82732001.26105,0
1734134400000,3905.59,3926.40,3894.06,3904.51,86088.999,1734137999999,336796401.42096,133446,38651.804,151236666.72763,0
1734138000000,3904.51,3944.99,3904.32,3923.75,134609.265,1734141599999,528729350.05728,239032,70686.882,277664865.44159,0
1734141600000,3923.75,3926.34,3901.04,3911.06,68611.392,1734145199999,268326057.19239,138882,32407.348,126717406.65017,0
1734145200000,3911.07,3920.00,3903.00,3909.55,41408.571,1734148799999,162052584.18933,88151,21348.549,83556145.19289,0
1734148800000,3909.55,3917.20,3904.99,3914.57,35310.050,1734152399999,138104427.49280,78489,20197.394,79007893.99279,0
1734152400000,3914.57,3921.23,3907.59,3919.68,30283.234,1734155999999,118564425.55026,60620,17049.878,66768272.85906,0
1734156000000,3919.68,3934.94,3917.40,3930.21,52042.244,1734159599999,204424463.87110,87093,27458.070,107855095.62523,0
1734159600000,3930.20,3932.80,3918.05,3920.31,31245.876,1734163199999,122634732.62073,63779,13581.654,53305129.21732,0
1734163200000,3920.30,3930.74,3916.00,3924.87,30527.341,1734166799999,119777567.26139,75003,13608.987,53398036.91779,0
1734166800000,3924.87,3926.53,3910.20,3910.96,36353.621,1734170399999,142341605.13744,77396,15240.200,59672687.60184,0
1734170400000,3910.96,3911.54,3885.00,3897.00,109926.182,1734173999999,428255864.52738,164601,49378.714,192371738.34131,0
1734174000000,3897.00,3904.71,3890.00,3893.27,36377.265,1734177599999,141820186.76262,74792,14707.208,57350741.70002,0
1734177600000,3893.26,3897.60,3863.13,3867.82,165954.786,1734181199999,643723385.52312,203582,61947.704,240248378.27939,0
1734181200000,3867.81,3875.10,3845.18,3862.57,198936.125,1734184799999,767959922.56236,266639,89772.162,346576992.79004,0
1734184800000,3862.56,3891.75,3861.87,3882.49,77673.071,1734188399999,301388407.85653,136724,40267.459,156235234.15790,0
1734188400000,3882.49,3892.74,3876.00,3887.21,56530.206,1734191999999,219650260.93991,119104,27190.876,105671420.13381,0
1734192000000,3887.20,3896.72,3867.20,3891.57,83606.606,1734195599999,324475051.06125,158815,39470.408,153181055.39303,0
1734195600000,3891.56,3896.88,3840.01,3857.74,142570.653,1734199199999,550713259.36048,214458,63003.456,243318181.63328,0
1734199200000,3857.74,3862.35,3824.02,3832.46,140928.812,1734202799999,541423959.30301,223961,61328.212,235686589.99309,0
1734202800000,3832.46,3859.80,3829.22,3857.74,72375.270,1734206399999,278360775.65261,123661,41678.905,160284809.32336,0
1734206400000,3857.74,3864.89,3822.37,3831.77,81169.524,1734209999999,311850886.34826,133485,35560.034,136614119.03623,0
1734210000000,3831.76,3856.45,3830.43,3847.01,44476.922,1734213599999,171064781.16054,98394,22347.973,85925648.58317,0
1734213600000,3847.00,3867.11,3838.00,3861.24,48597.061,1734217199999,187387330.27823,89140,23583.881,90952925.45249,0
1734217200000,3861.23,3877.00,3853.59,3868.60,88226.520,1734220799999,341345746.01138,111288,46828.007,181222465.01134,0
1734220800000,3868.60,3874.03,3854.80,3862.98,36185.071,1734224399999,139815407.90662,88493,16756.544,64754784.61792,0
1734224400000,3862.99,3894.03,3862.29,3888.11,79168.276,1734227999999,307171641.73391,130436,46269.037,179524696.27134,0
1734228000000,3888.10,3891.80,3881.31,3882.95,38240.919,1734231599999,148597502.63793,111680,17368.519,67497015.46340,0
1734231600000,3882.95,3886.11,3871.00,3873.07,32251.412,1734235199999,125081758.46081,74203,14657.520,56850474.07773,0
1734235200000,3873.07,3912.87,3871.37,3896.36,103106.201,1734238799999,401773912.56212,145437,63439.164,247229475.89576,0
1734238800000,3896.36,3903.46,3890.01,3891.41,41361.894,1734242399999,161154404.63237,75446,22328.200,87011994.74323,0
1734242400000,3891.40,3893.84,3875.00,3876.76,61097.208,1734245999999,237402750.99968,88414,21841.493,84858565.22581,0
1734246000000,3876.76,3882.56,3829.00,3843.44,140778.984,1734249599999,541691549.70130,197913,61871.885,238056248.20539,0
1734249600000,3843.45,3864.10,3835.10,3860.71,60775.664,1734253199999,233992444.52063,120838,31802.712,122444577.46209,0
1734253200000,3860.72,3866.37,3850.11,3861.75,51629.948,1734256799999,199221710.04354,95276,23707.159,91488239.22343,0
1734256800000,3861.75,3873.31,3858.88,3858.89,44273.782,1734260399999,171190501.82023,88893,21854.533,84516400.93340,0
1734260400000,3858.89,3877.19,3857.40,3876.11,46273.515,1734263999999,179057399.51990,84568,25872.316,100116118.22015,0
1734264000000,3876.10,3891.79,3867.12,3882.99,109103.678,1734267599999,423390413.90474,173437,58815.853,228289922.56675,0
1734267600000,3882.99,3891.44,3871.00,3882.06,78399.662,1734271199999,304497862.21301,130907,38153.344,148210254.04807,0
1734271200000,3882.06,3909.09,3881.19,3905.83,78848.257,1734274799999,307024924.64015,125714,46848.678,182457551.47157,0
1734274800000,3905.83,3907.68,3885.00,3893.42,73725.258,1734278399999,287236977.44047,127684,34463.048,134277036.34362,0
1734278400000,3893.42,3918.63,3885.00,3910.28,102755.529,1734281999999,401067674.17890,155831,57708.001,225279381.06760,0
1734282000000,3910.28,3915.00,3899.99,3908.65,48202.257,1734285599999,188358976.20147,92766,23333.999,91184740.37240,0
1734285600000,3908.65,3911.99,3890.01,3896.98,47651.964,1734289199999,185753344.47572,93863,20722.867,80783630.04748,0
1734289200000,3896.98,3911.90,3896.47,3902.12,29852.407,1734292799999,116560876.46372,74583,13940.818,54431893.30147,0
1734292800000,3902.12,3909.37,3887.02,3890.00,36428.495,1734296399999,142012538.75705,79556,15266.933,59522968.99449,0
1734296400000,3890.01,3891.03,3842.20,3854.19,170324.137,1734299999999,657647308.86741,265810,87134.958,336374795.73962,0
1734300000000,3854.19,3900.00,3848.04,3887.41,110138.690,1734303599999,426947820.78034,167431,63959.449,247991455.74372,0
1734303600000,3887.41,3973.67,3885.52,3958.50,310184.397,1734307199999,1220855490.65402,488094,154349.056,607642173.90293,0
1734307200000,3958.50,4018.58,3947.33,3999.49,312502.308,1734310799999,1246012162.84699,460815,168267.173,670998436.29125,0
1734310800000,3999.48,4024.86,3988.74,4008.79,167887.157,1734314399999,672422409.28271,279657,88097.682,352920768.62055,0
1734314400000,4008.80,4011.12,3960.00,3970.34,150940.185,1734317999999,600720327.03226,251071,66675.538,265311091.13021,0
1734318000000,3970.34,3977.00,3927.15,3941.52,155984.811,1734321599999,616104231.04544,243362,70051.845,276744627.74256,0
1734321600000,3941.51,3960.99,3935.05,3953.86,72729.336,1734325199999,287473686.53483,130952,40033.971,158250989.83425,0
1734325200000,3953.85,3970.99,3945.04,3965.75,54282.911,1734328799999,215085449.32664,129238,29847.730,118280786.78438,0
1734328800000,3965.75,3974.00,3948.60,3956.69,60888.863,1734332399999,241314218.97023,123407,28083.536,111335511.22706,0
1734332400000,3956.68,3982.80,3951.22,3973.15,89087.498,1734335999999,353862048.82910,137832,50556.349,200803150.80822,0
1734336000000,3973.15,3975.29,3950.69,3951.52,87728.298,1734339599999,347312663.90859,142792,37869.859,149918206.86966,0
1734339600000,3951.52,3959.40,3934.08,3941.04,100486.663,1734343199999,396650871.11765,182752,44983.094,177627561.26739,0
1734343200000,3941.04,3953.61,3923.73,3949.61,100873.086,1734346799999,397303769.36531,176021,50798.261,200117430.26461,0
1734346800000,3949.61,3952.00,3901.00,3909.09,158765.994,1734350399999,623190352.18932,224412,70754.186,277757954.45342,0
1734350400000,3909.10,3924.88,3884.93,3893.78,208589.948,1734353999999,814983290.17985,280706,100581.095,393081502.42515,0
1734354000000,3893.77,3913.45,3882.22,3897.29,126617.082,1734357599999,493781218.42195,204400,58960.801,229998641.57166,0
1734357600000,3897.28,3958.84,3897.08,3928.80,267345.634,1734361199999,1050634811.67227,333006,129899.979,510456094.60418,0
1734361200000,3928.79,3947.77,3916.43,3940.17,170430.057,1734364799999,670354483.48252,324511,85399.157,335931235.25457,0
1734364800000,3940.17,3972.62,3938.05,3961.06,234557.783,1734368399999,928093330.51884,321199,120228.663,475813555.36921,0
1734368400000,3961.06,4042.61,3957.19,4033.65,352327.801,1734371999999,1412114534.87781,471626,201332.011,806939370.07713,0
1734372000000,4033.64,4109.99,4031.37,4087.25,509960.988,1734375599999,2076821309.40731,564911,271275.480,1104779516.23158,0
1734375600000,4087.24,4089.00,4032.07,4056.99,307567.527,1734379199999,1247458189.47902,417682,147091.206,596465880.78518,0
1734379200000,4057.00,4072.77,4034.77,4042.87,118993.242,1734382799999,482379238.08994,224425,55743.355,226017329.56014,0
1734382800000,4042.88,4053.95,4016.00,4046.71,142789.403,1734386399999,575891564.82379,213194,72635.154,293064881.05686,0
1734386400000,4046.72,4052.44,4022.80,4030.42,66067.680,1734389999999,266802996.85593,124185,28670.785,115803932.54287,0
1734390000000,4030.43,4038.08,3978.13,3984.76,173578.272,1734393599999,694106398.71819,254390,79937.523,319631765.52065,0
1734393600000,3984.76,3988.50,3947.06,3957.18,200519.299,1734397199999,795283301.09731,345062,96648.809,383415466.18998,0
1734397200000,3957.19,3992.29,3942.00,3986.11,117245.759,1734400799999,465552312.27764,233466,66718.112,265012198.89355,0
1734400800000,3986.10,4022.98,3985.73,4008.15,119496.956,1734404399999,478784918.22178,208724,64513.131,258465429.05128,0
1734404400000,4008.15,4039.99,4006.22,4033.25,79492.059,1734407999999,320161834.43112,159390,43012.271,173214081.38857,0
1734408000000,4033.25,4033.68,3997.78,4004.06,106738.891,1734411599999,428375102.41894,180845,41354.381,165897549.56019,0
1734411600000,4004.06,4026.42,3998.32,4023.08,64953.298,1734415199999,260625656.78992,131918,34668.932,139159294.39412,0
1734415200000,4023.08,4029.99,3993.72,4009.08,91294.220,1734418799999,366004149.53193,153954,44096.607,176846614.26708,0
1734418800000,4009.08,4023.70,3981.31,3993.05,131225.292,1734422399999,525368402.43874,186855,58796.790,235403887.62337,0
1734422400000,3993.05,4018.20,3991.28,4009.47,85986.070,1734425999999,344585020.26100,171011,46914.531,187980195.70258,0
1734426000000,4009.48,4030.93,4002.18,4025.59,92520.269,1734429599999,371558490.72747,175730,42429.284,170427226.74635,0
1734429600000,4025.60,4028.35,4002.60,4010.21,67218.568,1734433199999,269792227.82391,161097,29213.094,117237121.32759,0
1734433200000,4010.20,4022.00,3988.02,3996.02,82410.788,1734436799999,330079522.92213,167447,37046.855,148428026.92161,0
1734436800000,3996.01,4012.27,3985.01,4000.98,95600.503,1734440399999,382313209.69256,184737,47780.935,191089448.47451,0
1734440400000,4000.98,4017.86,3992.77,4005.97,74102.824,1734443999999,296834185.05255,160436,36700.995,147017942.38896,0
1734444000000,4005.96,4024.70,3971.92,4018.66,235206.984,1734447599999,941410102.42461,394364,116534.219,466546464.69597,0
1734447600000,4018.65,4018.91,3913.75,3937.43,557259.927,1734451199999,2203479987.97804,660789,239626.553,947628558.57310,0
1734451200000,3937.42,3960.72,3921.00,3951.66,165815.765,1734454799999,653891745.70449,304239,83174.011,328083531.88078,0
1734454800000,3951.66,3983.41,3941.23,3972.83,116173.148,1734458399999,460568959.32642,221562,52191.563,206904868.07079,0
1734458400000,3972.84,3980.00,3922.01,3929.56,145755.779,1734461999999,575911334.40560,229741,59398.683,234653899.95996,0
1734462000000,3929.57,3953.40,3915.11,3943.28,105668.562,1734465599999,415674461.46854,200216,52537.369,206732372.84003,0
1734465600000,3943.27,3951.92,3923.01,3934.97,81285.970,1734469199999,320141902.18654,155771,41285.338,162613493.41341,0
1734469200000,3934.97,3950.09,3918.57,3930.67,54751.756,1734472799999,215382175.43702,136279,26633.790,104781279.27191,0
1734472800000,3930.67,3936.11,3850.75,3881.46,273591.238,1734476399999,1064292447.60516,357329,100704.184,391771471.69109,0
1734476400000,3881.46,3893.09,3844.59,3890.81,226006.511,1734479999999,874159983.50489,333603,117653.478,455380223.52497,0
1734480000000,3890.81,3901.67,3855.00,3882.22,145602.040,1734483599999,564770402.00673,251968,75327.533,292193628.68979,0
1734483600000,3882.22,3896.65,3832.02,3843.26,175882.588,1734487199999,679339233.33778,271707,75858.129,292956629.36882,0
1734487200000,3843.32,3879.33,3836.60,3869.45,117413.909,1734490799999,453587350.73839,219066,63758.108,246247101.94154,0
1734490800000,3869.45,3873.69,3835.76,3848.54,104322.103,1734494399999,401953516.08773,195231,45045.572,173560370.36573,0
1734494400000,3848.55,3849.95,3812.87,3839.90,190825.551,1734497999999,730716589.48204,331062,86842.002,332604431.76683,0
1734498000000,3839.91,3861.56,3827.75,3835.41,104158.715,1734501599999,400376641.30465,204563,52504.420,201847774.39903,0
1734501600000,3835.40,3848.60,3802.35,3827.92,148533.553,1734505199999,568164488.52280,238182,68701.491,262887327.37612,0
1734505200000,3827.92,3854.99,3823.76,3845.40,100600.098,1734508799999,386635256.14898,175432,50038.442,192308868.84534,0
1734508800000,3845.41,3860.42,3840.52,3841.28,73596.830,1734512399999,283421542.14326,150897,36247.694,139597474.35291,0
1734512400000,3841.28,3876.58,3840.36,3868.23,96213.517,1734515999999,371955676.34489,159440,54946.428,212429906.86854,0
1734516000000,3868.22,3876.23,3859.33,3872.29,74305.254,1734519599999,287397328.20627,126474,34053.597,131735100.24092,0
1734519600000,3872.29,3885.83,3871.00,3880.88,61864.212,1734523199999,239989718.23100,115943,32837.799,127386480.59816,0
1734523200000,3880.88,3889.82,3850.11,3859.49,127733.137,1734526799999,494163749.13986,215439,59515.427,230259304.91533,0
1734526800000,3859.48,3873.69,3851.02,3854.45,94721.255,1734530399999,365892680.86995,157331,48819.443,188574739.13966,0
1734530400000,3854.45,3872.08,3831.04,3836.20,150460.013,1734533999999,579456800.09557,264790,74736.623,287902475.01991,0
1734534000000,3836.20,3872.00,3823.01,3866.62,149802.575,1734537599999,576777407.77864,272732,79877.935,307623316.10760,0
1734537600000,3866.63,3878.67,3834.38,3870.97,118439.340,1734541199999,456986358.50618,222808,60922.414,235048099.03774,0
1734541200000,3870.97,3891.20,3855.36,3878.09,90395.068,1734544799999,350364388.05369,178406,43630.442,169090238.85080,0
1734544800000,3878.10,3903.01,3866.00,3897.60,77526.943,1734548399999,300937410.03733,161192,42370.701,164511686.76218,0
1734548400000,3897.61,3908.00,3767.22,3768.82,455803.632,1734551999999,1745562259.68299,637770,192923.421,739668766.14369,0
1734552000000,3768.77,3784.80,3634.97,3693.99,1051939.481,1734555599999,3899584055.64995,1190071,489766.057,1816282916.82292,0
1734555600000,3694.02,3712.79,3660.21,3690.75,296718.769,1734559199999,1094467577.34117,477505,142194.917,524612832.94917,0
1734559200000,3690.73,3701.02,3662.01,3678.65,144660.545,1734562799999,532247560.18360,272919,68453.579,251876320.43821,0
1734562800000,3678.65,3679.31,3615.01,3625.40,288933.999,1734566399999,1051774863.09778,485141,123221.746,448652953.15327,0
1734566400000,3625.41,3663.34,3625.00,3654.00,172392.716,1734569999999,628441848.84816,376808,89988.760,328023854.18179,0
1734570000000,3654.00,3656.60,3595.00,3608.48,238894.032,1734573599999,865819347.80328,351534,88012.118,319166751.11667,0
1734573600000,3608.48,3651.74,3540.00,3647.70,589019.139,1734577199999,2111133391.86945,769378,276658.526,992550979.32569,0
1734577200000,3647.71,3671.82,3642.95,3667.16,183869.984,1734580799999,672636608.81658,337176,90758.888,332065838.92943,0
1734580800000,3667.16,3675.00,3651.43,3652.60,79689.352,1734584399999,291921541.67910,160929,35744.016,130954195.03955,0
1734584400000,3652.60,3678.69,3652.60,3669.24,78240.977,1734587999999,286923256.75848,158096,39220.580,143809829.50820,0
1734588000000,3669.24,3690.66,3662.41,3677.97,82140.483,1734591599999,301968140.11256,152652,40544.665,149072949.11244,0
1734591600000,3677.97,3695.00,3676.34,3691.53,83196.414,1734595199999,306809188.78723,139310,40606.372,149764447.37484,0
1734595200000,3691.52,3691.75,3664.62,3667.72,95562.738,1734598799999,351336557.44707,170053,40994.582,150720901.17529,0
1734598800000,3667.72,3678.85,3662.79,3678.73,70532.013,1734602399999,259006871.59695,133212,38145.631,140076447.89832,0
1734602400000,3678.73,3718.47,3669.83,3705.72,161437.908,1734605999999,597175444.31396,228519,83259.600,307971358.18460,0
1734606000000,3705.71,3711.20,3695.00,3703.73,88335.129,1734609599999,327040333.84244,146828,38630.609,143036340.30330,0
1734609600000,3703.74,3708.36,3672.68,3678.43,103323.384,1734613199999,381130566.86287,190109,45166.321,166566364.58049,0
1734613200000,3678.44,3698.21,3671.78,3677.18,111972.912,1734616799999,412488761.26374,208711,59557.417,219421916.98113,0
1734616800000,3677.19,3700.00,3633.62,3636.60,303387.189,1734620399999,1112596990.74399,402244,143095.459,525215743.00930,0
1734620400000,3636.60,3639.18,3571.12,3612.46,491000.364,1734623999999,1767091727.55545,647541,237781.774,855878262.69557,0
1734624000000,3612.46,3635.90,3587.15,3618.90,192387.308,1734627599999,695037985.46020,368280,100495.862,363130140.66808,0
1734627600000,3618.91,3619.89,3380.50,3478.32,1034433.146,1734631199999,3614094146.29457,963584,417263.069,1457595158.31645,0
1734631200000,3478.67,3520.81,3403.00,3519.15,893926.771,1734634799999,3099754344.61374,1027091,454540.397,1577341900.15645,0
1734634800000,3519.16,3527.88,3372.01,3438.97,636817.412,1734638399999,2191805164.25031,753070,273699.716,942562511.25447,0
1734638400000,3438.98,3442.11,3322.20,3380.80,710316.778,1734641999999,2393813381.10126,873384,330538.278,1114784990.15887,0
1734642000000,3381.07,3454.96,3350.00,3418.61,319397.513,1734645599999,1090833769.70712,454537,166272.071,567909926.87918,0
1734645600000,3418.60,3464.77,3403.66,3458.99,163848.455,1734649199999,562370449.46803,257960,90078.300,309423847.47502,0
1734649200000,3458.99,3459.59,3413.79,3416.70,146258.765,1734652799999,502445386.02590,256945,74295.912,255371328.60195,0
1734652800000,3416.69,3437.71,3382.00,3410.90,221065.088,1734656399999,753920860.11660,384524,104484.307,356476397.19091,0
1734656400000,3410.90,3431.09,3371.63,3379.12,176798.690,1734659999999,601092174.65675,329685,83813.033,285114548.22508,0
1734660000000,3379.13,3464.98,3369.41,3454.82,214996.554,1734663599999,736776133.55656,351731,113932.375,390546865.19439,0
1734663600000,3454.82,3456.63,3406.75,3413.41,105217.315,1734667199999,360816617.26841,213799,49456.330,169549384.91350,0
1734667200000,3413.40,3430.59,3392.20,3393.06,121583.123,1734670799999,415135245.67879,218038,57930.364,197907483.39588,0
1734670800000,3393.05,3402.22,3351.00,3356.54,208872.040,1734674399999,706021415.43030,320585,95043.122,321391284.56192,0
1734674400000,3356.53,3389.99,3327.03,3359.49,224076.737,1734677999999,751670514.73289,394125,105858.451,355384207.30196,0
1734678000000,3359.49,3418.53,3357.67,3389.67,300089.839,1734681599999,1019093997.90649,459874,142817.613,485095319.15792,0
1734681600000,3389.67,3390.45,3280.00,3290.48,594766.088,1734685199999,1974308799.85406,737530,257010.618,853190473.57729,0
1734685200000,3290.47,3315.84,3260.01,3265.60,463948.812,1734688799999,1525404121.89241,669574,210749.704,693385731.99019,0
1734688800000,3265.61,3278.67,3113.46,3185.81,982909.540,1734692399999,3152768362.31462,1051948,440983.743,1415467293.62214,0
1734692400000,3185.80,3217.48,3100.50,3104.32,788189.140,1734695999999,2478318996.17257,987065,378280.426,1189858788.68739,0
1734696000000,3103.99,3254.32,3100.00,3235.09,653362.939,1734699599999,2085625315.23117,821313,338478.202,1079512085.27520,0
1734699600000,3235.08,3313.00,3205.58,3296.12,573957.016,1734703199999,1874913619.79384,707704,288357.229,942273313.62469,0
1734703200000,3296.12,3356.78,3271.05,3327.29,468756.948,1734706799999,1557102616.42838,614323,241696.722,802890185.46626,0
1734706800000,3327.28,3395.00,3325.78,3373.32,421970.035,1734710399999,1422670306.12244,583141,226492.383,763664209.27389,0
1734710400000,3373.33,3422.73,3365.28,3382.18,307079.918,1734713999999,1041664790.29738,521189,144621.325,490702888.85563,0
1734714000000,3382.18,3450.96,3370.00,3435.98,235101.185,1734717599999,803052081.61500,412776,126778.227,433287125.36996,0
1734717600000,3435.98,3450.00,3411.23,3427.64,152475.161,1734721199999,522637394.24747,294923,71764.105,245970609.38335,0
1734721200000,3427.63,3496.54,3425.96,3478.11,223263.336,1734724799999,775491373.40641,368172,130842.715,454558368.47791,0
1734724800000,3478.10,3479.06,3435.70,3438.92,140844.229,1734728399999,486880785.41518,275190,67541.246,233557340.39326,0
1734728400000,3438.92,3448.72,3391.22,3439.14,197781.593,1734731999999,675909920.60631,322836,96209.765,328890949.97071,0
1734732000000,3439.14,3479.13,3432.49,3470.41,101972.260,1734735599999,352732137.78664,197648,58554.385,202570339.78771,0
1734735600000,3470.41,3487.99,3457.53,3470.88,90978.079,1734739199999,315983004.21767,189157,43559.451,151315992.65055,0
1734739200000,3470.88,3476.31,3442.41,3456.18,87013.662,1734742799999,300831061.39910,192660,39027.825,134959545.34824,0
1734742800000,3456.16,3482.62,3453.72,3471.66,77582.536,1734746399999,269215347.24998,191195,44284.340,153698538.09458,0
1734746400000,3471.67,3489.98,3458.57,3473.43,65946.604,1734749999999,229130986.87523,160919,31631.096,109945776.09632,0
1734750000000,3473.43,3477.35,3453.59,3466.82,52619.020,1734753599999,182276884.23707,135463,24724.445,85652365.62760,0
1734753600000,3466.81,3488.00,3459.80,3481.99,66144.552,1734757199999,229949716.17691,139794,35400.261,123060728.97566,0
1734757200000,3481.99,3532.62,3475.80,3531.72,155080.435,1734760799999,543341432.69182,234821,89487.221,313578893.03843,0
1734760800000,3531.73,3532.65,3503.16,3529.99,140114.058,1734764399999,493046678.54691,254664,65002.912,228768202.46717,0
1734764400000,3529.99,3553.76,3521.20,3521.65,173323.075,1734767999999,613309868.04644,258762,88033.269,311594767.50247,0
1734768000000,3521.65,3525.78,3477.77,3483.44,163296.042,1734771599999,571507196.75702,241845,74186.620,259601013.58620,0
1734771600000,3483.44,3488.00,3456.01,3480.92,163173.180,1734775199999,566186604.69052,232530,78329.223,271814271.13847,0
1734775200000,3480.92,3496.44,3453.52,3464.71,138181.571,1734778799999,479696165.99720,206621,62893.550,218380429.74709,0
1734778800000,3464.71,3469.50,3422.06,3440.95,173222.808,1734782399999,596379223.74667,250845,80082.447,275730437.37450,0
1734782400000,3440.96,3442.89,3398.01,3402.05,232871.727,1734785999999,795353019.27477,347631,118438.436,404562682.50266,0
1734786000000,3402.04,3421.48,3344.19,3389.35,389715.658,1734789599999,1318364557.19492,518439,192942.558,652816069.17724,0
1734789600000,3389.34,3416.99,3370.82,3373.91,193175.896,1734793199999,656393995.18277,331070,93494.339,317792972.58904,0
1734793200000,3373.91,3403.00,3372.00,3389.12,84219.466,1734796799999,285526868.38847,212919,46683.368,158273075.34652,0
1734796800000,3389.12,3401.16,3357.09,3369.41,177297.696,1734800399999,598900540.91558,327053,90596.345,306115753.01746,0
1734800400000,3369.40,3387.57,3347.73,3381.29,131411.095,1734803999999,442435591.05355,281223,66843.039,225112383.35038,0
1734804000000,3381.30,3391.51,3350.65,3362.96,95079.794,1734807599999,320160063.89411,217035,46296.558,155874669.37273,0
1734807600000,3362.98,3363.67,3325.22,3359.41,179513.009,1734811199999,599734060.65532,325105,85613.772,286105311.79750,0
1734811200000,3359.40,3388.37,3347.74,3356.61,126378.880,1734814799999,425814266.08601,241489,63202.471,212999952.73947,0
1734814800000,3356.60,3361.77,3301.00,3316.86,153239.515,1734818399999,510033747.39683,249976,65001.745,216492458.64925,0
1734818400000,3316.86,3336.98,3291.03,3329.67,108317.857,1734821999999,358728097.51662,204661,55025.111,182324212.94637,0
1734822000000,3329.67,3341.69,3302.29,3337.60,77693.099,1734825599999,258117731.22730,190413,42575.925,141458859.68059,0
1734825600000,3337.61,3368.72,3322.00,3360.92,115838.645,1734829199999,387880553.00259,246359,56162.328,188089909.99712,0
1734829200000,3360.93,3373.47,3334.14,3355.00,97340.787,1734832799999,326491977.52649,210146,45110.035,151361441.40216,0
1734832800000,3355.01,3366.50,3327.43,3335.53,81012.339,1734836399999,270984101.02249,179933,36092.874,120758313.83251,0
1734836400000,3335.53,3360.35,3317.49,3354.59,107907.620,1734839999999,360212162.94390,237192,52233.844,174410074.39022,0
1734840000000,3354.58,3360.25,3307.54,3310.50,97350.426,1734843599999,324444561.54812,184207,41610.325,138771287.44795,0
1734843600000,3310.55,3338.66,3293.52,3329.00,150772.424,1734847199999,499575536.84408,262326,71151.691,235820893.42527,0
1734847200000,3329.01,3348.87,3321.76,3341.00,64231.157,1734850799999,214363965.86535,128765,32408.476,108178539.68060,0
1734850800000,3340.96,3348.45,3321.50,3331.31,64300.856,1734854399999,214405343.19729,134896,25542.981,85180667.00431,0
1734854400000,3331.31,3365.67,3330.02,3355.66,83866.665,1734857999999,281288710.82662,188394,46192.448,154927247.57744,0
1734858000000,3355.66,3400.00,3348.00,3381.82,126185.986,1734861599999,426435445.38965,213409,68518.505,231491380.84343,0
1734861600000,3381.82,3402.08,3377.02,3377.94,94451.409,1734865199999,320007570.20126,181466,45440.684,153987869.15686,0
1734865200000,3377.95,3390.62,3372.60,3379.62,50224.375,1734868799999,169860170.48380,117767,26426.555,89388127.80265,0
1734868800000,3379.62,3396.58,3366.30,3373.69,82288.236,1734872399999,278217690.06039,158231,38777.166,131133584.02238,0
1734872400000,3373.69,3389.00,3359.68,3369.56,95292.963,1734875999999,321474170.21268,191252,44227.859,149239671.87308,0
1734876000000,3369.57,3376.32,3273.00,3276.50,375331.508,1734879599999,1244566357.21172,515679,163688.494,543017207.06226,0
1734879600000,3276.49,3314.97,3275.71,3300.95,185113.036,1734883199999,610075512.52495,343940,98682.746,325238617.66612,0
1734883200000,3300.95,3335.70,3289.40,3332.54,140151.115,1734886799999,465339771.46938,278126,71565.677,237589679.51979,0
1734886800000,3332.53,3334.98,3310.06,3314.18,68975.322,1734890399999,229179223.42882,165635,31738.642,105478399.08042,0
1734890400000,3314.19,3337.70,3296.99,3309.85,104663.637,1734893999999,347172977.31800,227055,51920.960,172279026.44110,0
1734894000000,3309.86,3318.06,3236.11,3246.09,208616.769,1734897599999,682039552.06054,340872,89401.172,292498696.91590,0
1734897600000,3246.09,3290.37,3219.59,3289.39,217702.166,1734901199999,707071489.70884,352946,116988.590,379968541.92035,0
1734901200000,3289.40,3309.56,3272.32,3282.44,104347.807,1734904799999,343763670.56802,222788,47098.835,155203611.03266,0
1734904800000,3282.44,3289.97,3233.00,3287.29,159183.716,1734908399999,519071749.47837,273567,83992.500,274023937.03125,0
1734908400000,3287.30,3304.65,3266.89,3280.80,91050.092,1734911999999,299056417.98699,229218,44967.361,147732088.67417,0
1734912000000,3280.81,3289.89,3248.00,3254.00,119411.449,1734915599999,390014507.92377,274319,61460.335,200798194.89144,0
1734915600000,3254.00,3296.56,3214.81,3260.33,257845.695,1734919199999,839402250.52577,427233,125405.534,408513829.10906,0
1734919200000,3260.34,3284.44,3227.56,3281.41,165536.935,1734922799999,538522461.41450,358319,87393.407,284430167.32641,0
1734922800000,3281.40,3355.71,3274.26,3349.68,225368.446,1734926399999,749672094.72027,389124,126023.927,419054824.48626,0
1734926400000,3349.68,3362.68,3315.14,3324.01,141842.696,1734929999999,473661540.92744,255752,63039.141,210573899.50698,0
1734930000000,3324.00,3331.00,3298.02,3317.88,88708.911,1734933599999,294135050.74779,193518,44454.195,147418505.60915,0
1734933600000,3317.87,3320.85,3258.00,3275.59,167805.057,1734937199999,550827021.73342,308081,75430.177,247576949.11053,0
1734937200000,3275.59,3304.96,3270.89,3303.34,106666.819,1734940799999,350827607.29723,221990,57689.988,189805354.63701,0
1734940800000,3303.33,3317.59,3291.76,3315.25,78063.962,1734944399999,257939746.27767,183076,41145.145,135994252.57446,0
1734944400000,3315.25,3342.69,3313.78,3335.20,123731.219,1734947999999,412165767.23421,231287,66447.109,221334739.17416,0
1734948000000,3335.21,3352.31,3331.55,3348.02,108621.612,1734951599999,363036282.60385,189979,59820.329,199985534.95919,0
1734951600000,3348.01,3354.00,3330.13,3338.10,73755.231,1734955199999,246301047.72496,159597,35702.186,119252713.91950,0
1734955200000,3338.11,3359.98,3333.04,3347.11,86528.824,1734958799999,289675328.16250,172435,41958.336,140485843.83345,0
1734958800000,3347.10,3351.55,3306.21,3316.15,181090.090,1734962399999,602175433.08241,300042,92328.926,306960297.45046,0
1734962400000,3316.16,3354.30,3280.67,3311.47,320450.328,1734965999999,1063405410.32832,484755,163335.797,542075217.92194,0
1734966000000,3311.47,3312.65,3267.04,3276.20,266093.355,1734969599999,876004366.36989,456563,123391.781,406375314.28965,0
1734969600000,3276.01,3383.84,3270.00,3373.39,356266.797,1734973199999,1186347132.61637,508664,204911.092,682389638.12210,0
1734973200000,3373.38,3382.00,3326.66,3335.33,203902.933,1734976799999,684208839.45608,395717,91102.408,305712829.60549,0
1734976800000,3335.33,3347.33,3296.05,3303.90,127454.403,1734980399999,423369463.26249,258698,60327.144,200461228.93214,0
1734980400000,3303.89,3353.59,3303.09,3337.27,139094.458,1734983999999,463900280.55111,267795,69491.982,231713926.93997,0
1734984000000,3337.27,3415.62,3328.15,3402.56,153385.377,1734987599999,516700423.23184,321081,82694.915,278616922.68677,0
1734987600000,3402.56,3458.46,3401.88,3421.51,241944.304,1734991199999,831052110.76831,425150,121165.087,416231272.18843,0
1734991200000,3421.50,3465.75,3415.59,3458.12,102747.669,1734994799999,353750268.07606,211914,54698.277,188311620.52359,0
1734994800000,3458.12,3464.49,3414.03,3420.74,126141.803,1734998399999,433085313.42698,243840,54723.268,187893278.00025,0
1734998400000,3420.75,3425.67,3388.00,3417.53,122421.006,1735001999999,417039490.27733,236919,60153.158,204952451.81545,0
1735002000000,3417.54,3421.15,3375.00,3382.28,113988.500,1735005599999,387145085.59898,189400,49906.128,169535072.87674,0
1735005600000,3382.27,3391.66,3356.01,3371.64,114519.883,1735009199999,386432598.56343,214306,54938.804,185435392.94414,0
1735009200000,3371.63,3397.82,3371.63,3395.65,51956.837,1735012799999,175883565.97441,137015,29740.033,100671486.49362,0
1735012800000,3395.66,3415.85,3385.53,3412.21,69599.462,1735016399999,236892128.11874,143232,36244.071,123375396.28394,0
1735016400000,3412.22,3433.99,3406.96,3422.61,73286.528,1735019999999,250629505.64612,132028,36146.655,123614479.59457,0
1735020000000,3422.62,3425.89,3384.52,3391.88,89769.390,1735023599999,305819301.36610,152097,34727.635,118322954.74835,0
1735023600000,3391.87,3414.65,3383.49,3399.92,74621.074,1735027199999,253786268.01971,144182,42480.649,144512685.56531,0
1735027200000,3399.91,3415.41,3391.82,3411.98,64264.349,1735030799999,218766028.04871,156975,28569.486,97279888.05461,0
1735030800000,3411.98,3413.58,3384.03,3397.54,74178.970,1735034399999,252147229.73530,157846,34004.443,115576521.76428,0
1735034400000,3397.54,3404.18,3388.10,3391.75,59717.480,1735037999999,202737987.88743,131354,32967.234,111939339.56281,0
1735038000000,3391.75,3414.40,3391.09,3412.50,53512.582,1735041599999,182257898.86759,117720,28084.160,95657241.44302,0
1735041600000,3412.50,3414.12,3393.10,3405.09,56182.327,1735045199999,191147024.19398,126048,24550.062,83522596.05380,0
1735045200000,3405.10,3455.00,3400.26,3451.20,197061.849,1735048799999,676210815.42462,274055,113233.526,388445530.77961,0
1735048800000,3451.20,3469.92,3428.50,3453.83,212020.852,1735052399999,731379279.17926,366513,101793.449,351205744.13326,0
1735052400000,3453.83,3509.50,3441.73,3491.57,261579.308,1735055999999,910683781.72570,394138,135007.307,469962926.84901,0
1735056000000,3491.58,3517.35,3474.00,3478.26,202614.428,1735059599999,707873976.43589,334021,99511.015,347688503.19968,0
1735059600000,3478.27,3509.46,3478.00,3500.27,113161.687,1735063199999,395550106.77757,257750,58413.791,204202316.07042,0
1735063200000,3500.26,3539.40,3479.64,3491.84,179804.255,1735066799999,630580575.61196,306933,82227.618,288640288.15671,0
1735066800000,3491.84,3498.11,3463.24,3463.90,90131.909,1735070399999,313658415.86460,169767,36654.837,127584478.99247,0
1735070400000,3463.90,3467.00,3430.00,3448.61,144179.599,1735073999999,497134692.96652,272123,68397.137,235809584.17544,0
1735074000000,3448.60,3491.98,3444.35,3487.54,86889.299,1735077599999,301606068.11213,160861,51478.880,178671559.72116,0
1735077600000,3487.57,3498.97,3475.85,3491.03,53577.219,1735081199999,186866371.07286,127013,25242.584,88060384.51465,0
1735081200000,3491.04,3504.22,3487.46,3491.97,46228.678,1735084799999,161642446.36066,116684,23233.085,81246875.18356,0
1735084800000,3491.98,3495.00,3476.26,3481.60,59725.245,1735088399999,208190390.16041,136938,23752.827,82823014.62176,0
1735088400000,3481.55,3490.19,3465.01,3471.84,66764.283,1735091999999,232085133.98276,141576,28532.103,99198492.63627,0
1735092000000,3471.84,3490.98,3456.21,3484.17,69738.810,1735095599999,242208990.23359,154134,36575.606,127082354.53502,0
1735095600000,3484.18,3495.00,3466.23,3476.87,58683.371,1735099199999,204263061.73570,138189,29536.975,102856174.50165,0
1735099200000,3476.88,3490.85,3468.00,3487.55,40858.475,1735102799999,142319148.29460,102404,19922.161,69392574.62612,0
1735102800000,3487.55,3497.66,3481.39,3491.00,34988.495,1735106399999,122122246.50597,90706,18099.700,63181637.01719,0
1735106400000,3491.00,3509.08,3480.93,3485.48,59272.680,1735109999999,207056022.43455,134771,27017.752,94409237.64743,0
1735110000000,3485.48,3504.26,3478.12,3487.66,50058.381,1735113599999,174718201.23848,127991,25136.121,87753770.17490,0
1735113600000,3487.65,3500.83,3479.18,3487.87,45660.105,1735117199999,159396285.75549,126132,20679.295,72189999.74341,0
1735117200000,3487.87,3498.63,3482.38,3493.48,36856.074,1735120799999,128621363.66411,101336,18659.741,65123045.56285,0
1735120800000,3493.48,3547.01,3490.30,3513.09,232585.419,1735124399999,819769164.16336,355001,117294.086,413449575.32051,0
1735124400000,3513.08,3524.04,3462.56,3469.63,147067.266,1735127999999,513962960.80698,249974,63360.356,221676943.35704,0
1735128000000,3469.63,3491.75,3455.08,3476.41,136191.554,1735131599999,472940702.43554,278700,74051.244,257228204.75364,0
1735131600000,3476.41,3489.63,3471.41,3481.11,49787.946,1735135199999,173320065.96787,132249,24571.870,85566268.49312,0
1735135200000,3481.12,3499.75,3476.34,3488.70,61046.491,1735138799999,213060124.57922,160869,30735.442,107268359.04389,0
1735138800000,3488.69,3489.82,3456.14,3471.59,86386.588,1735142399999,299839106.16160,184274,38903.986,135036194.41666,0
1735142400000,3471.58,3477.28,3439.00,3452.94,114077.244,1735145999999,393856730.17064,210144,49892.724,172298130.63449,0
1735146000000,3452.97,3471.40,3445.47,3469.88,50190.483,1735149599999,173613262.20115,119332,28356.748,98111148.38918,0
1735149600000,3469.87,3477.60,3463.68,3469.42,46728.132,1735153199999,162221932.15656,103958,21733.332,75462188.11783,0
1735153200000,3469.42,3487.73,3465.55,3480.19,54589.835,1735156799999,189816765.96110,125486,34621.632,120405264.78435,0
1735156800000,3480.18,3487.45,3464.49,3472.01,34037.778,1735160399999,118315844.74494,99420,16192.853,56303595.33442,0
1735160400000,3472.00,3481.00,3448.32,3466.35,61581.495,1735163999999,213155388.96449,150908,29240.944,101221010.13251,0
1735164000000,3466.34,3484.64,3459.32,3474.00,42260.593,1735167599999,146763351.80432,91905,22384.980,77734178.69456,0
1735167600000,3474.00,3498.90,3472.75,3495.72,56133.499,1735171199999,195881694.69932,134353,28483.712,99393646.63303,0
1735171200000,3495.73,3514.32,3473.60,3481.18,102828.362,1735174799999,359245634.41669,212615,46522.839,162579140.43593,0
1735174800000,3481.18,3488.82,3463.00,3474.99,57645.285,1735178399999,200260291.61915,149080,28871.236,100307901.44950,0
1735178400000,3474.99,3479.97,3453.41,3459.14,71457.987,1735181999999,247598792.25540,159183,32784.461,113616599.28377,0
1735182000000,3459.15,3464.73,3448.00,3454.03,50211.320,1735185599999,173565961.73111,133785,23914.576,82680414.45030,0
1735185600000,3454.03,3454.04,3423.98,3440.27,119199.917,1735189199999,409832477.80341,208284,59900.180,205971496.03953,0
1735189200000,3440.27,3446.39,3427.00,3440.52,59867.821,1735192799999,205758310.19586,131013,32799.481,112759518.41637,0
1735192800000,3440.53,3449.99,3431.16,3438.74,49883.629,1735196399999,171649413.73668,132225,28293.735,97381501.83994,0
1735196400000,3438.75,3445.36,3415.00,3420.84,119830.772,1735199999999,410696554.15342,177191,49928.519,171185445.94799,0
1735200000000,3420.84,3424.37,3345.00,3365.28,391155.597,1735203599999,1321779092.78186,533954,180843.630,611094567.57364,0
1735203600000,3365.32,3379.32,3362.83,3370.85,99282.831,1735207199999,334773924.04019,193019,51075.593,172231187.21999,0
1735207200000,3370.86,3377.46,3356.63,3367.80,98674.881,1735210799999,332231234.64768,181934,48113.967,162049258.33832,0
1735210800000,3367.80,3382.83,3365.27,3371.83,60677.977,1735214399999,204697820.82799,127644,28694.941,96806305.10340,0
1735214400000,3371.83,3371.83,3352.71,3356.33,74733.005,1735217999999,251299204.78510,149613,35199.673,118380581.13623,0
1735218000000,3356.32,3362.72,3335.01,3352.60,141056.400,1735221599999,472213268.07085,246997,65682.286,219965845.79838,0
1735221600000,3352.61,3372.72,3326.00,3338.73,167986.147,1735225199999,562660914.56519,308839,81006.226,271439156.72769,0
1735225200000,3338.72,3359.19,3328.00,3342.32,100119.512,1735228799999,334826815.97401,246381,51815.575,173311395.14819,0
1735228800000,3342.32,3362.60,3333.35,3355.57,112423.608,1735232399999,376327451.32190,222193,59385.474,198812303.57269,0
1735232400000,3355.58,3363.93,3311.26,3326.41,182395.228,1735235999999,607869658.12056,272377,92840.060,309496583.34819,0
1735236000000,3326.41,3338.79,3315.33,3336.38,61426.744,1735239599999,204492827.00606,171319,28329.694,94324616.74972,0
1735239600000,3336.37,3341.17,3312.51,3338.54,68427.827,1735243199999,227632572.00415,162598,35177.997,117048023.13055,0
1735243200000,3338.54,3340.81,3304.97,3328.80,92530.600,1735246799999,307383344.83194,179646,48532.256,161202388.36366,0
1735246800000,3328.93,3343.33,3302.73,3335.98,99015.522,1735250399999,329136498.08070,189925,49571.790,164796749.97036,0
1735250400000,3335.98,3349.39,3332.46,3339.33,47799.848,1735253999999,159659470.06506,93528,24028.826,80259700.96315,0
1735254000000,3339.34,3340.75,3308.69,3333.15,93428.028,1735257599999,310461070.45691,198506,41949.652,139376638.49927,0
1735257600000,3333.15,3347.69,3315.37,3345.96,77690.254,1735261199999,259046828.73785,168289,42512.183,141773972.10734,0
1735261200000,3345.95,3372.70,3339.82,3362.41,105987.197,1735264799999,356022402.47382,194498,62335.978,209421756.83149,0
1735264800000,3362.40,3387.39,3350.62,3363.65,108226.068,1735268399999,364926076.41283,203676,57182.703,192863268.51623,0
1735268400000,3363.66,3384.31,3358.39,3377.48,55547.410,1735271999999,187322880.72039,134270,27192.464,91705436.23202,0
1735272000000,3377.48,3390.99,3372.00,3378.10,64337.651,1735275599999,217659100.37819,146817,31668.173,107153082.12648,0
1735275600000,3378.10,3383.41,3361.58,3382.72,52479.992,1735279199999,177005858.62753,129403,26412.000,89090054.79479,0
1735279200000,3382.71,3397.00,3370.00,3396.57,73054.038,1735282799999,247221393.50256,145905,35167.011,119062113.87081,0
1735282800000,3396.58,3397.92,3315.04,3324.04,250058.858,1735286399999,836209493.00718,352930,104881.965,350744201.61722,0
1735286400000,3324.04,3371.12,3324.04,3357.49,143265.491,1735289999999,480333514.82469,273286,74028.573,248206168.67545,0
1735290000000,3357.49,3444.00,3356.67,3421.29,364695.042,1735293599999,1247901748.12306,512909,208777.064,714116933.06817,0
1735293600000,3421.28,3427.98,3381.89,3401.01,143307.405,1735297199999,487605332.95553,232993,67239.645,228823215.82626,0
1735297200000,3401.00,3419.48,3395.40,3417.42,71565.640,1735300799999,243971937.92003,151461,41395.368,141139342.05302,0
1735300800000,3417.40,3422.00,3406.61,3412.76,56381.651,1735304399999,192515721.00268,126660,27896.637,95273366.19800,0
1735304400000,3412.76,3414.35,3375.90,3386.57,100100.544,1735307999999,339533008.25632,198873,43210.454,146589141.56383,0
1735308000000,3386.57,3392.36,3336.76,3357.65,196490.457,1735311599999,660196748.90703,347084,91946.198,308961401.30802,0
1735311600000,3357.66,3358.58,3306.00,3325.01,279268.992,1735315199999,928209564.63529,421957,139604.125,463988491.77288,0
1735315200000,3325.00,3336.56,3308.00,3315.58,139363.568,1735318799999,462891553.18223,259139,71523.607,237628432.83434,0
1735318800000,3315.58,3352.00,3306.46,3349.24,182405.017,1735322399999,607016401.16870,302644,99639.154,331690279.18366,0
1735322400000,3349.22,3365.98,3340.80,3360.75,83753.935,1735325999999,281029088.55481,184342,42465.108,142506096.49493,0
1735326000000,3360.75,3361.60,3342.04,3353.88,64735.563,1735329599999,217086287.25856,136976,26549.273,89031022.18303,0
1735329600000,3353.87,3354.74,3333.18,3338.99,58837.239,1735333199999,196616539.01340,139755,25794.154,86211457.81609,0
1735333200000,3339.00,3343.99,3316.00,3318.03,56017.413,1735336799999,186487886.50050,131073,24648.205,82086150.36599,0
1735336800000,3318.02,3334.14,3308.08,3319.29,65537.668,1735340399999,217610994.34894,116018,33533.545,111358098.62077,0
1735340400000,3319.29,3336.39,3314.41,3332.09,58011.756,1735343999999,192880306.77202,125910,34246.547,113890049.81652,0
1735344000000,3332.10,3346.99,3330.44,3342.77,54644.196,1735347599999,182445194.18277,150732,29709.731,99199773.46219,0
1735347600000,3342.77,3346.00,3320.92,3332.97,55104.649,1735351199999,183641348.50381,127418,22207.424,74030029.46472,0
1735351200000,3332.98,3342.86,3326.14,3326.14,29506.015,1735354799999,98392978.17147,88988,13767.455,45922180.65370,0
1735354800000,3326.14,3352.45,3325.37,3344.13,50392.050,1735358399999,168372695.90322,100187,28829.743,96341754.75718,0
1735358400000,3344.12,3347.25,3338.83,3343.33,25917.129,1735361999999,86655442.25461,65036,14099.777,47148436.47752,0
1735362000000,3343.33,3362.00,3343.33,3346.65,53397.258,1735365599999,178962084.41232,90244,33540.971,112445272.63961,0
1735365600000,3346.65,3349.56,3332.42,3340.51,35648.824,1735369199999,119042117.77392,88649,17269.704,57652408.34037,0
1735369200000,3340.52,3348.83,3331.50,3334.08,27918.792,1735372799999,93239002.82204,84618,14113.782,47130180.93686,0
1735372800000,3334.08,3346.80,3331.73,3343.99,21796.801,1735376399999,72781377.20789,78218,10919.874,36462195.57482,0
1735376400000,3343.99,3358.71,3341.30,3350.58,51847.160,1735379999999,173779802.67249,98464,27109.547,90878903.46705,0
1735380000000,3350.59,3352.88,3336.03,3338.85,38635.663,1735383599999,129180327.39815,85102,13773.832,46055435.70539,0
1735383600000,3338.84,3362.75,3338.47,3358.07,42313.075,1735387199999,141792095.95451,87729,27664.004,92702757.68856,0
1735387200000,3358.06,3364.23,3349.95,3351.80,41443.952,1735390799999,139118409.65110,102218,17488.522,58719994.47359,0
1735390800000,3351.79,3369.00,3349.44,3364.51,55526.051,1735394399999,186645019.55370,125376,29693.726,99834687.87908,0
1735394400000,3364.50,3394.99,3362.26,3371.86,144056.390,1735397999999,486502536.46646,265654,74502.494,251667519.24855,0
1735398000000,3371.86,3387.68,3364.36,3366.70,74727.934,1735401599999,252392829.06878,163385,37296.931,126004784.17648,0
1735401600000,3366.71,3387.29,3364.32,3386.67,43158.020,1735405199999,145685788.85940,122674,24797.166,83714490.96068,0
1735405200000,3386.66,3412.35,3381.12,3392.96,85416.961,1735408799999,290219244.78647,188292,43716.213,148551165.21237,0
1735408800000,3392.96,3396.81,3382.15,3389.28,41853.324,1735412399999,141855945.97991,101563,18869.470,63971804.82303,0
1735412400000,3389.28,3401.33,3389.01,3399.30,27095.205,1735415999999,92002807.21027,72100,15670.159,53209763.22002,0
1735416000000,3399.30,3403.27,3391.24,3399.51,18088.885,1735419599999,61441546.87454,71353,8978.148,30500877.08624,0
1735419600000,3399.52,3404.39,3388.10,3402.28,26062.024,1735423199999,88505209.26282,71309,13942.218,47352438.39198,0
1735423200000,3402.28,3427.50,3395.91,3408.93,58691.847,1735426799999,200219756.82480,112459,36796.814,125570782.68753,0
1735426800000,3408.93,3411.80,3395.35,3402.54,41734.253,1735430399999,142050845.56977,110802,20147.711,68587912.42698,0
1735430400000,3402.53,3405.36,3385.34,3392.43,46430.973,1735433999999,157547419.45930,111578,18993.131,64448690.24364,0
1735434000000,3392.44,3395.51,3373.99,3377.39,64925.644,1735437599999,219540195.53917,117111,26357.930,89160196.79637,0
1735437600000,3377.40,3391.57,3375.35,3386.50,35389.028,1735441199999,119767270.08258,95810,16784.641,56804660.59538,0
1735441200000,3386.51,3388.00,3375.73,3381.42,31653.212,1735444799999,107019513.50288,90075,10853.888,36700328.48831,0
1735444800000,3381.42,3390.73,3379.38,3387.36,19744.483,1735448399999,66833048.71356,55658,10067.529,34080902.61952,0
1735448400000,3387.37,3390.24,3382.63,3386.36,14368.364,1735451999999,48663814.42391,47550,7112.740,24089570.92781,0
1735452000000,3386.37,3397.45,3378.34,3396.01,48486.790,1735455599999,164372008.91089,77448,25066.498,84969827.04471,0
1735455600000,3396.00,3406.38,3391.06,3405.61,56161.644,1735459199999,190910154.20405,96874,33192.400,112843163.37129,0
1735459200000,3405.60,3408.26,3392.40,3395.43,31701.421,1735462799999,107749788.45393,79553,13493.753,45864408.49392,0
1735462800000,3395.44,3405.09,3388.54,3404.43,37410.710,1735466399999,127075989.41514,76696,18373.633,62409662.41448,0
1735466400000,3404.43,3413.00,3400.88,3403.10,43702.531,1735469999999,148887078.21960,85179,21604.637,73608038.74593,0
1735470000000,3403.11,3406.60,3396.24,3397.00,24428.002,1735473599999,83104604.78230,65628,9973.356,33935786.07276,0
1735473600000,3396.99,3403.65,3388.80,3390.66,43827.459,1735477199999,148791081.40863,96956,21768.028,73909079.29017,0
1735477200000,3390.65,3399.77,3385.61,3398.08,40577.137,1735480799999,137693862.58849,98386,22548.002,76518653.85603,0
1735480800000,3398.08,3409.97,3352.84,3368.49,207674.669,1735484399999,700784908.62319,302281,95164.399,321104717.37411,0
1735484400000,3368.50,3382.78,3363.01,3372.00,55683.416,1735487999999,187804892.96395,140229,31457.539,106109995.12152,0
1735488000000,3372.01,3375.17,3344.20,3355.05,106443.776,1735491599999,356981465.03672,201030,52056.343,174561655.67985,0
1735491600000,3355.05,3364.00,3347.00,3359.57,51169.204,1735495199999,171729973.12773,117444,26987.039,90596208.37334,0
1735495200000,3359.56,3368.94,3349.00,3360.84,34891.949,1735498799999,117218539.04327,96497,15586.854,52377001.41190,0
1735498800000,3360.84,3368.66,3356.22,3361.65,28454.643,1735502399999,95671208.63657,80589,13865.725,46626912.67492,0
1735502400000,3361.64,3361.64,3333.33,3357.57,70564.115,1735505999999,236054016.85301,140817,32948.613,110245198.66236,0
1735506000000,3357.58,3367.53,3340.00,3349.20,47820.569,1735509599999,160392554.88167,113501,21945.843,73617049.14924,0
1735509600000,3349.20,3360.91,3325.00,3339.64,90865.894,1735513199999,303725508.02418,173418,42799.890,143098546.89980,0
1735513200000,3339.65,3365.62,3324.63,3355.46,101145.439,1735516799999,338188495.52930,202183,54134.270,181009713.33643,0
1735516800000,3355.46,3391.41,3346.07,3384.89,112218.997,1735520399999,378505163.43864,212585,60528.441,204221590.69719,0
1735520400000,3384.88,3436.86,3382.50,3419.90,200275.036,1735523999999,683591016.76614,357194,104570.001,356897235.20495,0
1735524000000,3419.88,3425.50,3403.22,3416.56,72647.110,1735527599999,247912008.63742,181516,35093.766,119759983.45850,0
1735527600000,3416.56,3424.50,3402.38,3402.89,75424.891,1735531199999,257555938.33081,124823,40511.710,138368112.52657,0
1735531200000,3402.89,3417.18,3390.22,3390.46,59019.624,1735534799999,200767992.89079,128065,26848.530,91361690.22162,0
1735534800000,3390.47,3408.93,3387.39,3407.58,48079.106,1735538399999,163343386.00934,128983,28675.193,97430911.00976,0
1735538400000,3407.58,3430.91,3405.71,3430.23,90674.718,1735541999999,310327373.79302,168898,50172.231,171729887.54900,0
1735542000000,3430.23,3432.00,3408.17,3426.39,71002.211,1735545599999,242859118.19612,151092,34856.683,119233669.19660,0
1735545600000,3426.38,3433.88,3411.80,3421.71,56180.508,1735549199999,192330572.01008,135150,28401.134,97246531.31526,0
1735549200000,3421.71,3427.22,3411.59,3420.81,46682.184,1735552799999,159642265.63845,116649,22693.588,77612761.84343,0
1735552800000,3420.80,3427.40,3410.89,3411.08,36225.885,1735556399999,123849358.23511,93408,16848.945,57611684.34053,0
1735556400000,3411.09,3425.00,3393.58,3423.48,103295.160,1735559999999,352113618.56117,161154,53118.050,181090142.35496,0
1735560000000,3423.49,3429.90,3402.49,3407.99,76316.423,1735563599999,260767996.21233,153030,37427.704,127885985.58003,0
1735563600000,3407.99,3412.27,3328.67,3335.96,315021.681,1735567199999,1059324197.97868,423144,136589.738,459115565.35990,0
1735567200000,3335.99,3351.82,3309.33,3314.68,278363.502,1735570799999,926824238.60490,395961,131127.646,436763695.65254,0
1735570800000,3314.70,3343.55,3302.20,3323.49,256520.610,1735574399999,851727917.59433,400183,125752.998,417646522.37828,0
1735574400000,3323.49,3341.86,3316.55,3339.23,91213.173,1735577999999,303877969.06907,215628,44363.797,147807685.08935,0
1735578000000,3339.22,3408.52,3330.99,3390.37,280027.556,1735581599999,945002557.34100,387781,142501.777,480720115.55598,0
1735581600000,3390.37,3405.00,3381.57,3396.23,97769.767,1735585199999,332067218.60251,244359,47206.394,160351719.20359,0
1735585200000,3396.24,3407.33,3387.62,3401.70,61939.037,1735588799999,210518383.36328,165100,29191.491,99231804.14859,0
1735588800000,3401.70,3419.34,3395.79,3398.98,76096.278,1735592399999,259247562.24454,163411,38538.632,131318728.80330,0
1735592400000,3398.95,3401.15,3307.44,3317.91,264033.914,1735595999999,882554569.63926,364797,114395.648,382081197.43166,0
1735596000000,3317.92,3367.08,3316.01,3357.97,116765.248,1735599599999,390570223.13569,217716,63053.713,210899383.18136,0
1735599600000,3357.96,3366.99,3346.09,3360.11,68049.608,1735603199999,228456947.41617,143729,33136.673,111254251.50394,0
1735603200000,3360.10,3363.67,3325.71,3327.29,95483.274,1735606799999,319338626.79185,180511,40088.765,134142218.96444,0
1735606800000,3327.30,3343.55,3313.96,3339.34,110716.611,1735610399999,368304800.42293,220407,55961.603,186253005.11430,0
1735610400000,3339.34,3348.00,3331.19,3342.03,39863.326,1735613999999,133193768.29277,120673,19712.927,65867755.12535,0
1735614000000,3342.02,3346.16,3330.82,3339.12,37641.899,1735617599999,125679008.33586,104203,15528.546,51844814.28602,0
1735617600000,3339.13,3352.23,3329.08,3332.81,36183.368,1735621199999,120893955.00715,97384,20080.332,67107853.66747,0
1735621200000,3332.82,3347.18,3326.96,3342.89,27135.248,1735624799999,90627458.18419,104008,15111.318,50473131.14909,0
1735624800000,3342.90,3362.47,3338.26,3352.25,62216.952,1735628399999,208574565.45262,144159,35039.394,117473910.02461,0
1735628400000,3352.25,3360.00,3348.64,3352.59,36763.968,1735631999999,123347582.36516,95273,20083.118,67393442.22378,0
1735632000000,3352.60,3409.31,3351.53,3379.04,171317.316,1735635599999,580163485.03465,285857,90748.931,307273161.60260,0
1735635600000,3379.04,3393.69,3377.00,3388.40,56580.942,1735639199999,191627072.29905,143696,27499.684,93139556.49308,0
1735639200000,3388.41,3398.90,3379.00,3394.18,56459.687,1735642799999,191454688.91094,119885,31071.262,105373113.98681,0
1735642800000,3394.18,3399.25,3388.46,3394.00,33401.293,1735646399999,113381202.57489,81009,16099.783,54660040.00827,0
1735646400000,3394.00,3413.60,3391.96,3392.32,108595.898,1735649999999,369458902.73182,161305,48928.076,166451858.88803,0
1735650000000,3392.40,3442.44,3392.21,3427.91,188609.179,1735653599999,645595259.29550,265562,107502.388,367947871.99000,0
1735653600000,3427.91,3452.00,3419.35,3426.82,158937.512,1735657199999,545679005.90570,295148,82453.200,283188796.18928,0
1735657200000,3426.82,3433.88,3404.01,3412.58,105225.688,1735660799999,359643616.17276,241329,51017.745,174408468.50296,0
1735660800000,3412.59,3416.91,3389.01,3408.23,120067.635,1735664399999,408867481.94718,215213,54856.887,186846754.14268,0
1735664400000,3408.24,3410.42,3328.27,3362.51,281573.673,1735667999999,946059861.70178,375977,138537.647,465105642.31859,0
1735668000000,3362.51,3372.53,3349.13,3360.30,102691.368,1735671599999,345115455.59793,199957,48315.783,162393555.08083,0
1735671600000,3360.29,3367.99,3342.70,3354.68,49360.630,1735675199999,165628666.35407,131333,24819.105,83285158.04910,0
1735675200000,3354.68,3364.69,3336.24,3345.65,64875.439,1735678799999,217266463.96453,147106,36006.361,120629005.22894,0
1735678800000,3345.64,3354.27,3331.00,3351.72,55643.743,1735682399999,185995468.20803,132985,29437.145,98417978.18069,0
1735682400000,3351.72,3351.72,3327.07,3338.95,50476.318,1735685999999,168500240.08933,100316,24039.229,80271470.89366,0
1735686000000,3338.94,3345.04,3327.22,3336.57,43425.464,1735689599999,144916172.24375,117270,22052.005,73597818.49488,0
