timestamp,open,high,low,close,volume,close_time,quote_volume,trades,taker_buy_base,taker_buy_quote,ignore
1693699200000,1636.24,1636.84,1630.92,1634.39,41172.166,1693702799999,67265346.25107,26701,15394.324,25152633.11384,0
1693702800000,1634.39,1635.80,1632.31,1632.74,19063.967,1693706399999,31149626.39128,19642,8865.718,14487156.58848,0
1693706400000,1632.74,1634.20,1630.55,1633.61,19730.006,1693709999999,32216846.41514,20499,11233.410,18343646.55801,0
1693710000000,1633.60,1635.59,1632.78,1635.45,11775.915,1693713599999,19240651.21691,13392,5636.692,9210710.29294,0
1693713600000,1635.44,1635.89,1633.86,1634.40,10721.724,1693717199999,17530694.20306,13253,5513.913,9015955.60040,0
1693717200000,1634.39,1636.91,1633.54,1635.28,15109.444,1693720799999,24702119.40250,16218,8830.098,14436342.73344,0
1693720800000,1635.28,1638.34,1634.84,1635.59,22378.511,1693724399999,36619846.28891,23492,12362.637,20230464.36972,0
1693724400000,1635.59,1635.73,1632.90,1634.95,19151.855,1693727999999,31303449.19466,19623,9798.123,16015842.53011,0
1693728000000,1634.95,1635.22,1630.08,1631.39,36576.833,1693731599999,59696569.13604,29914,18254.887,29792627.69490,0
1693731600000,1631.39,1633.60,1630.66,1632.30,15946.138,1693735199999,26028646.74456,14074,9089.631,14836183.39321,0
1693735200000,1632.29,1633.76,1631.53,1633.52,13455.229,1693738799999,21966021.97428,12260,7465.108,12187746.04776,0
1693738800000,1633.52,1633.98,1632.28,1633.49,13482.050,1693742399999,22018050.21306,14224,5533.359,9036518.28692,0
1693742400000,1633.49,1640.51,1630.15,1631.20,89755.642,1693745999999,146822128.58480,75980,50254.294,82223341.58508,0
1693746000000,1631.22,1635.95,1627.19,1633.19,74383.563,1693749599999,121347864.83045,64223,38021.184,62034225.74475,0
1693749600000,1633.19,1637.94,1632.68,1635.54,29154.196,1693753199999,47673926.00476,31204,15407.010,25193749.94501,0
1693753200000,1635.54,1635.81,1630.50,1632.18,34811.449,1693756799999,56851916.17621,32740,16544.054,27015419.64633,0
1693756800000,1632.19,1633.98,1623.93,1627.18,81648.458,1693760399999,132926836.99097,66278,34400.819,56016607.67221,0
1693760400000,1627.18,1631.59,1626.09,1630.60,25218.570,1693763999999,41069087.90215,31177,14179.442,23092157.61833,0
1693764000000,1630.60,1642.97,1630.01,1636.07,86135.209,1693767599999,141015139.75818,82070,48952.813,80137621.04821,0
1693767600000,1636.06,1639.60,1634.71,1638.08,28273.321,1693771199999,46284069.93807,32545,15093.878,24708594.14326,0
1693771200000,1638.09,1648.24,1635.89,1642.06,69877.665,1693774799999,114691458.00450,61752,39605.760,65010620.83577,0
1693774800000,1642.06,1645.00,1635.00,1636.29,43535.976,1693778399999,71382437.38281,47451,20610.100,33797039.96911,0
1693778400000,1636.29,1637.26,1632.21,1634.93,23900.159,1693781999999,39077574.63888,27550,10265.658,16785666.45910,0
1693782000000,1634.93,1636.33,1633.29,1635.02,13685.928,1693785599999,22375194.70248,17995,7488.581,12242767.40390,0
1693785600000,1635.03,1636.11,1633.13,1634.25,18930.635,1693789199999,30945833.54034,21271,8606.507,14069742.14288,0
1693789200000,1634.25,1635.67,1631.15,1632.38,23328.433,1693792799999,38089802.05261,26880,11175.507,18247978.68640,0
1693792800000,1632.38,1640.75,1631.81,1637.80,32355.026,1693796399999,52916634.24976,31176,19456.616,31826302.85028,0
1693796400000,1637.80,1644.50,1636.57,1636.86,61309.477,1693799999999,100535307.06454,60741,27766.560,45540599.35051,0
1693800000000,1636.86,1638.70,1636.09,1637.33,25067.502,1693803599999,41049165.94207,21609,11620.818,19028855.63873,0
1693803600000,1637.33,1638.70,1634.01,1634.44,22419.913,1693807199999,36680092.02307,24174,9337.685,15277178.16289,0
1693807200000,1634.45,1637.99,1633.71,1636.55,28129.324,1693810799999,46015598.17694,24892,14686.817,24025712.08880,0
1693810800000,1636.55,1639.59,1636.55,1638.06,21135.582,1693814399999,34626413.36524,20018,11729.894,19216128.36309,0
1693814400000,1638.07,1639.95,1637.32,1638.38,16173.084,1693817999999,26502272.25126,17810,7613.819,12476703.49491,0
1693818000000,1638.38,1639.84,1634.05,1636.50,28652.268,1693821599999,46897543.96656,26257,12161.856,19907009.67979,0
1693821600000,1636.50,1636.76,1632.83,1634.47,36058.740,1693825199999,58958302.74795,32296,16951.136,27714627.12668,0
1693825200000,1634.48,1635.67,1630.25,1631.46,47402.048,1693828799999,77387247.30084,41041,23657.821,38624614.65406,0
1693828800000,1631.46,1632.74,1626.92,1629.76,61941.548,1693832399999,100969537.37948,55842,26747.673,43603319.72845,0
1693832400000,1629.76,1634.18,1629.06,1631.97,41238.414,1693835999999,67306389.12550,38613,23350.114,38108942.40948,0
1693836000000,1631.97,1633.32,1627.79,1629.05,31179.472,1693839599999,50845925.56878,30330,15580.446,25405813.45762,0
1693839600000,1629.05,1634.00,1617.04,1625.33,204685.432,1693843199999,332578544.02477,187885,98265.505,159687169.94162,0
1693843200000,1625.33,1628.96,1624.62,1628.00,44684.747,1693846799999,72701293.55098,48238,23472.357,38191671.18576,0
1693846800000,1627.99,1635.43,1626.78,1629.75,49763.691,1693850399999,81189403.13870,56149,27698.740,45193938.09478,0
1693850400000,1629.76,1632.26,1628.59,1630.28,18840.197,1693853999999,30708995.73331,24560,10017.611,16328588.59264,0
1693854000000,1630.28,1631.79,1626.99,1630.41,18643.236,1693857599999,30369413.97256,23074,8792.313,14322160.72147,0
1693857600000,1630.42,1631.70,1626.00,1627.99,25439.180,1693861199999,41435167.07673,28835,13152.459,21422431.30193,0
1693861200000,1627.99,1628.50,1617.52,1620.15,86678.122,1693864799999,140680581.54205,84263,40589.152,65892682.76007,0
1693864800000,1620.15,1624.00,1614.76,1623.53,61262.480,1693868399999,99249268.09555,62439,32221.947,52215986.42426,0
1693868400000,1623.52,1634.00,1622.73,1630.09,82505.614,1693871999999,134355440.65443,61311,49407.065,80468017.97891,0
1693872000000,1630.08,1630.70,1624.28,1625.36,41935.931,1693875599999,68246529.71764,43293,18551.866,30189377.46492,0
1693875600000,1625.36,1626.02,1622.35,1622.62,26676.983,1693879199999,43335326.39361,28987,12744.006,20703787.62934,0
1693879200000,1622.63,1623.52,1617.01,1617.44,57324.277,1693882799999,92875967.41288,50266,25995.903,42115631.42704,0
1693882800000,1617.45,1618.00,1608.45,1617.25,128726.693,1693886399999,207646039.37413,112549,63380.529,102243753.32988,0
1693886400000,1617.24,1623.05,1617.24,1621.61,57795.736,1693889999999,93631420.07289,41351,30391.294,49236157.73547,0
1693890000000,1621.61,1627.52,1620.85,1624.66,62204.297,1693893599999,100973235.78348,44452,37519.232,60906971.52750,0
1693893600000,1624.67,1624.86,1620.80,1621.40,33362.138,1693897199999,54133467.62451,30679,12517.153,20310806.97840,0
1693897200000,1621.39,1625.67,1620.80,1624.33,27352.129,1693900799999,44390040.65289,24984,13913.231,22582172.89159,0
1693900800000,1624.32,1628.72,1620.00,1623.92,53620.995,1693904399999,87079018.66390,49689,26065.689,42339568.05542,0
1693904400000,1623.92,1635.73,1622.95,1631.30,91257.484,1693907999999,148714280.74116,77291,48826.806,79577416.72945,0
1693908000000,1631.30,1638.47,1631.04,1632.49,62118.496,1693911599999,101504134.25325,54167,32194.945,52616054.55950,0
1693911600000,1632.49,1635.70,1631.30,1634.64,29330.957,1693915199999,47905157.13287,29303,14844.421,24245450.76304,0
1693915200000,1634.64,1638.86,1629.14,1636.80,86168.928,1693918799999,140785901.08986,74872,41571.000,67930830.17369,0
1693918800000,1636.80,1637.80,1629.35,1629.99,58481.584,1693922399999,95508266.99340,61670,25159.765,41089825.74234,0
1693922400000,1629.98,1632.26,1624.85,1629.59,75073.413,1693925999999,122272819.96545,79312,38073.479,62013890.69813,0
1693926000000,1629.60,1648.00,1629.49,1636.03,229049.181,1693929599999,375231789.96015,204308,118967.937,194907875.44269,0
1693929600000,1636.02,1642.92,1634.81,1635.62,84553.542,1693933199999,138537107.59263,80226,41555.188,68086332.14961,0
1693933200000,1635.63,1638.21,1633.08,1635.22,44155.751,1693936799999,72202509.01795,48116,20230.718,33083416.15674,0
1693936800000,1635.21,1637.11,1632.42,1635.90,30898.328,1693940399999,50509451.84450,34929,16686.347,27278347.77997,0
1693940400000,1635.90,1638.47,1631.31,1631.55,37090.397,1693943999999,60651079.11396,36776,18147.160,29678435.28413,0
1693944000000,1631.54,1632.84,1625.76,1628.98,71833.408,1693947599999,117003522.57612,52396,36705.909,59784933.07809,0
1693947600000,1628.97,1632.97,1628.73,1629.76,22966.812,1693951199999,37447779.99862,23302,11634.315,18968645.14852,0
1693951200000,1629.76,1631.32,1629.08,1631.19,13464.945,1693954799999,21951677.08623,17995,6949.685,11329929.03601,0
1693954800000,1631.20,1633.76,1630.74,1633.63,18939.548,1693958399999,30917677.49063,19317,10761.860,17568089.22559,0
1693958400000,1633.63,1634.69,1630.86,1632.97,27701.860,1693961999999,45231163.68866,22513,12517.577,20437448.23163,0
1693962000000,1632.96,1635.20,1632.14,1632.77,24683.745,1693965599999,40319595.36180,21096,12894.660,21063649.76111,0
1693965600000,1632.78,1639.40,1631.94,1638.38,35907.323,1693969199999,58746251.57673,32578,19776.892,32354659.54060,0
1693969200000,1638.39,1639.73,1632.40,1632.63,39480.619,1693972799999,64596819.67242,33850,14150.220,23147072.96983,0
1693972800000,1632.62,1633.07,1629.56,1630.00,27479.271,1693976399999,44839869.42161,26940,11353.140,18526806.44523,0
1693976400000,1630.00,1630.90,1627.52,1628.01,35432.860,1693979999999,57705715.31323,33272,17293.000,28162725.43467,0
1693980000000,1628.00,1630.79,1626.98,1629.81,44338.200,1693983599999,72229704.23584,35921,23506.889,38295141.76982,0
1693983600000,1629.80,1631.00,1628.24,1628.41,25061.309,1693987199999,40839208.00430,21173,13714.516,22350147.66905,0
1693987200000,1628.41,1631.41,1628.11,1630.60,20765.141,1693990799999,33834136.90127,17644,11222.021,18285282.91175,0
1693990800000,1630.60,1632.66,1628.48,1631.59,26226.296,1693994399999,42769928.33199,22548,13048.194,21280730.24468,0
1693994400000,1631.60,1633.92,1630.49,1630.93,31658.067,1693997999999,51673344.76916,23313,14904.642,24330031.94762,0
1693998000000,1630.93,1635.74,1630.40,1632.02,44411.805,1694001599999,72515768.80665,31106,23035.589,37615470.59107,0
1694001600000,1632.02,1634.10,1630.08,1631.62,29342.330,1694005199999,47890285.89957,26489,15202.335,24812906.93336,0
1694005200000,1631.62,1634.91,1629.16,1631.72,52248.589,1694008799999,85244701.32021,48693,25195.285,41106451.14769,0
1694008800000,1631.72,1631.79,1618.50,1623.46,193915.870,1694012399999,314875459.62662,166253,92520.685,150224067.12697,0
1694012400000,1623.46,1626.50,1618.76,1622.49,66907.532,1694015999999,108593989.58756,61891,35588.475,57764790.89384,0
1694016000000,1622.50,1625.45,1621.00,1622.93,55573.323,1694019599999,90184391.29794,50663,28692.922,46563804.10697,0
1694019600000,1622.92,1680.00,1606.74,1645.79,581866.262,1694023199999,952640961.01340,397289,312952.949,512637120.75772,0
1694023200000,1645.79,1654.90,1623.11,1627.49,330170.975,1694026799999,541113812.62050,274057,154787.149,253650333.36984,0
1694026800000,1627.49,1632.50,1625.17,1630.68,49617.728,1694030399999,80849554.74960,57748,25574.830,41672182.89146,0
1694030400000,1630.68,1632.97,1627.57,1627.99,26801.417,1694033999999,43698992.60612,29790,14071.800,22944135.24412,0
1694034000000,1627.98,1632.77,1626.78,1631.54,21527.818,1694037599999,35098051.40680,23196,11477.307,18709109.82667,0
1694037600000,1631.54,1634.46,1630.45,1630.77,25715.150,1694041199999,41975783.98036,27159,13067.858,21330592.11747,0
1694041200000,1630.77,1633.82,1630.16,1632.33,18448.263,1694044799999,30113274.86961,20228,8743.028,14270293.02138,0
1694044800000,1632.33,1633.17,1631.03,1633.16,15676.456,1694048399999,25584913.24444,17338,7944.555,12966128.24777,0
1694048400000,1633.16,1633.85,1631.01,1633.35,22285.090,1694051999999,36382591.54997,20996,11496.812,18769288.73282,0
1694052000000,1633.36,1638.99,1631.54,1633.27,82753.412,1694055599999,135336644.14458,62782,42217.127,69047341.70792,0
1694055600000,1633.28,1639.68,1632.60,1639.45,51789.412,1694059199999,84751531.81763,41897,31284.631,51199465.45625,0
1694059200000,1639.44,1642.10,1636.66,1638.67,76894.420,1694062799999,126056008.38725,54427,38006.790,62313878.44962,0
1694062800000,1638.67,1640.05,1636.74,1637.58,22379.141,1694066399999,36663647.93744,23497,10723.926,17570109.83273,0
1694066400000,1637.58,1638.49,1636.50,1636.71,20644.615,1694069999999,33800822.68915,20531,9390.494,15375101.21772,0
1694070000000,1636.71,1636.97,1634.66,1635.16,32290.712,1694073599999,52818970.18452,27284,14840.360,24273835.29779,0
1694073600000,1635.17,1635.32,1631.03,1632.58,55233.123,1694077199999,90189824.43620,38697,20919.209,34157083.17569,0
1694077200000,1632.59,1633.69,1630.40,1631.47,24272.616,1694080799999,39617027.81716,22328,11679.157,19062491.98589,0
1694080800000,1631.47,1632.69,1628.26,1630.17,34818.125,1694084399999,56764765.22987,30918,15725.626,25637562.89451,0
1694084400000,1630.17,1630.91,1625.00,1626.83,53907.483,1694087999999,87747914.64895,46194,22841.904,37181942.47319,0
1694088000000,1626.82,1629.22,1623.50,1625.50,62117.941,1694091599999,101048929.95773,47317,34331.242,55849037.77358,0
1694091600000,1625.50,1633.00,1624.12,1625.20,73124.279,1694095199999,119033242.60781,61177,39074.695,63608936.11307,0
1694095200000,1625.21,1631.78,1622.61,1631.63,85025.528,1694098799999,138376253.91781,79198,44115.612,71794742.77815,0
1694098800000,1631.64,1633.30,1628.04,1629.85,95672.388,1694102399999,156030321.43278,69455,54807.420,89387036.53095,0
1694102400000,1629.85,1640.96,1629.21,1633.60,95094.080,1694105999999,155468415.86940,79079,49812.502,81436906.90085,0
1694106000000,1633.57,1639.55,1630.73,1638.35,63808.091,1694109599999,104325411.00914,59361,32392.618,52966652.68151,0
1694109600000,1638.35,1640.81,1633.54,1635.79,53251.476,1694113199999,87173780.06684,48092,24233.510,39676216.00496,0
1694113200000,1635.80,1637.26,1632.34,1636.33,38836.067,1694116799999,63490422.12293,35667,18746.599,30646315.77970,0
1694116800000,1636.32,1638.81,1635.01,1637.98,55707.915,1694120399999,91188909.07399,43556,27458.457,44946445.56826,0
1694120400000,1637.99,1659.70,1637.99,1645.54,292828.215,1694123999999,483128735.44589,238736,157117.387,259209276.90205,0
1694124000000,1645.55,1653.95,1645.55,1649.59,93019.604,1694127599999,153491281.25763,84494,49218.544,81214361.90588,0
1694127600000,1649.60,1651.72,1643.87,1647.27,69450.419,1694131199999,114363297.37036,59017,29858.937,49170757.97359,0
1694131200000,1647.25,1658.77,1644.07,1654.17,89769.583,1694134799999,148071380.20641,71929,52143.404,85999283.48461,0
1694134800000,1654.18,1656.58,1646.34,1646.57,56885.494,1694138399999,93882185.33138,57366,20477.290,33799003.01163,0
1694138400000,1646.57,1647.26,1643.19,1644.89,46862.571,1694141999999,77105156.88691,37977,22056.725,36289997.46595,0
1694142000000,1644.88,1646.63,1643.23,1645.65,24528.929,1694145599999,40356793.42828,24876,13567.023,22321956.94715,0
1694145600000,1645.66,1652.40,1645.38,1650.88,60185.404,1694149199999,99216786.49044,50142,32358.468,53342744.04204,0
1694149200000,1650.88,1653.00,1644.64,1644.79,70137.455,1694152799999,115676714.31288,67572,33950.569,55995907.13256,0
1694152800000,1644.79,1645.74,1642.21,1644.88,40862.644,1694156399999,67191587.94049,41071,18402.671,30261157.96732,0
1694156400000,1644.88,1647.89,1644.04,1646.10,30756.252,1694159999999,50623893.23174,35052,15792.671,25994159.03719,0
1694160000000,1646.10,1647.13,1642.50,1644.61,33106.744,1694163599999,54446758.24019,35150,16437.772,27036176.03036,0
1694163600000,1644.62,1644.80,1632.90,1634.76,99881.131,1694167199999,163761013.43589,78592,40244.160,66000495.75841,0
1694167200000,1634.76,1634.77,1615.00,1625.75,364224.459,1694170799999,591192768.16887,267264,178307.140,289384073.34091,0
1694170800000,1625.75,1627.39,1623.70,1625.23,45052.036,1694174399999,73227668.69838,47814,22115.395,35948052.87058,0
1694174400000,1625.22,1630.99,1623.47,1628.04,71226.650,1694177999999,115903273.28987,52571,39524.888,64317947.75805,0
1694178000000,1628.05,1634.28,1627.33,1630.52,70571.277,1694181599999,115101489.97513,61649,38851.707,63371712.11235,0
1694181600000,1630.53,1633.31,1628.59,1628.85,43657.644,1694185199999,71205056.21621,42110,18744.447,30576842.95736,0
1694185200000,1628.85,1632.30,1626.13,1627.89,53135.207,1694188799999,86560032.74646,46811,25918.179,42225502.86227,0
1694188800000,1627.89,1631.17,1623.83,1627.52,78865.868,1694192399999,128376008.97852,64205,42354.098,68950669.27602,0
1694192400000,1627.53,1629.85,1624.70,1629.21,29770.245,1694195999999,48453648.32351,36135,14477.946,23564602.19836,0
1694196000000,1629.21,1630.32,1625.50,1626.79,24676.439,1694199599999,40169896.26261,27945,11932.359,19424673.40141,0
1694199600000,1626.78,1634.75,1625.69,1633.70,48081.434,1694203199999,78437908.98663,43959,25707.001,41938398.61366,0
1694203200000,1633.70,1637.00,1632.34,1636.33,32017.144,1694206799999,52338637.51763,34691,16649.704,27220239.72790,0
1694206800000,1636.33,1637.50,1633.47,1633.48,25665.667,1694210399999,41972702.17038,26589,11715.147,19159546.75907,0
1694210400000,1633.48,1635.71,1633.48,1635.26,12654.038,1694213999999,20687408.80684,20293,6536.597,10686354.61376,0
1694214000000,1635.26,1638.17,1634.36,1635.78,29541.470,1694217599999,48348337.59121,26241,13758.836,22516416.03433,0
1694217600000,1635.77,1636.24,1634.00,1634.06,16321.079,1694221199999,26689295.65793,19490,6896.884,11278436.96850,0
1694221200000,1634.06,1635.78,1633.96,1635.19,12768.320,1694224799999,20873586.18654,14392,7011.432,11462354.67062,0
1694224800000,1635.19,1635.62,1634.14,1634.81,13211.682,1694228399999,21597461.56935,15123,6196.848,10130188.62866,0
1694228400000,1634.80,1634.81,1632.59,1633.57,16032.000,1694231999999,26187161.26732,18331,7328.494,11970365.04326,0
1694232000000,1633.56,1633.62,1631.14,1632.83,19458.083,1694235599999,31764913.76872,18960,9246.736,15096093.06535,0
1694235600000,1632.83,1634.16,1631.32,1631.97,12989.349,1694239199999,21212487.27063,16081,6972.850,11387053.00109,0
1694239200000,1631.96,1634.98,1631.13,1634.98,15689.294,1694242799999,25615553.09573,16196,9384.055,15322365.81023,0
1694242800000,1634.98,1635.20,1633.14,1633.73,13761.425,1694246399999,22487682.16348,14260,5738.855,9377923.30218,0
1694246400000,1633.73,1634.60,1632.69,1633.40,19094.247,1694249999999,31193718.33240,16982,11117.513,18162902.80521,0
1694250000000,1633.40,1635.57,1632.50,1634.17,18601.850,1694253599999,30397914.95615,17323,10271.581,16786220.91184,0
1694253600000,1634.16,1634.49,1632.56,1633.68,16405.293,1694257199999,26798113.96979,14560,6152.371,10050105.71599,0
1694257200000,1633.68,1635.27,1632.93,1634.45,12372.904,1694260799999,20217351.76623,13047,7163.980,11706683.28786,0
1694260800000,1634.45,1635.00,1633.59,1633.75,13744.146,1694264399999,22463305.53078,13620,6073.587,9926879.47340,0
1694264400000,1633.74,1633.77,1629.00,1630.58,48932.209,1694267999999,79822743.50968,41501,20863.828,34033208.81441,0
1694268000000,1630.58,1632.94,1629.01,1631.99,26235.579,1694271599999,42786371.14894,27127,15842.258,25838275.08919,0
1694271600000,1632.00,1636.92,1631.95,1634.47,40344.742,1694275199999,65958706.60606,38039,22314.441,36481427.82604,0
1694275200000,1634.48,1636.86,1633.79,1634.74,15708.692,1694278799999,25681972.12910,19250,7274.752,11894199.28866,0
1694278800000,1634.74,1635.29,1632.88,1633.59,12144.982,1694282399999,19845937.90462,12997,4565.386,7460344.70061,0
1694282400000,1633.59,1633.60,1631.42,1632.40,15464.854,1694285999999,25246118.80287,16919,8216.998,13414038.73152,0
1694286000000,1632.39,1633.80,1632.00,1633.18,8213.828,1694289599999,13411745.67702,11323,4397.619,7180751.38897,0
1694289600000,1633.17,1634.06,1632.86,1632.86,7687.973,1694293199999,12557322.54730,8833,3878.338,6334820.06442,0
1694293200000,1632.87,1634.99,1632.86,1634.98,9117.512,1694296799999,14898110.64361,12414,4404.428,7196576.11728,0
1694296800000,1634.98,1636.50,1634.32,1634.87,19171.562,1694300399999,31354930.99871,19148,10724.286,17540183.35861,0
1694300400000,1634.88,1635.31,1633.88,1634.80,7695.322,1694303999999,12577754.17603,9333,3784.499,6185723.96871,0
1694304000000,1634.81,1635.05,1629.36,1631.50,34583.390,1694307599999,56428527.26597,32166,14763.250,24085247.57237,0
1694307600000,1631.50,1631.50,1625.70,1630.41,45424.697,1694311199999,73986731.14526,35230,20399.076,33231134.13098,0
1694311200000,1630.40,1630.95,1629.06,1630.22,18009.149,1694314799999,29356323.67497,17684,10692.570,17429767.74404,0
1694314800000,1630.23,1630.95,1628.71,1630.21,18857.517,1694318399999,30736060.05149,15861,9500.029,15484800.86023,0
1694318400000,1630.22,1630.38,1617.16,1624.54,161619.021,1694321999999,262227449.22859,119093,73471.454,119213723.61552,0
1694322000000,1624.53,1625.61,1621.97,1625.10,39678.754,1694325599999,64437873.53704,38407,18520.968,30080085.21092,0
1694325600000,1625.10,1627.61,1624.57,1625.89,22910.340,1694329199999,37260706.88605,20245,11332.752,18432204.61757,0
1694329200000,1625.89,1626.49,1623.61,1624.14,21054.737,1694332799999,34219097.40890,19301,9711.975,15784787.39802,0
1694332800000,1624.14,1625.08,1621.76,1624.68,33002.311,1694336399999,53576128.69867,28851,17717.090,28763604.21977,0
1694336400000,1624.69,1625.87,1621.57,1622.85,21172.253,1694339999999,34386209.21314,18627,10291.009,16715042.93916,0
1694340000000,1622.84,1623.09,1621.00,1621.05,25769.760,1694343599999,41801809.80564,22944,12406.187,20125790.61099,0
1694343600000,1621.05,1625.80,1618.10,1623.60,50369.104,1694347199999,81726603.48347,40494,27172.447,44096311.67181,0
1694347200000,1623.61,1625.95,1623.36,1625.24,27274.287,1694350799999,44318261.96587,20779,15319.682,24892767.12328,0
1694350800000,1625.25,1627.99,1623.11,1626.34,44927.290,1694354399999,73029033.42515,36503,22222.247,36123757.38148,0
1694354400000,1626.34,1626.96,1620.18,1621.80,44432.560,1694357999999,72107809.80561,38204,20120.031,32649218.29018,0
1694358000000,1621.81,1621.81,1607.66,1618.90,152901.339,1694361599999,247011482.78886,121994,68523.713,110721836.14569,0
1694361600000,1618.90,1619.36,1590.00,1612.87,219312.826,1694365199999,352479142.69086,155501,94816.485,152467440.97972,0
1694365200000,1612.87,1613.32,1601.00,1607.82,118289.287,1694368799999,190057961.43932,118176,58012.231,93214074.05319,0
1694368800000,1607.82,1613.62,1607.05,1611.65,47978.259,1694372399999,77306339.87595,45094,28162.707,45374946.01479,0
1694372400000,1611.65,1619.47,1601.81,1616.47,111832.483,1694375999999,180170550.46853,89987,59055.552,95161163.80845,0
1694376000000,1616.47,1625.82,1613.52,1618.47,125697.193,1694379599999,203672391.07574,106023,66118.788,107135523.30498,0
1694379600000,1618.47,1627.86,1617.96,1623.29,58826.691,1694383199999,95495319.34315,53773,32018.554,51978044.87862,0
1694383200000,1623.28,1626.88,1618.50,1618.54,57252.758,1694386799999,92898546.38702,50785,27083.898,43948221.31064,0
1694386800000,1618.54,1619.35,1615.53,1616.47,31470.833,1694390399999,50901201.38117,29127,14862.536,24039157.03060,0
1694390400000,1616.46,1618.35,1602.06,1609.22,107605.564,1694393999999,173257515.53862,96615,53404.399,85990074.13101,0
1694394000000,1609.21,1612.15,1605.47,1607.84,58984.045,1694397599999,94910118.33769,54018,29320.044,47177673.06619,0
1694397600000,1607.85,1612.27,1605.91,1612.01,31957.782,1694401199999,51437969.03151,29576,18673.308,30056438.28612,0
1694401200000,1612.02,1614.30,1611.38,1611.92,23919.346,1694404799999,38569690.34257,21933,14098.034,22733470.94770,0
1694404800000,1611.92,1611.93,1606.52,1611.13,57953.455,1694408399999,93265547.80830,35644,22176.630,35689352.60567,0
1694408400000,1611.14,1616.84,1610.29,1616.71,41951.975,1694411999999,67685203.34671,35514,22964.835,37053548.16378,0
1694412000000,1616.71,1617.56,1613.79,1614.73,36681.520,1694415599999,59264043.01314,37056,16726.458,27023989.18354,0
1694415600000,1614.73,1615.30,1610.40,1611.60,38654.727,1694419199999,62327700.29642,41819,17234.460,27789609.49563,0
1694419200000,1611.59,1612.08,1603.08,1606.05,105108.265,1694422799999,168895592.95681,91654,45736.422,73485123.01466,0
1694422800000,1606.05,1607.54,1579.85,1593.01,321765.871,1694426399999,512597290.16840,220821,142281.293,226651803.78394,0
1694426400000,1593.00,1593.33,1573.78,1588.74,271232.920,1694429999999,430198015.95807,212721,130467.574,206966925.26375,0
1694430000000,1588.75,1589.75,1584.64,1585.86,66521.913,1694433599999,105603991.63224,76145,33730.620,53549622.58846,0
1694433600000,1585.87,1594.25,1584.30,1593.49,89147.881,1694437199999,141616841.15330,84103,50008.299,79449460.13616,0
1694437200000,1593.50,1597.90,1586.94,1587.61,103760.671,1694440799999,165228162.60247,105187,53452.313,85127088.69760,0
1694440800000,1587.60,1589.50,1547.78,1558.26,815777.930,1694444399999,1278939588.61141,557727,381335.365,597940313.11196,0
1694444400000,1558.26,1564.60,1550.00,1561.68,219435.754,1694447999999,342021461.55475,217098,116964.735,182342463.06780,0
1694448000000,1561.69,1567.52,1556.89,1557.29,128853.835,1694451599999,201206262.15225,131660,61542.864,96112656.95137,0
1694451600000,1557.29,1563.50,1550.88,1563.21,108896.120,1694455199999,169478742.19228,114221,50714.662,78943569.60890,0
1694455200000,1563.21,1563.22,1554.18,1555.31,53292.867,1694458799999,83084037.91446,64634,25282.392,39414252.98838,0
1694458800000,1555.30,1556.43,1533.00,1538.60,259069.706,1694462399999,399944664.51192,229356,111502.147,172173624.71370,0
1694462400000,1538.60,1545.71,1528.61,1541.06,173969.712,1694465999999,267768888.25974,163243,84312.874,129799348.90047,0
1694466000000,1541.05,1547.78,1537.76,1543.13,66501.453,1694469599999,102615334.58026,75775,34449.801,53156421.82759,0
1694469600000,1543.13,1548.85,1543.02,1547.03,47066.556,1694473199999,72785337.88342,48731,26420.536,40856360.78001,0
1694473200000,1547.02,1551.57,1545.00,1551.03,45222.780,1694476799999,70032588.95438,49523,23773.917,36819034.40532,0
1694476800000,1551.02,1558.49,1548.70,1556.66,74340.644,1694480399999,115471014.28873,81714,41587.080,64597345.53129,0
1694480400000,1556.65,1557.43,1551.24,1551.73,49925.946,1694483999999,77557841.26551,53534,18941.502,29429911.97487,0
1694484000000,1551.73,1557.56,1551.01,1556.55,42129.925,1694487599999,65508754.85871,43630,24011.378,37337997.55547,0
1694487600000,1556.55,1594.37,1556.55,1584.08,456599.678,1694491199999,721250807.10276,334327,241308.236,381069497.34621,0
1694491200000,1584.08,1592.83,1580.45,1581.57,159508.751,1694494799999,253129420.53929,122895,77276.842,122641721.60324,0
1694494800000,1581.57,1582.00,1575.31,1580.18,129684.602,1694498399999,204718461.68087,107490,71017.338,112110209.35484,0
1694498400000,1580.19,1584.57,1577.31,1578.31,66358.567,1694501999999,104852523.62887,71887,33995.338,53718192.83808,0
1694502000000,1578.31,1581.00,1573.34,1579.17,79772.435,1694505599999,125857984.25623,75199,38794.432,61218428.44188,0
1694505600000,1579.16,1583.72,1575.00,1577.17,58038.257,1694509199999,91655947.09653,47481,29270.337,46228358.83893,0
1694509200000,1577.17,1589.90,1575.50,1588.30,94031.671,1694512799999,148797456.76764,73553,57121.148,90397791.94855,0
1694512800000,1588.31,1626.78,1585.66,1612.85,419853.222,1694516399999,675606635.95950,282025,230793.270,371367801.41405,0
1694516400000,1612.85,1615.00,1605.44,1608.79,86530.726,1694519999999,139312508.96519,86760,39646.453,63830041.94508,0
1694520000000,1608.79,1611.41,1602.74,1603.94,105782.608,1694523599999,170056905.27475,89520,50343.162,80950418.06930,0
1694523600000,1603.94,1608.87,1593.65,1607.39,166410.924,1694527199999,266488013.93744,147655,78838.904,126285161.87294,0
1694527200000,1607.38,1613.03,1593.28,1596.63,165688.689,1694530799999,265501720.10301,158115,80092.979,128357117.85776,0
1694530800000,1596.63,1604.99,1596.63,1602.95,66310.176,1694534399999,106189491.58486,81748,35716.088,57193435.84844,0
1694534400000,1602.95,1622.16,1595.31,1598.16,226068.116,1694537999999,363405467.69842,206736,113040.432,181784089.25521,0
1694538000000,1598.14,1601.92,1583.45,1585.08,182519.056,1694541599999,290432110.42134,175684,82162.391,130753952.32172,0
1694541600000,1585.09,1592.81,1583.48,1592.40,69892.291,1694545199999,111062955.62916,74135,35234.576,55998161.77364,0
1694545200000,1592.39,1614.00,1592.26,1597.73,141397.191,1694548799999,226353247.63795,132360,77280.821,123732443.65516,0
1694548800000,1597.72,1600.68,1596.44,1598.22,22773.553,1694552399999,36412161.90336,33101,11092.392,17735668.55175,0
1694552400000,1598.22,1603.79,1596.61,1600.34,31165.362,1694555999999,49887781.96296,39334,15506.325,24825226.51396,0
1694556000000,1600.34,1600.34,1595.19,1596.10,31557.985,1694559599999,50412813.45895,39142,14324.373,22882731.78699,0
1694559600000,1596.10,1596.11,1589.49,1592.29,60801.982,1694563199999,96850608.48023,68379,28980.084,46161314.79987,0
1694563200000,1592.29,1600.67,1588.10,1596.15,75833.408,1694566799999,120939092.10485,74385,39028.422,62258101.53464,0
1694566800000,1596.15,1600.14,1594.84,1598.15,38010.520,1694570399999,60730335.43774,42805,19960.721,31892612.36000,0
1694570400000,1598.15,1598.74,1593.23,1593.56,34890.893,1694573999999,55689722.09220,37899,15419.571,24612268.68164,0
1694574000000,1593.52,1595.37,1585.75,1588.90,58006.065,1694577599999,92243532.71266,56920,22918.620,36444543.95985,0
1694577600000,1588.90,1591.51,1587.11,1590.00,34895.628,1694581199999,55470573.14864,38917,18573.693,29525946.26322,0
1694581200000,1590.00,1590.30,1580.46,1583.75,67042.850,1694584799999,106206540.54428,69546,30371.930,48111053.56918,0
1694584800000,1583.75,1588.93,1581.06,1586.89,48669.356,1694588399999,77135396.66314,50783,27238.131,43172681.79366,0
1694588400000,1586.88,1602.77,1582.00,1583.69,195850.902,1694591999999,311752895.86461,176669,98296.667,156504060.28178,0
1694592000000,1583.69,1593.74,1582.00,1591.89,61914.793,1694595599999,98434128.46695,68816,33695.841,53573260.84178,0
1694595600000,1591.89,1601.76,1590.07,1599.91,80914.835,1694599199999,129157813.65846,85454,45779.510,73077936.78536,0
1694599200000,1599.91,1603.84,1594.37,1599.46,81075.253,1694602799999,129574767.14636,74592,40211.347,64274598.80253,0
1694602800000,1599.46,1606.91,1596.44,1603.83,68177.203,1694606399999,109221592.79640,60787,36700.979,58801715.32555,0
1694606400000,1603.84,1604.74,1591.30,1600.54,164572.872,1694609999999,262996218.16925,169404,80731.403,129019843.62814,0
1694610000000,1600.54,1601.50,1590.51,1594.54,98431.621,1694613599999,157115192.08086,88599,42589.833,67984750.79906,0
1694613600000,1594.55,1611.50,1591.53,1603.03,156462.745,1694617199999,250975196.58877,144416,87266.290,139985353.37899,0
1694617200000,1603.03,1620.00,1601.50,1607.31,169050.699,1694620799999,272298560.95713,144529,92451.427,148940804.69544,0
1694620800000,1607.31,1615.44,1605.11,1608.61,95061.501,1694624399999,153118689.99626,95608,48464.922,78070489.47913,0
1694624400000,1608.61,1610.32,1595.72,1596.92,149368.815,1694627999999,239358052.19933,136223,70980.994,113760595.88498,0
1694628000000,1596.91,1601.86,1596.03,1598.78,45709.096,1694631599999,73106894.82660,50740,23592.054,37735113.07366,0
1694631600000,1598.78,1602.20,1594.50,1598.62,47202.667,1694635199999,75485018.49117,46504,24899.085,39821281.60257,0
1694635200000,1598.62,1604.97,1598.34,1602.89,30509.445,1694638799999,48876279.73027,30419,16336.830,26170860.69204,0
1694638800000,1602.88,1606.57,1602.00,1604.48,21975.623,1694642399999,35252125.91884,23010,10701.366,17167369.26145,0
1694642400000,1604.48,1608.60,1604.48,1606.09,22387.798,1694645999999,35966595.99325,22701,11560.074,18571437.24295,0
1694646000000,1606.08,1609.24,1605.18,1606.68,23862.928,1694649599999,38342360.00410,23893,12380.186,19892601.30361,0
1694649600000,1606.69,1636.00,1606.02,1635.20,290698.712,1694653199999,471957263.80607,206706,167422.483,271796377.24687,0
1694653200000,1635.20,1639.00,1618.00,1619.68,248659.412,1694656799999,404716357.51061,208351,124428.941,202526582.37727,0
1694656800000,1619.68,1622.54,1616.82,1622.53,57339.707,1694660399999,92862010.14869,59187,28320.042,45868159.27017,0
1694660400000,1622.54,1623.68,1617.45,1619.37,29784.489,1694663999999,48252054.83850,38059,14520.796,23524357.92159,0
1694664000000,1619.36,1620.71,1613.03,1614.99,47163.473,1694667599999,76251173.45075,49278,20942.840,33857384.55470,0
1694667600000,1615.00,1617.59,1611.36,1613.54,39222.335,1694671199999,63303731.19276,45663,19257.799,31084884.55115,0
1694671200000,1613.53,1619.23,1612.36,1618.76,34277.449,1694674799999,55398403.12308,38921,18681.087,30193281.34213,0
1694674800000,1618.76,1625.21,1615.44,1620.67,57663.118,1694678399999,93423153.45931,61007,30953.115,50153739.45492,0
1694678400000,1620.67,1621.65,1616.39,1619.04,46879.662,1694681999999,75909076.17082,54290,21929.132,35508635.14340,0
1694682000000,1619.04,1620.22,1617.15,1618.75,18321.772,1694685599999,29654363.47876,30530,7797.768,12621270.24149,0
1694685600000,1618.75,1622.30,1617.19,1621.28,40661.630,1694689199999,65858890.84864,40607,21978.139,35600318.32240,0
1694689200000,1621.28,1626.69,1620.90,1623.90,71533.521,1694692799999,116139839.31971,67107,38564.758,62613618.28718,0
1694692800000,1623.89,1628.89,1615.85,1623.25,163227.457,1694696399999,264833723.70934,146912,75743.131,122913200.78311,0
1694696400000,1623.25,1635.80,1620.01,1624.52,190830.977,1694699999999,310395060.78305,185250,93074.196,151412931.44343,0
1694700000000,1624.52,1637.42,1621.76,1635.59,159953.512,1694703599999,260582827.29278,133414,82899.816,135090697.08570,0
1694703600000,1635.59,1644.45,1628.11,1634.02,167453.696,1694707199999,273769701.44347,143513,84113.333,137566858.43916,0
1694707200000,1634.02,1635.32,1625.40,1633.96,99026.428,1694710799999,161509749.97600,87314,54601.214,89054359.96835,0
1694710800000,1633.95,1637.48,1631.00,1636.01,62123.983,1694714399999,101527219.75163,62230,33196.241,54257585.34993,0
1694714400000,1636.02,1644.16,1628.54,1628.77,100666.805,1694717999999,164584674.41387,100655,48460.150,79253875.23962,0
1694718000000,1628.77,1635.62,1628.48,1635.14,43282.846,1694721599999,70637976.15572,48608,23991.425,39153639.12658,0
1694721600000,1635.15,1637.42,1626.54,1626.54,46290.293,1694725199999,75526453.68359,49841,19148.379,31242803.29332,0
1694725200000,1626.54,1629.18,1622.64,1626.53,39105.626,1694728799999,63595589.65177,47949,18559.065,30186124.31235,0
1694728800000,1626.54,1631.44,1625.15,1629.00,35309.278,1694732399999,57512270.56794,40003,16749.144,27281080.46294,0
1694732400000,1629.00,1630.53,1624.23,1625.65,28791.090,1694735999999,46835433.36932,35977,14792.749,24063554.97461,0
1694736000000,1625.65,1628.80,1622.22,1623.31,52633.844,1694739599999,85568411.31363,52752,26500.836,43090190.09075,0
1694739600000,1623.32,1626.99,1621.14,1626.90,38002.300,1694743199999,61717484.63607,40346,20188.727,32789750.41377,0
1694743200000,1626.89,1635.05,1626.89,1631.89,74863.749,1694746799999,122225348.90910,79640,41026.701,66976398.97898,0
1694746800000,1631.90,1635.00,1630.07,1633.72,43259.898,1694750399999,70628048.40808,42932,23767.693,38803918.27148,0
1694750400000,1633.72,1635.19,1630.23,1632.46,29409.945,1694753999999,48025786.33664,37248,14657.460,23936244.56921,0
1694754000000,1632.45,1633.44,1628.47,1629.86,24598.718,1694757599999,40125049.57063,34210,10937.806,17841592.05213,0
1694757600000,1629.85,1631.32,1627.38,1629.01,26417.260,1694761199999,43034676.60752,34259,12890.143,21000375.44861,0
1694761200000,1629.00,1629.31,1625.99,1627.18,37182.899,1694764799999,60516572.43681,43140,15016.187,24438981.56547,0
1694764800000,1627.19,1629.14,1624.52,1628.92,41680.784,1694768399999,67817335.46268,40173,20756.600,33776577.31887,0
1694768400000,1628.92,1631.13,1625.77,1627.94,35103.573,1694771999999,57157509.09888,39382,17802.273,28989789.99968,0
1694772000000,1627.94,1629.57,1626.93,1629.31,19983.815,1694775599999,32538593.62922,22448,9961.061,16219606.65021,0
1694775600000,1629.31,1629.69,1616.66,1620.09,97257.231,1694779199999,157840470.57521,88592,44176.935,71700105.38448,0
1694779200000,1620.08,1623.28,1618.38,1619.04,61334.375,1694782799999,99424144.09949,63816,31594.557,51218020.09119,0
1694782800000,1619.03,1625.05,1618.66,1619.25,56838.966,1694786399999,92162734.46584,57140,30011.655,48662994.76466,0
1694786400000,1619.25,1622.11,1610.00,1613.73,123069.675,1694789999999,198863943.58176,126379,60816.596,98279456.65481,0
1694790000000,1613.72,1619.48,1613.27,1618.62,56028.994,1694793599999,90584415.50315,57643,30475.697,49272074.87009,0
1694793600000,1618.61,1623.00,1617.84,1622.03,59791.122,1694797199999,96874783.67129,50893,32729.798,53033244.81173,0
1694797200000,1622.03,1622.22,1617.93,1618.35,29887.918,1694800799999,48421028.28646,29848,13180.899,21354151.15124,0
1694800800000,1618.35,1621.25,1616.60,1618.46,22234.468,1694804399999,35990152.35172,24745,12310.211,19925773.24677,0
1694804400000,1618.46,1622.88,1617.92,1620.60,27827.146,1694807999999,45110626.69819,30611,15072.421,24435060.92791,0
1694808000000,1620.60,1622.22,1618.37,1621.84,22349.805,1694811599999,36212171.75453,23039,12012.313,19463355.85484,0
1694811600000,1621.83,1639.32,1621.83,1631.61,157128.793,1694815199999,256273579.18907,130231,92564.713,150970463.52566,0
1694815200000,1631.60,1653.91,1630.03,1648.96,185017.504,1694818799999,304066473.35534,168269,106196.237,174538543.37857,0
1694818800000,1648.95,1652.61,1640.12,1640.67,105063.420,1694822399999,172923588.98894,114916,51526.454,84813387.62652,0
1694822400000,1640.66,1644.68,1639.44,1641.18,54138.133,1694825999999,88886663.31076,55564,26246.886,43096961.40602,0
1694826000000,1641.17,1644.28,1637.55,1642.99,39997.922,1694829599999,65647670.23702,41688,17358.566,28491267.60037,0
1694829600000,1642.99,1652.97,1642.99,1644.58,79063.029,1694833199999,130213668.42810,82756,39389.927,64886017.09123,0
1694833200000,1644.58,1647.24,1640.00,1640.99,39697.142,1694836799999,65246725.56448,44562,18043.325,29656435.38242,0
1694836800000,1640.99,1641.60,1637.85,1638.06,48340.832,1694840399999,79269655.39391,45701,24521.298,40212879.09137,0
1694840400000,1638.06,1640.11,1636.85,1637.27,34506.254,1694843999999,56526316.35327,38033,17080.207,27981229.77130,0
1694844000000,1637.26,1638.82,1633.66,1635.97,40578.183,1694847599999,66396932.90933,40027,16737.224,27386357.61872,0
1694847600000,1635.98,1637.33,1634.02,1636.21,27674.867,1694851199999,45267017.77471,25934,13590.176,22229017.53693,0
1694851200000,1636.21,1636.71,1632.56,1634.09,37580.720,1694854799999,61438632.15161,35485,18520.719,30280092.01853,0
1694854800000,1634.09,1638.05,1633.34,1633.77,34056.977,1694858399999,55697231.21243,30710,18867.225,30857542.87641,0
1694858400000,1633.76,1636.00,1630.37,1635.58,48992.899,1694861999999,80019364.28732,42655,22911.159,37427134.20989,0
1694862000000,1635.58,1636.38,1633.18,1634.93,25507.543,1694865599999,41704109.13622,24496,12801.043,20929710.21343,0
1694865600000,1634.93,1638.61,1633.49,1636.21,28933.900,1694869199999,47336699.60206,27686,16532.507,27048549.93628,0
1694869200000,1636.21,1637.00,1633.27,1634.34,23147.828,1694872799999,37837166.36064,27484,10380.510,16968518.97024,0
1694872800000,1634.35,1635.87,1632.13,1632.30,26213.403,1694876399999,42832680.40216,27835,12850.935,20998811.18087,0
1694876400000,1632.30,1636.39,1630.50,1633.71,25391.446,1694879999999,41491595.07671,28842,12979.726,21212269.78816,0
1694880000000,1633.71,1636.14,1632.73,1635.98,19607.218,1694883599999,32045733.57527,20676,10544.078,17234613.26931,0
1694883600000,1635.97,1638.94,1634.69,1636.79,31535.809,1694887199999,51617930.17048,30699,17406.689,28490101.62429,0
1694887200000,1636.80,1638.27,1634.61,1636.47,20251.237,1694890799999,33138387.28214,19739,10279.113,16822004.16865,0
1694890800000,1636.46,1636.50,1630.67,1632.74,34472.889,1694894399999,56289391.89237,33900,12918.937,21091919.74064,0
1694894400000,1632.74,1635.50,1631.90,1633.95,15144.899,1694897999999,24745194.64773,17008,8322.064,13597285.54715,0
1694898000000,1633.95,1637.27,1633.63,1636.26,18448.594,1694901599999,30169926.88658,18418,9101.729,14884934.99038,0
1694901600000,1636.26,1636.62,1634.13,1635.20,9906.652,1694905199999,16200054.82748,13850,4354.636,7120875.33508,0
1694905200000,1635.20,1636.20,1632.13,1633.68,15611.663,1694908799999,25507678.79124,17761,7443.093,12160064.22457,0
1694908800000,1633.68,1633.84,1620.16,1624.37,110259.735,1694912399999,179354604.37427,92312,43292.704,70422060.39883,0
1694912400000,1624.36,1626.32,1618.00,1624.52,83784.829,1694915999999,135940557.57634,82604,43240.278,70174277.76220,0
1694916000000,1624.53,1628.98,1623.46,1627.35,39015.302,1694919599999,63454873.48054,33278,25503.924,41484641.24097,0
1694919600000,1627.36,1629.54,1626.48,1628.33,31149.923,1694923199999,50699712.73109,24052,17424.411,28358683.42988,0
1694923200000,1628.33,1630.92,1626.43,1630.13,25430.284,1694926799999,41411409.76878,25162,13258.463,21594923.51005,0
1694926800000,1630.14,1630.95,1627.25,1629.31,22877.612,1694930399999,37267111.98650,25722,9977.002,16253700.18864,0
1694930400000,1629.30,1630.55,1627.86,1629.99,15884.374,1694933999999,25877605.31391,18860,8163.958,13301323.02342,0
1694934000000,1629.98,1630.28,1626.50,1626.85,16754.473,1694937599999,27284522.10437,17446,6342.203,10329616.71607,0
1694937600000,1626.85,1632.39,1626.33,1631.26,31333.764,1694941199999,51069975.81086,30212,18333.036,29879567.49949,0
1694941200000,1631.26,1633.64,1629.55,1633.14,25500.649,1694944799999,41605792.54071,26385,14154.539,23096885.90815,0
1694944800000,1633.14,1634.43,1632.43,1633.15,24184.636,1694948399999,39498215.47311,22927,12811.733,20924642.33667,0
1694948400000,1633.15,1633.72,1628.56,1628.62,35009.959,1694951999999,57090972.58211,36067,12258.128,19989223.81379,0
1694952000000,1628.63,1631.41,1628.27,1630.69,17810.739,1694955599999,29034811.72603,20513,10519.279,17148280.83591,0
1694955600000,1630.68,1630.83,1626.63,1627.94,27603.474,1694959199999,44956126.96984,26842,12580.634,20489671.00067,0
1694959200000,1627.93,1631.40,1627.63,1628.13,18379.769,1694962799999,29943253.31328,20831,10812.622,17615919.65526,0
1694962800000,1628.13,1630.98,1627.75,1628.61,22333.302,1694966399999,36388480.71714,25847,11902.704,19393212.17811,0
1694966400000,1628.61,1628.77,1622.55,1623.87,54000.211,1694969999999,87763578.69766,54344,22117.937,35947496.81711,0
1694970000000,1623.87,1623.88,1619.28,1619.38,51670.150,1694973599999,83816150.26168,48439,20611.297,33435645.49424,0
1694973600000,1619.38,1624.98,1616.68,1624.11,43957.698,1694977199999,71281249.26416,40872,23484.324,38090177.64002,0
1694977200000,1624.11,1626.20,1624.11,1624.93,22052.593,1694980799999,35837313.34636,21075,12492.894,20302745.87305,0
1694980800000,1624.94,1626.16,1611.64,1616.35,81306.509,1694984399999,131680573.97819,75506,33371.790,54070215.27308,0
1694984400000,1616.34,1619.98,1610.81,1619.00,73539.110,1694987999999,118813951.44625,73344,37793.959,61066730.31621,0
1694988000000,1618.99,1620.13,1614.38,1619.96,34710.042,1694991599999,56150154.48020,31881,17899.986,28957327.11349,0
1694991600000,1619.95,1622.66,1615.32,1621.62,37526.467,1694995199999,60750433.22700,38046,19938.376,32278786.81927,0
1694995200000,1621.63,1623.90,1598.58,1611.61,162846.497,1694998799999,262508713.73171,140234,72642.917,117149910.55619,0
1694998800000,1611.61,1616.14,1611.58,1615.51,36315.574,1695002399999,58615256.93527,43559,17966.119,28997251.43596,0
1695002400000,1615.51,1636.05,1614.73,1628.75,181693.530,1695005999999,295753940.69509,166011,98454.601,160248251.25531,0
1695006000000,1628.75,1630.36,1624.30,1629.35,44464.258,1695009599999,72366669.48799,49286,21985.272,35780579.39285,0
1695009600000,1629.36,1631.90,1625.90,1629.69,38760.080,1695013199999,63130494.24378,41495,19169.079,31225176.24965,0
1695013200000,1629.69,1634.76,1628.79,1629.20,50418.174,1695016799999,82269885.06729,49521,26091.440,42575948.17540,0
1695016800000,1629.21,1632.38,1627.55,1628.24,32131.886,1695020399999,52382955.43125,34699,15907.847,25935064.26459,0
1695020400000,1628.25,1638.00,1628.00,1633.22,116270.227,1695023999999,189881755.67467,92786,63198.746,103218444.05566,0
1695024000000,1633.21,1634.67,1629.98,1632.24,27432.350,1695027599999,44755536.92518,31141,13419.619,21894887.15566,0
1695027600000,1632.25,1641.85,1632.24,1637.49,115739.280,1695031199999,189468933.83070,111378,61890.523,101327177.84351,0
1695031200000,1637.49,1651.69,1637.33,1647.65,203527.503,1695034799999,334687126.84131,181223,108910.693,179084072.39611,0
1695034800000,1647.66,1658.88,1647.66,1655.16,153229.821,1695038399999,253100937.77198,143459,79965.941,132115707.76999,0
1695038400000,1655.17,1668.64,1649.65,1664.58,247799.309,1695041999999,411569797.08300,228241,130250.015,216378158.89152,0
1695042000000,1664.57,1666.89,1652.10,1656.16,142740.280,1695045599999,236841538.07911,130937,64331.202,106747272.55990,0
1695045600000,1656.15,1658.92,1649.84,1656.65,77694.277,1695049199999,128580435.57847,82163,41188.527,68164958.07689,0
1695049200000,1656.64,1661.56,1653.24,1654.70,70602.130,1695052799999,117015416.58163,65098,34276.070,56814235.60850,0
1695052800000,1654.69,1659.94,1650.82,1654.98,87740.847,1695056399999,145204444.65955,74248,47536.527,78677754.58365,0
1695056400000,1654.98,1656.68,1633.10,1637.68,270698.570,1695059999999,444340784.70172,206931,123740.278,203074113.70908,0
1695060000000,1637.68,1643.67,1632.00,1636.30,109252.422,1695063599999,178852864.28643,100252,50885.178,83319065.20141,0
1695063600000,1636.30,1644.60,1634.37,1640.06,65984.387,1695067199999,108174556.86300,69182,34435.292,56451381.43051,0
1695067200000,1640.06,1641.15,1636.11,1636.58,46823.681,1695070799999,76698897.33963,45167,20199.537,33086985.62355,0
1695070800000,1636.57,1639.56,1634.64,1639.55,22647.258,1695074399999,37074667.00549,28997,12211.170,19990752.00652,0
1695074400000,1639.55,1641.48,1637.09,1641.18,26171.130,1695077999999,42900998.53196,28293,12425.761,20369808.18553,0
1695078000000,1641.17,1641.52,1634.28,1635.63,38946.241,1695081599999,63753142.19822,37652,16728.973,27384879.10875,0
1695081600000,1635.63,1637.90,1625.02,1629.45,113375.358,1695085199999,184862296.08274,100551,48061.798,78366319.53666,0
1695085200000,1629.45,1633.00,1628.36,1632.27,34970.634,1695088799999,57045181.80531,35669,19368.965,31596762.66626,0
1695088800000,1632.27,1638.96,1631.27,1638.96,40982.036,1695092399999,67024604.45324,36820,25500.308,41708404.00805,0
1695092400000,1638.95,1639.40,1632.29,1633.93,43143.824,1695095999999,70548570.58236,39070,17997.977,29429383.65951,0
1695096000000,1633.94,1637.76,1632.51,1636.50,26288.009,1695099599999,42986428.14999,24094,15685.736,25650485.99649,0
1695099600000,1636.49,1637.88,1634.58,1635.14,25807.304,1695103199999,42231073.90533,24315,12590.375,20604331.86646,0
1695103200000,1635.14,1637.41,1631.51,1636.15,32088.563,1695106799999,52444431.01341,32110,15989.075,26135816.98753,0
1695106800000,1636.14,1637.79,1635.12,1635.42,22790.171,1695110399999,37295811.02470,24305,11875.663,19436160.24323,0
1695110400000,1635.41,1643.97,1635.12,1642.79,77305.562,1695113999999,126728970.11631,63022,43851.252,71892320.93138,0
1695114000000,1642.79,1660.69,1639.94,1652.78,205721.875,1695117599999,339573555.01743,177064,105800.903,174639225.93865,0
1695117600000,1652.77,1653.63,1640.32,1645.46,117517.415,1695121199999,193560685.88166,102319,48361.179,79636597.69760,0
1695121200000,1645.47,1647.07,1640.66,1647.06,55828.968,1695124799999,91770561.78115,51974,31672.137,52065568.92860,0
1695124800000,1647.06,1649.91,1639.07,1643.20,93476.757,1695128399999,153695326.06837,82115,45462.208,74755762.11063,0
1695128400000,1643.21,1646.86,1635,1637.31,98447.323,1695131999999,161577252.96515,82544,44929.901,73764611.81743,0
1695132000000,1637.32,1645.90,1633.27,1644.45,119759.431,1695135599999,196424815.04011,110426,63283.793,103806071.40313,0
1695135600000,1644.45,1658.96,1643,1656.32,215861.900,1695139199999,356446122.39076,199154,112233.849,185365475.72083,0
1695139200000,1656.31,1658.91,1647.46,1650,116245.680,1695142799999,192181162.57305,113456,56474.046,93378402.13624,0
1695142800000,1650,1650.33,1640.96,1644.56,87163.758,1695146399999,143441115.56975,90881,41737.625,68688440.29689,0
1695146400000,1644.56,1648.74,1642.85,1643.87,41860.043,1695149999999,68872761.61609,46029,19550.620,32170839.38233,0
1695150000000,1643.88,1644.33,1639.21,1643.39,46166.450,1695153599999,75813144.81427,46475,23756.428,39015433.17199,0
1695153600000,1643.38,1643.91,1638.12,1641.60,58730.508,1695157199999,96377000.15862,56931,32477.956,53301346.48743,0
1695157200000,1641.60,1641.98,1636.01,1640.33,44263.745,1695160799999,72533686.94877,52863,23745.493,38914872.58450,0
1695160800000,1640.33,1642.36,1636.60,1641.03,28980.974,1695164399999,47516613.06411,33866,15502.116,25419769.23250,0
1695164400000,1641.03,1643.98,1640.49,1642.49,29841.388,1695167999999,49019867.76988,31018,14666.782,24091312.24096,0
1695168000000,1642.48,1643.70,1638.30,1641.46,38077.907,1695171599999,62479887.29621,37292,17479.378,28682967.21794,0
1695171600000,1641.45,1648.22,1640.15,1647.75,44950.472,1695175199999,73936515.76624,49663,24380.858,40103535.30377,0
1695175200000,1647.75,1648.68,1638.80,1639.40,55921.162,1695178799999,91869125.45646,56894,23981.933,39397179.91212,0
1695178800000,1639.39,1640.93,1635,1636.78,57682.553,1695182399999,94455726.72901,51989,24372.046,39916500.53684,0
1695182400000,1636.78,1638.62,1634.29,1634.70,47847.660,1695185999999,78300399.81687,47649,22294.516,36489241.00037,0
1695186000000,1634.70,1636.46,1632.19,1633.35,45956.182,1695189599999,75114418.62889,49031,21873.141,35756172.83457,0
1695189600000,1633.34,1637,1629.59,1632.99,81604.260,1695193199999,133252769.86567,77567,37917.916,61921070.32115,0
1695193200000,1632.99,1636.18,1632,1633.84,34165.635,1695196799999,55820037.66328,36293,20347.966,33243085.01254,0
1695196800000,1633.84,1637.51,1632.56,1636.76,40253.042,1695200399999,65805565.11024,40158,21673.372,35432574.08256,0
1695200400000,1636.76,1637.47,1616.33,1626.62,196583.468,1695203999999,319536257.77593,161242,82675.284,134372138.59326,0
1695204000000,1626.62,1628.29,1622.43,1628.29,81796.030,1695207599999,132935626.16503,74950,45608.304,74127873.38842,0
1695207600000,1628.29,1632.30,1627.58,1629.03,71184.386,1695211199999,116004264.44489,57688,35602.737,58026006.13793,0
1695211200000,1629.04,1632.58,1622.12,1625.52,78611.352,1695214799999,127925865.25134,76400,42749.492,69576626.78224,0
1695214800000,1625.52,1632.83,1619.69,1630.44,97055.642,1695218399999,157842612.57398,93365,52179.286,84869749.28031,0
1695218400000,1630.43,1633.70,1623.70,1626.71,87011.908,1695221999999,141735773.34873,89246,43006.265,70061534.53696,0
1695222000000,1626.71,1629.86,1624.15,1628.41,42735.704,1695225599999,69541969.75519,48859,21377.078,34787170.97730,0
1695225600000,1628.40,1629.86,1624.96,1626.84,51276.667,1695229199999,83461091.84561,51994,25838.245,42055813.38680,0
1695229200000,1626.84,1632,1624.85,1628.07,80259.868,1695232799999,130741574.39887,64110,38653.864,62975728.96369,0
1695232800000,1628.07,1640,1624.18,1631.44,173415.906,1695236399999,282977736.93393,190341,89470.710,146013193.79788,0
1695236400000,1631.44,1633.20,1602,1615.37,260821.413,1695239999999,420876490.62614,235442,112675.354,181826047.58476,0
1695240000000,1615.38,1624.17,1614.07,1624.12,64193.365,1695243599999,103888563.76044,67801,36856.360,59651246.05061,0
1695243600000,1624.13,1629.36,1621.74,1625.36,69297.030,1695247199999,112675409.89673,68392,34769.365,56536021.91923,0
1695247200000,1625.36,1625.73,1620.20,1622.23,40638.835,1695250799999,65941829.15679,49526,19606.363,31813065.92137,0
1695250800000,1622.23,1623.63,1618.75,1621.60,31478.353,1695254399999,51034006.13364,40102,15299.707,24806207.36169,0
1695254400000,1621.60,1624.81,1619.26,1619.72,48863.392,1695257999999,79227427.72584,55918,23902.447,38756772.91077,0
1695258000000,1619.73,1620.42,1612.50,1616.61,83388.627,1695261599999,134753160.35547,85777,41103.635,66424671.24561,0
1695261600000,1616.61,1620.65,1614.88,1617.32,42363.604,1695265199999,68519349.54654,47824,22573.631,36512304.23798,0
1695265200000,1617.32,1622.80,1617.16,1622.71,24753.948,1695268799999,40099110.30667,29567,14125.883,22884043.47352,0
1695268800000,1622.72,1624.05,1620.25,1623.55,30687.469,1695272399999,49782309.44174,37434,14923.955,24211255.45705,0
1695272400000,1623.56,1623.78,1619.58,1623.19,37298.795,1695275999999,60495804.38616,35459,20125.040,32642940.02570,0
1695276000000,1623.19,1623.19,1616.79,1620.80,34080.135,1695279599999,55184776.03592,41458,15659.050,25357843.50984,0
1695279600000,1620.81,1620.81,1616.11,1617.48,24595.154,1695283199999,39807316.73738,30586,11355.283,18377517.82041,0
1695283200000,1617.47,1622.18,1615.72,1616.11,70309.631,1695286799999,113790251.68308,63871,36127.323,58475595.71815,0
1695286800000,1616.12,1617.38,1605,1609.60,191384.789,1695290399999,308164498.83791,172985,78823.562,126948223.28427,0
1695290400000,1609.60,1614.87,1585.81,1590.92,319091.819,1695293999999,510521418.39634,266480,140608.068,225066621.84279,0
1695294000000,1590.93,1596.51,1588.97,1594.09,120687.187,1695297599999,192285778.96554,120116,57898.205,92253124.13480,0
1695297600000,1594.08,1596.36,1582.10,1589.97,179580.131,1695301199999,285384154.34173,157640,82608.168,131302765.77958,0
1695301200000,1589.97,1590,1565.50,1575.52,308127.613,1695304799999,485790449.88617,267025,135550.108,213745446.73402,0
1695304800000,1575.52,1584.50,1573.08,1583.22,128183.359,1695308399999,202629722.80261,124216,67834.701,107228820.02293,0
1695308400000,1583.23,1587.42,1580.01,1583,80978.948,1695311999999,128196922.75599,75520,41376.570,65512904.56871,0
1695312000000,1583,1587,1581.26,1585.27,55913.637,1695315599999,88529994.91656,45288,28177.989,44618052.53396,0
1695315600000,1585.28,1592.70,1585.27,1587.91,81298.949,1695319199999,129221731.58705,76523,39677.969,63069029.36903,0
1695319200000,1587.90,1592.01,1587.38,1590.66,37328.853,1695322799999,59334476.15325,37189,20151.900,32034658.87159,0
1695322800000,1590.66,1591.86,1585.21,1588.91,39059.972,1695326399999,62036684.98807,42534,17981.427,28560225.74644,0
1695326400000,1588.92,1589.62,1582.03,1587.20,45253.242,1695329999999,71755018.36422,44243,21365.279,33878721.53637,0
1695330000000,1587.21,1588.15,1582.62,1588.15,21365.083,1695333599999,33872845.61502,28935,10588.922,16787795.25920,0
1695333600000,1588.15,1588.20,1583.21,1585,19928.747,1695337199999,31584010.25454,24598,10391.016,16467910.75336,0
1695337200000,1584.99,1587.36,1582.70,1583,25209.543,1695340799999,39954123.61024,24749,13112.764,20784057.05171,0
1695340800000,1583,1591.10,1575.46,1590.37,108356.173,1695344399999,171645465.94496,97132,54610.175,86529323.78398,0
1695344400000,1590.37,1594.69,1584.50,1590.07,60689.727,1695347999999,96524574.70319,63355,31240.505,49692446.19316,0
1695348000000,1590.07,1592,1587.24,1587.71,27276.894,1695351599999,43358266.55410,30733,12144.429,19304983.35475,0
1695351600000,1587.72,1595.77,1587.54,1593.91,54221.611,1695355199999,86335117.70742,51817,31202.236,49684230.47312,0
1695355200000,1593.92,1595.09,1592.48,1593.33,36049.630,1695358799999,57464441.23156,32194,18703.825,29815783.41270,0
1695358800000,1593.33,1593.76,1590.66,1593.33,24183.074,1695362399999,38498739.93271,26462,13415.022,21356693.23222,0
1695362400000,1593.34,1594.88,1590.48,1591.20,28488.374,1695365999999,45364749.19698,29200,14917.507,23756434.98271,0
1695366000000,1591.21,1597,1586.01,1595,77601.046,1695369599999,123510497.33584,55821,38879.943,61900525.21030,0
1695369600000,1595,1602.28,1594.63,1595.55,97636.441,1695373199999,156055610.76836,83967,48454.930,77449942.02565,0
1695373200000,1595.56,1596.06,1593,1594.60,32187.713,1695376799999,51323026.38871,31574,16172.370,25785869.58231,0
1695376800000,1594.61,1595.98,1592.13,1592.88,34328.437,1695380399999,54714724.82062,32778,15323.798,24424681.79817,0
1695380400000,1592.89,1597.23,1592.89,1596.37,25374.069,1695383999999,40481886.88461,26172,13579.728,21664928.13994,0
1695384000000,1596.37,1598.50,1593.89,1594.15,35099.578,1695387599999,56028665.40971,37955,15677.448,25027018.64119,0
1695387600000,1594.15,1597.11,1592.03,1595.97,50888.036,1695391199999,81152895.30270,48095,25557.337,40762325.03669,0
1695391200000,1595.97,1600,1592.51,1597.84,78039.634,1695394799999,124598613.69708,70588,39221.505,62624308.19108,0
1695394800000,1597.84,1598.46,1592.16,1592.65,45091.279,1695398399999,71946206.91820,47113,20499.740,32707286.10101,0
1695398400000,1592.65,1593.67,1586.97,1589.05,65046.842,1695401999999,103449444.90202,62830,27494.201,43729805.03264,0
1695402000000,1589.05,1591.98,1585.80,1591.16,56942.796,1695405599999,90461561.74979,54592,29980.821,47633229.07957,0
1695405600000,1591.15,1595,1588.93,1594.56,35096.318,1695409199999,55861362.48795,41563,19516.616,31067821.33551,0
1695409200000,1594.57,1598.55,1589.51,1591.60,62782.895,1695412799999,100144869.10117,66905,28560.787,45567849.25553,0
1695412800000,1591.59,1593.84,1589.32,1591.01,26280.868,1695416399999,41823224.06256,28372,13057.256,20777751.39836,0
1695416400000,1591,1593.35,1588.35,1593.12,21771.330,1695419999999,34634603.64793,22976,11882.116,18901610.00377,0
1695420000000,1593.12,1594.54,1591.57,1594.06,21919.066,1695423599999,34921373.78692,23637,11019.596,17556409.42323,0
1695423600000,1594.06,1594.11,1591.94,1592.28,16079.211,1695427199999,25615943.25528,18442,7433.909,11842371.00452,0
1695427200000,1592.28,1597.60,1592.21,1595.11,51202.487,1695430799999,81680393.37774,36789,28242.957,45051325.47932,0
1695430800000,1595.11,1596.33,1593.13,1595.01,25464.990,1695434399999,40609183.57235,20934,10572.854,16860421.04108,0
1695434400000,1595.01,1595.05,1591.26,1591.44,21059.861,1695437999999,33546978.99608,21008,9329.104,14859181.00550,0
1695438000000,1591.44,1592.01,1589.50,1590.20,24963.859,1695441599999,39714772.55924,22665,12716.092,20229087.14991,0
1695441600000,1590.20,1591.86,1588.96,1591.55,22154.306,1695445199999,35234761.24507,19638,11869.054,18877510.18072,0
1695445200000,1591.56,1593.62,1591.54,1593.29,16519.221,1695448799999,26310462.46195,14706,9151.987,14575239.26752,0
1695448800000,1593.29,1594.86,1593.13,1593.54,15670.642,1695452399999,24976102.59601,14208,9757.558,15551473.25591,0
1695452400000,1593.55,1594.01,1591.41,1593.73,23867.369,1695455999999,38020864.07900,15642,9082.505,14467397.11673,0
1695456000000,1593.73,1594.30,1591.07,1592.12,21336.634,1695459599999,33986151.87867,17298,8998.220,14334022.99789,0
1695459600000,1592.13,1593.99,1590.31,1592.18,18256.530,1695463199999,29060295.93341,16271,9409.777,14977592.66510,0
1695463200000,1592.19,1592.60,1591.23,1591.24,9114.012,1695466799999,14509716.93510,10289,4918.888,7831127.72644,0
1695466800000,1591.24,1592.70,1590.24,1592.62,12726.573,1695470399999,20254025.33265,12595,7760.759,12351282.05583,0
1695470400000,1592.62,1594.50,1590.35,1591.96,19612.370,1695473999999,31233424.95169,19426,9737.347,15508183.03235,0
1695474000000,1591.96,1592.30,1589.71,1590.77,18290.827,1695477599999,29100033.20370,18553,9230.286,14684934.88050,0
1695477600000,1590.77,1592.17,1589.28,1591.08,26113.654,1695481199999,41535916.69017,20336,14634.708,23276740.11498,0
1695481200000,1591.07,1591.26,1586.53,1589.75,35655.022,1695484799999,56641677.03176,33933,15668.283,24889654.38163,0
1695484800000,1589.75,1593.72,1588.08,1592.93,25558.729,1695488399999,40646307.44634,22184,14598.016,23215721.78198,0
1695488400000,1592.93,1593.97,1589.38,1590.41,30142.260,1695491999999,47958266.51819,23251,16803.375,26733649.55404,0
1695492000000,1590.40,1594.87,1590.03,1592.35,29716.240,1695495599999,47335561.78337,26538,14962.755,23832966.79622,0
1695495600000,1592.35,1594.83,1592.07,1593.93,12933.110,1695499199999,20610530.16244,15228,6539.802,10421760.23304,0
1695499200000,1593.92,1594.85,1592.09,1592.55,11892.685,1695502799999,18948930.69524,14473,4493.622,7160273.60773,0
1695502800000,1592.55,1593.16,1591.31,1592.14,10561.532,1695506399999,16817305.21343,13300,4799.674,7642576.34849,0
1695506400000,1592.14,1592.90,1589.71,1589.83,10163.331,1695509999999,16172156.97136,13369,4063.990,6466626.77291,0
1695510000000,1589.84,1593.20,1589.26,1592.97,19701.991,1695513599999,31344485.84408,15821,11040.789,17563360.43546,0
1695513600000,1592.97,1593.65,1591.13,1591.83,12532.845,1695517199999,19958383.41056,13926,6251.565,9955468.44684,0
1695517200000,1591.83,1593.44,1589.95,1593.44,14849.356,1695520799999,23631995.47651,14282,8205.777,13060068.69649,0
1695520800000,1593.43,1594.36,1592.93,1593.38,16397.503,1695524399999,26131042.11305,14060,8460.303,13482609.89619,0
1695524400000,1593.38,1593.38,1591.21,1591.51,7962.600,1695527999999,12680702.66191,9524,3185.291,5072534.31995,0
1695528000000,1591.50,1592.14,1590.50,1591.78,10887.075,1695531599999,17324976.05824,12024,5028.742,8002462.45317,0
1695531600000,1591.79,1592.36,1590.63,1591.70,10113.833,1695535199999,16095738.88767,11451,5081.293,8086343.11638,0
1695535200000,1591.71,1591.84,1590.64,1591.49,8747.198,1695538799999,13918376.25483,11709,3783.013,6019108.28124,0
1695538800000,1591.49,1591.71,1590.42,1591,10855.951,1695542399999,17271173.48983,10867,5379.941,8559089.28170,0
1695542400000,1590.99,1594,1590.99,1593.82,15692.617,1695545999999,24995242.04659,14942,9928.565,15814605.21774,0
1695546000000,1593.81,1595.65,1592.58,1593.31,27839.241,1695549599999,44383255.42190,25553,14831.731,23646688.15951,0
1695549600000,1593.30,1593.51,1591.37,1591.74,12214.762,1695553199999,19452327.02942,11936,5695.163,9070024.10398,0
1695553200000,1591.74,1594.31,1591.73,1593.31,14077.941,1695556799999,22430046.67697,13103,8674.591,13820200.79513,0
1695556800000,1593.32,1595.61,1591.80,1594.59,24898.024,1695560399999,39676606.37829,20604,15419.539,24573298.82689,0
1695560400000,1594.60,1595.98,1593.26,1594.16,22210.836,1695563999999,35417119.20380,16890,11326.271,18062944.21894,0
1695564000000,1594.17,1594.67,1592.82,1594.66,15854.991,1695567599999,25268344.82654,14864,7701.767,12275092.51680,0
1695567600000,1594.66,1595.31,1587.04,1589.87,51653.614,1695571199999,82165931.87900,41054,21434.603,34093307.51897,0
1695571200000,1589.87,1590.57,1588.33,1590.36,19816.412,1695574799999,31499691.26356,17834,9581.425,15230838.35537,0
1695574800000,1590.36,1600.95,1589.44,1597.55,75875.721,1695578399999,121117894.06957,64458,43974.883,70191065.22929,0
1695578400000,1597.55,1599.21,1576.48,1588.95,190829.161,1695581999999,302990489.84381,164016,85294.509,135444133.59381,0
1695582000000,1588.95,1590.19,1578.40,1585.23,106936.005,1695585599999,169523405.47358,95869,57663.797,91425928.91485,0
1695585600000,1585.23,1590.44,1583.04,1589.79,39390.596,1695589199999,62513079.04938,43770,22695.997,36019557.81067,0
1695589200000,1589.78,1590.75,1585.41,1589.28,22116.103,1695592799999,35126226.88928,23314,12221.324,19411372.51629,0
1695592800000,1589.29,1589.29,1585.54,1588.53,15470.005,1695596399999,24558768.90918,21980,7262.196,11527682.25712,0
1695596400000,1588.52,1588.53,1568.28,1579.99,137182.322,1695599999999,216406244.62934,122670,60690.284,95754160.33235,0
1695600000000,1579.99,1580.69,1562,1579.22,206790.818,1695603599999,325143555.02012,173677,101160.431,159087433.58178,0
1695603600000,1579.22,1587.69,1574.37,1574.53,97943.564,1695607199999,154903509.70502,93591,47181.999,74638210.09101,0
1695607200000,1574.53,1580.72,1574.03,1579.32,47747.755,1695610799999,75330523.33499,47690,25809.413,40721516.08227,0
1695610800000,1579.31,1581.73,1576.72,1577,33683.112,1695614399999,53190845.20725,37091,17930.488,28316796.98618,0
1695614400000,1577,1580.21,1574,1578.10,46793.105,1695617999999,73788309.68670,43325,23850.225,37619872.62116,0
1695618000000,1578.10,1578.83,1573.40,1575.69,34481.212,1695621599999,54331527.32052,40696,16104.755,25376325.86442,0
1695621600000,1575.68,1580.51,1571.56,1577.89,66388.954,1695625199999,104648441.03428,63153,37453.236,59039490.35326,0
1695625200000,1577.89,1581.33,1575.83,1580.51,34710.294,1695628799999,54788395.65152,39370,18559.076,29295065.70557,0
1695628800000,1580.52,1582.61,1575.41,1577.66,39013.687,1695632399999,61587783.86072,38916,19548.314,30861473.13638,0
1695632400000,1577.66,1577.93,1572,1572.44,42013.847,1695635999999,66170460.15157,40734,18755.388,29542075.16194,0
1695636000000,1572.44,1575.33,1572.06,1573.38,35576.350,1695639599999,55986117.40065,30865,19443.677,30600105.19198,0
1695639600000,1573.39,1574.81,1565,1567.96,96330.935,1695643199999,151118437.25752,89009,41882.046,65696884.42810,0
1695643200000,1567.96,1571.61,1563,1570.14,86487.093,1695646799999,135602364.23657,81463,45784.799,71800262.47557,0
1695646800000,1570.15,1576.99,1569.22,1576.12,71413.693,1695650399999,112323967.52569,66216,38452.530,60485406.77100,0
1695650400000,1576.12,1576.47,1572.68,1575.15,43966.450,1695653999999,69231157.03924,44816,22780.700,35871656.14208,0
1695654000000,1575.15,1589.47,1575.14,1583.88,175428.676,1695657599999,277875894.12992,145597,91457.897,144861259.00632,0
1695657600000,1583.88,1597.13,1583.88,1590,192090.958,1695661199999,305806287.87296,140497,103929.422,165430712.08481,0
1695661200000,1590.01,1594.64,1587.19,1591.79,69822.411,1695664799999,111037907.08282,69414,36914.013,58706358.82980,0
1695664800000,1591.79,1593.42,1590.22,1590.72,28852.946,1695668399999,45926774.27843,32951,15012.626,23896774.67540,0
1695668400000,1590.72,1591.75,1586.36,1590.90,44450.552,1695671999999,70617600.16997,44185,23892.916,37959530.33382,0
1695672000000,1590.90,1595.99,1585.02,1585.59,63915.988,1695675599999,101752987.10307,62711,27839.546,44326919.25182,0
1695675600000,1585.59,1586.94,1583.47,1586.61,31174.012,1695679199999,49419673.69847,29503,17483.769,27718331.99809,0
1695679200000,1586.61,1587.40,1585.43,1586.19,18265.111,1695682799999,28977598.10960,16719,9993.031,15855121.53818,0
1695682800000,1586.19,1589.46,1586,1587.69,16756.256,1695686399999,26600424.67579,15723,10186.739,16171261.30103,0
1695686400000,1587.68,1588.58,1585.32,1586.76,25001.078,1695689999999,39681417.05277,25886,12178.230,19329867.41404,0
1695690000000,1586.75,1591.62,1585.66,1590.70,40387.656,1695693599999,64156094.31886,39602,22608.558,35916535.67035,0
1695693600000,1590.70,1592.55,1587.98,1592.17,35241.946,1695697199999,56045323.59770,41869,15992.522,25436092.72855,0
1695697200000,1592.17,1593.97,1590.73,1591.03,32040.992,1695700799999,51025272.96779,36859,16629.421,26484276.06557,0
1695700800000,1591.03,1591.58,1589.86,1590.84,17843.200,1695704399999,28383902.22835,23575,7318.999,11642816.68990,0
1695704400000,1590.84,1592.72,1590.19,1591.54,22780.584,1695707999999,36252604.60548,25659,8765.873,13949920.57937,0
1695708000000,1591.53,1594.56,1586,1587.96,55427.234,1695711599999,88105555.99750,49903,21253.798,33792421.99188,0
1695711600000,1587.96,1589.44,1586.60,1588.21,29906.593,1695715199999,47484909.01057,33388,14776.893,23463685.53219,0
1695715200000,1588.20,1591.91,1587.69,1589.05,31736.751,1695718799999,50445936.78785,37087,17730.462,28182031.87683,0
1695718800000,1589.05,1599.40,1587.18,1592.58,103490.590,1695722399999,164869941.27591,91561,58658.544,93457554.07764,0
1695722400000,1592.58,1593.45,1585.61,1587.97,70697.144,1695725999999,112314246.71441,64862,31009.251,49259116.56269,0
1695726000000,1587.97,1592.41,1584.89,1590.85,50798.256,1695729599999,80680297.68982,48662,28077.920,44598570.28251,0
1695729600000,1590.84,1593.20,1586.05,1586.64,63646.561,1695733199999,101196186.35990,58476,32052.515,50966012.13282,0
1695733200000,1586.64,1588.78,1578.78,1584.02,106724.855,1695736799999,169146948.07016,92672,50679.135,80343909.78668,0
1695736800000,1584.02,1586.92,1581.41,1586.22,78326.282,1695740399999,124088769.78154,74243,40532.344,64216830.29525,0
1695740400000,1586.22,1586.71,1578.61,1582.17,58382.890,1695743999999,92391790.91603,61022,26377.200,41745460.98276,0
1695744000000,1582.18,1592.45,1581.04,1588.08,91107.605,1695747599999,144657301.48661,75591,49944.954,79303849.05247,0
1695747600000,1588.08,1591.19,1583.31,1585.41,49457.537,1695751199999,78480948.19763,52224,24680.207,39159863.35174,0
1695751200000,1585.41,1586.72,1583.12,1584.07,26695.895,1695754799999,42301092.96493,31087,15158.880,24019999.24498,0
1695754800000,1584.07,1590.71,1583.78,1588.71,39485.592,1695758399999,62670472.83546,40195,22033.045,34969070.19756,0
1695758400000,1588.71,1591.14,1586.03,1586.58,46575.303,1695761999999,73994069.03184,41447,24027.766,38174798.49895,0
1695762000000,1586.58,1588.44,1583.23,1588.29,36264.938,1695765599999,57527049.59487,36295,18447.405,29263094.92813,0
1695765600000,1588.29,1590.62,1586.92,1586.99,19665.581,1695769199999,31248607.08966,29261,10082.736,16021520.05719,0
1695769200000,1586.99,1595,1586.63,1593.30,55004.029,1695772799999,87574877.05388,55153,30932.921,49245608.98935,0
1695772800000,1593.30,1596.95,1591.82,1594.17,60501.599,1695776399999,96434580.54249,55418,31116.250,49600700.56785,0
1695776400000,1594.18,1594.45,1588.54,1591.81,38203.619,1695779999999,60792603.69184,36593,15166.385,24131480.47940,0
1695780000000,1591.81,1593.14,1588.85,1589.63,25953.586,1695783599999,41288202.09095,28407,12912.633,20544253.60475,0
1695783600000,1589.62,1597.71,1589.35,1594.92,36747.889,1695787199999,58584552.40473,39644,23289.985,37130415.34228,0
1695787200000,1594.92,1596.95,1591.43,1591.80,42530.016,1695790799999,67799729.39989,40372,16865.584,26890929.30795,0
1695790800000,1591.80,1592.33,1590,1591.97,38820.417,1695794399999,61766038.26810,35966,19316.702,30735127.88284,0
1695794400000,1591.97,1593.73,1590.37,1592.96,31905.737,1695797999999,50800517.84664,33830,15228.072,24246910.14746,0
1695798000000,1592.96,1593.59,1590.23,1591.71,21593.803,1695801599999,34369560.44125,27143,8963.295,14266869.36748,0
1695801600000,1591.70,1592.57,1589.35,1591.71,20666.767,1695805199999,32881522.70235,24079,9557.348,15206762.37805,0
1695805200000,1591.71,1613.62,1591.62,1611.64,275451.762,1695808799999,441940149.34634,200662,165750.569,265926923.84328,0
1695808800000,1611.63,1620.17,1609.68,1616.02,190532.585,1695812399999,307602852.65202,166694,97609.116,157596513.24964,0
1695812400000,1616.02,1633.98,1616.02,1628.91,251444.317,1695815999999,408699952.19467,220478,144461.227,234800534.30946,0
1695816000000,1628.91,1630.80,1621.34,1623.15,156005.492,1695819599999,253719221.22023,125431,71449.730,116204087.37796,0
1695819600000,1623.16,1627.82,1616,1618,132069.829,1695823199999,214233368.50175,110542,63862.106,103606980.48696,0
1695823200000,1618.01,1620.26,1591.10,1594,395880.291,1695826799999,634989000.50823,304935,179295.823,287612238.48362,0
1695826800000,1594.01,1602.47,1592.37,1600.99,108423.462,1695830399999,173375889.11166,111340,61984.330,99123766.86813,0
1695830400000,1600.98,1602.45,1597,1597.56,75283.840,1695833999999,120392806.84722,66478,34251.815,54778406.26349,0
1695834000000,1597.55,1599.12,1592.51,1596.51,63301.573,1695837599999,101043255.15855,62901,27490.347,43881480.68632,0
1695837600000,1596.50,1596.50,1582.64,1593.74,166826.125,1695841199999,265134823.25651,142048,73098.885,116174860.10435,0
1695841200000,1593.74,1599.49,1593.10,1597,61736.409,1695844799999,98557424.68122,54807,32690.779,52188274.31444,0
1695844800000,1597,1599.04,1592.32,1594.19,38656.058,1695848399999,61677679.93793,40234,19593.079,31264556.28808,0
1695848400000,1594.19,1595.41,1593.01,1594.90,15656.202,1695851999999,24957955.19997,22838,8386.545,13369089.63776,0
1695852000000,1594.90,1597.80,1594.49,1597.54,18502.344,1695855599999,29533657.96994,24981,9355.708,14933302.05871,0
1695855600000,1597.55,1598.92,1594.01,1597.89,39142.188,1695859199999,62487843.35281,38366,18589.406,29675348.26103,0
1695859200000,1597.89,1606.90,1597.17,1602.69,109799.163,1695862799999,175922723.40437,91209,59990.614,96110284.49697,0
1695862800000,1602.69,1607.35,1597.56,1606.73,61846.681,1695866399999,99135404.62907,64438,31677.119,50782250.82219,0
1695866400000,1606.72,1614.99,1605,1605.56,113093.528,1695869999999,181976812.28864,101531,58728.883,94511022.59395,0
1695870000000,1605.56,1606.38,1602.68,1605.36,35000.539,1695873599999,56152557.49491,39389,17363.587,27858411.42364,0
1695873600000,1605.37,1610.50,1603.78,1609,40026.208,1695877199999,64336222.77001,38842,23372.052,37570093.50091,0
1695877200000,1609,1614.48,1606.62,1613.18,56306.704,1695880799999,90715426.18544,60414,30246.981,48734028.37165,0
1695880800000,1613.17,1618.86,1609.01,1616.64,82168.622,1695884399999,132586952.50827,67794,46884.497,75665649.91339,0
1695884400000,1616.64,1621.20,1615.75,1618.44,90483.037,1695887999999,146430326.09811,82600,44784.706,72478631.31426,0
1695888000000,1618.44,1619.84,1613.59,1616.47,63882.092,1695891599999,103260025.15031,63689,27778.834,44904687.13343,0
1695891600000,1616.46,1620.95,1616.18,1618.92,44603.023,1695895199999,72182276.17740,45153,22634.160,36631767.93406,0
1695895200000,1618.92,1638.06,1618.30,1631.61,247290.694,1695898799999,403091981.54844,192017,141592.491,230794454.71634,0
1695898800000,1631.62,1633.51,1620.03,1622.94,125494.232,1695902399999,203986146.73042,117489,57065.857,92762881.71278,0
1695902400000,1622.95,1627.76,1620.78,1621.66,83271.229,1695905999999,135222305.15342,79090,42224.590,68570026.83843,0
1695906000000,1621.67,1629.10,1621.20,1628.52,97301.658,1695909599999,158127654.92352,91450,51811.552,84206773.67714,0
1695909600000,1628.51,1648,1625.76,1638.75,396565.015,1695913199999,649655354.84157,324222,217457.952,356249224.23927,0
1695913200000,1638.74,1654.51,1635.44,1652.02,253046.697,1695916799999,415972068.55720,219249,133781.218,220007631.96984,0
1695916800000,1652.01,1668,1651.16,1654.87,406264.421,1695920399999,673907098.34418,341040,210796.328,349690368.84192,0
1695920400000,1654.87,1662.77,1654.79,1660.03,80143.450,1695923999999,132981959.38426,86871,35621.942,59109578.78970,0
1695924000000,1660.03,1665.47,1644,1649.85,161200.315,1695927599999,266728215.90873,151333,76904.091,127277818.98544,0
1695927600000,1649.84,1659.28,1647.50,1657.59,87909.655,1695931199999,145419301.36724,94584,46549.717,77003486.45323,0
1695931200000,1657.60,1660.71,1652.63,1655.40,55502.025,1695934799999,91971218.71924,59298,25905.216,42929134.58446,0
1695934800000,1655.40,1656.94,1642.03,1649.42,71683.632,1695938399999,118105843.87409,84200,31535.311,51952360.79730,0
1695938400000,1649.42,1652.61,1647.43,1649.58,34346.543,1695941999999,56685838.72224,43407,16459.133,27166331.21004,0
1695942000000,1649.57,1654.94,1648.82,1652.13,35690.933,1695945599999,58970164.82650,41448,19421.182,32089806.30428,0
1695945600000,1652.13,1657.69,1649.03,1653.10,73820.973,1695949199999,122048422.05880,75701,36659.255,60616771.13163,0
1695949200000,1653.11,1656.26,1649.28,1655.19,40023.143,1695952799999,66159341.04937,52579,20967.151,34660446.66063,0
1695952800000,1655.19,1658.24,1649.19,1649.82,58961.945,1695956399999,97454776.08154,66955,27894.922,46109182.58986,0
1695956400000,1649.81,1652.18,1647.50,1650.82,41034.925,1695959999999,67700095.30530,50108,20493.351,33810375.78096,0
1695960000000,1650.82,1653.88,1648,1653.70,30935.523,1695963599999,51073224.41679,33563,15950.102,26338551.26520,0
1695963600000,1653.70,1656.44,1652.58,1655.11,38159.087,1695967199999,63130433.93221,39750,19252.251,31852775.79160,0
1695967200000,1655.11,1661.52,1653.39,1658.22,54453.567,1695970799999,90243013.08114,55496,28660.379,47502018.72203,0
1695970800000,1658.22,1687.65,1657.19,1685.59,360116.598,1695974399999,603614585.44811,264499,200717.382,336361751.36062,0
1695974400000,1685.60,1686,1669.67,1670.87,159127.902,1695977999999,266956971.68774,150167,68559.805,115012477.54178,0
1695978000000,1670.87,1676.58,1668.53,1672.36,72521.085,1695981599999,121295352.03938,79670,35860.969,59982516.69537,0
1695981600000,1672.35,1674.88,1670,1671.78,46189.032,1695985199999,77232478.00732,51506,24033.731,40191298.84837,0
1695985200000,1671.78,1673.80,1666,1668.28,66727.811,1695988799999,111406652.57512,73924,34071.665,56881992.68437,0
1695988800000,1668.29,1674.16,1665,1672.75,100554.916,1695992399999,167906354.51840,100451,52643.907,87909136.14673,0
1695992400000,1672.74,1675.75,1667.08,1667.86,81871.138,1695995999999,136834886.50894,86783,38085.954,63666021.91710,0
1695996000000,1667.86,1683.99,1654.62,1672.58,329713.852,1695999599999,550373909.65118,301840,170431.977,284574003.35930,0
1695999600000,1672.59,1674.46,1665.61,1671.38,86810.489,1696003199999,145001279.24853,102603,41079.299,68617952.30264,0
1696003200000,1671.37,1672.60,1662.32,1666.36,76052.636,1696006799999,126780515.69005,74036,34587.582,57654504.94252,0
1696006800000,1666.35,1667.61,1661.48,1662.10,45161.363,1696010399999,75181305.21656,45707,22196.462,36952883.89129,0
1696010400000,1662.10,1666.66,1656,1665.58,91696.497,1696013999999,152279196.26586,86512,50048.627,83128190.98709,0
1696014000000,1665.58,1666.63,1662.27,1664.61,41842.479,1696017599999,69649311.73589,44805,18441.447,30697067.48883,0
1696017600000,1664.60,1670.77,1663.18,1667.40,42544.250,1696021199999,70897037.41078,44707,23944.842,39910631.30688,0
1696021200000,1667.40,1668.92,1664.95,1664.98,21739.299,1696024799999,36232347.82301,27382,10009.422,16683860.26717,0
1696024800000,1664.98,1667.50,1664.93,1666.36,14902.474,1696028399999,24830774.15106,19989,6980.564,11631010.51387,0
1696028400000,1666.36,1668.90,1664.21,1666.61,21143.521,1696031999999,35240804.74531,26229,11243.508,18741909.64284,0
1696032000000,1666.61,1671.97,1665.68,1670.07,33029.565,1696035599999,55120210.19987,40841,19183.541,32014406.44863,0
1696035600000,1670.07,1670.66,1665.77,1666.51,26082.850,1696039199999,43510431.66786,35021,10677.758,17814517.89437,0
1696039200000,1666.51,1670,1665.27,1669.71,18451.165,1696042799999,30771856.70935,25299,10397.370,17341877.64749,0
1696042800000,1669.71,1671.99,1668.15,1669.63,20246.020,1696046399999,33811983.73135,20789,11248.522,18786570.47141,0
1696046400000,1669.63,1670.44,1668.94,1668.95,21871.366,1696049999999,36516314.10261,16764,13050.743,21789744.91561,0
1696050000000,1668.94,1672.80,1668.94,1672.77,24699.693,1696053599999,41271551.27491,28587,13633.369,22781340.18711,0
1696053600000,1672.76,1674.99,1671.42,1671.50,30105.545,1696057199999,50373356.70879,34684,13928.937,23307958.68366,0
1696057200000,1671.50,1673.45,1670.36,1671.07,25796.116,1696060799999,43120812.08388,23657,11278.971,18854440.43595,0
1696060800000,1671.07,1673.99,1670.52,1673.58,21119.671,1696064399999,35313820.32014,21300,11143.120,18632213.55400,0
1696064400000,1673.58,1677,1672.68,1674.72,42427.788,1696067999999,71073459.32957,39036,21897.373,36683943.28827,0
1696068000000,1674.71,1675.37,1673.76,1675,21599.417,1696071599999,36173051.87142,19798,12154.530,20355892.73164,0
1696071600000,1675,1678.86,1673,1675.06,45166.548,1696075199999,75683215.72917,45002,22957.643,38471822.02347,0
1696075200000,1675.06,1677.49,1673.15,1673.21,31474.935,1696078799999,52739171.40423,27404,13155.500,22045668.44325,0
1696078800000,1673.20,1681.63,1672.02,1679.95,72588.545,1696082399999,121691587.02765,58427,40754.284,68341321.69042,0
1696082400000,1679.96,1686.50,1678.01,1680.50,132932.932,1696085999999,223620476.07582,114852,72666.369,122250258.83891,0
1696086000000,1680.50,1694.11,1678.80,1682.53,151103.040,1696089599999,254724233.24890,139145,83737.391,141184476.31844,0
1696089600000,1682.53,1685.61,1678.20,1680.10,76398.344,1696093199999,128479045.87807,72648,35212.787,59222541.14515,0
1696093200000,1680.10,1680.10,1671,1678.74,73428.844,1696096799999,123082616.96072,70350,33610.450,56342639.73926,0
1696096800000,1678.74,1679.23,1674.14,1675.93,27837.726,1696100399999,46676194.86599,31907,11577.076,19412032.53558,0
1696100400000,1675.94,1680.76,1674.25,1678.27,25646.820,1696103999999,43030490.44424,28176,14453.017,24250492.78443,0
1696104000000,1678.28,1680.14,1676.88,1679.09,17659.855,1696107599999,29645050.72354,22430,9590.212,16098930.66008,0
1696107600000,1679.08,1682.82,1666,1673.68,65319.604,1696111199999,109254585.88025,64039,24324.402,40708780.61903,0
1696111200000,1673.69,1676.85,1672.83,1674.08,21599.273,1696114799999,36172362.08352,27181,10932.525,18308860.41621,0
1696114800000,1674.07,1674.08,1668,1670.18,37001.651,1696118399999,61804480.45912,43479,15609.081,26071453.79020,0
1696118400000,1670.17,1674.13,1669.49,1673.23,22865.527,1696121999999,38231599.24000,25424,14379.343,24043373.91099,0
1696122000000,1673.23,1677.90,1672.05,1673.08,33698.129,1696125599999,56438827.19014,31904,20741.536,34744311.24312,0
1696125600000,1673.08,1674.22,1671.12,1673.05,20317.836,1696129199999,33984255.39589,26306,9272.478,15510681.16471,0
1696129200000,1673.05,1673.90,1671.01,1673.69,17873.416,1696132799999,29895729.59666,23494,8483.939,14192028.24315,0
1696132800000,1673.69,1674.83,1672.56,1674.64,15060.865,1696136399999,25205256.59533,20487,8765.747,14670902.93594,0
1696136400000,1674.65,1679.50,1674.43,1678.49,40009.940,1696139999999,67120044.88799,41097,22003.035,36909002.82383,0
1696140000000,1678.48,1679.89,1677.09,1677.91,27467.131,1696143599999,46096211.51332,33592,11951.222,20057659.56642,0
1696143600000,1677.92,1678.80,1676.34,1677.52,21797.375,1696147199999,36574144.85308,26256,10239.508,17182061.45277,0
1696147200000,1677.51,1680.74,1675.55,1678.30,33298.913,1696150799999,55875302.89768,36377,15570.845,26131939.82584,0
1696150800000,1678.31,1686.98,1678.11,1685.18,78365.700,1696154399999,131880395.03325,76536,37107.529,62453891.31194,0
1696154400000,1685.17,1692,1683.10,1685.82,123183.553,1696157999999,207850525.62861,98431,63215.257,106679390.01148,0
1696158000000,1685.82,1690.96,1683.75,1687.88,60137.052,1696161599999,101500955.97517,60027,28939.599,48845401.59704,0
1696161600000,1687.89,1688.49,1683.15,1686.65,46520.450,1696165199999,78427921.29816,45276,20506.775,34571745.65826,0
1696165200000,1686.65,1686.99,1681.40,1686.01,36449.810,1696168799999,61381703.51406,44799,15853.049,26697804.19026,0
1696168800000,1686.01,1690.44,1676.68,1680.78,91118.948,1696172399999,153407864.11086,96698,45562.932,76715818.60969,0
1696172400000,1680.78,1683.87,1680,1683.13,27894.613,1696175999999,46915641.26836,40852,14297.361,24047112.93898,0
1696176000000,1683.13,1683.94,1677,1678.70,44460.149,1696179599999,74722358.48310,42859,18393.693,30913985.98846,0
1696179600000,1678.70,1680.89,1670.01,1672.17,90694.837,1696183199999,151904670.32581,84644,41350.944,69261562.16322,0
1696183200000,1672.16,1675.97,1671.32,1674.90,35772.706,1696186799999,59889313.20567,37240,19797.238,33143388.25520,0
1696186800000,1674.89,1676.56,1673.41,1675.51,18550.447,1696190399999,31074526.52368,24769,9149.301,15327425.54166,0
1696190400000,1675.52,1676.08,1666.69,1673.49,86572.194,1696193999999,144716438.37005,80595,36897.929,61679069.23356,0
1696194000000,1673.49,1678,1672.67,1677.35,19518.123,1696197599999,32694378.59780,28741,12239.705,20502384.03011,0
1696197600000,1677.34,1780,1675.33,1734.10,595488.019,1696201199999,1027444556.84926,592590,349522.468,602734994.05564,0
1696201200000,1734.09,1736.41,1724.43,1733.39,175623.695,1696204799999,303941515.94722,193223,100225.056,173465451.55992,0
1696204800000,1733.40,1734.80,1720.30,1723.75,104903.628,1696208399999,181206030.99509,115381,50272.255,86844416.07505,0
1696208400000,1723.76,1726.17,1717.66,1725.29,64829.355,1696211999999,111663019.74755,74642,32827.919,56550086.59756,0
1696212000000,1725.28,1728.50,1723.57,1726.25,51951.251,1696215599999,89658983.78549,59985,27080.201,46738055.45967,0
1696215600000,1726.25,1733,1724.47,1728.43,73942.421,1696219199999,127731127.32726,79321,37242.379,64342879.35534,0
1696219200000,1728.43,1729.21,1724.24,1725.64,41090.910,1696222799999,70935054.20456,52010,18884.882,32599565.02183,0
1696222800000,1725.64,1728.03,1710,1717.33,107454.566,1696226399999,184744265.97702,101625,44414.068,76374588.09849,0
1696226400000,1717.33,1724.35,1715.63,1724.10,56976.137,1696229999999,98022775.14254,63476,33167.672,57059479.25395,0
1696230000000,1724.10,1733.94,1721.87,1729.48,131829.478,1696233599999,227799544.21399,128525,72734.203,125700958.60066,0
1696233600000,1729.48,1743.99,1725.10,1733.39,173150.933,1696237199999,300371383.76497,162521,84397.910,146439999.19403,0
1696237200000,1733.40,1735.42,1728.67,1730.91,66523.447,1696240799999,115233562.45024,68955,32533.664,56359034.53050,0
1696240800000,1730.90,1732.41,1729.36,1730.63,32433.059,1696244399999,56138960.85554,38287,17096.319,29594585.54990,0
1696244400000,1730.62,1733.45,1723.85,1724.37,98353.810,1696247999999,169912408.30009,81849,44453.161,76813335.55945,0
1696248000000,1724.36,1733.80,1722.98,1728.95,109251.671,1696251599999,188897610.05457,88353,60859.880,105235834.02878,0
1696251600000,1728.95,1729.69,1717.44,1727.19,130434.815,1696255199999,224951310.16220,128083,63936.066,110279621.18628,0
1696255200000,1727.21,1728.52,1703.16,1715.22,279736.611,1696258799999,479021598.20666,265959,138800.781,237713056.05803,0
1696258800000,1715.23,1716.59,1686.82,1690.96,293606.642,1696262399999,499279548.25142,240388,133111.032,226322977.07536,0
1696262400000,1690.96,1693.08,1678.72,1686.07,264134.975,1696265999999,445597750.61878,237828,128491.341,216796984.67420,0
1696266000000,1686.06,1690.51,1680.37,1688.01,82127.673,1696269599999,138455771.19477,103127,42630.713,71878434.57850,0
1696269600000,1688.01,1691.69,1619.99,1657.52,365364.951,1696273199999,605559856.50604,328047,163317.594,270790442.94415,0
1696273200000,1657.51,1673.90,1647.88,1673.59,178305.048,1696276799999,296110878.51004,195809,88194.435,146527592.32067,0
1696276800000,1673.58,1673.59,1663.27,1664.27,75538.061,1696280399999,125923570.68628,83981,31965.580,53287936.74483,0
1696280400000,1664.28,1665.59,1632.51,1654,201322.410,1696283999999,332677258.30103,219542,90969.035,150303108.19502,0
1696284000000,1654,1660.93,1648.69,1660.49,92888.246,1696287599999,153752595.09988,112866,51824.774,85801311.74876,0
1696287600000,1660.48,1665.78,1658,1661.49,63909.024,1696291199999,106192656.25212,71493,34188.367,56815923.76481,0
1696291200000,1661.49,1665.96,1660.31,1661.48,59235.465,1696294799999,98481176.88093,68838,27986.067,46532881.96877,0
1696294800000,1661.48,1667.97,1659.19,1667.27,54033.755,1696298399999,89910343.46457,63874,29303.301,48760882.96222,0
1696298400000,1667.26,1667.27,1665.01,1666.71,27235.478,1696301999999,45377948.76843,31545,14759.801,24592416.24997,0
1696302000000,1666.70,1667,1662.01,1665,46339.466,1696305599999,77143568.46150,46256,20634.890,34356863.91775,0
1696305600000,1665,1667,1662.69,1666.77,31621.421,1696309199999,52658435.80847,35350,17238.171,28709832.86151,0
1696309200000,1666.77,1669.85,1663.54,1665.01,41717.428,1696312799999,69518845.56245,47365,22722.664,37864954.25940,0
1696312800000,1665.02,1669.94,1663.77,1668.37,30787.681,1696316399999,51312513.59620,42209,16226.865,27047402.34748,0
1696316400000,1668.37,1668.94,1660.87,1661.64,52569.711,1696319999999,87460107.22789,57023,20243.806,33677908.34207,0
1696320000000,1661.64,1666.94,1661.62,1663.58,42946.268,1696323599999,71498546.14131,42342,23922.706,39824590.71691,0
1696323600000,1663.59,1665,1658.19,1658.53,41952.298,1696327199999,69715035.64588,50328,16374.011,27215688.85577,0
1696327200000,1658.52,1660.44,1653.41,1659.02,86533.686,1696330799999,143404127.31340,82788,45993.716,76227227.60340,0
1696330800000,1659.02,1659.35,1649.05,1655.77,99972.772,1696334399999,165302399.47409,105968,54043.806,89363140.26861,0
1696334400000,1655.77,1658.15,1647.44,1655.42,86054.175,1696337999999,142306754.15469,95263,44581.549,73740478.05410,0
1696338000000,1655.41,1662.85,1652.38,1660.42,86372.512,1696341599999,143277560.17771,97261,45427.945,75360039.89218,0
1696341600000,1660.42,1660.42,1642.03,1647.62,206688.874,1696345199999,341054290.08462,207935,95991.548,158411581.71074,0
1696345200000,1647.61,1652.03,1643,1647.60,93280.973,1696348799999,153651981.79743,110595,46758.219,77030413.73711,0
1696348800000,1647.61,1652.65,1646.20,1650.27,59389.289,1696352399999,97999916.87811,76138,32041.676,52874471.45621,0
1696352400000,1650.27,1658,1649.67,1654.69,72947.303,1696355999999,120705738.57057,69701,40726.155,67387817.63309,0
1696356000000,1654.70,1655.63,1648,1648.34,51718.989,1696359599999,85437804.60243,55014,21588.643,35665432.37371,0
1696359600000,1648.33,1655.57,1645.43,1649.72,81303.678,1696363199999,134233181.90990,88134,44287.344,73130015.82268,0
1696363200000,1649.72,1659.47,1645,1656.18,75311.849,1696366799999,124498327.13203,84667,40068.434,66240398.79861,0
1696366800000,1656.15,1657.50,1653.32,1653.87,24370.920,1696370399999,40342450.99402,26920,10596.624,17541273.66890,0
1696370400000,1653.87,1658.58,1647.72,1656.94,68076.771,1696373999999,112431586.55083,65164,33208.077,54851427.68565,0
1696374000000,1656.95,1659.44,1653.50,1656.18,53726.055,1696377599999,88998289.30178,62956,26885.012,44535090.19546,0
1696377600000,1656.19,1657.05,1615,1637.73,252339.497,1696381199999,413266163.62041,242152,107740.665,176543477.53359,0
1696381200000,1637.73,1639.94,1632.80,1638.30,78945.491,1696384799999,129229942.42038,86665,36556.874,59848125.82095,0
1696384800000,1638.29,1646.60,1636.57,1640.93,68741.273,1696388399999,112903952.06752,72835,34729.749,57045840.40862,0
1696388400000,1640.93,1645.37,1640.38,1641.11,27023.624,1696391999999,44389714.87969,32506,15083.323,24776032.15094,0
1696392000000,1641.11,1641.39,1636.55,1638.48,44890.667,1696395599999,73577949.87794,45954,19655.542,32217949.11052,0
1696395600000,1638.48,1639.98,1635.20,1639.97,31747.465,1696399199999,51987681.27344,35485,16361.169,26795289.67860,0
1696399200000,1639.98,1641.65,1635.05,1641.64,41802.539,1696402799999,68481463.60859,40169,21455.473,35153665.36761,0
1696402800000,1641.64,1644.26,1640.15,1644.25,40166.266,1696406399999,65967391.83677,42956,22331.681,36678854.00535,0
1696406400000,1644.25,1647.92,1642.80,1645.47,55285.494,1696409999999,90969225.59827,55202,27313.176,44946338.90175,0
1696410000000,1645.47,1652.32,1644.51,1650.90,55643.888,1696413599999,91704938.02347,59343,32616.786,53759221.84617,0
1696413600000,1650.90,1651.70,1645.36,1645.63,48257.494,1696417199999,79535810.61340,43968,23666.717,39006503.56172,0
1696417200000,1645.63,1647.10,1644.31,1645.99,30088.890,1696420799999,49520655.08223,32308,15038.319,24751168.20589,0
1696420800000,1645.98,1649.59,1644.07,1645.44,46985.773,1696424399999,77392279.19700,44511,23813.522,39224898.65309,0
1696424400000,1645.44,1645.81,1632.02,1634.47,129800.665,1696427999999,212728268.69607,120614,54630.516,89542666.33269,0
1696428000000,1634.48,1637.39,1626.22,1633.12,168601.874,1696431599999,275292643.27070,162657,84893.279,138641384.27229,0
1696431600000,1633.13,1637.34,1631,1631.90,61354.724,1696435199999,100283283.28366,72191,30855.648,50436530.26596,0
1696435200000,1631.90,1642.89,1631,1637.26,84577.232,1696438799999,138430619.61000,88028,46858.765,76702364.92740,0
1696438800000,1637.26,1641.97,1636.32,1638.20,36865.566,1696442399999,60406141.90920,52076,18365.842,30094528.26863,0
1696442400000,1638.20,1643.97,1637.48,1643.05,52736.672,1696445999999,86500330.56807,59629,28463.109,46687660.15760,0
1696446000000,1643.10,1654.20,1636.33,1642.08,224574.967,1696449599999,369765687.08960,201737,114650.804,188801664.97497,0
1696449600000,1642.09,1647.12,1639.68,1641.04,59272.610,1696453199999,97451974.37743,67354,30313.821,49846009.03334,0
1696453200000,1641.03,1647.36,1640.73,1643.02,36268.528,1696456799999,59652444.82681,40485,20473.750,33675049.03129,0
1696456800000,1643.02,1648.61,1642,1647.88,30931.227,1696460399999,50893384.88283,40155,16514.568,27173293.95476,0
1696460400000,1647.87,1652.11,1645.50,1645.75,53756.932,1696463999999,88652624.26631,61200,28934.706,47722379.28482,0
1696464000000,1645.76,1655.13,1644.19,1649.52,76951.639,1696467599999,126890444.60721,90033,44247.180,72957665.75209,0
1696467600000,1649.52,1650.54,1643.02,1646.58,52556.007,1696471199999,86538909.02350,65680,23693.359,39013358.00122,0
1696471200000,1646.58,1646.96,1642.08,1643.32,29386.382,1696474799999,48312647.86610,35961,11666.259,19180217.84262,0
1696474800000,1643.33,1645.88,1641.10,1641.38,22396.058,1696478399999,36807331.18693,34533,10661.316,17525358.52471,0
1696478400000,1641.38,1644.13,1640.84,1644.12,20024.576,1696481999999,32886473.55374,29040,11324.930,18600966.99026,0
1696482000000,1644.12,1645.51,1639.08,1639.58,35185.117,1696485599999,57783073.14218,37878,13879.998,22802970.12117,0
1696485600000,1639.58,1640.69,1635.50,1637.31,58083.904,1696489199999,95146806.56486,55722,23932.917,39204785.73216,0
1696489200000,1637.30,1637.30,1631.12,1635.36,70794.755,1696492799999,115669634.15334,65729,33290.807,54391625.87579,0
1696492800000,1635.37,1638.48,1634.03,1637.51,37873.751,1696496399999,61964740.76347,38100,21692.440,35493645.40993,0
1696496400000,1637.50,1641.52,1636.22,1638.16,37095.362,1696499999999,60787458.23173,42528,19294.278,31620951.86559,0
1696500000000,1638.16,1641.11,1636,1640.64,40047.969,1696503599999,65604165.53341,35980,23380.717,38307215.01145,0
1696503600000,1640.63,1640.86,1635.29,1635.70,40809.603,1696507199999,66838570.14410,37755,19210.225,31465441.24633,0
1696507200000,1635.70,1637.05,1630.50,1632.94,67782.048,1696510799999,110728219.11882,62626,33740.078,55120778.70198,0
1696510800000,1632.94,1648.85,1632.68,1641.79,217720.153,1696514399999,357386703.25119,198007,113159.046,185730682.05023,0
1696514400000,1641.78,1647.55,1639,1641,104248.461,1696517999999,171265605.27232,123198,52016.993,85457049.99754,0
1696518000000,1641.01,1641.69,1601.28,1617.40,492837.657,1696521599999,799515748.33122,390082,213731.312,346795856.73799,0
1696521600000,1617.40,1620.85,1605.13,1613.30,184680.114,1696525199999,298306359.29176,195407,88459.880,142912271.48889,0
1696525200000,1613.30,1618.77,1608.02,1615.98,101227.376,1696528799999,163388787.89833,109790,54695.721,88296715.03809,0
1696528800000,1615.98,1618.60,1611.72,1616.67,66174.681,1696532399999,106898329.64336,76119,35314.221,57051280.82779,0
1696532400000,1616.67,1619.75,1614.01,1616.01,43762.553,1696535999999,70745641.26283,48090,23500.138,37990100.52080,0
1696536000000,1616,1618.93,1613.18,1616.06,35861.668,1696539599999,57955609.70354,41028,18857.570,30474736.99259,0
1696539600000,1616.05,1618.56,1613.50,1613.51,23600.831,1696543199999,38134355.65569,33863,10336.717,16703311.72178,0
1696543200000,1613.50,1617.28,1609.07,1615.24,35392.560,1696546799999,57102287.49673,51861,18453.617,29778113.82535,0
1696546800000,1615.23,1617.06,1610.12,1611.23,34570.648,1696550399999,55760120.46296,47836,17688.385,28530553.98939,0
1696550400000,1611.24,1617.22,1611.18,1616.42,40469.386,1696553999999,65336360.27906,50439,22992.282,37115161.62442,0
1696554000000,1616.42,1622.41,1616.16,1621.43,51743.525,1696557599999,83806658.86647,56630,27941.442,45257702.50215,0
1696557600000,1621.43,1624.77,1621,1622.70,52987.863,1696561199999,85987423.89598,52779,23974.434,38906185.82588,0
1696561200000,1622.70,1624.45,1621.36,1623.59,29603.286,1696564799999,48041995.34048,33918,13967.970,22669469.53541,0
1696564800000,1623.59,1623.74,1620.34,1622.25,29767.337,1696568399999,48277609.72510,32063,12793.837,20749106.09972,0
1696568400000,1622.25,1622.60,1618,1620.03,26513.550,1696571999999,42947429.19344,34659,11463.753,18568289.89177,0
1696572000000,1620.03,1621.79,1618.57,1621.38,29415.897,1696575599999,47663263.23791,33826,15836.142,25660977.34248,0
1696575600000,1621.37,1632.19,1620.89,1630.34,108478.259,1696579199999,176573418.49332,96983,63596.164,103507223.33792,0
1696579200000,1630.34,1637.34,1629.94,1632.61,109164.496,1696582799999,178297859.78329,93231,54741.516,89411481.12130,0
1696582800000,1632.61,1634.98,1631.50,1633.72,40655.098,1696586399999,66400936.65789,40818,19838.759,32403479.92820,0
1696586400000,1633.72,1639.45,1630.50,1630.96,92512.511,1696589999999,151236086.46102,85421,39402.114,64426705.38988,0
1696590000000,1630.97,1634.42,1627.61,1634,71679.393,1696593599999,116919962.86307,68721,34969.878,57047890.29973,0
1696593600000,1633.99,1635.19,1610.59,1614.82,211637.387,1696597199999,343616126.37334,212463,97870.381,158926484.14758,0
1696597200000,1614.89,1638.11,1610.71,1628.95,245438.660,1696600799999,399170122.75184,233457,127429.931,207223784.34996,0
1696600800000,1628.96,1635.96,1625.37,1633.52,104248.242,1696604399999,170092908.45228,111504,55214.372,90087211.52352,0
1696604400000,1633.51,1649,1632.05,1642.16,244130.436,1696607999999,400973069.31541,201292,134002.859,220068130.34218,0
1696608000000,1642.16,1644.71,1633.42,1639.15,122442.391,1696611599999,200689193.47893,127038,56389.362,92434495.70772,0
1696611600000,1639.16,1649,1636.29,1646.80,95883.201,1696615199999,157679579.74825,98604,52128.640,85746240.13970,0
1696615200000,1646.80,1648.73,1643.62,1645.97,48461.426,1696618799999,79758139.74672,64719,23996.846,39496198.21908,0
1696618800000,1645.97,1656.09,1644.50,1645.50,97771.809,1696622399999,161299614.01403,109923,53064.278,87558810.95617,0
1696622400000,1645.52,1648,1643.21,1645.54,30850.298,1696625999999,50765631.07090,48175,13615.830,22406001.04479,0
1696626000000,1645.54,1664.60,1644.22,1651.88,97317.706,1696629599999,161119725.35074,95917,54782.751,90709115.49934,0
1696629600000,1651.89,1654.67,1643.70,1644.24,54550.615,1696633199999,89966379.78254,71632,23202.819,38268402.97772,0
1696633200000,1644.24,1646.01,1642.10,1644.33,42718.173,1696636799999,70229200.49362,46960,22168.198,36446116.07995,0
1696636800000,1644.32,1647.16,1643.22,1643.62,42763.816,1696640399999,70348594.23316,42490,19240.539,31652510.88572,0
1696640400000,1643.62,1645.99,1640.18,1642.31,36151.861,1696643999999,59395899.14083,38718,16329.446,26834280.58166,0
1696644000000,1642.31,1643.27,1640.01,1640.02,24399.990,1696647599999,40066694.47422,26635,11420.226,18753791.62968,0
1696647600000,1640.01,1642.86,1638.93,1640.63,30436.700,1696651199999,49949309.34249,35426,14626.470,24005491.73659,0
1696651200000,1640.64,1642.61,1640.15,1640.28,19568.343,1696654799999,32117969.68675,22697,9604.648,15764644.29764,0
1696654800000,1640.27,1641.14,1638.57,1639.29,24055.859,1696658399999,39444061.93389,25892,10818.151,17739743.51231,0
1696658400000,1639.29,1639.34,1636.02,1637.04,34520.379,1696661999999,56533610.19876,41695,14890.495,24386541.67214,0
1696662000000,1637.04,1638.62,1635.15,1636,26514.437,1696665599999,43397948.39083,32591,12589.914,20607319.33888,0
1696665600000,1636,1642.59,1635.09,1641.67,54770.773,1696669199999,89791158.31612,52145,32204.491,52792042.11726,0
1696669200000,1641.67,1642.48,1637.16,1638.07,30399.738,1696672799999,49842001.62298,36681,12272.059,20122291.53611,0
1696672800000,1638.06,1639.78,1637.01,1638.96,23453.923,1696676399999,38421646.59862,29008,12635.122,20699947.76294,0
1696676400000,1638.97,1641.78,1636.60,1637.89,31002.492,1696679999999,50814850.29536,34827,15097.072,24745416.36960,0
1696680000000,1637.88,1639.84,1637.40,1639.29,16531.548,1696683599999,27090480.26267,25677,9882.795,16195704.57882,0
1696683600000,1639.28,1642.74,1637.41,1641.11,33172.763,1696687199999,54397657.57369,36783,17271.531,28327546.31582,0
1696687200000,1641.11,1641.89,1638.44,1641.26,19258.946,1696690799999,31589387.17148,28678,9567.649,15693973.14924,0
1696690800000,1641.26,1641.87,1634,1637.83,53354.131,1696694399999,87368440.99402,51952,26178.307,42870560.97494,0
1696694400000,1637.83,1638.81,1636.65,1636.65,19030.908,1696697999999,31168113.10902,26328,11060.542,18115257.47204,0
1696698000000,1636.66,1638.40,1633.15,1635.69,47837.113,1696701599999,78250419.10180,43987,27180.583,44463292.68365,0
1696701600000,1635.69,1635.95,1632.35,1634.32,39385.082,1696705199999,64369301.94486,37295,18501.904,30239304.69293,0
1696705200000,1634.30,1634.30,1629.03,1630.05,46372.031,1696708799999,75663127.85461,47556,22031.467,35953044.75572,0
1696708800000,1630.06,1632.99,1629.50,1632.72,26104.344,1696712399999,42575914.87649,27671,16167.136,26368555.06345,0
1696712400000,1632.73,1633.66,1630.68,1633.02,15540.173,1696715999999,25368370.62190,19513,7924.649,12936771.15488,0
1696716000000,1633.02,1634.99,1633.02,1634.55,15090.248,1696719599999,24659345.00108,18956,8459.705,13823865.86179,0
1696719600000,1634.55,1635.51,1632.66,1633.18,20255.906,1696723199999,33097103.03651,19973,8708.736,14229935.17015,0
1696723200000,1633.17,1637.75,1632.73,1636.10,28007.833,1696726799999,45798292.09280,28018,16078.898,26291570.22848,0
1696726800000,1636.10,1639.22,1634.44,1638.97,25113.706,1696730399999,41107831.53314,30758,13767.300,22538051.66195,0
1696730400000,1638.97,1640.90,1635.50,1636.78,30312.617,1696733999999,49665286.67026,36827,14340.396,23498650.91974,0
1696734000000,1636.77,1638.69,1634.78,1638.47,29590.164,1696737599999,48422665.74743,34761,15523.452,25404757.81096,0
1696737600000,1638.46,1639.20,1631.26,1632.61,47807.485,1696741199999,78159098.52945,41779,17135.928,28006004.99488,0
1696741200000,1632.61,1633.10,1622.65,1628.54,76033.826,1696744799999,123771200.50789,75858,34446.939,56073541.72634,0
1696744800000,1628.54,1630.28,1626.44,1627.39,34168.134,1696748399999,55643522.08577,39829,16555.827,26962483.98124,0
1696748400000,1627.39,1629.06,1626.22,1628.14,29082.599,1696751999999,47336387.21193,31996,15722.177,25591569.51793,0
1696752000000,1628.13,1628.66,1623.60,1627.81,33360.920,1696755599999,54264376.42902,35753,15030.257,24451670.14454,0
1696755600000,1627.81,1628.95,1621.42,1623.92,66586.904,1696759199999,108159353.23249,58666,29033.239,47159192.62880,0
1696759200000,1623.93,1624.89,1615.19,1618.36,95814.519,1696762799999,155173782.13228,84332,46303.922,74986096.95161,0
1696762800000,1618.37,1620.81,1616.30,1617.25,51124.915,1696766399999,82725276.64511,49335,27120.570,43887071.04031,0
1696766400000,1617.25,1623.82,1616.51,1620.15,44567.257,1696769999999,72238688.51505,45612,24274.265,39345759.59343,0
1696770000000,1620.16,1634.30,1617.63,1628.54,143538.469,1696773599999,233554975.55151,137928,73579.971,119735317.38176,0
1696773600000,1628.53,1637.42,1624.63,1632.79,94769.325,1696777199999,154574672.82685,90554,53044.823,86537095.19952,0
1696777200000,1632.79,1633.47,1630,1630.63,32501.621,1696780799999,53020493.48030,35792,14788.728,24126155.49018,0
1696780800000,1630.64,1634.13,1628.49,1632.36,53329.727,1696784399999,87011839.62955,50390,28168.852,45968036.89834,0
1696784400000,1632.35,1636.90,1630.42,1631.34,46296.805,1696787999999,75602413.38104,48737,26146.315,42702707.37259,0
1696788000000,1631.34,1635.39,1629.11,1635.17,31538.050,1696791599999,51457812.22322,40077,18793.015,30665874.55781,0
1696791600000,1635.17,1638.76,1633.80,1634.86,31887.453,1696795199999,52163452.86522,41702,16124.393,26380086.86440,0
1696795200000,1634.86,1637,1633.30,1635.51,23412.201,1696798799999,38278181.96075,28283,10446.290,17080774.63982,0
1696798800000,1635.51,1637.72,1631.87,1632,22504.699,1696802399999,36801440.90937,29383,9508.128,15550026.40554,0
1696802400000,1632,1633.20,1626.61,1630.33,55773.228,1696805999999,90886960.75933,67670,26601.129,43348221.72768,0
1696806000000,1630.33,1632.70,1629.42,1632.02,26218.255,1696809599999,42766817.58531,33217,13946.590,22749944.87009,0
1696809600000,1632.03,1632.65,1624.12,1625.85,53395.283,1696813199999,86905751.13027,61124,22377.580,36420712.12613,0
1696813200000,1625.85,1633.30,1622.63,1630.65,74959.596,1696816799999,121984507.89597,73754,37056.213,60312640.99431,0
1696816800000,1630.65,1632.48,1629.23,1630.81,27966.999,1696820399999,45619383.06565,39476,15108.330,24644434.90796,0
1696820400000,1630.81,1635.81,1630.80,1632.98,35455.583,1696823999999,57899548.53003,43178,18338.202,29948846.59910,0
1696824000000,1632.97,1634.19,1631.60,1631.85,17893.959,1696827599999,29223290.57500,26335,6813.762,11128128.37308,0
1696827600000,1631.86,1632.83,1627.50,1627.77,26914.762,1696831199999,43874103.63950,36804,12556.940,20470348.83565,0
1696831200000,1627.77,1629.35,1627.05,1627.89,26282.283,1696834799999,42797691.80839,29360,13853.826,22559867.70999,0
1696834800000,1627.89,1627.89,1616.16,1620,119052.383,1696838399999,192954817.01837,107054,52235.360,84649101.67528,0
1696838400000,1620,1621.23,1611.15,1613.80,123890.968,1696841999999,200292280.15063,114563,54608.902,88292881.63406,0
1696842000000,1613.80,1617.68,1580.09,1591.58,401275.951,1696845599999,642295647.71107,292672,179845.490,287947089.84664,0
1696845600000,1591.57,1598.03,1590.46,1594.82,162526.103,1696849199999,259132239.28437,135789,88170.065,140582614.76630,0
1696849200000,1594.82,1594.92,1585.03,1589.76,137908.544,1696852799999,219362494.17531,111860,64085.212,101941529.73439,0
1696852800000,1589.76,1593.19,1582.36,1586.04,142824.255,1696856399999,226808631.87385,116941,68337.347,108540009.51798,0
1696856400000,1586.04,1594.77,1584.65,1593.35,112516.708,1696859999999,178895390.50072,88789,59890.362,95208088.45905,0
1696860000000,1593.35,1596.96,1588.59,1590.37,69750.893,1696863599999,111083175.20214,66738,35414.820,56403935.84533,0
1696863600000,1590.37,1592.22,1584.30,1585.64,87239.347,1696867199999,138548894.89626,65923,36418.580,57845106.16489,0
1696867200000,1585.63,1586.24,1544.30,1568.67,823424.986,1696870799999,1290089647.10584,578980,364025.483,570513270.53036,0
1696870800000,1568.67,1579.94,1564.36,1579.66,154197.736,1696874399999,242508283.35518,141027,85956.568,135210194.20721,0
1696874400000,1579.66,1586.55,1576.33,1576.69,156333.170,1696877999999,247033744.44530,132129,76869.115,121489742.79784,0
1696878000000,1576.70,1582.59,1575.68,1580.79,51794.338,1696881599999,81794016.93333,54430,27468.043,43381228.82887,0
1696881600000,1580.79,1583.36,1575.40,1575.41,44090.221,1696885199999,69624405.64207,44359,22989.966,36308749.30064,0
1696885200000,1575.40,1580.76,1572.81,1578.60,39972.973,1696888799999,63021380.31234,42106,20559.587,32421521.21967,0
1696888800000,1578.61,1580.70,1576,1576.06,32675.831,1696892399999,51566036.41488,33681,17961.150,28346072.69272,0
1696892400000,1576.06,1580.50,1576.06,1579.40,27781.177,1696895999999,43847938.57628,31692,15381.773,24275149.44251,0
1696896000000,1579.39,1582.79,1576.20,1576.93,55005.382,1696899599999,86897815.29584,57495,28555.763,45113641.01970,0
1696899600000,1576.93,1580.18,1575.27,1578.62,33978.851,1696903199999,53597621.34499,37206,15283.326,24109081.98761,0
1696903200000,1578.62,1592.34,1577.27,1589.27,86389.984,1696906799999,136910670.46103,67308,49457.753,78384965.17079,0
1696906800000,1589.27,1589.90,1584,1584.10,50642.458,1696910399999,80318331.45298,45770,23757.152,37679255.34038,0
1696910400000,1584.11,1584.73,1582.39,1583.02,28876.645,1696913999999,45726077.46226,27791,14778.834,23402192.13560,0
1696914000000,1583.02,1586.10,1581.89,1585.43,35217.409,1696917599999,55782801.50013,32219,20170.453,31949667.25840,0
1696917600000,1585.42,1589.60,1585.29,1589.39,44434.522,1696921199999,70533467.68839,39338,23749.044,37700139.28489,0
1696921200000,1589.39,1593.71,1588.75,1589.52,95229.457,1696924799999,151515625.49584,78271,52473.988,83496351.05468,0
1696924800000,1589.52,1594.40,1588.90,1589.16,58509.391,1696928399999,93102805.54628,57075,28448.646,45275220.60196,0
1696928400000,1589.15,1589.63,1587.16,1588.69,50653.377,1696931999999,80458251.23051,48592,21810.625,34644129.92560,0
1696932000000,1588.68,1590.05,1581.38,1585.12,82018.182,1696935599999,130058789.31424,64335,34739.785,55099350.61022,0
1696935600000,1585.13,1586.99,1577.25,1578.70,92439.752,1696939199999,146264824.16086,78580,41736.930,66055623.80369,0
1696939200000,1578.70,1583.43,1570.92,1573.57,141793.020,1696942799999,223621545.24048,106986,66232.103,104490584.36178,0
1696942800000,1573.56,1578.24,1570.97,1574.43,108886.367,1696946399999,171413261.59923,93431,54853.156,86362594.78466,0
1696946400000,1574.43,1587.98,1563.42,1571.12,257164.661,1696949999999,405638061.53562,200088,128767.521,203163399.22975,0
1696950000000,1571.12,1574.12,1562.71,1567.25,163104.134,1696953599999,255837409.37337,146607,79683.587,124995641.32942,0
1696953600000,1567.26,1572.23,1557.82,1565.24,196117.314,1696957199999,307034062.31856,162925,96932.094,151788176.55491,0
1696957200000,1565.24,1566.50,1556.56,1561.89,131937.438,1696960799999,205876396.78906,135093,66882.911,104361806.31898,0
1696960800000,1561.90,1565.44,1559.42,1565.12,56394.279,1696964399999,88110863.70692,72018,31152.025,48674760.71839,0
1696964400000,1565.13,1568.51,1560.70,1565.25,66110.071,1696967999999,103445055.84881,79479,33089.535,51776433.82536,0
1696968000000,1565.26,1566.85,1545.60,1559.31,125785.013,1696971599999,195771195.54115,111300,51708.088,80493474.38558,0
1696971600000,1559.30,1567.28,1558.16,1564.59,62844.228,1696975199999,98248101.54275,64258,34548.865,54011328.06750,0
1696975200000,1564.59,1568.92,1564.49,1567.39,24757.882,1696978799999,38797125.01476,36154,12961.476,20310635.37434,0
1696978800000,1567.38,1569.68,1566.02,1566.89,28585.190,1696982399999,44809228.16283,35584,13991.108,21933952.11454,0
1696982400000,1566.89,1574.98,1566.37,1573.57,67247.454,1696985999999,105603145.49241,65438,39264.632,61663997.55657,0
1696986000000,1573.56,1575.38,1570,1572.79,37822.554,1696989599999,59473221.38570,42020,17891.272,28135319.97371,0
1696989600000,1572.78,1574.64,1541.78,1558.70,249910.570,1696993199999,389046089.96293,199635,111703.686,173909374.23041,0
1696993200000,1558.69,1561.51,1554.77,1555.76,96917.074,1696996799999,151002835.97819,88242,49958.011,77844698.41564,0
1696996800000,1555.75,1561,1554.71,1559.47,57719.229,1697000399999,89982568.19211,49837,32063.303,49983692.24011,0
1697000400000,1559.48,1559.48,1551,1556.65,74120.618,1697003999999,115306819.21344,64609,37371.199,58139978.83802,0
1697004000000,1556.66,1557.28,1547.20,1555.42,85169.288,1697007599999,132232214.87770,75430,36528.270,56718562.37260,0
1697007600000,1555.42,1559.28,1552.92,1556.16,59369.923,1697011199999,92413045.86678,59197,32935.946,51271668.06400,0
1697011200000,1556.15,1564.24,1555.55,1563.93,88308.812,1697014799999,137786183.99814,75436,48365.923,75467596.20756,0
1697014800000,1563.94,1577.77,1562.32,1575.66,202204.223,1697018399999,317745719.40681,156041,109325.510,171776486.01452,0
1697018400000,1575.67,1577.84,1572.05,1575.41,91818.370,1697021999999,144604142.43503,89219,43019.042,67752269.44134,0
1697022000000,1575.41,1577.89,1570.69,1572.04,64480.304,1697025599999,101501034.95149,66457,31266.402,49224881.55255,0
1697025600000,1572.05,1575.98,1564.25,1571.78,144672.413,1697029199999,227147498.00128,118676,70306.649,110399943.88176,0
1697029200000,1571.78,1573.17,1565.38,1573.07,81133.272,1697032799999,127327655.04064,80587,41068.380,64456399.72528,0
1697032800000,1573.06,1575.85,1567.11,1570.15,73433.697,1697036399999,115353111.04479,78727,39450.903,61976333.71289,0
1697036400000,1570.16,1572.22,1553.05,1558.77,251037,1697039999999,391631342.02522,205991,120517.164,188003365.05440,0
1697040000000,1558.78,1560.94,1550.04,1553.21,176888.061,1697043599999,275188063.24712,158418,85049.179,132326588.13190,0
1697043600000,1553.20,1559.39,1548,1552.84,117147.458,1697047199999,182012326.12107,117808,57419.796,89236565.48805,0
1697047200000,1552.83,1558.50,1547.99,1557.49,97138.120,1697050799999,150819782.21038,93943,54193.357,84154988.86061,0
1697050800000,1557.49,1566.32,1556.51,1562.43,105598.996,1697054399999,164864335.56428,99256,59356.614,92665450.31590,0
1697054400000,1562.43,1563.95,1560.17,1563.39,50209.296,1697057999999,78421001.05465,47659,20516.927,32045882.75788,0
1697058000000,1563.39,1566.33,1561.37,1565.36,33453.854,1697061599999,52307069.56338,31789,15012.503,23475899.34714,0
1697061600000,1565.36,1568.88,1563.84,1564.85,46854.191,1697065199999,73382458.21000,46765,21001.308,32894521.56173,0
1697065200000,1564.85,1566.47,1563.48,1566.07,29166.206,1697068799999,45639917.60175,38838,13641.938,21347765.88729,0
1697068800000,1566.08,1566.08,1559.10,1560.70,54601.391,1697072399999,85297565.39257,54090,24381.867,38088474.97780,0
1697072400000,1560.71,1561.35,1556.46,1558.07,60798.288,1697075999999,94758406.20356,51001,31802.228,49566600.07529,0
1697076000000,1558.06,1568.06,1555.37,1564.63,61848.113,1697079599999,96592073.63192,61291,36755.354,57409656.10521,0
1697079600000,1564.63,1565.11,1559.30,1560.99,38188.624,1697083199999,59634484.23731,43774,17260.570,26954011.44676,0
1697083200000,1560.99,1562.99,1560.05,1560.47,23095.586,1697086799999,36065144.28116,28448,11660.866,18210019.35085,0
1697086800000,1560.46,1564.20,1557.12,1564.16,43132.152,1697090399999,67303052.21737,38822,21059.331,32869326.45124,0
1697090400000,1564.16,1566.27,1561.94,1562.10,55034.123,1697093999999,86070109.41766,45221,24146.354,37765830.42288,0
1697094000000,1562.10,1563.57,1558,1558.64,56026.690,1697097599999,87438099.03788,48779,24162.297,37710162.78716,0
1697097600000,1558.64,1560.35,1556,1557,62328.538,1697101199999,97119837.16500,50467,27918.205,43501720.13041,0
1697101200000,1556.99,1558.49,1533.21,1540.98,297320.383,1697104799999,459618471.04043,197590,129639.067,200456123.24967,0
1697104800000,1540.98,1549.33,1538.56,1546.07,143819.090,1697108399999,222057451.52441,113605,76314.439,117840983.00923,0
1697108400000,1546.08,1554.96,1545.01,1551.49,80855.913,1697111999999,125266770.77899,69379,45513.961,70520287.24695,0
1697112000000,1551.49,1553.42,1540,1548.99,153951.618,1697115599999,238432688.43161,133124,70294.373,108884421.87797,0
1697115600000,1548.99,1552.58,1540.60,1546.37,121928.386,1697119199999,188536884.91432,104876,56316.079,87084566.66415,0
1697119200000,1546.38,1549.07,1537.28,1543.61,110204.555,1697122799999,170105020.75971,110217,53491.176,82584826.87025,0
1697122800000,1543.61,1546.54,1538.81,1540.96,82516.495,1697126399999,127270346.52150,84402,40073.649,61812433.11825,0
1697126400000,1540.96,1544.60,1514.50,1528.18,371418.567,1697129999999,568855085.52549,268460,164006.599,251355884.69040,0
1697130000000,1528.17,1530.76,1520.76,1529.58,192786.131,1697133599999,294199582.84106,170533,100372.375,153190575.14738,0
1697133600000,1529.58,1534.79,1525.79,1530,80518.657,1697137199999,123241977.16487,77876,39196.238,59996985.16896,0
1697137200000,1529.99,1534.16,1526.36,1530.74,58052.744,1697140799999,88871207.39838,61288,29571.073,45271746.15772,0
1697140800000,1530.74,1535.88,1529.65,1535.87,42809.432,1697144399999,65615052.42368,44646,25390.317,38916888.60352,0
1697144400000,1535.88,1537.90,1533,1536.68,36416.016,1697147999999,55911459.02921,37985,16334.353,25080057.92277,0
1697148000000,1536.67,1539.77,1535.63,1539.04,40265.614,1697151599999,61916862.97810,37977,20847,32058804.41344,0
1697151600000,1539.04,1539.49,1534.48,1538.81,31273.017,1697155199999,48084938.09220,35505,13267.172,20399361.92647,0
1697155200000,1538.82,1545.80,1537.46,1543.65,88957.337,1697158799999,137204174.28320,80413,44751.945,69025169.96998,0
1697158800000,1543.64,1546.96,1541.14,1542.30,46706.820,1697162399999,72085326.80652,42282,19903.381,30720483.06031,0
1697162400000,1542.29,1544.06,1540.06,1541.94,26727.150,1697165999999,41209459.72727,29422,12617.602,19454992.85048,0
1697166000000,1541.93,1542.57,1537.27,1538.25,38648.517,1697169599999,59490100.68983,37021,17871.838,27508747.69492,0
1697169600000,1538.25,1541.35,1538.06,1541.35,30660.256,1697173199999,47202212.58393,31197,18301.220,28175723.89692,0
1697173200000,1541.35,1543.99,1539.57,1540.69,31553.977,1697176799999,48639984.30899,32519,15989.496,24650136.28114,0
1697176800000,1540.69,1541.67,1538.75,1539.38,29634.216,1697180399999,45630495.80055,27065,14226.118,21906782.62346,0
1697180400000,1539.38,1554.25,1539.37,1548.67,140608.271,1697183999999,217695769.94010,113565,80594.626,124773620.63429,0
1697184000000,1548.66,1551.79,1546.15,1546.98,56425.609,1697187599999,87414088.88101,54832,23470.178,36363037.99678,0
1697187600000,1546.99,1549.81,1541.83,1543.04,66187.009,1697191199999,102345829.28429,53364,28869.889,44650206.95121,0
1697191200000,1543.05,1545.30,1542.62,1544.43,29871.082,1697194799999,46128699.58003,26919,15871.373,24509283.03249,0
1697194800000,1544.43,1548,1544.01,1546.01,50951.953,1697198399999,78780662.74938,43024,28542.716,44132692.21026,0
1697198400000,1546.01,1552.99,1542.43,1552.68,81887.827,1697201999999,126825715.67807,76362,43811.978,67864779.72130,0
1697202000000,1552.68,1553.19,1546.81,1548.59,81638.979,1697205599999,126511004.99960,68973,37440.108,58017445.40686,0
1697205600000,1548.59,1548.75,1540.07,1541.09,77610.212,1697209199999,119846786.11234,77525,36077.154,55715157.24345,0
1697209200000,1541.09,1543.48,1536.65,1538.76,93808.073,1697212799999,144427193.41787,79613,44313.029,68230370.23820,0
1697212800000,1538.77,1548.53,1538.44,1547.92,86609.540,1697216399999,133775691.39689,69808,49801.535,76920538.39333,0
1697216400000,1547.93,1548.10,1540.21,1543.95,56978.198,1697219999999,87974747.77755,59462,26822.088,41414444.64195,0
1697220000000,1543.95,1545.33,1541.41,1543,28435.909,1697223599999,43891995.51305,36377,12415.487,19165112.69169,0
1697223600000,1542.99,1545.30,1540.58,1545.26,28345.683,1697227199999,43750858.98362,35269,13470.866,20791771.72097,0
1697227200000,1545.26,1565.08,1542.74,1558.83,151178.726,1697230799999,234907912.02857,110616,85962.336,133576533.60544,0
1697230800000,1558.83,1575.53,1553.82,1558.47,290216.140,1697234399999,454122199.88232,229716,143464.863,224545637.57757,0
1697234400000,1558.48,1562.45,1544.23,1548.48,122342.204,1697237999999,189976723.28405,103110,53742.222,83442508.73256,0
1697238000000,1548.49,1551.65,1545.70,1551.55,59497.740,1697241599999,92133321.70658,53575,31068.475,48112171.61803,0
1697241600000,1551.55,1553.84,1550.63,1552.33,34246.896,1697245199999,53160805.36208,31241,18972.519,29450995.87372,0
1697245200000,1552.32,1555.71,1548.64,1554.59,47335.830,1697248799999,73483191.22487,35797,28220.133,43821281.53862,0
1697248800000,1554.59,1555.95,1551.28,1553.42,50332.602,1697252399999,78194511.18932,38678,23690.625,36808376.82007,0
1697252400000,1553.42,1554.83,1551.67,1552.96,26263.029,1697255999999,40792714.64549,26060,12164.528,18895265.94820,0
1697256000000,1552.96,1553.84,1551.30,1551.93,23830.509,1697259599999,37016602.05698,19690,12892.318,20028987.85164,0
1697259600000,1551.93,1553.09,1548.56,1549.70,25612.397,1697263199999,39723724.74913,22987,11454.279,17767192.25014,0
1697263200000,1549.69,1550.23,1545.21,1545.55,45914.295,1697266799999,71044942.97284,43258,18557.365,28713258.50738,0
1697266800000,1545.54,1547.63,1544.22,1547.34,48827.577,1697270399999,75498394.76524,50009,25063.568,38758134.21997,0
1697270400000,1547.35,1548.08,1545.05,1547.10,25567.918,1697273999999,39544029.80228,25985,14238.985,22022722.96680,0
1697274000000,1547.10,1549.04,1546.58,1547.29,21835.744,1697277599999,33793246.90342,25427,11603.477,17957983.55214,0
1697277600000,1547.29,1548.76,1546.92,1547.74,15005.004,1697281199999,23225993.48803,19451,8759.694,13559196.63998,0
1697281200000,1547.75,1547.83,1543.83,1546.58,25152.292,1697284799999,38884574.69306,27718,10784.798,16673071.66597,0
1697284800000,1546.59,1549.90,1545.42,1549.72,24740.679,1697288399999,38287282.50408,25743,14934.181,23114501.53896,0
1697288400000,1549.73,1552,1548.80,1550.92,36555.879,1697291999999,56667482.85521,34036,20614.898,31959630.86915,0
1697292000000,1550.92,1551.90,1548.13,1548.64,25899.909,1697295599999,40138634.34844,27063,10318.462,15991890.83200,0
1697295600000,1548.64,1557.76,1548.63,1555.66,66470.372,1697299199999,103256038.52590,46586,44780.429,69571119.51850,0
1697299200000,1555.65,1558.40,1551.81,1555.11,73794.898,1697302799999,114787735.85279,56123,38137.172,59332481.62980,0
1697302800000,1555.12,1556.39,1553.04,1553.62,24546.044,1697306399999,38161895.24468,27526,10175.244,15819539.74771,0
1697306400000,1553.63,1554.55,1552.82,1554.02,18688.013,1697309999999,29032257.16152,19075,8048.411,12504112.46115,0
1697310000000,1554.03,1555.56,1552.75,1554.55,21352.380,1697313599999,33186608.60827,21760,11213.098,17428029.64654,0
1697313600000,1554.55,1554.94,1552.60,1554.91,18603.775,1697317199999,28909618.88754,19226,9166.746,14244658.62743,0
1697317200000,1554.92,1561.70,1552.75,1554.34,51668.459,1697320799999,80467448.42117,49431,26491.644,41260786.69280,0
1697320800000,1554.34,1556.24,1553.36,1555.86,19594.592,1697324399999,30467521.18066,21972,10527.010,16368561.00506,0
1697324400000,1555.86,1557.20,1554.14,1554.15,19888.209,1697327999999,30940666.77549,20290,8507.873,13236388.80483,0
1697328000000,1554.15,1555.47,1548.74,1551.63,35874.456,1697331599999,55663928.26694,35283,16074.509,24941193.74371,0
1697331600000,1551.63,1557,1550.59,1555.05,43104.689,1697335199999,67022872.86953,37172,23124.300,35957301.48010,0
1697335200000,1555.06,1556.78,1553.05,1554.88,19455.652,1697338799999,30245547.94971,22583,8938.123,13896168.45623,0
1697338800000,1554.89,1555.49,1553.54,1553.79,13187.067,1697342399999,20501673.84888,15945,6782.498,10544537.86293,0
1697342400000,1553.79,1554.32,1551.94,1554.14,15237.478,1697345999999,23667390.26204,16650,7760.590,12054327.30502,0
1697346000000,1554.14,1554.51,1552.45,1552.85,12029.777,1697349599999,18685125.98175,15360,5326.812,8273340.13986,0
1697349600000,1552.82,1553.22,1551.59,1552.84,10283.996,1697353199999,15965320.83121,13649,4386.731,6810347.16902,0
1697353200000,1552.83,1554.30,1552.06,1554.29,11712.508,1697356799999,18189896.55579,13455,6167.810,9579553.11349,0
1697356800000,1554.29,1557.78,1553.80,1556.98,27525.728,1697360399999,42822607.84032,27766,15385.364,23938176.27974,0
1697360400000,1556.99,1559.71,1555.97,1556.75,30914.848,1697363999999,48153747.55657,30758,15912.760,24787535.41127,0
1697364000000,1556.76,1558.38,1556.01,1556.76,15363.390,1697367599999,23919750.42290,15582,7976.725,12419715.15979,0
1697367600000,1556.76,1556.77,1553.20,1554.75,27505.176,1697371199999,42768429.84753,29454,12029.467,18704477.12760,0
1697371200000,1554.75,1554.95,1551.78,1552.60,25669.353,1697374799999,39877957.97905,26170,11749.923,18254594.26185,0
1697374800000,1552.59,1559.97,1546.14,1551.43,151828.890,1697378399999,235900672.02480,116778,74874.179,116368992.65711,0
1697378400000,1551.43,1556,1550.54,1552.02,29361.008,1697381999999,45609423.10773,35563,15707.937,24401135.58190,0
1697382000000,1552.02,1554.36,1550.43,1553.13,21177.786,1697385599999,32876266.27131,24451,11184.990,17363690.06332,0
1697385600000,1553.12,1555.55,1549.51,1554.97,31520.507,1697389199999,48957707.54525,32874,16974.540,26368509.34877,0
1697389200000,1554.96,1557.35,1554.30,1557.12,38856.365,1697392799999,60455158.25189,34541,23400.062,36408316.92533,0
1697392800000,1557.13,1564.99,1556,1564.45,79878.415,1697396399999,124686460.94864,73754,43516.135,67930369.70272,0
1697396400000,1564.45,1564.80,1557.63,1559.76,50032.028,1697399999999,78077825.49339,45591,20117.821,31392740.76306,0
1697400000000,1559.77,1567,1558.25,1563.54,86019.076,1697403599999,134441518.99916,68601,45185.620,70623815.05273,0
1697403600000,1563.54,1564.49,1556,1559.34,55077.052,1697407199999,85894293.66025,56944,27234.435,42473156.94063,0
1697407200000,1559.34,1565.97,1552,1554.29,124172.201,1697410799999,193507202.36995,96702,59104.722,92098724.93178,0
1697410800000,1554.29,1557.25,1552.32,1557.25,44725.824,1697414399999,69518846.54389,44163,26326.557,40922318.69224,0
1697414400000,1557.25,1559.09,1554.10,1555.69,38529.090,1697417999999,59982427.67439,44964,17770.972,27666587.12431,0
1697418000000,1555.68,1564.80,1555.65,1562.29,61037.309,1697421599999,95310341.80813,65935,30772.382,48047128.15804,0
1697421600000,1562.29,1566.50,1560.67,1561.56,41002.838,1697425199999,64105994.42425,44631,18354.773,28701090.36462,0
1697425200000,1561.55,1562.42,1560.19,1562.25,20382.140,1697428799999,31825604.32807,27037,10675.956,16670135.28289,0
1697428800000,1562.25,1562.88,1559.72,1561.66,25660.389,1697432399999,40057703.93210,28221,12248.438,19119711.76453,0
1697432400000,1561.65,1588.51,1561.50,1584.54,465311.439,1697435999999,735045344.35825,310598,242895.097,383527919.77885,0
1697436000000,1584.53,1587,1576.27,1577.40,122836.862,1697439599999,194252532.06162,117398,57580.016,91050802.30804,0
1697439600000,1577.40,1580.99,1576.47,1578.02,54276.544,1697443199999,85682426.92558,52248,29344.437,46322424.52904,0
1697443200000,1578.02,1584.69,1578.02,1580.19,58401.683,1697446799999,92374204.26218,52086,34357.492,54344500.37521,0
1697446800000,1580.19,1583.93,1574.14,1583.29,84880.074,1697450399999,133927091.53521,75480,43965.842,69376074.25242,0
1697450400000,1583.30,1586.56,1580.27,1584.63,59896.570,1697453999999,94844421.32100,48589,32488.294,51447815.85478,0
1697454000000,1584.64,1585.12,1579.19,1582,40654.207,1697457599999,64328578.35726,37762,17957.009,28411982.55210,0
1697457600000,1582,1587,1580.13,1586.57,60928.490,1697461199999,96505503.26693,55795,32979.483,52240033.26924,0
1697461200000,1586.58,1642,1565,1578.82,1333165.674,1697464799999,2137602824.25053,978092,678426.509,1088212545.23813,0
1697464800000,1578.82,1589,1572.90,1586.09,224757.316,1697468399999,355604177.65915,218279,119463.777,189019109.52656,0
1697468400000,1586.10,1587.50,1575.60,1577.04,90665.181,1697471999999,143328256.05799,88539,46421.177,73385105.19932,0
1697472000000,1577.05,1579.66,1574.39,1577.48,72114.679,1697475599999,113720378.37542,60277,34940.713,55105711.39742,0
1697475600000,1577.48,1581.12,1572.34,1578.12,60928.895,1697479199999,96085813.59254,61717,30439.571,48004452.35434,0
1697479200000,1578.11,1589.47,1578,1588.82,109267.793,1697482799999,172990188.81475,96921,59740.433,94583798.62790,0
1697482800000,1588.82,1601.93,1585.43,1589.17,191667.403,1697486399999,305525554.43597,167508,90498.657,144255744.78881,0
1697486400000,1589.16,1594.33,1584.49,1586.80,55767.181,1697489999999,88670833.01129,58112,27440.702,43632364.99960,0
1697490000000,1586.80,1590.30,1576.78,1588.88,83341.666,1697493599999,131960661.65420,73732,42360.272,67076506.11599,0
1697493600000,1588.88,1604.14,1588.87,1601.25,94473.580,1697497199999,150885960.88234,84957,52534.865,83908431.24779,0
1697497200000,1601.25,1604.30,1598.15,1598.61,63960.326,1697500799999,102364518.04794,55830,29521.315,47250818.77221,0
1697500800000,1598.61,1599.83,1590.47,1591.07,70264.697,1697504399999,112115198.88973,68845,30821.861,49182233.28991,0
1697504400000,1591.08,1597.19,1590.61,1593.28,41915.745,1697507999999,66801607.16715,42362,21362.793,34045370.45554,0
1697508000000,1593.27,1595.40,1588.55,1595.14,41283.598,1697511599999,65737758.20755,42506,20915.014,33308347.14059,0
1697511600000,1595.15,1595.15,1587.50,1588.51,37118.819,1697515199999,59061155.42885,36393,14233.070,22642354.12703,0
1697515200000,1588.51,1589.24,1582.28,1587.80,103138.180,1697518799999,163607322.99188,74662,52018.879,82517851.49243,0
1697518800000,1587.79,1589.40,1584.50,1586.98,32074.832,1697522399999,50898061.06446,29472,17647.862,28004157.41570,0
1697522400000,1586.98,1587.18,1582.67,1585.14,35556.608,1697525999999,56339271.24579,33647,17057.870,27027060.01274,0
1697526000000,1585.14,1591.67,1581.73,1589.66,61894.089,1697529599999,98208282.80412,57288,33183.237,52660768.60014,0
1697529600000,1589.66,1592.60,1583.62,1588.16,75482.170,1697533199999,119840066.27822,63564,35763.225,56780049.79352,0
1697533200000,1588.16,1590.26,1585.78,1589.56,44445.695,1697536799999,70588562.35465,31054,21546.900,34224258.10944,0
1697536800000,1589.56,1593.75,1581.53,1585.67,85838.252,1697540399999,136215607.63198,69003,41818.613,66383918.44519,0
1697540400000,1585.68,1585.85,1582.51,1583.59,34905.035,1697543999999,55287266.54680,34311,17042.051,26993546.13420,0
1697544000000,1583.58,1585.24,1573.02,1573.39,118899.544,1697547599999,187723886.71122,102529,53626.606,84682630.00578,0
1697547600000,1573.39,1578.27,1562,1570.91,238004.629,1697551199999,374011370.75254,194336,119964.780,188556993.17470,0
1697551200000,1570.91,1577.43,1569.73,1572.41,121613.802,1697554799999,191355592.05477,109599,58967.945,92784990.15412,0
1697554800000,1572.42,1578.49,1571.59,1574.67,95622.850,1697558399999,150648358.47537,81795,47003.915,74054285.92217,0
1697558400000,1574.66,1579.70,1573.63,1575.66,50137.655,1697561999999,79057320.18451,54285,23999.658,37844612.61051,0
1697562000000,1575.66,1575.89,1563.60,1567.30,114564.419,1697565599999,179727664.21442,102289,55122.887,86481268.87430,0
1697565600000,1567.30,1569.30,1541,1552.82,162779.469,1697569199999,253490064.33018,135350,67673.254,105439214.98696,0
1697569200000,1552.82,1563.60,1552.01,1563.48,94123.861,1697572799999,146596417.30891,88204,53681.192,83597317.28065,0
1697572800000,1563.48,1565.39,1559.09,1559.39,60934.414,1697576399999,95208265.01146,53512,31046.925,48514122.94250,0
1697576400000,1559.39,1564.95,1556.62,1561.32,37311.171,1697579999999,58265924.29011,42529,19613.510,30634360.61053,0
1697580000000,1561.33,1563.15,1558.35,1561.55,32633.547,1697583599999,50922138.49679,33698,17790.467,27762111.05932,0
1697583600000,1561.55,1565.17,1560.53,1563.99,30619.400,1697587199999,47867672.78431,32563,12351.025,19308231.15559,0
1697587200000,1564,1566.66,1561.30,1563.80,54192.291,1697590799999,84781398.39588,52488,25589.267,40033181.97953,0
1697590800000,1563.80,1568.66,1563.02,1567.17,41729.913,1697594399999,65358511.29398,41946,22728.015,35596612.28828,0
1697594400000,1567.18,1571.46,1564.69,1566.71,53520.020,1697597999999,83910111.89972,55630,26312.298,41257325.18073,0
1697598000000,1566.71,1567.65,1562.58,1567.41,40794.444,1697601599999,63843173.21112,37070,16423.935,25706131.32559,0
1697601600000,1567.41,1581.97,1565.94,1572.41,126819.325,1697605199999,199671316.89176,98096,69451.687,109378349.63052,0
1697605200000,1572.41,1576.68,1568.98,1572.03,133104.685,1697608799999,209297966.48852,117956,67771.356,106572642.24060,0
1697608800000,1572.04,1574.03,1569.02,1571.53,42577.177,1697612399999,66906316.18457,42788,19730.089,31007159.85587,0
1697612400000,1571.52,1575.85,1565.44,1571.60,91365.567,1697615999999,143543744.12074,80238,47094.678,73997434.33149,0
1697616000000,1571.60,1576.90,1570.63,1576.84,56760.202,1697619599999,89326679.89814,48505,30546.751,48078617.36051,0
1697619600000,1576.83,1583.42,1568,1568.61,130306.208,1697623199999,205650449.09420,91428,58748.459,92735576.26730,0
1697623200000,1568.61,1582,1568.52,1579.75,110578.385,1697626799999,174289769.32924,97466,57258.463,90237545.98668,0
1697626800000,1579.76,1584.90,1577.79,1578.03,65439.392,1697630399999,103442352.72113,62280,31974.539,50550982.47082,0
1697630400000,1578.02,1581.15,1575.14,1578.51,72989.333,1697633999999,115172105.83546,60876,37381.184,58988849.82570,0
1697634000000,1578.52,1579.32,1570.43,1572.60,93400.368,1697637599999,147099982.82019,76952,46711.914,73576913.18339,0
1697637600000,1572.60,1577.22,1567.81,1569.99,103240.810,1697641199999,162290056.91106,95553,51660.972,81222899.13173,0
1697641200000,1569.98,1572.55,1568,1569.48,53833.669,1697644799999,84537718.69507,50982,29447.719,46246145.19042,0
1697644800000,1569.48,1574.31,1565.22,1570.23,75219.914,1697648399999,118119450.83654,70298,38522.814,60500368.98511,0
1697648400000,1570.23,1572.97,1566.06,1568.48,44351.417,1697651999999,69639596.30436,46441,21655.665,34002968.07347,0
1697652000000,1568.49,1572.12,1567.29,1568.28,35852.262,1697655599999,56285797.36102,31072,19663.402,30873103.30254,0
1697655600000,1568.28,1568.28,1561.98,1562.25,65414.130,1697659199999,102341664.48173,58384,32856.593,51404854.28402,0
1697659200000,1562.25,1565.18,1558.12,1561.52,56448.258,1697662799999,88169042.44329,57666,26470.676,41348148.55808,0
1697662800000,1561.53,1561.53,1554.70,1557.88,60116.481,1697666399999,93650657.02278,51921,26719.412,41624699.42238,0
1697666400000,1557.87,1565.33,1556.25,1563.76,59287.267,1697669999999,92609491.39623,46575,35762.449,55856416.70633,0
1697670000000,1563.75,1564.27,1558.66,1562.65,55376.334,1697673599999,86492443.42948,42143,26718.917,41739706.14849,0
1697673600000,1562.66,1566.66,1560.03,1565.56,59097.595,1697677199999,92382750.52436,44207,31545.550,49318745.86329,0
1697677200000,1565.57,1566.10,1539,1548.60,222489.527,1697680799999,344872821.39534,171281,90522.713,140277481.62216,0
1697680800000,1548.59,1550.46,1543.56,1546.92,99726.405,1697684399999,154301109.56981,76029,51310.760,79397873.88515,0
1697684400000,1546.92,1550.70,1545.99,1548.53,45231.112,1697687999999,70053849.24686,40745,23804.434,36866956.40277,0
1697688000000,1548.53,1549.77,1544.90,1549.77,40955.344,1697691599999,63382936.34575,37027,20199.993,31265738.47209,0
1697691600000,1549.77,1552.83,1548.82,1551.74,52742.847,1697695199999,81799210.13094,41072,27696.042,42950703.54471,0
1697695200000,1551.73,1552.52,1549.60,1550.65,32746.484,1697698799999,50792914.06305,30854,15246.908,23650452.19437,0
1697698800000,1550.65,1551.93,1546.88,1551.08,46438.217,1697702399999,71972388.74236,39326,22621.301,35064467.23435,0
1697702400000,1551.07,1552.78,1545.58,1547.23,48404.283,1697705999999,74995293.75075,41339,18834.575,29182341.13590,0
1697706000000,1547.23,1550.25,1540.53,1547.06,89440.635,1697709599999,138300241.65815,73679,44663.034,69082559.82497,0
1697709600000,1547.06,1554.11,1545.40,1552,113501.025,1697713199999,175877888.32047,80540,58587.386,90797494.64093,0
1697713200000,1552,1554.87,1550.92,1553.12,48578.091,1697716799999,75436264.63150,40859,26165.599,40632336.34412,0
1697716800000,1553.13,1556.35,1550.02,1552.50,79582.544,1697720399999,123604180.28557,72170,37528.848,58295168.52382,0
1697720400000,1552.50,1559.76,1551.39,1553.58,85338.031,1697723999999,132766139.22234,65248,45462.998,70738387.13024,0
1697724000000,1553.58,1562.12,1552.13,1560.47,98417.291,1697727599999,153191710.59372,91562,56041.232,87236518.37855,0
1697727600000,1560.48,1565,1555.73,1560.34,125163.917,1697731199999,195314034.06896,124648,59940.824,93539012.97274,0
1697731200000,1560.34,1574.34,1559.37,1563.54,235048.338,1697734799999,368196862.64298,196893,127088.334,199094067.00408,0
1697734800000,1563.55,1566.90,1559,1561.11,86328.209,1697738399999,134893629.44460,71480,41017.953,64083169.70253,0
1697738400000,1561.11,1565.23,1560.50,1560.87,62861.053,1697741999999,98234897.44377,53001,31584.229,49356396.64045,0
1697742000000,1560.88,1569.35,1560.41,1567.26,54348.124,1697745599999,85059033.31076,50134,30943.945,48432283.85983,0
1697745600000,1567.26,1572.95,1562.64,1565.67,91859.791,1697749199999,144052474.04927,70669,41350.413,64864041.63767,0
1697749200000,1565.65,1566.97,1562.50,1562.50,35124.623,1697752799999,54944042.63442,33332,16381.083,25625083.66996,0
1697752800000,1562.50,1567.36,1562.24,1563.49,35025.050,1697756399999,54806959.61040,30198,18901.085,29576498.17365,0
1697756400000,1563.48,1566.72,1562.84,1565.89,25746.275,1697759999999,40281855.45869,25787,12328.035,19287512.96340,0
1697760000000,1565.90,1567.84,1561.93,1562.99,42652.817,1697763599999,66732538.57977,43055,19797.772,30972645.55841,0
1697763600000,1563,1564.44,1560.37,1564.43,31834.580,1697767199999,49737628.15531,31725,17316.224,27056969.72972,0
1697767200000,1564.44,1588.94,1563.77,1584.76,240159.767,1697770799999,379146721.06196,195415,138766.941,219039903.72127,0
1697770800000,1584.80,1594.59,1580.55,1586.11,191633.412,1697774399999,304360570.50217,176788,94931.650,150781833.12270,0
1697774400000,1586.12,1587.39,1580.66,1582.15,96395.529,1697777999999,152629267.40173,82631,48538.091,76847625.72042,0
1697778000000,1582.15,1583.75,1578.11,1582.91,67668.825,1697781599999,106987709.04379,62924,35140.453,55562874.24691,0
1697781600000,1582.91,1583.86,1578.69,1582.62,51202.947,1697785199999,80974373.26681,49660,23054.756,36464650.11841,0
1697785200000,1582.62,1589,1581.37,1582.76,78841.797,1697788799999,124931859.02340,72522,41860.064,66341937.54154,0
1697788800000,1582.77,1621,1582.15,1610.76,389788.813,1697792399999,624865393.06892,322648,218031.819,349552425.23463,0
1697792400000,1610.77,1617.90,1606.03,1617.89,155893.662,1697795999999,251101919.43586,136124,80220.815,129226250.80660,0
1697796000000,1617.89,1630.01,1614.60,1614.96,313018.692,1697799599999,507585655.49127,251380,158303.508,256763922.43745,0
1697799600000,1614.96,1619.18,1611.18,1612.52,121430.590,1697803199999,196155744.74454,103303,56325.120,91000980.59234,0
1697803200000,1612.52,1615.81,1602.03,1606.20,171789.765,1697806799999,276247310.01473,152256,86606.132,139258680.76448,0
1697806800000,1606.20,1608.53,1596.62,1606.38,123142.582,1697810399999,197537795.04522,112586,62690.812,100586024.38578,0
1697810400000,1606.37,1609.94,1598.72,1604.60,117242.770,1697813999999,188221400.00058,108571,58085.804,93245947.61032,0
1697814000000,1604.59,1608.43,1601.13,1604.81,66435.564,1697817599999,106607251.69653,67252,35257.084,56575524.01410,0
1697817600000,1604.81,1609.43,1602.11,1603.35,58633.873,1697821199999,94139237.77026,59953,26333.447,42282909.38696,0
1697821200000,1603.35,1608.93,1596.31,1608.15,74623.881,1697824799999,119625014.61844,82743,37322.773,59833308.37766,0
1697824800000,1608.16,1609,1604.83,1605.42,33143.825,1697828399999,53265362.43879,38970,16277.457,26161913.68232,0
1697828400000,1605.42,1608.09,1602.02,1606.25,32437.225,1697831999999,52068681.87096,45343,17081.861,27421296.38521,0
1697832000000,1606.24,1608.47,1601.76,1602.16,37949.983,1697835599999,60941445.68052,43167,20997.215,33721144.43562,0
1697835600000,1602.15,1608,1601.36,1606.71,21105.447,1697839199999,33879727.14924,28454,10341.529,16599139.66343,0
1697839200000,1606.71,1609.47,1605.76,1607.49,26127.511,1697842799999,42005034.84495,31810,13156.003,21149074.50862,0
1697842800000,1607.48,1609.47,1602.18,1603.14,48159.778,1697846399999,77326000.19294,50464,21438.340,34422652.67098,0
1697846400000,1603.15,1605.78,1600.70,1602.72,36839.382,1697849999999,59056899.78305,37927,16063.797,25754918.17916,0
1697850000000,1602.73,1603.88,1597.18,1598.74,34072.616,1697853599999,54544502.55812,37585,12913.191,20672582.39678,0
1697853600000,1598.74,1598.74,1591.36,1594.58,84304.985,1697857199999,134424589.33697,70357,37893.310,60420696.98035,0
1697857200000,1594.58,1598.32,1591.25,1596.75,47194.918,1697860799999,75274833.83584,41826,24591.041,39225648.98122,0
1697860800000,1596.75,1599.85,1596.38,1597.79,32868.408,1697864399999,52525678.50308,31550,19256.347,30774197.13053,0
1697864400000,1597.79,1599.37,1596.96,1598.95,18571.224,1697867999999,29676866.29525,22363,9595.983,15334381.66205,0
1697868000000,1598.94,1604.91,1597.87,1603.10,68797.489,1697871599999,110231219.35588,62125,38674.576,61965399.12287,0
1697871600000,1603.10,1606.50,1601.67,1605.67,34029.735,1697875199999,54577594.25180,35930,18104.442,29036591.12582,0
1697875200000,1605.67,1607.49,1603.69,1605.11,33958.556,1697878799999,54522835.03412,36469,14791.314,23750425.88983,0
1697878800000,1605.11,1608.43,1601.91,1606.35,51754.529,1697882399999,83057011.74657,44923,25647.234,41169713.50508,0
1697882400000,1606.35,1607.23,1602.72,1604.12,39238.541,1697885999999,62968465.75064,35211,16075.972,25798493.30640,0
1697886000000,1604.12,1609.33,1604.12,1608.08,38999.269,1697889599999,62663294.82355,37647,22599.578,36311357.00173,0
1697889600000,1608.07,1609.40,1604.17,1604.47,31627.157,1697893199999,50803611.46218,33061,13992.181,22477632.66886,0
1697893200000,1604.47,1613.65,1601.87,1612.50,66481.167,1697896799999,106909944.79893,62340,39265.881,63156752.74833,0
1697896800000,1612.49,1624.49,1609.60,1621.41,140555.512,1697900399999,227276268.01537,122690,76562.373,123823530.39702,0
1697900400000,1621.41,1628.98,1613.02,1627.63,164339.900,1697903999999,266433302.87956,148037,81543.216,132228245.78038,0
1697904000000,1627.64,1629.20,1619.15,1620.45,112872.349,1697907599999,183479704.18064,99414,48856.394,79424773.27514,0
1697907600000,1620.45,1639,1619.90,1637.80,175773.397,1697911199999,286937244.46904,152202,102878.975,167948278.70296,0
1697911200000,1637.81,1643.84,1627.64,1634.11,190323.742,1697914799999,311031130.03635,162706,98011.213,160207236.87606,0
1697914800000,1634.10,1635.61,1626.12,1634.16,75304.278,1697918399999,122838565.28138,70200,33789.356,55121006.86383,0
1697918400000,1634.16,1635.29,1625.15,1629.07,53676.042,1697921999999,87502887.13780,58738,25624.068,41771191.17314,0
1697922000000,1629.08,1632.88,1627.07,1627.87,28326.768,1697925599999,46165870.31844,30320,12527.108,20415733.91585,0
1697925600000,1627.88,1631.20,1626.41,1629.87,22678.156,1697929199999,36947454.93303,29559,10915.916,17783475.79025,0
1697929200000,1629.87,1630,1625.20,1628.29,48030.689,1697932799999,78146488.27188,42793,22850.391,37178096.11047,0
1697932800000,1628.29,1640.96,1625.58,1633.06,79057.127,1697936399999,129109299.11212,74011,43039.166,70299167.54117,0
1697936400000,1633.06,1638.61,1625.50,1630.42,83570.291,1697939999999,136360606.75012,74451,37783.236,61644098.15343,0
1697940000000,1630.42,1630.71,1622.27,1624.80,54401.679,1697943599999,88446164.64456,49990,21932.492,35663000.59542,0
1697943600000,1624.80,1629,1623.19,1628.72,39610.746,1697947199999,64418362.01449,42411,20602.384,33507047.91959,0
1697947200000,1628.72,1635.49,1628.18,1633.50,55862.772,1697950799999,91170644.52052,51250,29941.477,48866886.81342,0
1697950800000,1633.50,1650.41,1632.63,1641.24,127152.981,1697954399999,208571407.13017,109308,70660.848,115944706.95813,0
1697954400000,1641.25,1646.46,1635.83,1644.33,126683.394,1697957999999,208057750.58320,113677,61754.954,101443778.03237,0
1697958000000,1644.34,1644.78,1622.32,1629.43,159096.193,1697961599999,259701865.36994,150044,68798.391,112277064.35328,0
1697961600000,1629.43,1634.30,1623.86,1627.52,78015.618,1697965199999,127100101.04057,88369,40498.570,65984459.77810,0
1697965200000,1627.52,1635.24,1626.92,1629.33,62847.954,1697968799999,102560604.27826,63914,34552.159,56380838.81011,0
1697968800000,1629.34,1634.38,1629.05,1631.69,31199.180,1697972399999,50908081.81314,38258,16560,27020079.84301,0
1697972400000,1631.69,1632.26,1623.53,1627.76,64381.456,1697975999999,104759219.31800,67554,27102.170,44101749.38808,0
1697976000000,1627.75,1633,1627.03,1630.76,48274.856,1697979599999,78717766.91574,43556,27852.723,45413232.82116,0
1697979600000,1630.75,1636.87,1630.30,1635.15,44547.934,1697983199999,72764375.75239,45713,25556.190,41747750.87785,0
1697983200000,1635.16,1636.62,1624.39,1627.96,76317.060,1697986799999,124415388.67845,72429,30846.835,50278148.32031,0
1697986800000,1627.96,1628.42,1620,1625.05,117066.439,1697990399999,190122164.23606,99341,55812.504,90657772.64787,0
1697990400000,1625.04,1632,1623.41,1630.42,61081.757,1697993999999,99469716.35335,58700,36529.294,59485657.38125,0
1697994000000,1630.42,1638,1629.36,1635,54473.527,1697997599999,89006019.68216,55127,31839.184,52026198.88604,0
1697997600000,1635.01,1636.34,1632.55,1633.54,33409.266,1698001199999,54598339.37613,38953,16464.507,26906646.89861,0
1698001200000,1633.54,1640.70,1631.77,1634.34,70027.674,1698004799999,114576659.93502,63447,34420.804,56326684.12720,0
1698004800000,1634.33,1641.77,1634.33,1639.62,48126.982,1698008399999,78838503.25440,53781,24344.756,39878129.77101,0
1698008400000,1639.62,1641.34,1633.80,1635.13,40126.001,1698011999999,65699130.48173,43438,17856.419,29235225.89789,0
1698012000000,1635.12,1667.50,1633.18,1665.90,245363.462,1698015599999,405932556.65872,210614,147331.186,243726526.90568,0
1698015600000,1665.91,1667.46,1657.41,1662.83,121863.627,1698019199999,202508925.77455,124765,56830.110,94439077.42488,0
1698019200000,1662.82,1676.77,1656.25,1672.22,176734.373,1698022799999,294565680.06506,181926,92938.123,154935494.33549,0
1698022800000,1672.22,1688.82,1669.66,1675.51,275159.671,1698026399999,461700340.98155,268396,135923.308,228113774.53602,0
1698026400000,1675.52,1679.90,1670.15,1678.78,91544.671,1698029999999,153401969.63712,94592,46242.783,77496440.06386,0
1698030000000,1678.78,1702.11,1676.67,1693.62,248424.625,1698033599999,419837453.92450,232292,135473.889,228962438.89565,0
1698033600000,1693.62,1697.55,1689.09,1693.80,140945.957,1698037199999,238554734.20333,129560,65420.646,110725830.12281,0
1698037200000,1693.80,1705.25,1689.06,1692.41,175331.653,1698040799999,297504044.25350,182415,86999.952,147641946.02507,0
1698040800000,1692.41,1700.39,1681.50,1682.07,164329.332,1698044399999,277714983.44051,140735,69229.284,117037435.20805,0
1698044400000,1682.07,1686.88,1670.34,1675.52,134139.806,1698047999999,225342448.94570,117313,65816.410,110588552.94369,0
1698048000000,1675.52,1683.72,1673.56,1682.22,94953.772,1698051599999,159350263.79043,83787,48983.860,82210679.02810,0
1698051600000,1682.22,1682.25,1661.20,1670.29,193149.931,1698055199999,322592493.59921,167740,86107.589,143793069.46158,0
1698055200000,1670.29,1675,1669.47,1671.98,63225.664,1698058799999,105748245.24247,51056,32402.933,54196587.09805,0
1698058800000,1671.99,1680.64,1671.93,1675.99,79136.226,1698062399999,132663099.05187,66886,43717.239,73288213.85408,0
1698062400000,1675.99,1679.71,1673.84,1676.34,71039.451,1698065999999,119094991.00940,59817,31526.701,52853402.45860,0
1698066000000,1676.34,1679.18,1662.50,1669.44,153350.685,1698069599999,255987220.84138,150468,70754.553,118111240.02513,0
1698069600000,1669.45,1684.80,1668.74,1678.01,122385.018,1698073199999,205311847.26057,125520,68187.600,114399015.79853,0
1698073200000,1678.01,1683.84,1674.91,1675.63,131490.199,1698076799999,220768424.96891,122423,62730.076,105339846.99664,0
1698076800000,1675.62,1692.94,1670,1689.61,237811.881,1698080399999,399646058.30551,230661,124333.941,209012125.15670,0
1698080400000,1689.60,1693.99,1676,1685.93,189192.625,1698083999999,318778915.52841,199620,89400.528,150635351.87285,0
1698084000000,1685.93,1701.48,1678.09,1700.66,219608.492,1698087599999,371429249.33206,202798,114831.678,194247366.69710,0
1698087600000,1700.67,1712,1693.23,1707.85,277054.576,1698091199999,472198326.50633,263153,145018.189,247184490.39023,0
1698091200000,1707.85,1723.08,1705.33,1707.41,245653.492,1698094799999,420786762.55224,242966,125208.584,214500732.53427,0
1698094800000,1707.42,1724.42,1702.50,1716.15,132773.326,1698098399999,227512887.55587,133162,71312.676,122219252.16209,0
1698098400000,1716.16,1793.81,1714.20,1786.17,962588.618,1698101999999,1687328180.36155,881688,505952.889,886934600.79017,0
1698102000000,1786.17,1803,1747.20,1766.35,460460.602,1698105599999,814320696.90049,568145,230211.257,407225006.36533,0
1698105600000,1766.35,1786.13,1757.73,1776.37,263986.505,1698109199999,467840313.52874,303185,134052.373,237534319.38296,0
1698109200000,1776.37,1786.77,1765.43,1783.43,204500.951,1698112799999,363106972.26172,252124,102393.536,181836584.25057,0
1698112800000,1783.42,1850,1779.78,1834.01,701367.957,1698116399999,1274249285.62419,801232,363316.028,660092579.65569,0
1698116400000,1834.01,1839.02,1807.55,1808.74,244268.713,1698119999999,445731142.92569,320966,114173.504,208391737.71484,0
1698120000000,1808.73,1823.52,1808.23,1820.64,118876.113,1698123599999,216008431.29553,152170,61794.667,112275574.37353,0
1698123600000,1820.64,1837,1805,1813.77,208606.785,1698127199999,379987740.90263,246601,103117.227,187888651.95702,0
1698127200000,1813.77,1819.31,1804.40,1812.17,148892.204,1698130799999,269726403.56655,191651,71941.914,130357238.67017,0
1698130800000,1812.17,1815.26,1800.02,1809.82,133092.733,1698134399999,240507291.97952,178337,64252.674,116119938.04081,0
1698134400000,1809.82,1819.71,1806.77,1818.54,100482.145,1698137999999,182360065.51073,107895,51646.354,93735730.15002,0
1698138000000,1818.55,1838,1813.69,1825.85,188552.072,1698141599999,344511290.94303,205146,87220.904,159352711.45489,0
1698141600000,1825.85,1830.79,1823.24,1828.99,87445.162,1698145199999,159756266.73092,99808,38623.433,70565008.06615,0
1698145200000,1828.98,1846.08,1826.11,1845.79,239556.442,1698148799999,439573065.83571,265564,122378.915,224612862.93242,0
1698148800000,1845.78,1854.87,1836.50,1840.50,264245.356,1698152399999,487870777.43823,305047,124450.609,229797315.24980,0
1698152400000,1840.50,1841.72,1814.20,1829.16,274647.491,1698155999999,501844590.89431,286628,123316.850,225334501.33025,0
1698156000000,1829.15,1829.56,1806.84,1822.10,165226.559,1698159599999,300259681.85287,191574,83109.086,151029071.96239,0
1698159600000,1822.10,1828.81,1761.29,1777.67,690949.117,1698163199999,1233791286.35194,660670,328826.126,587178104.24679,0
1698163200000,1777.66,1800.18,1767.62,1782,309539.599,1698166799999,552467691.51963,356855,162533.653,290125124.67611,0
1698166800000,1781.99,1789.20,1775.11,1775.85,95846.892,1698170399999,170826916.74669,131527,46341.532,82607772.52329,0
1698170400000,1775.85,1778.55,1755.28,1776.69,184453.967,1698173999999,325997443.01377,219227,91319.642,161415014.33259,0
1698174000000,1776.69,1781.48,1771.27,1776.60,71773.895,1698177599999,127535645.94924,102048,34195.682,60771881.89993,0
1698177600000,1776.60,1784.30,1768.51,1771.20,81015.988,1698181199999,143934339.11782,108282,41364.725,73492109.10447,0
1698181200000,1771.20,1791.27,1762.72,1786.49,147069.650,1698184799999,261174543.04672,156509,76124.429,135200014.88083,0
1698184800000,1786.50,1793.62,1777.92,1793.03,111307.396,1698188399999,198815744.10296,140295,55296.277,98778871.65766,0
1698188400000,1793.03,1796.07,1778.94,1784.31,112608.803,1698191999999,201248211.24386,129423,55638.589,99448593.68338,0
1698192000000,1784.30,1794.59,1776.58,1791.97,123527.687,1698195599999,220453407.84824,144648,61475.644,109744440.57034,0
1698195600000,1791.96,1806.38,1791.03,1800.23,144047.543,1698199199999,259206245.12488,168476,73208.498,131749005.65394,0
1698199200000,1800.22,1802.18,1787.25,1792.41,87567.794,1698202799999,157030822.28651,105379,41781.055,74911611.42842,0
1698202800000,1792.41,1794.12,1784.04,1788.46,74084.633,1698206399999,132506051.08812,88839,34799.274,62245532.66921,0
1698206400000,1788.47,1794.92,1784.50,1794.75,56021.727,1698209999999,100266259.11344,68901,29833.358,53398747.04210,0
1698210000000,1794.75,1795.27,1778,1782.44,98681.095,1698213599999,176178274.59590,110899,41205.707,73555061.30940,0
1698213600000,1782.43,1790,1782.21,1787.43,54294.774,1698217199999,97043928.21612,62201,25316.747,45243268.33160,0
1698217200000,1787.43,1790.44,1760.12,1768.85,172360.581,1698220799999,305534974.44123,216486,82135.712,145591501.66069,0
1698220800000,1768.85,1775.27,1759.16,1772.44,111441.132,1698224399999,197112334.40314,141969,56984.888,100800212.11290,0
1698224400000,1772.45,1786.99,1769.30,1777.72,128934.955,1698227999999,229401072.97561,135337,70419.217,125293943.80413,0
1698228000000,1777.71,1783.72,1774.75,1782.50,63618.268,1698231599999,113164890.73450,71545,33924.432,60353677.06536,0
1698231600000,1782.49,1794,1779.67,1785.76,134126.492,1698235199999,239486723.63809,144610,71281.614,127290108.31273,0
1698235200000,1785.76,1792.77,1783.74,1785.79,79105.169,1698238799999,141413909.50207,104852,39541.302,70690290.57561,0
1698238800000,1785.79,1798.63,1778.22,1792.99,158750.833,1698242399999,284063194.28739,190773,77681.701,139023465.42928,0
1698242400000,1792.99,1809.98,1785,1806.40,203682.926,1698245999999,366407080.49906,253527,108154.655,194579068.83584,0
1698246000000,1806.40,1818.55,1794,1806.36,256146.308,1698249599999,462621062.19442,316151,130714.544,236123468.53798,0
1698249600000,1806.35,1815.40,1782.02,1782.68,251195.452,1698253199999,451707216.73816,334289,118704.408,213535225.75057,0
1698253200000,1782.68,1793.17,1778.74,1790.43,97587.710,1698256799999,174392710.17781,144418,50030.911,89421699.07111,0
1698256800000,1790.44,1793.31,1781.34,1790.57,73252.631,1698260399999,130966277.13158,116380,35803.035,64013232.94924,0
1698260400000,1790.58,1792.14,1783.92,1789.46,46266.466,1698263999999,82718971.27321,77599,22879.762,40902591.68266,0
1698264000000,1789.48,1793.25,1784.51,1786.65,58293.104,1698267599999,104309142.89003,95228,29368.463,52550429.48956,0
1698267600000,1786.65,1792.36,1780.96,1788.47,45361.104,1698271199999,81047861.12899,61181,21546.134,38496713.32745,0
1698271200000,1788.47,1796.27,1785.69,1792.13,69316.957,1698274799999,124212819.07659,92235,32701.984,58599059.04346,0
1698274800000,1792.12,1792.72,1774.94,1786.71,118520.614,1698278399999,211376473.85123,144626,52953.150,94440691.67055,0
1698278400000,1786.70,1795.82,1778.67,1791.76,104109.603,1698281999999,186127481.03616,136880,51116.173,91406244.81601,0
1698282000000,1791.76,1797.60,1785.65,1791.79,83382.251,1698285599999,149385996.00773,113887,41668.591,74666607.29128,0
1698285600000,1791.79,1796.85,1787.88,1794.43,51943.280,1698289199999,93138004.86430,75011,25337.301,45435172.30341,0
1698289200000,1794.44,1817.32,1793.71,1816.01,139238.445,1698292799999,251489044.92116,135038,81833.486,147815378.39109,0
1698292800000,1816.01,1817.37,1806.05,1808.45,85571.208,1698296399999,154916297.02107,80795,38009.426,68797912.47522,0
1698296400000,1808.44,1808.45,1797.06,1798.71,69341.416,1698299999999,124998218.07127,88018,32528.084,58637695.48785,0
1698300000000,1798.71,1815,1790.20,1813.61,135484.327,1698303599999,243994634.64380,144550,74360.467,133938375.07811,0
1698303600000,1813.61,1859,1807.02,1850.56,485795.366,1698307199999,893748723.88679,420168,252802.126,464995546.21428,0
1698307200000,1850.57,1872.64,1832.81,1845.34,351602.701,1698310799999,650584396.75568,348693,168605.717,312065765.99254,0
1698310800000,1845.37,1857.97,1835.22,1840.43,166353.912,1698314399999,306935494.58310,199554,82787.767,152781426.99925,0
1698314400000,1840.42,1844.27,1820.51,1831.23,231688.123,1698317999999,424604712.66020,235226,114298.392,209473104.09447,0
1698318000000,1831.22,1834.30,1802.91,1812.89,276204.669,1698321599999,501982976.99827,266461,135043.098,245425190.95435,0
1698321600000,1812.90,1825.08,1812.13,1821.93,148471.193,1698325199999,269977874.99775,147774,77693.032,141287591.51318,0
1698325200000,1821.94,1825.59,1806.50,1807,131420.035,1698328799999,238696066.42845,150620,57120.276,103755042.56993,0
1698328800000,1807.01,1814.52,1763.50,1789.20,494272.912,1698332399999,883940109.34819,431205,231561.110,414256195.88408,0
1698332400000,1789.21,1792.83,1766.20,1778.04,288205.069,1698335999999,512196637.71520,304368,144949.016,257640484.81079,0
1698336000000,1778.05,1780.43,1757.25,1763.83,211850.290,1698339599999,374933159.33510,234024,96329.356,170533515.80350,0
1698339600000,1763.83,1784.90,1762.74,1783.36,127676.100,1698343199999,226756273.22137,131886,70309.795,124882023.24611,0
1698343200000,1783.36,1789.41,1782.61,1783.42,89657.009,1698346799999,160080723.15219,88561,40610.561,72518163.13714,0
1698346800000,1783.43,1794.42,1781.33,1792.51,99629.849,1698350399999,178255753.74291,90057,52804.047,94475158.75884,0
1698350400000,1792.50,1800.99,1790.26,1798.01,90772.375,1698353999999,163104356.02930,95358,45077.413,81001590.68111,0
1698354000000,1798,1802.24,1794.97,1800.17,46326.881,1698357599999,83310447.67555,50236,19858.131,35714641.88921,0
1698357600000,1800.18,1809,1799.73,1807.16,69398.319,1698361199999,125242331.44835,77914,36912.880,66616742.50619,0
1698361200000,1807.17,1811.85,1800.71,1803.30,68009.097,1698364799999,122811321.09119,78138,31273.561,56480634.86885,0
1698364800000,1803.31,1803.92,1792,1795.59,94901.578,1698368399999,170685466.98663,99538,42011.251,75563553.65180,0
1698368400000,1795.59,1797.01,1775.94,1777.71,146790.481,1698371999999,262278756.83278,156429,67072.012,119857370.93090,0
1698372000000,1777.70,1794.93,1772,1789.89,112318.543,1698375599999,200413681.25524,115801,58577.740,104545046.61687,0
1698375600000,1789.89,1792.84,1784.40,1791.26,60306.161,1698379199999,107886402.50074,67272,28237.313,50520980.31597,0
1698379200000,1791.25,1796.94,1784.01,1796,81772.229,1698382799999,146411264.22816,82512,45598.402,81661899.20776,0
1698382800000,1796,1796.52,1786.40,1793.80,66795.019,1698386399999,119686520.74357,77181,33411.548,59869593.38458,0
1698386400000,1793.80,1796.12,1790.15,1795.74,54073.746,1698389999999,96993670.41334,66388,28234.564,50648908.34214,0
1698390000000,1795.74,1796.09,1776,1776.80,101492.850,1698393599999,181107752.14827,100434,42638.383,76080481.63604,0
1698393600000,1776.79,1788.56,1775.89,1785.97,77601.117,1698397199999,138322483.30039,71866,42250.993,75313199.01448,0
1698397200000,1785.97,1791.62,1785.93,1789.86,65671.126,1698400799999,117479980.65630,66525,31842.632,56965174.11654,0
1698400800000,1789.85,1790.47,1782.15,1784.30,49812.167,1698404399999,88964782.43546,50626,21159.455,37790305.65705,0
1698404400000,1784.29,1785.58,1774.88,1781.44,100734.905,1698407999999,179301372.23184,87295,49822.629,88696201.87503,0
1698408000000,1781.43,1797.75,1778.20,1792.75,148606.770,1698411599999,265671982.69644,140075,79146.769,141498984.12618,0
1698411600000,1792.74,1797.53,1790.58,1792.71,94398.494,1698415199999,169353951.11560,98528,46944.108,84225255.82572,0
1698415200000,1792.75,1792.75,1770.30,1774.38,220351.145,1698418799999,391988552.32187,190240,104701.202,186252311.12532,0
1698418800000,1774.38,1789.55,1771.20,1783.32,142176.962,1698422399999,253165381.44144,126896,74406.855,132479041.15223,0
1698422400000,1783.33,1785.30,1770.02,1771.39,86468.296,1698425999999,153652375.47594,88854,38898.317,69115186.10558,0
1698426000000,1771.39,1773.62,1735.50,1761.80,319349.335,1698429599999,561691863.43400,262962,141612.923,249169788.09762,0
1698429600000,1761.80,1771.90,1749.99,1765.52,166158.322,1698433199999,292579909.32024,161259,87175.808,153531690.60798,0
1698433200000,1765.52,1775.54,1764.75,1774.60,64592.100,1698436799999,114394810.56600,80141,33348.122,59065703.68608,0
1698436800000,1774.61,1783.68,1773.99,1781.34,69473.286,1698440399999,123564521.53611,71740,35294.196,62779229.19900,0
1698440400000,1781.34,1783.88,1778.93,1780.95,34387.322,1698443999999,61239044.38749,38698,15436.596,27492381.58171,0
1698444000000,1780.95,1782.04,1775.55,1777.65,42296.189,1698447599999,75241817.74954,44950,20023.590,35619434.94850,0
1698447600000,1777.66,1785.06,1776.21,1780.02,39579.838,1698451199999,70496059.82157,46225,19449.859,34644810.85539,0
1698451200000,1780.03,1784.96,1779.41,1780.29,36939.463,1698454799999,65809417.03528,42616,16545.415,29477710.36118,0
1698454800000,1780.29,1784.57,1779.09,1783.86,34502.752,1698458399999,61473301.49364,40340,17733.141,31596021.72711,0
1698458400000,1783.87,1795,1780.94,1792.28,68139.693,1698461999999,121879510.07146,72849,39503.860,70663896.62398,0
1698462000000,1792.27,1793,1786.01,1790.69,51530.186,1698465599999,92203065.10807,56467,24601.355,44018091.87213,0
1698465600000,1790.70,1791.61,1787.60,1790.76,30278.858,1698469199999,54185042.25109,33990,15158.612,27127666.78646,0
1698469200000,1790.76,1796.60,1787.21,1787.98,47503.106,1698472799999,85121808.02994,54195,22539.747,40397655.65779,0
1698472800000,1787.98,1790.14,1785.80,1786.58,32592.158,1698476399999,58275526.30160,39529,14713.313,26308784.64475,0
1698476400000,1786.58,1789.88,1786.24,1788.23,24750.238,1698479999999,44262544.10677,31438,14376.823,25710040.71910,0
1698480000000,1788.24,1791.84,1785.90,1789.40,29921.116,1698483599999,53534263.30387,37503,15274.082,27329079.35827,0
1698483600000,1789.40,1792,1787.02,1789.64,27522.183,1698487199999,49254981.35621,36549,13898.125,24873261.05919,0
1698487200000,1789.70,1791.56,1789.29,1791.31,21224.445,1698490799999,37997521.32628,27080,9951.943,17815961.71226,0
1698490800000,1791.30,1806.23,1786.67,1788.39,161308.458,1698494399999,289609947.53426,147527,79752.066,143207137.47949,0
1698494400000,1788.39,1790,1775.39,1781.46,119570.555,1698497999999,213211641.54934,109579,57562.863,102647688.94072,0
1698498000000,1781.47,1789.42,1778.49,1788.62,57415.613,1698501599999,102460616.22846,53301,32301.772,57641958.66903,0
1698501600000,1788.62,1792,1785.05,1787.21,47397.093,1698505199999,84755058.45500,47307,23651.352,42296922.87924,0
1698505200000,1787.20,1792.63,1786.90,1791.37,32945.432,1698508799999,58977185.89596,37437,18541.080,33190284.85817,0
1698508800000,1791.36,1791.76,1784.70,1788.24,36882.623,1698512399999,65933086.99941,37783,15355.682,27447150.53593,0
1698512400000,1788.24,1788.44,1784.50,1785.63,16855.243,1698515999999,30105289.39516,22999,6902.624,12328364.64892,0
1698516000000,1785.63,1785.97,1780.81,1784.42,33595.387,1698519599999,59911084.05024,39597,17258.746,30779354.79395,0
1698519600000,1784.41,1784.82,1777.06,1777.70,30021.867,1698523199999,53461143.29498,37169,13421.404,23899410.60746,0
1698523200000,1777.71,1781.37,1776.57,1779.51,28241.727,1698526799999,50246966.50705,35261,14678.478,26115417.84467,0
1698526800000,1779.50,1784.15,1778.09,1783.79,15102.038,1698530399999,26905962.19147,24628,9572.748,17055609.64024,0
1698530400000,1783.79,1783.80,1767.37,1777.38,53977.458,1698533999999,95890027.91284,58403,22280.429,39585416.93395,0
1698534000000,1777.38,1777.81,1771.57,1776.76,36326.032,1698537599999,64499137.16606,39583,17371.534,30843884.64964,0
1698537600000,1776.76,1782.50,1774.13,1778.03,43125.430,1698541199999,76716375.57574,49454,23916.638,42544230.73697,0
1698541200000,1778.03,1779.33,1762.49,1773.89,95560.236,1698544799999,169206749.99671,97478,46179.323,81767435.92387,0
1698544800000,1773.88,1778.87,1771.06,1778.22,27405.245,1698548399999,48650761.27983,34114,14873.415,26408796.74402,0
1698548400000,1778.22,1778.22,1772.55,1775.41,23792.714,1698551999999,42246969.82990,28924,9596.846,17039707.74275,0
1698552000000,1775.41,1779.51,1773.15,1777.45,31435.729,1698555599999,55861180.12389,32589,16682.231,29645630.91742,0
1698555600000,1777.44,1778.85,1774.27,1777.17,19310.787,1698559199999,34314714.96479,23592,7966.587,14156654.71485,0
1698559200000,1777.17,1783.45,1776,1780.52,36062.125,1698562799999,64195835.45544,40103,21618.702,38483091.21087,0
1698562800000,1780.51,1784.68,1780,1783.47,28095.013,1698566399999,50071114.70920,32480,15494.242,27614967.19519,0
1698566400000,1783.48,1789.57,1783.32,1789.56,41610.107,1698569999999,74336555.11444,48389,23488.382,41961428.51109,0
1698570000000,1789.57,1794,1786.56,1789.19,72407.413,1698573599999,129602206.42566,68878,38034.811,68083119.72754,0
1698573600000,1789.19,1789.61,1784.05,1784.77,35541.334,1698577199999,63496840.56881,38133,15859.416,28333379.68108,0
1698577200000,1784.76,1793.67,1784.03,1789.50,56632.419,1698580799999,101378714.03810,50951,33219.046,59461261.67917,0
1698580800000,1789.50,1799.98,1788.36,1799.71,63169.744,1698584399999,113280592.25409,61788,36236.522,64988129.24805,0
1698584400000,1799.71,1802,1792.04,1793.65,84216.647,1698587999999,151273251.82984,89279,39240.371,70494128.87488,0
1698588000000,1793.64,1800.67,1788.80,1795.82,74710.064,1698591599999,134130581.52615,74970,35899.555,64460558.73454,0
1698591600000,1795.81,1798.57,1790.29,1792.62,65435.919,1698595199999,117443119.05784,67260,27836.897,49964596.01467,0
1698595200000,1792.62,1793.95,1786.48,1789.43,43567.068,1698598799999,78020838.95062,48306,18757.755,33594534.24361,0
1698598800000,1789.44,1809.39,1788.38,1794.26,123195.445,1698602399999,221859345.10198,118222,66728.096,120147850.85619,0
1698602400000,1794.27,1802.88,1793.29,1796.26,77891.631,1698605999999,140066852.46252,75665,35562.583,63947703.38315,0
1698606000000,1796.25,1797.41,1789.31,1793.67,46863.381,1698609599999,84007132.93433,54996,23208.461,41604224.76009,0
1698609600000,1793.66,1798.38,1793.66,1798,28954.312,1698613199999,52004074.74796,37175,16516.383,29664997.92825,0
1698613200000,1797.99,1804.91,1791.57,1792.80,46803.618,1698616799999,84244792.45918,54842,20749.813,37347936.57302,0
1698616800000,1792.79,1813.10,1792.70,1805.94,80828.813,1698620399999,145897477.09092,86202,45323.585,81804405.54202,0
1698620400000,1805.95,1806.12,1792.65,1795.49,68501.254,1698623999999,123251869.94317,65857,28811.783,51834819.26290,0
1698624000000,1795.48,1797.89,1789.60,1794.14,52947.134,1698627599999,94975179.95394,59746,26896.492,48250619.95822,0
1698627600000,1794.14,1798.96,1791.36,1792.94,46650.568,1698631199999,83761448.81674,50685,21855.382,39246085.01782,0
1698631200000,1792.93,1794.47,1778.45,1784.92,140205.740,1698634799999,250496829.31158,135091,61771.443,110371964.88379,0
1698634800000,1784.91,1785.70,1779.38,1783.19,40236.728,1698638399999,71752241.21437,49153,19792.791,35297208.37761,0
1698638400000,1783.19,1787.56,1782.12,1786.04,43684.661,1698641999999,77994522.28786,45960,26189.544,46760048.77301,0
1698642000000,1786.05,1788.17,1780.47,1782.20,33394.912,1698645599999,59580120.54325,42803,16889.869,30134755.05394,0
1698645600000,1782.21,1788.24,1778.03,1786.95,65429.377,1698649199999,116694156.47907,63734,33935.878,60538179.70200,0
1698649200000,1786.95,1792.85,1782.91,1787.32,92821.609,1698652799999,165930753.29176,87654,50583.005,90431144.29629,0
1698652800000,1787.32,1824.50,1784.47,1819.59,319100.638,1698656399999,577740178.11026,240903,173178.295,313487896.92518,0
1698656400000,1819.59,1829.12,1817.34,1817.40,174811.979,1698659999999,318710168.45132,157914,86296.769,157362181.72674,0
1698660000000,1817.40,1819.84,1807.90,1814.50,126216.924,1698663599999,229023573.25621,104382,57369.023,104106728.90333,0
1698663600000,1814.44,1819.27,1809.04,1816.29,60705.201,1698667199999,110174918.41254,72054,33278.994,60400842.47602,0
1698667200000,1816.29,1822.99,1805.68,1810.44,121081.161,1698670799999,219747199.61035,115647,58601.941,106375632.54150,0
1698670800000,1810.43,1822.30,1805.80,1820.48,106154.139,1698674399999,192712153.69371,101285,55228.384,100257284.79424,0
1698674400000,1820.47,1832.65,1811.55,1819.70,174253.065,1698677999999,317491643.69072,168505,91078.746,165987189.26172,0
1698678000000,1819.70,1823.94,1814.07,1820.84,63679.110,1698681599999,115885039.16616,73289,31454.100,57247998.06670,0
1698681600000,1820.83,1820.84,1808,1814.09,80711.460,1698685199999,146426292.16912,87863,38670.766,70149758.75193,0
1698685200000,1814.10,1814.54,1776.94,1797.95,277880.680,1698688799999,497950610.54815,243670,125014.111,223979703.15276,0
1698688800000,1797.95,1803.37,1797.13,1800.21,56231.871,1698692399999,101213288.24880,63276,28026.341,50448354.22001,0
1698692400000,1800.22,1805.70,1797.71,1802.64,40959.827,1698695999999,73825714.03368,52057,22497.316,40551938.33189,0
1698696000000,1802.65,1803.25,1797.37,1801.15,52909.461,1698699599999,95239818.56202,47833,22840.570,41112053.25456,0
1698699600000,1801.15,1817.86,1799.85,1812.83,78771.819,1698703199999,142560146.74400,74376,44202.675,79988179.81177,0
1698703200000,1812.83,1813.80,1808.03,1810.35,48617.112,1698706799999,88014439.48535,47356,25091.938,45427119.70461,0
1698706800000,1810.35,1812.27,1807.69,1809.81,37362.328,1698710399999,67609853.48634,40380,16057.904,29058844.40137,0
1698710400000,1809.82,1820.91,1807.98,1813.50,92208.704,1698713999999,167265574.74183,83842,44489.284,80718642.15414,0
1698714000000,1813.51,1814.69,1802.85,1811.94,75216.754,1698717599999,136039587.20817,66117,32306.479,58442500.21479,0
1698717600000,1811.95,1812.90,1798.44,1804.43,81444.390,1698721199999,146997768.65025,78948,36833.214,66475826.95201,0
1698721200000,1804.44,1805.50,1793.88,1795.81,72127.988,1698724799999,129760161.22561,77585,33601.731,60451466.28675,0
1698724800000,1795.80,1800.96,1793.52,1800.35,47379.705,1698728399999,85198476.24809,48586,26152.312,47030073.57334,0
1698728400000,1800.35,1804.98,1796.10,1801.93,45463.753,1698731999999,81899022.70296,52093,24082.186,43387673.70918,0
1698732000000,1801.92,1805.44,1786.24,1795.77,115382.801,1698735599999,207314023.85497,107416,51256.200,92096855.10712,0
1698735600000,1795.76,1798.96,1788.21,1791.26,85911.321,1698739199999,154046775.83354,89856,41675.079,74731244.86305,0
1698739200000,1791.20,1803.95,1782.75,1802.09,139189.608,1698742799999,249701160.52189,138056,67875.732,121804477.90279,0
1698742800000,1802.08,1804.24,1796.96,1802.92,56248.629,1698746399999,101316238.39019,59737,27210.066,49016419.10070,0
1698746400000,1802.91,1805,1799.08,1802.27,46976.664,1698749999999,84674318.14203,50448,20855.182,37594476.13999,0
1698750000000,1802.26,1815,1800.65,1810.16,111518.069,1698753599999,201697484.93809,109940,58881.530,106493684.35617,0
1698753600000,1810.23,1813.63,1795.53,1799.63,130836.895,1698757199999,236043231.56912,128977,58352.685,105263305.22880,0
1698757200000,1799.64,1805.98,1788.56,1794.22,141802.092,1698760799999,254871779.00547,134340,67984.485,122206863.20738,0
1698760800000,1794.22,1801.30,1787.52,1799.90,149218.357,1698764399999,267809670.78479,142914,80086.080,143764021.06453,0
1698764400000,1799.91,1801.77,1781,1792.26,197016.161,1698767999999,352742917.52842,181723,94822.718,169771081.44860,0
1698768000000,1792.26,1807.40,1788.34,1804.31,119948.283,1698771599999,215900893.88818,110588,64618.136,116315685.22604,0
1698771600000,1804.30,1804.99,1798.16,1802.76,65620.451,1698775199999,118229971.31270,59983,31202.763,56225349.97375,0
1698775200000,1802.77,1810,1799.38,1809.50,61622.447,1698778799999,111212415.97858,59130,34159.717,61654952.82585,0
1698778800000,1809.50,1816.09,1806.54,1812.43,88412.195,1698782399999,160102350.06896,88977,42022.901,76113161.68409,0
1698782400000,1812.43,1818.95,1809.72,1814.69,80542.816,1698785999999,146075149.66094,79153,40133.293,72794324.63776,0
1698786000000,1814.70,1815.34,1802.68,1807.15,55204.271,1698789599999,99870247.28043,63858,23880.799,43196438.81964,0
1698789600000,1807.15,1814.77,1805.55,1809.93,44870.799,1698793199999,81226600.43888,47712,23799.574,43084544.92092,0
1698793200000,1809.92,1817.81,1808.19,1815.67,51701.963,1698796799999,93763244.25098,51720,30226.414,54822465.16514,0
1698796800000,1815.66,1831.28,1812.82,1819.35,182721.281,1698800399999,333061573.75741,164222,98117.932,178850619.76018,0
1698800400000,1819.37,1820.80,1812.04,1814.13,74313.111,1698803999999,134995208.19332,67682,32956.299,59873151.42268,0
1698804000000,1814.13,1815,1809,1811.79,49776.382,1698807599999,90207000.85502,52596,24503.122,44410199.84377,0
1698807600000,1811.79,1813.35,1808.61,1810.90,44851.865,1698811199999,81225777.65435,46627,21292.494,38562988.70164,0
1698811200000,1810.90,1811.38,1807.70,1809.56,30824.440,1698814799999,55789707.08551,35642,15365.811,27812300.44876,0
1698814800000,1809.57,1809.75,1800.74,1801.25,75769.887,1698818399999,136729861.16669,74967,38682.481,69805342.97035,0
1698818400000,1801.24,1805.09,1798.01,1805.09,72342.247,1698821999999,130339594.41129,63146,37457.944,67498053.70797,0
1698822000000,1805.08,1811.35,1802.53,1805.44,67615.380,1698825599999,122178969.97554,60922,36017.965,65085640.34324,0
1698825600000,1805.44,1809.14,1803.53,1805.85,39727.245,1698829199999,71761791.24552,42023,19571.634,35355511.16580,0
1698829200000,1805.85,1808.44,1803.25,1806.49,43243.121,1698832799999,78067017.59737,43664,22524.761,40664092.30758,0
1698832800000,1806.48,1806.78,1792.81,1796.41,101178.887,1698836399999,181998344.74328,86512,47023.533,84579847.81793,0
1698836400000,1796.40,1802.65,1793.62,1800.71,86642.590,1698839999999,155728158.38766,70195,46858.467,84235761.72840,0
1698840000000,1800.71,1820,1794.14,1817.39,199738.359,1698843599999,361134915.66065,155971,105631.829,190987491.52235,0
1698843600000,1817.39,1829,1790,1802.67,462241.118,1698847199999,836115742.50437,362422,210846.317,381463925.38910,0
1698847200000,1802.67,1809.03,1782.73,1786.53,267423.124,1698850799999,480161124.90181,224485,123119.136,221108949.13723,0
1698850800000,1786.53,1795.26,1786.20,1792.94,98472.585,1698854399999,176424589.83684,110624,50270.562,90067614.61342,0
1698854400000,1792.95,1803.76,1792.55,1797.77,98719.262,1698857999999,177474832.44404,90047,49155.710,88381564.61636,0
1698858000000,1797.75,1810.56,1795.04,1808.58,97450.357,1698861599999,175656246.71685,92823,48564.037,87564475.59635,0
1698861600000,1808.58,1837.50,1804.07,1821.19,359986.485,1698865199999,654799052.82613,312073,181401.430,330096098.06121,0
1698865200000,1821.20,1853.32,1818.14,1836.87,382840.121,1698868799999,703077883.40534,343506,195771.927,359601382.37233,0
1698868800000,1836.86,1859.84,1836.67,1857.37,290625.203,1698872399999,537020270.99551,246493,159538.129,294792968.17332,0
1698872400000,1857.38,1861.63,1838.19,1844.97,224927.644,1698875999999,415982578.04781,211559,107452.006,198759070.43577,0
1698876000000,1844.98,1859.62,1839.36,1844.57,159136.299,1698879599999,294418694.25964,142134,76016.721,140654112.53117,0
1698879600000,1844.56,1851.80,1839.72,1848.20,86103.152,1698883199999,158957753.51732,91064,43071.924,79518380.30318,0
1698883200000,1848.20,1853.95,1841.20,1848.72,104664.343,1698886799999,193383697.17783,111483,51128.616,94475790.05908,0
1698886800000,1848.73,1869.20,1848.73,1856.86,179560.505,1698890399999,333931977.31313,169803,96972.405,180347322.60091,0
1698890400000,1856.87,1871.67,1852.01,1867.16,156422.518,1698893999999,291201328.30954,148961,78340.719,145845462.25211,0
1698894000000,1867.15,1876.26,1858.42,1859.71,179169.599,1698897599999,334621633.29434,170511,90268.110,168636724.12467,0
1698897600000,1859.72,1861.38,1851,1852,87186.742,1698901199999,161880036.97852,85104,36800.161,68338540.07436,0
1698901200000,1852.01,1853.81,1835.76,1835.94,186682.770,1698904799999,344180227.25231,168645,87539.753,161419334.84872,0
1698904800000,1835.94,1841.50,1830.96,1836.01,161779.956,1698908399999,297199620.54794,126048,78865.730,144890114.92789,0
1698908400000,1836,1839.90,1828.55,1836.13,81092.465,1698911999999,148863566.79361,79820,41695.393,76552027.20411,0
1698912000000,1836.13,1836.13,1821.10,1833.33,146161.248,1698915599999,267243488.13629,133953,69821.091,127663009.91991,0
1698915600000,1833.34,1835.88,1827.72,1834.78,65885.610,1698919199999,120770350.35326,68031,31196.687,57185624.48350,0
1698919200000,1834.77,1839.06,1832.26,1835.15,69037.607,1698922799999,126760574.90903,63073,31894.989,58566695.47461,0
1698922800000,1835.14,1841.78,1832.67,1837.14,58592.966,1698926399999,107652128.96573,53233,29596.807,54382908.54687,0
1698926400000,1837.14,1844.29,1831.94,1836.40,91219.384,1698929999999,167663658.04413,77050,45433.984,83516679.64180,0
1698930000000,1836.40,1838.33,1811.08,1824.51,237997.862,1698933599999,434892048.33647,200204,114608.613,209479948.00789,0
1698933600000,1824.51,1826.98,1806.49,1816.05,209470.029,1698937199999,380667482.02618,190266,96572.198,175560603.35845,0
1698937200000,1816.04,1816.27,1800.27,1803.51,194873.211,1698940799999,352180255.43404,187705,89751.932,162198677.51767,0
1698940800000,1803.51,1809.22,1784,1801,274787.394,1698944399999,493802553.02680,241008,122739.525,220617764.57029,0
1698944400000,1801,1805.62,1793.50,1805.09,84910.249,1698947999999,152818023.26130,88538,41602.661,74881920.89120,0
1698948000000,1805.10,1808.76,1800,1806.88,73652.457,1698951599999,132930210.99949,67830,36118.323,65195569.79575,0
1698951600000,1806.87,1812.74,1804.79,1812.49,46313.024,1698955199999,83787180.57757,54940,22937.272,41497057.94194,0
1698955200000,1812.49,1813.72,1797.76,1804.44,85098.444,1698958799999,153682240.77459,88974,37894.259,68437231.09506,0
1698958800000,1804.45,1806.05,1799.34,1803.39,32054.774,1698962399999,57774941.46972,43328,15167.913,27336707.40842,0
1698962400000,1803.38,1803.38,1792.85,1795.94,51071.253,1698965999999,91796541.72677,63734,24134.181,43381033.53602,0
1698966000000,1795.93,1802,1791.84,1800.68,45082.656,1698969599999,81033597.87658,62827,22930.074,41215882.27599,0
1698969600000,1800.68,1803.10,1778.50,1786.62,170227.102,1698973199999,304597110.17062,172862,77989.335,139603293.06536,0
1698973200000,1786.62,1792.30,1775.36,1789.07,130766.916,1698976799999,233441737.57954,153714,62777.948,112097692.78609,0
1698976800000,1789.06,1797.97,1787.28,1797.21,67720.750,1698980399999,121511897.70062,85373,34519.752,61938923.55656,0
1698980400000,1797.21,1800.31,1795.14,1798.29,49869.970,1698983999999,89670588.95754,60361,25451.982,45767122.56583,0
1698984000000,1798.28,1799.64,1787.37,1791.74,81752.629,1698987599999,146578128.30728,90098,35462.285,63580252.26547,0
1698987600000,1791.74,1799.36,1788.34,1798.60,60902.127,1698991199999,109296942.27158,72617,35228.164,63226609.77111,0
1698991200000,1798.61,1802.01,1794.56,1795.67,55443.023,1698994799999,99729579.90559,56648,28365.823,51029911.55070,0
1698994800000,1795.67,1801.28,1794.06,1798.74,47750.489,1698998399999,85866946.46467,53013,23482.113,42229658.26160,0
1698998400000,1798.74,1804.82,1788.41,1796.56,114229.593,1699001999999,205369005.88503,116039,56949.065,102399719.34292,0
1699002000000,1796.56,1797.81,1785.25,1789.64,86263.555,1699005599999,154597406.47225,97072,38574.608,69143393.67451,0
1699005600000,1789.65,1789.98,1780.51,1788.35,113863.495,1699009199999,203321751.07060,122842,56688.878,101236491.31699,0
1699009200000,1788.34,1790.83,1783.83,1789.95,54443.015,1699012799999,97315380.73173,61702,27759.631,49619810.01703,0
1699012800000,1789.95,1801.10,1784.79,1796.31,123535.594,1699016399999,221553275.53108,119631,64577.172,115828235.07939,0
1699016400000,1796.31,1809,1794.37,1808.25,99871.490,1699019999999,179822189.22861,103969,55417.064,99796457.68498,0
1699020000000,1808.26,1814.29,1801.30,1806.28,159635.928,1699023599999,288608319.83511,155765,75898.120,137241924.85914,0
1699023600000,1806.28,1814.37,1802.39,1812.79,84364.046,1699027199999,152601029.90382,81300,44371.916,80275340.01686,0
1699027200000,1812.79,1819.57,1807.95,1816.25,186883.641,1699030799999,338992690.96991,152447,89924.146,163130450.12524,0
1699030800000,1816.25,1816.81,1798.14,1805.90,115279.102,1699034399999,208328280.32870,115407,50567.417,91376011.42124,0
1699034400000,1805.90,1824.37,1802.27,1815.14,150787.966,1699037999999,273750859.62398,124865,80574.702,146289863.30006,0
1699038000000,1815.13,1820.11,1810.02,1816.89,56121.645,1699041599999,101875476.85616,61906,29144.726,52906433.01161,0
1699041600000,1816.90,1832.40,1814.68,1828,125286.261,1699045199999,228851824.15612,117717,69658.639,127244544.99575,0
1699045200000,1827.99,1831.82,1826.30,1826.78,44597.075,1699048799999,81558841.35568,47817,19238.930,35184640.81543,0
1699048800000,1826.79,1831.26,1824.62,1831.04,44082.864,1699052399999,80550607.41400,46764,21740.476,39726983.48498,0
1699052400000,1831.04,1834.32,1828.09,1832.49,60968.653,1699055999999,111667620.57034,63156,30553.285,55961799.79433,0
1699056000000,1832.49,1833.82,1825,1828.15,61866.426,1699059599999,113105983.15880,59927,28130.322,51422831.44089,0
1699059600000,1828.15,1836.98,1823.32,1834.87,59980.354,1699063199999,109783195.67808,57754,33977.906,62215504.45122,0
1699063200000,1834.87,1840,1830.64,1832.27,81332.664,1699066799999,149298603.27915,79841,39580.182,72673794.08434,0
1699066800000,1832.28,1835.30,1829.88,1834.72,32439.138,1699070399999,59426848.04838,38430,16097.250,29491602.95753,0
1699070400000,1834.71,1835,1828.60,1829.57,31568.956,1699073999999,57803718.19668,36089,12009.982,21990699.30546,0
1699074000000,1829.57,1831,1825.56,1831,42882.022,1699077599999,78385207.53272,45411,21467.359,39242995.35518,0
1699077600000,1830.99,1838.94,1830.54,1832.23,94275.993,1699081199999,172901834.13443,79543,45344.320,83166382.23328,0
1699081200000,1832.22,1840,1832.11,1833.77,60544.528,1699084799999,111184518.48850,62378,31819.553,58436614.59193,0
1699084800000,1833.77,1843.97,1830.46,1839.95,75531.667,1699088399999,138808416.49596,82732,40760.937,74923347.78683,0
1699088400000,1839.96,1847.99,1838.49,1838.85,102060.540,1699091999999,188116805.54204,89729,47720.852,87977557.51098,0
1699092000000,1838.85,1847.81,1835.29,1840.51,62551.344,1699095599999,115217676.90634,66058,31343.846,57739418.49908,0
1699095600000,1840.51,1845.20,1836.12,1837.38,48851.043,1699099199999,89902619.69870,50973,21067.279,38777634.43403,0
1699099200000,1837.37,1840.99,1836.01,1837.99,39189.844,1699102799999,72047285.42682,39431,19883.266,36556109.17672,0
1699102800000,1837.99,1838.64,1831,1835.62,47448.517,1699106399999,87090093.84373,48220,21186.675,38887820.08196,0
1699106400000,1835.61,1837.30,1831.03,1832.89,40901.771,1699109999999,75013818.87572,44939,20503.431,37603430.18038,0
1699110000000,1832.88,1833.96,1827.92,1832.01,46492.271,1699113599999,85111472.51557,55470,23565.409,43139278.61953,0
1699113600000,1832.01,1838.49,1831.21,1833.46,40182.496,1699117199999,73734627.34551,43853,21548.862,39540632.75420,0
1699117200000,1833.46,1839.36,1833.17,1839.01,24858.731,1699120799999,45659735.74733,30994,13508.210,24811739.36584,0
1699120800000,1839,1840.97,1834.88,1840.23,31720.032,1699124399999,58305903.92518,33017,18074.816,33226247.47905,0
1699124400000,1840.22,1840.50,1835.03,1835.72,16847.434,1699127999999,30956337.11024,23837,8756.079,16088327.68596,0
1699128000000,1835.73,1839.30,1834.26,1837.76,17134.301,1699131599999,31479746.53418,20487,8349.907,15339325.12766,0
1699131600000,1837.75,1847.68,1837.74,1842.51,40928.697,1699135199999,75443183.45353,43472,21778.066,40143490.88392,0
1699135200000,1842.50,1858.44,1842.50,1858.22,103553.708,1699138799999,191630460.73435,99808,57035.049,105564687.02161,0
1699138800000,1858.23,1870.68,1853.98,1856.08,165592.171,1699142399999,308341014.40336,147296,84798.378,157935988.55210,0
1699142400000,1856.08,1857.62,1846.21,1851.20,77795.546,1699145999999,144031588.33103,77847,37275,69014068.96780,0
1699146000000,1851.20,1857.41,1849.35,1855.14,51522.947,1699149599999,95489609.18750,52638,29016.494,53779995.88437,0
1699149600000,1855.13,1855.76,1846.56,1855.39,51890.854,1699153199999,96062377.99206,48646,24435.281,45234799.44752,0
1699153200000,1855.40,1896.50,1854.30,1889.85,285740.089,1699156799999,535730512.51689,229316,169143.830,317092220.21977,0
1699156800000,1889.84,1891.12,1878.20,1883.52,155008.280,1699160399999,292050405.89401,131717,71973.046,135594787.65078,0
1699160400000,1883.51,1895.37,1881.04,1887.62,125613.700,1699163999999,237319632.37141,113354,65651.872,124037212.57907,0
1699164000000,1887.63,1888.42,1876.70,1880.02,72680.486,1699167599999,136827951.39940,72549,30700.985,57792630.55242,0
1699167600000,1880.03,1889,1878.77,1885.81,66662.442,1699171199999,125557178.12730,57084,38874.587,73232017.28253,0
1699171200000,1885.82,1898.96,1878.40,1880.58,144999.877,1699174799999,273666584.78811,123767,70815.385,133703156.15648,0
1699174800000,1880.59,1891.27,1878.48,1890,71241.859,1699178399999,134327837.43522,68900,37135.979,70028625.89465,0
1699178400000,1890,1890.31,1883.20,1889.16,59999.359,1699181999999,113215195.31936,51063,28474.990,53732102.85424,0
1699182000000,1889.16,1895.92,1884,1888.80,91295.782,1699185599999,172537013.48940,82843,44602.745,84309218.39161,0
1699185600000,1888.87,1902.72,1885.17,1892.27,210069.613,1699189199999,398084045.76926,176967,112938.082,214044090.00502,0
1699189200000,1892.27,1897.32,1865,1871.31,210441.945,1699192799999,395744028.16651,175734,94510.875,177777904.45778,0
1699192800000,1871.23,1881.60,1867,1878.27,155558.373,1699196399999,291761989.85115,141181,80852.538,151662566.78113,0
1699196400000,1878.26,1881.29,1868.09,1874.91,74215.124,1699199999999,139154574.63632,81149,33378.057,62599579.00735,0
1699200000000,1874.91,1884,1873.51,1883.50,62294.493,1699203599999,117118077.79393,66966,35322.247,66408182.42303,0
1699203600000,1883.50,1914.96,1882,1901.12,320892.227,1699207199999,609989473.78703,256684,170027.863,323219875.34512,0
1699207200000,1901.11,1906,1892.95,1894.19,98700.658,1699210799999,187463036.16606,97739,43511.935,82647604.24866,0
1699210800000,1894.19,1898.88,1887.25,1889.17,71637.026,1699214399999,135596379.95776,68580,33193.050,62850174.74988,0
1699214400000,1889.18,1895.07,1882.01,1886.68,57709.293,1699217999999,109001031.91932,57199,28388.678,53634891.35282,0
1699218000000,1886.68,1888.49,1852.91,1867.70,215080.962,1699221599999,402320694.10178,168221,97030.087,181530031.59213,0
1699221600000,1867.70,1887.83,1866.39,1886.16,93753.856,1699225199999,175905304.16976,84831,50996.870,95695303.01307,0
1699225200000,1886.16,1912.97,1885.99,1892.49,224195.854,1699228799999,425747964.52677,195645,116456.086,221191424.51603,0
1699228800000,1892.49,1898.84,1888.75,1895.84,78018.102,1699232399999,147750583.87797,87481,39989.114,75737059.57522,0
1699232400000,1895.85,1901.40,1884.03,1886.68,90341.126,1699235999999,170992133.14646,90842,40684.599,77017968.15468,0
1699236000000,1886.68,1891.50,1881.18,1886.36,58301.887,1699239599999,109949702.36348,58333,29003.474,54699480.13391,0
1699239600000,1886.35,1889.60,1880.99,1887.98,61659.559,1699243199999,116281117.14539,61425,33913.990,63962591.60412,0
1699243200000,1888,1890.54,1874.20,1879.19,86841.446,1699246799999,163366602.35443,84374,42348.691,79668438.98831,0
1699246800000,1879.20,1884,1869.13,1874.96,112610.497,1699250399999,211121357.46467,102291,53968.524,101194897.06160,0
1699250400000,1874.96,1879.97,1873,1878.61,46082.711,1699253999999,86497409.93714,48138,22433.306,42107903.60768,0
1699254000000,1878.61,1881.96,1875.60,1879,43563.794,1699257599999,81845889.77291,45408,20751.127,38988587.11445,0
1699257600000,1879,1886.67,1873.43,1885.41,61289.813,1699261199999,115209556.04496,62001,32573.034,61244286.57867,0
1699261200000,1885.42,1890.95,1883.34,1888.58,94076.668,1699264799999,177562055.63874,79630,51454.138,97120310.55652,0
1699264800000,1888.58,1899.87,1887.12,1895.98,113790.445,1699268399999,215566868.05670,105151,56429.779,106898640.65302,0
1699268400000,1895.97,1899.62,1891.15,1899.39,65151.155,1699271999999,123522652.97927,68567,30813.521,58428430.77260,0
1699272000000,1899.39,1907.50,1891.95,1906.61,138189.370,1699275599999,262645885.53824,126755,72698.242,138192724.72917,0
1699275600000,1906.60,1912.70,1888.77,1898.10,205705.422,1699279199999,390967238.93842,190748,97308.927,184982338.08697,0
1699279200000,1898.10,1916.80,1897.65,1913.96,247254.781,1699282799999,471817147.39174,219882,126125.131,240699454.34209,0
1699282800000,1913.96,1914.11,1900.91,1901.88,137801.187,1699286399999,262847025.02345,127993,61614.354,117524716.77069,0
1699286400000,1901.89,1904.13,1891.73,1894.14,146502.642,1699289999999,277905242.44127,124361,69669.930,132159319.03157,0
1699290000000,1894.15,1900.08,1887.15,1897.68,105944.078,1699293599999,200647488.55738,89154,53353.054,101063124.89460,0
1699293600000,1897.68,1899.99,1886.08,1893.81,112803.460,1699297199999,213564695.37291,90391,53005.586,100359544.45433,0
1699297200000,1893.81,1904.98,1891.51,1902.62,72921.602,1699300799999,138430515.28841,64989,39385.487,74764218.39020,0
1699300800000,1902.62,1903.53,1891.69,1895.63,56824.649,1699304399999,107722959.67016,54842,24821.892,47047330.09462,0
1699304400000,1895.69,1895.69,1881.30,1892.68,85635.997,1699307999999,161774531.72437,82638,40712.585,76911493.38897,0
1699308000000,1892.68,1904.88,1892.42,1903.87,53204.455,1699311599999,101013885.54910,53905,28497.981,54105596.82612,0
1699311600000,1903.87,1907.87,1894.10,1901.71,85603.727,1699315199999,162743653.00172,86737,41419.265,78743858.77993,0
1699315200000,1901.72,1904.69,1885.18,1892.33,142838.461,1699318799999,270578710.92082,127842,68665.775,130080545.12103,0
1699318800000,1892.33,1897.69,1889.28,1894.03,61377.021,1699322399999,116176869.20806,69112,30621.153,57964407.45501,0
1699322400000,1894.03,1896.54,1880.07,1881.32,94152.621,1699325999999,177634964.18925,95838,40451.273,76326697.84488,0
1699326000000,1881.32,1891,1877.94,1891,74899.261,1699329599999,141246343.88013,78768,38749.407,73091762.31091,0
1699329600000,1890.99,1895.96,1886.33,1894.07,59562.761,1699333199999,112615518.97870,58394,30013.451,56753267.79879,0
1699333200000,1894.08,1897.54,1889.53,1895.32,40373.772,1699336799999,76450555.26130,50777,19112.179,36193200.39750,0
1699336800000,1895.31,1896.57,1890.59,1894.61,35864.695,1699340399999,67915418.89845,37209,16112.609,30511710.40454,0
1699340400000,1894.61,1895.64,1887.46,1892.59,42048.612,1699343999999,79527146.31982,44630,20284.488,38368607.29988,0
1699344000000,1892.59,1895.72,1887.27,1889.25,50540.346,1699347599999,95580941.90794,50924,21766.167,41163370.82856,0
1699347600000,1889.24,1889.84,1875,1875.69,139773.376,1699351199999,262997850.83480,127727,65983.382,124173291.41099,0
1699351200000,1875.60,1880.96,1866.83,1870.10,202249.857,1699354799999,378899658.94427,177035,93668.131,175520388.05561,0
1699354800000,1870.09,1877.76,1868.12,1873.98,84606.236,1699358399999,158557489.15336,76701,42587.950,79810569.03193,0
1699358400000,1873.99,1880.78,1867.77,1877.89,79759.827,1699361999999,149547946.11024,78995,41395.088,77619112.01939,0
1699362000000,1877.89,1878.66,1866.68,1873.90,91537.148,1699365599999,171343262.47026,82396,43833.841,82047885.58440,0
1699365600000,1873.91,1880.04,1870.69,1877.61,98641.496,1699369199999,185062038.03063,87409,55180.194,103531130.23855,0
1699369200000,1877.62,1878.34,1857.04,1863.85,182891.254,1699372799999,341194130.04790,164678,81110.119,151331703.46187,0
1699372800000,1863.85,1868.29,1855.62,1859.02,130971.932,1699376399999,243917907.74093,109283,61343.775,114243264.90215,0
1699376400000,1859.02,1875,1850.10,1873.71,210546.494,1699379999999,392110092.64461,162138,110141.237,205226117.16093,0
1699380000000,1873.70,1897.91,1873.18,1894.59,363429.424,1699383599999,686508636.08591,275007,189421.067,357823626.19574,0
1699383600000,1894.59,1901.76,1890.12,1895.18,130760.811,1699387199999,247904865.04227,119858,64180.112,121691996.34667,0
1699387200000,1895.19,1908.47,1891.48,1902.18,133271.749,1699390799999,253280468.30540,117782,70582.850,134160641.29268,0
1699390800000,1902.15,1903.64,1892.49,1893.10,72654.198,1699394399999,137851172.55246,81164,34567.222,65583894.91960,0
1699394400000,1893.11,1893.52,1872.31,1880,167846.486,1699397999999,315957080.08504,129906,78424.332,147623253.98194,0
1699398000000,1880.01,1889.58,1878,1885.79,57056.636,1699401599999,107546847.81961,55929,30817.929,58092958.68855,0
1699401600000,1885.79,1888.35,1880.70,1888.11,57012.286,1699405199999,107462789.32107,55732,27639.731,52097177.78180,0
1699405200000,1888.10,1893.61,1886.04,1889.06,41129.088,1699408799999,77729507.74223,44689,21973.242,41529148.38728,0
1699408800000,1889.06,1893.07,1886.35,1888.12,33957.711,1699412399999,64187644.32581,39175,14720.003,27826104.51871,0
1699412400000,1888.12,1889.27,1880.53,1883.09,50491.889,1699415999999,95152630.70120,46875,22991.960,43322078.52028,0
1699416000000,1883.09,1887.34,1880.78,1885.92,34598.887,1699419599999,65176185.42435,36387,20487.134,38594170.46539,0
1699419600000,1885.91,1887.59,1876.80,1879.65,51759.485,1699423199999,97341537.84425,45546,23239.981,43707660.02061,0
1699423200000,1879.65,1880.92,1873.13,1879.36,53612.678,1699426799999,100666843.90941,55318,25600.757,48073535.90218,0
1699426800000,1879.36,1881.41,1874.34,1875.46,40552.363,1699430399999,76160776.47605,41919,20989.434,39423658.28133,0
1699430400000,1875.46,1881.91,1874.04,1878.70,45081.192,1699433999999,84702915.00395,48990,22825.210,42882217.78986,0
1699434000000,1878.69,1886.58,1878.19,1884.81,47171.312,1699437599999,88801669.54330,45937,27712.609,52172174.09294,0
1699437600000,1884.80,1889.82,1882.91,1886.40,64562.727,1699441199999,121777123.33475,60150,31007.168,58487031.80656,0
1699441200000,1886.40,1887.30,1881.10,1881.10,41412.493,1699444799999,78000693.20689,41015,17317.885,32619143.02780,0
1699444800000,1881.11,1888.63,1881.10,1885.44,42835.200,1699448399999,80761160.90839,40624,20619.756,38874917.97582,0
1699448400000,1885.44,1890.81,1881.62,1889.64,65786.651,1699451999999,124013629.29943,52245,30033.093,56628262.12689,0
1699452000000,1889.64,1893.51,1883.03,1886.95,83417.502,1699455599999,157545165.32759,79745,40018.207,75577978.50861,0
1699455600000,1886.94,1890.40,1880.10,1889.62,78616.966,1699459199999,148206092.69156,79198,37897.178,71447354.09030,0
1699459200000,1889.62,1902.50,1887.09,1900.28,126605.141,1699462799999,240022682.48664,119398,68020.858,128967673.58782,0
1699462800000,1900.28,1902,1890,1892.95,81583.994,1699466399999,154573467.61490,82726,34008.958,64433333.52678,0
1699466400000,1892.94,1904.98,1891.25,1901.23,84172.430,1699469999999,159875089.41469,79393,44026.348,83622830.17543,0
1699470000000,1901.23,1906.20,1895.12,1900.04,90206.494,1699473599999,171444920.68034,89845,44525.866,84636226.86477,0
1699473600000,1900.04,1902.14,1890.39,1896.23,61047.196,1699477199999,115748710.01679,64017,28644.884,54309120.43861,0
1699477200000,1896.22,1906.01,1883.02,1887.24,179625.083,1699480799999,339973047.45796,151480,87034.315,164764731.28440,0
1699480800000,1887.25,1896.99,1886.85,1891.47,100835.629,1699484399999,190755501.11404,97909,50446.642,95431116.09849,0
1699484400000,1891.47,1899.23,1888,1888.42,115646.080,1699487999999,218868854.84704,101183,57877.127,109543499.75842,0
1699488000000,1888.42,1904.16,1881.79,1898.71,153062.552,1699491599999,289754462.97383,134200,78138.314,147977318.09938,0
1699491600000,1898.70,1907.99,1891.84,1901.28,132205.898,1699495199999,251281298.68361,115031,67717.433,128737523.64914,0
1699495200000,1901.28,1930,1898.95,1918.47,327634.745,1699498799999,628103594.55775,253933,178090.585,341419570.77523,0
1699498800000,1918.47,1924.79,1908.85,1919.66,181010.888,1699502399999,347039927.12175,136150,91986.222,176371435.62053,0
1699502400000,1919.65,1930.70,1916.78,1924.36,131562.746,1699505999999,253070657.21975,124586,69531.146,133769426.11137,0
1699506000000,1924.37,1925.17,1916,1918.46,83919.091,1699509599999,161109743.47193,84132,39018.141,74904433.23849,0
1699509600000,1918.46,1929.64,1918.38,1927.34,86587.542,1699513199999,166687253.36436,85373,43760.973,84242123.98577,0
1699513200000,1927.34,1929.55,1910.01,1912.50,164998.118,1699516799999,316476480.43564,131529,73891.406,141730727.25144,0
1699516800000,1912.49,1919.36,1911,1916.66,85891.973,1699520399999,164482891.92324,72012,44862.740,85924266.30989,0
1699520400000,1916.66,1918.63,1907.54,1916.47,119863.796,1699523999999,229366711.41278,93356,60934.010,116596991.75655,0
1699524000000,1916.47,1920.64,1910.35,1912.81,110634.912,1699527599999,211871299.82969,102972,56437.849,108098667.63134,0
1699527600000,1912.81,1914,1904.49,1913.91,125533.136,1699531199999,239649160.63206,100018,61709.653,117822970.98003,0
1699531200000,1913.91,1918.80,1911.27,1912.99,100066.403,1699534799999,191608518.80622,93608,48148.289,92199354.05885,0
1699534800000,1912.99,1923,1908.45,1921.14,124457.313,1699538399999,238438858.66756,113346,67010.405,128394581.11934,0
1699538400000,1921.15,2012.50,1920.62,1990,931172.797,1699541999999,1823000787.21215,654719,515319.056,1008982148.60364,0
1699542000000,1990,2065,1988.77,2039.56,1759249.605,1699545599999,3572332720.42752,1175814,911494.585,1850602242.71417,0
1699545600000,2039.55,2053.36,1973,2018.61,1199417.528,1699549199999,2414718881.66770,896531,589624.716,1187312976.96205,0
1699549200000,2018.57,2031.51,2005.05,2025.85,297131.720,1699552799999,600304124.78851,301317,149606.139,302288648.33790,0
1699552800000,2025.85,2026.90,2000,2001.63,171556.718,1699556399999,345306700.67860,188952,82849.605,166777226.27764,0
1699556400000,2001.64,2022.18,1995,2019.79,193842.368,1699559999999,388859178.26174,182276,101384.863,203441043.78433,0
1699560000000,2019.78,2037.21,2012.05,2036.90,201750.923,1699563599999,408463447.88198,189867,100795.038,204095216.41206,0
1699563600000,2036.89,2092.96,2033,2059.89,603699.283,1699567199999,1246479336.49050,462960,320754.746,662441658.59065,0
1699567200000,2059.90,2119.61,2058.01,2096.32,418111.128,1699570799999,874490819.94730,374267,224121.068,468834902.00680,0
1699570800000,2096.33,2134.30,2088.56,2122.92,398767.302,1699574399999,843110762.68533,347537,207098.544,437981632.69311,0
1699574400000,2122.92,2130.99,2097.08,2101.81,309392.549,1699577999999,653811279.08431,284753,145449.314,307377666.72326,0
1699578000000,2101.81,2120,2096.06,2110.72,153687.298,1699581599999,324200613.68479,152523,82362.326,173778837.99396,0
1699581600000,2110.71,2126.68,2105.40,2125.79,127729.688,1699585199999,270380278.77648,135969,67656.078,143241723.02267,0
1699585200000,2125.80,2129.86,2111.62,2123,144481.298,1699588799999,306382541.59958,164028,66289.836,140590063.34726,0
1699588800000,2122.99,2139.60,2112.39,2134.26,194786.441,1699592399999,414182788.68114,184983,101421.559,215702103.30257,0
1699592400000,2134.27,2137.99,2122,2124.69,170603.601,1699595999999,363354630.32690,178052,84712.651,180432480.74600,0
1699596000000,2124.69,2126.43,2107.87,2110.84,137344.935,1699599599999,290515312.06144,149129,59748.240,126383840.87430,0
1699599600000,2110.84,2114.30,2102.40,2104.64,141032.890,1699603199999,297287351.17931,146817,71133.623,149960326.78766,0
1699603200000,2104.64,2109.07,2084.31,2099.99,224729.343,1699606799999,471107864.02521,229582,110229.792,231125704.51776,0
1699606800000,2099.99,2107.06,2095.57,2105.31,89719.335,1699610399999,188544376.46321,106260,48340.178,101593981.26158,0
1699610400000,2105.30,2105.89,2085.10,2091.23,142260.391,1699613999999,298002126.11406,131742,59634.901,124945824.42923,0
1699614000000,2091.24,2111.02,2090.52,2098.14,191001.622,1699617599999,401416985.96329,198937,101361.772,213037841.23424,0
1699617600000,2098.14,2100.70,2072.53,2086.65,250106.374,1699621199999,521533322.32372,239133,113040.411,235736785.96232,0
1699621200000,2086.66,2097,2073.30,2075.57,170928.095,1699624799999,356576956.35404,178616,83839.874,174938971.05754,0
1699624800000,2075.57,2086.61,2066,2080.99,247461.651,1699628399999,513922303.37345,246284,121888.862,253194059.63012,0
1699628400000,2080.99,2096.60,2079.47,2091.11,154516.439,1699631999999,322703708.27223,164717,80144.352,167396412.01967,0
1699632000000,2091.11,2105.06,2090.20,2097.61,179300.550,1699635599999,376299720.51896,167493,96159.247,201829182.09201,0
1699635600000,2097.62,2103,2089.28,2098.10,92234.157,1699639199999,193372984.26218,103653,45725.329,95867391.15299,0
1699639200000,2098.10,2105.07,2092.56,2096.20,80893.964,1699642799999,169799377.07749,90638,42613.536,89450376.47456,0
1699642800000,2096.21,2100.50,2086.50,2089.42,77662.471,1699646399999,162602629.32075,79909,35707.044,74778807.38598,0
1699646400000,2089.42,2091.60,2083.03,2088.82,60402.983,1699649999999,126084804.61103,71012,31847.010,66478243.66729,0
1699650000000,2088.81,2101.30,2087.47,2093.45,66138.122,1699653599999,138552750.33206,70471,37824.745,79241785.23741,0
1699653600000,2093.44,2095.15,2070.31,2082.89,112441.912,1699657199999,234326386.98971,105782,46633.690,97193519.70153,0
1699657200000,2082.89,2094.27,2075.63,2079.10,126371.799,1699660799999,263258996.03848,108366,62419.406,130025633.46154,0
1699660800000,2079.10,2086.29,2073.61,2078.17,87374.940,1699664399999,181745013.61434,97426,46976.122,97718010.33978,0
1699664400000,2078.17,2080.62,2021,2049.75,345292.854,1699667999999,708982659.11367,260070,145445.678,298750039.60788,0
1699668000000,2049.74,2055,2031.08,2047.92,177030.450,1699671599999,361727919.10401,164094,83230.964,170127286.33376,0
1699671600000,2047.91,2053.34,2043.04,2047.79,75804.104,1699675199999,155309925.12252,84359,40173.910,82315071.81311,0
1699675200000,2047.79,2050,2035.52,2048.40,101314.790,1699678799999,207126469.98458,112214,48498.388,99159645.68687,0
1699678800000,2048.40,2060,2046.14,2057,72447.949,1699682399999,148869935.85309,69787,40099.757,82392939.38926,0
1699682400000,2057,2062.36,2051.31,2057.69,56477.414,1699685999999,116163077.17611,56176,29199.162,60063908.71841,0
1699686000000,2057.69,2062.48,2053.38,2056.58,52863.071,1699689599999,108788002.90045,58321,25912.265,53326636.18047,0
1699689600000,2056.60,2058.59,2049.77,2050.84,49482.163,1699693199999,101630037.54227,59036,22307.142,45819073.07080,0
1699693200000,2050.83,2067.50,2047.25,2062.99,103439.638,1699696799999,213065311.82733,94105,54390.907,112047997.39438,0
1699696800000,2062.99,2068.48,2060.27,2063.67,51154.122,1699700399999,105559791.15425,50938,27183.978,56097672.36516,0
1699700400000,2063.67,2063.67,2056.80,2059.53,48270.902,1699703999999,99464744.00015,51099,23154.611,47711284.88344,0
1699704000000,2059.52,2065.68,2056.08,2061.76,72789.747,1699707599999,149953445.41128,63003,37484.124,77218773.36938,0
1699707600000,2061.76,2066,2054.02,2064,70297.429,1699711199999,144874027.84655,66729,35718.769,73610275.85299,0
1699711200000,2064,2091.40,2062.44,2083,212408.026,1699714799999,441278377.43944,184379,113785.756,236376893.98515,0
1699714800000,2083.01,2083.79,2067.04,2069.32,114034.777,1699718399999,236507933.60952,113558,52317.867,108510795.32930,0
1699718400000,2069.34,2091.97,2069.34,2086.57,104349.349,1699721999999,217088324.01651,99391,53205.648,110650995.72473,0
1699722000000,2086.57,2087.27,2068.65,2072.07,128564.818,1699725599999,267185465.03887,120424,60643.953,126038511.52556,0
1699725600000,2072.07,2080.59,2067.91,2078.24,79817.889,1699729199999,165541205.37010,76508,42472.198,88094319.78611,0
1699729200000,2078.23,2081.63,2075.19,2077.46,38748.137,1699732799999,80532893.56289,47320,18113.438,37645666.13324,0
1699732800000,2077.47,2077.76,2055.50,2059.19,96378.262,1699736399999,199116442.46922,94290,40344.774,83367620.14835,0
1699736400000,2059.20,2063,2040.06,2046.79,113925.446,1699739999999,233826397.54153,106637,50002.143,102647400.58029,0
1699740000000,2046.79,2048.72,2032,2046.50,145202.715,1699743599999,296413553.21738,120597,68508.837,139886591.49321,0
1699743600000,2046.50,2055,2036.52,2054.52,86579.958,1699747199999,177118723.35154,87859,43540.922,89091606.05196,0
1699747200000,2054.53,2056.60,2011.50,2035.48,240044.579,1699750799999,488257882.21772,214299,103678.704,210950890.00772,0
1699750800000,2035.48,2042.90,2026.66,2040.52,106615.123,1699754399999,216985839.07829,95723,58221.195,118489758.00951,0
1699754400000,2040.52,2046.48,2038.01,2042.68,63773.251,1699757999999,130241218.73980,65838,30372.541,62030469.06880,0
1699758000000,2042.68,2053.46,2039.70,2052.89,67471.423,1699761599999,138151066.85659,66275,34913.172,71492900.68511,0
1699761600000,2052.88,2054.38,2045.08,2050.70,47485.530,1699765199999,97336760.23853,47668,21074.592,43198943.00633,0
1699765200000,2050.70,2053.92,2045.32,2053.48,37581.674,1699768799999,77024364.13987,44953,19430.860,39829524.71298,0
1699768800000,2053.49,2057.31,2050.29,2054.94,55381.144,1699772399999,113754997.02677,55823,25474.140,52328853.18632,0
1699772400000,2054.97,2061.88,2054.77,2058.90,61750.319,1699775999999,127116474.22902,70997,30059.532,61882129.52547,0
1699776000000,2058.90,2060.38,2053.20,2057.49,46146.318,1699779599999,94933211.00956,55977,20017.322,41177621.42063,0
1699779600000,2057.50,2058,2047.66,2052.01,52720.303,1699783199999,108206779.13244,59559,23419.872,48068202.89754,0
1699783200000,2052,2055.85,2047.40,2051.53,46222.862,1699786799999,94833438.28621,50881,21380.306,43869715.52677,0
1699786800000,2051.53,2055.56,2048.60,2049.37,32249.404,1699790399999,66189852.48092,40559,16123.870,33097184.07604,0
1699790400000,2049.37,2050.07,2036.60,2046.14,82628.312,1699793999999,168847767.53584,83579,37156.445,75931874.46054,0
1699794000000,2046.14,2053.44,2039.31,2050.54,73484.927,1699797599999,150471431.55226,77242,37929.657,77672624.79353,0
1699797600000,2050.55,2060,2050.54,2058.97,73350.671,1699801199999,150779483.61586,78773,37150.493,76362799.58432,0
1699801200000,2058.98,2068.96,2049.09,2058.35,106796.898,1699804799999,219780019.95789,120597,52668.037,108423479.67848,0
1699804800000,2058.36,2061.39,2051.43,2052.35,54152.405,1699808399999,111379699.68022,74238,24461.910,50319563.91797,0
1699808400000,2052.36,2054.79,2047.96,2052.30,42946.870,1699811999999,88103527.85727,57856,20089.089,41212373.08141,0
1699812000000,2052.33,2059.57,2046.05,2055.21,56910.697,1699815599999,116834651.50554,67963,30768.504,63170020.39159,0
1699815600000,2055.22,2056.35,2046.25,2050.68,36476.312,1699819199999,74809492.46444,54080,17468.465,35828700.08205,0
1699819200000,2050.69,2057.03,2046.39,2054.46,33868.707,1699822799999,69464023.74985,46048,16792.656,34443467.65201,0
1699822800000,2054.46,2068.50,2054.28,2060.69,74022.502,1699826399999,152647191.65711,78611,41223.639,85010530.94608,0
1699826400000,2060.69,2062.80,2055.87,2062.80,37613.912,1699829999999,77471689.93823,45495,20249.594,41709170.30887,0
1699830000000,2062.79,2066.06,2030,2046.08,189601.853,1699833599999,387569586.21066,172796,81430.068,166474305.42169,0
1699833600000,2046.07,2058.31,2037.05,2055.42,143887.340,1699837199999,294746969.98447,138484,71959.016,147396340.18774,0
1699837200000,2055.42,2076,2055.37,2064.08,168587.209,1699840799999,348538422.46936,161645,84161.404,174004550.46479,0
1699840800000,2064.08,2074.92,2057.49,2065.01,115906.108,1699844399999,239267077.92158,124611,57464.736,118641948.66005,0
1699844400000,2065.01,2065.82,2038.23,2041.16,150749.714,1699847999999,309128205.84347,147642,70174.321,143893629.01009,0
1699848000000,2041.16,2046.60,2038.83,2042.87,83884.518,1699851599999,171411439.07541,84238,43244.233,88370598.46692,0
1699851600000,2042.87,2043.49,2031.55,2042.49,103333.366,1699855199999,210585197.79163,96705,48308.763,98457732.56097,0
1699855200000,2042.49,2042.60,2030,2041.64,76592.255,1699858799999,156034276.73249,85505,34762.171,70823357.78276,0
1699858800000,2041.63,2057.98,2038.67,2049.36,129665.754,1699862399999,265835555.39368,117564,63714.769,130610439.94863,0
1699862400000,2049.37,2062.72,2049.21,2059.79,93958.971,1699865999999,193248834.01357,84223,48810.879,100391387.02579,0
1699866000000,2059.80,2061.23,2052.48,2057.34,61467.001,1699869599999,126435491.86836,65320,27810.542,57205283.77518,0
1699869600000,2057.34,2060.14,2050.22,2058.83,59923.419,1699873199999,123161278.28256,66352,29963.599,61588729.82006,0
1699873200000,2058.83,2058.91,2040,2048.38,120665.986,1699876799999,247122553.28918,119115,52761.737,108039638.47464,0
1699876800000,2048.38,2057.29,2040.68,2056.45,91718.979,1699880399999,187971114.85646,95303,45832.240,93946640.13505,0
1699880400000,2056.45,2057.20,2045.04,2051.78,90969.037,1699883999999,186605390.62173,84549,41912.910,85978558.58121,0
1699884000000,2051.77,2082.43,2040,2077.26,408092.116,1699887599999,841539869.18219,338580,204873.143,422630668.21263,0
1699887600000,2077.26,2109.89,2072.90,2106.67,585283.217,1699891199999,1225077017.51024,503249,297488.256,622795788.10568,0
1699891200000,2106.67,2120,2083.57,2088.41,396205.841,1699894799999,833677369.96439,359400,187752.747,395244344.23608,0
1699894800000,2088.41,2089.57,2066,2081.86,237727.740,1699898399999,494462181.61112,235846,116116.865,241553323.95145,0
1699898400000,2081.85,2095,2075.40,2094.29,99433.466,1699901999999,207537175.47038,108200,53742.495,112172989.33593,0
1699902000000,2094.29,2103.41,2090.23,2101.30,69063.502,1699905599999,144870452.05076,82600,37063.879,77756701.69544,0
1699905600000,2101.30,2104.20,2085.25,2087.30,98011.168,1699909199999,205395251.60525,109780,44572.677,93412039.51587,0
1699909200000,2087.30,2087.50,2044.60,2060.35,440045.425,1699912799999,908438880.88054,405391,199280.431,411531023.71529,0
1699912800000,2060.35,2073.34,2058,2060,94928.763,1699916399999,195987664.40812,100141,47424.974,97929788.02664,0
1699916400000,2060,2071.40,2054.01,2055.18,87506.762,1699919999999,180572733.17784,94439,44166.134,91158618.19715,0
1699920000000,2055.18,2059.10,2032.34,2035.09,278210.267,1699923599999,568516244.13419,242277,125892.279,257329835.09179,0
1699923600000,2035.10,2052.15,2033.05,2043.89,80246.107,1699927199999,164105424.69511,97337,41515.463,84890209.08830,0
1699927200000,2043.90,2057.88,2043.61,2054.68,63028.089,1699930799999,129363936.98661,79084,31633.554,64923963.79496,0
1699930800000,2054.68,2060,2053.24,2056.99,43414.400,1699934399999,89332580.19192,56752,21447.770,44132652.26669,0
1699934400000,2056.98,2058.77,2048.72,2056.50,55546.561,1699937999999,114133122.87796,57791,23310.130,47898896.84230,0
1699938000000,2056.50,2065.45,2055.92,2064.47,57482.073,1699941599999,118469640.50921,68086,29701.316,61212646.39521,0
1699941600000,2064.47,2065.71,2056.71,2058.93,46610.409,1699945199999,96071965.48239,60914,19839.022,40897127.29243,0
1699945200000,2058.93,2063.34,2057.11,2061.50,32582.552,1699948799999,67132663.10869,47371,16548.100,34096318.86972,0
1699948800000,2061.50,2066.39,2058.72,2063.82,52587.164,1699952399999,108464474.85146,66913,24913.686,51392143.91812,0
1699952400000,2063.83,2064.49,2048.45,2048.98,83617.673,1699955999999,171786496.15456,93897,38765.372,79643289.37249,0
1699956000000,2048.98,2052.31,2041.07,2047.84,99140.502,1699959599999,202979998.90649,104389,48691.053,99705901.73299,0
1699959600000,2047.84,2048.70,2026.38,2033.21,207210.824,1699963199999,422122600.48308,181306,95405.368,194380441.72483,0
1699963200000,2033.21,2038.10,2019.04,2032.72,169186.738,1699966799999,343663058.93498,169105,75909.244,154252041.11979,0
1699966800000,2032.72,2053.21,2032.03,2044.25,263610.211,1699970399999,538985401.81979,242337,129823.712,265434867.89386,0
1699970400000,2044.24,2055.96,2038.24,2051.62,152702.958,1699973999999,312918986.80511,159959,75485.156,154699076.92328,0
1699974000000,2051.61,2053.88,2018.90,2039.61,292071.506,1699977599999,594698484.84739,275199,133937.007,272746533.62818,0
1699977600000,2039.60,2055.75,2038.45,2046.91,147957.593,1699981199999,303191957.20913,138602,73237.446,150085856.81657,0
1699981200000,2046.92,2048.43,2024.05,2025.30,145739.753,1699984799999,296883454.55594,150881,63673.351,129729177.84680,0
1699984800000,2025.30,2028.30,1920,1966.47,806393.512,1699988399999,1601636626.68240,583245,351438.778,698056383.32621,0
1699988400000,1966.48,1986.24,1957.06,1979.76,336571.282,1699991999999,664114041.88519,287684,155485.282,306831940.57953,0
1699992000000,1979.75,1995.83,1976,1976.26,154140.969,1699995599999,306052848.58473,140599,75854.048,150629557.34209,0
1699995600000,1976.27,1984.07,1969.03,1982.42,119981.534,1699999199999,237155167.84080,111358,59370.663,117351758.72023,0
1699999200000,1982.42,1988.97,1980.19,1987.57,52434.653,1700002799999,104058704.26228,59891,25930.660,51460055.25365,0
1700002800000,1987.58,1988.87,1977,1980.11,63469.682,1700006399999,125884108.08839,61754,29582.483,58675833.17779,0
1700006400000,1980.11,1992.63,1978.39,1982.63,91949.963,1700009999999,182618571.59425,76600,48398.833,96117670.28123,0
1700010000000,1982.62,1989.07,1972.33,1973.55,88348.326,1700013599999,174897688.73935,84996,37061.160,73372345.72324,0
1700013600000,1973.52,1978.58,1967.85,1974.42,77339.999,1700017199999,152616464.90386,78844,38516.558,76010420.76049,0
1700017200000,1974.42,1977.54,1968.62,1968.77,45255.014,1700020799999,89319604.95536,59979,21789.352,43009399.02833,0
1700020800000,1968.77,1982.77,1968.18,1982.53,56968.523,1700024399999,112559959.97738,63851,30341.942,59944928.57867,0
1700024400000,1982.52,1987.80,1980.80,1985.66,48909.992,1700027999999,97043972.08628,53373,23535.784,46702361.30072,0
1700028000000,1985.66,1985.67,1979.94,1980.56,65194.467,1700031599999,129253868.56277,54481,27854.337,55223620.61783,0
1700031600000,1980.55,1988.58,1979.85,1984.15,54730.957,1700035199999,108551582.96350,65593,28943.993,57405314.46031,0
1700035200000,1984.15,1992.97,1982.01,1991.25,90693.454,1700038799999,180300164.33698,95296,44705.672,88881794.26096,0
1700038800000,1991.24,1997.24,1985.28,1986.85,116777.773,1700042399999,232586923.38821,94885,57208.253,113956111.75264,0
1700042400000,1986.85,1991.04,1983.52,1991.01,56754.059,1700045999999,112749146.84840,53596,26658.744,52964635.23857,0
1700046000000,1991.01,2015.96,1991,2013.96,204807.081,1700049599999,410972297.82816,163343,112674.722,226081501.18695,0
1700049600000,2013.97,2024.68,2009.45,2015.51,144395.662,1700053199999,291202290.24807,132659,71214.638,143640594.99012,0
1700053200000,2015.51,2020,2005.97,2014.10,141929.324,1700056799999,285631282.99268,126586,68367.996,137577364.24824,0
1700056800000,2014.10,2021.61,2006.91,2009.86,112063.290,1700060399999,225731068.57243,112284,54739.873,110268741.61801,0
1700060400000,2009.87,2022.86,2009.63,2022.05,85450.723,1700063999999,172246250.54148,87131,47668.745,96082610.28614,0
1700064000000,2022.06,2026,2008.80,2014.79,136522.091,1700067599999,275286406.22776,116242,68457.367,138055763.71652,0
1700067600000,2014.79,2016.99,2001.28,2014.82,137518.218,1700071199999,276331450.20944,112549,64125.021,128868597.95720,0
1700071200000,2014.82,2048.89,2002.07,2039.19,524240.744,1700074799999,1064102643.51757,410361,269515.499,547136564.89357,0
1700074800000,2039.26,2055.18,2030.50,2052.78,239175.019,1700078399999,488451324.49299,221535,123805.099,252888785.91172,0
1700078400000,2052.78,2064.08,2041.86,2045.59,229385.902,1700081999999,470969721.54166,209762,111724.886,229441427.19496,0
1700082000000,2045.58,2050.82,2036.61,2047.36,120025.334,1700085599999,245275429.48174,113062,61083.588,124839085.86180,0
1700085600000,2047.36,2062.96,2043.78,2054.08,90152.901,1700089199999,185067720.46102,91376,48299.490,99178450.55416,0
1700089200000,2054.09,2062.75,2047.21,2059.29,86128.548,1700092799999,176965389.23859,96023,41073.433,84412199.43306,0
1700092800000,2059.30,2082,2052.68,2077.91,172360.309,1700096399999,356215150.09709,163047,90555.172,187194781.16444,0
1700096400000,2077.91,2082.80,2060.43,2062.34,149038.189,1700099999999,308333650.04232,139024,65790.546,136124564.70499,0
1700100000000,2062.34,2064,2055.12,2056.95,82784.077,1700103599999,170479771.49683,88814,39603.971,81561687.87391,0
1700103600000,2056.95,2059,2052,2054.52,60176.707,1700107199999,123655648.90754,66326,29330.471,60274981.45198,0
1700107200000,2054.52,2057.92,2049.14,2056.81,65199.268,1700110799999,133890662.37848,63026,33807.720,69433871.63223,0
1700110800000,2056.81,2060.57,2050.01,2059.89,59273.781,1700114399999,121783563.12037,58741,30430.847,62534847.16858,0
1700114400000,2059.88,2063.28,2055.17,2063.16,56871.834,1700117999999,117091918.03822,60781,30710.720,63233681.40516,0
1700118000000,2063.16,2066.52,2053.86,2054.71,61262.418,1700121599999,126210000.94488,70672,27853.282,57387372.15525,0
1700121600000,2054.71,2055.84,2038.24,2043.17,132227.216,1700125199999,270665516.26696,119948,62895.690,128754739.01949,0
1700125200000,2043.18,2047.99,2037.03,2044.30,89396.548,1700128799999,182584278.12576,93372,44106.140,90079651.61991,0
1700128800000,2044.30,2046.59,2039.38,2039.96,37529.400,1700132399999,76703755.38759,43903,17794.505,36372480.18538,0
1700132400000,2039.95,2093,2039.22,2070.03,506950.778,1700135999999,1049058771.31656,393517,267934.152,554257409.61433,0
1700136000000,2070.03,2070.80,2044,2049.64,296179.428,1700139599999,608734422.52977,247798,135680.559,278866112.94663,0
1700139600000,2049.64,2052.76,2020,2036.66,323850.790,1700143199999,658958798.11008,273488,150864.034,306983537.76709,0
1700143200000,2036.67,2041.31,2008,2028.71,302360.334,1700146799999,611889341.32738,260989,147133.273,297818695.27738,0
1700146800000,2028.77,2035.80,1980.10,1996.43,411037.677,1700150399999,824002633.11483,308793,186066.541,373065049.82270,0
1700150400000,1996.43,2012.74,1993.59,2009.34,186207.953,1700153999999,373408611.40349,154861,97073.021,194656876.01673,0
1700154000000,2009.34,2015.96,1996.67,1997.40,118879.807,1700157599999,238572575.74401,103468,53597.020,107598261.37691,0
1700157600000,1997.41,2000.36,1968,1982.83,288944.036,1700161199999,573735204.47900,230031,136591.190,271271848.49372,0
1700161200000,1982.83,1985.40,1938.40,1966.07,498210.542,1700164799999,974904960.88909,398729,231948.664,453976687.99845,0
1700164800000,1966.07,1970.16,1945.65,1957.50,177565.943,1700168399999,348013516.05485,168628,85969.125,168492820.13414,0
1700168400000,1957.44,1963.72,1948.27,1956.32,109302.290,1700171999999,213851059.59057,115175,53170.364,104036076.24483,0
1700172000000,1956.32,1971.15,1953.73,1968.43,70614.413,1700175599999,138813380.35770,81367,35438.426,69661225.78496,0
1700175600000,1968.42,1969.30,1952.64,1962.13,92110.891,1700179199999,180516981.83397,96421,43980.120,86186619.53086,0
1700179200000,1962.14,1981.20,1959.91,1979.41,107649.614,1700182799999,212211486.72991,106150,58075.304,114492312.55642,0
1700182800000,1979.40,1987.33,1975.33,1986.63,78968.020,1700186399999,156462470.87197,80866,42308.297,83841324.70588,0
1700186400000,1986.62,1992.26,1980.55,1986.51,101539.410,1700189999999,201716724.72717,96163,52581.436,104469666.64260,0
1700190000000,1986.51,1988,1977.23,1984.59,62907.691,1700193599999,124716251.29537,60914,29913.043,59308484.53221,0
1700193600000,1984.59,1987.82,1981.42,1982.46,53760.968,1700197199999,106686776.96868,52696,25734.932,51070396.18301,0
1700197200000,1982.46,1985.03,1969.80,1978.33,85646.993,1700200799999,169490228.77933,83888,38422.814,76048988.28452,0
1700200800000,1978.36,1987.79,1976,1984.99,53355.446,1700204399999,105808140.42311,60940,26640.301,52828670.18640,0
1700204400000,1985,1985.55,1968.14,1971.11,92914.348,1700207999999,183597433.99663,83511,42796.317,84547722.23633,0
1700208000000,1971.12,1980.59,1968.33,1978.67,89309.084,1700211599999,176427953.00617,87158,46648.948,92149759.04667,0
1700211600000,1978.67,1982.99,1969.08,1974.22,68748.657,1700215199999,135851067.08238,83992,32949.892,65109452.50036,0
1700215200000,1974.22,1974.80,1955,1965.56,197991.137,1700218799999,388733111.15717,180128,93316.104,183212191.84010,0
1700218800000,1965.60,1971.30,1960.09,1966.73,81833.197,1700222399999,160938936.73871,93539,43089.466,84747266.99801,0
1700222400000,1966.73,1967.40,1950.02,1965.64,148945.619,1700225999999,291676838.40872,137554,68363.073,133879783.88977,0
1700226000000,1965.65,1972,1950,1952.50,151390.751,1700229599999,297051442.74963,141690,70710.324,138761599.77044,0
1700229600000,1952.51,1958.89,1926,1933.84,325412.400,1700233199999,631266894.82594,286301,150738.280,292445659.74096,0
1700233200000,1933.84,1941.50,1913.01,1919.44,333967.800,1700236799999,643244177.45964,295630,157870.169,304186691.29064,0
1700236800000,1919.45,1929.68,1903.81,1916.72,282089.546,1700240399999,541205985.34887,244030,130799.911,251008329.83408,0
1700240400000,1916.72,1946.08,1913.12,1944.12,372621.985,1700243999999,720585678.15736,307672,189287.273,366076271.44323,0
1700244000000,1944.13,1948.80,1939.06,1946.33,99960.145,1700247599999,194318277.31315,94762,52620.488,102299584.01061,0
1700247600000,1946.33,1949.96,1936.44,1939.79,78757.013,1700251199999,153008101.60705,83517,38980.799,75741805.02538,0
1700251200000,1939.78,1952.28,1938.05,1943.90,79181.236,1700254799999,154129639.07915,85786,43627.508,84925719.92820,0
1700254800000,1944,1947.96,1939.34,1946.46,41152.623,1700258399999,79980747.93440,50838,20078.792,39024350.05328,0
1700258400000,1946.46,1970.11,1946.13,1963.40,155786.900,1700261999999,305111096.83059,122142,82578.718,161715476.18552,0
1700262000000,1963.40,1967.81,1953.11,1961.21,84494.935,1700265599999,165640240.71416,83497,39574.037,77582565.56316,0
1700265600000,1961.21,1962.20,1952.90,1955.06,67956.363,1700269199999,132943153.35961,65629,29450.569,57615638.02195,0
1700269200000,1955.06,1958.19,1947.98,1950.37,54325.161,1700272799999,106141915.98282,52386,22674.891,44305076.72379,0
1700272800000,1950.39,1956.58,1949.95,1950.60,33191.174,1700276399999,64824973.37065,35758,16356.651,31947007.30017,0
1700276400000,1950.60,1950.93,1940.52,1942.10,65798.952,1700279999999,128002637.72073,63973,31062.854,60424732.96486,0
1700280000000,1942.09,1946.92,1938.40,1938.55,60616.103,1700283599999,117723680.69835,58520,30559.717,59358764.88346,0
1700283600000,1938.60,1939.25,1930.20,1932.44,86016.179,1700287199999,166345500.95261,81653,36127.036,69865705.19640,0
1700287200000,1932.44,1937.96,1926.56,1926.81,66802.865,1700290799999,129065109.35532,67314,32887.773,63548364.02806,0
1700290800000,1926.81,1937.45,1916,1936.61,124076.284,1700294399999,239169907.53673,108838,61637.857,118866429.59386,0
1700294400000,1936.61,1942.89,1931.42,1939.21,67979.997,1700297999999,131764266.14258,71416,33167.338,64291054.62004,0
1700298000000,1939.20,1946,1938.28,1941.37,48511.158,1700301599999,94231684.64307,51065,25509.488,49552590.52428,0
1700301600000,1941.37,1945.87,1940.50,1944.99,45570.953,1700305199999,88554077.42594,48010,23416.375,45503951.55454,0
1700305200000,1944.99,1945.97,1934.25,1935.99,51673.770,1700308799999,100297966.26429,48376,23844.798,46284957.69813,0
1700308800000,1935.99,1942.64,1933.08,1940.79,46820.783,1700312399999,90771662.14445,45577,24567.140,47638595.01383,0
1700312400000,1940.78,1943.83,1931.35,1937.79,71276.451,1700315999999,138131109.23354,74514,34809.753,67467576.70597,0
1700316000000,1937.79,1945.46,1936.59,1940.87,53058.678,1700319599999,103040268.61652,59926,27912.849,54209470.21095,0
1700319600000,1940.87,1955.62,1940.43,1953.42,123198.296,1700323199999,240195231.33918,110823,67609.472,131811050.89840,0
1700323200000,1953.41,1965,1952.87,1964.49,139742.804,1700326799999,273776958.48823,127430,68038.915,133307233.81543,0
1700326800000,1964.48,1972.06,1959.09,1965.51,119677.892,1700330399999,235352962.92183,115837,57158.887,112405160.31116,0
1700330400000,1965.51,1971.23,1957.71,1967.90,94059.271,1700333999999,184714759.31928,79144,51726.243,101611001.71873,0
1700334000000,1967.84,1971,1961.37,1964.61,52989.064,1700337599999,104197822.24343,52843,22776.177,44787568.83354,0
1700337600000,1964.61,1966.96,1958.77,1963.96,32395.765,1700341199999,63611214.23112,44184,16173.481,31758972.52075,0
1700341200000,1963.96,1966.17,1959.10,1960.49,30757.392,1700344799999,60351948.68319,37861,16276.166,31937722.71745,0
1700344800000,1960.44,1961.88,1950.50,1957.90,57045.171,1700348399999,111594569.17810,55391,22742.487,44489397.01317,0
1700348400000,1957.89,1964.54,1956.44,1963.19,49613.633,1700351999999,97307401.94816,43904,27369.607,53680082.52653,0
1700352000000,1963.19,1963.85,1951.52,1952.73,54542.583,1700355599999,106792949.90728,51602,25674.459,50279399.45142,0
1700355600000,1952.73,1954.93,1944,1951.62,81873.123,1700359199999,159601856.20227,73471,42270.430,82406182.68813,0
1700359200000,1951.61,1952.83,1943.44,1948.70,55739.962,1700362799999,108579240.90111,51854,28277.696,55076527.00317,0
1700362800000,1948.71,1957.89,1944.37,1956.17,60388.796,1700366399999,117870095.12804,64324,32949.734,64314596.59160,0
1700366400000,1956.18,1958.38,1953.13,1956.99,29482.958,1700369999999,57656633.63823,33996,14661.629,28673804.42687,0
1700370000000,1957,1963.32,1956.40,1957.43,40468.848,1700373599999,79306431.71703,46484,21440.824,42018321.76272,0
1700373600000,1957.43,1967.74,1956.27,1962.60,58085.849,1700377199999,113979444.25559,55001,33009.421,64777169.65067,0
1700377200000,1962.60,1965.77,1961.01,1962.52,30052.191,1700380799999,59005622.09217,39076,13446.855,26403519.91453,0
1700380800000,1962.52,1967.26,1958.28,1958.70,46286.473,1700384399999,90853045.87660,47505,21048.686,41319852.77851,0
1700384400000,1958.70,1965.48,1957.12,1963.39,42383.312,1700387999999,83109053.99975,43894,22571.856,44263879.44795,0
1700388000000,1963.39,1963.71,1957.73,1957.80,35482.622,1700391599999,69548246.76581,33784,16759.958,32848593.81260,0
1700391600000,1957.79,1957.97,1945.72,1952.25,110141.328,1700395199999,214957570.42193,90243,50131.239,97823680.64187,0
1700395200000,1952.24,1954.29,1945.05,1953.52,54575.183,1700398799999,106426195.71890,53187,28994.312,56546978.69415,0
1700398800000,1953.53,1956.14,1951.06,1952.98,32457.218,1700402399999,63411070.25010,34974,16326.559,31899358.19684,0
1700402400000,1952.98,1956.40,1947.37,1953.98,49706.184,1700405999999,97059834.75604,50840,23617.205,46122355.60317,0
1700406000000,1953.98,1969.80,1949.12,1967.22,114209.531,1700409599999,224193389.94270,99283,64798.202,127194327.49384,0
1700409600000,1967.22,1979,1966,1969.16,118545.537,1700413199999,233671645.71397,110090,64808.679,127768299.74574,0
1700413200000,1969.15,1980.50,1968.20,1973.72,80342.172,1700416799999,158559741.46402,76625,39933.650,78812213.49262,0
1700416800000,1973.72,1983,1971.36,1979.48,86830.365,1700420399999,171721910.64859,79371,47814.975,94579762.90232,0
1700420400000,1979.48,1985.71,1974.57,1984.03,61318.159,1700423999999,121427194.88184,62656,31162.374,61718978.06895,0
1700424000000,1984.03,1988.60,1976.37,1985.21,109736.938,1700427599999,217604219.87015,87166,54762.034,108592801.38776,0
1700427600000,1985.30,1987.38,1978.52,1983.11,54665.441,1700431199999,108423740.25771,53628,26037.502,51648854.75813,0
1700431200000,1983.11,1985.07,1976.17,1981.45,37120.175,1700434799999,73510334.77300,40288,18099.322,35845840.97929,0
1700434800000,1981.45,2016.45,1980.18,2012.46,281834.624,1700438399999,564437743.09958,227395,162907.833,326217172.80023,0
1700438400000,2012.45,2013.96,1995.81,2006.92,117585.088,1700441999999,235649705.70345,111154,54806.047,109821448.48376,0
1700442000000,2006.93,2008.45,2002.07,2006.88,57753.134,1700445599999,115817638.30820,56169,28509.230,57179449.26942,0
1700445600000,2006.89,2011.85,2000.13,2010.33,57441.658,1700449199999,115217060.10330,60723,29770.571,59721432.96918,0
1700449200000,2010.33,2011.15,1996.29,2000.69,65174.843,1700452799999,130450790.63499,62167,26475.738,52988636.93239,0
1700452800000,2000.68,2004.88,1997.34,2004.36,36996.415,1700456399999,74048052.36547,38873,19141.396,38315333.59696,0
1700456400000,2004.36,2005.94,1993.85,2000.35,53905.491,1700459999999,107815154.49228,58023,24305.700,48615738.43479,0
1700460000000,2000.35,2007.91,1997.86,2007.40,61222.366,1700463599999,122606032.08121,55064,31365.131,62821589.37781,0
1700463600000,2007.41,2028.20,2000.45,2020.20,133146.858,1700467199999,268048883.23487,108727,76702.083,154443571.91607,0
1700467200000,2020.23,2023,2009.46,2018.49,132641.577,1700470799999,267516847.16334,110215,63860.778,128797349.15807,0
1700470800000,2018.49,2038.98,2016.04,2037.81,147437.351,1700474399999,298938688.76220,137325,81822.523,165902609.47846,0
1700474400000,2037.81,2044.33,2031.28,2037.57,118243.969,1700477999999,240868941.45969,116228,56774.647,115676908.66061,0
1700478000000,2037.56,2043.70,2020,2025.14,168472.369,1700481599999,341915221.43519,137792,72124.576,146395453.53233,0
1700481600000,2025.14,2025.98,2016.91,2020.50,84365.864,1700485199999,170474007.74422,83423,37915.976,76615290.22129,0
1700485200000,2020.43,2028,2014.25,2017.40,99700.099,1700488799999,201550456.72476,92263,51664.886,104461455.84918,0
1700488800000,2017.40,2044.11,1981.96,2039.22,393172.803,1700492399999,793400395.86001,302205,199612.156,403145901.29232,0
1700492400000,2039.31,2051.56,2029.86,2043.11,239190.105,1700495999999,488061137.34169,206704,114888.763,234490831.08072,0
1700496000000,2043.11,2054,2020.13,2020.89,225534.237,1700499599999,459098435.73311,189003,105273.844,214359459.09112,0
1700499600000,2020.90,2068.80,2010.78,2058.06,388965.028,1700503199999,792986475.90808,308862,205149.266,418344659.57884,0
1700503200000,2058.07,2063.89,2032.36,2046.19,273173.061,1700506799999,559144748.54530,226637,132662.074,271538633.77938,0
1700506800000,2046.19,2050.54,2034.33,2037.36,116526.753,1700510399999,237973630.15786,107421,57548.243,117555879.37905,0
1700510400000,2037.36,2040.55,2030.17,2036.07,56968.470,1700513999999,115969793.99449,62403,29045.743,59132001.22592,0
1700514000000,2036.08,2036.31,2015,2026.21,115676.964,1700517599999,234135772.52515,111076,55693.795,112729879.67540,0
1700517600000,2026.20,2034.69,2017.02,2025.10,69368.996,1700521199999,140581313.55684,67152,35802.252,72558625.76169,0
1700521200000,2025.08,2031.80,2021.05,2022.41,68182.296,1700524799999,138142869.62067,68174,34606.295,70113486.35941,0
1700524800000,2022.41,2031.76,2018.22,2024.36,95480.886,1700528399999,193298951.33362,88334,49915.730,101058040.90938,0
1700528400000,2024.36,2036.06,2020.34,2032.78,65176.526,1700531999999,132250692.98495,64765,33532.981,68049819.84061,0
1700532000000,2032.79,2033.98,2007.63,2012.45,129480.866,1700535599999,261463676.35140,119964,57091.784,115304608.88389,0
1700535600000,2012.44,2021.20,2010.98,2019.78,58779.941,1700539199999,118537072.32762,56532,33833.737,68216912.05375,0
1700539200000,2019.77,2020.54,2014.36,2015.89,35249.423,1700542799999,71114893.33828,37695,16870.072,34034651.78224,0
1700542800000,2015.89,2019.03,2010.91,2015.09,43628.105,1700546399999,87888425.79325,46046,21287.651,42886799.14855,0
1700546400000,2015.02,2020,2012.39,2015.80,46655.279,1700549999999,94076533.35739,42643,25829.208,52085466.63777,0
1700550000000,2015.81,2015.81,2003.72,2004.89,95904.109,1700553599999,192670294.51948,83261,42646.378,85687263.43987,0
1700553600000,2004.89,2015,2002.64,2013.26,74908.057,1700557199999,150458582.32266,66121,41747.699,83858457.22058,0
1700557200000,2013.26,2015.96,2007.85,2008.60,44546.028,1700560799999,89669309.49179,47303,19568.532,39394896.82211,0
1700560800000,2008.60,2018.75,2008.12,2015.57,62399.522,1700564399999,125696826.05226,53726,34577.224,69646646.68578,0
1700564400000,2015.57,2017.32,2001.98,2004.81,86173.250,1700567999999,172998630.60315,76607,36502.510,73278680.90811,0
1700568000000,2004.80,2013.62,2003.83,2012.46,61513.298,1700571599999,123601103.64969,59615,33840.831,67997529.01077,0
1700571600000,2012.46,2016.40,2003.16,2005.40,93425.942,1700575199999,187712910.91704,81167,44265.473,88945108.74202,0
1700575200000,2005.41,2006.10,1983.22,1990.80,321385.088,1700578799999,640866884.90294,250412,147667.264,294484721.52078,0
1700578800000,1990.87,1998.95,1952,1988.84,847557.945,1700582399999,1673047824.36069,575843,417723.046,824577950.97265,0
1700582400000,1988.82,2025,1979.06,2005.69,367357.923,1700585999999,734088110.30074,279431,189983.097,379778165.69228,0
1700586000000,2005.68,2019.99,1960.43,1976.39,423735.880,1700589599999,843406927.56454,345993,198880.477,395808963.12072,0
1700589600000,1976.40,1981.40,1961.59,1974.33,230235.967,1700593199999,453728107.92989,215323,112539.350,221831956.42209,0
1700593200000,1974.33,1997.67,1969.64,1986.54,148306.232,1700596799999,294540167.40204,135959,78353.685,155604708.51302,0
1700596800000,1986.56,2007.64,1970.49,1992.48,209946.415,1700600399999,417785771.22738,175997,106425.829,211812700.77479,0
1700600400000,1992.47,1998.66,1982.96,1985.95,88074.677,1700603999999,175352376.46419,87276,44512.535,88620410.18819,0
1700604000000,1985.95,1987.96,1929.85,1942.76,267126.587,1700607599999,522382633.35131,220010,111137.475,217386123.49821,0
1700607600000,1942.72,1954.30,1932.62,1933.44,208059.086,1700611199999,404820170.56857,200973,99925.204,194432439.34081,0
1700611200000,1933.44,1956.53,1928.74,1956.22,147116.398,1700614799999,286335658.51318,139372,77189.108,150252207.78259,0
1700614800000,1956.23,1968.80,1954.90,1963.90,99528.996,1700618399999,195293858.34641,82333,52598.472,103223034.93550,0
1700618400000,1963.90,1975.40,1961.48,1974.09,81275.240,1700621999999,160041100.28506,68727,41042.287,80827121.19725,0
1700622000000,1974.17,1980.80,1970.86,1978.76,66816.282,1700625599999,132020332.39714,65108,33030.067,65274301.32844,0
1700625600000,1978.76,1988.57,1977.48,1986.74,92287.960,1700629199999,183102903.01561,83650,45495.301,90257409.47787,0
1700629200000,1986.75,1991.38,1982.44,1984.94,71741.004,1700632799999,142541638.53911,63340,32301.271,64186454.84479,0
1700632800000,1984.95,1997.63,1984.70,1994.62,90628.904,1700636399999,180567371.83328,77440,48821.496,97278941.84489,0
1700636400000,1994.63,2002.62,1991.70,1993.97,100567.822,1700639999999,200773639.24414,84696,47778.217,95397452.79248,0
1700640000000,1993.97,2004.83,1992.13,2003.40,98537.101,1700643599999,196966094.62306,79040,47808.451,95580044.36735,0
1700643600000,2003.37,2013.09,2002.20,2010.22,99593.717,1700647199999,199925229.44227,94684,54381.524,109177735.58710,0
1700647200000,2010.23,2030,2003.47,2025.10,184884.468,1700650799999,372911835.22822,168938,94491.117,190651214.28637,0
1700650800000,2025.11,2027.88,2014.63,2015.45,134342.154,1700654399999,271546175.07572,132613,59993.817,121274595.88759,0
1700654400000,2015.45,2024.50,2011.22,2022.02,109124.990,1700657999999,220186732.90872,106578,57147.174,115310323.15735,0
1700658000000,2022.02,2046.61,2016.20,2030.98,239530.864,1700661599999,486001723.57267,198818,124754.175,253157049.61479,0
1700661600000,2031,2033.91,2017.60,2024.78,159149.580,1700665199999,322403609.58678,143724,74698.187,151331176.21480,0
1700665200000,2024.79,2038.96,2015.54,2033.87,170229.545,1700668799999,345230551.02495,167529,88347.195,179200974.50625,0
1700668800000,2033.87,2053.52,2028.02,2033.61,257159.070,1700672399999,524924733.19806,214185,130441.952,266275820.64106,0
1700672400000,2033.62,2042.15,2030,2034.29,100371.590,1700675999999,204323532.13153,98454,51695.356,105243299.96529,0
1700676000000,2034.29,2067,2032.55,2063.63,307523.841,1700679599999,631248701.13062,242025,168492.728,345918280.56741,0
1700679600000,2063.64,2084.40,2058.62,2077.35,298021.432,1700683199999,617771039.22425,247174,152136.922,315372556.08078,0
1700683200000,2077.34,2081.28,2071.92,2075.98,133480.654,1700686799999,277156739.06790,121329,64152.706,133208479.65491,0
1700686800000,2075.98,2093.78,2071,2081.59,241536.640,1700690399999,502885530.78321,204676,123348.255,256836234.31583,0
1700690400000,2081.60,2088,2064,2065.65,126585.539,1700693999999,262592616.71161,116255,58448.821,121261267.06860,0
1700694000000,2065.65,2068.95,2058.04,2063.91,115650.301,1700697599999,238579646.49936,96854,60249.700,124287949.49195,0
1700697600000,2063.92,2067.08,2053.64,2054.53,90196.554,1700701199999,185733402.60402,89521,41268.792,84991046.22724,0
1700701200000,2054.47,2072.21,2054,2067.35,77691.893,1700704799999,160454851.90520,82293,44477.900,91839745.35438,0
1700704800000,2067.34,2069.71,2058.34,2063.60,65714.100,1700708399999,135569549.50853,69407,29943.289,61772424.94013,0
1700708400000,2063.60,2066.33,2056.40,2060.12,56186.299,1700711999999,115831176.45525,59673,27606.346,56918014.49914,0
1700712000000,2060.11,2067.88,2058.20,2063,49788.472,1700715599999,102699216.93845,53102,27947.388,57654843.23362,0
1700715600000,2063,2069.90,2062.29,2064.66,40926.907,1700719199999,84549634.95460,45632,21648.613,44721158.36377,0
1700719200000,2064.67,2065,2058.97,2062.22,37940.535,1700722799999,78219345.20991,41800,17784.013,36663728.66128,0
1700722800000,2062.23,2070.64,2062.11,2066.45,53442.161,1700726399999,110451034.50566,56211,29671.428,61321055.86005,0
1700726400000,2066.45,2084.40,2064.89,2082.57,99046.196,1700729999999,205568166.68258,98721,55558.476,115309755.46185,0
1700730000000,2082.57,2089.75,2076.20,2088.58,105180.620,1700733599999,218987099.30929,97887,53780.038,112001488.75575,0
1700733600000,2088.57,2089.28,2070.62,2072.76,115111.466,1700737199999,239249054.11539,99836,49275.079,102405334.03168,0
1700737200000,2072.76,2072.88,2033.50,2063.25,309047.457,1700740799999,635279883.66365,232750,144373.742,296830339.83580,0
1700740800000,2063.26,2071.46,2055.02,2057.50,142891.138,1700744399999,294687166.60985,118358,69823.791,144033506.00316,0
1700744400000,2057.50,2064.61,2048.03,2053.28,104690.175,1700747999999,215403455.46965,92855,49791.664,102486777.11024,0
1700748000000,2053.29,2063.60,2051.33,2059.81,85627.831,1700751599999,176236959.26681,90121,45595.024,93838397.79225,0
1700751600000,2059.81,2063,2040.21,2042.49,188612.733,1700755199999,386287076.32863,161808,87787.473,179782283.72300,0
1700755200000,2042.50,2054.10,2040.45,2050.87,90016.233,1700758799999,184483853.43974,90032,43965.138,90106076.27694,0
1700758800000,2050.87,2062.48,2050.49,2058.77,78968.706,1700762399999,162475553.58413,70557,41735.109,85873563.69287,0
1700762400000,2058.78,2064.28,2057.66,2060.87,37581.885,1700765999999,77443281.53439,42475,19305.671,39786345.95265,0
1700766000000,2060.87,2067.72,2056,2062.55,55163.944,1700769599999,113772246.59121,53891,29359.967,60553781.32209,0
1700769600000,2062.55,2068.82,2062,2066.79,44054.155,1700773199999,91004300.65464,45851,24234.210,50062147.11728,0
1700773200000,2066.78,2078.41,2064.79,2069.35,86541.905,1700776799999,179286327.27763,80831,42961.687,89004517.16129,0
1700776800000,2069.38,2071.40,2061.68,2066.57,41347.347,1700780399999,85431697.66718,42964,18366.550,37954913.71402,0
1700780400000,2066.57,2071.21,2059.81,2062.68,45513.615,1700783999999,93997414.04775,50123,23337.356,48206465.29123,0
1700784000000,2062.67,2068.40,2059.63,2064.76,37071.322,1700787599999,76533357.80542,42118,19163.264,39561627.10704,0
1700787600000,2064.76,2078,2064.75,2068.93,73766.041,1700791199999,152835432.53108,70323,37623.684,77957470.78622,0
1700791200000,2068.92,2075.56,2064.84,2070.34,42702.140,1700794799999,88433138.95071,50638,22125.179,45822753.41213,0
1700794800000,2070.35,2072.99,2063.74,2064.06,54064.279,1700798399999,111771181.26052,53749,24547.551,50761537.48172,0
1700798400000,2064.05,2070.90,2062.54,2068.38,55332.082,1700801999999,114356618.97224,48600,29211.075,60375874.89097,0
1700802000000,2068.41,2073.50,2065,2073.49,30547.789,1700805599999,63204755.06766,35804,17914.724,37071667.48989,0
1700805600000,2073.50,2074.30,2067.92,2070.40,36012.102,1700809199999,74592290.03306,39536,17939.746,37159658.81813,0
1700809200000,2070.40,2085,2064.81,2080.50,120966.015,1700812799999,250962940.10122,96285,61974.867,128597005.82211,0
1700812800000,2080.50,2086.44,2075.14,2079.38,111024.380,1700816399999,230991222.51528,103680,52834.330,109943909.08738,0
1700816400000,2079.38,2118.14,2077.23,2110.49,315662.339,1700819999999,663188960.45189,248599,172099.500,361535686.69343,0
1700820000000,2110.50,2129.96,2101.04,2103.59,294996.928,1700823599999,623790593.13083,241445,153737.400,325192742.07442,0
1700823600000,2103.60,2115.50,2097.02,2097.92,220938.052,1700827199999,465058575.30414,179873,106177.978,223539026.44177,0
1700827200000,2097.95,2107.98,2096.44,2103.01,103475.534,1700830799999,217641721.09082,96607,51787.660,108929497.38024,0
1700830800000,2103.01,2108.08,2098.04,2104.86,94974.609,1700834399999,199696866.43899,84784,45786.311,96279435.49492,0
1700834400000,2104.87,2115,2097.28,2113.75,119903.366,1700837999999,252565952.31887,106748,62123.273,130879434.93831,0
1700838000000,2113.74,2135,2112.36,2117.46,373705.223,1700841599999,793187733.52882,286139,188246.087,399586857.87445,0
1700841600000,2117.45,2126.50,2086.40,2097.26,343433.416,1700845199999,723170698.71301,253643,152653.020,321438352.97245,0
1700845200000,2097.26,2109.20,2095.01,2104.87,136712.487,1700848799999,287526021.50656,122747,68424.162,143897882.39168,0
1700848800000,2104.87,2104.88,2087.66,2092.13,117987.715,1700852399999,247211658.63354,100985,53833.970,112796304.69274,0
1700852400000,2092.14,2092.35,2079.03,2088.01,122212.472,1700855999999,254867733.91095,93943,60065.032,125269978.82877,0
1700856000000,2088.01,2093,2077,2091.18,82328.592,1700859599999,171779993.33545,78069,41402.318,86393363.32787,0
1700859600000,2091.18,2096.45,2086.10,2086.90,67642.436,1700863199999,141514982.09680,68847,33709.677,70528962.46456,0
1700863200000,2086.90,2087.88,2057.77,2074.36,202038.259,1700866799999,418917060.44316,155846,86638.932,179663305.30082,0
1700866800000,2074.36,2081.45,2066.68,2081.16,74472.238,1700870399999,154471535.16959,79725,38066.628,78960503.26955,0
1700870400000,2081.16,2083.84,2072.96,2074.95,73632.909,1700873999999,153105447.23166,67641,33026.427,68678689.60693,0
1700874000000,2074.95,2087,2073.80,2086.57,56485.900,1700877599999,117567235.44223,60224,30722.777,63946352.06124,0
1700877600000,2086.57,2087.83,2078.63,2086.70,52112.073,1700881199999,108609908.53853,55403,23736.416,49469163.62303,0
1700881200000,2086.71,2089.80,2084.14,2086.95,38640.442,1700884799999,80670742.98763,45124,18238.195,38076795.85566,0
1700884800000,2086.95,2088.19,2082.75,2085.86,27549.447,1700888399999,57458393.65682,31927,12118.205,25274838.88521,0
1700888400000,2085.85,2086.91,2080.34,2084.55,28551.412,1700891999999,59483060.91114,33576,13414.186,27947502.57517,0
1700892000000,2084.55,2086.66,2081.07,2084.82,27100.214,1700895599999,56472391.60400,31014,14618.267,30464211.97488,0
1700895600000,2084.82,2090.49,2083.84,2088.47,43081.868,1700899199999,89930352.00474,43577,24195.929,50507512.92823,0
1700899200000,2088.47,2090.79,2083.86,2084.32,38209.300,1700902799999,79767224.13823,40507,17557.815,36655462.49009,0
1700902800000,2084.32,2085.76,2079.52,2083.35,42483.681,1700906399999,88454338.50515,46000,20389.367,42453542.35858,0
1700906400000,2083.35,2084.29,2073.67,2075.73,59105.958,1700909999999,122808502.54553,57667,27130.955,56366807.52321,0
1700910000000,2075.74,2077.72,2065.59,2070.92,91296.881,1700913599999,189043829.47937,81340,44703.545,92568544.99287,0
1700913600000,2070.93,2078.37,2069.99,2078.17,49809.603,1700917199999,103330266.76875,49039,27554.232,57160623.56679,0
1700917200000,2078.16,2079.70,2071.95,2077.44,34576.710,1700920799999,71802468.78855,39456,16182.877,33606624.07813,0
1700920800000,2077.44,2077.58,2070.40,2073.91,40416.679,1700924399999,83828943.48082,43777,19401.247,40239890.47304,0
1700924400000,2073.91,2079.47,2067.32,2078,63951.707,1700927999999,132637658.71582,60331,34787.255,72160292.56422,0
1700928000000,2078,2084.63,2077.05,2077.75,67568.079,1700931599999,140607858.46695,59922,38613.206,80351741.97613,0
1700931600000,2077.75,2081.15,2075.43,2076.47,31261.374,1700935199999,64954172.29390,34841,15886.508,33009937.94048,0
1700935200000,2076.47,2081.91,2074,2081.45,32194.597,1700938799999,66907334.85596,35487,17557.424,36492503.10183,0
1700938800000,2081.45,2083.93,2080.91,2082.50,21041.617,1700942399999,43821490.53163,25293,10581.923,22038321.60067,0
1700942400000,2082.49,2086.94,2081.26,2083.06,31578.369,1700945999999,65804195.53199,34932,15803.017,32932635.08606,0
1700946000000,2083.06,2086.04,2080.98,2083.96,22755.326,1700949599999,47409995.83524,24921,10756.251,22410956.78130,0
1700949600000,2083.97,2084.72,2080.04,2083.21,27321.602,1700953199999,56891783.59817,26506,12642.591,26326435.97552,0
1700953200000,2083.21,2086.06,2081.27,2082.87,26732.945,1700956799999,55710237.63308,28424,12929.921,26943786.76611,0
1700956800000,2082.87,2084.24,2075.66,2081.14,41770.643,1700960399999,86906949.42634,43177,18383.170,38249706.10019,0
1700960400000,2081.14,2081.15,2070,2071.34,57449.958,1700963999999,119221919.91645,49790,24255.930,50333956.78268,0
1700964000000,2071.35,2077.18,2067.04,2076.37,61379.040,1700967599999,127192269.68697,51128,30336.640,62877069.66904,0
1700967600000,2076.37,2078,2075,2076.36,19992.688,1700971199999,41517232.95210,22974,10265.800,21318939.89719,0
1700971200000,2076.36,2083.97,2070.77,2083.17,56990.630,1700974799999,118425962.03222,51126,30358.888,63089837.40241,0
1700974800000,2083.17,2083.54,2079.97,2081.28,20239.501,1700978399999,42134399.46658,24430,10071.389,20967286.42257,0
1700978400000,2081.27,2093.46,2077.30,2090.22,109025.540,1700981999999,227367890.03849,65461,62235.211,129792304.10975,0
1700982000000,2090.22,2092.97,2086.30,2089.19,69135.823,1700985599999,144451913.36123,60846,33126.567,69214980.92121,0
1700985600000,2089.19,2094.96,2087.82,2089.91,58747.572,1700989199999,122903690.58834,55412,29518.410,61756951.61889,0
1700989200000,2089.90,2091.32,2083.50,2091.26,41054.359,1700992799999,85708249.02149,43965,19639.432,41000702.99588,0
1700992800000,2091.26,2091.65,2084.01,2085.20,33339.711,1700996399999,69597526.45850,36001,15465.513,32284044.40206,0
1700996400000,2085.21,2089.34,2081.16,2085.06,56671.250,1700999999999,118210387.97607,48108,27407.504,57175183.04972,0
1701000000000,2085.06,2090,2071.43,2089.63,160830.048,1701003599999,334572334.38876,135459,75111.151,156260891.39185,0
1701003600000,2089.62,2090.77,2074.30,2083.80,105881.850,1701007199999,220335827.01149,100650,50527.497,105156226.50758,0
1701007200000,2083.80,2084,2060,2064.71,235430.394,1701010799999,487270191.68063,180182,97427.286,201628504.27216,0
1701010800000,2064.71,2072.65,2061.04,2064.50,110214.017,1701014399999,227852469.58115,103421,53870.881,111381237.30101,0
1701014400000,2064.50,2069.42,2035,2047.26,392989.760,1701017999999,804805965.64794,281494,180653.712,369967923.84491,0
1701018000000,2047.22,2051.76,2041.51,2049.46,78664.068,1701021599999,161083547.77191,80731,39385.498,80651799.24327,0
1701021600000,2049.46,2056.08,2043.37,2048.99,86658.398,1701025199999,177626979.88517,79841,42907.072,87961488.85722,0
1701025200000,2048.99,2057.46,2047.58,2056.63,51450.132,1701028799999,105576734.65382,54501,28191.532,57853247.58191,0
1701028800000,2056.63,2082.79,2055.17,2077.02,178985.741,1701032399999,370697439.87644,130752,105513.888,218542576.94917,0
1701032400000,2077.02,2080.31,2067.34,2073.90,79763.687,1701035999999,165352949.73436,71035,38258.737,79313065.67832,0
1701036000000,2073.90,2081.61,2071.85,2076.68,50831.106,1701039599999,105579882.22230,53297,25131.861,52206416.89579,0
1701039600000,2076.68,2076.72,2060.07,2061.97,108056.134,1701043199999,223209079.78648,98572,49376.845,101993163.11515,0
1701043200000,2061.97,2071,2058.52,2066.73,65334.241,1701046799999,134902576.24155,69899,31981.540,66037781.01783,0
1701046800000,2066.74,2070.16,2060.48,2062.67,37796.713,1701050399999,78026423.66127,43153,16069.972,33176297.81722,0
1701050400000,2062.68,2062.99,2045.57,2049.99,127146.868,1701053999999,261053293.57073,105701,57237.588,117503273.47449,0
1701054000000,2049.98,2051.80,2037.68,2048.06,85623.590,1701057599999,175135848.81023,89570,41887.071,85682440.68753,0
1701057600000,2048.06,2052.06,2042,2051.24,51013.104,1701061199999,104451469.83027,55691,26728.222,54729550.40082,0
1701061200000,2051.24,2052.80,2045.51,2047.10,41822.335,1701064799999,85707200.38089,44845,19812.642,40607029.50885,0
1701064800000,2047.10,2054.66,2041.43,2041.76,72315.069,1701068399999,148210039.78667,65836,33518.650,68705521.16493,0
1701068400000,2041.77,2048.43,2027.70,2045.10,180714.570,1701071999999,368444523.10623,156838,84263.486,171856176.54358,0
1701072000000,2045.10,2050.01,2041.07,2046.22,66122.335,1701075599999,135315255.00748,73763,33736.482,69049500.67986,0
1701075600000,2046.16,2052.87,2045.01,2045.13,58713.560,1701079199999,120331076.47570,68768,30323.150,62148099.79367,0
1701079200000,2045.13,2045.57,2016.59,2024.32,277700.613,1701082799999,563183913.44684,229867,118222.673,239770136.98673,0
1701082800000,2024.32,2029.43,2016.40,2024.91,189827.316,1701086399999,384016570.04667,160138,102407.959,207170668.61457,0
1701086400000,2024.92,2029.54,2016.79,2018.40,96771.720,1701089999999,195816877.49807,96763,48937.051,99030241.47490,0
1701090000000,2018.40,2025.23,2009.26,2023.73,185505.862,1701093599999,374358738.03883,168485,89132.058,179893481.90426,0
1701093600000,2023.72,2029.32,2011.10,2015.87,147836.455,1701097199999,298751412.40928,147048,73165.362,147861919.99070,0
1701097200000,2015.87,2028.02,1998,2003.15,215461.438,1701100799999,433880517.30088,189154,98281.123,198005144.08288,0
1701100800000,2003.15,2022.24,2000.32,2021.53,194318.383,1701104399999,390896669.50492,168933,98773.623,198715014.56037,0
1701104400000,2021.53,2024.70,2008.03,2010.36,139788.806,1701107999999,282165696.18056,121452,65905.597,133041827.07932,0
1701108000000,2010.37,2019.64,2006.65,2007.02,65259.668,1701111599999,131425764.18157,66135,32148.756,64748010.52181,0
1701111600000,2007.03,2011.64,1985,1994.64,238012.446,1701115199999,475141011.86974,192164,107414.640,214461317.61106,0
1701115200000,1994.64,1997.63,1987,1995.69,92754.237,1701118799999,184903561.16421,100180,46164.153,92025313.53158,0
1701118800000,1995.75,2019.64,1995,2015.66,131980.006,1701122399999,265193978.44324,116012,70835.320,142308600.46653,0
1701122400000,2015.66,2022.85,2011.62,2020.23,39903.405,1701125999999,80484457.87792,45812,20517.473,41389798.61717,0
1701126000000,2020.23,2029.96,2020.20,2027.57,93678.734,1701129599999,189807423.24941,82134,45768.234,92736081.30617,0
1701129600000,2027.57,2041.36,2022.29,2033.79,121301.121,1701133199999,246605382.13893,100132,65559.879,133314292.35468,0
1701133200000,2033.79,2034.48,2024.04,2026.36,68747.226,1701136799999,139403313.87141,58838,31899.464,64680330.27815,0
1701136800000,2026.36,2029.40,2020.01,2026.45,55148.695,1701140399999,111657553.52879,54959,27063.115,54803149.48396,0
1701140400000,2026.45,2032.12,2023.20,2027.25,36492.468,1701143999999,73962380.64900,41030,17943.495,36373505.93039,0
1701144000000,2027.25,2029.72,2017,2019.13,49439.032,1701147599999,100016081.25215,57123,21777.944,44069388.69824,0
1701147600000,2019.14,2020.19,1997.04,1997.32,207713.136,1701151199999,416925358.10517,145830,99015.339,198754583.27096,0
1701151200000,1997.31,2014.64,1994.85,2013.39,133458.498,1701154799999,267705466.02935,107319,71038.947,142499079.03345,0
1701154800000,2013.39,2017.10,2001.77,2014.17,90766.875,1701158399999,182398644.92852,90128,43908.793,88255168.35129,0
1701158400000,2014.18,2015.70,2005.42,2006.28,65747.243,1701161999999,132169867.68184,77058,32177.403,64688989.80890,0
1701162000000,2006.28,2021,2005.56,2018.47,74818.819,1701165599999,150756648.68796,78765,41445.543,83510842.83509,0
1701165600000,2018.47,2021.39,2013.44,2020.81,69424.479,1701169199999,140042647.36165,64608,36237.740,73109688.14361,0
1701169200000,2020.81,2029,2018.30,2027.98,80688.252,1701172799999,163328878.60789,85232,42541.694,86106814.42697,0
1701172800000,2027.99,2029.09,2021.18,2022.95,61204.188,1701176399999,123929647.52873,63843,27120.867,54912512.97808,0
1701176400000,2022.95,2036.65,2019.18,2034.79,113821.395,1701179999999,230956244.70521,103980,63347.473,128542705.25880,0
1701180000000,2034.80,2042.51,2030,2031.02,109271.197,1701183599999,222423118.18579,108307,55104.782,112184930.12207,0
1701183600000,2031.01,2039.61,2024.21,2036.30,138588.315,1701187199999,281718327.54930,125495,67364.429,136955563.22501,0
1701187200000,2036.31,2064,2034.93,2056.18,278311.650,1701190799999,570458825.02536,223002,150774.434,309054081.98468,0
1701190800000,2056.18,2075.87,2050.10,2072.19,258992.866,1701194399999,535202633.83513,221306,135420.634,279869260.90049,0
1701194400000,2072.20,2073.27,2051.15,2057.02,165934.395,1701197999999,342037305.46568,144849,73987.554,152507235.49361,0
1701198000000,2057.01,2069.10,2055.29,2059.13,139492.733,1701201599999,287561882.70796,124784,71261.026,146908596.79903,0
1701201600000,2059.12,2065.40,2054.31,2062.79,76477.805,1701205199999,157528659.95317,79155,40215.716,82845706.75992,0
1701205200000,2062.79,2064.38,2052,2053.50,70169.879,1701208799999,144448143.19555,72680,32860.535,67646571.78498,0
1701208800000,2053.50,2058.37,2042.40,2049.18,68867.327,1701212399999,141283401.25977,71228,32008.995,65696497.91745,0
1701212400000,2049.18,2054.18,2043.63,2048.20,66701.853,1701215999999,136654333.47175,75874,32873.498,67349926.28934,0
1701216000000,2048.21,2051.46,2039,2051,104856.248,1701219599999,214414648.78368,92266,52602.661,107572820.50738,0
1701219600000,2051.01,2057.87,2050.30,2050.44,74385.005,1701223199999,152785241.11319,76853,39415.155,80958900.00959,0
1701223200000,2050.45,2053.17,2046.62,2049.57,42503.973,1701226799999,87118898.56167,54030,20581.843,42188638.75191,0
1701226800000,2049.56,2054.43,2048.04,2053.45,39970.500,1701230399999,81991321.88279,47865,22910.742,47000536.00243,0
1701230400000,2053.45,2055.80,2049.50,2054.53,32318.535,1701233999999,66325893.74195,42711,16366.879,33595518.59458,0
1701234000000,2054.54,2056.49,2047.18,2053.53,45058.448,1701237599999,92458680.19761,46562,22173.245,45506856.29938,0
1701237600000,2053.49,2063.80,2050.06,2062.01,81025.515,1701241199999,166737736.43487,73935,46101.593,94887255.18738,0
1701241200000,2062.01,2062.28,2054.40,2057.55,47778.710,1701244799999,98360230.88996,57047,19915.829,40997452.42969,0
1701244800000,2057.55,2072,2054.30,2071.20,95078.011,1701248399999,196213645.50999,94130,55274.332,114089289.91678,0
1701248400000,2071.21,2077,2062,2066.10,125695.810,1701251999999,259947735.80100,122580,60581.684,125307903.98283,0
1701252000000,2066.10,2066.78,2044.41,2048.03,164775.396,1701255599999,338498462.81517,143164,68719.669,141163582.18448,0
1701255600000,2047.99,2056.90,2045.35,2052.58,67462.953,1701259199999,138459938.89666,70358,33827.380,69425473.60310,0
1701259200000,2052.58,2060.62,2049.78,2053.76,68669.441,1701262799999,141160697.48819,70612,32409.857,66625851.00848,0
1701262800000,2053.76,2062.08,2051.50,2053.30,82321.281,1701266399999,169274267.17259,76466,37657.649,77457686.45881,0
1701266400000,2053.31,2058.84,2032,2036.10,191590.872,1701269999999,391709960.04628,157730,88156.959,180276048.36429,0
1701270000000,2036.10,2040.61,2020,2031.53,250259.206,1701273599999,507553579.95993,205324,117888,239107803.87063,0
1701273600000,2031.52,2033.83,2018.56,2025.93,148271.777,1701277199999,300290078.82737,124175,70621.270,143018122.43477,0
1701277200000,2025.92,2037.90,2020.02,2032.62,80345.077,1701280799999,162954642.22465,76152,43283.426,87790017.03689,0
1701280800000,2032.62,2037.85,2028,2037.28,68148.706,1701284399999,138551077.79319,64312,32803.881,66703346.80159,0
1701284400000,2037.28,2042.21,2032.83,2038.47,65889.759,1701287999999,134256964.92615,59340,35774.972,72894451.11058,0
1701288000000,2038.48,2039.87,2018.97,2026.56,87935.581,1701291599999,178299185.01973,80247,38110.195,77248229.50665,0
1701291600000,2026.56,2030.38,2022.03,2028.85,52914.370,1701295199999,107277057.93926,51364,27253.063,55257460.27513,0
1701295200000,2028.85,2032.32,2027.81,2028.53,28299.711,1701298799999,57457707.60676,30183,13874.840,28169771.05960,0
1701298800000,2028.54,2030.88,2024.28,2028.41,44744.370,1701302399999,90723679.77893,47176,21428.399,43447218.26854,0
1701302400000,2028.41,2033.53,2024.25,2026,48500.758,1701305999999,98380776.42111,52814,24146.709,48977759.12401,0
1701306000000,2026,2030,2022,2024.46,49966.148,1701309599999,101231127.97467,51610,23756.412,48131166.08796,0
1701309600000,2024.45,2036.42,2023.55,2035.32,53474.356,1701313199999,108644643.58803,52580,29047.864,59015957.32847,0
1701313200000,2035.33,2040.75,2029.52,2040.08,68317.154,1701316799999,139040384.56609,57095,34386.467,69994455.84425,0
1701316800000,2040.09,2043.70,2034.66,2035.85,109210.857,1701320399999,222702822.75801,82736,54375.922,110885595.85870,0
1701320400000,2035.86,2038.41,2031.03,2033.66,55635.543,1701323999999,113192706.44110,49049,25056.904,50980509.78626,0
1701324000000,2033.65,2038.80,2031.16,2034.75,50158.126,1701327599999,102046046.85257,48911,24371.116,49586151.41359,0
1701327600000,2034.75,2038.74,2032.52,2035.51,43654.226,1701331199999,88853070.68925,41670,22111.554,45009985.36338,0
1701331200000,2035.52,2036.65,2020.40,2025.64,96499.578,1701334799999,195604784.92006,91827,43779.501,88738179.83458,0
1701334800000,2025.63,2032.54,2022,2028.79,54746.765,1701338399999,110998680.37804,59858,28199.660,57178372.87334,0
1701338400000,2028.79,2033.68,2027.57,2029.81,39945.245,1701341999999,81126180.19048,42120,20359.895,41352111.52408,0
1701342000000,2029.80,2046.97,2028.31,2045.23,94824.081,1701345599999,193292862.94525,82273,54826.236,111775749.00775,0
1701345600000,2045.23,2052.78,2042.95,2045.26,112478.210,1701349199999,230318121.12343,101214,58515.343,119828817.09186,0
1701349200000,2045.27,2048.79,2029.76,2034.99,153290.696,1701352799999,312836497.85209,124822,73253.330,149537427.46049,0
1701352800000,2034.99,2035.78,2024.24,2029.65,143115.330,1701356399999,290494708.53768,126771,66287.034,134554727.98266,0
1701356400000,2029.65,2039.48,2025.80,2033.29,135071.282,1701359999999,274600211.68520,114031,71310.324,144978924.46809,0
1701360000000,2033.29,2039.25,2028.29,2034.79,78436.174,1701363599999,159572663.52777,71128,41532.837,84506616.08055,0
1701363600000,2034.78,2041.08,2033.58,2038.97,42524.260,1701367199999,86623392.30407,47284,19687.622,40107080.27534,0
1701367200000,2038.96,2044,2036.86,2038.77,47472.726,1701370799999,96869835.02931,50301,22666.686,46253577.90794,0
1701370800000,2038.77,2043.99,2036.10,2041.24,35033.821,1701374399999,71486167.58729,39625,17819.287,36366744.80425,0
1701374400000,2041.25,2046.30,2039.23,2043.11,40156.716,1701377999999,82033929.43540,48405,20646.087,42178585.44018,0
1701378000000,2043.09,2049.29,2040,2045.64,42337.438,1701381599999,86581983.69818,48326,21860.006,44704604.88245,0
1701381600000,2045.64,2051.05,2042.77,2042.97,38404.797,1701385199999,78599629.96596,43889,19444.971,39798626.46743,0
1701385200000,2042.97,2054.97,2039.89,2051.76,69647.125,1701388799999,142656827.81566,66111,37269.059,76331798.37214,0
1701388800000,2051.77,2053.15,2044.35,2049.06,61351.998,1701392399999,125660078.34548,67369,28012.284,57372853.35539,0
1701392400000,2049.06,2091.33,2046.72,2087.98,330256.927,1701395999999,685109690.86081,254517,176642.264,366347562.37698,0
1701396000000,2087.99,2093.77,2082.47,2085.76,140415.082,1701399599999,293129597.04171,128774,65753.307,137283650.48597,0
1701399600000,2085.76,2092.96,2082.81,2092.10,76992.771,1701403199999,160813838.96040,77705,37605.275,78543132.01697,0
1701403200000,2092.11,2100.34,2089.30,2094.43,136544.425,1701406799999,286118440.71825,118020,70564.213,147879155.05728,0
1701406800000,2094.43,2096.75,2089.84,2091.27,64136.710,1701410399999,134231476.51932,61037,27412.758,57372144.50244,0
1701410400000,2091.27,2093.38,2086.73,2092.30,66141.114,1701413999999,138270729.69954,60469,31934.145,66761872.32815,0
1701414000000,2092.30,2108.83,2089.19,2092.29,200948.617,1701417599999,421758448.56984,149446,107672.692,225987639.15441,0
1701417600000,2092.30,2099.09,2091,2093.86,77832.800,1701421199999,163067277.14766,67183,37179.601,77895558.74821,0
1701421200000,2093.87,2111.50,2093.43,2104.19,225230.439,1701424799999,473268860.95900,175094,111830.652,235023719.89145,0
1701424800000,2104.19,2105,2088.33,2089.42,120146.106,1701428399999,251893977.05878,102729,52321.777,109701852.34290,0
1701428400000,2089.43,2094.37,2086.08,2092.21,80660.794,1701431999999,168641537.56768,68387,40935.949,85588376.59931,0
1701432000000,2092.21,2094.31,2083.42,2087.18,99071.499,1701435599999,206930164.01471,91688,45354.593,94737426.66698,0
1701435600000,2087.18,2091.10,2075.85,2080.43,125563.699,1701439199999,261542314.82858,100271,55888.374,116440828.28594,0
1701439200000,2080.43,2083.20,2073.74,2078.01,124120.527,1701442799999,257937016.50670,116230,66247.358,137675468.75390,0
1701442800000,2078.01,2082.82,2070.30,2079.43,102610.339,1701446399999,213188089.00412,99759,51426.608,106853220.70696,0
1701446400000,2079.44,2110,2077.45,2104.24,368014.392,1701449999999,771650498.08011,251548,198003.735,415124894.44652,0
1701450000000,2104.25,2107.88,2087.60,2093.80,166323.590,1701453599999,348659451.05287,135717,81646.353,171147866.28916,0
1701453600000,2093.80,2098.50,2086.89,2090.13,85193.591,1701457199999,178268488.21452,75474,39848.402,83389771.23623,0
1701457200000,2090.13,2091.74,2080,2089.64,98288.411,1701460799999,205065269.96655,80896,45334.647,94590011.57424,0
1701460800000,2089.65,2096.68,2087.54,2090.49,50833.679,1701464399999,106317065.25662,54643,28704.685,60040486.67589,0
1701464400000,2090.49,2095.97,2088.29,2090.12,38684.687,1701467999999,80937728.56007,45548,20660.702,43231868.84878,0
1701468000000,2090.12,2092.26,2081.86,2085.23,38078.018,1701471599999,79495326.46787,38571,13952.353,29125527.04244,0
1701471600000,2085.24,2087,2082.73,2086.99,31296.337,1701475199999,65241695.25969,35102,15297.964,31890216.15393,0
1701475200000,2086.99,2092.85,2085.63,2091.76,37274.381,1701478799999,77860648.21936,40898,21224,44335905.44807,0
1701478800000,2091.76,2095.96,2090.04,2093.82,45257.131,1701482399999,94721800.04359,40043,20951.888,43852874.70572,0
1701482400000,2093.83,2097,2087.53,2091.15,42457.349,1701485999999,88826293.70569,38850,19429.518,40651068.70013,0
1701486000000,2091.14,2094.63,2089.20,2092.47,24116.408,1701489599999,50460724.48395,30105,12189.265,25504692.49784,0
1701489600000,2092.46,2094.86,2089.52,2094.17,26966.756,1701493199999,56418847.65843,27965,12762.452,26702283.08793,0
1701493200000,2094.16,2096,2090.94,2094.60,28400.145,1701496799999,59478749.43270,28744,14341.752,30035114.25403,0
1701496800000,2094.60,2103,2093.40,2101.65,71238.775,1701500399999,149534631.94257,62577,40325.762,84646864.80798,0
1701500400000,2101.65,2106.47,2094.72,2095.65,66824.830,1701503999999,140357697.93954,65827,32749.455,68795767.06228,0
1701504000000,2095.66,2102.24,2095.65,2099.09,41315.724,1701507599999,86746867.57060,42554,20736.793,43537204.53444,0
1701507600000,2099.09,2105.55,2099.01,2103.06,42879.024,1701511199999,90174707.45134,46272,22390.883,47087489.30511,0
1701511200000,2103.07,2107.52,2099.25,2101.30,56780.406,1701514799999,119420761.39502,47427,32473.865,68305215.77570,0
1701514800000,2101.30,2101.58,2096.35,2098.52,51077.281,1701518399999,107211071.32545,42170,20439.087,42902498.84102,0
1701518400000,2098.53,2105.88,2097.36,2105.20,55751.298,1701521999999,117230920.71083,48984,29428.768,61883611.52253,0
1701522000000,2105.20,2108.67,2101.45,2103.49,66300.634,1701525599999,139557381.93008,57770,33854.885,71271606.60916,0
1701525600000,2103.48,2108.99,2091.81,2098.93,104365.581,1701529199999,219214588.34941,89833,46637.566,97969798.44032,0
1701529200000,2098.93,2105.93,2093.33,2103.59,80254.081,1701532799999,168537972.22348,71979,40535.366,85128852.87066,0
1701532800000,2103.59,2104.76,2097,2099.07,49601.877,1701536399999,104163080.33146,44587,21453.434,45050493.30072,0
1701536400000,2099.07,2106,2097.84,2105.53,47955.006,1701539999999,100837368.20620,40934,27571.600,57971149.88127,0
1701540000000,2105.53,2158.08,2103.80,2148.02,594194.149,1701543599999,1267629786.96365,364441,340502.958,726034705.85002,0
1701543600000,2148.03,2199.99,2128,2159.10,761925.217,1701547199999,1648834631.77076,481161,391500.207,847697416.86130,0
1701547200000,2159.09,2164.12,2152.86,2157.92,109347.158,1701550799999,235930338.41338,103570,53308.040,115028961.15170,0
1701550800000,2157.92,2177.91,2153.77,2169.24,147794.704,1701554399999,319969985.89058,112336,81031.225,175461857.10197,0
1701554400000,2169.25,2171.64,2153.96,2158.60,98913.580,1701557999999,213763888.30361,87805,44500.935,96172604.85312,0
1701558000000,2158.60,2167.49,2157.47,2165.28,52881.222,1701561599999,114394558.57972,52299,27686,59889733.65927,0
1701561600000,2165.26,2168.63,2157.56,2166.70,64025.456,1701565199999,138523538.06419,63109,31414.505,67966652.69001,0
1701565200000,2166.70,2172.97,2165.09,2169.96,55279.425,1701568799999,119909844.12600,55046,26753.271,58034774.18020,0
1701568800000,2169.96,2177.94,2163.39,2165.27,80694.923,1701572399999,175211977.10173,76734,39396.354,85550456.26839,0
1701572400000,2165.27,2166.45,2155.90,2162.38,85179.123,1701575999999,183999916.14821,73063,44712.767,96584093.65252,0
1701576000000,2162.39,2163.49,2155.87,2156.72,52696.281,1701579599999,113805813.82476,46877,24179.147,52224776.44852,0
1701579600000,2156.72,2161.81,2153.57,2160.85,41340.381,1701583199999,89229781.05369,42535,21483.828,46371618.24529,0
1701583200000,2160.84,2161.53,2152.81,2157.23,39720.347,1701586799999,85693641.16877,42775,18974.986,40938936.57460,0
1701586800000,2157.23,2165.80,2155.28,2165.07,63712.564,1701590399999,137727787.36454,50895,34127.856,73768877.26022,0
1701590400000,2165.07,2165.96,2160.33,2160.91,42987.816,1701593999999,92998702.72711,39730,18002.387,38946216.51691,0
1701594000000,2160.91,2168.60,2160.24,2166.60,37528.912,1701597599999,81232771.92570,37913,19502.651,42215212.17764,0
1701597600000,2166.61,2168.85,2161.36,2166.86,48135.260,1701601199999,104270380.82162,45445,26588.390,57597129.12596,0
1701601200000,2166.87,2167.13,2156.59,2159.28,52646.845,1701604799999,113770384.67855,50344,22634.644,48915073.66914,0
1701604800000,2159.27,2159.44,2148.17,2152.81,127200.920,1701608399999,274072629.63861,83774,59447.646,128089356.56855,0
1701608400000,2152.80,2165.91,2151.09,2161.53,127057.806,1701611999999,274463001.88373,98001,67238.806,145236917.31046,0
1701612000000,2161.53,2163.13,2151.51,2151.80,94822.067,1701615599999,204492902.87091,86807,42797.970,92300481.69122,0
1701615600000,2151.80,2163.37,2151.16,2160.35,79609.136,1701619199999,171710863.41376,70262,39997.568,86270140.12783,0
1701619200000,2160.36,2167.57,2154.70,2158.95,82705.457,1701622799999,178688414.07367,70297,39960.377,86345559.34965,0
1701622800000,2158.95,2160.20,2149.14,2153.41,80250.098,1701626399999,172837269.34262,68313,36554.666,78729948.56450,0
1701626400000,2153.42,2163.92,2152.67,2161.15,46573.807,1701629999999,100551181.15306,42812,25353.346,54727892.38659,0
1701630000000,2161.16,2169.24,2157.30,2167.59,60270.307,1701633599999,130442336.90522,55434,30366.587,65726509.98643,0
1701633600000,2167.60,2174.39,2165.09,2167.79,60670.667,1701637199999,131599233.42374,55616,30693.200,66582881.93309,0
1701637200000,2167.80,2185.95,2167.80,2183.12,90518.175,1701640799999,197081266.36253,73907,50782.579,110573582.30559,0
1701640800000,2183.13,2219.17,2181.90,2205.94,430502.325,1701644399999,949223414.35936,296154,228569.614,503939944.14009,0
1701644400000,2205.95,2209.76,2181.38,2193.24,194247.931,1701647999999,426191720.39130,157585,95066.233,208613564.85044,0
1701648000000,2193.25,2211.99,2191.52,2210.65,119740.972,1701651599999,263641264.37412,105210,65905.243,145128783.92282,0
1701651600000,2210.65,2230,2206.02,2214.37,272941.284,1701655199999,605401597.70377,211702,139815.655,310165897.08803,0
1701655200000,2214.37,2216.08,2204.72,2212.65,110136.126,1701658799999,243459154.26532,85702,49421.518,109252222.55323,0
1701658800000,2212.65,2219.84,2210.37,2210.77,73586.392,1701662399999,162947871.03799,69227,36194.248,80153092.92377,0
1701662400000,2210.78,2226.50,2210.38,2225.17,100447.946,1701665999999,223032764.54853,88557,52642.816,116892242.78035,0
1701666000000,2225.16,2255.20,2221.19,2246.26,337728.193,1701669599999,757116860.94817,255268,180950.487,405650490.91834,0
1701669600000,2246.27,2267,2241.14,2247.14,226772.464,1701673199999,511303522.40643,191736,111068.994,250455442.76940,0
1701673200000,2247.15,2259.18,2242.88,2247.57,108474.668,1701676799999,244149538.11974,106958,49688.356,111837880.64179,0
1701676800000,2247.58,2260.50,2241.20,2255.98,117315.821,1701680399999,264118139.89296,107220,59970.791,135044297.35395,0
1701680400000,2255.98,2270.43,2245.73,2246.32,176679.546,1701683999999,399001731.15415,155764,84455.016,190762809.76190,0
1701684000000,2246.32,2276.84,2246.21,2261.49,190323.051,1701687599999,430690849.61250,165643,97831.283,221382689.89823,0
1701687600000,2261.49,2268.42,2213.60,2238.45,470677.159,1701691199999,1051709649.42581,345384,219066.519,489494199.00268,0
1701691200000,2238.46,2256.70,2226.60,2253.52,172361.858,1701694799999,386429155.88123,150299,86713.624,194419656.94689,0
1701694800000,2253.52,2255.39,2236,2240.27,113189.154,1701698399999,254337493.89952,107810,52672.560,118357367.05030,0
1701698400000,2240.27,2241.93,2216,2225.61,212312.929,1701701999999,472501312.20047,168908,103020.541,229259624.03449,0
1701702000000,2225.62,2227.37,2200.90,2212.52,222041.458,1701705599999,491588589.88432,177617,103379.901,228870620.39509,0
1701705600000,2212.52,2227.20,2210.17,2226.34,130964.743,1701709199999,290453801.21906,106646,72257.390,160260915.32258,0
1701709200000,2226.35,2231.27,2214.63,2219.51,92526.343,1701712799999,205703510.12243,87100,46674.762,103777322.12732,0
1701712800000,2219.51,2226.86,2216.52,2224.90,55479.703,1701716399999,123266529.62390,51781,28530.873,63391992.78832,0
1701716400000,2224.89,2236.17,2219.14,2234.82,105317.696,1701719999999,234735127.89638,87954,56101.087,125055541.53900,0
1701720000000,2234.81,2236,2226.24,2229.06,64072.107,1701723599999,142930265.83122,61917,30512.284,68067519.63362,0
1701723600000,2229.16,2235.76,2224.30,2235.12,56279.161,1701727199999,125491387.93817,49696,29182.041,65079107.71089,0
1701727200000,2235.12,2254.80,2220.20,2228.41,177450.263,1701730799999,397319357.35732,147019,87701.801,196373548.03511,0
1701730800000,2228.40,2244.52,2224.04,2243.66,76559.840,1701734399999,171126078.00006,73836,39907.065,89205558.71061,0
1701734400000,2243.67,2253.60,2233.64,2252.14,96008.082,1701737999999,215355611.29236,90402,47471.290,106476723.11779,0
1701738000000,2252.15,2253.04,2231.10,2240.11,108657.951,1701741599999,243326194.93207,96579,55072.796,123299314.07488,0
1701741600000,2240.11,2241.67,2223,2229.80,89789.646,1701745199999,200155415.80316,84411,43228.889,96357904.71496,0
1701745200000,2229.79,2236.05,2226.56,2231.36,42975.875,1701748799999,95911500.12315,45870,22212.487,49573609.64516,0
1701748800000,2231.36,2231.57,2225.05,2227.18,42360.619,1701752399999,94374728.24206,42260,20121.575,44828240.79669,0
1701752400000,2227.18,2235.36,2222.35,2235.19,60014.105,1701755999999,133813191.75120,50325,31624.746,70514464.87025,0
1701756000000,2235.19,2238.33,2226.73,2230.37,74940.722,1701759599999,167362334.54523,60322,35222.601,78659984.22801,0
1701759600000,2230.37,2231.71,2186,2200.19,349772.963,1701763199999,771800833.46912,246839,153288.022,338314966.42614,0
1701763200000,2200.19,2207.35,2190.03,2201.80,141317.828,1701766799999,310761773.71989,123903,73518.693,161693216.90596,0
1701766800000,2201.80,2210,2200.59,2207.23,96368.504,1701770399999,212652479.50765,76813,47788.790,105462012.04850,0
1701770400000,2207.23,2210.62,2197.71,2197.71,77112.016,1701773999999,169991129.12320,66125,35235.440,77693847.82142,0
1701774000000,2197.71,2207.95,2192.56,2204.67,106994.554,1701777599999,235517486.06393,87067,51946.751,114360792.11892,0
1701777600000,2204.67,2213.36,2202.93,2212.81,79630.645,1701781199999,175894843.14860,70074,41984.468,92746719.74927,0
1701781200000,2212.80,2219.16,2200,2200.84,133725.874,1701784799999,295518167.49541,108074,66085.498,146067525.38343,0
1701784800000,2200.84,2217.95,2199.19,2215.91,131124.338,1701788399999,289881764.60987,113593,69332.516,153276875.35741,0
1701788400000,2215.92,2234.81,2209.03,2228.43,217726.126,1701791999999,484117022.10141,169708,110861.964,246552419.35004,0
1701792000000,2228.44,2244.35,2219.53,2236.21,204912.762,1701795599999,457341830.41120,164779,105568.656,235639097.25634,0
1701795600000,2236.21,2304.06,2235.40,2292.99,771733.111,1701799199999,1750463327.73570,516337,404010.840,916753589.90298,0
1701799200000,2293.01,2311.51,2276.26,2280.67,482611.882,1701802799999,1107591846.36610,331767,238642.954,547791679.31141,0
1701802800000,2280.67,2284.20,2259.80,2273.75,239701.348,1701806399999,545008446.83458,169361,112214.173,255178280.49270,0
1701806400000,2273.76,2278.65,2252.18,2266.27,155796.528,1701809999999,352740913.43387,123142,77169.551,174746970.41770,0
1701810000000,2266.28,2283.52,2258.33,2273.55,152262.720,1701813599999,346054690.20033,109945,85663.825,194724626.76185,0
1701813600000,2273.54,2287,2265.15,2282.59,127605.691,1701817199999,290885847.51707,99669,65343.707,148965603.29393,0
1701817200000,2282.59,2299.91,2279.69,2293.97,138575.670,1701820799999,317475843.15167,112002,67188.726,153934915.97336,0
1701820800000,2293.97,2314.98,2288.04,2311.54,206095.346,1701824399999,473968570.92826,166582,109273.376,251357025.17702,0
1701824400000,2311.54,2313.20,2285.63,2296.10,168144.286,1701827999999,386461587.56579,132555,77655.748,178466887.77288,0
1701828000000,2296.10,2299.46,2275.50,2293.17,129916.800,1701831599999,297132485.01726,100381,66276.963,151604831.00661,0
1701831600000,2293.18,2293.89,2275,2282.93,78384.448,1701835199999,179018718.97414,70498,36036.051,82296868.31932,0
1701835200000,2282.94,2285.67,2273.28,2280.07,65022.580,1701838799999,148294346.35923,55858,29891.074,68169753.45358,0
1701838800000,2280.07,2284.68,2258.83,2270.56,127775.110,1701842399999,289972550.23792,105229,60884.026,138180349.06199,0
1701842400000,2270.55,2276.15,2261.40,2273.30,98095.263,1701845999999,222525657.09145,75565,50370.865,114265423.97640,0
1701846000000,2273.29,2275.99,2264,2266.41,76995.053,1701849599999,174711529.15725,69970,35053.368,79543770.49915,0
1701849600000,2266.41,2282.79,2262.43,2279.86,94101.557,1701853199999,213984943.42975,82353,50124.715,113988916.44231,0
1701853200000,2279.87,2284,2272,2274.80,103245.982,1701856799999,235303199.99485,79894,52262.053,119120909.35037,0
1701856800000,2274.80,2288.88,2270.42,2276.79,116691.632,1701860399999,265979970.34063,105057,60188.941,137196028.91439,0
1701860400000,2276.80,2278.33,2232.82,2253.48,329689.937,1701863999999,742706549.20410,250758,150135.091,338259499.32661,0
1701864000000,2253.47,2269.66,2252.12,2263.97,131445.642,1701867599999,297109449.40992,114827,66090.255,149381260.24565,0
1701867600000,2263.98,2269,2256.17,2261.44,96576.433,1701871199999,218449711.11648,81727,46177.493,104456561.62640,0
1701871200000,2261.43,2269.46,2250.29,2255.35,134763.630,1701874799999,304568510.37439,123046,67710.417,153030242.51128,0
1701874800000,2255.35,2262.33,2247.05,2252.84,130208.669,1701878399999,293575137.41290,112529,61302.996,138226618.06128,0
1701878400000,2252.85,2272.61,2250.63,2267.63,125115.954,1701881999999,283130559.85045,104236,64696.367,146399454.81543,0
1701882000000,2267.62,2285.82,2265.68,2269.65,140326.436,1701885599999,319431979.47895,117111,73077.301,166372273.09089,0
1701885600000,2269.67,2276.23,2265.41,2273.72,65956.198,1701889199999,149863646.15545,60922,33852.761,76917109.51397,0
1701889200000,2273.72,2274.45,2260,2263.72,66503.628,1701892799999,150800807.06326,59233,30238.958,68570876.20106,0
1701892800000,2263.72,2266,2252,2252.16,71673.239,1701896399999,161945266.83698,65337,32686.621,73872630.11287,0
1701896400000,2252.16,2261.84,2234.40,2248.32,119770.533,1701899999999,269188447.59624,102895,54590.544,122719423.46629,0
1701900000000,2248.32,2257.92,2218.49,2233.27,142660.422,1701903599999,319196853.57181,106148,57635.364,129006799.17331,0
1701903600000,2233.27,2236.72,2220.15,2233.29,116018.163,1701907199999,258685886.37270,91242,56271.293,125482169.41388,0
1701907200000,2233.32,2245.91,2230.79,2242.25,72721.405,1701910799999,162852115.26445,71364,38118.635,85345970.51533,0
1701910800000,2242.24,2246,2237.37,2244.47,50666.170,1701914399999,113631314.81737,50918,26062.087,58458043.43630,0
1701914400000,2244.47,2249.27,2241.57,2248.94,46400.816,1701917999999,104221917.93403,42655,26389.798,59270954.86200,0
1701918000000,2248.94,2250.73,2244.21,2249.78,35103.760,1701921599999,78913718.94971,39756,17551.283,39454740.81344,0
1701921600000,2249.77,2267.12,2248.37,2265.05,78872.459,1701925199999,178291944.75745,72786,42393.572,95821304.41336,0
1701925200000,2265.06,2270,2262.37,2265.27,58103.353,1701928799999,131699308.88372,56150,26688.042,60495313.88318,0
1701928800000,2265.28,2267.98,2258.57,2260.55,71186.869,1701932399999,161118511.10773,63076,30628.468,69322935.09330,0
1701932400000,2260.56,2265.50,2260.30,2261.96,36885.422,1701935999999,83467232.99054,37549,17932.366,40578927.24224,0
1701936000000,2261.96,2269.79,2245,2246.04,143097.663,1701939599999,322688766.26186,122281,66728.624,150511072.88701,0
1701939600000,2246.08,2248.69,2222.08,2242.10,293619.507,1701943199999,656675608.33758,228948,140522.327,314312279.54560,0
1701943200000,2242.10,2244.03,2231.84,2233.30,98124.740,1701946799999,219459642.28570,99355,47203.140,105571085.03277,0
1701946800000,2233.30,2244.50,2231.11,2236.98,90699.847,1701950399999,202991925.62725,87883,48492.058,108529814.01747,0
1701950400000,2236.97,2256.86,2232.68,2256.37,125614.359,1701953999999,282133105.09298,112867,68902.401,154757126.03103,0
1701954000000,2256.36,2259.04,2244.33,2249.45,94840.742,1701957599999,213490117.06832,82188,41241.484,92836091.06582,0
1701957600000,2249.44,2272.08,2247.79,2267.51,121098.759,1701961199999,273605876.01830,102247,67406.952,152299454.77783,0
1701961200000,2267.52,2332.89,2266.65,2322.81,596435.575,1701964799999,1375613320.62270,447304,314467.987,725229529.70128,0
1701964800000,2322.82,2355.11,2317.50,2347.72,420737.204,1701968399999,984594524.36752,326366,219481.219,513630824.22664,0
1701968400000,2347.73,2348.04,2325.05,2336.98,258865.437,1701971999999,604837552.73755,212595,125448.261,293126341.42591,0
1701972000000,2336.97,2359.05,2334.16,2338.88,172738.934,1701975599999,405317169.70143,156557,86167.359,202199445.08881,0
1701975600000,2338.91,2344.67,2327.18,2337.55,131106.573,1701979199999,306201609.02973,122016,63803.495,149019250.97621,0
1701979200000,2337.56,2348.99,2336.87,2343.68,99523.379,1701982799999,233378220.94298,93176,45265.839,106136153.34567,0
1701982800000,2343.69,2387.20,2343.57,2370.57,285192.190,1701986399999,675220045.24416,223157,153784.908,364145239.15726,0
1701986400000,2370.57,2380,2351.30,2351.38,117346.760,1701989999999,277585010.82754,100565,54434.061,128797004.49949,0
1701990000000,2351.39,2360,2348.48,2357.04,93086.223,1701993599999,219188212.33422,77462,48658.375,114581608.90959,0
1701993600000,2357.05,2365.94,2353.21,2361.92,87051.649,1701997199999,205401793.30821,76864,45282.768,106858204.04801,0
1701997200000,2361.92,2368.60,2357.35,2362.03,71417.051,1702000799999,168810965.32059,69107,32964.694,77927624.83099,0
1702000800000,2362.03,2389.95,2362.03,2379.16,143613.548,1702004399999,341395915.74453,120985,84191.035,200146524.13061,0
1702004400000,2379.15,2382.86,2370.68,2376.35,87267.126,1702007999999,207357427.45274,84040,40818.449,96997802.33341,0
1702008000000,2376.35,2397.44,2369.33,2370.54,164550.369,1702011599999,391857628.89608,119889,82100.808,195598262.28603,0
1702011600000,2370.54,2379,2368.60,2377.68,68960.354,1702015199999,163714705.27054,62716,37086.137,88048440.86392,0
1702015200000,2377.69,2382.89,2370.13,2376.01,69258.654,1702018799999,164619913.78747,67203,35185.925,83636551.27460,0
1702018800000,2376.01,2377.12,2354.21,2354.99,148273.253,1702022399999,350466799.36424,127536,63617.019,150379274.65682,0
1702022400000,2355,2360.30,2350.68,2353.63,128979.367,1702025999999,303776445.91017,105281,60985.091,143647461.67406,0
1702026000000,2353.63,2359.49,2345.71,2348.71,85046.455,1702029599999,200154438.19449,77187,39729.084,93506487.92343,0
1702029600000,2348.69,2362.41,2348.17,2359.37,91199.182,1702033199999,214941417.78099,79988,49348.639,116302921.87488,0
1702033200000,2359.37,2374.97,2356.59,2367.11,128829.606,1702036799999,304930323.62186,114108,67760.146,160379464.58249,0
1702036800000,2367.08,2370.39,2361.76,2363.72,70312.776,1702040399999,166356419.85307,78338,32372.068,76594079.27550,0
1702040400000,2363.71,2364.50,2333.36,2344.83,219377.016,1702043999999,515820167.66271,184236,95459.970,224484357.47434,0
1702044000000,2344.84,2370.31,2340.06,2365.37,233496.443,1702047599999,549808643.26973,183648,125396.299,295317291.31181,0
1702047600000,2365.38,2380,2345,2347.44,211387.976,1702051199999,499522783.18523,154516,99312.892,234733024.14403,0
1702051200000,2347.43,2363.30,2346.92,2356.99,115327.440,1702054799999,271723631.54051,99531,61132.614,144032134.01525,0
1702054800000,2356.98,2358.33,2340.54,2351.76,130640.207,1702058399999,306961230.61052,97266,63421.381,149026285.00907,0
1702058400000,2351.77,2359.16,2346.88,2346.90,66108.279,1702061999999,155556991.66600,56367,31256.489,73562840.76887,0
1702062000000,2346.89,2357.74,2346.64,2354.44,36105.785,1702065599999,84963272.07750,42164,20035.615,47142566.73221,0
1702065600000,2354.43,2369.90,2353.40,2367.52,72261.277,1702069199999,170674657.20886,69360,39740.398,93864532.25055,0
1702069200000,2367.53,2379.56,2362.03,2369.99,144783.694,1702072799999,343079961.52523,111675,69636.615,165052859.50779,0
1702072800000,2370,2374.01,2364.16,2365.54,45960.663,1702076399999,108885831.01002,47600,22658.840,53683707.15748,0
1702076400000,2365.54,2367.49,2355.60,2360.82,71773.053,1702079999999,169492409.56333,64811,33765.724,79737279.71356,0
1702080000000,2360.82,2368.43,2360.01,2364,56545.684,1702083599999,133718525.96896,53569,28663.188,67781530.90897,0
1702083600000,2363.99,2364.97,2351.20,2355.93,66867.573,1702087199999,157524297.70029,61827,31702.508,74681217.84864,0
1702087200000,2355.93,2357.26,2350.08,2353.85,30046.365,1702090799999,70729226.03958,38495,14688.560,34579058.76939,0
1702090800000,2353.86,2365.17,2353.85,2361.79,39704.267,1702094399999,93718263.03723,43648,21238.269,50127010.91371,0
1702094400000,2361.79,2370.95,2361.01,2369.73,49381.325,1702097999999,116837805.96648,48595,27710.015,65564473.65508,0
1702098000000,2369.77,2374.88,2367.23,2368.96,57168.610,1702101599999,135530650.71040,58379,26611.425,63087739.29656,0
1702101600000,2368.96,2384.14,2368.74,2372.49,111176.087,1702105199999,264079104.44427,78074,55758.020,132451057.90168,0
1702105200000,2372.48,2390.20,2369.50,2385.40,121697.327,1702108799999,289836632.53774,104784,63547.033,151353204.72568,0
1702108800000,2385.27,2407.63,2358.27,2364.09,448766.779,1702112399999,1069093837.30273,308081,219754.906,523659296.48167,0
1702112400000,2364.09,2376.96,2355.75,2360.05,178691.303,1702115999999,422898450.16224,143579,85139.813,201526768.33008,0
1702116000000,2360.04,2364.93,2352,2361.79,94216.247,1702119599999,222320615.75436,83766,43388.262,102393044.64313,0
1702119600000,2361.79,2363.15,2350,2358.68,87598.865,1702123199999,206376697.24466,80101,44344.160,104480817.16245,0
1702123200000,2358.67,2363.97,2352.37,2360.53,63594.575,1702126799999,149930495.81318,71132,33519.146,79029216.77585,0
1702126800000,2360.52,2362.37,2351.74,2361.51,75632.246,1702130399999,178310794.23588,72179,39651.013,93494690.19395,0
1702130400000,2361.51,2371.85,2336.90,2353.81,250931.211,1702133999999,590650968.64445,192479,117882.524,277632872.66072,0
1702134000000,2353.81,2368.80,2349.03,2364.54,119502.238,1702137599999,281760971.44142,115870,59130.792,139417131.76246,0
1702137600000,2364.55,2367.35,2347.47,2356.90,94003.589,1702141199999,221616821.14660,92461,43910.669,103504866.62904,0
1702141200000,2356.90,2356.90,2343.52,2349.71,96236.789,1702144799999,226119521.97037,85292,45374.446,106610127.99671,0
1702144800000,2349.72,2362.54,2349.07,2360.54,49701.727,1702148399999,117149667.61761,52743,24049.433,56680035.72692,0
1702148400000,2360.54,2362.71,2357.01,2359.46,32117.487,1702151999999,75795462.33172,37540,14525.281,34277636.38130,0
1702152000000,2359.46,2359.93,2347.62,2354.65,47504.453,1702155599999,111812255.92517,47560,22290.533,52459159.34254,0
1702155600000,2354.65,2360.53,2345.35,2356.08,54952.603,1702159199999,129328183.36550,53047,29145.763,68601453.42442,0
1702159200000,2356.09,2364.30,2354.27,2354.73,32334.219,1702162799999,76308912.49814,37961,14975.864,35342885.06270,0
1702162800000,2354.73,2358.99,2328,2342.40,163883.801,1702166399999,383516154.56081,134137,75735.036,177237098.61561,0
1702166400000,2342.41,2355.70,2341.48,2353.35,65028.484,1702169999999,152654662.21967,70683,36467.246,85604286.37109,0
1702170000000,2353.36,2357,2347.59,2350.70,51133.909,1702173599999,120274825.17107,50469,20810.138,48955020.47311,0
1702173600000,2350.70,2353.51,2344.61,2346.96,43550.014,1702177199999,102249467.88845,46685,21612.415,50743381.55964,0
1702177200000,2346.95,2353.42,2346.62,2353.03,28655.518,1702180799999,67343276.12563,37040,14646.289,34418603.25500,0
1702180800000,2353.03,2356.66,2350.35,2356.36,26278.049,1702184399999,61857049.28266,32442,12467.895,29348955.59624,0
1702184400000,2356.36,2360.69,2353.37,2358.96,33647.658,1702187999999,79293860.97006,39450,18828.375,44375204.87970,0
1702188000000,2358.96,2359.53,2349.78,2352.04,36655.645,1702191599999,86270379.46113,42188,14886.919,35036022.92230,0
1702191600000,2352.04,2356.25,2346,2355.38,49134.552,1702195199999,115490567.49868,52599,27096.674,63691990.22075,0
1702195200000,2355.31,2357.96,2340.31,2345.56,93471.711,1702198799999,219488687.22414,81712,42586.316,100004506.42788,0
1702198800000,2345.56,2347.59,2323,2324.52,145394.724,1702202399999,339594797.02526,119021,62022.409,144894860.46266,0
1702202400000,2324.52,2338.45,2323.77,2337.65,90530.216,1702205999999,211159425.97034,83435,48662.319,113488255.19743,0
1702206000000,2337.64,2341.43,2335.73,2339.44,40217.957,1702209599999,94068458.18125,46748,20810.643,48677501.91011,0
1702209600000,2339.44,2351.75,2338.79,2351.48,60382.561,1702213199999,141632533.20943,63170,33672.482,78978317.25507,0
1702213200000,2351.47,2351.90,2341.41,2347,67230.860,1702216799999,157789912.32802,60466,30601.638,71826280.15660,0
1702216800000,2347,2354.87,2345.36,2347.64,64378.123,1702220399999,151269446.17030,57007,32346.452,76013076.89895,0
1702220400000,2347.64,2357.77,2345.71,2353.52,68502.776,1702223999999,161190443.03410,66815,36167.272,85109981.51166,0
1702224000000,2353.53,2357.71,2346.69,2349.68,54390.627,1702227599999,127890286.50633,51901,24572.924,57779367.50090,0
1702227600000,2349.68,2350.89,2342.11,2346.69,36006.519,1702231199999,84481804.12795,43471,16491.382,38693413.47895,0
1702231200000,2346.68,2364.56,2346.60,2358.60,95532.264,1702234799999,225208117.07871,77283,48726.064,114848592.69734,0
1702234800000,2358.59,2361.22,2352.56,2357.12,42230.435,1702238399999,99534973.54615,44798,18264.669,43049260.48109,0
1702238400000,2357.12,2379.92,2356.30,2378.48,106590.011,1702241999999,252511613.57886,94003,65138.838,154311797.29727,0
1702242000000,2378.48,2379.98,2361.12,2361.16,88241.817,1702245599999,209066879.09761,86033,39381.526,93314038.82026,0
1702245600000,2361.17,2369.60,2358.88,2363,33416.079,1702249199999,79034109.27785,43336,17453.528,41284672.06406,0
1702249200000,2363,2366.50,2344.31,2353.97,89188.195,1702252799999,209798222.89623,88897,41558.822,97766763.07365,0
1702252800000,2353.99,2356.73,2344.18,2345.22,53582.850,1702256399999,125999674.81984,59767,22649.978,53265356.06879,0
1702256400000,2345.21,2345.22,2328,2333.50,175885.897,1702259999999,410534597.51298,148711,82946.485,193613208.33438,0
1702260000000,2333.50,2333.51,2114.63,2230.13,1077234.160,1702263599999,2412125468.33772,751194,466871.622,1044719229.55288,0
1702263600000,2230.14,2257,2225,2251.31,231351.300,1702267199999,518854540.32123,216556,110530.721,247897389.50818,0
1702267200000,2251.32,2252.55,2231.81,2241.39,156317.256,1702270799999,350399664.03630,147373,67129.500,150443676.18495,0
1702270800000,2241.39,2254.89,2230.88,2250.72,133154.603,1702274399999,298491698.80601,122081,64636.367,144920494.23338,0
1702274400000,2250.72,2251.50,2225.66,2243.36,160978.093,1702277999999,360404656.53004,140258,75955.006,170053961.75387,0
1702278000000,2243.36,2249.30,2236,2237.15,104376.033,1702281599999,233998709.51609,96224,52494.532,117678938.85812,0
1702281600000,2237.16,2246.89,2230.40,2244.46,98329.850,1702285199999,220059068.06207,94585,49812.347,111484059.01764,0
1702285200000,2244.46,2250.52,2241.51,2248.79,79105.353,1702288799999,177719139.72550,74991,37968.948,85305174.52268,0
1702288800000,2248.78,2253.80,2241.36,2246.09,83430.924,1702292399999,187559982.52524,69977,39001.590,87689800.58055,0
1702292400000,2246.09,2251.37,2236.35,2249.97,76506.250,1702295999999,171803531.06012,71952,37784.274,84853223.12634,0
1702296000000,2249.96,2252.54,2242.04,2242.43,64086.051,1702299599999,144025986.29446,61739,28579.348,64235873.12317,0
1702299600000,2242.43,2246.19,2228.10,2231.97,121238.430,1702303199999,271328674.07187,104657,59065.112,132206766.44520,0
1702303200000,2232,2237.58,2217.33,2220.45,256682.704,1702306799999,571528742.88490,209924,127799.986,284567312.53403,0
1702306800000,2220.33,2229,2199.50,2220.05,182058.675,1702310399999,403800960.34194,158244,88609.524,196606479.09555,0
1702310400000,2220.05,2223.45,2188,2221.42,383052.763,1702313999999,844959084.76817,280339,193190.087,426285828.31292,0
1702314000000,2221.42,2221.89,2201.87,2205.92,131840.676,1702317599999,291339751.35603,118122,63125.091,139488028.47735,0
1702317600000,2205.92,2205.92,2156,2192.39,456164.183,1702321199999,995553313.50910,351660,215668.657,470802918.24826,0
1702321200000,2192.38,2196.98,2158.70,2188.61,271367.130,1702324799999,591407885.20391,213176,130796.653,285089047.25103,0
1702324800000,2188.60,2202.87,2181.98,2202,158362.244,1702328399999,347012792.65594,127458,84173.922,184479718.84316,0
1702328400000,2202,2219.80,2200.82,2219.04,143467.386,1702331999999,317281205.32801,114445,75517.818,167015345.05176,0
1702332000000,2219.03,2226.92,2215.21,2224.30,58471.664,1702335599999,129842501.57031,56943,31953.275,70961403.77128,0
1702335600000,2224.30,2227.99,2216.88,2225.56,58141.905,1702339199999,129207047.85863,55152,27649.088,61447642.59835,0
1702339200000,2225.55,2242.50,2222.10,2231.52,153600.205,1702342799999,342999522.30868,123440,80893.663,180644945.88764,0
1702342800000,2231.53,2241.05,2228.10,2236.07,90712.524,1702346399999,202815265.52901,81461,46743.293,104513120.58824,0
1702346400000,2236.07,2245.37,2233.42,2239.42,66112.745,1702349999999,148083043.65341,71132,31888.460,71434734.69634,0
1702350000000,2239.46,2241.27,2230.02,2232.23,64750.591,1702353599999,144802767.45938,57363,26758.070,59845929.37979,0
1702353600000,2232.24,2236,2217.55,2218.14,74826.564,1702357199999,166732987.66285,74350,33410.901,74457164.64631,0
1702357200000,2218.13,2232.69,2217.91,2226.58,69397.943,1702360799999,154572344.13387,67715,36116.506,80427842.34694,0
1702360800000,2226.57,2227.56,2213.12,2225.61,104451.107,1702364399999,231958876.48134,95670,50763.430,112736329.66126,0
1702364400000,2225.61,2239.96,2224.88,2233.92,114343.270,1702367999999,255213010.15842,99915,61979.931,138335818.78512,0
1702368000000,2233.92,2239.17,2227.07,2236.18,77831.792,1702371599999,173729974.72556,81740,37213.221,83067798.85374,0
1702371600000,2236.18,2236.18,2226.46,2227.35,67604.741,1702375199999,150838610.06473,67739,33135.982,73931442.46515,0
1702375200000,2227.34,2228.64,2222.49,2226.49,57396.871,1702378799999,127751892.21578,58542,27961.305,62235156.14716,0
1702378800000,2226.50,2226.95,2208.01,2209.51,100255.002,1702382399999,222263758.72718,90846,47243.910,104740757.98534,0
1702382400000,2209.52,2229.58,2208.46,2225.97,110748.383,1702385999999,245686853.07816,99476,58458.322,129676042.98584,0
1702386000000,2225.97,2234.80,2216.03,2224.46,169707.436,1702389599999,377735500.13042,162838,86268.943,192030836.22048,0
1702389600000,2224.47,2226.76,2201.38,2207.77,193527.298,1702393199999,428651272.17974,166837,96071.066,212816160.13524,0
1702393200000,2207.76,2213.89,2186.42,2194.71,245123.125,1702396799999,539014742.26598,211251,122750.927,269940885.21141,0
1702396800000,2194.70,2200.31,2185.01,2193.76,151695.261,1702400399999,332589849.65909,145531,76048.819,166738234.65943,0
1702400400000,2193.77,2194.02,2168.38,2174.13,230936.166,1702403999999,503080795.26416,199994,106880.907,232836235.76043,0
1702404000000,2174.14,2197.40,2172.64,2192.48,149098.529,1702407599999,326448914.75811,127487,79218.737,173429717.61374,0
1702407600000,2192.48,2192.74,2174.80,2180.44,123676.464,1702411199999,270008567.54280,104830,58453.005,127633979.24840,0
1702411200000,2180.44,2191.37,2172.02,2188.51,140393.539,1702414799999,306309312.45911,111679,72274.085,157731527.01558,0
1702414800000,2188.51,2193.97,2164.82,2174.58,127066.427,1702418399999,277221283.15023,105436,54773.440,119536068.79602,0
1702418400000,2174.59,2192.47,2173,2189.48,85354.847,1702421999999,186294674.80771,72292,47015.375,102616973.49598,0
1702422000000,2189.48,2207.91,2189.37,2204.70,93297.062,1702425599999,205400881.02856,83984,53473.855,117714605.85111,0
1702425600000,2204.71,2208.47,2200.04,2205.32,72059.453,1702429199999,158811143.10264,71430,37836.040,83383763.10897,0
1702429200000,2205.33,2206.45,2175.44,2175.64,167622.723,1702432799999,366591297.99955,144065,74749.283,163455804.83807,0
1702432800000,2175.51,2181.92,2146,2175.99,300417.367,1702436399999,651259239.38800,221098,144879.087,314191391.27440,0
1702436400000,2175.99,2179.86,2163.60,2167.28,109475.781,1702439999999,237672222.38776,95606,55468.317,120432762.58693,0
1702440000000,2167.29,2169.03,2145.33,2168.50,182881.690,1702443599999,394904362.62995,145446,87649.295,189309351.56879,0
1702443600000,2168.50,2174.91,2164.23,2174.67,72906.490,1702447199999,158231126.57070,66597,39289.688,85279388.40971,0
1702447200000,2174.68,2177.72,2153.25,2155.38,109013.104,1702450799999,236132133.70270,92357,51022.749,110535647.27980,0
1702450800000,2155.38,2181.86,2150,2174.44,157310.411,1702454399999,341362069.63305,135264,86673.289,188098715.89718,0
1702454400000,2174.45,2187.89,2173.41,2186.65,87421.405,1702457999999,190708183.07271,78265,48160.780,105056376.14145,0
1702458000000,2186.64,2187.02,2168.90,2179.44,91586.999,1702461599999,199455028.32815,81306,40990.179,89265283.05217,0
1702461600000,2179.44,2182.65,2170.52,2179.39,92430.738,1702465199999,201121719.37678,74019,45977.201,100058207.88266,0
1702465200000,2179.38,2183.19,2170.86,2173.04,80039.243,1702468799999,174325230.17349,68584,36003.785,78426799.76123,0
1702468800000,2173.05,2184.79,2170.53,2184.17,64871.357,1702472399999,141396658.30548,60157,34354.292,74877142.52134,0
1702472400000,2184.18,2197,2181.85,2192.15,127515.104,1702475999999,279403171.99392,107597,64338.227,140974662.02887,0
1702476000000,2192.15,2193.82,2183.29,2189.82,107489.090,1702479599999,235218419.67547,85254,48505.825,106152435.24586,0
1702479600000,2189.83,2227,2189.41,2218.78,304364.216,1702483199999,673808115.22938,227994,156861.468,347208808.73715,0
1702483200000,2218.78,2229.88,2202.27,2206.60,204727.831,1702486799999,453750183.54856,159207,97669.540,216462074.13600,0
1702486800000,2206.60,2216.83,2203.26,2214.91,104134.822,1702490399999,230210145.46667,92573,53481.650,118237484.43617,0
1702490400000,2214.91,2222.91,2211,2217.67,81761.583,1702493999999,181293263.62245,78363,41786.459,92659510.26300,0
1702494000000,2217.67,2257.13,2217.67,2253.77,292277.981,1702497599999,655113930.90408,253046,151558.445,339664344.88419,0
1702497600000,2253.78,2264,2246.04,2259.72,187157.714,1702501199999,421982565.00270,153399,89462.773,201741119.24254,0
1702501200000,2259.57,2268.36,2250.07,2262.59,123921.728,1702504799999,279944568.86924,106112,60894.072,137569473.16640,0
1702504800000,2262.59,2285.91,2258.94,2261.83,196235.172,1702508399999,446145451.58246,165192,103253.490,234763969.93947,0
1702508400000,2261.84,2265.85,2256.30,2261.44,83196.730,1702511999999,188140562.67271,76632,41847.283,94639084.02751,0
1702512000000,2261.45,2263.57,2254.30,2259.97,87228.273,1702515599999,196986212.99739,83331,39767.278,89801288.37274,0
1702515600000,2259.96,2261.85,2248.34,2255.05,71438.808,1702519199999,161107591.26453,74324,30973.815,69855946.26125,0
1702519200000,2255.05,2255.99,2246.13,2253.22,56491.216,1702522799999,127147094.21999,58106,26928.955,60618848.62023,0
1702522800000,2253.23,2255.68,2248.02,2252.34,41183.474,1702526399999,92759312.31962,46742,21129.546,47591736.11562,0
1702526400000,2252.35,2255.89,2246.89,2248.03,44301.839,1702529999999,99731539.19476,44488,19583.834,44086679.19063,0
1702530000000,2248.04,2263.31,2247.56,2262.44,87441.272,1702533599999,197421843.02728,69789,49245.571,111188904.97164,0
1702533600000,2262.44,2283,2258.73,2279.25,170938.259,1702537199999,388451206.61675,135844,87808.362,199561011.40682,0
1702537200000,2279.24,2284.27,2270.37,2283.20,99755.602,1702540799999,227126466.84767,88256,43532.450,99121004.08022,0
1702540800000,2283.20,2289.98,2273,2274.70,166401.649,1702544399999,379555543.99192,121470,76310.005,174084264.87606,0
1702544400000,2274.71,2289.75,2271.79,2285.88,127925.984,1702547999999,291564770.13249,95223,68159.507,155376697.67622,0
1702548000000,2285.88,2292.05,2277,2286.31,170885.877,1702551599999,390272561.13470,115807,84418.732,192838298.37688,0
1702551600000,2286.31,2309,2281.50,2308.57,200206.865,1702555199999,459437475.00555,151896,104237.496,239232589.69101,0
1702555200000,2308.57,2319,2297.03,2302.89,177524.333,1702558799999,409488376.72822,158610,89472.170,206389594.46654,0
1702558800000,2302.89,2304.46,2212.04,2280.03,592848.013,1702562399999,1343446253.81190,459953,289193.975,655577518.05888,0
1702562400000,2280.02,2298.31,2267.80,2288.73,234980.084,1702565999999,536397803.58724,215287,113128.678,258303871.56283,0
1702566000000,2288.73,2290.83,2268.16,2275.95,157224.561,1702569599999,358412841.33942,149548,78340.178,178593589.11555,0
1702569600000,2275.94,2290.55,2275.05,2283,105603.825,1702573199999,241009379.42770,105314,54950.877,125421356.64056,0
1702573200000,2283.01,2315,2282.50,2305.33,227293.303,1702576799999,523483490.45844,200677,114949.343,264719470.04543,0
1702576800000,2305.34,2305.44,2286.29,2287.89,116363.757,1702580399999,267028437.74844,108710,55932.217,128345483.81882,0
1702580400000,2287.89,2294.48,2284,2293.19,46312.672,1702583999999,106006902.09390,54542,25595.717,58594503.97520,0
1702584000000,2293.19,2293.37,2283.27,2290.93,47409.286,1702587599999,108460960.57502,55980,23792.750,54433982.68547,0
1702587600000,2290.92,2302.67,2289.68,2299.50,48283.863,1702591199999,110927408.10255,54990,25214.432,57929158.94363,0
1702591200000,2299.50,2316.47,2297.46,2315.93,57833.853,1702594799999,133454225.29828,66742,32261.379,74450300.40459,0
1702594800000,2315.92,2333.29,2313.86,2316.54,143165.624,1702598399999,332647506.62637,135438,70509.211,163822703.94474,0
1702598400000,2316.53,2319.32,2299.75,2300.78,93509.750,1702601999999,215992882.76986,91411,45096.462,104185158.04077,0
1702602000000,2300.79,2306.08,2296.52,2299.51,81642.109,1702605599999,187862708.87405,74604,42533.284,97878198.10727,0
1702605600000,2299.50,2301,2286.20,2288.15,84363.128,1702609199999,193371076.94064,79015,35912.033,82323137.87076,0
1702609200000,2288.14,2290.81,2273,2281.72,114766.203,1702612799999,262077759.20755,102108,49804.845,113740868.11257,0
1702612800000,2281.73,2284.40,2275.52,2282.45,67347.243,1702616399999,153519998.23849,66013,37591.888,85692327.35847,0
1702616400000,2282.46,2284.44,2263.50,2266.52,183754.885,1702619999999,417501148.10600,135719,82243.660,186886129.03756,0
1702620000000,2266.52,2270.50,2256.75,2260.90,100004.598,1702623599999,226516067.69202,85166,48601.023,110115603.75441,0
1702623600000,2260.89,2272.50,2260,2272.50,105638.929,1702627199999,239450868.88024,78220,61245.001,138828941.82390,0
1702627200000,2272.49,2280.44,2266.18,2278.19,106959.729,1702630799999,242971913.59230,86445,58763.804,133510324.32955,0
1702630800000,2278.19,2288.17,2275.33,2279.73,104937.295,1702634399999,239480080.51305,99052,52476.950,119766433.41585,0
1702634400000,2279.73,2282.77,2272.80,2280.78,80083.082,1702637999999,182503228.65647,67071,39723.456,90529621.90193,0
1702638000000,2280.79,2281.29,2270.56,2274.31,74119.799,1702641599999,168641617.23747,61611,35403.484,80554809.26530,0
1702641600000,2274.31,2275,2260.33,2261.38,110484.867,1702645199999,250374930.75285,91195,47059.582,106641803.09523,0
1702645200000,2261.38,2262.46,2243,2250.62,230315.291,1702648799999,518687683.03285,199520,107861.372,242924017.70717,0
1702648800000,2250.62,2255.77,2234.04,2245.21,167235.599,1702652399999,375395802.54691,152975,75599.808,169745770.02626,0
1702652400000,2245.21,2250.55,2225.57,2233.19,184411.776,1702655999999,412287074.47979,178035,89025.963,199090470.00134,0
1702656000000,2233.18,2246.66,2228.94,2238.49,140367.706,1702659599999,314244046.75145,127340,71882.521,160919364.00651,0
1702659600000,2238.50,2247.04,2230.91,2231.05,91566.433,1702663199999,205127578.53898,92616,44075.877,98741710.29332,0
1702663200000,2231.05,2246.21,2230.19,2245.56,55553.048,1702666799999,124446676.47851,59493,33802.198,75717564.09510,0
1702666800000,2245.56,2250.38,2240.13,2243.24,53120.541,1702670399999,119302369.45818,61130,26007.957,58417740.54835,0
1702670400000,2243.24,2253.77,2241.09,2251.23,51130.952,1702673999999,114996106.30424,54611,27542.793,61944530.43083,0
1702674000000,2251.23,2253.09,2244,2247.28,39591.393,1702677599999,89038082.62350,46067,17778.524,39978925.96809,0
1702677600000,2247.25,2247.25,2226.37,2231.96,86589.284,1702681199999,193596022.87568,86544,34813.251,77837476.82511,0
1702681200000,2231.96,2238.88,2195.28,2221.71,212091.393,1702684799999,470512150.15422,166339,98080.457,217646493.33921,0
1702684800000,2221.71,2232.72,2211.16,2229.16,144819.220,1702688399999,322087845.71139,140568,74035.921,164665798.49309,0
1702688400000,2229.16,2247.11,2228.54,2242.80,94081.208,1702691999999,210741091.88776,96425,50495.405,113103262.62830,0
1702692000000,2242.80,2248.43,2242,2245.96,73715.895,1702695599999,165480657.98526,67063,37972.504,85244111.82069,0
1702695600000,2245.97,2261,2245.97,2255.57,116458.827,1702699199999,262395401.83605,97962,64400.540,145093451.33361,0
1702699200000,2255.57,2256.62,2247.82,2251.29,56688.899,1702702799999,127700264.09911,57930,26414.813,59509944.71024,0
1702702800000,2251.29,2253.30,2246.59,2249.14,33923.849,1702706399999,76319706.43789,38740,13622.957,30646331.04618,0
1702706400000,2249.14,2251.60,2242.64,2245.51,44419.593,1702709999999,99770052.63341,47704,19351.530,43468860.88428,0
1702710000000,2245.51,2246.89,2238.60,2242.54,48592.570,1702713599999,108974176.87213,59756,21005.398,47107440.98557,0
1702713600000,2242.54,2247.68,2240.48,2245.30,42165.149,1702717199999,94609229.01563,52666,19898.965,44650619.30031,0
1702717200000,2245.30,2252.32,2245.30,2247.46,55618.805,1702720799999,125121284.01474,57360,28335.808,63742589.38712,0
1702720800000,2247.46,2249.87,2245,2249.12,34603.669,1702724399999,77759891.59663,41182,16003.363,35964011.76937,0
1702724400000,2249.12,2254.92,2246.33,2254.91,43883.648,1702727999999,98787271.20563,46348,22627.740,50939745.02404,0
1702728000000,2254.90,2258.90,2248.92,2257.58,58352.956,1702731599999,131547144.13342,59111,31250.717,70450886.70458,0
1702731600000,2257.58,2260.73,2240.03,2246.89,119398.917,1702735199999,268465188.32692,103147,51854.611,116586362.01068,0
1702735200000,2246.89,2249.96,2242.24,2248.74,52530.972,1702738799999,118010901.88428,53146,25419.883,57110137.10931,0
1702738800000,2248.74,2259.13,2246.25,2257.82,61834.291,1702742399999,139314920.66046,71818,32631.191,73521999.07233,0
1702742400000,2257.83,2264.95,2251.81,2254.32,96015.681,1702745999999,216792719.71770,89640,48399.798,109291274.36598,0
1702746000000,2254.32,2255.90,2247.25,2250.62,51517.118,1702749599999,116015752.60587,62802,24752.475,55741304.58288,0
1702749600000,2250.63,2250.93,2234.51,2244.16,79107.803,1702753199999,177456454.55386,78205,34818.907,78108372.38779,0
1702753200000,2244.15,2247.37,2230.65,2236.02,78247.781,1702756799999,175085066.32029,82081,38284.632,85672453.69825,0
1702756800000,2236.04,2242.60,2233.35,2238.79,43700.861,1702760399999,97846638.70764,49840,22982.722,51462333.83303,0
1702760400000,2238.78,2240.36,2227.48,2231.34,55629.211,1702763999999,124293185.71959,57927,25190.823,56292075.41398,0
1702764000000,2231.34,2236,2220,2230.21,71010.828,1702767599999,158322202.03448,70480,34887.929,77805141.61371,0
1702767600000,2230.21,2231.40,2221.27,2229.64,59079.703,1702771199999,131534664.43278,57471,30490.575,67880344.92931,0
1702771200000,2229.63,2234.98,2226.38,2226.48,48574.748,1702774799999,108409163.83464,51719,24572.215,54846046.17632,0
1702774800000,2226.52,2233.43,2220.01,2224.58,69586.419,1702778399999,154939974.72142,73363,34581.371,77005501.27494,0
1702778400000,2224.58,2231.44,2212.50,2215.19,65987.330,1702781999999,146621802.94502,71765,29521.671,65622814.58863,0
1702782000000,2215.19,2222.63,2212.65,2217.74,55230.215,1702785599999,122507759.36193,59270,27158.126,60238254.43300,0
1702785600000,2217.72,2225,2217.50,2222.49,33984.456,1702789199999,75512570.99693,40448,18141.535,40308220.20072,0
1702789200000,2222.50,2225.39,2206.94,2215.60,80447.801,1702792799999,178160129.10522,71921,37876.757,83895790.17105,0
1702792800000,2215.61,2218.21,2201.28,2215.80,101611.824,1702796399999,224474402.43808,93742,48490.343,107131665.85075,0
1702796400000,2215.80,2218.66,2207.49,2209.79,64570.835,1702799999999,142942679.16852,67572,32297.309,71501625.32551,0
1702800000000,2209.79,2218.26,2206.08,2216.32,67106.400,1702803599999,148474580.95690,66972,35906.748,79447850.09774,0
1702803600000,2216.32,2221.99,2210.60,2220.82,61825.531,1702807199999,137071408.22409,60948,32767.042,72661101.94352,0
1702807200000,2220.81,2221.75,2214.68,2217.53,39167.238,1702810799999,86892074.81749,43332,19841.323,44017591.77333,0
1702810800000,2217.53,2220.33,2211.31,2217.29,51145.734,1702814399999,113347193.14322,51281,25053.749,55529707.11553,0
1702814400000,2217.29,2221.84,2212.31,2218.82,51084.514,1702817999999,113231837.77821,52938,26040.817,57724321.46085,0
1702818000000,2218.82,2219.46,2206.79,2210.98,64904.140,1702821599999,143507882.54118,71266,29883.928,66073169.23436,0
1702821600000,2210.97,2218.88,2200,2209.81,129846.483,1702825199999,287047889.17666,117084,65193.143,144143155.84436,0
1702825200000,2209.81,2227.99,2207,2223.55,85663.493,1702828799999,190031547.86355,81479,48094.511,106714335.48205,0
1702828800000,2223.56,2235.41,2215.04,2234.77,112554.171,1702832399999,250678904.57166,106072,60506.549,134776474.32685,0
1702832400000,2234.77,2244.16,2224.05,2227.92,127424.057,1702835999999,285052939.66762,130935,60128.197,134509208.57401,0
1702836000000,2227.91,2240.86,2211.85,2234.25,117944.295,1702839599999,262521939.02218,113710,58960.542,131265963.10364,0
1702839600000,2234.25,2239.77,2232.44,2236.24,37730.008,1702843199999,84365171.43448,47909,16630.849,37188856.95801,0
1702843200000,2236.24,2251.24,2235.80,2248.57,63463.724,1702846799999,142453430.20806,68884,35177.290,78961495.78034,0
1702846800000,2248.46,2248.81,2237.95,2241.93,44932.673,1702850399999,100711269.68905,48432,19728.365,44211709.04669,0
1702850400000,2241.93,2242.32,2212.77,2220.04,103505.834,1702853999999,230232065.50883,94949,44208.715,98303486.04160,0
1702854000000,2220.04,2224.46,2190,2197.93,210484.327,1702857599999,464141730.97145,169209,87432.576,192842892.61756,0
1702857600000,2197.93,2206.89,2192.80,2194.89,136255.776,1702861199999,299735558.53731,115767,67040.520,147507270.28855,0
1702861200000,2194.73,2200.46,2170.53,2171.03,238380.119,1702864799999,520523451.66912,195844,105301.155,229957043.94140,0
1702864800000,2171.08,2180.86,2161.57,2167.31,148348.826,1702868399999,322302028.61725,135446,73560.716,159860937.60606,0
1702868400000,2167.32,2176.98,2165.43,2175.75,71213.439,1702871999999,154674097.84746,74331,38885.018,84461998.17260,0
1702872000000,2175.75,2180,2173.20,2175.12,58177.098,1702875599999,126607370.85188,54310,30692.574,66796652.02067,0
1702875600000,2175.12,2175.57,2165.72,2167.48,52358.664,1702879199999,113669976.80605,57599,22579.817,49024571.40948,0
1702879200000,2167.47,2183.84,2165.53,2181.23,92789.256,1702882799999,201898181.14160,78814,56152.390,122198538.21843,0
1702882800000,2181.23,2185.80,2167.48,2170.05,73369.810,1702886399999,159775959.56283,76392,33264.265,72443664.65556,0
1702886400000,2170.05,2179.31,2160.39,2173.40,97455.260,1702889999999,211583598.37660,98198,48069.615,104368601.40054,0
1702890000000,2173.40,2173.78,2146.02,2159.78,250382.003,1702893599999,540171447.08764,208511,112120.867,241893290.92504,0
1702893600000,2159.77,2160.30,2116.56,2137.37,395387.818,1702897199999,844113348.33199,320303,176562.401,376928066.73549,0
1702897200000,2137.38,2149,2131.53,2143.05,140324.481,1702900799999,300243962.63025,131398,69835.629,149422586.70363,0
1702900800000,2143.05,2144.64,2128.89,2129.13,80857.818,1702904399999,172834566.69835,89107,37559.763,80289725.95751,0
1702904400000,2129.12,2161.53,2128.39,2157.52,145406.550,1702907999999,312160386.33382,137601,77370.968,166077397.53467,0
1702908000000,2157.53,2175.03,2153.36,2170.32,164992.487,1702911599999,357335513.11275,152687,76596.332,165912907.80620,0
1702911600000,2170.31,2171.72,2153.22,2156.17,114539.108,1702915199999,247601329.94816,121394,53813.511,116338883.78178,0
1702915200000,2156.17,2164.28,2150.31,2164.03,102442.309,1702918799999,221016282.17467,104784,53084.274,114534761.38474,0
1702918800000,2164.04,2173.22,2158.97,2163.82,90796.074,1702922399999,196664392.82560,91285,45699.779,98996206.29758,0
1702922400000,2163.82,2172.00,2158.81,2171.50,46489.164,1702925999999,100606563.33404,58058,22780.049,49302849.96851,0
1702926000000,2171.50,2177.10,2169.23,2175.42,69742.094,1702929599999,151589687.51542,74319,37467.533,81444588.23857,0
1702929600000,2175.42,2189.80,2167.87,2186.82,111421.022,1702933199999,242912641.06464,120016,59510.650,129739617.27197,0
1702933200000,2186.82,2218.97,2184.87,2217.45,210507.028,1702936799999,464515053.99307,209799,110789.331,244431599.55697,0
1702936800000,2217.45,2226.52,2212.00,2214.00,120174.407,1702940399999,266681592.53588,112939,59386.924,131784668.18134,0
1702940400000,2214.00,2225.00,2214.00,2220.48,91979.367,1702943999999,204131057.69767,90255,52922.111,117439662.81149,0
1702944000000,2220.49,2224.30,2212.69,2216.21,106187.266,1702947599999,235495489.82626,109453,50737.938,112522641.08285,0
1702947600000,2216.21,2249.95,2213.84,2248.55,234949.139,1702951199999,525008319.51028,214211,129831.829,290113979.39977,0
1702951200000,2248.56,2255.48,2234.30,2234.47,129538.940,1702954799999,290667751.50382,131044,63874.414,143357678.00110,0
1702954800000,2234.48,2240.00,2232.19,2237.72,52445.791,1702958399999,117224719.33502,64700,25684.841,57415615.05756,0
1702958400000,2237.72,2244.54,2232.42,2238.05,62561.763,1702961999999,140045942.74389,72787,30892.946,69162934.76987,0
1702962000000,2238.05,2246.33,2236.37,2244.72,35664.244,1702965599999,79901160.76391,45327,17977.869,40285284.45264,0
1702965600000,2244.72,2248.74,2237.80,2243.97,50864.579,1702969199999,114155389.71641,61731,24501.348,54993819.35447,0
1702969200000,2243.96,2254.67,2243.96,2248.57,69471.778,1702972799999,156241910.20019,78054,34239.868,77012129.66644,0
1702972800000,2248.57,2256.64,2244.98,2248.61,79310.173,1702976399999,178509902.53016,87834,35283.320,79417480.15778,0
1702976400000,2248.60,2255.00,2241.96,2246.01,85232.223,1702979999999,191576266.67519,87494,35918.701,80744259.12349,0
1702980000000,2246.01,2247.60,2237.39,2242.85,84851.406,1702983599999,190305585.50191,88396,39023.317,87528431.47990,0
1702983600000,2242.85,2245.00,2235.26,2237.41,53212.627,1702987199999,119212671.42753,71395,23200.791,51978189.81899,0
1702987200000,2237.41,2242.37,2230.58,2233.83,70270.890,1702990799999,157120072.07450,81277,32203.894,72007632.57129,0
1702990800000,2233.83,2237.23,2226.23,2226.27,70222.085,1702994399999,156737321.70550,77487,32474.909,72493865.72320,0
1702994400000,2226.27,2228.97,2182.65,2189.00,372478.972,1702997999999,821574552.17904,311558,169106.479,373003626.66372,0
1702998000000,2189.00,2206.79,2180.02,2192.85,210821.933,1703001599999,462564246.81527,192249,115474.836,253375207.00858,0
1703001600000,2192.85,2207.96,2175.00,2180.00,200544.364,1703005199999,439740944.03359,168918,95598.277,209718998.95325,0
1703005200000,2179.75,2182.30,2140.10,2142.15,327366.100,1703008799999,706566482.92946,330927,152493.205,329152982.36717,0
1703008800000,2142.14,2175.31,2135.03,2172.99,215130.548,1703012399999,463807728.09963,186275,113208.761,244155146.64360,0
1703012400000,2172.99,2187.99,2169.04,2177.82,137576.891,1703015999999,299553264.17311,124401,68604.225,149399689.56033,0
1703016000000,2177.83,2180.49,2166.01,2171.68,85558.858,1703019599999,185928385.38226,89132,39128.141,85033763.95772,0
1703019600000,2171.67,2186.94,2171.13,2186.94,73615.688,1703023199999,160561160.97953,74678,37827.163,82499324.26312,0
1703023200000,2186.93,2187.62,2172.74,2178.62,49160.691,1703026799999,107075172.74705,52614,23444.247,51063968.09515,0
1703026800000,2178.62,2184.04,2170.32,2179.02,65750.576,1703030399999,143139257.72866,65094,30397.361,66184262.48914,0
1703030400000,2179.01,2192.31,2177.00,2186.24,87216.780,1703033999999,190586727.09977,94824,46302.330,101185362.65116,0
1703034000000,2186.23,2188.34,2171.30,2177.41,64781.114,1703037599999,141203868.66369,76181,28668.470,62485888.27786,0
1703037600000,2177.40,2187.84,2171.94,2186.39,69298.283,1703041199999,151183636.52620,77454,36951.716,80623408.65213,0
1703041200000,2186.39,2187.94,2182.36,2187.48,34708.628,1703044799999,75843527.16615,43594,18114.950,39585120.54611,0
1703044800000,2187.49,2219.50,2184.57,2215.26,149384.833,1703048399999,329095677.73226,140804,85441.836,188241299.89628,0
1703048400000,2215.20,2216.86,2204.07,2211.20,74332.706,1703051999999,164240689.66277,79098,37734.772,83379047.48299,0
1703052000000,2211.21,2224.69,2205.39,2207.21,127594.463,1703055599999,282549111.44269,114109,62410.705,138232749.81210,0
1703055600000,2207.21,2218.76,2204.14,2217.69,76057.255,1703059199999,168109851.18392,74142,42205.023,93305652.87644,0
1703059200000,2217.70,2219.63,2208.10,2209.26,77452.650,1703062799999,171382515.27631,79786,33951.235,75127659.40167,0
1703062800000,2209.25,2223.99,2207.45,2216.04,108846.237,1703066399999,241110092.03894,103946,56901.531,126073119.95641,0
1703066400000,2216.04,2226.00,2213.08,2221.53,84305.840,1703069999999,187023551.91610,93133,45031.314,99911127.52020,0
1703070000000,2221.52,2222.20,2205.30,2212.70,77520.228,1703073599999,171557292.41413,88159,33120.252,73302662.10383,0
1703073600000,2212.70,2215.21,2204.19,2214.22,70641.556,1703077199999,156100327.54248,78726,34067.561,75293312.05139,0
1703077200000,2214.22,2252.98,2214.14,2249.62,308772.416,1703080799999,690348290.29773,284857,175506.818,392376756.82651,0
1703080800000,2249.62,2269.56,2232.01,2242.83,332761.572,1703084399999,749090473.07102,328844,165589.126,372796353.56630,0
1703084400000,2242.82,2261.81,2237.40,2249.11,210734.168,1703087999999,474078414.29178,194517,109013.610,245263818.21694,0
1703088000000,2249.12,2251.60,2213.77,2224.76,213365.870,1703091599999,477014314.91143,188152,96151.211,215024174.46818,0
1703091600000,2224.76,2237.20,2224.49,2234.11,127898.649,1703095199999,285426750.49906,133101,69781.846,155727817.17272,0
1703095200000,2234.11,2240.83,2222.84,2227.31,104236.087,1703098799999,232507485.28189,111942,51065.665,113917586.88794,0
1703098800000,2227.31,2230.11,2193.26,2206.27,209785.196,1703102399999,463609921.62659,186293,96508.021,213260030.00271,0
1703102400000,2206.28,2209.22,2156.00,2185.19,412160.189,1703105999999,898904798.79414,356050,190292.156,415032051.09575,0
1703106000000,2185.18,2196.30,2172.69,2182.05,95213.239,1703109599999,208123546.42163,109896,48067.084,105085105.81157,0
1703109600000,2182.04,2200.27,2179.58,2193.67,69074.872,1703113199999,151417107.54055,80478,34988.535,76686267.35258,0
1703113200000,2193.67,2204.89,2185.40,2203.95,78461.483,1703116799999,172223605.00066,81528,43874.383,96328743.65256,0
1703116800000,2203.95,2204.16,2193.56,2194.29,66408.755,1703120399999,146057061.96939,75885,31316.970,68882266.40632,0
1703120400000,2194.30,2196.96,2184.90,2196.39,80378.240,1703123999999,176154196.71212,90502,40738.285,89287449.30504,0
1703124000000,2196.39,2205.15,2188.48,2193.59,82168.242,1703127599999,180474335.75603,91063,39072.196,85821057.81577,0
1703127600000,2193.60,2204.42,2191.69,2202.21,58712.172,1703131199999,129165097.44314,69740,30740.217,67628745.81773,0
1703131200000,2202.20,2208.70,2200.22,2201.50,48930.830,1703134799999,107778486.47544,56813,24669.897,54342793.76578,0
1703134800000,2201.49,2207.48,2193.81,2196.18,59377.504,1703138399999,130586120.36396,64312,28236.065,62102177.36101,0
1703138400000,2196.18,2219.49,2195.00,2216.42,83202.812,1703141999999,183670022.55309,84896,47475.293,104814412.34558,0
1703142000000,2216.42,2221.89,2212.17,2216.81,92553.972,1703145599999,205148847.20251,86660,49247.790,109154394.26903,0
1703145600000,2216.81,2222.08,2210.40,2211.68,93435.015,1703149199999,207125259.35893,88964,41457.477,91910619.00077,0
1703149200000,2211.69,2222.50,2205.00,2222.49,93099.139,1703152799999,205950067.03149,90479,46737.535,103405950.61224,0
1703152800000,2222.50,2249.00,2220.72,2246.79,195788.544,1703156399999,437573153.30781,175630,105585.151,235992700.98543,0
1703156400000,2246.79,2260.17,2240.50,2255.72,180773.000,1703159999999,406675614.58467,161872,92678.629,208526982.10158,0
1703160000000,2255.72,2282.41,2255.30,2260.96,288894.311,1703163599999,656001015.47636,266414,147923.744,335925779.52427,0
1703163600000,2260.95,2263.07,2245.62,2253.50,172115.072,1703167199999,388078973.64445,151118,79844.521,180045810.11640,0
1703167200000,2253.50,2254.57,2214.84,2217.55,336291.485,1703170799999,751541198.42488,284290,150106.003,335496225.15333,0
1703170800000,2217.55,2235.88,2200.00,2234.50,257519.383,1703174399999,572522495.62984,223583,134327.610,298770876.25760,0
1703174400000,2234.50,2241.97,2220.85,2238.55,144330.750,1703177999999,322130535.60633,133253,75084.629,167616722.90162,0
1703178000000,2238.55,2248.63,2227.01,2234.92,164404.000,1703181599999,367680663.77365,153345,87735.812,196231042.66642,0
1703181600000,2234.93,2244.23,2227.16,2231.96,113089.850,1703185199999,252853878.58855,107921,53714.608,120116064.89312,0
1703185200000,2231.96,2243.64,2220.00,2227.51,132782.367,1703188799999,295874419.61563,128425,64506.622,143753348.21622,0
1703188800000,2227.50,2241.79,2220.00,2241.78,114331.655,1703192399999,254746127.31331,99804,58416.572,130183604.80719,0
1703192400000,2241.78,2266.00,2234.81,2250.92,164303.838,1703195999999,369839552.90898,150044,88732.249,199763570.15461,0
1703196000000,2250.93,2252.26,2236.87,2246.71,66807.408,1703199599999,150014366.21975,69828,33455.866,75125302.31018,0
1703199600000,2246.70,2248.63,2232.35,2241.35,76162.637,1703203199999,170584078.54173,72026,34212.533,76626397.82022,0
1703203200000,2241.47,2251.39,2232.56,2243.08,72193.627,1703206799999,161920895.59050,78605,35837.856,80388870.47610,0
1703206800000,2243.08,2263.81,2242.28,2257.03,112930.822,1703210399999,254694805.17197,110276,58857.257,132744865.69686,0
1703210400000,2256.97,2258.00,2234.01,2243.00,130517.723,1703213999999,292921708.39078,122621,60640.578,136068521.13222,0
1703214000000,2243.00,2251.38,2238.00,2250.98,63428.808,1703217599999,142331738.64794,67811,32175.810,72215181.09582,0
1703217600000,2250.99,2263.08,2246.92,2262.43,78872.643,1703221199999,177892050.00036,85435,43301.930,97673858.79223,0
1703221200000,2262.44,2267.14,2257.07,2260.78,89084.409,1703224799999,201512110.47690,91809,42153.089,95361316.32386,0
1703224800000,2260.78,2302.31,2255.50,2265.94,402881.687,1703228399999,919252125.67905,332285,207551.710,473668655.76935,0
1703228400000,2265.93,2296.67,2247.28,2275.27,474901.017,1703231999999,1081515490.84363,387419,234265.192,533614599.81961,0
1703232000000,2275.27,2309.40,2270.11,2293.31,365303.262,1703235599999,838370170.59751,289001,190901.127,438088749.07318,0
1703235600000,2293.31,2334.77,2290.05,2318.03,510729.819,1703239199999,1183946605.67303,395315,258754.885,599825760.94937,0
1703239200000,2318.03,2319.42,2302.10,2302.99,126881.141,1703242799999,293080064.26698,129856,61508.570,142086086.87799,0
1703242800000,2302.98,2320.98,2301.13,2315.06,101313.354,1703246399999,234381132.51262,99058,55087.054,127435260.65209,0
1703246400000,2315.06,2322.84,2293.53,2296.28,154230.477,1703249999999,355749786.01238,135438,67705.278,156216147.28544,0
1703250000000,2296.28,2312.00,2292.43,2310.79,119430.064,1703253599999,275078815.89729,113330,63209.438,145618025.64446,0
1703253600000,2310.80,2345.11,2300.03,2342.35,339768.797,1703257199999,789074625.62653,296130,178540.435,414772408.15699,0
1703257200000,2342.35,2345.95,2317.00,2321.74,183979.088,1703260799999,428415509.78698,181150,87867.990,204623481.61379,0
1703260800000,2321.73,2339.23,2308.56,2317.50,175927.351,1703264399999,408630387.25425,165990,86993.077,202053705.69161,0
1703264400000,2317.49,2336.78,2316.64,2329.00,97362.285,1703267999999,226732510.38870,99875,47664.225,110990980.99720,0
1703268000000,2329.01,2343.00,2323.75,2328.65,127845.362,1703271599999,298401089.40668,115819,60973.912,142337226.42542,0
1703271600000,2328.65,2328.66,2307.13,2311.40,103589.398,1703275199999,240045693.49548,106868,49753.208,115288192.12667,0
1703275200000,2311.41,2319.68,2308.19,2314.23,82508.384,1703278799999,191027491.34715,79082,41358.575,95764442.31453,0
1703278800000,2314.24,2319.76,2312.26,2314.65,47175.398,1703282399999,109308254.93206,57617,23564.612,54601300.51919,0
1703282400000,2314.66,2319.25,2303.98,2314.71,57826.609,1703285999999,133618499.21168,59471,26172.219,60482424.49597,0
1703286000000,2314.70,2329.60,2312.29,2326.53,80376.120,1703289599999,186786698.98909,72798,42456.112,98649065.02639,0
1703289600000,2326.54,2332.75,2310.42,2310.49,107529.579,1703293199999,249694519.37334,96178,48802.476,113316165.60105,0
1703293200000,2310.49,2315.52,2292.72,2293.74,122161.234,1703296799999,281604160.03849,109729,57624.201,132879888.80819,0
1703296800000,2293.73,2302.00,2272.54,2276.64,219238.716,1703300399999,501649002.63367,177061,89299.366,204418454.06714,0
1703300400000,2276.65,2281.91,2265.00,2274.28,140339.180,1703303999999,319360855.80634,121863,70307.581,160032998.04305,0
1703304000000,2274.29,2285.71,2266.46,2284.20,129188.518,1703307599999,294018792.72162,109697,70902.162,161374005.83837,0
1703307600000,2284.21,2292.75,2282.38,2292.34,63985.230,1703311199999,146399449.16977,61735,34327.669,78542806.93180,0
1703311200000,2292.34,2295.96,2285.53,2294.26,57232.228,1703314799999,131140413.63306,53520,27191.614,62312528.31467,0
1703314800000,2294.25,2296.97,2284.75,2285.36,69486.860,1703318399999,159104110.33042,55266,28055.736,64239868.67461,0
1703318400000,2285.35,2293.96,2282.36,2291.81,67772.571,1703321999999,155073807.97658,60624,35595.664,81459164.00019,0
1703322000000,2291.80,2295.38,2286.53,2291.39,39712.072,1703325599999,90985772.57422,46950,19029.349,43604529.40751,0
1703325600000,2291.38,2295.53,2287.31,2287.75,37150.416,1703329199999,85110817.21658,42265,16710.616,38282031.74203,0
1703329200000,2287.75,2293.93,2282.44,2288.93,51424.803,1703332799999,117597774.69594,52811,25263.615,57786184.90829,0
1703332800000,2288.93,2299.71,2288.87,2294.92,75511.412,1703336399999,173310174.58879,68041,42944.149,98562589.21193,0
1703336400000,2294.93,2299.99,2291.21,2296.35,56250.554,1703339999999,129151860.42535,54440,24888.505,57151819.90483,0
1703340000000,2296.35,2297.01,2287.36,2292.28,58169.473,1703343599999,133337752.69883,50966,22364.921,51266102.43467,0
1703343600000,2292.28,2295.00,2286.01,2287.09,49367.163,1703347199999,113066241.58325,52124,23304.868,53378852.15595,0
1703347200000,2287.09,2297.68,2284.30,2292.66,70106.101,1703350799999,160704608.47766,59744,40559.464,92991051.22274,0
1703350800000,2292.65,2299.80,2291.19,2295.91,48230.386,1703354399999,110749070.59957,46935,24206.112,55580833.12232,0
1703354400000,2295.90,2314.60,2291.12,2306.52,89769.241,1703357999999,206865519.82099,80466,50268.381,115848620.75342,0
1703358000000,2306.51,2312.22,2288.93,2293.54,90409.282,1703361599999,207861929.27346,85426,39485.090,90789699.26536,0
1703361600000,2293.54,2296.72,2285.77,2291.12,43477.298,1703365199999,99610075.72631,47443,19915.361,45634743.58845,0
1703365200000,2291.12,2295.68,2287.00,2291.65,32885.902,1703368799999,75360787.67945,40385,14993.506,34355994.71070,0
1703368800000,2291.65,2302.85,2288.65,2297.56,41586.128,1703372399999,95480333.15162,51927,20367.850,46761024.24179,0
1703372400000,2297.56,2317.95,2297.56,2309.86,104926.121,1703375999999,242316834.89978,93270,53909.125,124478616.22437,0
1703376000000,2309.86,2312.00,2295.60,2305.03,82028.170,1703379599999,188936494.27769,82880,41163.093,94818108.45059,0
1703379600000,2305.03,2322.21,2304.74,2309.48,92231.714,1703383199999,213355339.25372,97073,46726.508,108101489.15626,0
1703383200000,2309.49,2328.79,2307.38,2321.67,118197.635,1703386799999,274242678.87031,108815,67402.723,156395776.38231,0
1703386800000,2321.67,2326.52,2314.70,2318.57,52727.345,1703390399999,122303433.24051,55185,24993.335,57972734.90195,0
1703390400000,2318.58,2323.83,2304.30,2310.40,82057.702,1703393999999,189832182.20848,79566,36177.945,83704372.46435,0
1703394000000,2310.39,2313.66,2275.70,2287.67,202063.489,1703397599999,462820388.39064,167756,89918.960,205916434.47033,0
1703397600000,2287.64,2294.11,2279.66,2292.76,100745.081,1703401199999,230456683.44873,95879,53289.242,121905233.41532,0
1703401200000,2292.76,2297.65,2289.20,2296.11,54078.219,1703404799999,124063205.94317,59246,28586.362,65583937.00997,0
1703404800000,2296.12,2296.93,2287.55,2294.16,38616.448,1703408399999,88527817.38124,47535,16479.974,37781120.04775,0
1703408400000,2294.17,2300.25,2290.00,2297.95,47265.947,1703411999999,108511692.56426,56558,24764.005,56860081.28417,0
1703412000000,2297.94,2299.56,2275.00,2289.98,137532.400,1703415599999,314457051.51492,122432,61119.920,139774754.13520,0
1703415600000,2289.98,2293.00,2283.92,2290.56,48919.222,1703419199999,111970615.47304,54013,22617.343,51769780.96492,0
1703419200000,2290.56,2295.48,2287.48,2294.54,58589.635,1703422799999,134274771.37838,52142,29704.970,68076526.15868,0
1703422800000,2294.54,2298.49,2292.09,2296.95,34753.810,1703426399999,79771119.07175,43569,15954.219,36621206.47343,0
1703426400000,2296.95,2309.13,2285.76,2290.85,113898.409,1703429999999,261818703.43430,112092,56730.064,130424103.26679,0
1703430000000,2290.86,2301.45,2290.17,2294.60,52443.336,1703433599999,120428833.60150,63076,24526.844,56326709.35844,0
1703433600000,2294.61,2299.47,2287.64,2295.43,76729.797,1703437199999,175988783.71219,62960,39468.538,90530078.96537,0
1703437200000,2295.44,2298.32,2289.38,2291.40,41036.989,1703440799999,94108845.50549,48759,20150.185,46211853.50541,0
1703440800000,2291.40,2294.18,2283.09,2293.00,64891.368,1703444399999,148496539.60217,53311,29200.062,66829727.82260,0
1703444400000,2293.00,2295.00,2284.79,2290.23,34806.929,1703447999999,79686427.81321,41914,17076.921,39098344.14040,0
1703448000000,2290.24,2290.85,2270.97,2279.99,94016.585,1703451599999,214272912.21355,88260,41750.562,95164824.46160,0
1703451600000,2280.16,2284.62,2275.10,2278.92,44701.469,1703455199999,101930307.09091,57537,23876.549,54444185.70924,0
1703455200000,2278.91,2281.65,2241.20,2260.98,301880.435,1703458799999,681782319.01028,232667,142833.707,322567197.82620,0
1703458800000,2260.98,2272.75,2256.57,2265.43,87937.848,1703462399999,199360444.48524,89021,41180.989,93356139.89324,0
1703462400000,2265.42,2273.62,2254.38,2264.46,90691.018,1703465999999,205218684.66467,102738,46458.417,105146065.34778,0
1703466000000,2264.46,2277.00,2264.08,2272.12,63527.094,1703469599999,144314644.30715,71822,35611.265,80892312.54068,0
1703469600000,2272.11,2275.79,2260.86,2272.82,61883.672,1703473199999,140427401.27402,73885,32694.752,74195768.20519,0
1703473200000,2272.83,2278.79,2269.52,2277.82,52593.942,1703476799999,119651299.47232,58022,27870.438,63407790.80898,0
1703476800000,2277.82,2284.00,2276.74,2281.18,53025.333,1703480399999,120922844.22300,61054,25633.570,58459369.74900,0
1703480400000,2281.19,2288.00,2280.15,2286.97,49640.896,1703483999999,113376140.86893,52213,24282.357,55465001.69445,0
1703484000000,2286.98,2291.98,2283.05,2284.69,52561.106,1703487599999,120214406.05004,56877,25040.613,57280761.79757,0
1703487600000,2284.70,2285.99,2278.47,2282.15,48178.885,1703491199999,109950088.05805,50547,22233.468,50743936.73641,0
1703491200000,2282.16,2289.00,2273.05,2274.32,82896.576,1703494799999,189172104.34604,76630,35754.170,81592942.13310,0
1703494800000,2274.32,2279.45,2264.96,2275.24,79746.415,1703498399999,181309969.97936,81649,37457.610,85186655.08017,0
1703498400000,2275.24,2280.99,2273.53,2278.81,33277.532,1703501999999,75786004.87331,43162,17185.796,39142278.43150,0
1703502000000,2278.81,2285.64,2273.97,2280.47,48841.146,1703505599999,111393217.74298,59279,24959.970,56924838.53624,0
1703505600000,2280.47,2303.30,2275.18,2301.71,139807.056,1703509199999,320249696.02411,125374,79043.470,181112059.67138,0
1703509200000,2301.72,2308.00,2284.00,2291.47,190592.868,1703512799999,437381743.67495,160775,92221.034,211699329.18270,0
1703512800000,2291.47,2296.56,2280.40,2293.00,114822.211,1703516399999,262827013.05637,99281,62837.746,143873465.68075,0
1703516400000,2293.00,2296.52,2286.48,2288.73,85991.888,1703519999999,197061906.01877,82176,41281.552,94618362.73835,0
1703520000000,2288.50,2291.11,2270.97,2277.80,134390.560,1703523599999,306404823.90791,130205,63472.262,144722208.18677,0
1703523600000,2277.81,2284.84,2276.00,2281.85,57921.667,1703527199999,132128622.18840,71387,30009.595,68460584.65557,0
1703527200000,2281.85,2286.84,2273.27,2277.96,79319.163,1703530799999,180795776.57114,77414,33308.267,75939846.23808,0
1703530800000,2277.95,2280.91,2273.55,2275.83,39236.280,1703534399999,89340433.83061,49391,19870.383,45250104.34897,0
1703534400000,2275.83,2276.72,2258.04,2270.30,159588.444,1703537999999,361686296.05883,128820,69941.694,158524912.57075,0
1703538000000,2270.30,2274.72,2263.06,2273.88,56995.216,1703541599999,129357223.56655,57533,32821.341,74495653.12316,0
1703541600000,2273.88,2289.14,2272.08,2286.97,62502.037,1703545199999,142706231.19001,68675,32088.426,73260225.47319,0
1703545200000,2286.98,2287.98,2272.03,2273.07,56304.784,1703548799999,128300077.04609,67260,23013.772,52440077.61433,0
1703548800000,2273.08,2276.02,2265.47,2269.40,52524.209,1703552399999,119311154.62696,65135,23243.654,52806649.67620,0
1703552400000,2269.40,2277.44,2267.64,2274.58,49967.515,1703555999999,113583293.85330,61866,26478.459,60194784.75735,0
1703556000000,2274.59,2277.51,2269.50,2270.67,37876.618,1703559599999,86136016.09380,50800,17747.080,40365302.86922,0
1703559600000,2270.67,2275.91,2267.05,2270.99,41628.779,1703563199999,94536616.56233,46698,18250.150,41448644.45050,0
1703563200000,2270.99,2274.06,2265.12,2272.35,35217.021,1703566799999,79920769.73422,41154,18382.841,41725658.90669,0
1703566800000,2272.35,2272.83,2220.00,2236.12,368887.920,1703570399999,827955228.58055,298338,150199.184,337068812.99037,0
1703570400000,2236.09,2237.73,2219.03,2229.81,197876.787,1703573999999,441499434.19123,175744,97006.374,216469587.28852,0
1703574000000,2229.81,2243.23,2224.53,2242.50,85988.565,1703577599999,192338423.24965,96837,44859.976,100348120.24787,0
1703577600000,2242.50,2245.40,2234.97,2238.66,80557.139,1703581199999,180388028.64278,73407,39830.550,89190956.71205,0
1703581200000,2238.66,2242.31,2216.86,2223.00,207078.771,1703584799999,461471494.92587,149747,89755.994,199990700.08770,0
1703584800000,2223.00,2242.36,2222.69,2241.48,115919.057,1703588399999,259027425.81023,105562,59266.075,132449169.89525,0
1703588400000,2241.49,2246.23,2237.12,2244.82,46638.263,1703591999999,104561191.90926,55144,20917.491,46900410.36797,0
1703592000000,2244.82,2249.60,2242.29,2249.49,52590.196,1703595599999,118110862.82541,53199,27961.858,62803818.22395,0
1703595600000,2249.49,2253.00,2242.20,2249.33,84599.030,1703599199999,190188244.90096,72240,39819.523,89531792.61776,0
1703599200000,2249.34,2252.84,2238.79,2244.12,81055.019,1703602799999,182029825.16271,74868,36225.500,81366481.45343,0
1703602800000,2244.12,2247.68,2225.55,2230.64,167827.384,1703606399999,375394265.62936,136134,75850.077,169684942.25224,0
1703606400000,2230.64,2234.57,2207.78,2224.42,201815.593,1703609999999,448738984.45386,163708,93523.285,208021352.59040,0
1703610000000,2224.42,2227.46,2178.84,2201.02,408728.894,1703613599999,899396659.90455,316739,187970.513,413660888.90977,0
1703613600000,2201.03,2212.84,2196.11,2212.04,131579.316,1703617199999,290163212.38737,137670,69475.826,153230464.17833,0
1703617200000,2212.05,2218.77,2207.09,2213.70,74529.946,1703620799999,164993088.32578,75211,36221.240,80189139.04707,0
1703620800000,2213.71,2223.80,2211.00,2219.00,60781.991,1703624399999,134866059.86155,59580,31803.792,70569893.26888,0
1703624400000,2219.01,2226.50,2216.03,2225.41,49675.636,1703627999999,110390067.03325,55169,22676.858,50397546.76422,0
1703628000000,2225.41,2232.78,2224.42,2230.07,41102.969,1703631599999,91604773.95270,49046,20445.157,45564620.10006,0
1703631600000,2230.08,2234.40,2228.23,2232.44,42959.944,1703635199999,95834038.96994,49783,21159.665,47203821.45746,0
1703635200000,2232.45,2233.96,2226.76,2227.71,48677.461,1703638799999,108559580.68522,59568,23011.805,51318289.86718,0
1703638800000,2227.71,2236.43,2223.36,2232.90,51069.924,1703642399999,113882068.40737,59783,26223.862,58480682.38029,0
1703642400000,2232.90,2233.31,2218.00,2222.98,72109.387,1703645999999,160381434.27856,83246,32737.090,72804048.75413,0
1703646000000,2222.99,2228.57,2213.68,2219.68,54944.497,1703649599999,122030329.90235,69208,27133.844,60274433.39960,0
1703649600000,2219.68,2227.20,2218.92,2223.84,37437.360,1703653199999,83249510.22316,48955,19837.972,44115636.58786,0
1703653200000,2223.84,2231.16,2219.11,2228.52,56524.910,1703656799999,125766134.54621,64389,32455.325,72216830.42430,0
1703656800000,2228.52,2233.47,2223.23,2228.18,47170.576,1703660399999,105111031.13270,56478,23481.659,52330614.29525,0
1703660400000,2228.18,2232.67,2225.20,2230.45,31542.627,1703663999999,70289036.19194,44204,16459.534,36681517.71471,0
1703664000000,2230.45,2256.31,2228.72,2250.39,163398.637,1703667599999,366922936.58366,151439,94393.637,211969524.00888,0
1703667600000,2250.38,2254.97,2244.06,2252.96,68306.803,1703671199999,153659388.23226,74757,32781.348,73752993.73029,0
1703671200000,2252.97,2282.60,2250.33,2280.51,235857.058,1703674799999,535576743.74817,204655,128728.700,292277790.94582,0
1703674800000,2280.52,2294.00,2276.24,2287.72,213520.636,1703678399999,487783929.35829,184518,103817.124,237207835.32191,0
1703678400000,2287.72,2293.07,2277.44,2285.65,160069.086,1703681999999,365889583.48930,129744,76972.615,175987458.76479,0
1703682000000,2285.66,2303.00,2278.17,2295.21,208202.780,1703685599999,477358697.19295,177411,112450.166,257832859.73782,0
1703685600000,2295.21,2345.35,2292.10,2329.36,474822.687,1703689199999,1101358925.60823,392455,257682.623,597674865.34082,0
1703689200000,2329.22,2358.80,2328.42,2345.01,378654.131,1703692799999,887534368.73911,347626,195081.908,457262931.43050,0
1703692800000,2345.01,2379.00,2342.01,2368.87,330846.780,1703696399999,782291085.12231,298668,165613.791,391619000.95138,0
1703696400000,2368.88,2372.42,2344.02,2348.72,208755.824,1703699999999,491848863.13563,202208,89104.050,209984702.72093,0
1703700000000,2348.71,2356.29,2335.64,2352.04,166352.196,1703703599999,390540023.23636,145532,80611.283,189289746.22429,0
1703703600000,2352.04,2354.83,2339.89,2348.61,72184.116,1703707199999,169499961.84237,85417,34335.216,80628875.97950,0
1703707200000,2348.61,2357.76,2346.21,2353.18,97423.266,1703710799999,229196229.20460,100485,49788.591,117141524.86504,0
1703710800000,2353.19,2362.24,2348.83,2361.29,68811.342,1703714399999,162117918.57988,80730,34037.114,80197219.37907,0
1703714400000,2361.30,2375.00,2360.00,2366.51,110497.387,1703717999999,261467725.26636,116388,53501.738,126617311.24945,0
1703718000000,2366.52,2395.00,2366.52,2380.31,213543.575,1703721599999,508530460.84305,198553,114509.460,272718553.18774,0
1703721600000,2380.32,2455.52,2377.59,2435.20,476274.041,1703725199999,1152143194.68642,398040,249115.503,602667701.25581,0
1703725200000,2435.20,2449.00,2413.00,2416.90,200623.908,1703728799999,487769480.79493,200051,91279.999,222004777.71463,0
1703728800000,2416.90,2420.81,2405.21,2412.55,123680.654,1703732399999,298538988.50346,123095,59023.414,142493406.79109,0
1703732400000,2412.55,2423.26,2410.14,2415.86,64651.856,1703735999999,156192077.83336,73839,31690.219,76569599.89967,0
1703736000000,2415.86,2427.38,2403.37,2405.98,126121.003,1703739599999,304652519.74763,117596,58601.617,141574091.82326,0
1703739600000,2405.99,2409.17,2380.78,2392.69,196415.127,1703743199999,470068238.50492,170849,90069.027,215556952.35002,0
1703743200000,2392.70,2395.20,2371.50,2376.95,147140.934,1703746799999,350679718.30460,137869,69829.585,166446243.94003,0
1703746800000,2376.95,2384.67,2365.00,2383.06,177115.822,1703750399999,421008608.50594,163059,92362.650,219589199.75095,0
1703750400000,2383.06,2392.00,2375.00,2381.63,139008.422,1703753999999,331391704.02497,123749,66879.501,159446744.99317,0
1703754000000,2381.62,2398.90,2380.72,2389.32,104490.018,1703757599999,249807644.13016,105703,59108.978,141321504.78440,0
1703757600000,2389.31,2414.73,2386.25,2400.59,122204.677,1703761199999,293389160.06784,112726,66197.806,158943627.71917,0
1703761200000,2400.60,2408.78,2391.43,2403.92,104942.369,1703764799999,251917112.14379,95900,48924.941,117458391.23349,0
1703764800000,2403.92,2407.30,2372.63,2375.98,227274.254,1703768399999,543441978.76334,187597,99667.058,238374183.89401,0
1703768400000,2376.00,2416.75,2361.43,2397.17,315174.788,1703771999999,754650553.25744,264035,158683.545,380083303.28750,0
1703772000000,2397.16,2401.43,2345.00,2372.73,467207.720,1703775599999,1110173932.21781,359602,213596.229,507730464.64077,0
1703775600000,2372.73,2381.60,2354.72,2360.81,276420.292,1703779199999,654029306.63267,229042,135046.793,319548777.96411,0
1703779200000,2360.82,2385.91,2356.07,2370.49,215126.978,1703782799999,510027740.96969,170094,117148.927,277776265.04179,0
1703782800000,2370.48,2381.64,2354.44,2359.27,129686.367,1703786399999,307200980.11316,121640,60436.964,143216419.58751,0
1703786400000,2359.27,2368.79,2350.30,2362.81,150874.186,1703789999999,355757506.90663,132213,73085.105,172360960.85391,0
1703790000000,2362.81,2375.28,2361.36,2364.65,80832.690,1703793599999,191517352.37397,82598,44129.180,104555528.63101,0
1703793600000,2364.65,2365.84,2341.60,2355.01,126888.398,1703797199999,298490547.49850,124094,58921.157,138611265.17551,0
1703797200000,2355.02,2364.42,2338.01,2347.04,113685.318,1703800799999,267240684.83906,107340,53562.835,125964683.44605,0
1703800800000,2347.06,2359.68,2336.02,2359.59,72867.820,1703804399999,171153875.16598,69842,38983.327,91580759.15847,0
1703804400000,2359.58,2359.98,2343.05,2345.96,101755.416,1703807999999,239325875.89666,95218,47295.842,111261425.71488,0
1703808000000,2345.98,2366.61,2343.90,2345.91,183309.611,1703811599999,431726856.80204,155246,97030.794,228575134.34154,0
1703811600000,2345.91,2351.58,2311.07,2335.74,426496.889,1703815199999,994001423.77166,323792,194534.037,453562770.26328,0
1703815200000,2335.75,2345.94,2326.19,2344.60,128020.676,1703818799999,299182471.63907,105112,65330.031,152715059.92982,0
1703818800000,2344.60,2360.55,2341.80,2354.15,104941.174,1703822399999,246806960.85095,95407,58459.116,137481437.40891,0
1703822400000,2354.15,2357.68,2346.03,2353.92,57875.842,1703825999999,136105349.34505,66351,26354.470,61977479.05009,0
1703826000000,2353.92,2361.41,2343.95,2360.21,59351.885,1703829599999,139621513.28495,64818,33283.142,78316698.58241,0
1703829600000,2360.20,2362.78,2352.56,2352.69,52917.629,1703833199999,124740653.58305,63871,27756.649,65431824.95805,0
1703833200000,2352.68,2363.05,2333.45,2335.43,191829.820,1703836799999,450748092.76092,146067,84239.330,197949453.04073,0
1703836800000,2335.43,2352.78,2334.10,2348.22,115798.497,1703840399999,271398205.98304,107143,64885.563,152070760.36230,0
1703840400000,2348.22,2376.00,2341.21,2369.95,119431.721,1703843999999,281832196.07806,113007,64769.566,152891422.64065,0
1703844000000,2369.95,2372.50,2363.33,2367.79,84803.310,1703847599999,200859120.07866,75687,42197.159,99952610.13992,0
1703847600000,2367.78,2381.05,2366.27,2374.65,96414.466,1703851199999,228937915.55246,92893,46785.812,111097229.22357,0
1703851200000,2374.66,2377.72,2360.01,2366.53,82870.580,1703854799999,196184560.95294,79951,40219.719,95224566.81297,0
1703854800000,2366.54,2372.16,2352.78,2365.90,122143.832,1703858399999,288560364.53095,103508,57722.405,136395941.27381,0
1703858400000,2365.89,2388.74,2361.01,2384.22,151139.205,1703861999999,359172857.03500,138645,79942.908,189968089.14509,0
1703862000000,2384.22,2385.00,2318.00,2328.84,395673.595,1703865599999,927799189.04213,305977,176894.885,414640676.38428,0
1703865600000,2328.84,2335.56,2289.82,2300.87,450967.272,1703869199999,1043434299.76151,359772,211349.658,489216040.50556,0
1703869200000,2300.72,2312.14,2286.34,2300.95,271391.926,1703872799999,624250057.83866,237729,137024.192,315247102.70370,0
1703872800000,2300.95,2319.22,2299.12,2317.83,125798.337,1703876399999,290563977.79220,121975,72117.631,166599695.08990,0
1703876400000,2317.83,2321.59,2309.40,2318.84,71075.992,1703879999999,164678048.82294,77357,33670.677,78012568.83722,0
1703880000000,2318.84,2319.61,2301.23,2307.53,79884.015,1703883599999,184431432.36278,79389,36553.377,84386633.45072,0
1703883600000,2307.52,2313.17,2275.02,2287.52,169221.627,1703887199999,388225811.24346,144907,72301.623,165969395.00263,0
1703887200000,2287.75,2288.58,2254.72,2283.00,246093.313,1703890799999,559653840.97174,206200,110923.505,252378254.07303,0
1703890800000,2283.00,2301.77,2282.52,2300.60,79300.765,1703894399999,181913786.49245,82442,42985.078,98602413.91812,0
1703894400000,2300.61,2306.73,2296.11,2304.12,64649.761,1703897999999,148809082.72568,64398,32054.356,73782288.03255,0
1703898000000,2304.12,2311.62,2301.96,2309.04,44783.748,1703901599999,103317336.78781,47840,22526.368,51973919.57268,0
1703901600000,2309.04,2309.90,2291.12,2295.63,71308.366,1703905199999,164020897.55054,67301,31667.765,72836415.08792,0
1703905200000,2295.64,2302.19,2289.11,2300.16,58487.065,1703908799999,134325682.46510,61504,29658.402,68121665.49409,0
1703908800000,2300.17,2309.30,2299.07,2303.30,38749.997,1703912399999,89264739.84976,45588,19189.986,44208805.35836,0
1703912400000,2303.30,2310.30,2302.00,2309.99,36417.248,1703915999999,83998410.30929,41801,20824.620,48034701.56160,0
1703916000000,2309.99,2311.00,2302.04,2304.98,35838.400,1703919599999,82649427.11229,40066,17048.493,39317170.44685,0
1703919600000,2304.98,2308.40,2295.61,2297.92,49935.625,1703923199999,114910456.20716,50923,21452.580,49372516.75779,0
1703923200000,2297.91,2298.98,2271.26,2275.39,184415.404,1703926799999,421330159.75972,154408,86150.470,196853328.56389,0
1703926800000,2275.38,2285.26,2269.15,2279.45,118950.880,1703930399999,270999424.20262,105414,63888.897,145583647.60036,0
1703930400000,2279.46,2291.24,2278.78,2287.79,69958.398,1703933999999,159878573.12084,67369,37070.781,84719043.31503,0
1703934000000,2287.81,2295.00,2285.50,2289.89,64959.557,1703937599999,148762093.12872,59272,32939.223,75433213.96345,0
1703937600000,2289.89,2299.99,2285.98,2293.79,87137.155,1703941199999,199846673.07792,73008,41260.410,94634988.42185,0
1703941200000,2293.78,2297.22,2284.19,2295.90,60487.181,1703944799999,138601200.93300,62011,32361.471,74156578.25413,0
1703944800000,2295.90,2304.56,2290.15,2303.35,106139.022,1703948399999,243947044.46062,91450,51155.719,117585124.75074,0
1703948400000,2303.34,2318.94,2299.20,2314.41,113465.972,1703951999999,261905749.91954,99655,59550.297,137475917.45198,0
1703952000000,2314.39,2325.00,2310.01,2312.00,128394.134,1703955599999,297660596.04819,118128,61055.758,141572166.61049,0
1703955600000,2312.01,2317.12,2298.99,2309.99,118383.417,1703959199999,273277321.36617,101436,59622.488,137636293.17238,0
1703959200000,2310.00,2312.93,2297.40,2304.28,67140.982,1703962799999,154721454.20951,65330,31464.423,72506895.84667,0
1703962800000,2304.29,2307.69,2298.53,2301.98,48397.678,1703966399999,111453221.60088,50234,23723.622,54635307.31662,0
1703966400000,2301.97,2307.58,2296.44,2300.54,66179.847,1703969999999,152363003.91880,57654,31909.932,73471128.51381,0
1703970000000,2300.53,2306.10,2300.02,2303.30,29904.596,1703973599999,68891049.40028,37002,15188.528,34989291.63124,0
1703973600000,2303.29,2303.55,2273.86,2289.55,78535.388,1703977199999,179804839.66521,71221,35751.058,81871505.23094,0
1703977200000,2289.55,2300.15,2286.15,2293.26,67336.710,1703980799999,154498877.39949,69300,33460.401,76778168.02560,0
1703980800000,2293.26,2306.51,2292.60,2302.77,51743.359,1703984399999,119060627.35638,59474,26712.724,61462207.38944,0
1703984400000,2302.77,2304.99,2291.11,2291.77,41607.075,1703987999999,95627020.87229,48478,17254.636,39652604.68469,0
1703988000000,2291.77,2296.42,2278.84,2287.36,64229.985,1703991599999,146891855.34478,65422,32791.457,74995921.11218,0
1703991600000,2287.35,2288.46,2279.15,2285.71,47639.003,1703995199999,108800783.95109,51062,26515.467,60557425.18246,0
1703995200000,2285.71,2293.00,2281.30,2284.18,44440.944,1703998799999,101664678.07419,51471,21583.805,49382458.03954,0
1703998800000,2284.18,2288.89,2282.38,2282.45,30859.372,1704002399999,70526859.27808,38992,15071.598,34444483.44936,0
1704002400000,2282.46,2288.76,2280.91,2286.56,27531.692,1704005999999,62931739.47133,33356,14757.400,33735589.13699,0
1704006000000,2286.57,2306.83,2286.39,2296.94,94095.484,1704009599999,216217740.76682,86921,48421.060,111241287.01161,0
1704009600000,2296.95,2299.32,2291.43,2296.96,49288.243,1704013199999,113146268.63786,54204,25309.668,58102809.07699,0
1704013200000,2296.96,2314.75,2294.98,2312.42,126016.172,1704016799999,290740626.85638,110660,64731.842,149357647.12767,0
1704016800000,2312.42,2316.08,2304.20,2312.13,80657.223,1704020399999,186383436.95350,71929,40966.982,94669330.88747,0
1704020400000,2312.12,2318.00,2309.17,2310.66,68212.497,1704023999999,157873297.25668,68324,32441.316,75092096.78135,0
1704024000000,2310.66,2324.78,2296.48,2304.85,135086.560,1704027599999,312281633.84289,117013,68017.892,157273536.82717,0
1704027600000,2304.85,2308.80,2296.79,2304.60,91301.378,1704031199999,210365988.68031,81162,43489.810,100213684.77771,0
1704031200000,2304.61,2306.65,2300.23,2302.51,39434.243,1704034799999,90838097.43758,47540,19765.472,45531590.69298,0
1704034800000,2302.52,2310.65,2291.86,2300.60,92867.303,1704038399999,213690139.33742,80317,44366.840,102104696.74663,0
1704038400000,2300.59,2311.74,2299.01,2306.35,64721.274,1704041999999,149262225.70112,63205,33685.714,77684529.47527,0
1704042000000,2306.36,2309.46,2292.76,2300.48,75631.045,1704045599999,173978792.50926,71660,37630.936,86546052.69092,0
1704045600000,2300.48,2308.50,2292.56,2305.50,45680.845,1704049199999,105077823.62478,53749,23932.223,55051515.97188,0
1704049200000,2305.49,2306.63,2293.01,2296.86,40386.452,1704052799999,92818598.92599,49082,21099.264,48490829.66144,0
1704052800000,2296.85,2296.91,2281.64,2284.35,72796.206,1704056399999,166526149.02718,81086,32780.069,74982481.29776,0
1704056400000,2284.34,2294.95,2280.04,2284.72,75633.449,1704059999999,173047975.44202,68736,37194.965,85114576.44633,0
1704060000000,2284.72,2295.66,2258.00,2275.69,128878.421,1704063599999,293517926.82295,119097,53363.212,121574524.00065,0
1704063600000,2275.68,2285.98,2273.34,2283.85,82979.772,1704067199999,189272153.49876,86232,40963.155,93435988.23714,0
