timestamp,open,high,low,close,volume,close_time,quote_volume,trades,taker_buy_base,taker_buy_quote,ignore
1735689600000,3336.58,3364.50,3334.76,3362.90,68327.229,1735693199999,229078577.34111,128259,41887.238,140435728.01191,0
1735693200000,3362.89,3365.32,3341.18,3345.82,40083.238,1735696799999,134424335.81729,96672,18969.926,63613675.75154,0
1735696800000,3345.83,3368.02,3345.25,3361.81,41313.759,1735700399999,138713440.08533,89727,23341.983,78367126.06519,0
1735700400000,3361.81,3363.00,3350.23,3354.34,24803.739,1735703999999,83241489.12452,65599,13395.447,44956192.01677,0
1735704000000,3354.35,3355.77,3338.26,3339.94,54111.924,1735707599999,181077278.34593,79342,24044.915,80468457.64998,0
1735707600000,3339.93,3350.56,3339.13,3344.21,33959.083,1735711199999,113631297.04655,62049,18553.826,62088327.77617,0
1735711200000,3344.21,3347.33,3335.46,3345.66,31966.608,1735714799999,106818919.35046,67238,14524.605,48547204.17223,0
1735714800000,3345.66,3348.00,3338.31,3345.84,22582.048,1735718399999,75494122.72495,51657,13383.921,44745610.64227,0
1735718400000,3345.83,3348.00,3330.06,3335.57,46742.475,1735721999999,156016294.53509,90842,20615.389,68806545.85940,0
1735722000000,3335.56,3340.17,3312.62,3333.64,145735.708,1735725599999,484439117.74608,185498,57349.790,190677916.35797,0
1735725600000,3333.63,3338.05,3324.92,3325.99,37882.439,1735729199999,126230301.09843,79368,16613.056,55372693.59116,0
1735729200000,3326.00,3348.00,3322.68,3340.06,53315.440,1735732799999,177880557.30325,94268,30692.613,102399098.98396,0
1735732800000,3340.06,3351.57,3337.29,3346.00,44300.260,1735736399999,148226395.61410,95647,21407.129,71636403.56698,0
1735736400000,3346.00,3352.78,3330.98,3343.10,59127.650,1735739999999,197453851.86144,116431,26457.816,88368265.69525,0
1735740000000,3343.10,3359.09,3327.00,3345.19,95850.734,1735743599999,320472876.78372,179748,48503.542,162213758.33122,0
1735743600000,3345.19,3354.25,3332.00,3352.07,59525.611,1735747199999,199053541.09389,126097,28493.824,95306183.21485,0
1735747200000,3352.06,3356.78,3331.18,3337.74,57909.290,1735750799999,193618144.67222,127967,25162.046,84149735.08696,0
1735750800000,3337.74,3344.38,3321.11,3342.91,56432.884,1735754399999,188038739.18595,127172,29150.902,97162459.77306,0
1735754400000,3342.91,3351.48,3332.37,3347.80,41537.439,1735757999999,138879028.53527,106994,19331.804,64649725.65010,0
1735758000000,3347.80,3364.30,3337.50,3356.23,64013.166,1735761599999,214552798.95413,133792,34773.357,116591112.88408,0
1735761600000,3356.21,3361.76,3351.00,3359.18,44596.591,1735765199999,149705797.32138,101334,19699.851,66137215.43471,0
1735765200000,3359.18,3371.12,3352.00,3367.60,58859.648,1735768799999,197865282.69177,107422,30049.416,101037640.24667,0
1735768800000,3367.60,3374.14,3357.70,3360.55,50032.468,1735772399999,168362304.74002,86055,20767.761,69901180.29765,0
1735772400000,3360.54,3366.00,3352.00,3359.36,38270.409,1735775999999,128483051.58612,96680,17977.985,60361280.97682,0
1735776000000,3359.35,3399.77,3353.50,3389.12,142705.349,1735779599999,482903324.55669,269449,77812.598,263347478.59916,0
1735779600000,3389.11,3405.00,3375.84,3383.01,81972.971,1735783199999,278014755.61506,172420,34697.521,117710782.77943,0
1735783200000,3383.00,3398.00,3377.00,3397.89,40854.069,1735786799999,138422639.16570,118359,23335.631,79077085.88305,0
1735786800000,3397.89,3401.77,3386.67,3388.00,33251.725,1735790399999,112783857.83331,92202,14806.326,50226312.84189,0
1735790400000,3388.01,3427.70,3387.40,3417.81,132806.188,1735793999999,453067283.12282,198576,75717.445,258333251.76726,0
1735794000000,3417.80,3419.19,3402.44,3412.48,75237.874,1735797599999,256676822.41914,135848,31384.006,107074310.84905,0
1735797600000,3412.48,3415.73,3401.92,3410.20,43264.332,1735801199999,147420288.82532,97573,21471.317,73161988.07125,0
1735801200000,3410.20,3421.82,3408.60,3419.69,49566.015,1735804799999,169352106.57138,99692,24812.575,84779178.43820,0
1735804800000,3419.70,3442.85,3414.18,3437.99,92585.616,1735808399999,317355698.31180,162766,48406.757,165961601.17246,0
1735808400000,3437.98,3471.67,3433.95,3467.87,134724.109,1735811999999,464709933.84670,208245,71016.888,245101228.12334,0
1735812000000,3467.84,3476.17,3457.19,3468.68,109477.485,1735815599999,379559603.30385,182770,52569.232,182281675.92816,0
1735815600000,3468.68,3475.00,3456.44,3470.57,66119.745,1735819199999,229239062.63620,123488,31412.443,108921664.62968,0
1735819200000,3470.58,3481.07,3465.03,3479.98,83323.364,1735822799999,289537054.36306,133102,48206.409,167536957.61641,0
1735822800000,3479.98,3484.54,3458.55,3465.31,149806.309,1735826399999,519524053.74878,176422,73486.980,254866130.80166,0
1735826400000,3465.31,3511.14,3439.57,3494.53,350273.136,1735829999999,1216886214.57084,460088,186223.945,647402816.68765,0
1735830000000,3494.43,3495.68,3455.34,3462.76,161495.102,1735833599999,560408531.24554,323707,70791.358,245659658.96027,0
1735833600000,3462.75,3488.87,3447.43,3468.82,121085.028,1735837199999,420355584.58552,245986,61752.514,214387917.00274,0
1735837200000,3468.81,3478.37,3428.00,3449.67,156645.964,1735840799999,540300887.72599,255901,78127.901,269445353.87974,0
1735840800000,3449.67,3464.78,3439.42,3464.16,114246.961,1735844399999,394606777.26105,187629,65485.507,226191383.95770,0
1735844400000,3464.16,3473.79,3457.68,3462.32,60627.834,1735847999999,210159717.61197,132222,31273.218,108422837.12864,0
1735848000000,3462.32,3474.90,3451.00,3452.17,47718.641,1735851599999,165236421.42221,120545,25369.989,87874243.42602,0
1735851600000,3452.20,3455.40,3441.96,3453.74,50474.589,1735855199999,174056311.17654,91828,22859.091,78828820.00418,0
1735855200000,3453.75,3453.75,3420.00,3440.00,72959.738,1735858799999,250649077.32029,111423,32499.054,111668406.04499,0
1735858800000,3440.00,3456.41,3437.00,3454.83,38858.137,1735862399999,133989208.66100,91633,20091.142,69287497.09228,0
1735862400000,3454.83,3466.24,3445.68,3448.79,57401.847,1735865999999,198369359.49055,110337,32057.202,110807853.81781,0
1735866000000,3448.79,3465.58,3442.10,3464.35,77611.106,1735869599999,268089347.34497,115535,51806.046,178990942.77262,0
1735869600000,3464.35,3476.48,3455.92,3456.49,59740.076,1735873199999,207197867.11247,109657,30262.830,104986604.48698,0
1735873200000,3456.54,3471.96,3455.04,3469.33,42836.577,1735876799999,148310679.48833,79440,24975.467,86466596.91731,0
1735876800000,3469.33,3470.10,3455.00,3457.74,39580.485,1735880399999,136975712.21929,83711,20980.410,72596097.71208,0
1735880400000,3457.75,3459.99,3443.72,3455.13,65375.565,1735883999999,225673690.97867,103041,32868.935,113471648.85208,0
1735884000000,3455.13,3460.91,3441.01,3441.88,43879.536,1735887599999,151354424.96954,84010,15767.988,54397961.90098,0
1735887600000,3441.88,3443.51,3431.01,3432.62,76101.559,1735891199999,261528214.86754,125636,39391.524,135372599.00378,0
1735891200000,3432.62,3441.96,3421.56,3429.01,83220.413,1735894799999,285508299.88035,130595,33688.012,115610369.67773,0
1735894800000,3429.01,3450.08,3428.00,3442.77,53487.328,1735898399999,184081730.01753,108563,26739.683,92012126.76698,0
1735898400000,3442.77,3451.66,3437.22,3444.83,40188.109,1735901999999,138434722.55007,81767,18913.168,65155892.34106,0
1735902000000,3444.83,3466.54,3444.83,3464.73,58123.199,1735905599999,200936075.74739,103361,30677.268,106052404.73064,0
1735905600000,3464.74,3475.50,3460.00,3462.45,65457.430,1735909199999,226958290.27394,132939,31338.639,108677446.65108,0
1735909200000,3462.45,3496.74,3462.02,3480.31,157702.217,1735912799999,549202235.20512,231851,76591.996,266808553.40354,0
1735912800000,3480.30,3536.60,3479.78,3526.53,294026.725,1735916399999,1033953214.29295,411887,166347.007,584952730.64974,0
1735916400000,3526.54,3578.19,3518.91,3564.32,309790.231,1735919999999,1099065179.40609,429530,179144.714,635988983.33948,0
1735920000000,3564.32,3598.69,3564.31,3583.70,269756.360,1735923599999,966991016.40616,368438,136416.236,488986131.32210,0
1735923600000,3583.69,3593.00,3572.95,3574.27,90507.431,1735927199999,324080740.91643,167668,43159.666,154562061.43236,0
1735927200000,3574.27,3617.00,3573.17,3604.63,168959.180,1735930799999,608712902.18237,227855,97568.551,351454741.76094,0
1735930800000,3604.63,3630.00,3600.48,3621.91,161324.848,1735934399999,583727605.67077,201982,89120.264,322533787.30772,0
1735934400000,3621.90,3622.77,3598.28,3600.15,97927.148,1735937999999,353366159.50779,149600,43712.301,157737934.35345,0
1735938000000,3600.10,3616.22,3594.22,3613.50,69735.392,1735941599999,251581230.29483,110302,40764.726,147076791.92416,0
1735941600000,3613.50,3623.21,3609.21,3615.13,47128.881,1735945199999,170442717.45769,77472,22081.983,79867793.99841,0
1735945200000,3615.13,3616.87,3603.26,3607.89,60966.131,1735948799999,219944226.52829,79435,34067.172,122888639.11722,0
1735948800000,3607.90,3619.90,3601.06,3601.97,60860.868,1735952399999,219548555.19954,89885,21300.309,76853367.74481,0
1735952400000,3601.98,3603.53,3581.44,3595.65,69725.939,1735955999999,250397854.74623,122329,31865.903,114444166.16884,0
1735956000000,3595.65,3599.46,3582.00,3595.43,39441.396,1735959599999,141646655.53700,79131,19721.816,70836046.81220,0
1735959600000,3595.43,3599.49,3589.37,3597.19,32755.260,1735963199999,117732954.52753,70704,17262.065,62046971.56411,0
1735963200000,3597.19,3597.19,3583.11,3590.91,36347.236,1735966799999,130433394.75234,68456,15168.830,54434309.06348,0
1735966800000,3590.91,3596.14,3585.76,3595.53,32577.979,1735970399999,117030300.58201,53980,18993.205,68231248.59715,0
1735970400000,3595.53,3606.60,3594.06,3599.16,39501.073,1735973999999,142175003.33033,67676,21403.877,77034264.68538,0
1735974000000,3599.17,3609.83,3591.69,3593.04,50295.244,1735977599999,181129591.70776,76076,24644.357,88774065.94245,0
1735977600000,3593.05,3603.10,3583.96,3583.97,95551.090,1735981199999,343321899.74913,111147,52230.630,187733769.70078,0
1735981200000,3583.97,3595.00,3582.49,3588.55,45878.646,1735984799999,164610499.13062,91364,19491.909,69948455.27068,0
1735984800000,3588.55,3591.97,3570.66,3587.59,54502.831,1735988399999,195101473.79642,99821,26394.841,94506097.33874,0
1735988400000,3587.59,3609.54,3583.71,3601.16,66162.892,1735991999999,237919035.27536,88970,41477.417,149209597.54421,0
1735992000000,3601.17,3644.48,3599.19,3634.46,175798.379,1735995599999,637556922.06995,256126,93083.107,337562026.63285,0
1735995600000,3634.46,3648.99,3626.23,3643.76,123887.648,1735999199999,450781632.80155,169246,58083.366,211371439.14267,0
1735999200000,3643.77,3646.00,3632.00,3636.40,74814.750,1736002799999,272320760.51961,106324,27291.680,99314483.73127,0
1736002800000,3636.39,3664.00,3589.54,3606.44,275464.998,1736006399999,997855311.85402,353129,139543.780,506004962.46947,0
1736006400000,3606.44,3627.72,3600.30,3621.00,91043.519,1736009999999,329257039.07891,175665,47160.699,170616065.74073,0
1736010000000,3620.99,3633.51,3619.00,3632.52,46328.955,1736013599999,168026187.68957,102373,22738.074,82476499.27489,0
1736013600000,3632.52,3643.73,3618.00,3625.99,54197.724,1736017199999,196870293.46224,111890,25562.220,92885660.90987,0
1736017200000,3625.99,3638.78,3623.02,3629.91,27743.319,1736020799999,100719966.44871,78424,15163.482,55049450.48626,0
1736020800000,3629.92,3668.17,3629.91,3659.29,83650.057,1736024399999,305489732.07536,143071,51515.308,188131542.42629,0
1736024400000,3659.29,3670.00,3653.34,3657.56,69529.319,1736027999999,254558846.98393,131919,34286.931,125547632.43182,0
1736028000000,3657.56,3662.13,3645.44,3658.80,41219.681,1736031599999,150626409.01771,79601,20238.458,73958741.51893,0
1736031600000,3658.80,3666.26,3649.68,3655.99,41903.800,1736035199999,153283491.31089,87358,23806.408,87103314.86601,0
1736035200000,3655.98,3674.71,3646.65,3648.76,64891.260,1736038799999,237487102.54543,122038,29830.644,109213123.24254,0
1736038800000,3648.76,3650.39,3630.01,3635.55,61407.089,1736042399999,223455745.31053,113115,28354.776,103186611.74602,0
1736042400000,3635.56,3644.45,3633.70,3640.10,28145.754,1736045999999,102414613.16406,72354,14046.492,51112517.83994,0
1736046000000,3640.10,3640.80,3627.77,3636.61,24053.268,1736049599999,87404092.54023,60636,10021.849,36420465.68319,0
1736049600000,3636.61,3648.09,3635.87,3642.89,33036.410,1736053199999,120345747.58704,69995,18209.128,66333045.02884,0
1736053200000,3642.89,3642.90,3629.34,3631.50,30924.437,1736056799999,112399116.75754,65165,12970.113,47143292.80227,0
1736056800000,3631.49,3640.96,3626.83,3637.54,23839.953,1736060399999,86639254.93221,62914,11778.638,42808759.85595,0
1736060400000,3637.54,3640.13,3628.98,3630.38,21872.426,1736063999999,79464033.69745,56911,10143.313,36853240.56563,0
1736064000000,3630.37,3632.10,3605.37,3618.98,118553.989,1736067599999,428907655.42943,161197,53853.239,194846492.40270,0
1736067600000,3618.98,3622.42,3603.92,3608.76,56271.315,1736071199999,203327445.26813,94787,29710.937,107375297.55754,0
1736071200000,3608.76,3617.71,3602.08,3614.68,48759.629,1736074799999,176097753.20060,104261,26162.802,94485325.44523,0
1736074800000,3614.69,3620.32,3608.03,3612.56,36010.406,1736078399999,130125744.28282,73672,16254.751,58749243.42140,0
1736078400000,3612.56,3621.76,3603.95,3613.15,50445.505,1736081999999,182323849.90216,93206,23603.055,85317929.62869,0
1736082000000,3613.15,3626.66,3611.13,3613.49,43931.269,1736085599999,159003669.10988,82916,22527.052,81545131.32718,0
1736085600000,3613.49,3627.86,3592.14,3621.71,160075.334,1736089199999,577479126.72429,202393,71144.147,256755495.74397,0
1736089200000,3621.71,3637.79,3618.00,3628.45,89361.745,1736092799999,324300847.19705,142486,41626.528,151069837.28355,0
1736092800000,3628.45,3640.68,3623.00,3627.09,69493.553,1736096399999,252412658.40511,130030,36448.935,132410918.08180,0
1736096400000,3627.09,3647.42,3621.00,3627.36,60175.274,1736099999999,218674600.71201,111102,29706.528,107973704.10978,0
1736100000000,3627.36,3632.37,3611.25,3629.47,52081.232,1736103599999,188627552.20131,102102,25633.398,92846490.60969,0
1736103600000,3629.47,3639.00,3625.00,3636.92,30395.874,1736107199999,110445479.71559,71454,13979.577,50797070.34828,0
1736107200000,3636.91,3656.29,3627.33,3634.51,70209.335,1736110799999,255767569.55473,119903,35397.327,128964474.85667,0
1736110800000,3634.51,3647.21,3632.96,3644.51,26647.767,1736114399999,96994364.44132,66030,14373.034,52314637.55286,0
1736114400000,3644.52,3648.94,3633.13,3644.18,27583.757,1736117999999,100430051.06617,62520,11474.247,41776450.19431,0
1736118000000,3644.19,3654.89,3631.49,3634.96,41907.124,1736121599999,152664445.19625,98100,20129.453,73347221.20482,0
1736121600000,3634.96,3654.76,3619.09,3620.57,70160.340,1736125199999,255043381.62780,159308,35337.064,128505346.50413,0
1736125200000,3620.57,3655.00,3609.00,3647.70,100545.925,1736128799999,364961201.78400,179270,56092.843,203622973.66479,0
1736128800000,3647.70,3684.25,3644.14,3657.58,213964.287,1736132399999,785093910.81727,339015,108265.119,397292070.23886,0
1736132400000,3657.59,3673.87,3652.70,3663.93,54791.372,1736135999999,200823364.97106,126232,29333.103,107533203.03727,0
1736136000000,3663.93,3678.44,3659.76,3671.83,51540.051,1736139599999,189059914.54346,113326,28930.536,106133619.18481,0
1736139600000,3671.82,3698.00,3666.18,3679.62,118815.607,1736143199999,437839455.96026,191504,60986.495,224759648.07279,0
1736143200000,3679.63,3684.04,3664.05,3664.88,60845.108,1736146799999,223392450.67947,124261,28252.760,103746664.56719,0
1736146800000,3664.88,3667.39,3640.84,3649.39,109486.748,1736150399999,399709763.07675,167302,46772.013,170787522.98927,0
1736150400000,3649.39,3663.08,3635.02,3640.00,96714.809,1736153999999,352685224.96212,144431,51353.974,187335841.58249,0
1736154000000,3639.99,3649.35,3639.05,3643.89,33441.837,1736157599999,121871098.14984,76107,18870.845,68775872.77216,0
1736157600000,3643.89,3645.86,3631.34,3637.07,50671.069,1736161199999,184334380.70530,89203,19562.953,71170555.89887,0
1736161200000,3637.07,3658.60,3635.10,3653.71,65840.816,1736164799999,240236117.19884,117963,35567.814,129771601.24928,0
1736164800000,3653.71,3662.63,3640.55,3641.68,63590.101,1736168399999,232248720.63543,105612,28679.724,104778629.98658,0
1736168400000,3641.69,3651.99,3623.00,3650.00,113949.723,1736171999999,414479774.66115,172260,52435.576,190775787.36757,0
1736172000000,3649.99,3704.53,3620.74,3684.50,329159.821,1736175599999,1204142517.09374,429217,163785.908,599304023.47258,0
1736175600000,3684.50,3714.00,3669.89,3712.99,302742.095,1736179199999,1117793849.53736,417261,155500.246,574366747.03518,0
1736179200000,3712.99,3744.28,3689.87,3709.40,316374.302,1736182799999,1177192016.15401,400857,155035.350,577004543.15411,0
1736182800000,3709.41,3709.41,3653.88,3672.75,206042.078,1736186399999,757497689.19949,296440,103235.920,379422857.80276,0
1736186400000,3672.74,3691.50,3661.28,3681.21,81068.228,1736189999999,298291500.85407,152316,43951.252,161726068.95523,0
1736190000000,3681.21,3694.94,3674.06,3686.47,44536.424,1736193599999,164268033.22074,107921,18806.154,69371540.74115,0
1736193600000,3686.46,3702.99,3671.63,3682.08,68631.632,1736197199999,253082630.41053,129931,33617.394,123973174.18307,0
1736197200000,3682.06,3688.23,3665.38,3666.31,56517.577,1736200799999,207598345.96336,120447,29080.612,106832701.94900,0
1736200800000,3666.30,3682.55,3666.09,3677.43,44354.340,1736204399999,162966184.04616,75204,22545.400,82843012.16996,0
1736204400000,3677.44,3686.35,3667.41,3685.72,32277.668,1736207999999,118677395.86124,86278,19081.029,70153348.17203,0
1736208000000,3685.72,3693.30,3672.22,3674.00,57361.453,1736211599999,211195445.83057,120502,27548.227,101436383.49808,0
1736211600000,3674.01,3695.68,3661.97,3693.67,56715.875,1736215199999,208777654.20175,119620,27801.229,102365340.20555,0
1736215200000,3693.67,3700.31,3675.00,3676.87,47565.977,1736218799999,175452111.23782,108399,19683.596,72616318.90100,0
1736218800000,3676.87,3688.34,3672.80,3681.49,38939.219,1736222399999,143320984.72813,88795,15625.303,57515426.83190,0
1736222400000,3681.49,3685.53,3672.38,3672.38,26089.030,1736225999999,95998214.78550,54317,11519.870,42397754.24330,0
1736226000000,3672.38,3676.16,3657.40,3668.63,53276.594,1736229599999,195382239.07183,92820,25200.575,92428604.53817,0
1736229600000,3668.64,3674.79,3663.00,3671.51,34055.599,1736233199999,124990488.33629,66531,17313.422,63542851.57737,0
1736233200000,3671.52,3679.00,3661.35,3666.61,34320.252,1736236799999,125943564.68605,69708,16328.179,59926421.21471,0
1736236800000,3666.61,3678.52,3659.26,3673.41,49930.317,1736240399999,183158171.17774,84233,26770.091,98200626.10303,0
1736240400000,3673.41,3675.75,3651.16,3660.15,66759.162,1736243999999,244434927.15559,100709,26949.050,98676243.49735,0
1736244000000,3660.14,3664.92,3650.22,3657.01,49166.920,1736247599999,179785646.86538,88047,23718.166,86738024.63410,0
1736247600000,3657.00,3658.00,3625.00,3638.55,156911.791,1736251199999,571048317.37323,205364,61833.550,225021273.05411,0
1736251200000,3638.55,3642.45,3625.39,3632.68,78274.155,1736254799999,284412547.74202,138384,40676.120,147808959.29274,0
1736254800000,3632.69,3644.90,3630.25,3635.14,56305.861,1736258399999,204844195.56981,107382,27192.834,98947112.59827,0
1736258400000,3635.15,3641.63,3500.00,3567.95,394845.177,1736261999999,1419103074.82263,423476,149272.925,537571544.57363,0
1736262000000,3568.01,3581.30,3409.00,3461.21,1255818.699,1736265599999,4393077325.94339,1301327,591860.352,2072267401.59093,0
1736265600000,3461.21,3490.89,3447.36,3456.80,293877.989,1736269199999,1019663453.36052,440286,138576.297,480864072.86318,0
1736269200000,3456.81,3469.43,3419.99,3441.09,260265.142,1736272799999,897295485.73723,363673,119610.918,412362205.45404,0
1736272800000,3441.08,3458.25,3411.54,3420.50,211350.656,1736276399999,724659736.21711,309907,111852.433,383426560.31065,0
1736276400000,3420.50,3436.46,3363.00,3384.36,305738.286,1736279999999,1040009948.74466,379447,133924.561,455842563.78507,0
1736280000000,3384.36,3399.39,3362.65,3395.56,201549.300,1736283599999,681752858.92222,377373,104485.267,353525219.93003,0
1736283600000,3395.59,3412.82,3360.05,3362.20,163042.199,1736287199999,552453934.38741,255523,71930.575,243879887.48722,0
1736287200000,3362.20,3396.25,3353.59,3395.23,109883.438,1736290799999,371037892.49476,191681,57531.540,194320376.83357,0
1736290800000,3395.23,3395.23,3373.60,3379.38,60614.416,1736294399999,204948841.08098,146905,28383.558,95988443.81448,0
1736294400000,3379.37,3413.55,3376.70,3410.20,101765.195,1736297999999,345842396.24419,205242,55094.351,187139574.48612,0
1736298000000,3410.19,3410.20,3372.80,3389.82,83375.771,1736301599999,282683294.33808,171625,38506.753,130566987.78846,0
1736301600000,3389.82,3403.44,3381.19,3381.21,59805.675,1736305199999,202950014.54254,133283,26676.695,90528216.65563,0
1736305200000,3381.21,3386.39,3340.01,3359.32,215867.584,1736308799999,725500754.57714,334155,102087.727,343217699.04574,0
1736308800000,3359.33,3372.62,3341.70,3347.26,122971.409,1736312399999,412485541.44720,241474,57469.576,192838003.71660,0
1736312400000,3347.26,3372.03,3335.00,3350.50,123869.318,1736315999999,415478452.79114,241076,62127.332,208404026.09856,0
1736316000000,3350.50,3361.68,3306.01,3307.60,244638.185,1736319599999,813726334.32237,375774,107103.062,356381414.82483,0
1736319600000,3307.61,3358.29,3306.50,3353.19,172366.706,1736323199999,574592007.50794,261450,101342.449,337779353.53820,0
1736323200000,3353.19,3376.54,3349.60,3364.56,118721.117,1736326799999,399425818.31282,184424,55366.839,186293145.90965,0
1736326800000,3364.56,3372.86,3344.44,3345.89,84697.230,1736330399999,284595484.94237,138113,34568.323,116181097.51790,0
1736330400000,3345.90,3372.00,3345.17,3360.90,80002.614,1736333999999,268686968.80063,136995,36541.924,122717601.98125,0
1736334000000,3360.91,3366.41,3321.60,3348.50,191674.322,1736337599999,640284241.53102,245393,86461.706,288811994.67120,0
1736337600000,3348.50,3360.00,3337.10,3338.59,99713.777,1736341199999,333909332.67732,200103,51140.716,171276982.46903,0
1736341200000,3338.58,3366.52,3338.58,3357.31,105281.053,1736344799999,353549255.32704,231025,55004.025,184735350.32206,0
1736344800000,3357.31,3381.00,3346.00,3368.84,177973.494,1736348399999,598330034.89044,322311,90451.268,304149626.06379,0
1736348400000,3368.83,3384.90,3331.00,3346.00,237339.577,1736351999999,796138014.01967,384902,117628.175,394742328.04598,0
1736352000000,3346.00,3347.07,3310.39,3313.17,170981.223,1736355599999,568796838.30621,321097,72174.211,240225939.29547,0
1736355600000,3313.16,3319.44,3206.54,3262.11,773251.402,1736359199999,2518416250.84886,855474,339293.562,1104626606.83501,0
1736359200000,3262.11,3329.38,3257.12,3281.71,326516.407,1736362799999,1075358061.82398,488951,166781.354,549214533.52747,0
1736362800000,3281.71,3308.80,3270.21,3279.47,161752.938,1736366399999,532232155.88673,321194,81492.527,268165927.11054,0
1736366400000,3279.46,3290.90,3265.00,3284.50,75497.486,1736369999999,247545258.69147,195622,37213.651,122035820.54878,0
1736370000000,3284.51,3303.78,3268.47,3297.90,87784.631,1736373599999,288736966.91605,198612,41504.983,136535022.48919,0
1736373600000,3297.89,3333.00,3297.27,3331.31,95735.402,1736377199999,317501517.31857,152477,49312.765,163587656.99848,0
1736377200000,3331.30,3333.65,3314.53,3325.38,47676.181,1736380799999,158462898.42075,112815,24773.664,82355959.93347,0
1736380800000,3325.38,3342.33,3316.51,3340.69,70397.041,1736384399999,234311461.80497,135285,38463.608,128022484.30780,0
1736384400000,3340.69,3355.85,3333.91,3344.66,74722.527,1736387999999,250074599.41976,167815,39305.479,131549547.56005,0
1736388000000,3344.66,3349.69,3305.52,3339.59,193416.063,1736391599999,643538522.83344,290904,97490.324,324361409.53619,0
1736391600000,3339.59,3341.36,3315.55,3323.60,72295.292,1736395199999,240314385.42879,148812,34725.659,115446338.00470,0
1736395200000,3323.60,3342.40,3311.00,3339.01,77696.159,1736398799999,258199145.90160,142667,39259.406,130516681.48422,0
1736398800000,3339.00,3341.18,3323.32,3327.38,45846.695,1736402399999,152768938.52379,108237,18388.101,61296371.09347,0
1736402400000,3327.38,3333.99,3313.69,3314.94,46749.644,1736405999999,155306316.32077,106970,24904.863,82736902.12331,0
1736406000000,3314.93,3323.33,3280.64,3288.18,176900.292,1736409599999,583209825.35372,249649,82990.332,273580759.25644,0
1736409600000,3288.17,3326.00,3264.77,3309.18,225902.203,1736413199999,744253350.15637,323754,116136.082,382742845.64303,0
1736413200000,3309.18,3326.88,3305.56,3316.69,76292.305,1736416799999,253210894.72225,137917,40863.618,135638584.64410,0
1736416800000,3316.68,3321.06,3283.32,3310.85,121235.959,1736420399999,400260192.65915,191064,58040.717,191595812.95238,0
1736420400000,3310.84,3325.53,3292.02,3300.35,85667.950,1736423999999,283466270.66686,164697,37916.838,125494402.96071,0
1736424000000,3300.34,3309.31,3278.48,3294.90,81451.772,1736427599999,268426231.16427,178177,37473.029,123521396.68537,0
1736427600000,3294.90,3297.76,3210.01,3219.70,357818.833,1736431199999,1163078157.52324,433801,151034.962,491344331.97879,0
1736431200000,3219.69,3252.11,3208.34,3249.63,237427.882,1736434799999,767600429.79087,389480,125987.952,407425506.02896,0
1736434800000,3249.62,3337.64,3242.55,3318.79,283979.249,1736438399999,936034534.79526,394325,157219.483,518450289.40221,0
1736438400000,3318.80,3326.39,3286.18,3300.79,193668.443,1736441999999,640100483.03780,270163,91113.844,301145779.08726,0
1736442000000,3300.79,3302.83,3234.08,3248.97,211169.753,1736445599999,689527002.20427,305262,99520.227,324760013.25090,0
1736445600000,3248.97,3269.40,3244.43,3259.18,119682.771,1736449199999,389896140.67018,224389,69305.457,225805099.03506,0
1736449200000,3259.18,3267.91,3180.80,3193.65,271697.394,1736452799999,874795953.46328,324996,102658.545,331023183.10717,0
1736452800000,3193.66,3213.12,3156.00,3194.23,350729.293,1736456399999,1116314237.10248,506795,165740.653,527857793.94928,0
1736456400000,3194.23,3225.17,3189.00,3205.76,105837.518,1736459999999,339734414.30369,226292,51668.316,165860382.28110,0
1736460000000,3205.75,3238.44,3186.28,3223.01,103194.490,1736463599999,331602066.68031,191066,55250.095,177645734.29865,0
1736463600000,3223.01,3231.94,3208.25,3218.24,56083.119,1736467199999,180467663.30769,147892,27760.795,89336704.44209,0
1736467200000,3218.24,3232.73,3212.72,3221.75,63709.945,1736470799999,205296259.11239,162720,31965.122,103009709.53680,0
1736470800000,3221.75,3239.00,3212.62,3235.52,72632.701,1736474399999,234345657.41923,171128,34333.649,110766208.30194,0
1736474400000,3235.53,3259.24,3229.04,3239.92,87007.418,1736477999999,282325575.23846,193568,41084.779,133334030.08241,0
1736478000000,3239.92,3254.84,3237.13,3253.05,45384.073,1736481599999,147338500.68948,117708,23783.823,77216787.55533,0
1736481600000,3253.05,3264.90,3245.37,3252.65,61929.537,1736485199999,201494061.13471,123325,25475.867,82924078.98931,0
1736485200000,3252.66,3280.94,3241.12,3262.33,94082.321,1736488799999,307048623.40611,175342,51885.873,169414083.41239,0
1736488800000,3262.33,3279.37,3258.55,3276.55,53048.809,1736492399999,173337668.27216,130671,28202.243,92166084.22889,0
1736492400000,3276.55,3312.55,3269.49,3294.65,167418.903,1736495999999,551292948.70323,248377,96541.326,317884122.97222,0
1736496000000,3294.65,3300.62,3286.36,3294.78,63746.112,1736499599999,209960782.34517,156285,26710.330,87983665.21251,0
1736499600000,3294.78,3309.40,3289.03,3301.27,65270.174,1736503199999,215414831.92210,139633,31751.025,104805895.73878,0
1736503200000,3301.27,3320.00,3295.96,3316.90,72591.125,1736506799999,240026733.20483,123405,38897.436,128668829.99992,0
1736506800000,3316.91,3318.83,3293.94,3309.74,79688.246,1736510399999,263444931.52344,142150,34930.012,115459287.95094,0
1736510400000,3309.75,3311.00,3290.58,3309.35,75640.268,1736513999999,249600261.96754,126530,32817.978,108307417.89678,0
1736514000000,3309.34,3315.96,3215.17,3243.15,503870.917,1736517599999,1639134463.15331,557985,251031.579,816383554.01301,0
1736517600000,3243.14,3278.48,3234.07,3255.48,265095.177,1736521199999,862997260.02598,443980,140907.427,458779031.04351,0
1736521200000,3255.47,3274.90,3193.43,3243.70,416123.936,1736524799999,1345281635.79517,562908,199834.120,645980670.73518,0
1736524800000,3243.69,3261.57,3230.18,3246.32,161963.012,1736528399999,525425890.88765,297631,90409.880,293364509.96519,0
1736528400000,3246.32,3323.00,3241.33,3313.36,199735.402,1736531999999,655880557.62896,329837,105016.935,344882729.46636,0
1736532000000,3313.36,3313.37,3280.04,3285.22,135844.337,1736535599999,447745314.31917,261891,58741.417,193607659.52247,0
1736535600000,3285.22,3297.82,3269.00,3293.80,99579.954,1736539199999,327089572.40001,197362,50123.480,164662205.17521,0
1736539200000,3293.80,3293.80,3255.66,3258.46,73000.638,1736542799999,238805351.12813,165599,37070.208,121258016.52142,0
1736542800000,3258.46,3273.33,3255.19,3264.15,37106.040,1736546399999,121155444.23353,86812,21315.934,69596714.65136,0
1736546400000,3264.15,3280.95,3258.48,3272.37,41169.654,1736549999999,134507675.16623,72067,21760.944,71101407.55841,0
1736550000000,3272.36,3274.53,3262.86,3265.52,25155.881,1736553599999,82236776.92315,71381,12514.447,40913330.63281,0
1736553600000,3265.51,3268.98,3256.15,3264.40,42620.065,1736557199999,139056260.49900,89979,20850.910,68036180.47648,0
1736557200000,3264.41,3266.57,3235.01,3244.52,72720.512,1736560799999,236182226.22697,116996,32172.877,104486141.62557,0
1736560800000,3244.52,3250.97,3236.12,3246.60,32182.256,1736564399999,104416999.02904,87309,15855.101,51456004.86237,0
1736564400000,3246.60,3247.20,3230.01,3235.98,33114.288,1736567999999,107201493.10145,87849,14426.214,46707260.66477,0
1736568000000,3235.98,3242.00,3228.00,3237.54,37191.735,1736571599999,120305257.44024,78369,18876.027,61074678.33311,0
1736571600000,3237.52,3245.14,3231.49,3244.34,36577.953,1736575199999,118478794.92061,73209,20930.984,67795539.19120,0
1736575200000,3244.35,3249.50,3235.62,3236.33,33701.067,1736578799999,109309206.22473,70921,14059.934,45619840.20146,0
1736578800000,3236.32,3243.13,3223.56,3234.66,45395.267,1736582399999,146709593.83552,90549,22770.524,73598224.40948,0
1736582400000,3234.66,3239.28,3217.36,3223.35,56628.623,1736585999999,182738587.18934,94839,23831.628,76942886.27324,0
1736586000000,3223.36,3243.46,3222.28,3243.01,57445.953,1736589599999,185832197.58917,91759,26491.249,85672385.97123,0
1736589600000,3243.00,3255.41,3242.21,3255.26,91079.922,1736593199999,295861878.86111,120311,39425.044,128084495.97743,0
1736593200000,3255.26,3279.68,3253.00,3272.70,112624.967,1736596799999,368062223.56035,156112,67619.129,220957790.77800,0
1736596800000,3272.69,3280.00,3266.55,3271.87,46065.915,1736600399999,150802282.32042,103621,20007.348,65501855.44039,0
1736600400000,3271.87,3274.93,3257.07,3266.40,56801.746,1736603999999,185497524.59884,112309,26974.788,88097742.29951,0
1736604000000,3266.40,3278.99,3256.97,3277.29,48100.435,1736607599999,157197416.54159,103974,29256.995,95615043.24321,0
1736607600000,3277.29,3282.50,3264.63,3270.07,36533.094,1736611199999,119548163.57602,90497,16548.801,54169406.68760,0
1736611200000,3270.06,3277.15,3261.00,3274.11,36389.036,1736614799999,118963600.74408,103828,18460.277,60351706.79060,0
1736614800000,3274.11,3274.90,3257.54,3270.90,47261.996,1736618399999,154442412.65464,107484,25197.148,82356780.88153,0
1736618400000,3270.90,3279.50,3266.10,3277.04,21177.252,1736621999999,69319309.06820,73216,11309.463,37019752.36008,0
1736622000000,3277.04,3283.17,3267.36,3277.47,37171.599,1736625599999,121695294.92112,83488,15178.781,49701948.16339,0
1736625600000,3277.46,3299.74,3274.61,3298.28,47624.254,1736629199999,156599245.63203,111467,24605.430,80904141.71884,0
1736629200000,3298.29,3319.30,3298.04,3305.70,71716.698,1736632799999,237226425.35902,152555,35758.646,118288908.39509,0
1736632800000,3305.70,3307.36,3284.50,3287.60,47933.673,1736636399999,157866246.40485,95226,20996.068,69146131.36720,0
1736636400000,3287.60,3293.33,3280.01,3281.84,34749.525,1736639999999,114216905.50645,87737,16353.115,53751562.73616,0
1736640000000,3281.85,3286.10,3277.10,3282.17,26515.113,1736643599999,87011673.83110,84026,14119.504,46336362.33404,0
1736643600000,3282.17,3288.49,3273.00,3287.87,29412.823,1736647199999,96480464.70557,74836,13395.155,43951086.56013,0
1736647200000,3287.86,3289.27,3278.27,3288.77,20604.526,1736650799999,67676055.56853,60569,12019.347,39482234.34703,0
1736650800000,3288.77,3290.35,3277.00,3285.27,22200.924,1736654399999,72871626.20749,60163,10750.138,35287228.93160,0
1736654400000,3285.27,3288.61,3279.52,3282.53,20393.250,1736657999999,66976251.01739,50628,10159.094,33366305.36051,0
1736658000000,3282.53,3284.39,3273.00,3278.51,20597.299,1736661599999,67523193.88540,46860,9404.980,30831530.29899,0
1736661600000,3278.51,3280.20,3266.28,3269.25,33565.600,1736665199999,109839863.59342,63597,15602.755,51063598.57376,0
1736665200000,3269.24,3272.84,3262.00,3265.74,45334.180,1736668799999,148091877.37377,70577,23673.444,77338145.72457,0
1736668800000,3265.73,3270.60,3233.22,3238.50,138273.669,1736672399999,449265995.09932,137413,59524.211,193402782.60926,0
1736672400000,3238.50,3243.61,3222.40,3236.98,121127.637,1736675999999,391777418.90735,168131,61275.203,198263554.45909,0
1736676000000,3236.98,3244.84,3232.20,3243.14,55057.976,1736679599999,178356852.38200,97168,29260.820,94796571.82272,0
1736679600000,3243.15,3257.68,3239.68,3251.78,58535.146,1736683199999,190214033.47985,93680,31699.105,103010252.07030,0
1736683200000,3251.78,3264.26,3246.51,3249.24,66783.477,1736686799999,217396785.82413,99573,31043.879,101078214.52710,0
1736686800000,3249.25,3270.88,3246.95,3266.01,79585.996,1736690399999,259329578.09192,110011,40782.597,132923632.64692,0
1736690400000,3266.00,3279.90,3265.00,3267.82,83601.424,1736693999999,273615891.43865,134821,41492.901,135829499.41004,0
1736694000000,3267.83,3294.91,3264.00,3284.39,92364.837,1736697599999,303065120.82549,149888,50379.993,165326768.27640,0
1736697600000,3284.39,3286.96,3267.23,3280.51,50481.671,1736701199999,165395920.75114,107952,19962.660,65413695.99199,0
1736701200000,3280.51,3291.46,3277.15,3287.52,54499.178,1736704799999,179048286.09510,93913,32714.898,107480426.44860,0
1736704800000,3287.52,3299.00,3279.22,3283.73,55004.195,1736708399999,180922587.47027,94472,29438.008,96819629.98557,0
1736708400000,3283.73,3288.32,3275.45,3279.12,29841.407,1736711999999,97901305.79070,68628,13986.278,45896411.75989,0
1736712000000,3279.11,3288.57,3272.05,3280.73,26215.437,1736715599999,86004083.28994,69863,13468.233,44196006.91038,0
1736715600000,3280.73,3281.93,3261.50,3265.00,51316.176,1736719199999,167766423.75580,100610,22418.273,73309610.75942,0
1736719200000,3265.01,3267.30,3232.58,3239.25,115346.103,1736722799999,374188514.57086,167918,49396.770,160189855.43213,0
1736722800000,3239.25,3267.43,3237.59,3265.70,52198.436,1736726399999,169808092.16526,113089,29022.536,94427188.04176,0
1736726400000,3265.70,3338.32,3263.90,3307.46,289471.428,1736729999999,958551287.94954,342084,151871.154,502788032.51835,0
1736730000000,3307.44,3312.37,3250.81,3260.15,220294.671,1736733599999,723629932.08091,316805,104739.656,344201315.20503,0
1736733600000,3260.15,3270.00,3236.00,3254.91,136850.935,1736737199999,444990798.60187,222322,67657.778,220068407.70229,0
1736737200000,3254.90,3266.00,3234.01,3241.14,106808.308,1736740799999,347263334.21060,181792,49949.372,162421727.03380,0
1736740800000,3241.14,3259.77,3237.00,3237.35,91533.416,1736744399999,297131081.25108,154652,46752.609,151785965.08843,0
1736744400000,3237.35,3237.80,3211.00,3224.15,136412.838,1736747999999,439794744.20559,214118,60338.654,194531797.69901,0
1736748000000,3224.16,3232.96,3179.49,3190.00,199039.817,1736751599999,636999731.92872,280706,82976.404,265648157.10631,0
1736751600000,3190.00,3208.99,3181.80,3200.53,99478.900,1736755199999,318070187.23790,186630,51407.794,164383066.93534,0
1736755200000,3200.54,3205.00,3160.00,3168.74,181720.819,1736758799999,577389851.78752,247854,79919.379,253962330.88265,0
1736758800000,3168.74,3176.34,3121.00,3155.00,269194.132,1736762399999,849324570.04748,365371,126181.062,398345404.95590,0
1736762400000,3155.00,3156.17,3106.00,3117.83,369590.640,1736765999999,1155057888.84145,457252,164972.264,515696832.56839,0
1736766000000,3117.84,3123.20,3055.00,3056.82,432791.880,1736769599999,1336095690.77284,548389,188776.948,583013828.63356,0
1736769600000,3056.81,3085.00,3038.69,3045.99,355015.924,1736773199999,1085970806.92995,508492,167896.821,513937077.99792,0
1736773200000,3045.98,3090.30,3032.00,3059.45,292551.970,1736776799999,897272343.55902,410644,141890.480,435266099.30967,0
1736776800000,3059.46,3060.22,2900.00,3033.71,1115886.221,1736780399999,3347538502.51867,1008851,471599.240,1416277858.03503,0
1736780400000,3033.70,3076.35,3024.41,3047.37,419857.466,1736783999999,1282361788.54908,575978,188296.879,575242317.66898,0
1736784000000,3047.38,3058.80,3004.35,3008.99,269102.657,1736787599999,815772193.35735,376619,122093.072,370175866.68187,0
1736787600000,3009.00,3036.16,3002.65,3019.36,176724.380,1736791199999,533210165.33663,297179,94768.675,285920631.63904,0
1736791200000,3019.35,3033.09,2985.00,3006.40,212436.395,1736794799999,638388995.41187,321632,109269.538,328461725.96168,0
1736794800000,3006.39,3036.92,2991.15,3023.97,144857.226,1736798399999,436892697.97836,271479,77166.232,232781149.85002,0
1736798400000,3023.96,3103.98,3010.27,3090.35,204586.354,1736801999999,626313324.43211,300071,115114.949,352517169.75843,0
1736802000000,3090.36,3118.78,3081.45,3112.82,193469.107,1736805599999,600023665.00922,310716,91512.593,283865551.98048,0
1736805600000,3112.82,3142.28,3111.05,3130.64,134457.937,1736809199999,420500187.77234,195617,74135.658,231875947.66802,0
1736809200000,3130.64,3139.42,3124.38,3136.14,54586.909,1736812799999,170985985.63144,125819,25930.226,81225233.15070,0
1736812800000,3136.13,3147.52,3123.47,3132.56,94626.435,1736816399999,296509108.63083,175353,43235.271,135501020.18509,0
1736816400000,3132.56,3158.00,3132.19,3138.01,106134.885,1736819999999,333978881.42553,185323,61195.055,192598999.01270,0
1736820000000,3138.00,3166.56,3130.36,3155.99,97216.101,1736823599999,306678172.71008,175517,53811.496,169804965.93068,0
1736823600000,3155.98,3174.23,3153.45,3157.58,62746.439,1736827199999,198550596.44376,131948,31474.078,99594625.60465,0
1736827200000,3157.58,3174.11,3157.58,3171.29,65059.120,1736830799999,205932041.54028,101735,37464.312,118612134.14529,0
1736830800000,3171.28,3181.33,3158.18,3160.66,92152.344,1736834399999,292111748.53238,121470,41013.683,130042617.70675,0
1736834400000,3160.66,3187.27,3156.00,3182.95,86283.663,1736837999999,273821311.64060,130561,43253.001,137290953.53812,0
1736838000000,3182.95,3189.00,3169.79,3170.39,65557.789,1736841599999,208418234.16712,100796,31039.295,98705335.43438,0
1736841600000,3170.39,3192.73,3168.02,3182.23,87393.495,1736845199999,278059937.32444,151984,44997.577,143191436.64493,0
1736845200000,3182.23,3255.84,3176.59,3242.52,302415.557,1736848799999,975638944.40997,361207,173142.317,558354891.89784,0
1736848800000,3242.52,3243.36,3219.71,3233.88,143271.527,1736852399999,462717444.14832,201094,68037.176,219752448.64155,0
1736852400000,3233.88,3234.22,3208.82,3216.22,78828.246,1736855999999,253698163.89221,130870,34055.849,109605946.34642,0
1736856000000,3216.21,3218.88,3178.62,3182.39,187050.173,1736859599999,597190895.63669,217598,84069.498,268398454.18978,0
1736859600000,3182.40,3232.31,3177.23,3207.11,269375.016,1736863199999,864209018.13910,334113,140834.276,451794944.08991,0
1736863200000,3207.12,3232.99,3186.10,3190.72,196430.890,1736866799999,630408299.06674,308628,89347.150,286858587.88011,0
1736866800000,3190.73,3214.99,3186.00,3197.87,120200.917,1736870399999,385003530.72324,233687,60937.765,195179651.76152,0
1736870400000,3197.87,3202.93,3171.02,3189.99,157008.832,1736873999999,500169682.25667,261960,75805.908,241527004.79042,0
1736874000000,3189.99,3211.78,3182.56,3211.51,94210.362,1736877599999,301631803.15332,187798,49683.661,159091133.00989,0
1736877600000,3211.53,3231.88,3205.74,3223.38,106740.278,1736881199999,343590103.20324,179562,55022.818,177151423.51744,0
1736881200000,3223.38,3235.00,3211.00,3212.80,73300.485,1736884799999,236199387.21432,154061,37346.379,120349160.91325,0
1736884800000,3212.79,3224.80,3193.02,3221.40,94338.389,1736888399999,302775712.91594,186135,47834.511,153534985.11687,0
1736888400000,3221.42,3232.50,3208.70,3214.78,59422.550,1736891999999,191390580.19555,104718,26444.055,85221651.20091,0
1736892000000,3214.78,3239.46,3212.12,3233.81,41850.676,1736895599999,135118782.58247,80812,22145.515,71495050.89662,0
1736895600000,3233.80,3236.62,3221.18,3223.99,32791.195,1736899199999,105875508.85118,86534,15096.319,48741903.35187,0
1736899200000,3223.99,3241.37,3216.08,3220.12,68604.262,1736902799999,221318056.19445,162595,32750.880,105667846.06757,0
1736902800000,3220.11,3244.15,3215.83,3228.99,84443.523,1736906399999,272843503.39515,183078,44226.135,142920149.14233,0
1736906400000,3229.00,3238.83,3203.40,3211.66,81088.500,1736909999999,260862051.03883,181326,37101.858,119368415.30864,0
1736910000000,3211.67,3240.88,3207.26,3239.99,61675.164,1736913599999,198798041.80095,130844,33563.694,108223406.32674,0
1736913600000,3239.99,3251.69,3220.44,3225.00,94341.014,1736917199999,305063029.17182,153061,47372.254,153197073.06782,0
1736917200000,3225.01,3234.40,3213.55,3228.57,52324.360,1736920799999,168742463.26324,91715,22880.253,73788611.42749,0
1736920800000,3228.58,3231.82,3215.18,3229.14,50556.270,1736924399999,162958905.82053,82385,26439.870,85232669.67906,0
1736924400000,3229.14,3249.70,3228.62,3231.30,84950.584,1736927999999,275089428.91320,132756,39420.084,127649144.97689,0
1736928000000,3231.30,3247.64,3228.53,3231.00,75727.142,1736931599999,245140447.59144,113717,37012.098,119823582.73617,0
1736931600000,3230.99,3236.47,3195.22,3198.17,121641.392,1736935199999,390940705.92265,179300,54332.440,174604922.41377,0
1736935200000,3198.18,3217.15,3196.65,3208.20,77338.622,1736938799999,248155980.80358,123109,39155.314,125641411.46341,0
1736938800000,3208.19,3208.96,3185.33,3198.40,96593.827,1736942399999,308633218.76969,174940,46578.386,148837069.09902,0
1736942400000,3198.41,3211.04,3185.09,3200.67,99763.741,1736945999999,318996856.07068,159724,49702.177,158951987.12604,0
1736946000000,3200.67,3297.50,3200.41,3297.01,448412.586,1736949599999,1462584686.32364,489473,243482.075,794289279.84621,0
1736949600000,3297.01,3331.32,3274.30,3328.36,324349.264,1736953199999,1069887809.80815,466244,171950.566,567390931.66646,0
1736953200000,3328.40,3353.00,3324.53,3332.95,269971.110,1736956799999,901287950.12837,423197,137986.106,460682870.03133,0
1736956800000,3332.96,3365.72,3332.51,3338.30,173652.171,1736960399999,581574390.62863,301702,88647.296,296898318.40107,0
1736960400000,3338.29,3357.46,3322.83,3324.77,112925.145,1736963999999,377097881.86410,195661,51401.963,171706802.04309,0
1736964000000,3324.77,3374.38,3324.77,3370.90,101960.040,1736967599999,341890080.69022,175295,58207.697,195166400.41662,0
1736967600000,3370.89,3442.08,3366.66,3433.76,327448.304,1736971199999,1115176994.57245,360678,193864.329,660426152.80911,0
1736971200000,3433.76,3472.93,3431.12,3432.73,260817.107,1736974799999,899420463.30415,360837,130900.273,451440727.04199,0
1736974800000,3432.73,3445.87,3423.45,3431.39,77136.533,1736978399999,264940815.91636,140966,39209.647,134694557.84615,0
1736978400000,3431.38,3435.00,3416.75,3429.38,63810.539,1736981999999,218589642.18082,100643,32319.909,110723681.50232,0
1736982000000,3429.39,3453.65,3419.23,3449.80,82381.568,1736985599999,283091481.48933,148154,46041.792,158257963.83305,0
1736985600000,3449.81,3458.99,3386.44,3397.96,214116.706,1736989199999,731129240.74119,313123,88461.843,302131371.23269,0
1736989200000,3397.96,3412.72,3391.66,3402.56,58224.340,1736992799999,198089391.48274,143468,30683.660,104398742.18561,0
1736992800000,3402.56,3405.00,3380.39,3384.15,76735.297,1736996399999,260202386.27839,136335,32013.107,108559387.52579,0
1736996400000,3384.16,3386.80,3343.76,3362.10,165300.638,1736999999999,555835487.08134,210209,68505.981,230338331.97631,0
1737000000000,3362.10,3374.53,3360.22,3373.34,69573.261,1737003599999,234409138.32453,106585,37274.648,125600967.02918,0
1737003600000,3373.34,3376.08,3364.44,3367.01,33942.467,1737007199999,114400085.98886,72559,15831.344,53364079.87888,0
1737007200000,3367.02,3386.98,3361.61,3378.94,71340.418,1737010799999,240837879.66992,117631,37161.854,125459243.96037,0
1737010800000,3378.92,3389.89,3376.63,3382.42,52412.307,1737014399999,177263234.93899,88950,24886.831,84173918.76171,0
1737014400000,3382.42,3384.00,3301.05,3315.19,265096.434,1737017999999,883727518.51076,319209,113264.690,377536267.51719,0
1737018000000,3315.19,3336.27,3297.70,3334.80,216266.191,1737021599999,716401587.33271,251189,124454.982,412360620.78857,0
1737021600000,3334.80,3341.17,3326.91,3332.61,74051.645,1737025199999,246900276.72535,117009,31957.536,106570959.61369,0
1737025200000,3332.62,3354.87,3319.59,3349.75,138036.045,1737028799999,460637659.25305,219093,73479.147,245277174.49852,0
1737028800000,3349.75,3364.06,3340.10,3355.53,121329.374,1737032399999,406746765.24509,223673,58378.698,195735602.35220,0
1737032400000,3355.54,3357.66,3300.00,3327.22,207157.687,1737035999999,690031541.29129,322115,94665.674,315372776.43929,0
1737036000000,3327.22,3341.54,3263.06,3276.32,354482.422,1737039599999,1168136786.45096,448316,169999.500,560342710.23611,0
1737039600000,3276.33,3332.20,3268.35,3332.00,284897.158,1737043199999,938865908.37339,385553,154940.258,510594746.78814,0
1737043200000,3331.99,3360.80,3329.11,3339.15,190438.088,1737046799999,636718008.11907,314761,90927.022,304081504.63353,0
1737046800000,3339.14,3365.00,3329.62,3342.67,116610.766,1737050399999,390128060.85475,223864,59294.966,198415561.21253,0
1737050400000,3342.67,3349.81,3308.33,3324.62,111649.476,1737053999999,371221995.83876,193293,51647.009,171718495.79673,0
1737054000000,3324.62,3345.11,3318.00,3343.36,53767.583,1737057599999,179189308.00236,129413,29703.983,99010833.17031,0
1737057600000,3343.35,3352.77,3324.52,3335.63,66050.442,1737061199999,220424938.13420,158647,32570.129,108688395.19406,0
1737061200000,3335.61,3336.78,3309.91,3319.09,67643.108,1737064799999,224679978.76624,139104,31619.733,105034298.26894,0
1737064800000,3319.09,3319.30,3266.30,3296.62,164447.330,1737068399999,540895336.74986,199389,73068.705,240250734.01443,0
1737068400000,3296.62,3311.38,3288.53,3306.94,85188.564,1737071999999,281217231.20476,144085,46901.287,154851562.89196,0
1737072000000,3306.93,3316.85,3306.41,3312.78,53371.596,1737075599999,176741931.89078,111126,25763.982,85322563.43121,0
1737075600000,3312.79,3392.02,3312.73,3384.71,267456.082,1737079199999,898155423.54026,308356,156524.708,525630129.23303,0
1737079200000,3384.71,3396.65,3353.66,3372.05,174736.293,1737082799999,590095455.73947,273957,74999.033,253327508.62046,0
1737082800000,3372.05,3376.17,3357.40,3360.00,58812.434,1737086399999,198103907.98091,117620,26756.710,90135058.09975,0
1737086400000,3359.99,3371.42,3346.44,3369.69,80009.755,1737089999999,268528544.82192,116889,42452.729,142492227.74687,0
1737090000000,3369.69,3374.88,3358.00,3365.50,55583.051,1737093599999,187140358.67599,108535,27456.519,92448045.36141,0
1737093600000,3365.50,3374.71,3362.82,3366.38,49499.229,1737097199999,166764341.83177,90856,21318.689,71843667.36237,0
1737097200000,3366.38,3389.11,3361.00,3371.36,88030.015,1737100799999,297075696.34200,118526,49482.812,167033184.94387,0
1737100800000,3371.37,3413.23,3370.83,3405.90,151867.785,1737104399999,515010640.27324,209232,79392.479,269306211.20802,0
1737104400000,3405.91,3413.58,3398.89,3402.50,88313.205,1737107999999,300732780.07364,174227,42212.086,143759892.30885,0
1737108000000,3402.50,3438.23,3401.18,3426.70,127849.046,1737111599999,437720809.35275,212078,69466.975,237847645.49969,0
1737111600000,3426.70,3430.00,3415.38,3422.11,68385.148,1737115199999,234162866.33092,123826,36890.662,126345069.80861,0
1737115200000,3422.11,3425.60,3399.68,3406.78,112578.845,1737118799999,384102576.57525,190899,49580.752,169159765.89665,0
1737118800000,3406.78,3422.94,3390.00,3400.80,96880.288,1737122399999,330205281.95233,190002,45415.467,154843980.24645,0
1737122400000,3400.81,3432.17,3400.64,3427.59,208454.404,1737125999999,712368760.83555,326529,105789.417,361588954.61851,0
1737126000000,3427.58,3450.00,3403.00,3420.44,243330.957,1737129599999,834237835.42395,362276,115319.114,395418467.67547,0
1737129600000,3420.44,3447.99,3410.52,3436.57,138616.997,1737133199999,476273599.66757,246534,65072.506,223592989.67243,0
1737133200000,3436.57,3442.10,3406.00,3413.26,125198.443,1737136799999,428604706.53098,225874,57524.141,196940784.53737,0
1737136800000,3413.27,3428.82,3409.06,3410.41,58951.158,1737140399999,201478831.50634,142307,31614.847,108064037.74683,0
1737140400000,3410.42,3443.12,3409.74,3431.12,114898.125,1737143999999,393811497.49114,177837,61392.890,210407965.73386,0
1737144000000,3431.12,3524.60,3424.14,3513.94,358186.810,1737147599999,1248590897.43060,461375,203743.407,709792494.99581,0
1737147600000,3513.93,3524.85,3465.21,3472.64,171404.519,1737151199999,598623460.52909,249164,75794.625,264757297.42016,0
1737151200000,3472.64,3486.80,3466.01,3468.92,77126.917,1737154799999,268224287.18041,117339,41776.359,145303888.52459,0
1737154800000,3468.92,3483.87,3461.00,3472.38,59155.370,1737158399999,205458542.20147,108483,26190.087,90976565.92011,0
1737158400000,3472.38,3492.95,3467.33,3485.83,65416.749,1737161999999,227592136.22758,123394,32491.404,113057712.65917,0
1737162000000,3485.82,3485.83,3453.32,3464.95,79749.493,1737165599999,276491213.29277,141530,39500.569,136957007.57687,0
1737165600000,3464.95,3473.61,3446.10,3450.23,58963.758,1737169199999,203961856.08056,111331,24530.615,84896699.97867,0
1737169200000,3450.22,3455.27,3366.34,3382.79,285770.418,1737172799999,973122535.42876,365405,115102.143,391934546.84057,0
1737172800000,3382.79,3394.62,3350.00,3364.51,214893.987,1737176399999,723896439.29444,306802,104033.043,350508995.78904,0
1737176400000,3364.52,3370.00,3290.00,3292.88,342114.637,1737179999999,1137015987.57407,423538,135682.790,451047388.26017,0
1737180000000,3292.88,3339.80,3291.50,3312.75,190727.947,1737183599999,633046559.36813,299106,104524.007,346974396.32190,0
1737183600000,3312.75,3314.32,3280.00,3286.42,184092.312,1737187199999,606449789.64727,273346,87144.612,287133214.99812,0
1737187200000,3286.42,3295.00,3250.30,3291.85,284459.999,1737190799999,931082691.58844,373843,130679.508,427891601.61608,0
1737190800000,3291.85,3300.31,3252.00,3269.83,159470.735,1737194399999,522291573.79245,252462,80099.456,262367254.51973,0
1737194400000,3269.82,3277.19,3225.65,3265.91,314334.477,1737197999999,1021918867.26005,397779,150818.011,490486566.42395,0
1737198000000,3265.92,3323.74,3247.37,3310.54,283396.998,1737201599999,932876194.98237,357319,157574.357,518785333.71529,0
1737201600000,3310.54,3321.14,3272.72,3288.70,198906.958,1737205199999,655474690.14152,282464,88640.143,292105348.55393,0
1737205200000,3288.70,3322.48,3278.13,3321.93,172237.236,1737208799999,568866148.74520,232188,88413.359,292140895.18130,0
1737208800000,3321.94,3326.84,3287.17,3295.87,121391.645,1737212399999,401098528.16568,218067,53686.174,177415745.90066,0
1737212400000,3295.87,3346.99,3283.07,3305.99,274067.647,1737215999999,910364084.61921,377828,145930.991,484848610.09597,0
1737216000000,3305.99,3316.19,3252.32,3252.50,304072.008,1737219599999,998595913.49860,432411,141821.742,466093184.50995,0
1737219600000,3252.51,3285.00,3251.73,3257.01,121363.025,1737223199999,396989090.58874,246219,60800.986,198914089.26159,0
1737223200000,3257.00,3283.52,3246.72,3263.53,104059.505,1737226799999,339965359.28318,229059,53551.266,175023881.50101,0
1737226800000,3263.52,3292.54,3260.38,3289.09,70559.925,1737230399999,231562831.33187,170723,40464.425,132787287.06745,0
1737230400000,3289.09,3290.89,3256.64,3264.87,72443.961,1737233999999,236892880.16596,155482,28664.737,93732018.55789,0
1737234000000,3264.87,3285.06,3262.08,3273.71,46508.842,1737237599999,152379551.17260,121719,20889.538,68432295.69405,0
1737237600000,3273.71,3287.67,3270.00,3279.37,37724.760,1737241199999,123787204.76747,81669,17443.043,57236935.51300,0
1737241200000,3279.37,3320.97,3278.23,3306.70,103949.481,1737244799999,343195209.77754,177187,57221.481,188940085.31390,0
1737244800000,3306.71,3322.48,3297.70,3315.67,83212.460,1737248399999,275470266.81106,168470,40059.816,132628024.75572,0
1737248400000,3315.68,3365.43,3313.00,3352.57,193710.617,1737251999999,648532098.10636,284388,104477.447,349766827.10339,0
1737252000000,3352.56,3377.70,3346.91,3352.46,102168.094,1737255599999,343282954.95280,195892,48790.867,163954917.56125,0
1737255600000,3352.47,3365.22,3331.20,3334.96,120876.926,1737259199999,404399549.27019,211427,59395.867,198721160.24332,0
1737259200000,3334.96,3337.31,3275.00,3282.49,252087.169,1737262799999,832296588.98617,356776,106788.502,352604671.12409,0
1737262800000,3282.48,3299.83,3258.17,3298.58,131039.582,1737266399999,429293744.06688,248411,71075.216,232948760.57454,0
1737266400000,3298.58,3299.93,3281.00,3282.29,58926.317,1737269999999,193976458.64712,140802,25688.414,84577266.41045,0
1737270000000,3282.30,3292.51,3260.35,3275.02,110345.877,1737273599999,361348426.13470,189352,51847.786,169858714.81452,0
1737273600000,3275.02,3277.15,3214.28,3221.19,253196.258,1737277199999,820380807.29146,367381,112615.406,364945624.96686,0
1737277200000,3221.20,3233.21,3142.01,3225.50,511470.482,1737280799999,1628214155.80774,675375,241100.331,767672903.45112,0
1737280800000,3225.51,3226.68,3172.80,3174.21,208011.180,1737284399999,664586445.50065,373628,95545.044,305282054.23200,0
1737284400000,3174.21,3188.54,3129.63,3149.69,261041.413,1737287999999,823821541.18960,413173,116987.934,369292373.82230,0
1737288000000,3149.70,3211.21,3144.07,3205.25,204548.637,1737291599999,650334195.82669,342219,108198.826,344127301.15615,0
1737291600000,3205.25,3278.00,3192.15,3276.29,314120.342,1737295199999,1013703017.02003,374441,175242.551,565843756.50262,0
1737295200000,3276.29,3396.32,3258.62,3380.20,1075208.785,1737298799999,3591690390.41495,1072922,545789.117,1822984882.42590,0
1737298800000,3380.20,3425.99,3354.63,3383.66,416027.428,1737302399999,1409812125.41016,558528,204883.001,694517442.79124,0
1737302400000,3383.66,3424.93,3377.56,3410.90,210366.750,1737305999999,716630772.43633,351211,100046.409,340871471.21710,0
1737306000000,3410.90,3449.00,3385.62,3442.35,242379.714,1737309599999,828835921.20162,384280,124636.690,426412684.69486,0
1737309600000,3442.35,3449.77,3406.08,3433.29,132116.195,1737313199999,452506182.57687,232273,61539.506,210742815.48477,0
1737313200000,3433.29,3433.53,3407.36,3419.84,71197.341,1737316799999,243628341.52760,163238,36518.517,124975571.71786,0
1737316800000,3419.84,3432.98,3350.00,3378.21,179744.645,1737320399999,610664255.99622,302644,72026.403,244832144.53115,0
1737320400000,3378.22,3379.41,3203.46,3232.40,624062.771,1737323999999,2046410398.18971,870537,273184.984,895808045.09284,0
1737324000000,3232.39,3313.62,3155.00,3265.88,592385.226,1737327599999,1918513267.38545,906457,284358.817,921731516.58455,0
1737327600000,3265.88,3266.00,3159.28,3214.15,578883.896,1737331199999,1855593204.54523,873703,287204.628,920752067.28693,0
1737331200000,3214.16,3225.57,3141.25,3170.40,507062.352,1737334799999,1614278798.22594,746287,246163.303,783871901.19237,0
1737334800000,3170.40,3220.00,3164.96,3199.86,285794.409,1737338399999,912656043.70031,564058,137336.515,438655193.14426,0
1737338400000,3199.86,3273.98,3196.00,3244.16,271982.373,1737341999999,882290984.17618,500691,141692.589,459538432.78835,0
1737342000000,3244.20,3280.00,3226.17,3271.38,148581.534,1737345599999,483963541.58441,337208,75815.592,247035543.40141,0
1737345600000,3271.38,3298.98,3249.33,3269.86,125892.800,1737349199999,411672106.64150,273608,60729.384,198674423.74337,0
1737349200000,3269.87,3318.91,3266.79,3290.75,154828.018,1737352799999,509707989.58607,338420,78018.821,256854678.88518,0
1737352800000,3290.74,3455.76,3285.36,3417.46,483408.796,1737356399999,1634280117.73863,613951,248380.026,839569134.67572,0
1737356400000,3417.24,3442.00,3351.65,3383.33,466859.769,1737359999999,1587890317.06917,669406,211935.476,720990925.02679,0
1737360000000,3383.33,3412.41,3380.01,3392.15,158323.374,1737363599999,537778960.92841,300938,76682.861,260515929.71427,0
1737363600000,3392.16,3412.90,3351.37,3364.16,232938.801,1737367199999,786631026.58180,363742,114549.047,386882711.14398,0
1737367200000,3364.15,3392.00,3336.88,3354.39,157320.659,1737370799999,529850087.00852,285874,72815.385,245371057.48377,0
1737370800000,3354.40,3389.00,3333.99,3375.67,214654.911,1737374399999,722165472.25392,328667,110929.773,373275005.44330,0
1737374400000,3375.68,3379.60,3255.00,3303.99,455101.085,1737377999999,1503793747.75673,643652,212491.048,702060272.04517,0
1737378000000,3303.99,3355.00,3295.00,3342.29,262487.141,1737381599999,873053988.67492,457646,139901.865,465418677.55966,0
1737381600000,3342.28,3361.60,3328.88,3358.55,193474.627,1737385199999,647189065.01988,354992,98178.850,328491295.40572,0
1737385200000,3358.56,3379.75,3315.00,3335.93,300938.154,1737388799999,1007638343.93357,529579,140128.604,469343060.88172,0
1737388800000,3335.95,3391.39,3275.10,3380.00,341015.412,1737392399999,1138909945.43489,583339,169910.349,567788634.86636,0
1737392400000,3380.00,3384.36,3200.00,3292.95,975872.600,1737395999999,3214167624.55673,1200793,469048.411,1545724514.87146,0
1737396000000,3292.95,3342.24,3283.04,3330.56,266447.777,1737399599999,881982635.64447,505099,141109.411,467194118.14418,0
1737399600000,3330.55,3364.64,3308.09,3342.93,159533.184,1737403199999,532678816.07091,399402,79060.224,264057169.55309,0
1737403200000,3342.95,3344.32,3313.00,3320.27,94419.170,1737406799999,314417965.12845,269766,44294.952,147517603.83118,0
1737406800000,3320.26,3337.16,3280.00,3284.36,101779.029,1737410399999,337070616.75229,254957,41433.244,137307717.59533,0
1737410400000,3284.35,3324.42,3255.01,3318.29,128523.877,1737413999999,422973363.19390,263716,68205.462,224554142.49602,0
1737414000000,3318.31,3320.67,3260.18,3283.20,122295.002,1737417599999,402045953.07596,280497,56364.348,185231963.90599,0
1737417600000,3283.21,3289.47,3220.00,3226.09,208822.117,1737421199999,679277582.94433,431521,97715.372,317970737.83927,0
1737421200000,3226.09,3260.77,3203.50,3250.41,225312.504,1737424799999,728462774.31889,470506,113516.977,367109150.33832,0
1737424800000,3250.40,3273.20,3226.88,3256.74,119806.980,1737428399999,389693836.07588,324421,58978.943,191899884.21850,0
1737428400000,3256.73,3269.98,3247.99,3262.23,78757.393,1737431999999,256642593.95617,241420,36380.340,118566292.91570,0
1737432000000,3262.24,3262.41,3212.51,3246.36,118246.977,1737435599999,382843553.86187,292501,56224.822,182054601.41352,0
1737435600000,3246.36,3253.89,3216.03,3224.61,92028.917,1737439199999,297659499.40877,237760,46408.226,150118524.10010,0
1737439200000,3224.61,3253.98,3210.09,3241.17,121863.551,1737442799999,394136903.35212,272390,59909.269,193829030.76952,0
1737442800000,3241.16,3266.04,3234.54,3254.01,84062.474,1737446399999,273383280.56846,221488,42140.769,137059300.83707,0
1737446400000,3254.01,3263.00,3233.34,3253.27,84346.923,1737449999999,274157724.33393,226231,39857.167,129577715.11458,0
1737450000000,3253.27,3276.89,3249.41,3275.74,96930.439,1737453599999,316517507.74251,250687,51237.350,167334450.73272,0
1737453600000,3275.74,3308.80,3270.26,3302.00,130384.893,1737457199999,428952955.44354,274993,71713.457,235940905.90530,0
1737457200000,3302.00,3313.29,3291.82,3304.39,113700.651,1737460799999,375619747.16587,233471,52504.505,173470007.41280,0
1737460800000,3304.40,3326.56,3293.01,3306.63,159500.562,1737464399999,527626094.51940,252937,75298.813,249129112.76329,0
1737464400000,3306.63,3314.91,3288.53,3308.63,100000.984,1737467999999,330174811.47279,208447,52170.275,172271719.31507,0
1737468000000,3308.63,3334.98,3276.91,3288.56,262503.802,1737471599999,867192445.50105,424573,129946.500,429456623.27087,0
1737471600000,3288.57,3301.25,3263.55,3294.15,159173.489,1737475199999,522669598.07909,375970,76288.091,250534737.04450,0
1737475200000,3294.15,3349.22,3289.18,3313.16,245884.047,1737478799999,817027663.01964,429835,120368.081,399877224.87349,0
1737478800000,3313.17,3356.55,3307.05,3350.57,112364.380,1737482399999,374129254.91613,237922,57908.062,192832509.27053,0
1737482400000,3350.57,3367.95,3329.87,3345.17,124240.158,1737485999999,415959450.49413,278001,64948.106,217468813.01682,0
1737486000000,3345.18,3346.28,3315.66,3331.74,100880.917,1737489599999,335800701.78069,207637,51714.548,172150871.50395,0
1737489600000,3331.74,3339.43,3303.33,3313.75,87444.469,1737493199999,290025538.79473,181597,43810.059,145327787.34713,0
1737493200000,3313.75,3335.98,3301.00,3331.59,67722.752,1737496799999,224681079.01425,146513,37067.202,123002314.91150,0
1737496800000,3331.59,3346.66,3325.85,3333.05,48410.307,1737500399999,161458730.11020,102216,20460.210,68249004.05929,0
1737500400000,3333.05,3334.33,3305.73,3326.72,91166.709,1737503999999,302708412.81104,202671,41885.606,139078540.41143,0
1737504000000,3326.71,3365.97,3322.50,3361.48,92927.816,1737507599999,310400384.94676,197228,48984.831,163681672.19475,0
1737507600000,3361.47,3361.48,3320.00,3328.40,85668.562,1737511199999,285971124.78497,193529,38178.930,127439606.17481,0
1737511200000,3328.41,3346.77,3321.36,3343.33,63700.804,1737514799999,212580117.05520,128945,36555.077,121999327.59995,0
1737514800000,3343.33,3347.86,3324.69,3330.48,41394.391,1737518399999,138154116.25827,105731,16808.177,56101796.27405,0
1737518400000,3330.48,3332.87,3315.80,3331.17,42010.617,1737521999999,139688957.31773,103452,21427.357,71254676.99029,0
1737522000000,3331.17,3339.40,3317.01,3317.66,37100.136,1737525599999,123445836.46126,91109,17413.066,57943973.75216,0
1737525600000,3317.67,3323.49,3301.12,3308.81,63269.041,1737529199999,209520725.96959,134455,27831.082,92173659.06702,0
1737529200000,3308.81,3310.35,3285.82,3286.90,94125.037,1737532799999,310318788.93212,165633,41317.385,136227080.60647,0
1737532800000,3286.91,3300.51,3272.50,3298.41,113277.040,1737536399999,372343656.57769,196415,59012.749,194048031.85214,0
1737536400000,3298.40,3303.50,3289.01,3297.40,44747.791,1737539999999,147494877.53755,90323,22025.319,72610372.61723,0
1737540000000,3297.40,3307.39,3287.63,3307.00,50632.509,1737543599999,166974762.72210,97762,26789.602,88363469.51051,0
1737543600000,3306.99,3329.52,3303.30,3325.53,66460.512,1737547199999,220366601.07831,122607,37886.680,125634268.41970,0
1737547200000,3325.52,3331.72,3310.14,3315.89,66112.093,1737550799999,219435183.37045,115421,28804.039,95615917.85979,0
1737550800000,3315.89,3318.30,3278.00,3283.32,125238.499,1737554399999,412744261.03312,210321,53876.431,177575898.05509,0
1737554400000,3283.33,3311.00,3266.01,3292.71,206640.020,1737557999999,679211265.19679,329631,101565.386,333901334.16799,0
1737558000000,3292.66,3305.00,3268.70,3277.48,135799.137,1737561599999,446422932.25010,235863,73797.854,242714408.13447,0
1737561600000,3277.47,3283.00,3260.17,3277.09,121053.364,1737565199999,396023428.35801,215895,59408.475,194399418.38246,0
1737565200000,3277.10,3287.06,3270.64,3284.59,60411.664,1737568799999,198214797.54446,117931,28928.237,94914547.79092,0
1737568800000,3284.60,3291.39,3237.01,3248.92,120267.057,1737572399999,392333201.14854,171217,43895.703,143246744.29550,0
1737572400000,3248.93,3280.00,3247.39,3261.51,91682.929,1737575999999,299407414.11631,172825,44017.414,143715055.54979,0
1737576000000,3261.51,3276.25,3252.93,3255.49,57798.100,1737579599999,188676279.38292,143927,29992.629,97906722.29216,0
1737579600000,3255.48,3264.58,3239.94,3258.41,80779.037,1737583199999,262500078.28852,140817,41423.869,134635141.42249,0
1737583200000,3258.42,3265.76,3231.00,3237.04,66688.389,1737586799999,216643604.01970,118710,27325.537,88808191.79396,0
1737586800000,3237.40,3245.99,3220.82,3242.00,96286.318,1737590399999,311444669.35772,176424,47086.035,152336925.07931,0
1737590400000,3241.99,3261.10,3236.84,3252.93,70513.952,1737593999999,229251074.41151,150683,33784.230,109832003.45619,0
1737594000000,3252.94,3257.58,3219.12,3234.28,81458.364,1737597599999,263702043.97748,159498,37593.976,121759266.27312,0
1737597600000,3234.28,3236.73,3202.62,3222.52,117812.844,1737601199999,379051962.55799,249422,54557.679,175582646.40041,0
1737601200000,3222.53,3242.35,3214.11,3225.99,71448.030,1737604799999,230815410.39322,144911,33461.568,108071282.44146,0
1737604800000,3226.06,3230.90,3177.00,3196.00,141041.279,1737608399999,451443047.71700,220921,59331.013,189948974.63003,0
1737608400000,3196.00,3220.62,3195.04,3213.86,68651.636,1737611999999,220354289.05611,124872,33866.871,108694425.11451,0
1737612000000,3213.83,3223.99,3203.21,3207.09,48714.146,1737615599999,156612407.11441,106144,21282.480,68428097.07907,0
1737615600000,3207.10,3232.43,3197.33,3232.07,66728.315,1737619199999,214665885.35080,126471,38618.163,124285933.99429,0
1737619200000,3232.08,3232.43,3207.27,3209.21,56498.582,1737622799999,181946982.99014,121679,25361.229,81670938.43575,0
1737622800000,3209.22,3221.08,3191.04,3195.92,75754.322,1737626399999,242878706.96549,145614,36518.986,117109414.40346,0
1737626400000,3195.93,3212.68,3187.20,3203.29,81459.716,1737629999999,260517574.21043,154738,38288.694,122480453.11692,0
1737630000000,3203.30,3216.26,3194.88,3212.79,61413.514,1737633599999,196940990.51754,112594,31042.416,99548380.73137,0
1737633600000,3212.79,3217.93,3188.53,3202.61,97762.294,1737637199999,313044817.64377,159365,44342.454,141985094.72066,0
1737637200000,3202.62,3242.47,3201.00,3232.94,135960.365,1737640799999,438363117.22111,214656,72957.815,235307225.90447,0
1737640800000,3232.94,3286.00,3221.25,3274.99,310702.010,1737644399999,1012999950.05226,406391,162407.472,529520898.05378,0
1737644400000,3274.99,3280.00,3224.00,3258.50,349125.345,1737647999999,1134109731.73437,494684,163398.318,530751618.05794,0
1737648000000,3258.51,3296.99,3250.95,3253.65,237341.626,1737651599999,776977920.24505,368860,122935.029,402522813.12191,0
1737651600000,3253.66,3270.71,3230.00,3264.88,134570.385,1737655199999,436620638.97885,235137,63182.625,205058302.85662,0
1737655200000,3264.89,3269.44,3233.84,3239.90,88187.791,1737658799999,286530878.01686,167718,39554.563,128528815.50965,0
1737658800000,3239.90,3245.83,3192.63,3203.48,195987.570,1737662399999,629819427.94467,280719,86272.996,277230848.88499,0
1737662400000,3203.48,3295.00,3195.51,3246.63,547361.398,1737665999999,1781373880.18343,675329,290073.674,944315914.91128,0
1737666000000,3246.63,3255.58,3212.51,3247.91,150311.020,1737669599999,486501678.47059,304124,71331.145,230924283.30182,0
1737669600000,3247.92,3322.99,3245.18,3321.94,199808.617,1737673199999,657781422.42190,316376,114403.133,376521715.89572,0
1737673200000,3321.94,3347.70,3311.18,3337.88,147094.069,1737676799999,490057531.84165,258703,74760.305,249118112.43670,0
1737676800000,3337.87,3349.75,3283.84,3284.50,146309.211,1737680399999,485067129.06647,247744,66474.290,220388699.03141,0
1737680400000,3284.64,3325.55,3283.50,3297.67,112940.655,1737683999999,373139806.65721,215413,54696.490,180706145.30395,0
1737684000000,3297.67,3313.10,3279.04,3284.65,83638.628,1737687599999,275757386.23468,189354,35511.548,117111033.43817,0
1737687600000,3284.65,3312.00,3273.94,3301.20,113907.962,1737691199999,375714665.89010,228030,60435.618,199394564.74671,0
1737691200000,3301.20,3340.00,3291.14,3332.72,108591.890,1737694799999,360431047.85873,187533,62692.033,208115218.30323,0
1737694800000,3332.72,3409.61,3328.54,3409.23,248224.076,1737698399999,836899161.92115,350683,139990.005,472228782.90027,0
1737698400000,3409.23,3420.74,3377.23,3385.47,208438.442,1737701999999,707875369.99922,322849,94841.577,322132160.82328,0
1737702000000,3385.51,3400.67,3371.26,3380.58,102804.984,1737705599999,348137239.75465,170733,52225.478,176871068.99194,0
1737705600000,3380.59,3416.00,3374.61,3400.51,129673.727,1737709199999,440729806.13966,197764,71657.230,243555321.29167,0
1737709200000,3400.51,3413.26,3391.00,3400.67,77742.950,1737712799999,264333510.64558,145718,37182.362,126435446.85577,0
1737712800000,3400.67,3414.30,3390.00,3412.99,71562.743,1737716399999,243341083.60226,136843,37773.496,128465158.09331,0
1737716400000,3413.00,3414.13,3391.00,3398.68,55111.083,1737719999999,187522967.97775,107153,24790.675,84353429.35617,0
1737720000000,3398.67,3404.86,3385.18,3403.49,72349.687,1737723599999,245486762.81556,130439,36529.315,123966671.25917,0
1737723600000,3403.49,3429.99,3390.32,3394.44,141465.536,1737727199999,481797746.01437,206417,71439.593,243461854.28132,0
1737727200000,3394.44,3422.00,3376.88,3398.31,178989.553,1737730799999,608581177.08905,282148,88510.678,301029962.29784,0
1737730800000,3398.30,3409.09,3353.54,3382.62,226729.036,1737734399999,766090712.64489,335240,101195.859,341953337.84129,0
1737734400000,3382.61,3397.28,3375.88,3378.94,95262.701,1737737999999,322724547.78760,179730,46105.407,156212054.17294,0
1737738000000,3378.94,3405.22,3371.59,3396.65,100118.086,1737741599999,339318444.49476,182572,50103.163,169840386.48798,0
1737741600000,3396.65,3408.51,3373.23,3380.05,76524.630,1737745199999,259442111.22632,168247,36252.683,122936967.87077,0
1737745200000,3380.05,3393.91,3362.94,3367.25,118611.140,1737748799999,400417878.14549,162676,53382.834,180230642.64421,0
1737748800000,3367.26,3377.56,3325.01,3327.84,197270.793,1737752399999,659994602.78657,270096,92721.797,310250779.25002,0
1737752400000,3327.85,3345.77,3321.63,3328.64,88139.596,1737755999999,293660385.72574,168194,38751.377,129157185.72818,0
1737756000000,3328.65,3335.84,3321.00,3324.43,59635.761,1737759599999,198456909.81826,107277,31679.736,105444928.68092,0
1737759600000,3324.43,3324.67,3302.01,3308.62,98955.058,1737763199999,327578744.54761,162795,39568.027,130986478.68063,0
1737763200000,3308.61,3312.97,3268.04,3272.21,142055.900,1737766799999,467374604.74233,246726,62923.954,207120667.05608,0
1737766800000,3272.21,3304.88,3266.53,3292.74,94609.200,1737770399999,311331576.35682,167224,49151.674,161726284.82157,0
1737770400000,3292.73,3303.19,3287.85,3293.49,39363.154,1737773999999,129763314.19374,96665,19913.548,65651933.61596,0
1737774000000,3293.50,3324.18,3290.60,3318.00,77207.825,1737777599999,255555958.88534,125850,47309.947,156597615.92753,0
1737777600000,3318.01,3318.59,3296.01,3298.79,51783.423,1737781199999,171224048.51503,86067,23080.539,76334493.76223,0
1737781200000,3298.79,3301.70,3286.01,3295.01,52048.387,1737784799999,171451469.24376,96766,23832.358,78515749.19686,0
1737784800000,3295.01,3302.49,3282.51,3290.83,52202.759,1737788399999,171737576.24404,106985,24594.635,80919494.82687,0
1737788400000,3290.83,3294.18,3281.70,3289.78,39050.265,1737791999999,128436997.92955,75978,22074.131,72605892.20365,0
1737792000000,3289.79,3300.00,3281.42,3289.60,51049.075,1737795599999,168022278.16326,88165,25994.571,85587095.19690,0
1737795600000,3289.60,3291.47,3280.00,3282.29,31973.926,1737799199999,105056499.30359,71011,13230.827,43480180.42323,0
1737799200000,3282.29,3298.00,3270.00,3294.28,80060.466,1737802799999,262741489.43955,122015,38520.143,126474603.52769,0
1737802800000,3294.30,3310.60,3289.63,3305.50,70184.042,1737806399999,231547165.13917,91929,42005.248,138613532.52478,0
1737806400000,3305.51,3306.23,3292.36,3304.78,46815.133,1737809999999,154487283.54898,82763,21310.754,70326163.01285,0
1737810000000,3304.78,3309.07,3299.00,3306.29,35785.246,1737813599999,118227224.72713,77790,17759.963,58677180.08988,0
1737813600000,3306.30,3318.86,3297.00,3314.36,45666.549,1737817199999,151010064.96589,87112,25672.624,84918365.03539,0
1737817200000,3314.36,3343.83,3308.42,3332.87,158080.385,1737820799999,526427591.06780,198904,76958.760,256269160.62276,0
1737820800000,3332.88,3348.84,3328.70,3341.06,74738.913,1737824399999,249434100.18390,145352,34206.696,114189290.97889,0
1737824400000,3341.07,3345.12,3328.70,3342.60,63242.315,1737827999999,211047109.54764,121683,34745.465,115975451.41177,0
1737828000000,3342.60,3347.31,3334.00,3340.79,35821.674,1737831599999,119654141.82368,83437,18458.456,61657658.73489,0
1737831600000,3340.80,3343.00,3333.07,3338.72,23624.230,1737835199999,78869121.78442,61645,10161.414,33923544.89959,0
1737835200000,3338.71,3349.80,3333.93,3335.63,33387.470,1737838799999,111617664.96054,70244,15925.529,53252906.81488,0
1737838800000,3335.63,3341.61,3330.09,3338.50,27197.609,1737842399999,90713076.71864,75315,14456.173,48218041.80324,0
1737842400000,3338.50,3344.80,3330.01,3332.84,20962.089,1737845999999,69947215.36170,49305,8979.719,29968892.25254,0
1737846000000,3332.84,3336.22,3313.11,3317.91,66815.610,1737849599999,222063126.39424,118149,27275.215,90672300.25398,0
1737849600000,3317.91,3326.90,3312.37,3319.75,42530.641,1737853199999,141147365.81339,79255,23206.051,77015119.45617,0
1737853200000,3319.74,3336.99,3317.00,3330.00,37216.463,1737856799999,123889350.44143,77723,19507.211,64939605.07377,0
1737856800000,3329.98,3330.37,3316.29,3327.22,33470.325,1737860399999,111184829.80880,68892,15865.185,52701419.95896,0
1737860400000,3327.22,3349.38,3325.00,3337.47,48586.994,1737863999999,162133121.69900,88312,26100.632,87099532.05680,0
1737864000000,3337.46,3363.00,3335.00,3351.00,75871.575,1737867599999,254262359.55689,125235,41999.653,140782688.05077,0
1737867600000,3351.00,3352.28,3336.60,3341.07,36953.273,1737871199999,123531932.11290,73119,16508.764,55185400.90283,0
1737871200000,3341.07,3346.38,3337.00,3340.36,25410.942,1737874799999,84936730.65520,59026,13590.920,45427808.75946,0
1737874800000,3340.36,3344.25,3328.41,3337.52,30912.480,1737878399999,103153133.99746,65124,14711.925,49097974.14074,0
1737878400000,3337.52,3342.41,3322.12,3330.58,51037.533,1737881999999,169998301.89034,82424,24077.802,80210828.95484,0
1737882000000,3330.57,3331.50,3290.68,3297.01,144928.862,1737885599999,479377085.47375,171004,59602.836,197138920.54544,0
1737885600000,3297.00,3305.68,3294.61,3304.26,46759.462,1737889199999,154323452.28310,83358,24727.558,81610470.01077,0
1737889200000,3304.27,3315.32,3301.36,3310.45,51266.261,1737892799999,169623533.07478,81643,26906.154,89033753.98107,0
1737892800000,3310.45,3310.45,3298.41,3306.64,38101.408,1737896399999,125862379.18709,68028,18455.233,60962014.82568,0
1737896400000,3306.65,3309.95,3299.11,3306.63,51909.479,1737899999999,171524639.66579,85467,31236.584,103224114.64848,0
1737900000000,3306.63,3311.92,3295.48,3309.48,44178.601,1737903599999,145927684.89734,73133,23304.115,76985295.66109,0
1737903600000,3309.48,3319.94,3307.06,3313.61,46782.829,1737907199999,155035588.04221,76523,21922.981,72660761.68092,0
1737907200000,3313.61,3318.63,3305.65,3314.40,44633.211,1737910799999,147853709.46418,74678,18816.482,62341431.30845,0
1737910800000,3314.39,3344.26,3313.84,3336.31,88173.657,1737914399999,293629501.36595,120683,53701.907,178847230.62542,0
1737914400000,3336.31,3342.22,3332.28,3335.83,64699.721,1737917999999,215943058.39068,87584,34505.203,115175220.74769,0
1737918000000,3335.83,3340.69,3328.23,3337.51,40490.498,1737921599999,135009486.33719,64741,20696.748,69029753.90270,0
1737921600000,3337.51,3341.34,3325.50,3328.26,25742.191,1737925199999,85824838.55912,61369,11507.950,38371728.85893,0
1737925200000,3328.26,3328.66,3290.25,3295.00,96412.722,1737928799999,318883043.51866,146350,41430.162,137006682.81288,0
1737928800000,3295.00,3308.55,3279.59,3286.36,87124.520,1737932399999,286778042.70244,145149,36655.937,120725735.11535,0
1737932400000,3286.37,3286.37,3226.57,3230.50,341445.244,1737935999999,1110306128.28597,430659,157125.366,510964737.75361,0
1737936000000,3230.50,3253.19,3207.60,3212.69,224311.407,1737939599999,723845114.44649,408251,103127.613,332910226.66122,0
1737939600000,3212.70,3223.33,3185.50,3193.70,204773.904,1737943199999,655998004.38826,370971,95126.520,304852318.01973,0
1737943200000,3193.69,3194.00,3161.02,3169.46,233499.417,1737946799999,741890059.71930,405302,101176.080,321507107.18495,0
1737946800000,3169.45,3198.37,3158.87,3182.11,112407.376,1737950399999,357580302.24577,211817,58680.206,186732000.71104,0
1737950400000,3182.11,3182.11,3153.12,3155.73,108947.873,1737953999999,344576058.21449,221233,47514.490,150279166.07778,0
1737954000000,3155.74,3163.36,3112.77,3139.76,253570.371,1737957599999,795535169.98439,349012,110252.417,345881921.81115,0
1737957600000,3139.76,3148.91,3077.05,3082.75,371881.127,1737961199999,1154064998.23775,497812,167598.916,520122455.43492,0
1737961200000,3082.75,3090.75,3020.17,3069.13,514520.305,1737964799999,1573988807.08427,628189,247278.193,756787124.62502,0
1737964800000,3069.12,3071.87,3036.30,3064.20,202560.964,1737968399999,618914412.20534,359621,100257.049,306361097.20578,0
1737968400000,3064.20,3089.00,3056.92,3079.48,149263.496,1737971999999,458876646.27655,276400,77422.033,238009307.60137,0
1737972000000,3079.49,3080.18,3032.40,3037.11,144633.837,1737975599999,441584062.37556,279521,64617.007,197277321.44708,0
1737975600000,3037.10,3074.28,3036.29,3057.48,113029.787,1737979199999,345818091.57468,239267,56814.368,173815941.40223,0
1737979200000,3057.49,3121.96,3051.96,3101.52,233615.033,1737982799999,720785258.55533,315856,128432.625,396500876.48769,0
1737982800000,3101.52,3133.28,3085.21,3097.85,288575.318,1737986399999,898148407.72554,425889,131157.775,408384280.90594,0
1737986400000,3097.85,3145.00,3081.60,3135.78,252559.589,1737989999999,786856111.45684,382025,130427.374,406354310.16195,0
1737990000000,3135.77,3150.81,3110.47,3132.04,183622.201,1737993599999,575321166.90064,322882,87071.250,272933886.57747,0
1737993600000,3132.04,3132.04,3074.03,3083.01,251350.720,1737997199999,779327952.41046,371864,113674.975,352488508.31095,0
1737997200000,3083.01,3098.36,3064.83,3071.53,142826.769,1738000799999,440286480.45740,284352,72108.157,222348879.98084,0
1738000800000,3071.52,3087.80,3043.53,3053.68,128995.870,1738004399999,395232919.08396,254220,62962.882,192995830.04764,0
1738004400000,3053.74,3081.36,3053.74,3074.88,103934.141,1738007999999,318932741.40542,208587,52519.009,161143159.00529,0
1738008000000,3074.87,3147.99,3071.78,3143.99,180968.675,1738011599999,564114741.61418,277095,90104.899,280803792.39037,0
1738011600000,3143.98,3238.00,3141.14,3158.15,369493.819,1738015199999,1175147380.40400,499086,185248.541,589045881.26818,0
1738015200000,3158.16,3180.00,3145.00,3169.42,99527.619,1738018799999,314856790.54958,170345,45418.979,143755264.80089,0
1738018800000,3169.44,3181.99,3158.29,3180.99,70125.662,1738022399999,222250560.46665,137019,33921.018,107538497.07274,0
1738022400000,3181.00,3203.15,3163.00,3166.21,96633.915,1738025999999,307669171.21424,192591,47097.970,149989301.80151,0
1738026000000,3166.22,3175.56,3150.26,3165.03,74175.777,1738029599999,234512805.32764,139750,38571.367,121957520.37414,0
1738029600000,3165.03,3198.42,3163.86,3191.61,73949.305,1738033199999,235563284.08963,165865,36265.575,115531528.58179,0
1738033200000,3191.60,3217.00,3173.90,3201.47,136113.157,1738036799999,435287175.22077,198748,70150.223,224418604.93653,0
1738036800000,3201.47,3221.98,3196.10,3210.96,104437.511,1738040399999,335122779.61216,146815,57150.609,183405805.16544,0
1738040400000,3210.97,3220.86,3207.18,3211.68,55192.237,1738043999999,177399512.16956,107182,24900.049,80046141.80021,0
1738044000000,3211.68,3214.20,3190.03,3193.38,61168.475,1738047599999,195832088.16372,120057,26776.931,85738669.23311,0
1738047600000,3193.38,3214.71,3187.51,3194.62,62194.408,1738051199999,199028578.55712,127130,29867.185,95566910.85571,0
1738051200000,3194.63,3204.30,3181.86,3197.31,100127.420,1738054799999,319706180.90450,134363,45997.834,146909511.73141,0
1738054800000,3197.30,3200.58,3183.00,3195.71,47571.700,1738058399999,151831399.86556,109312,24012.683,76645497.00327,0
1738058400000,3195.71,3206.71,3187.79,3192.93,49738.827,1738061999999,159033448.68281,99917,24474.862,78270640.56217,0
1738062000000,3192.93,3199.56,3175.00,3185.21,49599.742,1738065599999,158022212.63845,99578,21087.218,67189153.76824,0
1738065600000,3185.21,3194.75,3164.60,3173.78,75342.983,1738069199999,239396274.40276,145912,33019.235,104960817.39765,0
1738069200000,3173.78,3188.41,3168.78,3174.14,49639.748,1738072799999,157814764.32112,108782,24514.730,77957632.24453,0
1738072800000,3174.15,3179.83,3154.28,3171.27,155376.403,1738076399999,491970349.31926,260245,80914.239,256246347.69169,0
1738076400000,3171.30,3215.79,3169.61,3180.15,180105.818,1738079999999,574322772.38210,298325,86928.556,277334031.96451,0
1738080000000,3180.15,3181.81,3130.58,3149.41,175368.986,1738083599999,553540482.38200,279002,72174.693,227879371.07841,0
1738083600000,3149.41,3181.61,3149.05,3166.11,133371.958,1738087199999,422506442.18784,223253,71294.985,225870577.79136,0
1738087200000,3166.11,3176.96,3139.07,3142.60,84121.175,1738090799999,265507240.24207,175593,37906.328,119668837.06161,0
1738090800000,3142.60,3149.32,3120.10,3146.55,124319.245,1738094399999,389704787.96605,210532,61405.349,192480239.52651,0
1738094400000,3146.54,3154.34,3091.57,3094.31,167567.827,1738097999999,522935700.62224,240420,77645.067,242438501.21812,0
1738098000000,3094.30,3113.97,3051.27,3052.38,211437.053,1738101599999,651730820.26638,327195,95252.978,293843892.03274,0
1738101600000,3052.37,3090.00,3038.00,3083.00,204649.630,1738105199999,626800174.81626,304319,103526.489,317303801.33492,0
1738105200000,3082.99,3095.81,3052.38,3075.96,119370.239,1738108799999,366709669.55689,194663,60205.523,184982153.63954,0
1738108800000,3075.96,3116.78,3075.18,3108.91,115648.127,1738112399999,358377506.30285,194173,63389.388,196430190.57566,0
1738112400000,3108.91,3119.00,3097.45,3109.31,61486.014,1738115999999,191184175.78708,125506,28194.630,87703073.71938,0
1738116000000,3109.30,3128.35,3108.58,3112.81,70282.477,1738119599999,219112766.91110,121324,34202.180,106650995.69761,0
1738119600000,3112.81,3131.71,3106.65,3129.10,55268.907,1738123199999,172390744.35916,118710,28082.422,87619329.38422,0
1738123200000,3129.10,3138.88,3121.35,3122.82,64086.071,1738126799999,200575027.01035,115599,28045.707,87799602.15006,0
1738126800000,3122.82,3133.78,3115.00,3129.79,56466.611,1738130399999,176397770.09302,89137,27902.518,87202173.58644,0
1738130400000,3129.79,3148.96,3127.18,3145.87,75312.051,1738133999999,236486606.00593,121522,42181.722,132446261.97358,0
1738134000000,3145.88,3158.79,3137.40,3155.64,68337.008,1738137599999,215142498.20770,101004,39008.265,122815395.80099,0
1738137600000,3155.65,3163.39,3142.20,3146.40,60897.625,1738141199999,191951681.14461,120301,25532.150,80497602.47357,0
1738141200000,3146.39,3147.34,3121.42,3129.28,85444.203,1738144799999,267691537.56676,133032,40569.527,127109235.11160,0
1738144800000,3129.28,3142.27,3117.53,3136.48,58268.145,1738148399999,182425401.55075,98218,26642.333,83433385.16120,0
1738148400000,3136.49,3142.48,3130.32,3133.63,47282.423,1738151999999,148312511.61956,85408,23662.170,74231755.23980,0
1738152000000,3133.64,3138.95,3111.30,3117.67,91702.692,1738155599999,286415812.27645,127445,36764.423,114793453.36390,0
1738155600000,3117.68,3120.96,3087.45,3100.76,152950.037,1738159199999,474275935.01258,222990,74515.651,231052578.49872,0
1738159200000,3100.76,3115.39,3078.93,3095.28,161935.985,1738162799999,501681473.86882,246787,83842.129,259846905.80747,0
1738162800000,3095.29,3118.19,3092.64,3099.69,99511.252,1738166399999,308860647.39530,194796,46781.331,145217920.57413,0
1738166400000,3099.68,3104.00,3070.19,3084.90,107403.537,1738169999999,331483267.63377,184834,51982.618,160481880.23444,0
1738170000000,3084.89,3131.39,3083.25,3110.26,116327.151,1738173599999,362132733.61104,196690,58907.069,183370371.49124,0
1738173600000,3110.28,3134.15,3087.54,3126.57,115466.243,1738177199999,359049198.30225,211623,57068.783,177471286.48456,0
1738177200000,3126.56,3153.92,3052.88,3125.08,545185.661,1738180799999,1692928067.96017,714477,272229.024,845374319.51803,0
1738180800000,3125.08,3180.93,3088.74,3134.60,337169.716,1738184399999,1056816539.67255,516357,158624.785,497315088.33071,0
1738184400000,3134.60,3162.34,3112.00,3138.97,162525.774,1738187999999,509939206.73886,277109,81126.532,254552774.86480,0
1738188000000,3138.97,3157.58,3122.65,3130.57,81251.808,1738191599999,254941280.60716,143838,36973.413,116041789.47712,0
1738191600000,3130.57,3147.31,3108.02,3112.55,73257.091,1738195199999,229000698.46500,150265,34219.480,107018211.17241,0
1738195200000,3112.54,3125.84,3089.00,3122.92,101742.840,1738198799999,316039094.40131,152427,50430.702,156708143.71146,0
1738198800000,3122.93,3154.43,3119.15,3136.99,107348.174,1738202399999,337026651.67450,170099,51622.927,162061355.88974,0
1738202400000,3137.00,3154.27,3126.73,3154.27,72112.735,1738205999999,226563353.81596,130772,36938.757,116094335.31144,0
1738206000000,3154.27,3202.68,3152.34,3200.30,150965.414,1738209599999,479820034.94807,215153,95028.535,302136958.82445,0
1738209600000,3200.29,3214.85,3186.20,3196.05,146314.482,1738213199999,468252499.83053,215093,74805.388,239398219.39004,0
1738213200000,3196.07,3197.86,3181.39,3193.76,60316.317,1738216799999,192291318.73971,111328,29903.822,95340692.50760,0
1738216800000,3193.77,3206.54,3183.32,3185.10,57001.813,1738220399999,182099701.50822,99556,25735.803,82226839.23359,0
1738220400000,3185.11,3194.08,3177.00,3189.54,75616.341,1738223999999,240737787.58912,106878,38117.222,121352001.45804,0
1738224000000,3189.55,3210.50,3180.00,3203.84,75473.508,1738227599999,241126077.36321,114105,44480.695,142153096.88255,0
1738227600000,3203.84,3228.99,3199.07,3220.33,116567.045,1738231199999,374665267.71392,174071,63799.056,205100358.13985,0
1738231200000,3220.33,3221.88,3206.15,3218.00,53654.694,1738234799999,172390468.45202,110873,26238.883,84306657.67431,0
1738234800000,3218.00,3226.57,3212.88,3221.16,58690.188,1738238399999,188957749.74940,100712,26140.744,84182500.52235,0
1738238400000,3221.16,3223.10,3207.86,3218.57,56350.521,1738241999999,181154696.65991,102756,27836.843,89492866.19229,0
1738242000000,3218.57,3277.50,3214.27,3261.73,254831.359,1738245599999,827980730.24452,328583,140469.634,456263048.00747,0
1738245600000,3261.73,3279.99,3238.03,3269.61,265184.682,1738249199999,864013252.53840,335807,126930.801,413629194.82749,0
1738249200000,3269.60,3276.33,3246.15,3254.39,143956.609,1738252799999,469713734.96959,280795,67287.637,219566906.87593,0
1738252800000,3254.40,3278.65,3246.04,3277.48,101534.096,1738256399999,331242210.78285,173651,47522.589,155094449.70213,0
1738256400000,3277.47,3282.60,3255.58,3271.22,106633.549,1738259999999,348453917.39015,176558,51264.923,167561973.23239,0
1738260000000,3271.22,3275.77,3252.83,3268.89,77135.940,1738263599999,251964737.76949,148296,35413.886,115696610.81979,0
1738263600000,3268.90,3274.80,3254.08,3270.07,55193.547,1738267199999,180236174.84570,107361,25752.827,84091705.11505,0
1738267200000,3270.08,3271.83,3225.25,3230.00,162039.962,1738270799999,525703442.34162,205115,74830.923,242860355.49994,0
1738270800000,3229.96,3247.44,3229.95,3243.24,64873.545,1738274399999,210100031.96520,113765,34254.250,110948728.20343,0
1738274400000,3243.25,3270.90,3236.85,3259.62,62046.647,1738277999999,202020751.00161,95169,36203.954,117885747.54740,0
1738278000000,3259.62,3268.99,3243.61,3245.86,49793.566,1738281599999,162139659.37907,93932,21194.618,69042712.30421,0
1738281600000,3245.86,3270.26,3236.07,3269.19,98030.950,1738285199999,318885300.98156,159432,49839.671,162151140.68412,0
1738285200000,3269.19,3272.49,3252.67,3269.58,60746.592,1738288799999,198334926.39764,123573,31369.810,102430472.72302,0
1738288800000,3269.57,3279.72,3245.62,3246.22,79499.617,1738292399999,259162615.26442,138468,36006.828,117414948.34859,0
1738292400000,3246.23,3246.23,3219.75,3229.54,104849.491,1738295999999,338797817.33713,172130,46969.581,151785715.16125,0
1738296000000,3229.54,3234.47,3212.31,3215.07,77726.487,1738299599999,250492345.86655,128819,36694.732,118296045.76070,0
1738299600000,3215.07,3247.68,3214.50,3243.85,77984.843,1738303199999,252243315.89390,120217,44360.781,143470957.61227,0
1738303200000,3243.85,3271.00,3240.00,3261.66,88474.604,1738306799999,288011160.81996,147373,45914.054,149449760.77291,0
1738306800000,3261.67,3276.65,3237.65,3239.99,112132.750,1738310399999,365164957.19390,150337,57818.332,188305408.15895,0
1738310400000,3240.00,3247.08,3232.05,3235.15,71436.931,1738313999999,231404914.20166,130545,30916.626,100140990.71995,0
1738314000000,3235.16,3270.34,3233.00,3265.42,120983.354,1738317599999,394034895.48945,153707,73996.885,241002191.92595,0
1738317600000,3265.41,3271.29,3255.07,3268.84,67043.295,1738321199999,218796818.24737,110416,35341.484,115361756.82009,0
1738321200000,3268.84,3337.77,3268.83,3334.22,349169.505,1738324799999,1155993789.60992,443017,204248.951,676163501.18933,0
1738324800000,3334.22,3358.82,3324.00,3349.49,232047.959,1738328399999,776072589.46109,350549,123642.116,413537540.64531,0
1738328400000,3349.50,3364.38,3340.26,3353.66,161618.085,1738331999999,541911601.84522,263428,74424.292,249589429.10841,0
1738332000000,3353.65,3373.46,3332.39,3349.59,242485.370,1738335599999,813061276.32985,345642,128263.714,430128666.45060,0
1738335600000,3349.59,3427.80,3349.59,3426.21,400117.114,1738339199999,1358303226.76431,483172,215889.082,732968091.02808,0
1738339200000,3426.21,3436.39,3389.82,3402.17,315888.975,1738342799999,1077711581.88919,376658,164722.786,561865846.16570,0
1738342800000,3402.17,3404.54,3369.74,3374.67,143667.211,1738346399999,486424460.25509,217024,66373.468,224806199.51528,0
1738346400000,3374.67,3384.10,3292.16,3313.10,468929.257,1738349999999,1562256119.00633,520638,226879.031,755566716.19921,0
1738350000000,3313.11,3344.96,3305.79,3337.30,249772.420,1738353599999,830323993.10259,384511,132374.269,440183757.80632,0
1738353600000,3337.31,3337.31,3284.26,3314.54,240022.852,1738357199999,795079953.39441,368986,108417.104,359154827.34996,0
1738357200000,3314.53,3319.57,3277.01,3317.45,178818.117,1738360799999,589880515.23980,280011,87249.276,287920651.42284,0
1738360800000,3317.45,3319.76,3280.30,3295.03,111201.910,1738364399999,367153958.89029,183301,54831.137,181058906.27365,0
1738364400000,3295.03,3301.69,3277.21,3299.50,77637.225,1738367999999,255504460.27050,153375,38967.833,128244745.56029,0
1738368000000,3299.50,3319.88,3286.85,3315.59,105182.267,1738371599999,347736994.92972,172474,58294.427,192754180.22668,0
1738371600000,3315.58,3330.82,3311.10,3311.89,83949.680,1738375199999,278758072.88602,144128,37370.898,124112889.50032,0
1738375200000,3311.88,3324.83,3301.71,3304.79,49584.534,1738378799999,164266311.72752,108943,20275.320,67186195.62685,0
1738378800000,3304.79,3308.40,3281.82,3291.01,71357.376,1738382399999,234931291.62563,142888,34966.412,115126054.18672,0
1738382400000,3291.02,3305.87,3283.15,3293.40,58707.693,1738385999999,193460448.84718,105821,32610.717,107456837.35070,0
1738386000000,3293.40,3301.94,3291.64,3298.82,32122.765,1738389599999,105931680.80628,65908,16191.728,53395535.50390,0
1738389600000,3298.81,3305.74,3271.00,3294.89,89796.162,1738393199999,295017888.06651,134832,40753.748,133925763.12498,0
1738393200000,3294.88,3299.80,3275.80,3278.99,53081.135,1738396799999,174454869.75711,102142,23916.151,78606909.43782,0
1738396800000,3279.00,3285.48,3245.00,3267.19,173334.140,1738400399999,565643918.68798,243820,71280.449,232705982.19744,0
1738400400000,3267.19,3267.83,3222.31,3234.93,178190.308,1738403999999,577809050.96075,267795,77703.915,252042487.66476,0
1738404000000,3234.93,3251.30,3226.63,3233.14,105425.017,1738407599999,341581977.15595,177139,54844.769,177729788.72574,0
1738407600000,3233.14,3251.79,3228.75,3250.54,68403.131,1738411199999,221822577.48144,122540,40258.293,130570156.67990,0
1738411200000,3250.54,3271.65,3245.05,3265.83,90831.804,1738414799999,295960093.13438,135452,52282.565,170336930.46779,0
1738414800000,3265.83,3272.00,3240.47,3244.76,81061.269,1738418399999,263916458.37204,128520,32352.996,105324939.39549,0
1738418400000,3244.76,3255.39,3232.76,3237.38,82586.618,1738421999999,267936323.86421,157227,43905.130,142465820.01354,0
1738422000000,3237.39,3256.98,3227.00,3249.40,102690.364,1738425599999,332905683.17858,170847,51359.067,166526352.05873,0
1738425600000,3249.40,3264.86,3238.89,3241.25,74562.923,1738429199999,242569164.55802,145521,36162.718,117688604.67323,0
1738429200000,3241.25,3265.91,3241.24,3260.71,59280.511,1738432799999,193082742.68120,116684,32944.976,107283488.84509,0
1738432800000,3260.71,3266.00,3238.39,3240.80,58500.849,1738436399999,190284905.90351,124338,28994.530,94316967.60685,0
1738436400000,3240.80,3243.43,3177.07,3195.18,299439.733,1738439999999,959335502.95965,378470,129900.045,416193579.74301,0
1738440000000,3195.18,3196.06,3150.02,3162.46,226305.182,1738443599999,717151332.36253,370359,107550.467,340832509.16406,0
1738443600000,3162.46,3178.00,3140.17,3148.41,147186.143,1738447199999,465317405.82174,265533,74207.408,234711316.49122,0
1738447200000,3148.42,3160.86,3123.04,3136.85,136326.177,1738450799999,427973468.31694,211964,67964.887,213429602.52548,0
1738450800000,3136.85,3138.24,3100.67,3116.22,205702.931,1738454399999,641503218.85823,308740,99745.677,311140810.48255,0
1738454400000,3116.23,3155.29,3110.66,3150.00,120043.562,1738457999999,376791855.35601,201436,69515.035,218156269.31958,0
1738458000000,3150.00,3161.86,3141.66,3151.46,66547.515,1738461599999,209837206.30968,126530,35255.230,111184045.70667,0
1738461600000,3151.47,3151.99,3112.00,3114.44,104999.944,1738465199999,328583598.59164,185614,44793.597,140158937.58227,0
1738465200000,3114.45,3128.00,3066.83,3076.48,326140.556,1738468799999,1007708804.04545,454366,153297.771,473787301.35094,0
1738468800000,3076.48,3110.00,3072.84,3095.60,122246.008,1738472399999,378236677.19888,236470,64451.369,199442743.98005,0
1738472400000,3095.60,3122.50,3092.20,3118.51,86339.223,1738475999999,268480292.99418,164179,45709.018,142132413.14829,0
1738476000000,3118.51,3138.20,3109.71,3113.90,142887.851,1738479599999,446374742.42961,174305,64962.540,202961294.03920,0
1738479600000,3113.91,3114.11,3081.45,3099.88,136140.466,1738483199999,421463608.78032,241868,56917.261,176216227.43953,0
1738483200000,3099.87,3122.99,3088.80,3108.48,127693.106,1738486799999,396799066.64695,180491,66062.192,205331735.68409,0
1738486800000,3108.47,3111.23,3095.03,3110.00,77845.240,1738490399999,241625094.06845,133245,41209.471,127934573.47052,0
1738490400000,3110.01,3110.42,3089.73,3103.19,97941.043,1738493999999,303607475.60188,148226,41353.528,128180824.14720,0
1738494000000,3103.19,3111.63,3050.00,3063.49,261545.475,1738497599999,804224475.86447,347274,107352.076,330142611.80973,0
1738497600000,3063.50,3079.00,3049.01,3050.60,189759.115,1738501199999,581040268.67472,292591,80378.829,246245265.22143,0
1738501200000,3050.61,3086.73,3050.61,3085.87,140244.840,1738504799999,430613510.53376,241375,68406.537,210098871.32212,0
1738504800000,3085.87,3100.36,3080.44,3085.48,132936.427,1738508399999,410976122.72890,226947,60659.886,187574094.89761,0
1738508400000,3085.49,3085.49,3059.09,3079.48,122881.659,1738511999999,377798126.49750,228153,57345.816,176317834.70114,0
1738512000000,3079.48,3080.38,3002.00,3014.70,381377.164,1738515599999,1157894704.85353,467615,160257.983,486750840.15344,0
1738515600000,3014.71,3036.00,2950.00,2972.14,703597.076,1738519199999,2106809956.87978,762138,318469.233,954376568.52221,0
1738519200000,2972.15,2989.99,2913.58,2927.15,528143.186,1738522799999,1558404179.52542,686567,245949.673,726046145.29963,0
1738522800000,2927.15,2982.89,2889.97,2957.76,570750.440,1738526399999,1674549303.70630,712597,290010.332,851338448.09718,0
1738526400000,2957.76,2987.32,2941.96,2949.65,197187.371,1738529999999,584756535.81257,311330,96590.095,286535276.14551,0
1738530000000,2949.65,2955.77,2894.85,2906.39,246099.608,1738533599999,718478378.56516,410827,101522.090,296435195.40236,0
1738533600000,2906.39,2936.22,2736.01,2874.46,837396.902,1738537199999,2380616577.76770,773723,336300.366,957697604.89910,0
1738537200000,2874.41,2874.41,2777.00,2868.05,668052.325,1738540799999,1889576720.06035,826655,334371.648,945964213.45199,0
1738540800000,2868.06,2871.80,2761.51,2822.81,666303.464,1738544399999,1881661046.49554,824202,327834.828,926050497.38189,0
1738544400000,2822.81,2843.89,2388.00,2496.00,1752316.026,1738547999999,4640215687.45811,1548238,695039.464,1845040617.31462,0
1738548000000,2496.00,2564.00,2080.19,2484.90,2218286.924,1738551599999,5370092685.85090,2097214,1029844.511,2499884087.85648,0
1738551600000,2484.90,2542.88,2477.50,2525.33,606186.894,1738555199999,1524808960.84777,865818,308681.731,776578211.48810,0
1738555200000,2525.36,2565.00,2446.93,2451.61,482690.141,1738558799999,1204567717.22890,697867,210615.755,526072279.48189,0
1738558800000,2451.62,2515.87,2445.31,2513.31,353565.222,1738562399999,876952714.18283,586450,170314.635,422682837.99620,0
1738562400000,2513.31,2534.99,2481.85,2523.70,231955.523,1738565999999,582455334.17345,514546,113421.292,284895764.53108,0
1738566000000,2523.65,2629.91,2518.64,2619.27,407161.519,1738569599999,1048586291.59319,680727,200541.424,516412178.44652,0
1738569600000,2619.27,2619.58,2523.56,2570.99,547425.296,1738573199999,1403810971.44081,655897,253985.870,651096348.41954,0
1738573200000,2570.99,2614.75,2555.20,2569.80,447306.094,1738576799999,1156382028.62455,570057,208595.790,539302773.38247,0
1738576800000,2569.74,2613.39,2561.05,2608.91,248057.532,1738580399999,641765933.52107,364436,122818.375,317891895.87746,0
1738580400000,2608.91,2611.00,2575.00,2579.43,226048.593,1738583999999,586186097.79466,331113,101841.765,264128754.04947,0
1738584000000,2579.43,2634.52,2571.32,2578.13,395143.950,1738587599999,1029934770.38684,469252,177677.483,463299837.16394,0
1738587600000,2578.13,2595.68,2545.00,2574.64,401642.461,1738591199999,1031536953.06795,463985,188987.985,485560735.85825,0
1738591200000,2574.64,2646.21,2526.68,2618.34,858106.846,1738594799999,2223456511.25754,913242,423626.697,1098276847.02329,0
1738594800000,2618.31,2725.80,2597.01,2698.75,971098.678,1738598399999,2595044261.46430,941444,515419.139,1377400305.97955,0
1738598400000,2698.75,2732.93,2675.34,2704.23,395737.408,1738601999999,1069811655.89365,536930,204239.266,552571339.29447,0
1738602000000,2704.23,2716.27,2665.06,2705.14,324113.371,1738605599999,871773523.24762,437254,160485.754,431750592.59081,0
1738605600000,2705.12,2734.34,2695.15,2730.72,211945.299,1738609199999,575922301.50551,364771,104105.754,282860304.40232,0
1738609200000,2730.71,2768.87,2725.77,2762.26,345684.115,1738612799999,949732193.73032,465175,185140.731,508814054.72199,0
1738612800000,2762.39,2762.73,2693.62,2702.70,303695.901,1738616399999,826416736.43717,436125,150137.969,408600583.88084,0
1738616400000,2702.80,2817.99,2698.22,2815.40,300205.114,1738619999999,827256517.79158,424489,177408.538,489060859.74992,0
1738620000000,2815.42,2919.34,2808.24,2867.86,663247.162,1738623599999,1897965887.46588,741871,319792.308,915471341.88114,0
1738623600000,2867.86,2892.68,2852.00,2878.69,245817.105,1738627199999,706026154.22553,374435,130001.103,373427024.98731,0
1738627200000,2878.68,2888.80,2837.02,2839.95,229574.697,1738630799999,656876229.44101,362784,97986.238,280507336.39371,0
1738630800000,2839.94,2860.00,2832.64,2852.30,138565.892,1738634399999,394408154.71271,295137,74787.602,212947249.92771,0
1738634400000,2852.31,2857.20,2799.40,2800.54,136927.385,1738637999999,387274465.33400,280427,55535.889,157135026.02444,0
1738638000000,2800.54,2814.77,2791.03,2809.42,139522.375,1738641599999,390890642.24674,268017,68948.382,193219021.75519,0
1738641600000,2809.42,2835.75,2792.74,2799.50,158240.373,1738645199999,445574960.49459,302140,80419.836,226526527.13817,0
1738645200000,2799.51,2804.46,2661.22,2689.77,769065.996,1738648799999,2081609038.68241,895091,360871.854,976320833.74091,0
1738648800000,2689.78,2730.77,2689.75,2725.99,265096.694,1738652399999,718901154.86213,399040,138050.993,374474905.46291,0
1738652400000,2725.99,2733.00,2684.16,2702.36,223015.045,1738655999999,603509685.96994,330753,103168.026,279209688.99728,0
1738656000000,2702.36,2722.80,2675.28,2696.90,246262.366,1738659599999,664560988.12505,372743,126135.850,340505578.15746,0
1738659600000,2696.89,2716.00,2689.76,2693.32,117884.504,1738663199999,318795108.00070,248552,55094.939,149016192.52399,0
1738663200000,2693.32,2757.44,2692.17,2748.20,214883.187,1738666799999,587066940.45948,314490,118410.152,323537346.75947,0
1738666800000,2748.20,2787.83,2746.44,2756.95,242306.082,1738670399999,671322426.30339,345903,112413.828,311466137.59587,0
1738670400000,2756.95,2820.29,2756.17,2803.45,233579.808,1738673999999,652501042.07702,352130,126758.420,354057507.90583,0
1738674000000,2803.45,2834.84,2788.25,2794.67,254936.945,1738677599999,717732485.74734,401632,111057.207,312741530.30685,0
1738677600000,2794.68,2844.68,2773.94,2816.73,381045.104,1738681199999,1071322903.29369,510021,193156.861,543317008.32469,0
1738681200000,2816.70,2826.48,2727.04,2775.60,512750.588,1738684799999,1423401912.28403,641073,255941.623,710471204.79969,0
1738684800000,2775.61,2804.76,2762.17,2788.62,169738.520,1738688399999,472690503.14503,289525,85755.329,238889869.09294,0
1738688400000,2788.63,2841.72,2782.13,2813.60,241046.893,1738691999999,677848884.83136,344221,123647.736,347787410.82213,0
1738692000000,2813.59,2834.00,2793.20,2827.90,118302.985,1738695599999,333240900.33595,215748,58199.488,163968824.28792,0
1738695600000,2827.89,2868.30,2768.69,2768.85,409899.290,1738699199999,1157905624.84726,474818,195785.145,553392151.71640,0
1738699200000,2769.01,2792.93,2719.44,2731.33,401459.260,1738702799999,1103804049.61961,535905,194992.931,536339962.74808,0
1738702800000,2731.34,2732.76,2634.69,2637.94,488441.753,1738706399999,1309086567.14110,582489,200411.475,537789572.90248,0
1738706400000,2637.94,2698.66,2630.50,2682.49,260380.020,1738709999999,692755862.95157,349023,145501.855,387274615.67140,0
1738710000000,2682.50,2746.98,2674.36,2730.03,240845.277,1738713599999,654046518.73191,324771,125894.955,341780952.93868,0
1738713600000,2730.06,2745.27,2710.80,2727.86,132521.199,1738717199999,361528551.08864,264756,65598.961,178971274.63400,0
1738717200000,2727.86,2771.58,2713.41,2720.89,156457.313,1738720799999,429233688.11395,267067,81435.916,223608489.46727,0
1738720800000,2720.88,2749.08,2697.95,2738.23,174527.052,1738724399999,475003923.10602,318067,87571.530,238439066.60552,0
1738724400000,2738.23,2748.00,2716.16,2718.95,103824.802,1738727999999,283277419.68746,203588,50674.487,138263295.38923,0
1738728000000,2718.93,2736.50,2711.00,2728.00,62150.899,1738731599999,169210182.02112,149423,30908.222,84159495.63048,0
1738731600000,2728.00,2787.23,2707.14,2783.23,203479.711,1738735199999,558710192.58731,264231,108222.508,297249484.36996,0
1738735200000,2783.23,2784.57,2735.98,2743.70,240742.445,1738738799999,663289433.12647,316231,116283.535,320305442.92788,0
1738738800000,2743.71,2774.76,2733.50,2758.17,133451.475,1738742399999,367613791.95392,235992,69040.689,190191698.66238,0
1738742400000,2758.17,2781.44,2752.12,2771.95,130952.908,1738745999999,362158883.03719,218470,67027.338,185401490.84370,0
1738746000000,2771.95,2792.61,2745.04,2757.20,170061.545,1738749599999,470750018.41103,265866,83278.673,230601737.49701,0
1738749600000,2757.21,2786.23,2754.20,2777.43,101022.000,1738753199999,279926675.45444,177796,47782.923,132443509.84900,0
1738753200000,2777.43,2817.98,2777.43,2798.58,211529.800,1738756799999,591640192.32666,301898,107748.843,301444863.07069,0
1738756800000,2798.59,2810.00,2780.77,2786.00,124891.437,1738760399999,348888360.83863,218585,62002.780,173232774.35073,0
1738760400000,2785.99,2819.25,2782.36,2816.65,128298.660,1738763999999,359741593.00543,237910,67103.826,188161798.52558,0
1738764000000,2816.65,2827.98,2766.92,2785.76,211155.172,1738767599999,591823631.96047,348001,98731.322,276895988.74865,0
1738767600000,2785.71,2800.00,2756.07,2772.12,287165.201,1738771199999,796378709.52795,402885,152598.306,423154695.32628,0
1738771200000,2772.11,2782.79,2732.44,2770.46,303863.531,1738774799999,836875911.79801,433981,155104.957,427270834.64696,0
1738774800000,2770.47,2779.76,2727.56,2739.19,211835.070,1738778399999,582543274.27746,333791,101569.337,279426782.47215,0
1738778400000,2739.20,2755.68,2713.05,2721.73,211476.157,1738781999999,578174731.13827,321315,104177.719,284933501.57382,0
1738782000000,2721.73,2787.34,2715.13,2774.50,185012.330,1738785599999,509608991.43873,275328,103856.283,286042627.18343,0
1738785600000,2774.50,2783.05,2741.69,2761.54,134221.708,1738789199999,371108532.13774,238970,62782.708,173594918.54360,0
1738789200000,2761.55,2791.55,2756.87,2785.85,103065.340,1738792799999,286163698.98651,213341,54361.729,150953317.20377,0
1738792800000,2785.85,2802.64,2736.29,2758.50,191657.923,1738796399999,530722516.04659,297946,94151.379,260745796.41102,0
1738796400000,2758.50,2793.00,2753.96,2787.00,151526.870,1738799999999,420558535.21863,277447,81246.176,225469943.89091,0
1738800000000,2787.00,2797.61,2759.20,2766.76,109436.449,1738803599999,304406978.08551,251013,58332.692,162274198.36984,0
1738803600000,2766.76,2812.00,2753.65,2788.73,128866.948,1738807199999,359001236.62568,244184,66003.086,183877379.70329,0
1738807200000,2788.71,2816.58,2784.25,2806.70,103767.684,1738810799999,291039503.44788,232104,51912.007,145629682.53426,0
1738810800000,2806.71,2818.45,2788.89,2805.17,88131.407,1738814399999,247164100.25328,181677,43055.602,120752569.68728,0
1738814400000,2805.18,2831.24,2804.76,2819.00,100681.701,1738817999999,283881932.75980,184652,53591.871,151112159.44881,0
1738818000000,2819.00,2848.52,2818.82,2830.52,87538.232,1738821599999,247969009.15431,181348,46699.457,132286461.44114,0
1738821600000,2830.53,2854.95,2821.34,2852.08,93765.250,1738825199999,266167566.24161,183947,51709.257,146833680.60410,0
1738825200000,2852.08,2853.80,2824.74,2830.41,92864.205,1738828799999,263365473.56625,157872,40516.839,114910357.14789,0
1738828800000,2830.40,2844.27,2822.31,2828.24,90314.408,1738832399999,255929873.22469,166720,44099.331,124988238.24706,0
1738832400000,2828.24,2857.43,2824.78,2850.39,114165.939,1738835999999,324370076.66221,199809,60600.121,172192612.90135,0
1738836000000,2850.39,2853.65,2817.20,2827.20,133117.858,1738839599999,377185767.02690,236646,58944.247,167010349.16836,0
1738839600000,2827.19,2829.34,2790.72,2802.02,216820.885,1738843199999,608969552.61041,328453,88293.658,247992392.30981,0
1738843200000,2802.02,2805.84,2766.08,2769.52,189767.566,1738846799999,528570025.01387,305993,85335.283,237676083.69145,0
1738846800000,2769.51,2797.91,2766.75,2790.16,158914.887,1738850399999,442185216.20635,258412,88328.877,245809166.45867,0
1738850400000,2790.16,2794.88,2735.00,2746.90,312096.054,1738853999999,860737188.84208,437244,150391.058,414783055.25558,0
1738854000000,2746.90,2759.55,2680.32,2704.25,399595.612,1738857599999,1087678916.91699,526999,181389.532,494023859.57036,0
1738857600000,2704.26,2723.00,2693.40,2707.11,242882.582,1738861199999,657567559.00101,383641,125842.935,340743492.45344,0
1738861200000,2707.10,2718.44,2694.64,2698.40,149480.251,1738864799999,404318050.63478,252073,77062.049,208448599.81107,0
1738864800000,2698.40,2711.21,2668.03,2692.51,223045.772,1738868399999,601148647.24825,350123,108239.747,291856260.78614,0
1738868400000,2692.50,2726.09,2678.00,2689.00,173254.328,1738871999999,467554388.27791,295646,86476.081,233431996.35984,0
1738872000000,2688.91,2724.48,2684.44,2721.76,108463.100,1738875599999,293512338.10951,230070,60223.101,162983126.52808,0
1738875600000,2721.77,2722.15,2673.00,2708.15,130383.256,1738879199999,351624454.43718,227339,61768.962,166595304.48670,0
1738879200000,2708.15,2708.92,2650.00,2699.26,144354.020,1738882799999,386630649.74485,192985,65968.642,176751155.63919,0
1738882800000,2699.25,2701.33,2663.16,2685.25,85813.960,1738886399999,230440039.30450,156577,42463.569,114041451.54954,0
1738886400000,2685.26,2715.00,2678.00,2685.80,111631.456,1738889999999,300913555.22065,215777,55793.471,150390510.40709,0
1738890000000,2685.80,2738.99,2685.80,2716.00,116573.872,1738893599999,316102923.47917,227958,62950.790,170717360.60039,0
1738893600000,2716.00,2732.95,2711.41,2723.57,87540.278,1738897199999,238332648.45402,199707,45965.527,125162415.16565,0
1738897200000,2723.58,2735.29,2701.26,2714.46,82341.453,1738900799999,223675856.92942,166081,38823.257,105485247.47368,0
1738900800000,2714.47,2729.79,2712.05,2719.19,65064.552,1738904399999,177093732.62507,139302,31588.418,85982351.48002,0
1738904400000,2719.20,2726.22,2703.32,2712.93,57724.510,1738907999999,156569526.13623,122006,28660.785,77732872.20583,0
1738908000000,2712.93,2714.56,2666.70,2695.18,171308.787,1738911599999,460227089.55334,266662,77355.678,207779691.24161,0
1738911600000,2695.18,2730.56,2694.26,2711.63,128843.048,1738915199999,349606326.68555,214582,67919.742,184335753.22008,0
1738915200000,2711.63,2744.81,2703.69,2728.31,123402.629,1738918799999,336442588.82102,200946,60514.088,165038449.84222,0
1738918800000,2728.37,2740.79,2725.00,2737.46,72876.960,1738922399999,199171163.63790,149451,36493.822,99747772.08630,0
1738922400000,2737.47,2752.62,2734.83,2741.76,81130.035,1738925999999,222561476.43304,154169,38585.073,105876208.59413,0
1738926000000,2741.75,2763.88,2737.83,2761.34,89986.952,1738929599999,247630369.79785,146958,47187.639,129873763.58756,0
1738929600000,2761.34,2770.08,2745.11,2756.26,108839.357,1738933199999,299955786.36356,151833,52535.771,144837749.88245,0
1738933200000,2756.26,2779.27,2720.00,2774.33,354299.670,1738936799999,975152484.59396,392517,167462.060,461250321.55625,0
1738936800000,2774.32,2796.12,2761.96,2781.45,263848.273,1738940399999,734553801.19717,381625,134031.081,373163788.07353,0
1738940400000,2781.46,2781.59,2707.66,2720.33,497816.592,1738943999999,1363333175.40175,549003,239459.691,655886589.20250,0
1738944000000,2720.34,2728.83,2689.64,2692.38,237395.697,1738947599999,642827378.56137,362014,115986.706,314170868.57677,0
1738947600000,2692.38,2697.72,2660.08,2678.49,266342.208,1738951199999,713109749.58952,379776,132986.043,356097304.44627,0
1738951200000,2678.49,2703.00,2675.08,2677.21,133315.001,1738954799999,358492025.00281,203445,65204.906,175378316.03798,0
1738954800000,2677.21,2678.67,2654.17,2657.82,118832.597,1738958399999,316899223.25683,210406,57255.560,152719133.62049,0
1738958400000,2657.81,2660.79,2578.00,2586.45,362210.070,1738961999999,948306999.54566,490193,163094.151,427063668.17854,0
1738962000000,2586.45,2609.00,2574.32,2586.56,190276.900,1738965599999,493528828.16142,311094,99165.999,257276423.34353,0
1738965600000,2586.57,2591.26,2560.68,2582.23,195479.338,1738969199999,503240497.66335,253345,99246.502,255590118.31344,0
1738969200000,2582.24,2624.34,2576.81,2620.66,152600.040,1738972799999,396838617.88425,218777,88006.401,228830523.92138,0
1738972800000,2620.66,2667.15,2614.22,2645.67,185404.588,1738976399999,490350113.47634,273862,93561.619,247416709.03068,0
1738976400000,2645.67,2645.67,2626.13,2629.37,97261.368,1738979999999,256339791.89284,176907,47296.501,124656703.49118,0
1738980000000,2629.38,2642.80,2621.44,2639.78,76014.722,1738983599999,200135191.72791,147890,37305.746,98254081.29678,0
1738983600000,2639.78,2655.54,2634.47,2640.62,82751.683,1738987199999,218872815.72051,133492,37094.172,98119206.41754,0
1738987200000,2640.62,2647.90,2630.00,2633.29,69641.116,1738990799999,183738123.93282,108334,28604.186,75489626.63318,0
1738990800000,2633.28,2635.43,2613.65,2619.25,112333.509,1738994399999,294754981.57247,166725,48843.293,128153096.45059,0
1738994400000,2619.26,2630.95,2606.70,2614.98,78353.046,1738997999999,205350087.84016,131096,36727.238,96290226.50592,0
1738998000000,2614.98,2637.30,2592.72,2628.33,155305.022,1739001599999,405986365.99762,222711,81176.432,212358139.69039,0
1739001600000,2628.33,2631.68,2604.55,2605.21,76504.844,1739005199999,200148917.10956,149600,30398.354,79523691.33768,0
1739005200000,2605.21,2618.20,2605.10,2617.77,62603.422,1739008799999,163510137.33238,116940,31499.355,82279896.88942,0
1739008800000,2617.76,2629.75,2611.78,2616.90,69027.168,1739012399999,180894955.08200,123066,36779.661,96389021.19695,0
1739012400000,2616.89,2619.83,2600.33,2612.09,63094.554,1739015999999,164629561.70227,121957,29492.289,76949922.92747,0
1739016000000,2612.10,2619.32,2597.61,2603.75,74487.449,1739019599999,194116016.86239,144523,37905.469,98800131.50470,0
1739019600000,2603.75,2635.68,2602.78,2620.00,99169.589,1739023199999,259834935.86934,185232,51007.160,133647874.74449,0
1739023200000,2620.00,2624.99,2600.43,2615.12,80046.970,1739026799999,209038476.66131,177239,39611.953,103445149.56207,0
1739026800000,2615.12,2624.99,2587.05,2604.06,117383.340,1739030399999,305548729.22614,210635,53489.917,139275483.02230,0
1739030400000,2604.06,2613.00,2588.43,2608.35,81536.189,1739033999999,212216883.89261,169099,39491.292,102791458.67510,0
1739034000000,2608.35,2632.82,2608.11,2628.82,88753.801,1739037599999,232681437.18224,192623,47949.564,125710845.77630,0
1739037600000,2628.83,2639.99,2617.02,2629.78,61904.493,1739041199999,162747117.49611,138838,33618.158,88401437.50011,0
1739041200000,2629.82,2648.83,2626.00,2636.16,73122.058,1739044799999,192858254.88919,139564,37681.612,99397544.93013,0
1739044800000,2636.16,2641.78,2626.48,2634.36,41474.321,1739048399999,109275616.95588,105391,20254.443,53380100.45019,0
1739048400000,2634.35,2641.30,2627.49,2637.09,30834.382,1739051999999,81246828.05223,89325,14393.191,37923468.17471,0
1739052000000,2637.09,2644.33,2621.98,2625.38,33705.409,1739055599999,88740184.52425,73441,13832.155,36423308.42960,0
1739055600000,2625.38,2642.80,2625.29,2630.99,31847.883,1739059199999,83904254.54461,74666,15981.134,42095186.32448,0
1739059200000,2630.99,2639.66,2625.35,2635.93,39272.169,1739062799999,103346999.34226,92325,19921.374,52427198.82008,0
1739062800000,2635.93,2656.07,2633.73,2648.14,86775.469,1739066399999,229658147.50011,149479,47608.922,126004800.04842,0
1739066400000,2648.15,2651.72,2635.00,2638.09,51298.524,1739069999999,135556205.45626,99186,26174.622,69187953.67686,0
1739070000000,2638.09,2698.00,2632.28,2677.16,177263.305,1739073599999,473306579.24678,212325,109917.630,293647031.97676,0
1739073600000,2677.12,2677.88,2659.23,2671.68,60994.523,1739077199999,162642549.01267,124740,31734.197,84619314.19515,0
1739077200000,2671.68,2672.30,2655.23,2660.15,38956.667,1739080799999,103696271.44554,83912,17184.107,45746399.45679,0
1739080800000,2660.15,2663.61,2648.00,2661.83,50740.941,1739084399999,134727446.03800,96719,25075.012,66589903.65770,0
1739084400000,2661.83,2667.35,2657.34,2661.30,36658.619,1739087999999,97602829.06806,82348,16255.894,43284496.87114,0
1739088000000,2661.30,2672.41,2660.19,2666.13,53075.729,1739091599999,141576888.74216,100264,25675.576,68490563.27786,0
1739091600000,2666.12,2666.35,2650.11,2657.17,46363.325,1739095199999,123192399.12378,100575,22148.034,58857555.41534,0
1739095200000,2657.16,2668.43,2650.73,2660.68,48580.988,1739098799999,129260811.30260,99190,22647.330,60268574.21858,0
1739098800000,2660.68,2666.30,2651.32,2653.88,36416.215,1739102399999,96905152.91481,92494,16713.045,44480780.67221,0
1739102400000,2653.88,2660.90,2642.37,2654.10,71734.366,1739105999999,190254650.53877,123313,33918.117,89974241.45871,0
1739106000000,2654.10,2657.00,2610.00,2617.01,181404.094,1739109599999,477353634.08952,242907,82605.058,217367365.02625,0
1739109600000,2617.01,2633.11,2613.64,2625.99,100324.944,1739113199999,263452047.18987,161415,53210.808,139751371.56935,0
1739113200000,2625.99,2658.68,2625.21,2651.91,134491.451,1739116799999,355709809.75850,200585,70080.636,185339312.17577,0
1739116800000,2651.92,2665.78,2648.30,2658.10,72380.899,1739120399999,192266367.38428,129480,32685.441,86840747.14873,0
1739120400000,2658.10,2664.27,2633.00,2641.03,84919.048,1739123999999,224709797.05512,154783,42953.326,113677786.75106,0
1739124000000,2641.03,2641.03,2625.35,2635.62,53850.618,1739127599999,141871033.98204,107673,28799.124,75882211.27112,0
1739127600000,2635.62,2642.20,2615.41,2622.71,57101.729,1739131199999,150020704.51393,115446,28686.911,75386800.37500,0
1739131200000,2622.70,2649.80,2620.80,2635.92,73773.088,1739134799999,194569089.36561,123057,40290.776,106259118.65675,0
1739134800000,2635.92,2640.00,2518.12,2550.75,398810.904,1739138399999,1023956887.78905,428254,158664.786,407462479.52915,0
1739138400000,2550.75,2646.33,2525.00,2614.64,376664.485,1739141999999,978148007.51305,471441,187444.693,486132415.55362,0
1739142000000,2614.63,2634.80,2605.10,2626.07,150271.077,1739145599999,393293600.23861,237800,78798.280,206221889.28290,0
1739145600000,2626.07,2657.73,2625.60,2641.60,131299.249,1739149199999,347186734.83157,227268,67513.110,178492923.59173,0
1739149200000,2641.61,2643.72,2556.91,2573.21,280828.920,1739152799999,728820366.62075,351626,111353.396,288975425.07083,0
1739152800000,2573.21,2595.45,2567.52,2587.91,149503.789,1739156399999,385409849.59251,261799,79809.025,205835299.00859,0
1739156400000,2587.91,2648.27,2582.93,2624.72,198849.807,1739159999999,521889412.95316,329932,97058.629,254639056.13994,0
1739160000000,2624.72,2640.47,2617.19,2627.66,79884.704,1739163599999,209973991.19778,163694,44790.245,117755045.69539,0
1739163600000,2627.66,2659.92,2620.00,2637.40,105503.736,1739167199999,278460454.06397,184025,59019.590,155814577.44317,0
1739167200000,2637.40,2641.67,2625.08,2635.15,73301.475,1739170799999,192950012.69819,138197,34165.938,89926243.10646,0
1739170800000,2635.16,2644.00,2627.58,2636.00,51212.049,1739174399999,135021479.92404,111003,24946.752,65776938.69105,0
1739174400000,2636.00,2651.70,2633.42,2643.29,85680.276,1739177999999,226561670.98240,153872,43550.945,115177763.95894,0
1739178000000,2643.30,2653.56,2637.82,2649.49,90040.061,1739181599999,238171445.59467,123585,52729.883,139537713.50337,0
1739181600000,2649.49,2661.12,2638.51,2646.08,84978.058,1739185199999,225270360.98175,151824,40436.380,107205265.93627,0
1739185200000,2646.09,2658.43,2638.09,2652.25,60899.644,1739188799999,161335931.98840,126379,29047.048,76952054.67036,0
1739188800000,2652.24,2661.72,2630.00,2638.10,104965.884,1739192399999,277627919.24040,172617,46698.720,123569102.96949,0
1739192400000,2638.10,2685.65,2636.31,2676.38,151985.082,1739195999999,404707914.39566,230748,86036.114,229156346.75751,0
1739196000000,2676.38,2679.97,2637.58,2649.48,237632.265,1739199599999,631273299.43254,310747,104410.241,277444474.04639,0
1739199600000,2649.48,2660.36,2642.08,2657.31,165291.165,1739203199999,438484819.02289,215736,89488.993,237491884.84494,0
1739203200000,2657.31,2675.38,2648.66,2663.96,149351.135,1739206799999,397486047.38953,203815,74374.876,197936023.05578,0
1739206800000,2663.97,2685.00,2649.12,2678.00,156292.706,1739210399999,417233152.84290,210426,75213.981,200806844.05168,0
1739210400000,2677.99,2688.35,2668.68,2681.77,78156.933,1739213999999,209402237.91782,161384,39957.159,107067320.96529,0
1739214000000,2681.78,2692.99,2666.03,2670.87,81384.219,1739217599999,218118383.10152,155819,43029.444,115345539.65763,0
1739217600000,2670.87,2685.44,2666.91,2683.16,56998.831,1739221199999,152485443.26308,113531,28229.035,75526997.16052,0
1739221200000,2683.30,2684.11,2655.11,2662.62,48027.548,1739224799999,128074904.94694,95368,23033.588,61425099.16761,0
1739224800000,2662.61,2670.18,2650.82,2657.19,47114.804,1739228399999,125338170.81718,78165,20053.876,53355353.61216,0
1739228400000,2657.20,2661.92,2650.10,2659.99,41461.113,1739231999999,110101116.55753,99421,20528.148,54518669.53237,0
1739232000000,2659.99,2724.49,2659.36,2704.38,206970.241,1739235599999,557712587.00195,284670,117514.428,316732903.12394,0
1739235600000,2704.38,2719.17,2690.90,2693.68,122381.503,1739239199999,330600317.58945,186215,60023.207,162195816.76351,0
1739239200000,2693.69,2698.69,2665.00,2680.45,128087.748,1739242799999,343131645.05151,196961,58477.208,156654251.31784,0
1739242800000,2680.44,2680.45,2666.68,2677.71,44724.697,1739246399999,119560416.61340,95815,24610.860,65790925.89170,0
1739246400000,2677.71,2694.80,2675.00,2692.16,76170.573,1739249999999,204557726.93315,132228,40296.819,108206639.87951,0
1739250000000,2692.16,2721.12,2688.87,2716.18,142130.067,1739253599999,384183365.31274,196419,81789.541,221094261.61215,0
1739253600000,2716.18,2723.99,2701.00,2721.78,106420.066,1739257199999,288683659.32349,171359,55474.037,150503111.12389,0
1739257200000,2721.78,2723.25,2708.21,2710.68,86627.435,1739260799999,235217670.19503,144200,40374.458,109641000.73113,0
1739260800000,2710.67,2720.54,2704.00,2714.48,86807.395,1739264399999,235448490.92811,132493,45208.541,122649874.87572,0
1739264400000,2714.48,2717.00,2700.23,2703.48,97982.791,1739267999999,265438710.57770,146807,43256.970,117194526.35964,0
1739268000000,2703.47,2705.62,2690.00,2695.31,100013.580,1739271599999,269816536.91236,148639,45143.095,121792070.74695,0
1739271600000,2695.30,2708.80,2690.34,2707.32,68970.612,1739275199999,186254607.69838,113308,41646.068,112490846.65630,0
1739275200000,2707.31,2709.05,2678.13,2684.79,140986.297,1739278799999,379105042.08085,184741,59632.784,160327064.28214,0
1739278800000,2684.78,2692.69,2627.52,2632.81,257387.880,1739282399999,684051895.61082,312866,115719.854,307510924.43975,0
1739282400000,2632.80,2669.00,2624.11,2661.94,239122.005,1739285999999,633746550.71702,318172,121748.973,322709511.63874,0
1739286000000,2661.95,2676.28,2645.92,2661.16,155924.747,1739289599999,414512453.90627,244957,76115.920,202409219.98956,0
1739289600000,2661.16,2669.69,2641.00,2644.32,127467.753,1739293199999,338235161.12493,206249,63629.496,168902336.91962,0
1739293200000,2644.35,2652.95,2630.32,2639.64,129713.930,1739296799999,342512047.02666,207350,62616.572,165381106.93720,0
1739296800000,2639.62,2640.70,2606.00,2609.70,209611.283,1739300399999,549596366.36217,281757,98348.632,257866874.88417,0
1739300400000,2609.67,2618.15,2580.83,2588.46,230455.004,1739303999999,598556719.33142,311017,111680.765,290122014.55036,0
1739304000000,2588.45,2611.44,2583.66,2597.40,168469.064,1739307599999,437378724.23584,261478,93162.577,241868887.93900,0
1739307600000,2597.38,2630.69,2591.52,2621.17,131068.805,1739311199999,342565100.81082,212927,72844.097,190357216.30262,0
1739311200000,2621.16,2630.43,2552.88,2584.89,179118.072,1739314799999,465311382.39659,197053,75609.876,196553211.38845,0
1739314800000,2584.89,2610.89,2582.87,2601.03,109722.406,1739318399999,285075516.31278,175212,57520.843,149427588.52596,0
1739318400000,2601.03,2616.24,2588.01,2609.29,92369.789,1739321999999,240432591.93040,178795,46122.937,120073152.92794,0
1739322000000,2609.27,2623.40,2598.70,2615.80,61359.811,1739325599999,160216035.27467,143398,31721.476,82843199.00372,0
1739325600000,2615.80,2618.05,2585.00,2595.53,76968.243,1739329199999,200279867.72145,132271,31957.425,83166766.01243,0
1739329200000,2595.32,2600.44,2566.90,2586.01,140707.723,1739332799999,363921601.38146,213535,68953.527,178341878.31737,0
1739332800000,2586.00,2596.25,2575.97,2589.11,78409.874,1739336399999,202823531.90378,170928,40844.097,105665256.37203,0
1739336400000,2589.12,2609.92,2583.80,2607.69,69295.246,1739339999999,180260574.82476,137905,38602.746,100421572.94654,0
1739340000000,2607.70,2612.06,2596.01,2600.75,55982.084,1739343599999,145784337.57875,108921,26850.185,69933276.53413,0
1739343600000,2600.74,2622.69,2598.08,2617.27,96107.409,1739347199999,251250323.45765,135036,52560.233,137403967.93599,0
1739347200000,2617.26,2636.52,2617.00,2628.78,106050.108,1739350799999,278755735.45197,168644,53208.657,139864787.86705,0
1739350800000,2628.78,2631.82,2609.07,2628.32,136655.087,1739354399999,358007335.92731,161088,69642.064,182455774.97865,0
1739354400000,2628.32,2631.46,2609.88,2617.83,110100.960,1739357999999,288844600.77907,152781,56309.635,147735186.78552,0
1739358000000,2617.84,2638.86,2617.73,2625.94,83993.520,1739361599999,220728023.16435,139104,45322.738,119109073.39162,0
1739361600000,2625.95,2643.27,2624.00,2627.02,86590.863,1739365199999,227928977.88241,136459,44270.570,116560766.39414,0
1739365200000,2627.03,2664.68,2555.16,2594.59,789428.433,1739368799999,2053531984.37625,793969,390266.761,1015429209.88187,0
1739368800000,2594.62,2599.99,2542.21,2598.43,358287.517,1739372399999,924141749.04497,550330,171328.387,442114720.09790,0
1739372400000,2598.40,2614.90,2568.00,2605.99,274550.653,1739375999999,712711369.12386,444895,142453.826,369881776.91662,0
1739376000000,2606.00,2652.30,2582.00,2647.68,242891.418,1739379599999,634784765.84780,369292,132660.170,346804053.82971,0
1739379600000,2647.67,2682.87,2647.05,2672.09,304458.311,1739383199999,810855919.60465,412177,153744.690,409569739.25979,0
1739383200000,2672.09,2673.96,2645.03,2662.41,136277.098,1739386799999,362188730.17651,201389,69098.244,183628151.02063,0
1739386800000,2662.42,2680.47,2646.44,2677.17,103583.930,1739390399999,276235342.07467,189591,54726.892,145962829.92076,0
1739390400000,2677.17,2694.98,2668.28,2676.79,116679.394,1739393999999,312864975.55620,204795,63834.149,171198107.79237,0
1739394000000,2676.80,2693.47,2671.22,2681.24,68276.095,1739397599999,183131362.53630,134221,32419.302,86976931.00677,0
1739397600000,2681.24,2794.99,2677.07,2744.00,539384.671,1739401199999,1479768258.43130,590400,291169.831,798055008.14241,0
1739401200000,2744.00,2755.28,2725.36,2737.14,171313.656,1739404799999,469373421.04162,238201,85890.832,235356285.96659,0
1739404800000,2737.14,2740.63,2714.83,2727.40,99280.807,1739408399999,270759478.86744,176120,48579.029,132479693.99618,0
1739408400000,2727.40,2756.51,2721.93,2747.63,119038.761,1739411999999,326342349.04386,192072,62855.392,172307782.87812,0
1739412000000,2747.62,2748.27,2730.59,2738.81,81723.893,1739415599999,223774214.04004,143782,38407.702,105166700.83991,0
1739415600000,2738.81,2746.42,2735.50,2743.54,41270.625,1739419199999,113128927.21510,113891,22642.935,62072036.85414,0
1739419200000,2743.54,2745.02,2712.27,2720.68,89580.204,1739422799999,244427724.61085,164442,43925.292,119887540.97784,0
1739422800000,2720.68,2724.99,2703.00,2719.98,98937.640,1739426399999,268561652.12683,163333,51541.972,139926763.16591,0
1739426400000,2719.99,2722.99,2678.86,2684.81,153647.774,1739429999999,414424572.09785,217898,66796.544,180081033.13106,0
1739430000000,2684.82,2690.00,2670.50,2680.13,130354.347,1739433599999,349430159.63813,186403,65829.162,176489532.04847,0
1739433600000,2680.12,2684.20,2655.00,2665.15,147907.377,1739437199999,394780612.73310,224598,69297.542,184994331.98434,0
1739437200000,2665.15,2685.52,2657.92,2682.10,105700.983,1739440799999,282776193.34470,152567,54188.205,144973921.08377,0
1739440800000,2682.10,2687.60,2674.22,2676.13,64524.690,1739444399999,172910073.21689,104812,27982.732,74995075.34181,0
1739444400000,2676.12,2678.14,2649.40,2654.70,158847.952,1739447999999,422747653.59896,211412,70152.511,186665555.52404,0
1739448000000,2654.70,2667.94,2643.48,2654.71,119246.916,1739451599999,316756282.44882,191330,58079.312,154294670.64295,0
1739451600000,2654.71,2677.83,2650.36,2657.60,150239.573,1739455199999,399935768.87370,255600,80478.541,214263730.65097,0
1739455200000,2657.61,2658.56,2612.08,2635.02,313923.214,1739458799999,827491995.16145,422004,140674.708,370918909.11280,0
1739458800000,2635.02,2666.05,2620.00,2646.27,240075.823,1739462399999,635605300.05401,372582,116156.044,307539270.51435,0
1739462400000,2646.28,2646.52,2617.16,2625.35,149860.390,1739465999999,394244425.69585,278461,68637.158,180574702.61190,0
1739466000000,2625.35,2646.92,2623.64,2630.33,89709.777,1739469599999,236507526.85396,174117,44781.306,118070151.44282,0
1739469600000,2630.33,2638.87,2610.72,2638.57,127099.934,1739473199999,333572351.05626,217976,63803.777,167500489.50461,0
1739473200000,2638.56,2661.23,2627.12,2639.75,133801.186,1739476799999,354147231.94967,199450,68823.145,182199915.46788,0
1739476800000,2639.75,2657.77,2639.15,2652.31,66302.212,1739480399999,175787605.55462,114627,32427.994,85969343.86090,0
1739480400000,2652.31,2674.98,2650.07,2665.60,89538.209,1739483999999,238520648.70415,135823,46817.293,124711581.82964,0
1739484000000,2665.58,2675.84,2661.38,2667.24,47139.885,1739487599999,125773667.99236,88768,21584.836,57593791.13121,0
1739487600000,2667.25,2678.92,2662.56,2674.52,46752.045,1739491199999,124876474.73742,98204,23083.855,61662479.59470,0
1739491200000,2674.52,2682.61,2662.97,2673.98,64605.243,1739494799999,172538762.84691,109723,33917.244,90606275.40538,0
1739494800000,2673.99,2687.25,2667.56,2682.23,66958.098,1739498399999,179185699.22544,130782,37541.635,100463382.18699,0
1739498400000,2682.22,2705.92,2678.70,2689.39,124025.458,1739501999999,334237643.34996,178551,65706.178,177102552.59308,0
1739502000000,2689.39,2720.70,2688.00,2714.00,78977.538,1739505599999,213714435.57216,151489,41902.716,113364892.66252,0
1739505600000,2713.99,2715.31,2695.58,2698.39,73095.083,1739509199999,197644543.56283,114941,34745.333,93936831.32492,0
1739509200000,2698.40,2703.39,2688.02,2697.58,58858.423,1739512799999,158633429.56232,100990,27810.073,74963146.02612,0
1739512800000,2697.59,2703.00,2690.81,2699.71,39762.823,1739516399999,107241973.20475,86517,20373.662,54955827.63758,0
1739516400000,2699.72,2704.67,2697.31,2698.00,46964.897,1739519999999,126855789.09922,75762,23418.063,63257354.26895,0
1739520000000,2698.01,2715.72,2694.41,2704.38,88991.533,1739523599999,240708230.04506,139384,45191.174,122255996.70095,0
1739523600000,2704.38,2713.30,2702.56,2712.57,70854.120,1739527199999,191953318.05812,109361,39786.064,107794430.59796,0
1739527200000,2712.57,2715.76,2701.00,2702.06,57875.137,1739530799999,156792553.84164,108007,27448.570,74380576.51871,0
1739530800000,2702.06,2704.66,2681.08,2684.00,114168.518,1739534399999,307344253.09066,153899,53871.486,145054390.62606,0
1739534400000,2684.00,2690.39,2676.33,2684.87,93962.609,1739537999999,252148551.68747,135152,49245.725,132161022.81614,0
1739538000000,2684.87,2704.43,2683.26,2699.79,109568.723,1739541599999,295282928.38190,147917,55963.175,150790758.74110,0
1739541600000,2699.79,2736.80,2692.37,2719.51,192952.512,1739545199999,523622893.83397,238453,106418.154,288955519.53453,0
1739545200000,2719.51,2746.60,2687.00,2733.34,270244.783,1739548799999,733867349.95042,361804,139121.050,377861515.74525,0
1739548800000,2733.35,2743.05,2708.25,2742.17,181336.711,1739552399999,494402089.24545,276265,91912.565,250617522.09240,0
1739552400000,2741.94,2779.99,2730.00,2772.79,225875.374,1739555999999,622211041.74212,306790,115899.642,319338946.05281,0
1739556000000,2772.79,2791.00,2753.38,2754.67,211526.787,1739559599999,587002217.36522,308037,103911.353,288434788.46677,0
1739559600000,2754.67,2762.32,2726.36,2736.68,119048.528,1739563199999,326679191.17906,203768,57642.366,158228816.17913,0
1739563200000,2736.69,2749.99,2719.53,2727.09,98630.857,1739566799999,270061913.56711,158598,50605.217,138598255.27229,0
1739566800000,2727.09,2750.00,2704.23,2742.83,174262.262,1739570399999,475403769.30971,235764,93838.977,256074611.51263,0
1739570400000,2742.83,2747.54,2705.59,2716.59,87799.840,1739573999999,239341784.33452,154191,36866.942,100481846.86794,0
1739574000000,2716.59,2729.70,2713.40,2724.74,62340.134,1739577599999,169701292.45871,118170,29551.867,80441550.49386,0
1739577600000,2724.75,2726.63,2702.45,2715.72,60748.369,1739581199999,164868151.41673,131575,29911.694,81175117.82612,0
1739581200000,2715.73,2729.87,2713.15,2727.44,55990.617,1739584799999,152308560.08353,99120,33379.798,90811161.92949,0
1739584800000,2727.44,2733.49,2719.50,2730.12,49601.280,1739588399999,135252012.12188,98990,24039.373,65552807.79897,0
1739588400000,2730.12,2738.00,2722.30,2723.21,44447.381,1739591999999,121373065.89998,76952,20757.672,56693908.40914,0
1739592000000,2723.20,2732.73,2716.28,2719.56,48139.822,1739595599999,131175039.95714,75949,25105.090,68412953.68564,0
1739595600000,2719.55,2723.87,2714.23,2721.15,28161.449,1739599199999,76587207.43457,64938,15450.431,42024648.56636,0
1739599200000,2721.16,2721.64,2703.24,2708.00,48819.300,1739602799999,132396382.55461,93900,21136.626,57337820.56237,0
1739602800000,2707.99,2709.64,2692.20,2696.37,93973.427,1739606399999,253776316.70580,138121,46885.544,126635729.99292,0
1739606400000,2696.36,2710.86,2695.67,2703.53,48794.813,1739609999999,131915786.80737,84037,24286.962,65662210.39221,0
1739610000000,2703.53,2711.11,2694.72,2701.63,41728.699,1739613599999,112741777.19748,80643,18378.131,49666277.44519,0
1739613600000,2701.62,2711.00,2694.12,2709.00,43861.037,1739617199999,118512254.30365,87492,23022.236,62207121.91618,0
1739617200000,2709.00,2713.82,2698.33,2706.91,53237.164,1739620799999,144014995.82592,93129,26884.496,72729181.88081,0
1739620800000,2706.91,2712.70,2702.20,2709.11,49306.246,1739624399999,133517483.60740,91942,28928.940,78339422.13160,0
1739624400000,2709.10,2712.99,2704.55,2705.50,36529.099,1739627999999,98941474.22585,75020,18770.563,50841353.21180,0
1739628000000,2705.50,2705.70,2655.31,2687.51,199068.118,1739631599999,534315225.65960,255915,80052.535,214993375.22073,0
1739631600000,2687.51,2697.89,2682.30,2689.86,55831.775,1739635199999,150202095.25400,116522,28103.358,75608048.79343,0
1739635200000,2689.85,2695.51,2681.47,2687.72,53137.521,1739638799999,142869519.03435,106139,25670.140,69016323.64938,0
1739638800000,2687.73,2692.97,2677.35,2684.84,40389.339,1739642399999,108396010.27908,101118,19406.134,52085101.31341,0
1739642400000,2684.84,2707.49,2683.25,2701.52,69162.328,1739645999999,186507367.12401,104654,37821.190,102009282.11015,0
1739646000000,2701.52,2704.39,2688.84,2690.40,34509.926,1739649599999,93098717.56306,69607,15970.331,43087641.07892,0
1739649600000,2690.41,2695.81,2677.48,2684.82,46720.885,1739653199999,125485938.70767,81761,22703.169,60977959.23212,0
1739653200000,2684.82,2701.78,2684.50,2699.82,35110.508,1739656799999,94548953.80407,73002,19834.743,53415368.94919,0
1739656800000,2699.82,2703.40,2686.16,2694.10,26821.494,1739660399999,72267928.82831,56186,11856.998,31939249.47798,0
1739660400000,2694.09,2697.00,2688.40,2691.73,22488.916,1739663999999,60565847.36720,53281,10618.478,28595776.90807,0
1739664000000,2691.74,2705.00,2689.05,2698.29,30297.934,1739667599999,81765785.00860,66263,16808.073,45359056.07524,0
1739667600000,2698.29,2701.39,2691.10,2699.09,23677.535,1739671199999,63827966.36134,60652,11921.760,32138093.00408,0
1739671200000,2699.10,2699.29,2686.00,2689.02,44327.747,1739674799999,119348937.23237,72921,18792.535,50598152.54162,0
1739674800000,2689.02,2697.89,2687.00,2697.89,32655.875,1739678399999,87914065.39753,60661,18530.909,49894899.96017,0
1739678400000,2697.90,2703.00,2696.32,2702.42,28188.580,1739681999999,76097272.00781,53427,12258.580,33097970.53807,0
1739682000000,2702.42,2726.27,2695.56,2708.00,90382.308,1739685599999,245129259.55002,109566,53603.006,145380013.13760,0
1739685600000,2708.00,2719.18,2705.68,2709.73,52420.884,1739689199999,142147674.18989,85755,24469.545,66356334.06311,0
1739689200000,2709.73,2709.73,2689.12,2694.39,73275.424,1739692799999,197604496.22356,113172,34662.520,93473562.31428,0
1739692800000,2694.39,2704.06,2691.26,2695.91,38799.420,1739696399999,104622500.68813,68304,18890.303,50945899.75812,0
1739696400000,2695.91,2706.86,2688.00,2703.38,49928.013,1739699999999,134669704.88537,87693,25224.557,68049037.20798,0
1739700000000,2703.38,2706.64,2691.51,2694.21,58893.134,1739703599999,159001298.45865,92363,20149.417,54416070.53240,0
1739703600000,2694.21,2711.87,2692.43,2709.75,63835.965,1739707199999,172700307.12374,81632,36499.113,98742097.05005,0
1739707200000,2709.75,2711.45,2702.31,2704.80,32150.848,1739710799999,87034075.05347,66352,13579.431,36756954.16211,0
1739710800000,2704.79,2708.48,2687.06,2690.74,73863.233,1739714399999,199279374.23941,121006,35156.191,94866433.90686,0
1739714400000,2690.74,2697.53,2674.61,2690.49,142073.955,1739717999999,381483505.31321,208729,67290.644,180680246.03656,0
1739718000000,2690.49,2700.87,2685.15,2692.96,62620.592,1739721599999,168727778.90777,108037,31015.927,83575969.26268,0
1739721600000,2692.96,2699.98,2688.55,2695.94,38763.332,1739725199999,104414639.16602,79930,18042.773,48610748.29643,0
1739725200000,2695.94,2702.70,2683.71,2686.61,39530.933,1739728799999,106467439.86937,78223,19565.879,52708735.96998,0
1739728800000,2686.60,2686.61,2658.00,2678.26,157544.637,1739732399999,421066387.48279,202098,75297.645,201325125.72129,0
1739732400000,2678.27,2687.00,2666.45,2682.28,61348.448,1739735999999,164258220.86431,109470,31529.016,84417244.63122,0
1739736000000,2682.28,2685.39,2668.21,2668.90,41590.904,1739739599999,111350266.05845,82893,18569.477,49726492.40499,0
1739739600000,2668.90,2688.53,2662.00,2685.89,65183.660,1739743199999,174324960.25645,117834,32220.994,86176798.98465,0
1739743200000,2685.88,2686.47,2662.27,2678.03,49738.893,1739746799999,132975578.18176,87051,24994.047,66819730.34901,0
1739746800000,2678.02,2678.27,2643.75,2660.00,143651.336,1739750399999,381994423.79636,195124,72095.961,191790294.69624,0
1739750400000,2660.01,2671.42,2657.36,2669.91,50664.697,1739753999999,135039325.46859,120490,24732.061,65919136.05476,0
1739754000000,2669.91,2682.86,2657.16,2678.65,57682.987,1739757599999,154091989.23892,114014,31459.569,84056354.74209,0
1739757600000,2678.64,2683.20,2665.80,2668.11,41530.533,1739761199999,111096670.52330,89575,17809.305,47644600.04890,0
1739761200000,2668.10,2673.44,2655.91,2670.83,52789.628,1739764799999,140692329.02788,102553,25869.333,68960282.75080,0
1739764800000,2670.83,2671.12,2656.79,2660.70,49682.811,1739768399999,132286449.46827,94690,22822.299,60768219.18293,0
1739768400000,2660.70,2672.56,2632.81,2669.99,174589.189,1739771999999,463534410.85755,243688,83035.684,220565685.78249,0
1739772000000,2669.99,2688.00,2667.12,2685.32,96521.754,1739775599999,258627914.24127,162570,52050.343,139474827.99576,0
1739775600000,2685.32,2694.76,2674.01,2680.47,110393.421,1739779199999,296408346.37050,174905,54028.129,145057870.27587,0
1739779200000,2680.48,2717.06,2675.39,2713.91,177863.144,1739782799999,480137825.86906,247473,106880.144,288572601.81493,0
1739782800000,2713.91,2741.95,2711.19,2732.40,215431.607,1739786399999,586733435.88442,304907,121090.018,329838053.16232,0
1739786400000,2732.40,2773.93,2730.20,2748.76,314848.859,1739789999999,867889648.52633,427830,156990.704,432738145.00614,0
1739790000000,2748.75,2763.60,2740.19,2753.93,131507.712,1739793599999,361472577.19239,220363,67479.515,185505764.45210,0
1739793600000,2753.94,2777.95,2752.66,2765.17,162656.057,1739797199999,449945039.78643,233267,83413.546,230774434.10936,0
1739797200000,2765.17,2782.00,2758.47,2775.10,152893.713,1739800799999,423695458.51813,213596,83405.396,231163478.27087,0
1739800800000,2775.10,2826.78,2775.09,2825.54,431998.274,1739804399999,1211430367.53376,510295,246864.233,692244693.53040,0
1739804400000,2825.54,2848.76,2745.00,2754.74,563079.873,1739807999999,1575964108.78017,646580,269005.113,753519358.87747,0
1739808000000,2754.73,2764.28,2722.08,2724.42,403023.830,1739811599999,1104000607.41596,524250,190661.649,522453423.71684,0
1739811600000,2724.42,2749.67,2724.41,2731.17,161464.286,1739815199999,441848035.54508,254712,85355.387,233577686.72487,0
1739815200000,2731.18,2731.72,2695.00,2699.59,253903.152,1739818799999,688860580.35629,346955,114011.635,309344422.93607,0
1739818800000,2699.60,2720.92,2685.48,2716.38,147893.482,1739822399999,399834711.50251,251138,74700.706,202014613.46636,0
1739822400000,2716.37,2745.00,2714.95,2731.30,96635.554,1739825999999,263969466.02332,185490,49972.628,136500771.55782,0
1739826000000,2731.31,2777.20,2730.56,2775.32,113417.878,1739829599999,312491299.80579,195593,61267.045,168852802.03672,0
1739829600000,2775.32,2776.48,2731.05,2736.45,98373.062,1739833199999,270985847.45344,161370,39983.737,110121984.82028,0
1739833200000,2736.43,2749.95,2732.80,2743.00,55646.666,1739836799999,152626277.63624,116753,30897.184,84756428.85723,0
1739836800000,2742.99,2755.85,2715.50,2719.91,120194.096,1739840399999,328327865.34488,195728,59758.559,163261138.64457,0
1739840400000,2719.90,2739.62,2713.78,2734.99,88791.485,1739843999999,242154255.43575,161275,50381.747,137414582.48429,0
1739844000000,2734.99,2737.83,2706.09,2712.44,89711.454,1739847599999,243976958.33078,159504,43793.973,119062873.91158,0
1739847600000,2712.45,2723.15,2708.00,2710.75,61611.419,1739851199999,167199872.58668,141346,31043.085,84258692.91547,0
1739851200000,2710.75,2716.86,2690.00,2700.39,122951.499,1739854799999,332050069.06727,194292,63518.535,171545929.82779,0
1739854800000,2700.39,2704.48,2672.68,2676.32,155148.055,1739858399999,416922139.96162,252115,71513.467,192182482.05391,0
1739858400000,2676.31,2678.29,2650.31,2661.83,243743.208,1739861999999,648981801.45220,388937,117558.918,313051042.20635,0
1739862000000,2661.83,2677.70,2655.71,2671.01,116639.576,1739865599999,311224603.15341,219504,56184.403,149948054.52810,0
1739865600000,2671.00,2676.33,2651.42,2666.00,111370.083,1739869199999,296738898.53331,192807,48208.095,128478043.12639,0
1739869200000,2665.99,2696.30,2662.08,2696.11,161471.241,1739872799999,433159947.21711,240815,74519.421,199954966.55407,0
1739872800000,2696.10,2705.45,2690.05,2694.00,114096.993,1739876399999,307748824.28409,170334,57601.224,155381677.09637,0
1739876400000,2694.00,2695.57,2675.06,2678.14,86490.547,1739879999999,232319205.21059,137505,38996.305,104762095.41701,0
1739880000000,2678.13,2710.00,2676.13,2702.30,129425.383,1739883599999,349034851.68037,196209,73136.767,197229976.75754,0
1739883600000,2702.30,2703.00,2688.14,2701.64,86396.679,1739887199999,232976516.85422,150041,40103.404,108157630.41191,0
1739887200000,2701.64,2731.74,2668.17,2687.01,344201.689,1739890799999,929576500.04401,433954,170787.936,461368982.49696,0
1739890800000,2687.01,2692.50,2656.84,2672.38,208063.151,1739894399999,556838479.85638,366928,100942.392,270212872.71606,0
1739894400000,2672.38,2683.82,2626.53,2633.97,335859.416,1739897999999,889382218.59870,426873,152099.956,402802113.48684,0
1739898000000,2633.97,2648.00,2604.18,2618.84,247676.350,1739901599999,649716699.82228,373781,114968.061,301650827.73852,0
1739901600000,2618.84,2644.57,2607.58,2630.70,203129.812,1739905199999,533739850.84821,303447,111793.405,293822593.65348,0
1739905200000,2630.70,2646.25,2612.00,2628.80,166785.527,1739908799999,438627168.18348,250582,86077.537,226407541.02275,0
1739908800000,2628.87,2642.85,2616.88,2630.06,100675.512,1739912399999,264729335.48002,196904,55601.612,146237997.99417,0
1739912400000,2630.07,2657.63,2628.07,2651.38,143582.229,1739915999999,380189182.50520,242308,71089.439,188230846.80623,0
1739916000000,2651.38,2666.50,2647.88,2654.60,71334.779,1739919599999,189518074.67109,122430,33802.276,89813180.29988,0
1739919600000,2654.60,2671.00,2651.99,2670.57,70237.299,1739923199999,187194711.16261,126698,36137.716,96328739.34109,0
1739923200000,2670.56,2678.00,2665.66,2668.48,67288.255,1739926799999,179821588.68739,137754,30981.435,82809122.88907,0
1739926800000,2668.47,2670.71,2654.82,2668.99,76526.318,1739930399999,203711292.31711,150081,33386.446,88888516.28154,0
1739930400000,2669.00,2699.12,2668.20,2689.79,109653.162,1739933999999,294308122.01702,196212,57076.650,153173436.27046,0
1739934000000,2689.80,2695.90,2675.00,2692.94,78865.923,1739937599999,211829382.12288,138307,37389.156,100436641.29911,0
1739937600000,2692.95,2694.00,2665.00,2665.01,91737.370,1739941199999,245686242.36256,160785,36731.625,98371265.53470,0
1739941200000,2665.00,2695.00,2663.00,2685.90,97170.325,1739944799999,260464489.82522,158253,50472.448,135309580.65035,0
1739944800000,2685.91,2704.55,2684.56,2697.79,99355.161,1739948399999,267650043.16193,142406,53763.415,144839809.77697,0
1739948400000,2697.79,2716.62,2696.33,2707.00,123731.061,1739951999999,334891066.37685,190267,63471.380,171816662.49421,0
1739952000000,2707.00,2724.45,2704.87,2706.47,130983.227,1739955599999,355510292.21622,170568,64321.055,174598284.93513,0
1739955600000,2706.47,2728.59,2703.20,2722.83,108272.648,1739959199999,294434224.94010,164511,53173.568,144589765.39064,0
1739959200000,2722.83,2735.99,2718.75,2725.10,107147.974,1739962799999,292130359.14074,175576,53803.705,146709232.06678,0
1739962800000,2725.09,2736.12,2722.52,2725.99,88005.640,1739966399999,240124869.11918,138954,42136.869,114985538.47672,0
1739966400000,2726.00,2726.59,2702.70,2703.32,103840.566,1739969999999,281965969.24069,155936,48720.525,132302721.13743,0
1739970000000,2703.31,2719.27,2703.31,2716.59,66326.001,1739973599999,179937456.06177,126127,33937.362,92065530.75461,0
1739973600000,2716.59,2730.62,2686.17,2689.69,222907.903,1739977199999,603170249.44404,320304,109058.206,295206105.95685,0
1739977200000,2689.69,2711.48,2675.79,2695.59,214932.071,1739980799999,578872470.76386,328866,113913.423,306751068.27182,0
1739980800000,2695.59,2719.19,2695.30,2710.34,91434.103,1739984399999,247549217.42963,174041,46044.932,124660539.65576,0
1739984400000,2710.33,2718.00,2698.74,2709.34,81370.161,1739987999999,220473541.40830,140175,39985.705,108353102.21846,0
1739988000000,2709.34,2711.31,2695.13,2698.64,85577.356,1739991599999,231363788.67045,141886,40208.723,108706867.76989,0
1739991600000,2698.65,2723.49,2693.19,2710.81,92944.323,1739995199999,251738900.11309,184085,52520.337,142258458.89388,0
1739995200000,2710.81,2723.99,2707.58,2719.67,71942.607,1739998799999,195539107.77473,155568,34370.034,93413830.95338,0
1739998800000,2719.72,2729.10,2704.66,2708.40,63284.066,1740002399999,172121718.66394,122148,29251.604,79567326.68259,0
1740002400000,2708.40,2729.86,2706.71,2720.26,59553.990,1740005999999,161801514.53794,96802,31855.833,86521946.30895,0
1740006000000,2720.26,2735.00,2711.50,2714.06,71714.270,1740009599999,195139759.64069,135491,39833.051,108411591.77078,0
1740009600000,2714.06,2732.66,2708.21,2727.93,80477.324,1740013199999,218879757.92337,141680,45801.106,124559269.45428,0
1740013200000,2727.93,2732.49,2711.15,2717.99,64904.717,1740016799999,176529457.55246,123418,30297.544,82386438.48605,0
1740016800000,2718.00,2750.00,2717.99,2740.34,120623.748,1740020399999,329933096.76150,180478,68991.742,188750035.82755,0
1740020400000,2740.35,2747.48,2731.22,2740.22,79066.793,1740023999999,216657811.27856,137654,39148.664,107301296.97506,0
1740024000000,2740.36,2758.53,2735.41,2738.26,91770.049,1740027599999,252084082.03101,138868,52486.873,144211755.59912,0
1740027600000,2738.26,2741.83,2727.78,2730.86,70115.913,1740031199999,191788869.97013,107624,37744.709,103258887.86379,0
1740031200000,2730.87,2735.57,2723.00,2729.25,70625.460,1740034799999,192653142.39742,109089,35473.820,96761069.54275,0
1740034800000,2729.26,2736.78,2721.00,2728.88,63004.652,1740038399999,171937661.52399,99262,31720.619,86585942.18740,0
1740038400000,2728.87,2734.89,2725.53,2731.93,57461.147,1740041999999,156875848.51527,88197,25937.549,70809997.15739,0
1740042000000,2731.93,2732.77,2723.72,2724.50,44728.309,1740045599999,121992142.13438,82670,21576.303,58846490.97785,0
1740045600000,2724.50,2744.89,2723.96,2744.36,63008.654,1740049199999,172428488.85946,104403,34987.063,95759238.39950,0
1740049200000,2744.36,2746.00,2734.39,2739.35,45025.304,1740052799999,123362716.59356,83371,22230.889,60911536.58328,0
1740052800000,2739.36,2745.46,2736.51,2740.82,52760.510,1740056399999,144645662.46720,89269,25353.602,69510944.38549,0
1740056400000,2740.82,2753.79,2732.18,2744.61,115434.813,1740059999999,316481955.88743,147665,55389.713,151878931.03070,0
1740060000000,2744.61,2770.50,2724.26,2727.90,327091.948,1740063599999,899762382.75230,409134,164266.303,452048737.27513,0
1740063600000,2727.91,2737.47,2706.00,2711.25,251990.060,1740067199999,686408870.52570,355010,118818.159,323818056.10439,0
1740067200000,2711.24,2730.29,2705.64,2712.01,185342.314,1740070799999,503974374.01676,255406,92628.332,251884237.28747,0
1740070800000,2712.00,2737.00,2710.45,2734.17,100034.569,1740074399999,272640039.76675,146402,53126.318,144768357.27858,0
1740074400000,2734.16,2750.00,2730.24,2736.47,121629.774,1740077999999,333259539.93819,175217,56614.885,155156860.06857,0
1740078000000,2736.47,2767.57,2734.62,2746.43,131274.343,1740081599999,361278888.98855,192156,65771.581,181005293.12682,0
1740081600000,2746.43,2759.96,2743.65,2748.52,64635.911,1740085199999,177778965.70977,133357,33374.767,91788787.93686,0
1740085200000,2748.52,2750.62,2720.71,2724.81,68572.635,1740088799999,187508008.67388,129681,30400.140,83128036.23931,0
1740088800000,2724.81,2736.69,2723.76,2727.14,39647.785,1740092399999,108197162.51496,72905,21986.398,60000413.20130,0
1740092400000,2727.13,2745.70,2726.22,2736.87,54427.570,1740095999999,148968007.53068,104101,28323.841,77515915.99028,0
1740096000000,2736.86,2744.50,2728.45,2734.17,52261.010,1740099599999,143080585.55723,106166,21160.689,57933145.78772,0
1740099600000,2734.17,2744.59,2724.15,2740.31,55597.460,1740103199999,152028879.53038,104498,28250.984,77268944.61048,0
1740103200000,2740.31,2744.78,2732.22,2735.18,51284.944,1740106799999,140432246.43349,94981,23242.396,63652719.51231,0
1740106800000,2735.19,2748.76,2732.54,2743.15,51991.418,1740110399999,142575622.91802,87252,25005.783,68576976.48674,0
1740110400000,2743.16,2753.52,2743.15,2750.02,46298.935,1740113999999,127231325.38121,88560,23683.891,65087208.83470,0
1740114000000,2750.02,2758.24,2744.57,2754.99,60222.025,1740117599999,165735208.87942,100649,34295.420,94400610.94730,0
1740117600000,2755.00,2761.66,2751.07,2759.68,55192.704,1740121199999,152150541.81220,93187,29455.892,81210765.09064,0
1740121200000,2759.68,2768.93,2752.49,2754.99,79940.299,1740124799999,220698813.77031,125265,39637.929,109452581.35568,0
1740124800000,2754.99,2760.35,2746.55,2749.83,58493.491,1740128399999,161005393.67100,116754,29630.547,81564243.71684,0
1740128400000,2749.82,2830.88,2748.60,2780.72,498576.888,1740131999999,1392645000.34992,517607,266698.057,744884599.84416,0
1740132000000,2780.72,2807.00,2779.56,2799.63,133708.601,1740135599999,373853977.86602,206906,67407.111,188452321.00439,0
1740135600000,2799.63,2804.82,2784.49,2787.20,100498.999,1740139199999,280844964.10998,174872,50633.230,141496077.17605,0
1740139200000,2787.20,2805.70,2787.00,2805.70,84234.562,1740142799999,235576610.09223,161808,43840.562,122613848.80967,0
1740142800000,2805.70,2845.00,2800.80,2835.20,281829.370,1740146399999,797006912.13033,405584,155439.274,439635761.16499,0
1740146400000,2835.20,2837.75,2776.19,2805.85,405953.344,1740149999999,1137140125.83813,479883,194526.784,544756107.36289,0
1740150000000,2805.86,2831.10,2666.15,2722.25,1318321.333,1740153599999,3619199281.80415,1174016,623192.732,1710558044.98558,0
1740153600000,2722.25,2768.24,2690.00,2735.51,718136.712,1740157199999,1964878993.34759,745436,352924.690,965717470.73063,0
1740157200000,2735.51,2741.17,2651.02,2670.84,567736.396,1740160799999,1525794483.63176,632775,254735.576,684645874.39412,0
1740160800000,2670.84,2690.32,2660.00,2677.38,276389.640,1740164399999,740195445.80011,392328,128221.020,343420154.25536,0
1740164400000,2677.39,2684.77,2624.24,2638.47,397474.843,1740167999999,1053072124.42711,524659,194168.407,514479252.94478,0
1740168000000,2638.48,2659.68,2626.00,2631.88,248834.843,1740171599999,658098834.64054,375606,127431.907,337076281.69011,0
1740171600000,2631.88,2645.11,2614.76,2641.09,198817.781,1740175199999,522953445.03105,312875,104138.099,274010259.72082,0
1740175200000,2641.09,2662.13,2632.21,2642.15,161335.445,1740178799999,426710727.98690,207439,79341.833,209915085.00960,0
1740178800000,2642.15,2661.97,2632.74,2660.85,99176.970,1740182399999,262790050.41750,172442,47341.683,125425161.41710,0
1740182400000,2660.86,2681.17,2651.24,2676.68,136576.460,1740185999999,364312680.24338,226459,70994.072,189424585.37848,0
1740186000000,2676.69,2687.44,2674.03,2682.20,109643.653,1740189599999,293909817.27022,182789,51840.100,138975574.53540,0
1740189600000,2682.20,2684.73,2664.45,2681.25,103772.480,1740193199999,277708142.20202,158890,54648.728,146281635.83518,0
1740193200000,2681.25,2682.20,2664.36,2673.91,54578.743,1740196799999,145891273.43825,120939,23673.230,63292998.51007,0
1740196800000,2673.91,2684.27,2671.37,2679.89,55184.626,1740200399999,147875686.83763,110989,26925.874,72151705.86979,0
1740200400000,2679.90,2694.08,2673.65,2689.31,71654.037,1740203999999,192300570.16186,124055,37371.409,100327444.65088,0
1740204000000,2689.30,2694.50,2682.60,2683.19,47180.908,1740207599999,126773280.54377,94066,21320.095,57292671.35564,0
1740207600000,2683.19,2696.29,2682.30,2682.80,60169.509,1740211199999,161794115.96164,110354,29480.619,79281414.55340,0
1740211200000,2682.81,2692.68,2675.16,2689.41,69925.574,1740214799999,187609033.92616,123694,35812.009,96095563.46913,0
1740214800000,2689.41,2717.50,2689.41,2713.73,165336.387,1740218399999,447455222.42374,235862,94527.442,255824066.99489,0
1740218400000,2713.72,2753.06,2710.97,2731.90,332331.453,1740221999999,909454776.17695,376817,175905.074,481244873.00175,0
1740222000000,2731.89,2742.46,2728.56,2731.91,79212.149,1740225599999,216660342.99125,119383,40615.443,111098133.51206,0
1740225600000,2731.91,2741.52,2724.05,2737.74,93746.486,1740229199999,256312444.70948,134880,51507.363,140850600.21778,0
1740229200000,2737.75,2743.57,2720.76,2721.70,109424.770,1740232799999,298671354.85102,151731,51458.707,140471825.85842,0
1740232800000,2721.70,2741.30,2721.70,2736.21,78483.525,1740236399999,214653485.62410,146519,41595.068,113768661.08587,0
1740236400000,2736.20,2785.00,2736.20,2774.62,219406.007,1740239999999,605602152.82956,252649,136509.424,376847039.66114,0
1740240000000,2774.61,2797.21,2770.38,2773.28,242300.336,1740243599999,674141146.56594,336425,115245.947,320704310.40956,0
1740243600000,2773.28,2797.20,2771.01,2784.11,113725.020,1740247199999,316803537.08139,193605,59111.965,164716244.55488,0
1740247200000,2784.11,2788.89,2755.55,2761.99,133452.980,1740250799999,369823635.28892,193760,60347.321,167258427.31948,0
1740250800000,2762.00,2770.74,2760.42,2769.12,60368.440,1740254399999,166946751.23471,113013,33619.397,92980212.41130,0
1740254400000,2769.13,2774.65,2758.00,2769.26,49599.530,1740257999999,137226228.82351,91832,24886.924,68865939.57416,0
1740258000000,2769.26,2777.30,2759.40,2764.90,50228.239,1740261599999,139019724.27791,93982,24623.838,68157562.30186,0
1740261600000,2764.90,2773.99,2763.50,2766.46,36886.336,1740265199999,102145357.96609,68026,19391.672,53699117.45757,0
1740265200000,2766.47,2770.27,2759.81,2762.01,32484.047,1740268799999,89829428.67004,63714,15620.224,43194010.93954,0
1740268800000,2762.00,2771.73,2752.51,2770.01,76912.796,1740272399999,212289345.82992,124767,38145.654,105298868.29316,0
1740272400000,2770.01,2774.60,2756.35,2763.20,48278.070,1740275999999,133465861.33006,110608,24600.004,68004332.94882,0
1740276000000,2763.19,2765.32,2746.51,2749.44,65211.522,1740279599999,179599690.64778,101899,30974.840,85306669.80221,0
1740279600000,2749.44,2758.10,2743.62,2751.68,78189.259,1740283199999,215044287.18368,122289,41254.311,113477768.24984,0
1740283200000,2751.68,2763.92,2745.11,2761.43,50233.953,1740286799999,138345003.23245,101098,25516.818,70278068.98089,0
1740286800000,2761.43,2787.88,2759.08,2780.51,162695.002,1740290399999,451445741.94643,204776,85519.533,237284696.39533,0
1740290400000,2780.51,2796.12,2775.41,2792.79,142527.629,1740293999999,397283818.77049,183640,74972.104,208999563.37992,0
1740294000000,2792.80,2828.50,2788.87,2823.64,259028.867,1740297599999,728719833.96010,330016,147526.854,414965230.83360,0
1740297600000,2823.64,2831.00,2798.73,2805.25,200674.839,1740301199999,564653775.57085,237936,92280.677,259736809.39340,0
1740301200000,2805.24,2810.67,2792.48,2806.56,149499.378,1740304799999,418972326.87568,173077,81365.604,228097447.64125,0
1740304800000,2806.57,2811.90,2795.03,2805.29,83117.793,1740308399999,233193385.63873,128854,37279.046,104608029.40490,0
1740308400000,2805.30,2808.40,2781.18,2796.42,123871.550,1740311999999,346197112.31418,160363,59297.833,165762874.06890,0
1740312000000,2796.42,2804.34,2780.75,2788.41,144761.348,1740315599999,403975479.96046,205678,72336.970,201867780.88884,0
1740315600000,2788.41,2826.11,2787.72,2811.12,254402.105,1740319199999,714517067.60158,293874,140844.419,395550295.85361,0
1740319200000,2811.12,2814.97,2783.48,2789.20,166115.664,1740322799999,464507136.28022,211082,74131.449,207275117.65808,0
1740322800000,2789.21,2803.94,2771.85,2781.75,168719.373,1740326399999,470307972.12274,240398,82613.108,230313529.60084,0
1740326400000,2781.76,2816.87,2781.04,2804.99,171650.360,1740329999999,481073051.44962,242554,90001.782,252250885.32957,0
1740330000000,2804.99,2823.24,2799.01,2813.35,118012.561,1740333599999,331794836.36882,178073,63715.158,179176811.03127,0
1740333600000,2813.35,2822.98,2803.00,2807.57,79420.411,1740337199999,223516488.46080,136758,36499.555,102744805.83908,0
1740337200000,2807.56,2814.72,2804.16,2806.77,38074.634,1740340799999,106971859.77546,82769,22099.415,62090466.02305,0
1740340800000,2806.76,2806.77,2792.03,2805.28,78755.389,1740344399999,220425609.06840,106616,40261.796,112703224.93214,0
1740344400000,2805.27,2810.00,2796.92,2806.44,42527.308,1740347999999,119189009.85396,75683,26288.293,73682063.00618,0
1740348000000,2806.45,2810.00,2783.74,2801.65,83502.351,1740351599999,233396025.26304,117785,37630.920,105202755.41545,0
1740351600000,2801.66,2860.90,2800.66,2818.54,318823.545,1740355199999,902355630.11045,371575,185349.317,524789339.53199,0
1740355200000,2818.54,2839.00,2800.00,2803.63,173603.019,1740358799999,489465223.30530,282469,80867.966,228109152.95062,0
1740358800000,2803.64,2810.83,2781.66,2789.66,146678.932,1740362399999,409740858.34976,268986,67827.173,189498344.08016,0
1740362400000,2789.66,2795.23,2772.00,2775.51,130400.246,1740365999999,362747140.42245,235045,62661.856,174356144.79265,0
1740366000000,2775.52,2775.52,2710.00,2716.56,425445.429,1740369599999,1165245946.20376,525274,194499.413,532568198.07669,0
1740369600000,2716.57,2724.03,2691.07,2699.59,306079.452,1740373199999,828587397.47476,414933,150286.782,406977279.73991,0
1740373200000,2699.58,2732.07,2692.64,2730.30,209856.104,1740376799999,569825680.16637,253163,119349.758,324102452.91842,0
1740376800000,2730.31,2734.00,2713.59,2729.42,112662.501,1740380399999,306943787.52347,178385,52486.363,143014750.69891,0
1740380400000,2729.43,2734.68,2716.80,2720.41,95882.710,1740383999999,261271112.73635,145289,40027.633,109068086.01814,0
1740384000000,2720.42,2721.01,2676.49,2680.23,370244.382,1740387599999,997195888.55221,398157,156371.148,421238973.83423,0
1740387600000,2680.24,2711.24,2678.53,2695.65,189964.413,1740391199999,512635451.44070,220827,93380.499,252005969.65409,0
1740391200000,2695.65,2696.79,2662.00,2682.78,235280.926,1740394799999,629914365.81525,296196,111625.567,298865067.78464,0
1740394800000,2682.83,2689.80,2670.31,2688.69,117560.798,1740398399999,315205077.17913,171220,62813.361,168421177.33974,0
1740398400000,2688.69,2690.51,2674.95,2678.07,87313.029,1740401999999,234269495.66047,149178,40595.739,108932429.86772,0
1740402000000,2678.07,2695.75,2663.20,2673.00,191605.012,1740405599999,513480393.50647,260763,89843.069,240776158.16330,0
1740405600000,2672.99,2686.82,2647.68,2655.28,339380.661,1740409199999,904860609.76366,382315,152063.457,405596630.95159,0
1740409200000,2655.28,2678.29,2633.51,2657.59,423533.174,1740412799999,1124636554.88784,514012,220794.537,586489942.62314,0
1740412800000,2657.59,2675.00,2651.14,2660.33,199105.929,1740416399999,530805334.16241,280114,94651.641,252335336.43143,0
1740416400000,2660.33,2681.61,2654.07,2663.27,127816.133,1740419999999,341213957.57950,222727,66596.147,177820088.13038,0
1740420000000,2663.27,2669.79,2645.84,2648.98,105070.647,1740423599999,279053180.36879,183126,50682.141,134637198.35205,0
1740423600000,2648.95,2659.80,2621.00,2640.21,235876.603,1740427199999,622481315.22923,296197,103110.830,272160177.14587,0
1740427200000,2640.21,2662.71,2636.21,2641.56,144560.710,1740430799999,383300462.19643,244385,72035.650,190998288.53842,0
1740430800000,2641.53,2657.48,2625.85,2635.48,122357.279,1740434399999,323083136.95689,213910,60288.894,159158166.77363,0
1740434400000,2635.47,2636.93,2485.27,2506.67,959578.381,1740437999999,2462456324.57298,857953,403503.542,1036509787.96722,0
1740438000000,2506.66,2546.33,2466.34,2512.27,441307.991,1740441599999,1109645903.87457,513764,212723.264,535006139.06414,0
1740441600000,2512.26,2529.40,2456.75,2497.79,518735.314,1740445199999,1295935323.36172,577356,260056.042,649887028.00215,0
1740445200000,2497.79,2511.95,2468.77,2493.45,325894.602,1740448799999,812663643.76272,487831,159636.251,398090031.28260,0
1740448800000,2493.45,2523.45,2473.16,2512.30,269590.820,1740452399999,673443802.51993,383384,132685.011,331569543.81081,0
1740452400000,2512.31,2516.66,2484.72,2493.83,151692.891,1740455999999,379105840.93197,265347,72839.330,182076886.60091,0
1740456000000,2493.84,2504.23,2477.00,2490.41,210144.179,1740459599999,523355742.45312,328008,103439.972,257626330.11379,0
1740459600000,2490.40,2511.85,2481.70,2505.04,140698.186,1740463199999,351940532.48940,242806,69474.329,173792350.34231,0
1740463200000,2505.05,2508.76,2477.52,2479.72,161438.493,1740466799999,402218502.76112,242005,76418.473,190449000.48569,0
1740466800000,2479.73,2484.13,2287.13,2366.83,1549806.279,1740470399999,3700265663.23580,1219504,697572.158,1665838713.17413,0
1740470400000,2366.83,2416.19,2356.31,2396.06,431958.381,1740473999999,1034206504.35327,547113,221390.069,530183414.88300,0
1740474000000,2396.07,2408.51,2376.30,2382.24,297108.802,1740477599999,710529968.96939,394013,144381.076,345396453.44776,0
1740477600000,2382.25,2411.00,2355.36,2394.06,534050.950,1740481199999,1274179098.15709,613944,268438.198,640695786.74024,0
1740481200000,2394.05,2438.25,2367.34,2432.39,397947.342,1740484799999,954076783.38850,504442,216869.014,520134428.24612,0
1740484800000,2432.38,2448.00,2417.76,2436.21,296867.235,1740488399999,722014706.52067,405508,146704.113,356861319.72431,0
1740488400000,2436.22,2442.46,2410.70,2411.73,148497.049,1740491999999,359826630.79565,279538,71064.141,172265041.74317,0
1740492000000,2411.72,2428.20,2363.89,2378.04,443772.836,1740495599999,1063210865.37610,514019,218800.789,524381025.72540,0
1740495600000,2378.05,2426.92,2360.65,2408.99,623951.589,1740499199999,1490931076.73793,663728,321110.430,767449421.27599,0
1740499200000,2409.00,2434.74,2382.39,2416.71,370610.165,1740502799999,891803348.26818,478215,182579.908,439401547.92051,0
1740502800000,2416.72,2442.29,2410.03,2420.20,191340.268,1740506399999,463703119.58459,320853,96183.737,233147657.59532,0
1740506400000,2420.20,2435.00,2402.51,2423.32,170649.468,1740509999999,412583320.08038,283797,84812.160,205122259.94262,0
1740510000000,2423.31,2472.47,2410.40,2470.47,263457.314,1740513599999,643102284.76916,342489,143564.186,350529991.89786,0
1740513600000,2470.46,2515.79,2456.15,2492.07,327420.244,1740517199999,815020115.49832,422617,159777.653,397765052.95736,0
1740517200000,2492.05,2514.29,2480.06,2512.92,126782.655,1740520799999,316331306.09793,204379,71224.952,177743914.94674,0
1740520800000,2512.87,2532.89,2497.56,2509.56,146603.891,1740524399999,368722090.85277,206726,71988.606,181091307.49947,0
1740524400000,2509.56,2521.50,2492.74,2494.45,107564.715,1740527999999,269532890.09046,190680,48673.507,121962377.36062,0
1740528000000,2494.46,2498.35,2470.33,2474.23,149778.416,1740531599999,371928176.63855,206250,70662.014,175443831.28496,0
1740531600000,2474.23,2491.17,2474.00,2485.06,93026.505,1740535199999,230903528.14188,171714,47930.508,118980401.29980,0
1740535200000,2485.06,2503.53,2475.36,2497.37,92787.074,1740538799999,230951708.82686,186848,50546.183,125847358.60371,0
1740538800000,2497.36,2506.45,2487.03,2489.78,105201.250,1740542399999,262720236.41517,179694,48896.153,122149571.57272,0
1740542400000,2489.78,2500.45,2485.55,2488.70,61738.023,1740545999999,153870166.86467,131047,31078.945,77454872.71396,0
1740546000000,2488.69,2494.62,2473.99,2474.61,71805.282,1740549599999,178391002.88207,136713,33603.671,83514408.98859,0
1740549600000,2474.62,2500.72,2474.13,2499.94,117897.941,1740553199999,293523891.81864,162103,67621.660,168335052.53889,0
1740553200000,2499.95,2505.76,2475.45,2482.67,133640.983,1740556799999,332689256.49169,176747,63138.411,157183802.78357,0
1740556800000,2482.66,2486.74,2456.66,2463.43,165564.779,1740560399999,408263474.69045,240325,76999.970,189860240.43054,0
1740560400000,2463.43,2493.48,2461.74,2489.05,130956.856,1740563999999,324465852.82128,193024,76430.704,189294143.90435,0
1740564000000,2489.04,2494.62,2477.01,2492.47,79498.450,1740567599999,197562328.07151,129369,35834.619,89076111.99604,0
1740567600000,2492.47,2494.29,2462.04,2463.71,116738.702,1740571199999,288950324.85919,181010,53873.365,133279886.33808,0
1740571200000,2463.71,2465.93,2422.22,2431.95,287264.431,1740574799999,702236815.06935,349301,133229.789,325731855.12524,0
1740574800000,2431.94,2439.00,2408.50,2415.74,224196.487,1740578399999,543998662.63722,310759,111171.115,269868385.90466,0
1740578400000,2415.74,2436.00,2368.29,2434.73,710436.793,1740581999999,1704091999.89425,743322,348196.282,835289027.83867,0
1740582000000,2434.73,2461.10,2423.41,2427.70,378756.959,1740585599999,924582794.57693,483362,183293.007,447487444.23919,0
1740585600000,2427.70,2433.50,2383.79,2397.62,359487.786,1740589199999,863649208.36945,460494,176372.605,423783348.13404,0
1740589200000,2397.62,2406.70,2354.20,2365.55,310745.586,1740592799999,739454553.10978,427242,139618.220,332341643.01656,0
1740592800000,2365.54,2381.93,2264.00,2291.64,1107045.445,1740596399999,2561852117.84557,888716,509155.670,1178433693.28313,0
1740596400000,2291.64,2317.37,2275.07,2295.46,532540.012,1740599999999,1222674799.50352,587861,277621.332,637471447.75224,0
1740600000000,2295.45,2339.61,2252.78,2338.66,612635.617,1740603599999,1406431732.98585,675897,300507.428,690487642.40135,0
1740603600000,2338.57,2354.40,2300.50,2342.17,341855.784,1740607199999,795339058.06659,464494,174485.806,405983880.87295,0
1740607200000,2342.17,2382.77,2340.32,2347.89,254735.275,1740610799999,602320281.31735,339798,128312.275,303315371.89482,0
1740610800000,2347.90,2360.00,2324.53,2335.33,157835.042,1740614399999,368894345.10916,254507,81138.356,189584826.39273,0
1740614400000,2335.34,2348.40,2318.36,2336.89,151411.100,1740617999999,353662901.03936,286367,76400.217,178490388.82311,0
1740618000000,2336.88,2364.20,2314.66,2343.40,184602.075,1740621599999,432610469.79677,308082,97521.902,228605468.08788,0
1740621600000,2343.40,2370.36,2327.09,2333.89,132778.029,1740625199999,311612897.72018,266779,65453.846,153620388.43876,0
1740625200000,2333.89,2346.60,2322.27,2331.01,119535.898,1740628799999,278975216.50527,232649,57926.915,135231433.41016,0
1740628800000,2331.00,2341.35,2302.01,2310.50,178908.790,1740632399999,414269006.90945,276424,87074.774,201690271.25828,0
1740632400000,2310.50,2344.80,2306.43,2340.77,139281.030,1740635999999,324365254.81930,233783,69815.625,162579925.39858,0
1740636000000,2340.77,2365.65,2332.78,2347.79,184370.871,1740639599999,433078648.50068,255898,88087.966,206936885.59673,0
1740639600000,2347.78,2373.16,2345.57,2355.38,150645.595,1740643199999,355362933.00014,210172,81793.312,192923392.95015,0
1740643200000,2355.38,2360.40,2342.20,2351.37,108260.583,1740646799999,254653193.78755,192963,48058.821,113060117.66704,0
1740646800000,2351.37,2366.00,2345.40,2358.35,108620.805,1740650399999,256087637.71625,197315,58524.041,137980856.96026,0
1740650400000,2358.34,2378.00,2354.84,2376.84,165388.461,1740653999999,391801171.20514,217906,90245.384,213829136.63412,0
1740654000000,2376.83,2381.44,2345.74,2352.76,190267.662,1740657599999,449470125.14695,250476,91550.686,216323209.90224,0
1740657600000,2352.77,2360.49,2339.32,2346.01,152697.282,1740661199999,358645079.62926,234302,74847.599,175796180.16912,0
1740661200000,2346.01,2361.53,2325.84,2335.58,250194.455,1740664799999,586431000.09466,328661,123281.770,289025393.89090,0
1740664800000,2335.58,2355.08,2304.06,2307.50,337615.227,1740668399999,786385128.55631,468988,161797.970,376993469.41078,0
1740668400000,2307.50,2335.72,2289.67,2322.32,321571.165,1740671999999,744553078.12729,474306,159558.299,369488725.26652,0
1740672000000,2322.32,2336.96,2290.82,2294.99,253540.331,1740675599999,586380965.33673,360333,119439.329,276319741.55645,0
1740675600000,2295.00,2326.00,2292.00,2321.47,166520.683,1740679199999,385053581.82907,287865,87853.484,203094770.14822,0
1740679200000,2321.47,2332.81,2318.52,2325.81,97199.298,1740682799999,226031368.89449,211312,47726.499,110992846.86943,0
1740682800000,2325.81,2326.46,2277.00,2291.20,235553.320,1740686399999,541031719.61852,342480,118867.706,273035913.05107,0
1740686400000,2291.20,2293.30,2239.16,2255.10,391235.067,1740689999999,885139364.29349,465347,182037.771,412005836.60204,0
1740690000000,2255.09,2283.90,2229.00,2281.62,282724.577,1740693599999,637676935.95238,370545,146853.290,331324386.74949,0
1740693600000,2281.61,2292.71,2263.84,2290.97,113896.210,1740697199999,259226411.02458,166240,60249.153,137126802.66757,0
1740697200000,2290.93,2310.97,2281.84,2306.66,157269.250,1740700799999,361074440.03315,220509,82166.873,188670290.06288,0
1740700800000,2306.65,2313.24,2293.54,2293.93,133037.986,1740704399999,306525597.63967,212914,58810.818,135505392.49971,0
1740704400000,2293.92,2299.78,2177.00,2192.59,1055930.438,1740707999999,2345470373.28093,860284,483824.744,1074898935.69620,0
1740708000000,2192.72,2225.71,2122.18,2166.65,1052875.604,1740711599999,2282638977.59799,911551,504839.580,1095023423.70900,0
1740711600000,2166.64,2193.77,2136.00,2146.41,386322.536,1740715199999,837659158.51051,476669,190480.413,413109888.54187,0
1740715200000,2146.42,2155.86,2090.83,2135.57,710314.396,1740718799999,1507391349.50185,739241,339511.335,720773512.55471,0
1740718800000,2135.58,2140.00,2098.00,2131.02,460971.196,1740722399999,976467199.21336,553373,226873.839,480668299.93357,0
1740722400000,2131.02,2142.20,2070.00,2108.28,572745.167,1740725999999,1207153455.71120,618356,268032.022,565165853.68277,0
1740726000000,2108.28,2134.99,2087.12,2104.89,405986.838,1740729599999,856857099.47671,516773,205176.175,433053844.16310,0
1740729600000,2104.88,2123.71,2074.61,2119.29,533692.234,1740733199999,1121137599.67164,603633,270010.962,567136778.38895,0
1740733200000,2119.28,2151.06,2114.33,2142.47,339534.789,1740736799999,724940539.69586,447266,170286.787,363592409.16720,0
1740736800000,2142.46,2145.29,2110.57,2115.76,227222.888,1740740399999,482906007.79151,304518,116293.827,247141670.13652,0
1740740400000,2115.77,2142.00,2115.61,2124.47,167931.687,1740743999999,357605227.00784,263885,88101.387,187599007.25767,0
1740744000000,2124.44,2138.57,2103.80,2119.45,231413.332,1740747599999,490449818.23354,285023,121300.997,257070400.63753,0
1740747600000,2119.44,2164.98,2115.56,2150.51,537700.604,1740751199999,1152259077.17957,529529,270828.460,580465267.59887,0
1740751200000,2150.52,2189.46,2137.09,2165.53,530074.302,1740754799999,1147689695.11704,561695,269517.908,583495351.89756,0
1740754800000,2165.42,2227.77,2162.81,2221.64,530320.985,1740758399999,1169383467.56775,511348,265230.939,584725271.76993,0
1740758400000,2221.64,2245.00,2205.55,2221.40,364442.340,1740761999999,809698014.56950,377222,181885.669,404229589.37793,0
1740762000000,2221.40,2240.59,2207.29,2208.67,215364.444,1740765599999,478702594.61161,269708,104232.830,231721330.43317,0
1740765600000,2208.67,2255.40,2192.56,2227.25,302972.453,1740769199999,672529456.11040,350651,152901.381,339441357.05882,0
1740769200000,2227.25,2238.03,2220.13,2229.34,112381.437,1740772799999,250539978.08969,184933,57745.818,128751352.72511,0
1740772800000,2229.41,2237.39,2197.35,2215.01,176907.447,1740776399999,391339496.19870,231169,82679.509,182848197.76798,0
1740776400000,2215.01,2233.80,2208.83,2224.13,99701.156,1740779999999,221484212.61643,154520,47014.351,104430613.76088,0
1740780000000,2224.12,2231.17,2208.26,2215.47,76187.105,1740783599999,169023374.25952,125559,38266.418,84881229.91501,0
1740783600000,2215.47,2238.66,2212.25,2236.59,87944.380,1740787199999,195919162.32735,139134,53069.541,118223797.41588,0
1740787200000,2236.59,2245.90,2214.13,2214.91,109715.998,1740790799999,244701694.67292,167628,53654.168,119717857.64749,0
1740790800000,2214.91,2263.00,2211.79,2252.10,136595.000,1740794399999,305441888.25469,214147,71537.807,160025184.91863,0
1740794400000,2252.10,2274.34,2238.42,2254.83,190823.185,1740797999999,430868620.54412,268449,100052.968,226025562.87745,0
1740798000000,2254.82,2269.18,2247.59,2261.69,114613.601,1740801599999,258797368.21101,174959,64654.836,146002219.19524,0
1740801600000,2261.60,2279.75,2257.06,2268.99,167229.244,1740805199999,379635489.97586,220625,85987.457,195191084.03661,0
1740805200000,2269.00,2269.31,2251.02,2255.03,79408.201,1740808799999,179305711.14417,141976,38342.135,86575600.88546,0
1740808800000,2255.09,2258.70,2230.00,2235.47,156892.569,1740812399999,351596219.67190,187050,66848.250,149782061.91274,0
1740812400000,2235.48,2235.48,2223.20,2228.15,99630.287,1740815999999,221941482.89869,138876,51634.984,115026234.40529,0
1740816000000,2228.15,2238.77,2225.80,2233.60,101669.211,1740819599999,227075101.69015,134863,53290.383,119022367.17960,0
1740819600000,2233.61,2238.33,2227.38,2232.15,75824.916,1740823199999,169329153.57749,116054,39617.847,88483714.63250,0
1740823200000,2232.14,2232.51,2198.11,2203.94,205744.117,1740826799999,455298114.54645,247963,85590.658,189399510.73409,0
1740826800000,2203.93,2206.14,2170.20,2183.28,273958.173,1740830399999,598761915.22986,301380,128891.362,281721584.46931,0
1740830400000,2183.28,2186.60,2170.15,2180.23,150742.905,1740833999999,328422676.60686,207039,74199.581,161709323.12459,0
1740834000000,2180.23,2183.52,2141.17,2151.73,301865.639,1740837599999,650866522.36734,340936,140811.964,303578416.98658,0
1740837600000,2151.72,2166.66,2147.75,2162.25,143184.319,1740841199999,309026414.37144,224801,80528.442,173834172.28662,0
1740841200000,2162.25,2183.31,2157.50,2172.34,169866.836,1740844799999,368945304.46294,246331,84059.856,182597644.15750,0
1740844800000,2172.34,2211.00,2168.17,2209.01,204303.356,1740848399999,447099160.78784,280302,113021.969,247443763.30281,0
1740848400000,2209.01,2209.20,2189.23,2195.79,123198.098,1740851999999,270671695.95683,204625,63901.191,140398528.10614,0
1740852000000,2195.79,2217.80,2192.12,2210.81,132317.497,1740855599999,291878197.49177,198906,68407.187,150899382.12378,0
1740855600000,2210.80,2233.69,2210.00,2222.13,112151.726,1740859199999,249200656.59967,181358,54400.229,120898153.26527,0
1740859200000,2222.12,2225.00,2213.82,2224.10,64307.339,1740862799999,142771660.53811,128515,29865.688,66315102.45321,0
1740862800000,2224.10,2234.38,2207.04,2228.35,121627.119,1740866399999,269811265.67353,178313,63086.762,140017159.73436,0
1740866400000,2228.34,2234.99,2210.00,2213.97,86268.925,1740869999999,191585596.93475,148780,38011.294,84422322.65094,0
1740870000000,2213.97,2219.76,2190.00,2216.60,151025.788,1740873599999,332909132.24605,218129,75126.651,165668722.41891,0
1740873600000,2216.59,2224.56,2202.27,2214.55,115253.724,1740877199999,255287142.02080,194336,58180.307,128906938.82471,0
1740877200000,2214.54,2225.91,2208.10,2219.79,84043.502,1740880799999,186369194.47902,159929,41971.474,93077417.04417,0
1740880800000,2219.79,2227.33,2200.11,2208.91,110479.956,1740884399999,244451676.79209,204075,51764.388,114518993.26851,0
1740884400000,2208.93,2230.34,2208.82,2219.40,97524.119,1740887999999,216566436.26049,165902,50901.369,113014317.33332,0
1740888000000,2219.39,2234.77,2218.06,2226.27,99154.164,1740891599999,220778980.63343,161875,55185.220,122882342.91460,0
1740891600000,2226.27,2233.66,2222.83,2228.64,55790.765,1740895199999,124300879.15540,107217,30629.694,68248049.13923,0
1740895200000,2228.65,2232.77,2217.10,2221.88,129025.992,1740898799999,287226333.88024,160547,67127.889,149442940.40314,0
1740898800000,2221.87,2225.98,2217.50,2220.24,61539.582,1740902399999,136720177.53208,102514,29140.921,64747558.36428,0
1740902400000,2220.23,2222.02,2206.65,2211.60,121078.187,1740905999999,267926504.43882,158037,52254.128,115625458.13298,0
1740906000000,2211.60,2254.72,2210.83,2241.25,264973.501,1740909599999,593287163.01124,260969,138072.495,309097511.33215,0
1740909600000,2241.25,2260.61,2239.00,2245.09,126921.750,1740913199999,285381230.12148,182265,66405.964,149324954.46789,0
1740913200000,2245.09,2247.07,2235.31,2237.75,80444.868,1740916799999,180254061.69304,133573,39682.449,88927006.94921,0
1740916800000,2237.76,2239.17,2221.78,2231.88,109849.998,1740920399999,244878155.96472,153049,50253.260,112011603.17528,0
1740920400000,2231.88,2231.88,2204.62,2211.23,170122.403,1740923999999,376654963.89027,223495,71173.527,157597284.87295,0
1740924000000,2211.23,2213.57,2170.09,2195.43,368090.355,1740927599999,806389712.58675,404410,167541.481,367003677.54673,0
1740927600000,2195.44,2290.63,2195.02,2229.02,1146347.207,1740931199999,2572857316.92261,890720,577985.439,1297238701.97015,0
1740931200000,2229.02,2501.88,2211.68,2441.68,2176843.349,1740934799999,5179656209.80667,1611157,1139478.455,2707983065.05470,0
1740934800000,2441.68,2511.91,2393.74,2479.82,1184544.371,1740938399999,2912082010.50314,1046271,583331.245,1434350419.02978,0
1740938400000,2479.83,2519.99,2452.80,2473.69,545603.029,1740941999999,1353024516.23707,620339,277229.779,687767853.72810,0
1740942000000,2473.69,2498.97,2465.00,2485.01,189808.519,1740945599999,470879520.12925,301543,98000.309,243183911.50342,0
1740945600000,2485.00,2520.00,2478.76,2509.30,278884.567,1740949199999,697292717.12782,386243,134567.690,336581558.99599,0
1740949200000,2509.29,2540.00,2497.11,2523.34,273311.755,1740952799999,687733307.59444,398808,130032.506,327287022.17937,0
1740952800000,2523.33,2550.00,2505.25,2537.39,162097.438,1740956399999,409370599.84090,256927,85727.458,216649875.17889,0
1740956400000,2537.39,2550.00,2507.05,2517.12,233464.381,1740959999999,589380167.70063,340236,111611.756,281814891.51727,0
1740960000000,2517.12,2522.84,2463.23,2464.48,304440.258,1740963599999,756926444.34790,407358,135679.879,337356518.71324,0
1740963600000,2464.49,2475.30,2449.70,2457.99,174733.622,1740967199999,430098812.70555,278164,85803.320,211249569.86315,0
1740967200000,2457.99,2460.76,2417.60,2446.39,259717.871,1740970799999,633056045.08743,338189,125685.166,306465860.05628,0
1740970800000,2446.39,2454.59,2423.62,2440.19,153719.880,1740974399999,374628974.75055,229712,76253.618,185850262.87219,0
1740974400000,2440.19,2452.00,2431.95,2449.48,84237.582,1740977999999,205804098.44113,144589,45061.746,110115194.09821,0
1740978000000,2449.47,2457.08,2439.26,2448.82,66219.367,1740981599999,162030615.65384,126176,32314.342,79083736.58980,0
1740981600000,2448.90,2449.12,2358.71,2371.43,445919.801,1740985199999,1068368558.36145,425789,199972.164,479104289.80452,0
1740985200000,2371.44,2390.55,2351.67,2385.85,291298.336,1740988799999,691393409.89906,353937,149139.822,354136169.85687,0
1740988800000,2385.85,2386.99,2330.65,2344.19,275882.206,1740992399999,649955307.08392,331847,128844.916,303524808.09771,0
1740992400000,2344.19,2354.74,2321.00,2346.12,257505.837,1740995999999,603092281.09331,352965,132000.590,309214418.71314,0
1740996000000,2346.11,2365.32,2339.40,2357.77,197223.092,1740999599999,464420670.57644,252652,95691.607,225364177.45882,0
1740999600000,2357.76,2361.95,2343.35,2355.23,108853.361,1741003199999,256087443.06145,183391,54953.287,129300945.47889,0
1741003200000,2355.22,2375.88,2350.54,2366.70,213933.149,1741006799999,505810648.06169,270620,113011.119,267207815.68450,0
1741006800000,2366.71,2388.44,2360.16,2375.60,213975.998,1741010399999,507913428.71974,266218,109426.588,259830482.73491,0
1741010400000,2375.60,2379.66,2265.84,2273.44,702322.448,1741013999999,1630068859.49921,665619,314859.667,730831597.08403,0
1741014000000,2273.50,2309.12,2268.51,2286.33,553410.927,1741017599999,1268129170.95628,569040,270943.057,620980110.44164,0
1741017600000,2286.32,2295.75,2254.34,2275.84,350017.139,1741021199999,797623472.07344,398269,174602.421,398061273.59301,0
1741021200000,2275.84,2295.88,2264.15,2275.88,237670.408,1741024799999,541486331.10138,309198,118972.034,270993127.52459,0
1741024800000,2275.88,2279.14,2176.00,2192.29,805923.778,1741028399999,1787763374.05704,768646,378262.330,839015050.65920,0
1741028400000,2192.34,2206.84,2094.76,2108.27,857800.152,1741031999999,1847605133.15261,815945,395159.656,851797563.94963,0
1741032000000,2108.28,2139.00,2095.12,2128.18,584967.653,1741035599999,1240901479.87531,643733,305645.981,648545495.98269,0
1741035600000,2128.17,2145.79,2102.00,2110.80,235951.745,1741039199999,502045693.56246,309401,114483.007,243738082.83152,0
1741039200000,2110.81,2172.71,2109.68,2165.00,234707.231,1741042799999,502872932.32096,281002,131955.747,282786477.83161,0
1741042800000,2165.01,2165.01,2141.46,2148.22,155679.282,1741046399999,335472525.73247,211580,75078.932,161811021.79779,0
1741046400000,2148.21,2166.21,2122.11,2123.82,290984.119,1741049999999,622937865.34772,335630,133662.661,286250293.36780,0
1741050000000,2123.83,2133.00,2023.84,2055.65,984366.878,1741053599999,2039466000.96563,838486,451421.054,935159179.84524,0
1741053600000,2055.65,2080.89,2001.09,2066.16,658076.473,1741057199999,1343147952.32512,674787,324849.119,663378462.71049,0
1741057200000,2066.17,2091.52,2053.05,2073.55,235130.787,1741060799999,486622534.30879,326868,114078.382,236145584.41064,0
1741060800000,2073.55,2092.71,2069.17,2080.97,174135.713,1741064399999,362577861.58775,269513,85828.430,178738967.89977,0
1741064400000,2080.98,2121.32,2077.22,2105.80,292541.497,1741067999999,614824851.14913,348363,154330.991,324389732.89196,0
1741068000000,2105.80,2110.70,2089.04,2096.71,141673.982,1741071599999,297340366.07546,233221,70690.061,148372219.85645,0
1741071600000,2096.72,2102.28,2067.28,2079.67,240253.126,1741075199999,499704927.35399,282590,100300.347,208613472.04150,0
1741075200000,2079.67,2105.00,2069.43,2097.90,204622.277,1741078799999,427474747.99832,291741,111748.077,233457677.69125,0
1741078800000,2097.90,2110.84,2083.80,2086.60,169193.816,1741082399999,354838730.07689,247242,84610.749,177450176.48289,0
1741082400000,2086.61,2106.73,2077.60,2099.26,137761.994,1741085999999,288308267.81501,236516,69449.217,145391834.56711,0
1741086000000,2099.26,2117.44,2094.55,2100.37,155249.778,1741089599999,326917791.04116,231279,83057.749,174928148.78353,0
1741089600000,2100.37,2112.08,2081.47,2102.76,214466.459,1741093199999,449642097.32351,279098,109048.029,228633404.39114,0
1741093200000,2102.75,2102.75,2050.77,2063.48,441259.525,1741096799999,914326481.63746,454915,206972.460,428973745.11476,0
1741096800000,2063.48,2158.19,2038.81,2077.07,1006639.223,1741100399999,2115999546.99535,859947,506218.510,1064587478.10697,0
1741100400000,2077.08,2086.25,2024.50,2073.79,634863.234,1741103999999,1308436249.55456,671897,321621.149,663085347.13999,0
1741104000000,2073.78,2076.38,1979.99,2060.87,796731.006,1741107599999,1621796202.14995,702188,375614.852,765049020.40620,0
1741107600000,2060.88,2134.16,2057.50,2117.90,565166.944,1741111199999,1189724771.98257,537867,291914.609,614414936.55614,0
1741111200000,2117.80,2152.71,2107.56,2146.83,313828.881,1741114799999,668655775.80951,357635,168025.949,358104155.26632,0
1741114800000,2146.83,2174.00,2137.90,2171.68,373232.149,1741118399999,805326432.14806,396706,190789.708,411808799.02984,0
1741118400000,2171.67,2192.50,2135.29,2138.16,383640.569,1741121999999,831035212.50119,367604,188103.948,407616612.28356,0
1741122000000,2138.17,2221.77,2125.60,2176.94,507171.153,1741125599999,1103440440.42369,455779,276252.830,600587317.42975,0
1741125600000,2176.86,2186.60,2165.13,2165.99,112622.033,1741129199999,245200714.55458,174505,55761.001,121438739.41863,0
1741129200000,2165.98,2179.58,2157.90,2170.51,117564.586,1741132799999,254873589.52438,165857,60266.282,130665165.45835,0
1741132800000,2170.51,2175.35,2154.53,2164.04,123610.648,1741136399999,267531275.59177,214180,56657.518,122624407.80098,0
1741136400000,2164.04,2192.00,2153.70,2188.58,154882.541,1741139999999,336761303.09971,240260,84270.169,183233315.38265,0
1741140000000,2188.59,2189.79,2165.68,2178.00,136708.130,1741143599999,297776107.09990,250961,64659.729,140861297.95078,0
1741143600000,2178.00,2188.45,2158.01,2159.70,116457.108,1741147199999,253329741.39781,217340,52536.792,114342622.92761,0
1741147200000,2159.72,2174.70,2156.93,2172.39,97235.795,1741150799999,210548873.16707,185697,51328.053,111161474.14505,0
1741150800000,2172.39,2182.00,2169.36,2179.21,64746.306,1741154399999,140844266.44198,134743,32789.896,71329707.19019,0
1741154400000,2179.20,2194.62,2173.26,2189.60,107377.031,1741157999999,234418407.11151,146282,61500.554,134348141.29355,0
1741158000000,2189.60,2212.29,2187.25,2206.02,177919.781,1741161599999,391401001.19197,243349,101548.168,223399032.69952,0
1741161600000,2206.02,2226.23,2203.50,2212.41,140674.601,1741165199999,311477319.15196,229912,66308.362,146823861.68472,0
1741165200000,2212.41,2261.80,2210.80,2238.03,381532.383,1741168799999,854922815.96842,395457,179327.420,401933329.74117,0
1741168800000,2238.04,2272.94,2230.00,2236.58,417510.686,1741172399999,939487549.61753,415532,205520.921,462576749.87280,0
1741172400000,2236.58,2238.62,2207.48,2216.60,245931.943,1741175999999,547009213.40829,303738,113750.948,253078092.65335,0
1741176000000,2216.60,2232.00,2209.05,2217.09,169232.256,1741179599999,375833803.09133,275724,85116.749,189051013.65456,0
1741179600000,2217.09,2223.18,2192.15,2201.45,268272.669,1741183199999,592045323.05219,352776,118814.435,262249722.95090,0
1741183200000,2201.49,2205.40,2165.30,2170.40,396834.256,1741186799999,867604529.01479,453412,193044.856,422149824.21479,0
1741186800000,2170.39,2204.62,2170.02,2185.61,334495.804,1741190399999,731224844.44172,426562,176359.315,385514933.75635,0
1741190400000,2185.61,2197.50,2160.47,2189.36,299923.870,1741193999999,652600979.13797,343896,155526.723,338556729.18575,0
1741194000000,2189.20,2219.55,2180.92,2193.57,292189.558,1741197599999,642645095.93071,353865,137254.121,301976571.73577,0
1741197600000,2193.56,2207.51,2173.63,2203.95,169629.108,1741201199999,371444736.50275,280986,91512.492,200421302.11872,0
1741201200000,2203.96,2221.89,2200.18,2217.28,120639.566,1741204799999,267044302.47385,221905,63062.280,139603970.02632,0
1741204800000,2217.27,2234.22,2212.67,2230.17,114775.345,1741208399999,255325816.65572,210583,53765.471,119623595.85791,0
1741208400000,2230.17,2240.96,2217.00,2234.05,111105.705,1741211999999,247720364.16817,169942,57319.680,127850112.52863,0
1741212000000,2234.05,2241.00,2225.71,2236.61,74653.471,1741215599999,166660971.49377,113166,43625.756,97409714.88967,0
1741215600000,2236.61,2252.20,2229.14,2240.45,110616.421,1741219199999,247890207.07175,155578,55112.217,123533649.90152,0
1741219200000,2240.44,2256.61,2232.16,2237.26,133231.409,1741222799999,299038845.36596,229955,63785.398,143223408.45012,0
1741222800000,2237.26,2288.00,2233.46,2261.84,222731.813,1741226399999,504183606.21876,318482,114025.258,258008368.13344,0
1741226400000,2261.84,2289.65,2260.00,2283.29,212146.801,1741229999999,482333565.99079,325922,117360.274,266930062.41010,0
1741230000000,2283.29,2295.42,2272.29,2288.79,156432.512,1741233599999,357144498.63278,267209,76040.804,173665274.86210,0
1741233600000,2288.79,2306.40,2274.04,2298.30,143438.906,1741237199999,328371458.11956,220509,72303.112,165618281.16111,0
1741237200000,2298.30,2318.99,2291.81,2312.23,166149.946,1741240799999,383433938.53198,268488,88460.830,204169281.99489,0
1741240800000,2312.24,2313.50,2288.47,2290.97,138125.514,1741244399999,317574972.58671,202017,54483.180,125269064.24289,0
1741244400000,2290.97,2299.88,2277.44,2285.21,114736.411,1741247999999,262728716.58580,167799,52620.143,120524258.61240,0
1741248000000,2285.20,2300.88,2278.35,2292.25,114543.169,1741251599999,262304368.31466,182942,58739.041,134546774.84024,0
1741251600000,2292.25,2293.41,2275.37,2282.95,141346.293,1741255199999,323089943.49398,181451,65967.550,150805201.13210,0
1741255200000,2282.94,2304.93,2278.60,2293.04,123544.167,1741258799999,283537980.87086,190500,65963.205,151392863.23734,0
1741258800000,2293.05,2300.00,2282.31,2296.74,81368.401,1741262399999,186533018.11191,132410,40328.637,92451738.94200,0
1741262400000,2296.73,2297.81,2258.14,2266.61,234331.302,1741265999999,532749093.49000,278198,113308.297,257657326.39446,0
1741266000000,2266.61,2274.00,2243.00,2245.29,258505.278,1741269599999,583842684.37757,298683,129054.533,291641369.79899,0
1741269600000,2245.28,2256.94,2206.32,2224.06,439473.970,1741273199999,979667989.98050,443615,220436.841,491554849.50676,0
1741273200000,2224.01,2274.63,2220.57,2256.41,335094.382,1741276799999,754749695.92034,382645,176138.888,396676397.24950,0
1741276800000,2256.42,2264.58,2218.26,2220.98,225784.914,1741280399999,506147950.26835,299258,98131.009,220081745.04582,0
1741280400000,2220.99,2223.30,2175.50,2189.94,408910.650,1741283999999,900003082.87914,417833,191163.641,420687700.24104,0
1741284000000,2189.93,2205.00,2187.32,2200.51,170617.319,1741287599999,374773628.30827,208783,93442.982,205253768.26214,0
1741287600000,2200.50,2217.82,2180.08,2197.12,179655.065,1741291199999,395087476.77904,217665,89994.677,197961170.34997,0
1741291200000,2197.12,2212.33,2190.20,2199.21,120949.686,1741294799999,266194689.54551,185314,61340.607,135035316.90609,0
1741294800000,2199.22,2218.45,2196.36,2211.95,142949.689,1741298399999,315438265.72609,150895,73438.098,162109860.84034,0
1741298400000,2211.95,2229.29,2194.00,2210.17,193276.293,1741301999999,427953396.79928,208339,96807.321,214444377.01744,0
1741302000000,2210.18,2216.67,2199.76,2201.34,117087.032,1741305599999,258462997.71117,138258,55522.027,122589557.67840,0
1741305600000,2201.33,2226.45,2100.75,2116.38,858320.824,1741309199999,1838482053.85716,745495,390097.945,835781343.88383,0
1741309200000,2116.38,2193.02,2107.26,2174.07,447838.403,1741312799999,965912414.18714,469402,246696.074,532333621.74101,0
1741312800000,2174.06,2185.27,2153.80,2154.50,209365.251,1741316399999,453984840.27226,249463,92462.883,200545900.53030,0
1741316400000,2154.46,2162.34,2145.35,2147.21,121235.044,1741319999999,261084806.62921,168408,64579.624,139109667.69307,0
1741320000000,2147.20,2164.00,2143.41,2154.32,102769.077,1741323599999,221463320.85520,133629,58846.768,126808616.05351,0
1741323600000,2154.32,2183.18,2153.32,2173.73,108556.781,1741327199999,235558663.10366,142089,57277.710,124280671.76412,0
1741327200000,2173.73,2186.26,2164.31,2181.32,93911.585,1741330799999,204145326.60443,127721,46968.345,102149519.16728,0
1741330800000,2181.32,2192.84,2176.82,2191.52,118070.477,1741334399999,258121843.13977,158112,61066.580,133512681.94791,0
1741334400000,2191.51,2195.88,2176.05,2184.40,110369.939,1741337999999,241100026.92005,152756,55575.151,121444050.08643,0
1741338000000,2184.40,2209.94,2183.98,2192.70,148508.230,1741341599999,326437547.47440,194774,79280.543,174256637.06787,0
1741341600000,2192.70,2197.27,2184.49,2195.72,76254.974,1741345199999,167111129.50126,129572,39052.904,85589721.02314,0
1741345200000,2195.73,2207.00,2189.28,2196.69,114833.049,1741348799999,252430132.01356,141658,55756.473,122554910.96438,0
1741348800000,2196.70,2198.33,2164.37,2177.26,217140.021,1741352399999,473413944.46925,223226,98289.762,214230308.72400,0
1741352400000,2177.24,2229.00,2176.52,2187.56,437452.085,1741355999999,963554415.26338,439511,222627.748,490518348.27862,0
1741356000000,2187.56,2259.34,2175.64,2220.80,484776.177,1741359599999,1075442496.12100,500702,258338.856,573307813.32621,0
1741359600000,2220.80,2238.66,2179.68,2208.94,431060.429,1741363199999,951726880.46410,491012,218364.293,482047378.94567,0
1741363200000,2208.95,2214.85,2142.37,2157.53,434870.792,1741366799999,944378670.30424,492173,197176.521,428141687.09243,0
1741366800000,2157.53,2183.86,2139.83,2161.23,327391.726,1741370399999,707210238.75498,370889,172118.808,371842508.16327,0
1741370400000,2161.22,2199.99,2156.21,2193.99,188825.178,1741373999999,411129330.36384,287960,97895.706,213171798.42178,0
1741374000000,2193.96,2201.85,2160.30,2177.47,175481.970,1741377599999,382654124.77304,252645,80552.816,175645174.65840,0
1741377600000,2177.45,2186.21,2144.70,2156.37,266565.630,1741381199999,577217540.20931,324472,129826.846,281247005.48526,0
1741381200000,2156.34,2163.47,2113.10,2138.36,381208.411,1741384799999,814421491.81782,421180,182742.739,390544423.13709,0
1741384800000,2138.35,2150.82,2115.16,2143.46,146076.726,1741388399999,311396497.26788,208809,69840.061,148952644.15362,0
1741388400000,2143.46,2143.78,2113.93,2140.72,124792.760,1741391999999,265790246.42516,206625,56401.327,120125080.61073,0
1741392000000,2140.72,2152.22,2129.31,2151.25,96954.173,1741395599999,207558501.78921,149165,57011.417,122071119.32911,0
1741395600000,2151.26,2155.37,2103.07,2131.96,211944.533,1741399199999,450544722.03856,262448,101098.586,214906773.52229,0
1741399200000,2131.95,2144.95,2130.08,2142.97,84629.603,1741402799999,180805212.65715,141446,42488.360,90792538.73752,0
1741402800000,2142.97,2142.98,2123.52,2137.07,69390.527,1741406399999,148090496.61374,121624,31409.404,67039880.00592,0
1741406400000,2137.07,2152.03,2130.42,2149.12,78540.341,1741409999999,168441055.09941,132973,42298.323,90711543.18188,0
1741410000000,2149.11,2149.66,2132.35,2139.46,51022.448,1741413599999,109228636.25760,92873,22671.134,48537888.99507,0
1741413600000,2139.46,2144.59,2132.00,2138.26,46694.464,1741417199999,99907702.41673,87914,21140.307,45237449.00878,0
1741417200000,2138.25,2147.00,2133.15,2136.65,47504.168,1741420799999,101654406.09231,81034,22779.572,48741619.95140,0
1741420800000,2136.65,2140.12,2125.55,2127.20,60853.529,1741424399999,129698304.30694,104379,27234.629,58050914.62005,0
1741424400000,2127.20,2142.50,2125.40,2128.64,72161.747,1741427999999,153924321.30107,112133,36723.248,78332995.24957,0
1741428000000,2128.64,2140.16,2126.66,2138.77,48301.557,1741431599999,103090628.56848,85987,24626.516,52554393.47099,0
1741431600000,2138.77,2141.50,2126.17,2140.89,86270.413,1741435199999,184006668.20754,123854,42794.384,91270523.56662,0
1741435200000,2140.89,2172.85,2136.84,2167.48,217542.681,1741438799999,469184031.77336,245900,105784.678,228198818.12339,0
1741438800000,2167.48,2198.00,2165.14,2189.25,253688.387,1741442399999,553908687.45334,263040,130763.208,285565384.62676,0
1741442400000,2189.26,2194.82,2173.49,2178.00,135114.167,1741445999999,294987039.27089,187762,59956.133,130913472.18326,0
1741446000000,2177.99,2191.36,2167.00,2180.41,102597.257,1741449599999,223501297.32734,153900,53208.794,115937333.00912,0
1741449600000,2180.41,2197.69,2160.20,2189.17,185540.319,1741453199999,403965420.46866,218849,96391.794,209953522.48348,0
1741453200000,2189.18,2220.44,2179.00,2198.10,264235.440,1741456799999,582029086.58957,292441,139679.587,307690262.00177,0
1741456800000,2198.10,2213.60,2193.24,2207.76,90375.395,1741460399999,199019295.20337,134732,51890.259,114279205.41441,0
1741460400000,2207.77,2234.40,2199.64,2223.73,179290.609,1741463999999,397912107.63542,215631,87728.847,194769455.24745,0
1741464000000,2223.73,2225.15,2210.50,2212.01,59571.652,1741467599999,132139771.93014,103523,28030.012,62191332.46580,0
1741467600000,2212.00,2224.02,2211.73,2215.28,57971.182,1741471199999,128534216.56077,86072,26661.327,59116985.96057,0
1741471200000,2215.27,2216.99,2196.87,2206.66,84827.578,1741474799999,187090328.85731,112292,36340.835,80155228.81617,0
1741474800000,2206.66,2209.80,2192.41,2202.84,82043.965,1741478399999,180502289.96712,111636,43172.900,94996564.91292,0
1741478400000,2202.83,2208.80,2198.80,2205.34,53673.742,1741481999999,118350571.16643,95064,24830.737,54753285.60258,0
1741482000000,2205.35,2211.27,2186.24,2190.11,84483.897,1741485599999,185621562.61539,121580,36387.515,79990552.80638,0
1741485600000,2190.11,2193.69,2179.08,2180.89,73566.001,1741489199999,160919999.40811,112240,34482.859,75447829.97572,0
1741489200000,2180.90,2189.00,2175.01,2184.82,78994.062,1741492799999,172285456.45914,109787,44750.582,97622899.57433,0
1741492800000,2184.83,2190.72,2182.55,2188.60,49022.950,1741496399999,107189096.13822,77645,26354.654,57631416.09399,0
1741496400000,2188.61,2196.28,2179.40,2182.09,65349.637,1741499999999,142932559.77100,88396,32016.643,70046432.31249,0
1741500000000,2182.09,2183.98,2170.83,2178.79,74423.692,1741503599999,162050686.66556,107618,37355.021,81339948.75825,0
1741503600000,2178.80,2188.57,2177.10,2184.07,57188.329,1741507199999,124893919.29555,82413,31126.765,67979869.31627,0
1741507200000,2184.07,2187.00,2174.41,2175.29,53363.212,1741510799999,116350930.56118,87735,23730.838,51747676.53798,0
1741510800000,2175.30,2179.74,2159.80,2164.81,119346.021,1741514399999,259069491.96303,136413,54352.343,117993258.11473,0
1741514400000,2164.82,2169.38,2127.02,2132.84,259384.462,1741517999999,556894555.00714,255973,121005.973,259859794.88709,0
1741518000000,2132.84,2147.64,2131.29,2145.63,127770.943,1741521599999,273531703.76129,163754,68424.744,146492212.08653,0
1741521600000,2145.62,2146.06,2130.41,2140.90,136827.618,1741525199999,292878075.18397,155052,61454.313,131528266.45209,0
1741525200000,2140.89,2143.00,2100.16,2103.20,225046.034,1741528799999,478051304.92081,233147,89169.165,189542573.45918,0
1741528800000,2103.20,2123.70,2094.69,2116.32,293612.367,1741532399999,619897006.71722,317400,151118.957,319134702.08691,0
1741532400000,2116.31,2121.59,2082.00,2095.86,252542.769,1741535999999,530409735.93919,266812,105918.455,222593653.11198,0
1741536000000,2095.85,2108.30,2040.00,2048.00,593408.754,1741539599999,1231019761.41721,519358,253781.888,526892287.96907,0
1741539600000,2048.01,2056.19,2012.50,2022.82,461374.912,1741543199999,938000972.73262,498400,230152.844,468089694.87647,0
1741543200000,2022.83,2038.23,1995.83,2019.99,581097.603,1741546799999,1172243620.30872,543501,288528.843,582374742.49957,0
1741546800000,2019.99,2048.10,2015.40,2039.34,264908.559,1741550399999,538679114.96771,301000,147020.274,299066278.57586,0
1741550400000,2039.34,2055.64,2035.39,2046.00,146523.654,1741553999999,299798705.44140,208502,73476.217,150353884.51623,0
1741554000000,2046.00,2049.63,2012.05,2023.51,186201.407,1741557599999,377225105.71889,218553,87820.325,177894758.17731,0
1741557600000,2023.51,2029.32,2004.77,2009.28,205448.650,1741561199999,414344702.51373,274807,95684.294,193077862.07009,0
1741561200000,2009.27,2031.66,1986.80,2019.20,349600.674,1741564799999,702591961.10063,369076,167400.523,336632143.29418,0
1741564800000,2019.34,2042.70,1993.54,2035.10,322078.553,1741568399999,650527503.29803,374363,159757.632,322659283.83860,0
1741568400000,2035.10,2053.00,2026.02,2042.16,183150.107,1741571999999,373927856.25487,264567,92968.902,189843684.26546,0
1741572000000,2042.15,2069.81,2035.61,2056.75,182969.165,1741575599999,376232188.47922,250004,94412.011,194189684.76348,0
1741575600000,2056.74,2064.47,2043.07,2056.82,115202.993,1741579199999,236427900.80625,164816,56890.258,116760912.64627,0
1741579200000,2056.82,2076.18,2054.86,2071.75,105104.404,1741582799999,217416115.77914,153227,56920.613,117768647.37665,0
1741582800000,2071.74,2075.00,2058.00,2063.12,85461.410,1741586399999,176541675.25266,124986,35645.854,73641536.67575,0
1741586400000,2063.13,2066.96,2053.18,2066.00,87905.029,1741589999999,181087516.43339,122241,43098.684,88789268.19208,0
1741590000000,2066.00,2078.55,2062.00,2074.20,83068.059,1741593599999,171943551.66092,130524,42602.766,88209403.64642,0
1741593600000,2074.20,2076.34,2046.75,2061.10,188848.373,1741597199999,389117398.26045,220119,84194.064,173516383.42604,0
1741597200000,2061.10,2152.99,2060.89,2100.98,818735.292,1741600799999,1734242629.34192,667197,428120.142,906511657.20834,0
1741600800000,2100.99,2105.68,2075.34,2098.92,224234.315,1741604399999,468958568.30757,289933,113319.843,237026036.38776,0
1741604400000,2098.92,2138.36,2097.48,2127.13,234879.803,1741607999999,497376344.08862,277715,128021.930,271141327.36565,0
1741608000000,2127.13,2134.93,2104.03,2124.79,240798.408,1741611599999,510349374.29924,298501,113533.389,240683257.70789,0
1741611600000,2124.79,2129.25,2077.12,2082.79,352687.085,1741615199999,740767118.91580,399297,161190.046,338528023.94471,0
1741615200000,2082.74,2083.28,1995.47,2018.12,975663.398,1741618799999,1976584018.42336,866479,482561.580,977537826.97461,0
1741618800000,2018.11,2042.85,2009.57,2016.99,418436.397,1741622399999,847336659.29515,463764,216783.981,439059584.44432,0
1741622400000,2016.99,2024.29,1998.47,2004.60,367021.743,1741625999999,737625529.03746,397241,179398.129,360618383.57160,0
1741626000000,2004.62,2008.46,1905.40,1916.65,1185727.333,1741629599999,2311539519.13104,885526,558057.320,1087550772.72105,0
1741629600000,1916.68,1938.38,1811.05,1823.99,1190659.179,1741633199999,2243745758.68512,824278,543847.717,1026692180.70877,0
1741633200000,1824.00,1883.00,1807.75,1868.66,833449.379,1741636799999,1543431035.68698,682877,432966.240,801872647.93203,0
1741636800000,1868.67,1881.47,1842.21,1868.10,346693.122,1741640399999,646107481.56873,364369,168967.405,314972911.55270,0
1741640400000,1868.10,1903.00,1860.26,1886.38,331920.667,1741643999999,625738848.52597,308069,172631.872,325446214.15437,0
1741644000000,1886.37,1889.41,1864.80,1878.91,173077.211,1741647599999,324577067.99854,257477,82335.895,154436495.98401,0
1741647600000,1878.91,1894.57,1856.49,1864.51,227408.741,1741651199999,427282369.65927,299604,105800.811,198851957.91754,0
1741651200000,1864.52,1889.49,1752.50,1813.08,1103958.762,1741654799999,2002794240.99410,846972,519421.772,942751256.14620,0
1741654800000,1813.07,1857.53,1772.67,1857.24,674325.637,1741658399999,1224070922.18383,623684,349834.972,635536610.43981,0
1741658400000,1857.24,1876.88,1850.23,1858.93,427157.385,1741661999999,795929961.51661,402250,203536.861,379253387.42938,0
1741662000000,1858.92,1881.11,1846.01,1848.96,253246.795,1741665599999,471952218.23063,244620,122135.163,227693344.08884,0
1741665600000,1848.96,1878.77,1844.89,1868.01,228979.218,1741669199999,427098859.51411,241843,123294.514,229973050.75396,0
1741669200000,1868.02,1913.49,1865.27,1892.53,412916.643,1741672799999,782214609.58505,340372,216382.007,409889163.31983,0
1741672800000,1892.54,1904.84,1880.46,1883.81,163463.112,1741676399999,309420317.44866,210894,73106.726,138360989.51565,0
1741676400000,1883.81,1908.00,1881.90,1903.11,184533.451,1741679999999,350277678.98323,231032,99138.227,188210508.12737,0
1741680000000,1903.07,1919.19,1898.70,1906.23,240811.688,1741683599999,459754301.43199,275398,119117.091,227490942.38523,0
1741683600000,1906.23,1928.84,1904.79,1916.17,268382.916,1741687199999,514875756.57000,295847,143060.412,274557401.07268,0
1741687200000,1916.18,1927.90,1909.52,1920.66,148881.407,1741690799999,285837520.46594,207341,68491.627,131507248.88353,0
1741690800000,1920.65,1925.61,1904.88,1913.41,178310.207,1741694399999,341355421.33400,227062,85280.121,163291018.89102,0
1741694400000,1913.40,1914.77,1886.12,1894.21,339747.924,1741697999999,645465218.79664,329687,154497.257,293585260.90147,0
1741698000000,1894.20,1969.77,1864.96,1902.49,1179051.121,1741701599999,2252796746.81298,836760,606213.182,1158457779.12483,0
1741701600000,1902.50,1911.90,1839.41,1866.02,952738.978,1741705199999,1785614210.36365,773188,471843.729,884464884.59924,0
1741705200000,1866.02,1925.44,1863.21,1913.58,506537.649,1741708799999,963289579.64446,508547,258339.027,491248177.80045,0
1741708800000,1913.58,1935.79,1897.81,1917.51,351375.208,1741712399999,674185262.34826,402029,176249.732,338287808.75987,0
1741712400000,1917.51,1917.79,1885.37,1904.14,339492.662,1741715999999,645863998.77230,358011,163147.871,310389813.74634,0
1741716000000,1904.13,1962.45,1903.14,1951.90,449846.599,1741719599999,872931946.31632,443186,245252.172,475843051.28561,0
1741719600000,1951.89,1962.00,1941.50,1950.66,256371.949,1741723199999,500061014.66183,288748,114265.090,222942837.07417,0
1741723200000,1950.65,1954.60,1934.85,1935.64,148429.702,1741726799999,288434642.45168,183523,69389.576,134848118.74754,0
1741726800000,1935.63,1949.76,1935.59,1939.15,82539.189,1741730399999,160340254.22014,121534,45191.385,87787368.59435,0
1741730400000,1939.14,1951.62,1936.00,1942.88,83462.595,1741733999999,162249860.17843,140098,42734.459,83095207.05465,0
1741734000000,1942.87,1943.64,1916.22,1922.61,161445.599,1741737599999,310982424.70373,190024,71663.274,138065396.45214,0
1741737600000,1922.60,1924.52,1904.41,1911.05,164872.001,1741741199999,315645650.55411,200194,81288.753,155681880.86220,0
1741741200000,1911.05,1932.00,1909.02,1919.71,186515.656,1741744799999,358372214.68033,199875,95651.929,183751035.06074,0
1741744800000,1919.73,1920.54,1886.19,1894.98,244209.573,1741748399999,464329630.30943,265024,112283.445,213479787.90038,0
1741748400000,1894.99,1897.60,1865.67,1867.95,229815.597,1741751999999,432189366.08745,244882,101712.165,191309131.70918,0
1741752000000,1867.94,1867.98,1851.33,1865.97,278760.822,1741755599999,518751044.65401,267108,155950.664,290251942.57308,0
1741755600000,1865.97,1879.80,1860.83,1877.49,171985.916,1741759199999,321939826.41234,165419,90858.068,170092282.67955,0
1741759200000,1877.48,1878.17,1852.01,1872.07,236739.099,1741762799999,441720349.45338,218620,104759.775,195536944.66559,0
1741762800000,1872.07,1915.99,1870.88,1910.47,577616.004,1741766399999,1096553365.60045,478933,309521.966,587457621.41071,0
1741766400000,1910.47,1935.75,1870.00,1927.41,781151.720,1741769999999,1490185511.87473,603025,391079.905,746516773.82289,0
1741770000000,1927.42,1955.90,1876.03,1893.33,1014562.887,1741773599999,1935487266.02653,704788,463729.031,884429275.44788,0
1741773600000,1893.34,1901.00,1882.84,1899.43,221591.659,1741777199999,419189035.64661,250249,114241.904,216161520.19594,0
1741777200000,1899.42,1918.58,1899.42,1915.83,198462.345,1741780799999,378970888.26554,227636,104093.051,198758998.57878,0
1741780800000,1915.82,1946.00,1907.04,1928.40,557373.990,1741784399999,1073563569.14406,521513,275049.960,530007656.63234,0
1741784400000,1928.39,1931.41,1877.13,1886.39,482938.738,1741787999999,918251226.40035,515128,227555.524,432512656.44186,0
1741788000000,1886.38,1895.10,1855.00,1860.03,475571.181,1741791599999,889997307.96467,518634,231244.840,432896588.95850,0
1741791600000,1860.01,1870.00,1828.87,1868.55,556767.113,1741795199999,1030136325.55811,530695,273419.585,506076035.50940,0
1741795200000,1868.51,1883.47,1861.78,1870.63,256162.553,1741798799999,479657366.69905,334142,127625.533,239018221.16600,0
1741798800000,1870.64,1893.50,1864.21,1867.07,205470.497,1741802399999,386259801.40227,289256,97978.098,184236756.99757,0
1741802400000,1867.13,1887.59,1863.94,1877.74,150570.835,1741805999999,282364888.12482,218941,88663.059,166245472.04759,0
1741806000000,1877.73,1885.34,1866.17,1877.19,128983.838,1741809599999,241903139.90779,201878,66740.936,125198097.33730,0
1741809600000,1877.20,1892.61,1872.69,1890.80,82768.290,1741813199999,155868530.15414,142691,43384.156,81732755.22125,0
1741813200000,1890.80,1905.32,1889.07,1893.69,118324.917,1741816799999,224580380.12643,159473,58466.443,110982986.13499,0
1741816800000,1893.68,1914.72,1893.45,1909.61,108064.487,1741820399999,205841759.47451,160152,61326.326,116800883.70389,0
1741820400000,1909.60,1910.30,1900.70,1907.24,74497.113,1741823999999,141924553.49542,113853,32769.119,62425894.87877,0
1741824000000,1907.23,1916.54,1896.15,1899.18,143331.502,1741827599999,273040862.15182,187026,70500.481,134334243.05028,0
1741827600000,1899.18,1912.68,1892.78,1906.20,134850.029,1741831199999,256472517.08792,174428,68087.210,129558765.22733,0
1741831200000,1906.20,1915.60,1887.06,1889.06,122528.947,1741834799999,232886423.86509,178576,55857.598,106251009.27933,0
1741834800000,1889.06,1900.36,1880.99,1886.02,142969.172,1741838399999,270187256.40707,179524,70763.810,133775166.25899,0
1741838400000,1886.02,1890.76,1868.20,1873.09,156077.514,1741841999999,292996096.82473,180164,77162.385,144872957.00710,0
1741842000000,1873.09,1881.31,1860.90,1867.11,151360.643,1741845599999,283080486.23975,174089,76859.456,143766796.83512,0
1741845600000,1867.12,1870.99,1856.93,1868.69,163872.141,1741849199999,305482044.68007,172904,90075.584,167949098.40233,0
1741849200000,1868.69,1880.44,1867.65,1871.21,173203.112,1741852799999,324499269.44267,162617,93058.599,174346963.78476,0
1741852800000,1871.20,1879.87,1852.18,1874.55,230453.369,1741856399999,429583784.31517,238491,111060.498,207081733.33281,0
1741856400000,1874.55,1895.09,1874.34,1890.01,245108.389,1741859999999,462054349.96732,240077,134140.127,252815798.38207,0
1741860000000,1890.01,1904.70,1865.15,1899.32,392891.463,1741863599999,742255980.23610,332247,195555.886,369572940.88592,0
1741863600000,1899.31,1902.59,1886.96,1899.63,178489.860,1741867199999,338159651.49401,209424,88143.342,167030119.01548,0
1741867200000,1899.62,1922.00,1888.77,1896.29,412619.664,1741870799999,784330201.45944,362075,211668.987,402513407.81892,0
1741870800000,1896.29,1908.81,1865.32,1870.34,364218.073,1741874399999,687755360.24580,390873,181399.188,342626681.77220,0
1741874400000,1870.34,1896.96,1863.00,1883.67,358445.329,1741877999999,675000080.31663,379150,191689.282,360942636.76804,0
1741878000000,1883.67,1889.10,1866.06,1874.72,279422.635,1741881599999,524003968.35102,300111,141302.978,264975513.30147,0
1741881600000,1874.72,1877.34,1850.00,1856.93,273036.219,1741885199999,508259918.67016,312291,133302.213,248187415.25340,0
1741885200000,1856.93,1860.59,1820.20,1825.99,351397.148,1741888799999,645808301.46502,373496,158443.541,291275738.37326,0
1741888800000,1825.99,1853.54,1825.41,1851.17,259228.523,1741892399999,477380766.03189,265979,140053.606,257870556.87611,0
1741892400000,1851.17,1857.62,1837.42,1850.95,180593.979,1741895999999,333826214.65262,203697,90297.443,166957511.33231,0
1741896000000,1850.94,1859.10,1838.03,1841.60,165735.012,1741899599999,306440988.25747,172204,69716.451,128986413.85333,0
1741899600000,1841.59,1861.82,1839.02,1861.25,108622.689,1741903199999,200990500.94379,127154,65983.852,122144468.30420,0
1741903200000,1861.25,1880.75,1856.88,1878.18,141829.535,1741906799999,265359137.27882,168302,63883.210,119467023.42019,0
1741906800000,1878.18,1882.90,1860.41,1863.76,175598.853,1741910399999,328215613.13565,190371,80461.854,150324656.49662,0
1741910400000,1863.75,1878.92,1860.41,1873.54,103282.109,1741913999999,193096800.08257,146769,56473.793,105575881.91144,0
1741914000000,1873.55,1889.00,1868.00,1880.45,105378.237,1741917599999,198032640.31680,140996,53170.532,99945916.44908,0
1741917600000,1880.44,1894.08,1879.14,1891.99,102544.819,1741921199999,193670716.77824,130827,52128.175,98451966.99861,0
1741921200000,1891.99,1892.58,1883.33,1888.60,86872.142,1741924799999,163895219.01870,103095,37518.696,70787339.95842,0
1741924800000,1888.59,1896.30,1888.03,1889.94,69586.781,1741928399999,131676057.04375,96286,33380.516,63166878.77159,0
1741928400000,1889.94,1898.75,1886.80,1894.81,79952.144,1741931999999,151312471.55335,103512,40668.959,76984411.43824,0
1741932000000,1894.83,1895.56,1887.48,1894.28,67412.082,1741935599999,127530290.17332,99589,31402.345,59407610.14176,0
1741935600000,1894.27,1904.94,1887.37,1892.33,127260.217,1741939199999,241317687.96211,132113,62074.538,117744186.12459,0
1741939200000,1892.34,1902.28,1890.36,1894.27,115252.673,1741942799999,218557924.91438,141433,58855.214,111615851.40286,0
1741942800000,1894.28,1898.30,1891.08,1893.65,77539.107,1741946399999,146887219.22590,112258,36732.710,69584446.11681,0
1741946400000,1893.66,1908.20,1888.45,1897.19,148151.446,1741949999999,281208737.17308,157355,75444.464,143207608.74388,0
1741950000000,1897.19,1905.86,1896.78,1901.51,71332.628,1741953599999,135628037.45901,103737,35636.892,67759880.01398,0
1741953600000,1901.51,1907.85,1893.94,1901.80,128529.122,1741957199999,244265931.06733,131687,60250.378,114534451.06037,0
1741957200000,1901.80,1914.24,1891.00,1903.81,261426.354,1741960799999,497483522.59735,254467,129121.012,245775264.42191,0
1741960800000,1903.82,1923.79,1873.00,1918.54,524457.190,1741964399999,998485240.44695,480815,265824.420,506399447.04813,0
1741964400000,1918.53,1941.81,1910.18,1921.20,448206.530,1741967999999,864475991.65168,427330,206815.983,399035417.02908,0
1741968000000,1921.20,1936.98,1913.12,1935.58,237746.354,1741971599999,457692149.88197,247350,120906.170,232823984.69511,0
1741971600000,1935.57,1939.31,1926.40,1934.04,122353.651,1741975199999,236380796.95201,164292,58533.525,113095383.90329,0
1741975200000,1934.04,1945.62,1926.31,1934.14,172061.397,1741978799999,333039035.97447,183778,84004.518,162692194.22218,0
1741978800000,1934.13,1944.49,1929.64,1933.29,101682.833,1741982399999,196895607.91137,137708,56673.896,109740358.82699,0
1741982400000,1933.29,1934.01,1915.18,1924.00,142368.605,1741985999999,273814197.44383,153016,65719.317,126390753.42684,0
1741986000000,1923.99,1924.73,1914.26,1921.50,59869.814,1741989599999,114907288.05237,83295,31073.984,59645057.33094,0
1741989600000,1921.50,1929.58,1919.01,1925.99,56615.653,1741993199999,108985974.02229,84449,35621.071,68576145.70806,0
1741993200000,1926.00,1926.29,1907.39,1910.79,84591.041,1741996799999,162004857.57103,111253,37876.202,72544509.47752,0
1741996800000,1910.78,1917.17,1908.49,1914.65,56215.331,1742000399999,107558640.09904,94581,31489.415,60251495.18695,0
1742000400000,1914.66,1919.51,1902.47,1910.75,89762.637,1742003999999,171567767.85044,112439,47233.273,90311116.26424,0
1742004000000,1910.74,1916.00,1903.40,1913.19,81224.310,1742007599999,155064373.38099,97610,44228.067,84440716.60994,0
1742007600000,1913.19,1922.49,1912.01,1919.79,76790.653,1742011199999,147279405.37179,106992,42215.599,80970878.96868,0
1742011200000,1919.79,1934.77,1915.03,1930.99,124866.892,1742014799999,240449789.38394,131301,73238.590,141078593.31249,0
1742014800000,1930.99,1932.23,1924.01,1927.47,58119.182,1742018399999,112047390.63666,78577,22915.551,44178517.69793,0
1742018400000,1927.48,1929.97,1922.11,1928.10,49886.361,1742021999999,96113674.27647,65195,24805.068,47793351.76931,0
1742022000000,1928.10,1928.72,1913.56,1916.86,92602.634,1742025599999,177733931.37072,110773,40943.180,78571398.80371,0
1742025600000,1916.85,1921.26,1911.40,1920.85,77318.435,1742029199999,148186247.51237,91700,41183.165,78944277.52768,0
1742029200000,1920.85,1925.76,1913.13,1925.05,62033.474,1742032799999,119076100.22496,77357,33252.232,63835406.73188,0
1742032800000,1925.04,1928.65,1918.85,1926.51,64105.166,1742036399999,123359422.45053,81039,31920.505,61432799.51137,0
1742036400000,1926.50,1930.86,1924.59,1927.99,50496.391,1742039999999,97359658.61059,69691,24908.715,48028957.42105,0
1742040000000,1928.00,1930.44,1922.00,1922.01,57210.145,1742043599999,110232732.12863,76920,24733.204,47666889.84523,0
1742043600000,1922.01,1932.41,1921.60,1929.90,63005.614,1742047199999,121524169.09594,82435,32377.987,62445437.24760,0
1742047200000,1929.88,1929.96,1922.20,1925.62,56945.413,1742050799999,109666836.77187,79232,27189.528,52359225.52216,0
1742050800000,1925.62,1938.88,1925.39,1936.81,109805.303,1742054399999,212356602.35747,114652,57673.022,111529101.80477,0
1742054400000,1936.81,1944.44,1932.30,1936.85,93511.355,1742057999999,181269243.21200,105972,47727.361,92533269.15146,0
1742058000000,1936.86,1948.00,1934.20,1939.36,139267.263,1742061599999,270214797.55090,114799,64989.860,126143586.04239,0
1742061600000,1939.36,1944.44,1929.04,1931.59,111381.291,1742065199999,215713237.08884,105440,47485.936,91975883.59880,0
1742065200000,1931.59,1937.00,1927.28,1936.00,64232.046,1742068799999,124026610.49475,78430,32397.504,62574674.83683,0
1742068800000,1936.00,1948.73,1936.00,1943.00,87057.637,1742072399999,169236057.29703,92455,44809.915,87100519.05963,0
1742072400000,1943.00,1957.68,1939.09,1949.81,98810.664,1742075999999,192493082.60365,104826,56931.197,110950519.90571,0
1742076000000,1949.81,1953.71,1938.19,1942.76,64842.469,1742079599999,126166343.28076,87674,32530.985,63296653.32853,0
1742079600000,1942.77,1943.88,1935.10,1936.27,48223.684,1742083199999,93505707.52846,71394,22260.537,43169452.06953,0
1742083200000,1936.26,1940.00,1930.10,1931.06,72889.272,1742086799999,141083601.99490,94597,31894.878,61746165.73855,0
1742086800000,1931.07,1933.67,1918.91,1921.44,122685.366,1742090399999,236204837.75915,120638,54095.858,104154459.52067,0
1742090400000,1921.45,1926.87,1915.22,1921.01,99810.568,1742093999999,191702758.63939,116447,52083.795,100051043.13982,0
1742094000000,1921.01,1929.47,1920.29,1926.60,53271.264,1742097599999,102613096.58713,64584,26787.212,51598543.00638,0
1742097600000,1926.60,1928.29,1922.32,1925.87,39114.114,1742101199999,75312412.91693,58092,23563.749,45373186.16863,0
1742101200000,1925.88,1932.70,1924.76,1931.17,53456.518,1742104799999,103146982.99098,66150,29245.765,56431257.44630,0
1742104800000,1931.17,1933.22,1926.60,1926.92,36432.701,1742108399999,70321356.50382,57620,15456.135,29836471.91265,0
1742108400000,1926.91,1928.15,1920.49,1925.21,75428.258,1742111999999,145151735.52212,89871,33004.648,63511575.41970,0
1742112000000,1925.20,1926.18,1917.20,1921.68,82027.859,1742115599999,157542982.90254,93856,34078.302,65457423.08427,0
1742115600000,1921.69,1922.20,1903.68,1907.00,154820.878,1742119199999,295941549.85500,162948,64260.916,122833892.00744,0
1742119200000,1907.00,1912.75,1902.29,1904.61,96608.367,1742122799999,184250560.15055,121624,47151.790,89942069.87398,0
1742122800000,1904.61,1904.61,1865.49,1872.61,498233.611,1742126399999,937217246.52150,411926,230392.137,433216350.31808,0
1742126400000,1872.61,1888.79,1872.21,1880.12,181862.894,1742129999999,341861990.12535,191626,104241.785,195961197.37200,0
1742130000000,1880.11,1894.00,1873.35,1878.66,179677.813,1742133599999,338535112.54065,189893,87374.824,164691094.12965,0
1742133600000,1878.65,1896.34,1878.01,1895.93,124875.020,1742137199999,235651572.35768,156578,69158.584,130541692.44520,0
1742137200000,1895.93,1897.72,1886.62,1894.22,81059.676,1742140799999,153406564.64122,122388,41339.943,78243518.61978,0
1742140800000,1894.21,1923.90,1892.52,1905.29,330429.770,1742144399999,631179185.50059,306972,161756.000,308990965.60929,0
1742144400000,1905.28,1915.99,1902.26,1909.33,131121.251,1742147999999,250305570.82464,142275,60330.002,115188171.34422,0
1742148000000,1909.33,1909.86,1890.24,1895.00,125566.260,1742151599999,238435363.65355,134324,58441.105,110984984.92731,0
1742151600000,1894.99,1895.67,1857.08,1881.77,258523.585,1742155199999,484919209.56939,239658,119165.072,223529161.08564,0
1742155200000,1881.78,1894.74,1880.90,1893.67,109915.632,1742158799999,207488171.85046,126528,61522.654,116160700.82424,0
1742158800000,1893.66,1897.64,1883.44,1888.57,64905.696,1742162399999,122684512.55314,81087,30671.439,57983176.24360,0
1742162400000,1888.56,1890.46,1872.94,1873.62,97236.923,1742165999999,182937596.76540,131822,44399.966,83547038.85280,0
1742166000000,1873.62,1888.21,1869.11,1885.97,97782.100,1742169599999,183849968.63649,120905,56802.365,106829651.25734,0
1742169600000,1885.96,1905.74,1885.41,1901.03,124381.566,1742173199999,235714653.35437,134988,69715.545,132118999.75683,0
1742173200000,1901.03,1909.99,1895.83,1902.17,120609.102,1742176799999,229486175.15616,129738,59677.414,113571470.82681,0
1742176800000,1902.16,1913.49,1900.23,1906.65,96472.904,1742180399999,183922160.00415,107065,52149.884,99459200.93450,0
1742180400000,1906.65,1914.88,1905.59,1908.08,67008.156,1742183999999,127983868.55932,100935,32725.235,62507164.13425,0
1742184000000,1908.08,1912.38,1901.66,1904.12,80351.392,1742187599999,153128579.21253,93521,31883.713,60767931.78211,0
1742187600000,1904.12,1904.55,1892.85,1893.10,81223.718,1742191199999,154231530.30498,96758,37904.656,71981727.98223,0
1742191200000,1893.11,1898.49,1878.66,1892.69,147529.034,1742194799999,278652169.27665,147334,75459.404,142525423.21167,0
1742194800000,1892.69,1902.49,1890.71,1900.13,84204.749,1742198399999,159812666.71859,104537,48670.045,92376382.68626,0
1742198400000,1900.13,1904.80,1892.06,1902.92,81468.211,1742201999999,154653618.64835,103908,45862.386,87064749.66106,0
1742202000000,1902.92,1912.84,1899.77,1911.82,98437.567,1742205599999,187657011.51242,110966,58551.032,111654888.58683,0
1742205600000,1911.82,1918.00,1907.20,1912.08,110339.339,1742209199999,210961062.18105,118499,55647.363,106416786.92945,0
1742209200000,1912.08,1916.15,1907.19,1909.71,67897.844,1742212799999,129801917.48995,99369,30139.244,57627612.13920,0
1742212800000,1909.72,1947.00,1901.64,1907.50,339219.628,1742216399999,649778624.93664,317320,178287.559,341642627.73994,0
1742216400000,1907.50,1913.63,1892.39,1897.53,233310.400,1742219999999,443842208.78937,267892,113395.455,215764304.50782,0
1742220000000,1897.52,1911.49,1886.29,1898.76,232973.454,1742223599999,442089989.00821,284229,125656.001,238470837.21111,0
1742223600000,1898.77,1922.33,1893.03,1918.49,201793.102,1742227199999,385715626.96329,227019,106000.664,202613282.70224,0
1742227200000,1918.50,1924.50,1906.44,1913.41,158228.532,1742230799999,303176772.92542,180399,78630.407,150690273.17281,0
1742230800000,1913.41,1934.55,1911.15,1929.69,148304.259,1742234399999,285733070.40638,174029,78118.573,150503638.48058,0
1742234400000,1929.69,1951.11,1929.20,1947.86,231079.001,1742237999999,448790749.61760,216026,117302.962,227851326.99717,0
1742238000000,1947.87,1951.76,1939.45,1941.24,139278.006,1742241599999,270955929.50867,153866,67174.185,130700953.59427,0
1742241600000,1941.24,1942.14,1930.41,1934.60,108981.708,1742245199999,210992848.93506,119210,55194.721,106859036.01874,0
1742245200000,1934.61,1949.20,1932.80,1940.22,94063.054,1742248799999,182487191.38078,103211,51780.144,100466546.82651,0
1742248800000,1940.22,1942.00,1931.32,1931.57,49730.642,1742252399999,96299335.59117,68646,23959.976,46393468.41328,0
1742252400000,1931.57,1931.89,1921.08,1925.37,110887.685,1742255999999,213681112.53398,116218,56118.606,108144071.12542,0
1742256000000,1925.36,1929.57,1918.13,1921.50,68763.038,1742259599999,132253138.34151,99254,32166.111,61870473.99517,0
1742259600000,1921.51,1924.03,1898.56,1902.41,204198.281,1742263199999,389564606.92143,205236,97863.396,186682490.77813,0
1742263200000,1902.40,1916.99,1901.90,1910.65,134472.065,1742266799999,256849789.05978,141632,76733.023,146548148.08382,0
1742266800000,1910.64,1910.65,1896.30,1900.27,119956.482,1742270399999,228247459.54926,143783,55079.820,104804844.06846,0
1742270400000,1900.26,1907.69,1898.78,1903.33,77431.316,1742273999999,147365192.17454,105847,43810.347,83380851.26868,0
1742274000000,1903.33,1909.88,1903.26,1906.79,61665.988,1742277599999,117563112.90878,89266,32325.966,61632164.86612,0
1742277600000,1906.79,1906.97,1892.90,1897.49,145492.809,1742281199999,276124968.83049,153507,61797.762,117272018.69597,0
1742281200000,1897.50,1909.31,1896.24,1903.99,129218.443,1742284799999,245997283.97807,152232,66504.534,126617501.39426,0
1742284800000,1903.99,1912.30,1900.20,1907.78,93481.913,1742288399999,178219090.63771,119298,50034.816,95404458.23349,0
1742288400000,1907.77,1911.50,1899.00,1900.48,99450.038,1742291999999,189574405.24716,108967,46070.060,87840182.37882,0
1742292000000,1900.48,1902.20,1884.25,1894.45,202008.536,1742295599999,382267573.26835,181483,95013.535,179827829.69451,0
1742295600000,1894.45,1897.94,1888.23,1891.54,70186.025,1742299199999,132841779.33602,99762,34069.284,64483135.80367,0
1742299200000,1891.54,1900.00,1888.42,1895.15,94873.059,1742302799999,179779790.54866,117334,50999.931,96640224.33755,0
1742302800000,1895.14,1902.59,1871.14,1878.79,351497.763,1742306399999,662097263.28940,316644,173150.528,326147118.08928,0
1742306400000,1878.78,1896.66,1873.70,1894.00,257445.783,1742309999999,485850443.87580,239599,129411.207,244199916.63649,0
1742310000000,1894.00,1897.11,1876.56,1879.97,161581.198,1742313599999,305033282.61939,173590,73291.989,138430718.80048,0
1742313600000,1879.97,1890.82,1875.01,1887.00,179556.229,1742317199999,338093741.11094,169024,99760.447,187873728.57252,0
1742317200000,1886.99,1888.88,1873.73,1875.81,136829.890,1742320799999,257186328.77564,150737,61967.804,116491897.03287,0
1742320800000,1875.80,1891.50,1872.35,1889.46,116204.551,1742324399999,218577411.78885,144677,61061.620,114861092.20418,0
1742324400000,1889.46,1907.80,1887.01,1903.53,119650.976,1742327999999,227106242.00781,141574,65904.858,125105349.08932,0
1742328000000,1903.53,1910.07,1897.73,1905.79,74004.718,1742331599999,140883473.24349,100412,35005.538,66645268.67052,0
1742331600000,1905.79,1915.02,1904.90,1910.80,85534.916,1742335199999,163415634.34368,94922,45102.378,86179696.68461,0
1742335200000,1910.80,1919.58,1907.60,1917.16,76943.587,1742338799999,147274954.21936,103520,41978.109,80361007.46119,0
1742338800000,1917.16,1935.44,1917.16,1930.64,174039.333,1742342399999,335559123.30575,164038,96426.054,185892942.41737,0
1742342400000,1930.63,1948.50,1928.53,1944.79,228205.342,1742345999999,442688074.96673,214201,121642.392,235985378.55546,0
1742346000000,1944.78,1946.49,1930.43,1930.71,143551.352,1742349599999,278265199.41460,149408,54928.050,106482299.48862,0
1742349600000,1930.71,1934.37,1927.12,1932.87,120828.501,1742353199999,233259175.08283,124019,65514.863,126497092.29004,0
1742353200000,1932.87,1938.40,1929.63,1937.73,77424.338,1742356799999,149763314.73595,92219,40558.392,78462500.60237,0
1742356800000,1937.73,1939.40,1929.39,1932.52,110127.259,1742360399999,212944600.87369,113044,49033.006,94813667.19567,0
1742360400000,1932.51,1939.78,1931.12,1938.25,66132.014,1742363999999,128036569.71622,85884,35302.221,68358776.40523,0
1742364000000,1938.24,1942.46,1933.57,1938.19,62006.618,1742367599999,120130464.83224,81736,33643.094,65181804.17279,0
1742367600000,1938.19,1939.05,1930.12,1931.21,76405.250,1742371199999,147811350.01181,87526,34372.650,66493036.04112,0
1742371200000,1931.21,1943.92,1930.73,1939.65,90462.367,1742374799999,175361220.87203,116638,50944.857,98764319.25845,0
1742374800000,1939.65,1946.00,1937.30,1942.96,80991.775,1742378399999,157211402.83765,101079,40833.711,79279589.17648,0
1742378400000,1942.96,1990.00,1941.70,1972.88,640904.805,1742381999999,1262253067.99835,426948,361080.977,710947398.58017,0
1742382000000,1972.89,2032.73,1972.70,2026.99,877127.869,1742385599999,1763259217.99678,651136,469311.860,943208883.30661,0
1742385600000,2026.98,2028.89,1994.06,2003.11,427454.323,1742389199999,858988034.33270,344551,187419.383,376504066.86063,0
1742389200000,2003.12,2022.22,1997.21,2015.78,436549.181,1742392799999,878010647.51795,398876,237410.587,477615091.63735,0
1742392800000,2015.80,2042.50,2015.42,2029.98,327158.427,1742396399999,663348984.31743,330469,165607.600,335853990.11181,0
1742396400000,2029.97,2056.48,2025.00,2047.87,397661.094,1742399999999,811385613.94434,321930,209040.439,426643801.80116,0
1742400000000,2047.88,2049.50,2035.21,2046.94,220093.904,1742403599999,449350246.28624,227984,103077.101,210468080.56605,0
1742403600000,2046.95,2048.20,2014.09,2026.50,311663.123,1742407199999,632173633.38060,271778,156012.300,316364555.34429,0
1742407200000,2026.49,2065.90,1994.16,2044.79,827482.975,1742410799999,1678917997.57818,659747,430358.782,873577071.15911,0
1742410800000,2044.79,2051.95,2019.50,2029.91,299668.321,1742414399999,609732157.14986,333371,143560.819,292196827.41209,0
1742414400000,2029.91,2044.43,2027.50,2033.29,116639.782,1742417999999,237491806.65407,147546,59076.200,120268577.83612,0
1742418000000,2033.29,2046.43,2032.41,2039.63,99747.024,1742421599999,203485542.39866,110059,52461.088,107026115.64742,0
1742421600000,2039.63,2057.09,2035.38,2048.24,150535.527,1742425199999,308001955.95110,158440,77409.202,158356630.38893,0
1742425200000,2048.24,2069.69,2041.33,2055.21,195478.829,1742428799999,401856876.23537,197826,100488.875,206584370.76903,0
1742428800000,2055.22,2067.15,2027.56,2032.00,242711.007,1742432399999,496924634.23078,253777,112523.938,230292500.93243,0
1742432400000,2032.01,2040.98,2021.74,2025.98,126723.344,1742435999999,257180866.07930,167062,62073.077,125989793.06328,0
1742436000000,2025.98,2033.43,2022.30,2032.18,95476.306,1742439599999,193667161.17787,146003,51171.682,103795088.81457,0
1742439600000,2032.19,2033.86,2018.82,2021.85,79533.337,1742443199999,161098107.39293,107167,34628.101,70143842.34829,0
1742443200000,2021.85,2024.64,2016.94,2020.31,81537.979,1742446799999,164764229.38888,114618,43156.928,87211918.55388,0
1742446800000,2020.32,2020.99,2011.13,2016.11,105671.452,1742450399999,212959511.80966,113911,60877.846,122682734.40530,0
1742450400000,2016.11,2021.58,2006.02,2011.88,115241.132,1742453999999,232077225.64839,135490,57411.164,115633993.80360,0
1742454000000,2011.89,2014.94,2003.70,2006.45,122499.348,1742457599999,246064080.47452,124475,62509.655,125588580.72204,0
1742457600000,2006.46,2020.57,2002.04,2018.20,164504.466,1742461199999,330991972.24399,146173,83542.340,168122668.83590,0
1742461200000,2018.19,2018.19,2001.88,2004.64,122124.988,1742464799999,245374695.64785,129047,54676.088,109842650.61000,0
1742464800000,2004.64,2005.04,1970.31,1981.71,521216.475,1742468399999,1034337399.72365,402984,250830.944,497715988.48077,0
1742468400000,1981.72,1993.32,1981.50,1988.40,153388.770,1742471999999,305013885.09814,150283,83932.866,166910355.91933,0
1742472000000,1988.39,1998.17,1984.19,1995.51,130760.139,1742475599999,260392930.96015,143151,70943.425,141302665.21689,0
1742475600000,1995.52,1997.90,1977.83,1984.95,249370.653,1742479199999,495893420.29587,204115,103617.318,206112588.89894,0
1742479200000,1984.93,2009.74,1984.00,2002.62,282100.679,1742482799999,563953338.72314,267141,143220.149,286324882.49625,0
1742482800000,2002.62,2003.00,1964.95,1971.06,420744.230,1742486399999,832280303.72775,385687,197255.021,390203048.88498,0
1742486400000,1971.03,1979.46,1951.15,1957.90,346704.853,1742489999999,680084718.76593,321885,172017.425,337566476.27611,0
1742490000000,1957.91,1972.81,1957.00,1970.12,228297.763,1742493599999,448598474.81252,208997,134416.385,264136401.52245,0
1742493600000,1970.12,1978.00,1966.35,1966.84,114110.809,1742497199999,225035949.26594,138923,58271.294,114924171.41340,0
1742497200000,1966.84,1979.00,1966.26,1974.10,96135.709,1742500799999,189740671.44228,123801,53404.913,105424878.07231,0
1742500800000,1974.09,1981.73,1970.39,1978.50,62545.805,1742504399999,123681739.37093,80422,30102.996,59532277.13153,0
1742504400000,1978.50,1984.20,1974.11,1976.06,64208.203,1742507999999,127056709.37922,80659,29441.408,58260015.60301,0
1742508000000,1976.05,1982.02,1971.72,1975.85,48283.117,1742511599999,95418796.95906,86815,24128.862,47689523.89097,0
1742511600000,1975.84,1983.47,1971.65,1982.72,59892.973,1742515199999,118430340.03811,84952,31537.560,62370978.23181,0
1742515200000,1982.72,1993.41,1980.76,1990.30,116395.215,1742518799999,231346256.90547,129794,65181.205,129556058.46784,0
1742518800000,1990.30,1995.80,1983.55,1993.23,78085.224,1742522399999,155453003.78974,105272,35189.135,70062295.91692,0
1742522400000,1993.22,1994.49,1984.00,1986.99,72048.446,1742525999999,143241730.92524,91388,35176.599,69930701.41945,0
1742526000000,1986.98,1987.41,1971.60,1977.25,104092.552,1742529599999,205929746.54705,117721,48380.954,95713305.13153,0
1742529600000,1977.26,1989.02,1977.15,1982.51,65601.097,1742533199999,130150899.17010,83918,35101.994,69640273.74334,0
1742533200000,1982.52,1982.84,1966.70,1973.57,107229.064,1742536799999,211639004.80290,124133,49178.322,97060114.26617,0
1742536800000,1973.56,1978.05,1967.00,1972.77,82963.513,1742540399999,163607478.48795,112222,46201.197,91125806.88637,0
1742540400000,1972.77,1976.96,1965.44,1976.00,104901.172,1742543999999,206712742.70642,123134,53637.055,105704412.53060,0
1742544000000,1976.00,1981.87,1963.59,1974.13,115643.349,1742547599999,227984514.50800,144125,56696.209,111808330.09166,0
1742547600000,1974.12,1978.87,1966.71,1968.31,91934.429,1742551199999,181419537.73820,131118,41949.145,82783928.63348,0
1742551200000,1968.30,1972.55,1955.79,1966.90,174276.932,1742554799999,342121835.37153,167573,80274.682,157585324.58484,0
1742554800000,1966.90,1967.85,1960.80,1966.11,72838.695,1742558399999,143070397.85260,95904,37564.778,73786643.98680,0
1742558400000,1966.11,1973.00,1932.00,1945.29,318409.897,1742561999999,621588975.93815,255170,141180.490,275732342.21049,0
1742562000000,1945.28,1955.38,1935.95,1951.45,270385.493,1742565599999,526266033.42237,266277,138092.159,268814111.89147,0
1742565600000,1951.45,1954.37,1937.28,1953.27,182275.146,1742569199999,354965021.19683,207841,88866.020,173111336.43155,0
1742569200000,1953.26,1957.80,1945.08,1949.63,118319.424,1742572799999,230874443.42776,156712,58768.452,114671930.34516,0
1742572800000,1949.58,1967.55,1945.00,1965.70,195491.854,1742576399999,382566762.38909,181128,106303.370,208039727.49947,0
1742576400000,1965.70,1971.79,1960.08,1967.68,109114.179,1742579999999,214501423.26119,115200,49886.302,98076869.27134,0
1742580000000,1967.68,1976.00,1961.84,1969.21,125122.165,1742583599999,246453316.01291,116087,61226.004,120607188.21859,0
1742583600000,1969.22,1977.41,1966.30,1972.72,79803.931,1742587199999,157329183.31622,102831,36757.066,72467544.84078,0
1742587200000,1972.71,1977.83,1971.82,1973.89,60939.367,1742590799999,120344068.01500,77489,32930.777,65037103.74476,0
1742590800000,1973.88,1982.42,1970.35,1972.98,64930.668,1742594399999,128338091.52086,74817,36611.396,72376723.54315,0
1742594400000,1972.98,1973.47,1961.24,1965.37,80486.486,1742597999999,158245440.48372,96589,32493.841,63878386.35288,0
1742598000000,1965.38,1969.86,1963.30,1964.81,40992.149,1742601599999,80592802.83073,59228,20852.702,40997480.85131,0
1742601600000,1964.81,1982.93,1963.41,1979.72,110190.990,1742605199999,217705193.52030,113100,65821.676,130075739.54132,0
1742605200000,1979.71,1986.72,1972.18,1973.90,101554.427,1742608799999,200984674.50947,105541,50956.215,100866168.65594,0
1742608800000,1973.90,1985.00,1972.55,1981.60,58856.619,1742612399999,116557467.88358,78323,32134.493,63635597.66982,0
1742612400000,1981.59,1985.85,1975.65,1985.00,71592.342,1742615999999,141900796.72897,75870,30584.576,60646235.77146,0
1742616000000,1985.00,1989.99,1984.42,1988.04,68166.742,1742619599999,135472828.75621,75629,38132.353,75789244.62418,0
1742619600000,1988.03,1988.37,1982.80,1986.56,47323.627,1742623199999,93973707.79045,57702,20208.104,40132772.42787,0
1742623200000,1986.56,1992.30,1984.50,1986.80,63784.052,1742626799999,126819904.81121,70369,30961.344,61569672.35722,0
1742626800000,1986.80,1989.58,1982.08,1983.16,48512.144,1742630399999,96349189.23358,58609,21386.511,42478761.75555,0
1742630400000,1983.15,1989.50,1980.40,1987.28,65274.134,1742633999999,129539843.32642,79555,35442.252,70344580.89784,0
1742634000000,1987.28,2006.00,1987.26,1992.99,220534.963,1742637599999,440516422.97973,183175,118416.448,236550483.37081,0
1742637600000,1993.00,1998.99,1991.89,1995.10,71807.897,1742641199999,143280835.72329,84585,37677.968,75179119.70593,0
1742641200000,1995.11,1996.14,1986.16,1989.36,83227.149,1742644799999,165648198.06282,90478,33515.280,66706456.00008,0
1742644800000,1989.35,1995.50,1987.01,1994.38,54507.519,1742648399999,108593289.99526,70672,28610.756,56999097.29591,0
1742648400000,1994.38,1996.97,1984.20,1989.39,67325.349,1742651999999,133939974.36026,82568,30262.546,60208497.64614,0
1742652000000,1989.39,1992.12,1982.35,1983.72,59842.798,1742655599999,118883731.80456,75982,30758.230,61102976.31941,0
1742655600000,1983.72,1987.53,1980.30,1985.27,62984.302,1742659199999,124914375.18633,72554,31706.482,62883944.21076,0
1742659200000,1985.27,1989.00,1981.49,1984.44,43958.583,1742662799999,87262553.91227,62832,20532.795,40755092.07866,0
1742662800000,1984.44,1993.75,1984.30,1991.71,63737.106,1742666399999,126816554.78643,70702,39317.421,78219823.33126,0
1742666400000,1991.72,1999.55,1990.07,1994.41,62152.509,1742669999999,123991887.09965,71028,34910.070,69651215.74995,0
1742670000000,1994.40,1997.47,1992.31,1994.99,35011.517,1742673599999,69841042.79797,51992,17805.499,35519662.34585,0
1742673600000,1994.98,2003.31,1991.97,1992.41,56877.570,1742677199999,113657770.92584,73907,28282.496,56523535.22161,0
1742677200000,1992.40,1994.31,1982.94,1985.20,56746.811,1742680799999,112872439.69675,75129,26385.339,52485574.94298,0
1742680800000,1985.20,1989.25,1982.81,1983.91,39310.089,1742684399999,78066741.12230,56628,21513.047,42724030.96044,0
1742684400000,1983.91,1984.90,1973.13,1979.56,105636.788,1742687999999,208945176.97989,98428,44794.001,88598940.56347,0
1742688000000,1979.55,1985.83,1975.51,1984.57,53415.246,1742691599999,105854511.84879,72249,28856.678,57190270.80340,0
1742691600000,1984.57,1998.00,1983.75,1997.17,88357.532,1742695199999,176016058.44012,87471,52538.869,104664287.38981,0
1742695200000,1997.17,2002.98,1992.08,2000.84,79804.361,1742698799999,159424491.76089,84979,40880.240,81677437.86760,0
1742698800000,2000.83,2008.92,1995.60,2007.53,88184.764,1742702399999,176614111.16063,97492,47159.518,94468748.73504,0
1742702400000,2007.53,2007.91,1997.58,1999.28,65648.319,1742705999999,131395184.78550,76779,29213.898,58476844.52595,0
1742706000000,1999.27,2000.40,1990.94,1998.88,128455.882,1742709599999,256300506.16744,106326,66028.329,131737741.51845,0
1742709600000,1998.88,2004.67,1996.42,2001.73,54821.492,1742713199999,109673645.63219,61010,30514.847,61051762.41522,0
1742713200000,2001.74,2020.00,2000.51,2007.20,113183.991,1742716799999,227383799.83244,100923,62699.938,125993676.62901,0
1742716800000,2007.20,2015.74,2004.72,2008.79,99611.230,1742720399999,200239237.66543,99995,52323.304,105182855.92429,0
1742720400000,2008.80,2015.08,2008.79,2013.22,51291.767,1742723999999,103219258.11377,67257,25877.728,52080010.91257,0
1742724000000,2013.21,2019.87,2010.78,2012.31,73038.560,1742727599999,147143824.63854,81544,35524.817,71579436.82368,0
1742727600000,2012.32,2019.29,2001.46,2006.97,153241.074,1742731199999,308177051.30618,139928,71469.981,143756864.48802,0
1742731200000,2006.97,2012.87,2005.32,2008.10,84086.506,1742734799999,168930467.01171,87550,44408.023,89223550.45791,0
1742734800000,2008.10,2019.61,2003.70,2017.56,96903.044,1742738399999,195140050.92478,107224,49531.722,99747000.64509,0
1742738400000,2017.55,2019.43,2001.20,2003.41,124483.022,1742741999999,250026806.95022,118259,60878.160,122277165.66850,0
1742742000000,2003.42,2011.20,2002.30,2006.21,87772.811,1742745599999,176099531.37005,92719,44255.002,88786206.86907,0
1742745600000,2006.22,2007.08,1995.00,1996.20,110218.510,1742749199999,220442495.93157,122972,50110.868,100239644.72862,0
1742749200000,1996.19,2002.08,1985.71,1992.00,130390.325,1742752799999,259990638.33585,129623,60145.315,119941354.72821,0
1742752800000,1992.00,1998.74,1989.31,1996.24,56575.741,1742756399999,112791819.47279,75462,33358.767,66510636.76038,0
1742756400000,1996.25,1997.27,1991.86,1995.39,33651.961,1742759999999,67136460.63376,55500,14360.927,28652630.82887,0
1742760000000,1995.40,1999.70,1991.10,1991.49,34308.174,1742763599999,68493731.39346,56319,18130.251,36196861.51979,0
1742763600000,1991.50,1995.52,1984.00,1994.00,62704.703,1742767199999,124744131.24451,74583,30893.730,61472803.89297,0
1742767200000,1993.99,1997.79,1978.78,1986.56,167181.712,1742770799999,332548845.30352,155668,75744.653,150663176.15177,0
1742770800000,1986.55,2006.00,1986.18,2005.00,121117.749,1742774399999,241790194.32426,114073,64641.616,129067458.31009,0
1742774400000,2005.00,2020.96,1995.60,1997.66,239833.695,1742777999999,481392781.45954,218834,128004.307,256937230.95037,0
1742778000000,1997.67,1997.93,1976.46,1979.60,185823.337,1742781599999,369063378.69510,187910,81173.464,161241030.24275,0
1742781600000,1979.59,1992.69,1977.48,1991.00,86058.499,1742785199999,170899227.19460,109630,50458.506,100208518.76331,0
1742785200000,1991.00,2016.50,1989.03,2013.49,245196.216,1742788799999,491969463.83113,217207,118894.064,238527356.83806,0
1742788800000,2013.48,2043.06,2013.48,2039.57,314809.621,1742792399999,637717376.32737,258227,186772.590,378526117.16084,0
1742792400000,2039.57,2053.54,2038.25,2047.96,233056.384,1742795999999,476854846.17480,209068,115499.790,236358249.19359,0
1742796000000,2047.96,2076.55,2047.96,2065.61,357568.853,1742799599999,738427484.67164,262657,205772.340,424897990.75320,0
1742799600000,2065.62,2079.23,2065.00,2068.47,183877.167,1742803199999,380808620.87243,174417,87768.436,181786323.19062,0
1742803200000,2068.48,2096.33,2067.93,2089.51,292176.246,1742806799999,608798933.76224,247675,163166.208,340028079.40793,0
1742806800000,2089.51,2094.43,2084.16,2093.41,152868.898,1742810399999,319284353.61970,146512,75170.993,157025308.00101,0
1742810400000,2093.40,2098.74,2087.43,2093.29,174337.559,1742813999999,364844548.54388,147854,87142.724,182409634.84702,0
1742814000000,2093.28,2104.24,2086.27,2091.67,213258.003,1742817599999,446397739.95804,177088,92639.618,193960587.81185,0
1742817600000,2091.68,2093.97,2076.71,2082.67,210876.994,1742821199999,439430013.54388,180137,94106.457,196099746.02612,0
1742821200000,2082.66,2086.50,2072.20,2081.06,206395.186,1742824799999,429100453.32555,200682,101052.529,210129104.70495,0
1742824800000,2081.05,2101.90,2076.05,2080.00,365109.338,1742828399999,762336412.52862,310663,181584.240,379202841.32588,0
1742828400000,2080.00,2090.00,2074.11,2088.80,151396.884,1742831999999,315278780.39709,153340,82806.676,172476379.09233,0
1742832000000,2088.79,2091.92,2066.38,2078.23,204196.859,1742835599999,423937271.38841,176953,84855.289,176199250.03660,0
1742835600000,2078.23,2091.76,2075.90,2087.46,175619.645,1742839199999,366154566.57880,134220,77791.217,162202451.98880,0
1742839200000,2087.46,2101.30,2080.26,2096.27,215112.880,1742842799999,449775097.14330,140636,109343.160,228642885.30156,0
1742842800000,2096.28,2096.94,2084.22,2087.71,146526.473,1742846399999,306265479.45553,106841,74358.044,155407386.98239,0
1742846400000,2087.71,2094.44,2081.70,2084.49,61012.324,1742849999999,127399722.73388,68838,27342.772,57087575.26896,0
1742850000000,2084.48,2091.54,2079.41,2082.78,50635.856,1742853599999,105559940.95738,69399,24983.314,52087057.08384,0
1742853600000,2082.78,2086.34,2074.60,2076.37,61488.553,1742857199999,127822612.53792,75624,30781.405,63993559.75148,0
1742857200000,2076.37,2083.65,2066.87,2080.41,140709.056,1742860799999,291883578.40640,110692,80441.635,166936921.45035,0
1742860800000,2080.40,2097.21,2076.40,2085.28,179482.658,1742864399999,374614840.72888,157413,98427.793,205422925.67497,0
1742864400000,2085.27,2085.38,2055.01,2064.37,248300.493,1742867999999,512880773.59014,198997,113417.038,234172337.12692,0
1742868000000,2064.36,2069.35,2060.90,2062.14,106553.279,1742871599999,219999188.16465,114848,49025.161,101229370.27893,0
1742871600000,2062.15,2064.49,2040.40,2042.26,260050.500,1742875199999,533063005.03581,224409,105209.262,215633732.47566,0
1742875200000,2042.26,2049.80,2036.00,2045.01,141126.865,1742878799999,288357541.72982,138498,78912.889,161287629.15526,0
1742878800000,2045.00,2051.56,2039.36,2047.40,97869.005,1742882399999,200227018.94649,110736,53470.175,109409015.31256,0
1742882400000,2047.39,2059.27,2045.92,2054.97,124100.435,1742885999999,254843305.58275,115819,64879.468,133229418.21438,0
1742886000000,2054.98,2066.16,2049.20,2054.80,139413.959,1742889599999,286805577.30795,120604,74080.056,152389934.51269,0
1742889600000,2054.80,2062.62,2052.33,2060.06,73386.476,1742893199999,151080973.86621,97431,36936.217,76042653.50916,0
1742893200000,2060.06,2073.47,2056.02,2069.11,123651.990,1742896799999,255556899.06116,130784,69621.494,143903537.36032,0
1742896800000,2069.11,2074.53,2061.50,2069.65,98445.078,1742900399999,203618268.32509,97693,50302.014,104059550.04140,0
1742900400000,2069.66,2072.65,2064.64,2067.36,79608.718,1742903999999,164678967.66053,91721,35866.264,74199642.75371,0
1742904000000,2067.36,2069.00,2054.89,2058.66,162730.260,1742907599999,335446191.48864,131652,63976.617,131898084.34099,0
1742907600000,2058.66,2079.10,2050.70,2060.57,252536.763,1742911199999,521588598.15002,247015,126938.118,262194579.70045,0
1742911200000,2060.57,2079.16,2052.23,2075.22,208396.876,1742914799999,431159214.70526,227899,112500.237,232789817.34555,0
1742914800000,2075.21,2078.79,2063.67,2066.46,140771.444,1742918399999,291597160.52901,144968,70709.724,146496182.59331,0
1742918400000,2066.45,2074.30,2058.44,2067.52,142126.968,1742921999999,293670228.95869,134639,78863.911,162982004.81016,0
1742922000000,2067.51,2083.21,2067.51,2075.40,143731.361,1742925599999,298313209.58717,139765,70565.325,146446424.92977,0
1742925600000,2075.40,2075.94,2055.19,2061.35,94642.274,1742929199999,195358478.40785,116191,47544.717,98135668.46173,0
1742929200000,2061.34,2077.99,2061.19,2074.65,88121.613,1742932799999,182535457.90648,105172,48029.248,99478615.14356,0
1742932800000,2074.65,2082.99,2062.29,2063.80,112468.418,1742936399999,233092260.58214,125555,48721.797,100983902.52527,0
1742936400000,2063.80,2076.00,2061.30,2062.55,67076.319,1742939999999,138714600.79036,81644,35127.969,72643868.50291,0
1742940000000,2062.54,2066.82,2052.20,2061.46,103698.135,1742943599999,213609363.71443,97176,46963.259,96756515.15630,0
1742943600000,2061.46,2068.96,2056.20,2065.22,53863.381,1742947199999,111079330.57897,69636,25948.867,53510631.52015,0
1742947200000,2065.22,2075.91,2060.03,2070.81,88140.827,1742950799999,182414358.79601,93638,44397.913,91889946.87547,0
1742950800000,2070.81,2077.70,2065.53,2073.20,82593.737,1742954399999,171225302.94455,88920,38976.213,80805195.64282,0
1742954400000,2073.19,2073.78,2045.32,2047.66,193404.106,1742957999999,397829264.78885,168220,81006.545,166706949.64329,0
1742958000000,2047.65,2054.20,2040.90,2048.08,133776.081,1742961599999,273950794.55723,133521,67688.766,138656180.46830,0
1742961600000,2048.07,2055.85,2046.46,2051.66,84174.620,1742965199999,172673575.67270,91606,41079.821,84266443.34156,0
1742965200000,2051.66,2069.14,2048.51,2058.09,112025.614,1742968799999,230632182.10048,97798,66954.806,137879137.95934,0
1742968800000,2058.10,2068.56,2055.50,2066.00,82441.492,1742972399999,169961367.39110,80806,42869.263,88395819.49765,0
1742972400000,2065.99,2070.88,2062.15,2068.34,106309.562,1742975999999,219751255.75212,115025,50362.964,104116394.98450,0
1742976000000,2068.34,2071.68,2061.00,2062.71,99026.159,1742979599999,204572716.68053,94102,51511.970,106417507.02864,0
1742979600000,2062.70,2064.78,2056.60,2061.93,76532.531,1742983199999,157704481.41835,92676,38297.963,78920237.23923,0
1742983200000,2061.92,2074.85,2061.55,2072.22,117353.809,1742986799999,242845361.16682,106196,60073.642,124307077.85620,0
1742986800000,2072.21,2074.15,2065.60,2067.44,85309.050,1742990399999,176632314.99368,91687,37207.875,77033132.30037,0
1742990400000,2067.43,2069.51,2057.50,2063.54,115700.197,1742993999999,238594963.52124,106350,53968.265,111291662.63702,0
1742994000000,2063.54,2063.54,2025.60,2027.11,413758.924,1742997599999,845468970.10435,311223,190564.264,389492638.06440,0
1742997600000,2027.10,2036.88,2005.00,2016.91,535931.156,1743001199999,1081719953.08827,426987,255772.987,516345384.81172,0
1743001200000,2016.91,2020.25,2007.00,2011.21,190680.825,1743004799999,384104314.31149,188083,86525.683,174331817.54582,0
1743004800000,2011.20,2021.48,2005.50,2013.11,152379.203,1743008399999,306812356.14316,148181,81679.048,164480431.90834,0
1743008400000,2013.10,2016.00,2001.97,2005.55,226171.135,1743011999999,454186237.90040,186046,120880.337,242766567.13427,0
1743012000000,2005.56,2012.89,1990.05,1993.95,209172.318,1743015599999,418480242.18499,175038,85846.808,171829619.25727,0
1743015600000,1993.95,2004.40,1980.41,1998.90,310981.508,1743019199999,619620690.65225,254552,151450.885,301838780.63172,0
1743019200000,1998.90,2017.69,1998.21,2009.74,150707.893,1743022799999,302852991.52520,143230,84277.148,169350696.18791,0
1743022800000,2009.75,2011.31,1990.01,2007.27,136417.435,1743026399999,273342077.27297,106237,56417.594,113089099.99871,0
1743026400000,2007.27,2008.41,1994.00,1999.00,93414.950,1743029999999,186908296.69296,105030,45352.160,90760141.11363,0
1743030000000,1999.00,2009.98,1995.69,2008.69,83641.809,1743033599999,167594068.54608,87119,47490.560,95186766.07991,0
1743033600000,2008.69,2017.75,2006.07,2017.00,90158.518,1743037199999,181411787.37193,108469,44069.638,88697120.59608,0
1743037200000,2017.00,2024.94,2016.18,2019.24,141422.526,1743040799999,285740438.69457,129957,61075.964,123415626.37321,0
1743040800000,2019.23,2036.88,2018.50,2029.60,156405.756,1743044399999,317131878.68263,143527,91244.792,185050784.36801,0
1743044400000,2029.59,2036.05,2027.27,2030.50,110135.593,1743047999999,223635859.29283,104266,55327.515,112354857.82943,0
1743048000000,2030.50,2032.00,2024.07,2029.96,66080.528,1743051599999,133983654.70024,80341,30722.921,62299176.96272,0
1743051600000,2029.96,2029.97,2020.21,2021.94,62881.627,1743055199999,127313456.66135,76607,24730.064,50066221.06745,0
1743055200000,2021.94,2029.41,2021.22,2023.70,53381.461,1743058799999,108112690.93183,69151,29175.962,59092848.52858,0
1743058800000,2023.70,2027.69,2021.20,2025.44,40291.593,1743062399999,81573729.50499,72505,22580.494,45717877.53828,0
1743062400000,2025.43,2028.60,2016.66,2024.75,110643.418,1743065999999,223839236.39619,116387,51261.126,103736079.94290,0
1743066000000,2024.74,2032.05,2019.17,2027.85,102520.719,1743069599999,207750328.97867,110386,60334.105,122273899.41073,0
1743069600000,2027.86,2035.00,2020.24,2023.96,120123.493,1743073199999,243703592.26787,116469,59893.613,121547275.01871,0
1743073200000,2023.96,2029.40,2011.00,2015.30,184727.964,1743076799999,372837173.97523,147752,74327.980,150037704.37582,0
1743076800000,2015.29,2024.79,2012.32,2017.11,129940.497,1743080399999,262305259.93935,141170,68299.940,137883101.06445,0
1743080400000,2017.10,2021.14,1985.71,2002.06,428636.333,1743083999999,857016184.48187,342509,197809.663,395487569.39081,0
1743084000000,2002.07,2025.00,1995.02,2024.81,419200.393,1743087599999,843318318.02314,306175,242550.700,488013826.64171,0
1743087600000,2024.81,2025.43,1998.75,2004.57,280408.272,1743091199999,564454271.76137,210473,129820.585,261357578.11326,0
1743091200000,2004.58,2014.20,1999.19,1999.92,135793.263,1743094799999,272548537.71094,141950,69898.252,140339429.89940,0
1743094800000,1999.92,2007.82,1992.48,1999.21,152783.359,1743098399999,305704086.86400,151644,76701.839,153478548.24519,0
1743098400000,1999.20,2013.90,1998.45,2008.41,96786.972,1743101999999,194206891.43588,111093,50001.209,100344365.91679,0
1743102000000,2008.40,2013.57,2001.64,2003.48,72488.170,1743105599999,145557916.02621,97978,38274.659,76853547.46430,0
1743105600000,2003.48,2010.62,1999.54,2006.54,67044.019,1743109199999,134437267.34795,81599,38823.667,77854369.60995,0
1743109200000,2006.54,2020.83,2002.25,2017.30,109653.836,1743112799999,220782136.18926,97028,68345.275,137632040.31948,0
1743112800000,2017.29,2018.04,2005.62,2006.93,48305.047,1743116399999,97146282.58518,59965,21283.355,42804769.07586,0
1743116400000,2006.94,2008.01,1998.27,2002.80,84735.096,1743119999999,169703829.73095,79210,39894.649,79907691.40766,0
1743120000000,2002.80,2006.39,1990.72,2004.17,128529.129,1743123599999,256832716.04191,118950,55441.738,110816900.62955,0
1743123600000,2004.18,2014.77,1993.91,2008.23,146434.055,1743127199999,293788940.43028,136186,76271.714,153042487.67623,0
1743127200000,2008.23,2015.09,2004.08,2007.20,78039.088,1743130799999,156824595.62177,90353,36386.486,73125037.95932,0
1743130800000,2007.19,2008.28,1994.31,1999.02,115144.064,1743134399999,230170599.59827,119939,52420.932,104782482.25357,0
1743134400000,1999.02,2003.88,1896.70,1936.31,903892.753,1743137999999,1759719041.43008,536578,395029.150,768567998.74140,0
1743138000000,1936.31,1936.31,1908.19,1914.30,437569.465,1743141599999,840208535.49861,353553,209627.392,402418032.31175,0
1743141600000,1914.30,1927.45,1910.30,1914.31,204921.216,1743145199999,393266395.34784,204606,92278.480,177106844.84742,0
1743145200000,1914.32,1919.87,1902.32,1909.04,273671.547,1743148799999,522884488.63344,234315,144014.127,275182187.89444,0
1743148800000,1909.04,1917.44,1903.34,1906.25,229810.490,1743152399999,439109419.41457,185497,126765.504,242278366.62910,0
1743152400000,1906.26,1915.31,1901.35,1908.07,136299.824,1743155999999,260110645.22729,134957,70463.495,134499058.80015,0
1743156000000,1908.08,1914.74,1904.30,1908.79,105309.977,1743159599999,201125291.74863,107214,44637.661,85256852.63887,0
1743159600000,1908.79,1924.00,1854.20,1899.41,700604.873,1743163199999,1326110675.56862,416457,319279.989,604667403.31638,0
1743163200000,1899.41,1907.26,1879.06,1883.11,367743.772,1743166799999,694918066.70635,308961,162095.263,306378198.54594,0
1743166800000,1883.11,1901.51,1878.81,1886.00,246582.400,1743170399999,466507913.85745,253608,126902.759,240137079.78309,0
1743170400000,1886.00,1893.70,1875.25,1886.86,335938.442,1743173999999,633172942.45212,273109,176739.590,333162951.96817,0
1743174000000,1886.85,1887.90,1870.51,1871.45,254500.566,1743177599999,478566186.33318,214961,123572.098,232421075.42685,0
1743177600000,1871.45,1878.18,1861.07,1868.86,275684.344,1743181199999,515621492.54030,234914,138912.758,259895629.28355,0
1743181200000,1868.84,1884.00,1865.00,1883.18,194888.285,1743184799999,365360940.34593,183558,106125.620,199025224.46839,0
1743184800000,1883.19,1886.76,1871.72,1878.42,105830.739,1743188399999,198827522.90426,127419,53279.227,100092006.60196,0
1743188400000,1878.42,1883.08,1869.01,1873.34,90614.978,1743191999999,170049459.40379,115286,44800.879,84074614.14404,0
1743192000000,1873.34,1891.44,1872.76,1876.31,119220.476,1743195599999,224394655.95204,123745,63395.399,119320933.16606,0
1743195600000,1876.30,1887.99,1872.60,1884.99,71152.725,1743199199999,133921854.38766,86060,34695.633,65293953.27543,0
1743199200000,1884.99,1901.41,1884.56,1900.41,98104.476,1743202799999,185749310.02934,101898,54866.918,103901401.20983,0
1743202800000,1900.41,1901.11,1891.24,1896.02,71717.000,1743206399999,135993906.73693,81529,28510.842,54066280.58782,0
1743206400000,1896.03,1911.94,1893.42,1902.50,128214.103,1743209999999,244168362.83407,115847,61229.299,116616145.32586,0
1743210000000,1902.49,1912.94,1900.54,1909.04,102936.001,1743213599999,196259411.19620,104694,53944.032,102866595.88194,0
1743213600000,1909.03,1911.99,1892.70,1894.58,114238.776,1743217199999,217349655.09355,118204,47060.742,89560296.63757,0
1743217200000,1894.58,1905.34,1885.10,1898.95,182523.360,1743220799999,345915358.55150,162829,88503.380,167740222.36702,0
1743220800000,1898.94,1904.28,1889.96,1893.75,91213.410,1743224399999,172869512.89513,93835,44307.531,83976432.02574,0
1743224400000,1893.75,1895.14,1883.04,1887.47,84198.802,1743227999999,158985832.13306,90884,37851.672,71485798.62933,0
1743228000000,1887.47,1887.76,1875.59,1881.79,111723.152,1743231599999,210137518.78665,118796,56166.194,105643933.90574,0
1743231600000,1881.79,1884.40,1874.16,1879.37,91935.951,1743235199999,172788920.61305,105709,44387.655,83438370.90471,0
1743235200000,1879.37,1885.19,1876.32,1883.82,78131.074,1743238799999,147020491.90067,101352,40605.717,76412357.04890,0
1743238800000,1883.81,1886.58,1857.00,1876.30,262473.378,1743242399999,491232927.80327,178183,121896.571,228182144.61646,0
1743242400000,1876.30,1879.52,1862.72,1867.80,141831.347,1743245999999,265481930.89101,144342,65562.331,122742392.16608,0
1743246000000,1867.80,1874.02,1832.29,1843.71,607920.364,1743249599999,1122604857.56227,407834,272433.420,503077213.11214,0
1743249600000,1843.72,1856.56,1841.13,1850.81,194520.697,1743253199999,359799570.86782,180276,95742.100,177055860.81788,0
1743253200000,1850.80,1862.76,1850.61,1858.28,165834.763,1743256799999,307948529.66525,136159,82766.742,153692880.66965,0
1743256800000,1858.28,1858.62,1843.45,1844.49,125208.762,1743260399999,231728938.60354,117526,52108.667,96446573.70556,0
1743260400000,1844.49,1848.42,1832.32,1839.22,176541.993,1743263999999,324854026.05483,145336,88411.523,162710789.03857,0
1743264000000,1839.28,1847.00,1812.00,1821.03,380811.985,1743267599999,696261604.60401,250527,171683.762,314055334.38631,0
1743267600000,1821.02,1830.45,1796.13,1816.94,604516.319,1743271199999,1095762187.15632,445390,284409.053,515673366.46570,0
1743271200000,1816.94,1827.81,1807.50,1817.32,221104.993,1743274799999,402196878.13621,214462,113057.316,205668822.75008,0
1743274800000,1817.33,1827.73,1810.86,1826.77,129855.419,1743278399999,236082906.81469,134495,73474.464,133603580.95559,0
1743278400000,1826.76,1827.29,1811.36,1816.97,138018.569,1743281999999,250994671.14727,141073,65056.756,118280061.19061,0
1743282000000,1816.97,1824.46,1813.07,1816.65,103126.801,1743285599999,187552953.84539,106973,51357.519,93398827.94931,0
1743285600000,1816.66,1819.42,1810.13,1816.59,66597.906,1743289199999,120883193.60326,84464,35303.909,64080766.60219,0
1743289200000,1816.59,1829.57,1813.35,1827.32,81370.260,1743292799999,148259108.23019,91778,44183.749,80502967.14406,0
1743292800000,1827.31,1830.15,1811.35,1825.70,160934.200,1743296399999,293352390.30612,155967,81839.589,149141658.86586,0
1743296400000,1825.70,1841.77,1824.47,1833.97,155529.861,1743299999999,285457891.58818,156854,81814.466,150171395.83654,0
1743300000000,1833.96,1843.35,1833.06,1837.59,98036.483,1743303599999,180214197.97084,110865,50191.634,92275336.36620,0
1743303600000,1837.58,1843.61,1831.20,1833.32,103140.764,1743307199999,189542632.87762,99550,46204.624,84922109.07399,0
1743307200000,1833.31,1846.24,1833.00,1841.72,85858.654,1743310799999,157943279.61408,77239,48950.349,90063705.38332,0
1743310800000,1841.72,1844.20,1834.08,1837.20,65982.967,1743314399999,121371439.27401,70254,33289.549,61239433.04028,0
1743314400000,1837.20,1842.40,1831.55,1838.40,66907.828,1743317999999,122849575.38456,73107,34239.522,62876399.80877,0
1743318000000,1838.41,1843.58,1835.36,1836.70,57391.625,1743321599999,105574207.90380,63995,26803.793,49315753.50305,0
1743321600000,1836.69,1848.08,1836.54,1846.03,67307.838,1743325199999,124052955.29026,70390,35789.927,65960615.78847,0
1743325200000,1846.03,1846.50,1840.13,1842.40,59344.200,1743328799999,109385317.46437,62527,26708.667,49240746.71587,0
1743328800000,1842.39,1845.00,1824.78,1828.98,150176.453,1743332399999,275340122.24575,108836,67649.955,124033451.56707,0
1743332400000,1828.97,1841.14,1828.28,1832.49,120198.935,1743335999999,220400090.41349,98667,62732.022,115024516.45357,0
1743336000000,1832.49,1839.48,1828.56,1833.15,72043.507,1743339599999,132088494.11469,78301,36835.439,67535298.67844,0
1743339600000,1833.16,1834.83,1782.00,1805.50,415090.219,1743343199999,751496918.14996,260011,181574.559,328919453.09398,0
1743343200000,1805.50,1818.72,1802.61,1812.70,184150.773,1743346799999,333561818.00273,167096,101187.248,183287629.37557,0
1743346800000,1812.71,1825.93,1811.20,1812.81,136802.386,1743350399999,248577961.14020,118991,67135.771,122027303.56061,0
1743350400000,1812.81,1816.66,1784.15,1794.40,303566.997,1743353999999,546700765.56093,217492,140642.397,253384818.78556,0
1743354000000,1794.39,1808.00,1785.78,1804.16,200172.778,1743357599999,360017576.63825,158009,101233.684,182077128.41839,0
1743357600000,1804.16,1825.00,1804.15,1824.04,237914.416,1743361199999,432297293.38180,160626,140657.107,255576837.39328,0
1743361200000,1824.05,1834.57,1811.71,1813.38,225926.610,1743364799999,411867228.70280,133252,106976.940,195116336.32011,0
1743364800000,1813.38,1817.35,1808.05,1814.10,83466.156,1743368399999,151385727.46893,74298,46042.037,83528642.36464,0
1743368400000,1814.10,1820.91,1800.16,1805.16,102012.815,1743371999999,184795014.56958,85215,49883.093,90404316.39987,0
1743372000000,1805.16,1816.03,1766.04,1804.18,544700.042,1743375599999,975128148.37373,366800,268579.557,480992479.55472,0
1743375600000,1804.17,1807.00,1791.75,1806.99,161905.573,1743379199999,291556649.83232,170021,82079.257,147827575.89617,0
1743379200000,1806.99,1812.60,1775.92,1785.44,294791.189,1743382799999,528680841.89353,262874,149512.562,268140513.17968,0
1743382800000,1785.44,1819.82,1782.36,1813.15,290292.697,1743386399999,524830600.71075,263270,147839.103,267277937.70643,0
1743386400000,1813.15,1823.01,1803.22,1811.17,190664.155,1743389999999,345739348.55624,173875,105181.941,190790540.01025,0
1743390000000,1811.16,1816.85,1794.57,1797.72,187081.534,1743393599999,337601715.28369,158621,85605.421,154476709.82264,0
1743393600000,1797.73,1808.59,1792.00,1804.01,124390.304,1743397199999,223986375.90291,133743,66992.125,120636397.10750,0
1743397200000,1804.00,1813.00,1801.08,1808.43,134501.716,1743400799999,243255956.68409,118917,68277.991,123512274.99284,0
1743400800000,1808.43,1811.10,1798.42,1803.22,103578.209,1743404399999,186846832.35149,109970,56371.152,101697133.27721,0
1743404400000,1803.22,1809.85,1788.13,1797.91,212131.060,1743407999999,381040400.75318,187093,113883.356,204573144.09703,0
1743408000000,1797.90,1807.62,1792.98,1794.71,155020.089,1743411599999,279242767.57760,147861,71735.208,129230385.10470,0
1743411600000,1794.72,1799.87,1780.05,1785.52,266429.225,1743415199999,476332372.79617,220125,124866.043,223262941.18982,0
1743415200000,1785.52,1809.98,1776.56,1802.62,308099.063,1743418799999,553025420.82029,221073,170522.306,306173338.61641,0
1743418800000,1802.63,1819.00,1798.08,1812.52,237889.809,1743422399999,429994333.49421,166920,142084.764,256859824.70055,0
1743422400000,1812.51,1845.78,1808.15,1833.49,371689.064,1743425999999,678410420.47480,251198,213260.788,389388571.01361,0
1743426000000,1833.50,1836.70,1792.60,1817.66,489739.880,1743429599999,887825991.26006,367247,229762.750,416428759.03669,0
1743429600000,1817.70,1846.50,1817.19,1838.99,404540.589,1743433199999,740718420.17992,333221,216009.647,395693720.60447,0
1743433200000,1839.00,1853.34,1836.73,1841.37,290391.210,1743436799999,535604128.61655,245869,151029.512,278659354.50163,0
1743436800000,1841.37,1846.29,1833.38,1839.16,156860.302,1743440399999,288669320.48779,141411,77077.193,141883491.90095,0
1743440400000,1839.15,1846.09,1815.76,1824.57,251174.564,1743443999999,459271529.94401,185773,105253.768,192481526.50773,0
1743444000000,1824.57,1846.40,1824.57,1838.87,154563.048,1743447599999,283940057.10068,152359,87185.695,160174048.34869,0
1743447600000,1838.86,1844.93,1823.18,1826.89,168516.186,1743451199999,309017308.23893,133468,79367.051,145556991.81696,0
1743451200000,1826.90,1834.09,1817.30,1818.83,106332.995,1743454799999,194141198.38714,95365,51373.460,93868493.68147,0
1743454800000,1818.83,1828.83,1818.24,1823.61,71683.922,1743458399999,130805471.93115,67182,41987.483,76617401.75975,0
1743458400000,1823.60,1824.46,1815.22,1823.96,95757.000,1743461999999,174261352.48248,87779,50624.162,92136497.08868,0
1743462000000,1823.95,1831.00,1819.17,1821.59,146412.903,1743465599999,267107149.91887,109049,81258.540,148267188.93398,0
1743465600000,1821.59,1842.57,1816.64,1831.20,218929.973,1743469199999,400182362.14415,164005,125351.305,229254204.96431,0
1743469200000,1831.19,1832.45,1820.00,1825.52,99214.291,1743472799999,181074253.19091,111900,43352.713,79131806.20082,0
1743472800000,1825.51,1838.70,1823.38,1838.53,79553.121,1743476399999,145764023.39833,95860,45805.360,83940274.22326,0
1743476400000,1838.52,1840.60,1832.20,1834.25,75726.304,1743479999999,139055098.84537,78518,36289.977,66650660.36395,0
1743480000000,1834.25,1839.80,1831.23,1837.47,67630.612,1743483599999,124152108.98847,67770,36809.383,67577979.91582,0
1743483600000,1837.48,1849.90,1835.95,1840.75,134016.107,1743487199999,247257340.06421,108969,74614.938,137662513.38762,0
1743487200000,1840.74,1866.98,1838.51,1856.80,204994.050,1743490799999,380197190.73798,173653,115367.376,213959946.39901,0
1743490800000,1856.79,1861.99,1851.46,1853.34,118396.957,1743494399999,219750866.27347,127785,62154.630,115362546.71689,0
1743494400000,1853.34,1891.42,1853.02,1883.41,385942.604,1743497999999,724648347.59893,300381,218816.041,410849075.42603,0
1743498000000,1883.41,1888.88,1877.00,1884.49,154779.586,1743501599999,291457470.66344,152153,78850.965,148509262.19515,0
1743501600000,1884.50,1885.17,1871.57,1872.49,161713.532,1743505199999,303625847.18878,153913,70914.546,133152530.02877,0
1743505200000,1872.49,1872.90,1855.39,1861.48,200627.955,1743508799999,374053222.59721,178204,87108.332,162440585.72935,0
1743508800000,1861.49,1869.80,1858.80,1864.85,148264.019,1743512399999,276523841.45692,123207,68951.550,128605440.94297,0
1743512400000,1864.86,1880.94,1862.96,1872.14,248177.513,1743515999999,464520075.35831,228457,136541.235,255604457.84242,0
1743516000000,1872.14,1887.92,1841.20,1881.48,620942.635,1743519599999,1157136766.76734,453997,301265.402,561478528.30653,0
1743519600000,1881.48,1927.79,1881.48,1917.89,771948.110,1743523199999,1473474439.17111,519164,418807.895,799385953.14784,0
1743523200000,1917.89,1923.63,1906.65,1915.01,237779.433,1743526799999,455294735.27716,212262,111070.975,212691846.64387,0
1743526800000,1915.00,1922.49,1912.96,1914.55,108999.036,1743530399999,208964344.59978,124546,54034.723,103603776.77861,0
1743530400000,1914.56,1915.00,1900.53,1907.50,150981.576,1743533999999,287846712.72583,153710,74000.632,141091638.13347,0
1743534000000,1907.49,1910.50,1902.00,1909.12,87728.047,1743537599999,167250834.01289,94019,45938.243,87571125.61696,0
1743537600000,1909.11,1915.20,1895.90,1912.06,149543.303,1743541199999,285025158.09681,116638,80949.235,154305126.66639,0
1743541200000,1912.07,1921.98,1907.55,1914.19,92640.422,1743544799999,177424370.75711,87796,45327.428,86833676.05087,0
1743544800000,1914.20,1919.30,1910.09,1911.00,80864.748,1743548399999,154816850.62133,87967,47122.171,90216181.85681,0
1743548400000,1911.01,1914.36,1903.77,1904.21,72350.669,1743551999999,138036745.81352,77605,33577.898,64071917.93846,0
1743552000000,1904.21,1908.01,1886.04,1889.06,164249.974,1743555599999,311559536.96445,141527,79978.590,151741408.00275,0
1743555600000,1889.07,1895.84,1882.02,1891.71,155620.999,1743559199999,293823233.62277,147690,83085.004,156896251.19667,0
1743559200000,1891.71,1892.41,1871.31,1877.57,171027.986,1743562799999,321364712.29276,159774,71417.766,134201388.45786,0
1743562800000,1877.56,1886.45,1874.46,1875.41,86716.765,1743566399999,163043837.69521,86367,44200.211,83108770.12335,0
1743566400000,1875.40,1882.31,1874.72,1878.14,65166.869,1743569999999,122420078.13657,72444,34232.272,64315681.91223,0
1743570000000,1878.14,1878.38,1853.57,1855.08,335415.195,1743573599999,624518144.07337,231030,133106.633,247811564.11080,0
1743573600000,1855.07,1861.72,1850.69,1852.84,183501.026,1743577199999,340630387.46822,146031,93259.913,173129346.42424,0
1743577200000,1852.84,1865.78,1851.34,1864.07,172697.191,1743580799999,321087593.23002,132537,103955.604,193296595.37489,0
1743580800000,1864.06,1875.54,1861.61,1866.91,141048.567,1743584399999,263428175.44175,113298,82795.026,154659850.18481,0
1743584400000,1866.90,1887.23,1865.38,1878.44,202876.069,1743587999999,381261333.88726,166302,115046.261,216196547.31902,0
1743588000000,1878.43,1886.70,1870.00,1871.92,126079.679,1743591599999,236734104.37070,120628,58533.289,109927744.66203,0
1743591600000,1871.93,1877.62,1867.32,1868.05,106869.318,1743595199999,200006551.41508,96354,44233.155,82814937.51937,0
1743595200000,1868.08,1872.55,1857.06,1871.16,205598.818,1743598799999,383343801.72047,176728,97680.693,182173540.68715,0
1743598800000,1871.16,1892.70,1853.12,1870.41,405052.591,1743602399999,758754085.97239,310841,207064.971,388079076.71533,0
1743602400000,1870.40,1880.71,1856.50,1874.69,298126.744,1743605999999,557217600.76103,272882,147222.058,275220576.59130,0
1743606000000,1874.70,1918.00,1873.16,1900.09,864593.562,1743609599999,1643440753.64786,586925,453415.202,861616113.90966,0
1743609600000,1900.10,1909.21,1894.05,1901.99,192261.249,1743613199999,365710037.53396,201684,98364.161,187120111.35913,0
1743613200000,1902.00,1913.85,1881.09,1891.61,284980.816,1743616799999,540890900.77891,249295,140223.130,266202188.81848,0
1743616800000,1891.60,1903.66,1887.29,1897.08,138958.639,1743620399999,263400505.22872,139399,74593.430,141413165.20433,0
1743620400000,1897.09,1915.28,1892.11,1910.56,143800.976,1743623999999,273824047.12307,145006,76957.360,146595466.04315,0
1743624000000,1910.59,1957.97,1865.00,1880.00,1268433.371,1743627599999,2417299787.01181,769251,648101.487,1235618434.24473,0
1743627600000,1880.16,1883.91,1853.93,1866.28,337785.774,1743631199999,629935544.47786,282425,157415.063,293570003.72598,0
1743631200000,1866.27,1866.83,1787.75,1796.94,716587.707,1743634799999,1307177628.14781,593491,333265.245,608198613.47073,0
1743634800000,1796.91,1801.70,1780.52,1794.10,312405.318,1743638399999,559423290.59566,328999,155798.030,279109361.69620,0
1743638400000,1794.11,1827.10,1787.90,1819.60,367200.010,1743641999999,665203876.40406,313568,186956.255,338664274.46059,0
1743642000000,1819.60,1834.12,1813.27,1825.37,190374.034,1743645599999,347220720.09541,195947,103666.817,189128438.85261,0
1743645600000,1825.38,1832.14,1817.05,1829.41,133450.737,1743649199999,243491340.34190,156671,64593.060,117894811.50869,0
1743649200000,1829.41,1829.82,1818.58,1823.75,93297.094,1743652799999,170151020.40194,113930,41706.789,76058425.18145,0
1743652800000,1823.75,1844.97,1821.90,1834.70,176821.176,1743656399999,324254971.19506,154369,111474.172,204443100.78837,0
1743656400000,1834.70,1839.88,1820.18,1820.97,120912.376,1743659999999,221144720.65658,112642,53530.198,97921378.34260,0
1743660000000,1820.96,1827.00,1813.00,1816.61,111587.727,1743663599999,203234693.80935,114986,49419.766,90021068.47623,0
1743663600000,1816.62,1821.40,1805.56,1814.52,160272.897,1743667199999,290624703.39198,168684,77163.874,139966436.51871,0
1743667200000,1814.51,1823.49,1813.83,1820.62,111176.542,1743670799999,202300799.58931,129384,54936.706,99969630.89401,0
1743670800000,1820.61,1822.49,1808.27,1810.49,120634.006,1743674399999,219015708.45281,124623,54486.402,98928410.95016,0
1743674400000,1810.48,1816.74,1789.09,1792.39,276838.494,1743677999999,498354619.99218,249673,126062.590,226956721.14400,0
1743678000000,1792.39,1801.81,1786.14,1794.39,194097.600,1743681599999,348298722.57535,189924,90355.248,162159151.69530,0
1743681600000,1794.39,1799.82,1747.47,1758.57,687816.610,1743685199999,1218159885.60305,448738,315738.591,559520052.67458,0
1743685200000,1758.57,1791.54,1755.16,1783.24,491592.234,1743688799999,872479858.40294,399063,256861.481,455890905.13066,0
1743688800000,1783.24,1784.27,1750.01,1757.15,437177.061,1743692399999,772829229.18950,368069,212630.522,375908070.18607,0
1743692400000,1757.15,1781.84,1754.24,1781.42,284620.305,1743695999999,503954257.47699,257006,142775.611,252803473.98091,0
1743696000000,1781.42,1790.00,1770.01,1772.53,248669.523,1743699599999,443095213.49472,202471,115468.230,205817241.20396,0
1743699600000,1772.52,1782.34,1766.29,1775.35,159326.231,1743703199999,282569115.50796,157349,82103.184,145635447.70098,0
1743703200000,1775.35,1798.57,1769.25,1787.58,212288.609,1743706799999,378790429.42317,190971,118641.299,211798689.59585,0
1743706800000,1787.59,1794.45,1781.67,1786.53,116930.565,1743710399999,208931974.80343,170869,59648.866,106589143.06413,0
1743710400000,1786.50,1804.00,1778.64,1798.16,131060.557,1743713999999,234704129.84545,121442,72049.240,129109864.06497,0
1743714000000,1798.16,1818.00,1795.22,1811.50,137918.677,1743717599999,248877287.47892,116519,80319.287,144958814.71617,0
1743717600000,1811.50,1815.60,1804.76,1810.31,93718.836,1743721199999,169648502.56228,112535,47169.224,85382046.82740,0
1743721200000,1810.31,1821.50,1802.26,1816.48,128586.448,1743724799999,233041998.69136,131159,71752.998,130077789.01373,0
1743724800000,1816.48,1822.69,1807.81,1809.68,118449.403,1743728399999,215139224.24105,123880,57704.619,104846344.39471,0
1743728400000,1809.68,1817.81,1770.00,1781.76,335594.537,1743731999999,601522746.34291,253702,120552.912,216277773.72124,0
1743732000000,1781.76,1802.90,1781.75,1788.20,188162.587,1743735599999,337419680.77353,179331,97055.427,174072998.50255,0
1743735600000,1788.20,1795.95,1781.60,1792.13,103329.811,1743739199999,184875303.03581,133026,52810.436,94498626.11527,0
1743739200000,1792.13,1793.00,1783.08,1787.01,78743.292,1743742799999,140784875.39043,92134,36370.688,65025424.90843,0
1743742800000,1787.00,1805.82,1783.22,1805.08,128819.898,1743746399999,231573885.34399,121699,78395.076,140942457.31917,0
1743746400000,1805.09,1807.56,1798.10,1799.04,98501.529,1743749999999,177619898.77339,96557,39862.428,71883717.31124,0
1743750000000,1799.05,1821.40,1798.82,1816.88,225797.453,1743753599999,409439715.23054,190799,123308.239,223594283.36278,0
1743753600000,1816.87,1834.70,1813.54,1827.31,276094.313,1743757199999,504084647.30375,212111,144030.201,262957555.95546,0
1743757200000,1827.32,1832.67,1822.00,1828.50,127859.024,1743760799999,233588966.81824,104647,62157.198,113575376.01487,0
1743760800000,1828.50,1831.30,1779.77,1782.80,581537.719,1743764399999,1047054811.82199,444365,271518.518,488751812.23228,0
1743764400000,1782.80,1786.96,1757.52,1783.16,484344.673,1743767999999,859385619.32228,384899,239819.252,425617186.29625,0
1743768000000,1783.15,1802.00,1768.57,1788.10,455901.731,1743771599999,812070062.96343,390940,237094.760,422384837.37015,0
1743771600000,1788.10,1808.45,1771.23,1801.33,494678.631,1743775199999,883765362.30661,420004,243173.739,434652463.22920,0
1743775200000,1801.34,1804.92,1775.00,1789.48,420439.963,1743778799999,751837050.67835,386185,203834.447,364490005.99963,0
1743778800000,1789.47,1820.18,1786.40,1794.47,594940.314,1743782399999,1072526165.81387,506137,295736.801,533291580.32770,0
1743782400000,1794.48,1803.12,1782.15,1796.74,376745.978,1743785999999,675746555.65352,314813,179865.003,322656735.94412,0
1743786000000,1796.75,1828.71,1787.01,1820.36,443895.631,1743789599999,804354293.72164,308884,228288.088,413702617.83034,0
1743789600000,1820.37,1822.45,1803.84,1805.54,197139.296,1743793199999,357265274.36973,203628,95191.173,172463261.59838,0
1743793200000,1805.54,1814.80,1801.04,1809.02,151333.829,1743796799999,273885542.31343,159881,81695.712,147865969.10893,0
1743796800000,1809.03,1822.19,1806.43,1817.97,100256.679,1743800399999,181784850.77755,103449,49458.787,89688004.67960,0
1743800400000,1817.98,1827.99,1811.89,1817.36,87731.932,1743803999999,159706876.75166,80560,48315.187,87979801.71258,0
1743804000000,1817.36,1825.73,1814.89,1818.41,71599.658,1743807599999,130307073.03387,67881,36553.995,66524390.74912,0
1743807600000,1818.41,1819.21,1808.72,1815.97,79216.621,1743811199999,143608709.12841,69497,38766.725,70281514.61790,0
1743811200000,1815.97,1824.28,1811.54,1822.00,84212.832,1743814799999,153058430.95284,72643,42411.947,77096138.14229,0
1743814800000,1821.99,1826.63,1818.01,1818.63,90158.629,1743818399999,164337211.71337,86526,43789.992,79826614.41990,0
1743818400000,1818.63,1820.62,1812.12,1814.91,70736.599,1743821999999,128476450.81909,72244,36369.544,66065810.30530,0
1743822000000,1814.92,1815.66,1808.27,1809.01,62766.501,1743825599999,113680005.23381,61243,27394.341,49626255.65985,0
1743825600000,1809.00,1815.00,1806.21,1807.42,53449.378,1743829199999,96800459.84560,50492,28490.756,51609196.26251,0
1743829200000,1807.41,1814.70,1806.02,1809.14,48012.099,1743832799999,86953190.62585,47920,22117.271,40055019.84993,0
1743832800000,1809.13,1813.00,1803.04,1808.66,67119.760,1743836399999,121338561.41395,57944,29849.860,53975253.60328,0
1743836400000,1808.66,1813.82,1806.22,1812.40,54842.742,1743839999999,99254492.85239,53396,28964.724,52419878.70643,0
1743840000000,1812.39,1814.46,1809.03,1812.96,43583.332,1743843599999,78963516.58435,49084,21810.004,39518220.66607,0
1743843600000,1812.96,1821.26,1812.96,1819.87,76792.529,1743847199999,139596768.81049,65910,40273.609,73207877.90120,0
1743847200000,1819.87,1820.70,1815.25,1817.26,56588.846,1743850799999,102850786.75593,53184,27464.795,49915712.85468,0
1743850800000,1817.27,1818.50,1805.55,1806.60,116953.463,1743854399999,211646457.68211,82755,49949.546,90388933.04967,0
1743854400000,1806.60,1807.61,1791.74,1797.03,180824.504,1743857999999,325329819.98783,128835,83654.752,150511881.27550,0
1743858000000,1797.04,1797.92,1782.18,1786.13,188761.208,1743861599999,337459191.66522,160769,89030.431,159160459.87955,0
1743861600000,1786.12,1794.18,1785.11,1789.92,171646.725,1743865199999,307231328.93639,118418,90690.006,162338043.80924,0
1743865200000,1789.92,1789.92,1776.34,1781.10,167150.743,1743868799999,297995838.55822,123955,77709.277,138553373.63039,0
1743868800000,1781.10,1787.60,1779.33,1783.90,97935.792,1743872399999,174725502.90809,79415,50309.368,89760430.14948,0
1743872400000,1783.90,1789.26,1781.50,1786.59,46259.259,1743875999999,82631098.78256,53264,23802.490,42517530.68106,0
1743876000000,1786.58,1793.67,1786.07,1792.30,62061.057,1743879599999,111156117.29930,63097,34766.173,62269714.49642,0
1743879600000,1792.31,1794.86,1778.66,1781.33,64565.430,1743883199999,115333339.08189,61797,23978.111,42839983.43601,0
1743883200000,1781.32,1804.50,1761.18,1789.64,347929.555,1743886799999,621103824.80907,225394,182227.652,325704398.97751,0
1743886800000,1789.63,1794.67,1783.67,1789.61,71859.933,1743890399999,128576358.81014,78468,39476.754,70639143.83271,0
1743890400000,1789.60,1796.94,1789.18,1796.46,53897.872,1743893999999,96674166.67463,53269,24910.209,44681729.75059,0
1743894000000,1796.46,1809.30,1795.69,1805.15,80818.327,1743897599999,145685437.86379,80991,44290.426,79842576.58603,0
1743897600000,1805.14,1813.00,1801.84,1809.59,126213.184,1743901199999,228183083.08259,99956,58923.776,106533778.07745,0
1743901200000,1809.59,1816.38,1806.31,1809.75,86350.413,1743904799999,156352660.57230,84547,41997.576,76071974.96586,0
1743904800000,1809.75,1812.79,1803.33,1803.50,65569.741,1743908399999,118513399.97828,66304,25920.405,46856039.54864,0
1743908400000,1803.50,1809.11,1800.87,1809.11,64273.574,1743911999999,115956679.63466,61907,33672.838,60767436.41496,0
1743912000000,1809.10,1810.50,1805.00,1808.84,38599.313,1743915599999,69780460.05154,51547,21308.488,38525193.77416,0
1743915600000,1808.83,1812.60,1805.86,1810.45,52964.903,1743919199999,95844469.27709,54354,26832.680,48564677.94209,0
1743919200000,1810.45,1811.86,1797.53,1797.70,81678.596,1743922799999,147377185.36903,75926,33087.994,59722438.13514,0
1743922800000,1797.69,1800.77,1790.08,1796.84,107901.900,1743926399999,193939065.04200,101622,54768.620,98458668.61848,0
1743926400000,1796.85,1797.28,1782.01,1794.41,166294.996,1743929999999,297618405.62299,120471,80445.416,143989160.32114,0
1743930000000,1794.41,1795.90,1788.60,1790.14,65427.868,1743933599999,117264259.88113,62514,37865.088,67867023.73173,0
1743933600000,1790.13,1791.64,1784.10,1789.23,93454.944,1743937199999,167036206.35717,92041,50201.927,89736912.89197,0
1743937200000,1789.24,1790.48,1782.52,1788.22,73223.061,1743940799999,130818582.37431,74522,43060.727,76937879.26505,0
1743940800000,1788.22,1791.10,1776.16,1777.19,128924.388,1743944399999,229952946.52221,109101,56764.700,101288512.11160,0
1743944400000,1777.19,1780.12,1735.01,1747.57,720212.245,1743947999999,1267094161.71270,394447,305933.868,538766467.93730,0
1743948000000,1747.56,1770.00,1743.81,1769.04,340750.355,1743951599999,598663034.89276,264198,177037.533,310994043.52119,0
1743951600000,1769.03,1772.95,1757.41,1758.80,155455.049,1743955199999,274188073.74009,134755,73562.384,129757404.21800,0
1743955200000,1758.80,1759.21,1710.00,1730.25,421217.352,1743958799999,733347165.21905,272030,169471.369,295278403.70887,0
1743958800000,1730.24,1733.25,1667.65,1684.00,1070873.352,1743962399999,1819079431.45259,666737,503306.966,855267566.74055,0
1743962400000,1684.00,1684.22,1601.00,1617.60,1514843.308,1743965999999,2479442146.07456,930301,723697.146,1184407921.41464,0
1743966000000,1617.60,1635.54,1607.61,1625.22,699881.308,1743969599999,1134762017.31225,488357,367368.044,595758181.96490,0
1743969600000,1625.21,1630.45,1552.50,1574.04,1021357.333,1743973199999,1623801237.94117,625591,471283.759,749592471.37172,0
1743973200000,1574.05,1596.80,1570.08,1586.89,384866.175,1743976799999,611393137.50668,332484,188690.656,299833141.75492,0
1743976800000,1586.89,1607.58,1563.00,1576.05,898396.430,1743980399999,1425395396.32496,594252,448293.586,711647394.49100,0
1743980400000,1576.05,1583.92,1535.27,1579.98,1009312.977,1743983999999,1575572574.41014,629978,513256.734,801734047.97165,0
1743984000000,1579.98,1585.57,1551.50,1572.06,568975.027,1743987599999,893909155.16042,428922,273228.590,429387508.40080,0
1743987600000,1572.06,1613.51,1569.85,1597.49,625463.163,1743991199999,998389248.43471,448396,307658.211,490988447.05991,0
1743991200000,1597.50,1600.66,1572.11,1578.33,291989.883,1743994799999,463044419.02036,268524,141365.498,224206527.00927,0
1743994800000,1578.32,1581.95,1520.00,1542.79,754220.671,1743998399999,1167763999.29360,516040,352047.025,545142078.10098,0
1743998400000,1542.78,1558.37,1532.48,1547.50,491049.327,1744001999999,758795747.71000,420009,252578.859,390386027.29168,0
1744002000000,1547.49,1561.00,1536.03,1539.72,381908.437,1744005599999,590997291.74676,372229,192650.135,298155214.78238,0
1744005600000,1539.73,1552.15,1410.00,1430.48,2277392.454,1744009199999,3363785308.23841,1183986,1026582.311,1516018242.12312,0
1744009200000,1430.49,1477.00,1430.45,1459.52,977685.244,1744012799999,1421385971.63146,671119,499668.614,726306826.73401,0
1744012800000,1459.51,1510.84,1454.80,1495.05,1118065.432,1744016399999,1664157343.97780,650316,571175.648,850200614.74983,0
1744016400000,1495.04,1505.84,1475.81,1483.73,611856.293,1744019999999,912142138.05322,443934,298324.802,444912296.44119,0
1744020000000,1483.72,1520.75,1481.12,1490.70,760162.305,1744023599999,1141313646.43480,513084,387200.779,581309464.44792,0
1744023600000,1490.71,1503.20,1473.66,1482.34,436362.042,1744027199999,648956646.48240,353316,208278.386,309811424.49293,0
1744027200000,1482.34,1526.48,1477.17,1520.01,784846.525,1744030799999,1182633163.62005,546862,414274.919,624247872.39994,0
1744030800000,1520.01,1557.76,1486.23,1549.52,1116966.810,1744034399999,1698230551.89583,720811,566396.511,861309081.88692,0
1744034400000,1549.51,1638.47,1538.22,1569.04,2788436.254,1744037999999,4395083930.41730,1442951,1441142.498,2272797639.74183,0
1744038000000,1569.08,1576.80,1533.24,1555.54,882473.683,1744041599999,1371509802.11355,615920,437772.563,680421511.02345,0
1744041600000,1555.54,1556.81,1525.21,1528.49,529211.145,1744045199999,816515355.97931,442233,263560.884,406820342.23975,0
1744045200000,1528.49,1572.11,1528.34,1565.28,614623.611,1744048799999,954845942.93757,472574,312713.562,485735031.08162,0
1744048800000,1565.32,1571.50,1545.85,1548.52,425819.749,1744052399999,663573470.57262,351009,212480.028,331109844.29116,0
1744052400000,1548.53,1562.18,1541.21,1544.56,379131.676,1744055999999,587781937.88538,300929,188860.721,292779885.13013,0
1744056000000,1544.56,1579.53,1544.19,1570.22,274403.330,1744059599999,429048160.28084,223072,151316.576,236496996.45827,0
1744059600000,1570.21,1576.13,1554.24,1568.01,141451.184,1744063199999,221220504.40626,139613,73344.595,114684245.71817,0
1744063200000,1568.00,1584.58,1564.71,1577.83,172830.148,1744066799999,272514091.45769,172558,81311.069,128228805.08664,0
1744066800000,1577.83,1581.61,1550.56,1552.44,226746.959,1744070399999,354729381.43631,196581,109495.169,171239489.21557,0
1744070400000,1552.44,1562.63,1543.20,1543.77,214148.035,1744073999999,332580549.21312,209380,97407.670,151308108.01011,0
1744074000000,1543.77,1593.41,1540.19,1590.54,409107.804,1744077599999,642808770.34073,320590,217289.037,341369814.46337,0
1744077600000,1590.55,1618.00,1586.06,1588.95,411814.672,1744081199999,658740008.10012,318401,203650.746,325861013.32338,0
1744081200000,1588.96,1592.22,1578.66,1583.96,146159.227,1744084799999,231632591.94587,154646,73488.877,116491265.63476,0
1744084800000,1583.95,1602.29,1583.01,1597.85,207502.935,1744088399999,330642592.77309,177567,109684.090,174777655.71134,0
1744088400000,1597.85,1601.48,1581.30,1590.97,179653.312,1744091999999,285348243.18937,164243,86787.191,137828191.35483,0
1744092000000,1590.96,1590.96,1573.40,1575.65,181519.807,1744095599999,286610271.14477,179551,81014.136,127897935.82974,0
1744095600000,1575.64,1577.90,1560.86,1569.98,194043.783,1744099199999,304463894.94968,186274,99437.619,156030305.48772,0
1744099200000,1569.97,1570.66,1553.48,1566.18,209051.850,1744102799999,326338166.01955,192303,106224.473,165818700.82848,0
1744102800000,1566.17,1575.50,1563.51,1567.47,192185.350,1744106399999,301649844.93407,191044,98477.275,154610597.92141,0
1744106400000,1567.47,1573.75,1564.38,1565.57,119124.950,1744109999999,186832045.91807,127348,57002.879,89417513.98420,0
1744110000000,1565.57,1589.48,1564.16,1587.56,278125.074,1744113599999,438787746.72527,256362,144336.400,227723180.66629,0
1744113600000,1587.57,1592.79,1566.76,1570.71,338379.184,1744117199999,533969248.79423,276411,154000.542,242963611.06782,0
1744117200000,1570.69,1585.89,1548.08,1567.65,688932.409,1744120799999,1080669712.48402,448005,337797.413,529966875.71499,0
1744120800000,1567.67,1582.74,1530.00,1530.34,670798.560,1744124399999,1043380488.51163,479943,312269.201,485996522.12992,0
1744124400000,1530.34,1538.47,1517.12,1530.75,617792.806,1744127999999,944070856.91374,420462,303782.424,464294676.41390,0
1744128000000,1530.75,1532.24,1481.24,1486.00,841964.636,1744131599999,1266279402.46195,543601,402725.630,605801886.48944,0
1744131600000,1485.99,1488.90,1453.46,1480.05,1117154.672,1744135199999,1643938400.59090,680274,577865.401,850404209.08965,0
1744135200000,1480.05,1501.50,1470.82,1474.96,583879.398,1744138799999,865253446.40936,394328,290538.928,430699758.64192,0
1744138800000,1474.97,1478.00,1454.26,1466.03,480006.158,1744142399999,703196310.03316,373819,237731.377,348287516.32714,0
1744142400000,1466.07,1482.00,1459.27,1481.40,269681.709,1744145999999,397116218.79036,210288,145507.455,214330437.36811,0
1744146000000,1481.42,1485.60,1463.07,1476.66,196266.856,1744149599999,289354915.32892,137803,86881.515,128066119.00959,0
1744149600000,1476.67,1477.79,1441.62,1466.40,403987.622,1744153199999,589444858.93654,333401,187758.897,274021940.65709,0
1744153200000,1466.40,1475.96,1461.72,1472.67,246586.021,1744156799999,362489572.06458,227888,121144.633,178086085.19869,0
1744156800000,1472.68,1481.69,1462.89,1466.81,383927.399,1744160399999,565191290.34333,304757,190340.807,280242331.83304,0
1744160400000,1466.79,1468.57,1384.00,1434.30,1451181.861,1744163999999,2060208548.23140,891411,672409.216,954428272.75824,0
1744164000000,1434.31,1453.69,1414.16,1418.47,527978.683,1744167599999,758250089.07697,425193,255865.234,367626836.99202,0
1744167600000,1418.48,1425.72,1406.79,1417.96,428439.788,1744171199999,607323244.01429,347864,230724.481,327107286.76423,0
1744171200000,1417.96,1449.81,1414.00,1439.74,548126.574,1744174799999,785874107.33285,427651,279090.037,400009584.67248,0
1744174800000,1439.74,1463.38,1438.39,1458.33,354603.262,1744178399999,515378179.01067,290748,189968.235,276149408.03822,0
1744178400000,1458.33,1476.19,1457.08,1459.19,354404.317,1744181999999,519334212.77978,282629,171750.322,251713596.50619,0
1744182000000,1459.20,1491.68,1457.67,1482.90,596468.109,1744185599999,881315077.48166,391941,315331.874,465916245.80642,0
1744185600000,1482.89,1487.97,1470.19,1481.83,351655.725,1744189199999,519505086.92994,276452,183848.593,271624027.60160,0
1744189200000,1481.82,1485.71,1470.36,1478.71,200618.074,1744192799999,296499872.47026,186605,92550.501,136810574.21017,0
1744192800000,1478.70,1496.00,1472.16,1485.43,343721.274,1744196399999,509836953.36813,257929,162489.944,241072876.25796,0
1744196400000,1485.43,1486.48,1444.00,1454.64,1224382.666,1744199999999,1787020704.60721,632019,579430.471,845510332.98308,0
1744200000000,1454.64,1468.88,1439.03,1460.96,501644.336,1744203599999,729241645.25436,361397,268850.079,390938068.76686,0
1744203600000,1460.95,1498.70,1454.68,1486.70,907570.934,1744207199999,1340323397.91233,549640,467862.216,690992846.20100,0
1744207200000,1486.69,1501.03,1468.68,1470.35,717126.001,1744210799999,1064627578.32768,488761,362389.284,538106293.42312,0
1744210800000,1470.35,1496.16,1468.47,1484.80,464929.635,1744214399999,690499336.15611,345071,253125.561,375917201.29526,0
1744214400000,1484.79,1509.00,1481.15,1502.00,526890.007,1744217999999,788783866.29858,335932,272748.227,408390265.48579,0
1744218000000,1502.00,1639.03,1483.21,1631.82,2853204.817,1744221599999,4470935240.44745,1345337,1510009.562,2367323130.69057,0
1744221600000,1631.90,1672.80,1612.17,1627.60,1650049.213,1744225199999,2715332803.62916,887561,806889.589,1328385324.80800,0
1744225200000,1627.61,1646.58,1622.74,1639.73,425477.097,1744228799999,696241676.71737,332918,220675.650,361154764.68690,0
1744228800000,1639.73,1678.90,1639.73,1673.06,401559.588,1744232399999,665037340.40906,277565,229532.950,380337323.32343,0
1744232400000,1673.07,1688.00,1660.24,1670.98,445968.454,1744235999999,746265497.76946,330924,219778.847,367793147.38504,0
1744236000000,1670.97,1683.61,1665.32,1670.54,200528.575,1744239599999,335747035.36554,218779,98082.991,164261450.14220,0
1744239600000,1670.53,1674.00,1655.10,1668.69,256114.234,1744243199999,425679590.09034,183971,125856.137,209210497.36259,0
1744243200000,1668.70,1669.19,1633.45,1645.94,350288.261,1744246799999,577671659.33234,276070,162403.757,267721180.68437,0
1744246800000,1645.95,1651.42,1628.11,1637.29,207741.166,1744250399999,340340558.29006,209332,105885.339,173487769.22167,0
1744250400000,1637.29,1645.60,1629.33,1632.50,210120.050,1744253999999,344074367.10096,168211,89586.118,146763887.08659,0
1744254000000,1632.49,1635.66,1601.00,1616.39,505823.750,1744257599999,816314679.98527,340545,256217.402,413536440.96995,0
1744257600000,1616.39,1620.00,1605.00,1618.68,241924.583,1744261199999,390484446.16937,185746,120804.468,195003685.02715,0
1744261200000,1618.67,1625.48,1613.58,1616.39,190158.563,1744264799999,308052800.43088,159928,96860.922,156930336.32767,0
1744264800000,1616.40,1622.18,1605.61,1615.54,196867.628,1744268399999,317598765.28075,178653,92574.534,149391984.81882,0
1744268400000,1615.55,1619.99,1582.50,1595.03,431179.609,1744271999999,688530046.13378,311138,194556.110,310709244.86322,0
1744272000000,1595.03,1598.20,1582.15,1592.00,209854.770,1744275599999,333880809.16972,207500,110431.547,175765328.87451,0
1744275600000,1591.99,1606.02,1585.29,1603.23,248495.787,1744279199999,396927762.82153,231879,137154.924,219113274.33931,0
1744279200000,1603.23,1605.23,1587.00,1594.01,197447.588,1744282799999,314946933.06646,185678,94913.664,151384619.04303,0
1744282800000,1594.00,1596.12,1580.50,1593.92,199414.496,1744286399999,316795180.15957,180348,103962.274,165211902.21399,0
1744286400000,1593.91,1627.61,1581.12,1592.63,775927.658,1744289999999,1243002469.50733,524215,396293.463,635038654.04343,0
1744290000000,1592.62,1595.67,1555.00,1568.24,746110.237,1744293599999,1175863846.24365,507403,355221.253,560071748.38795,0
1744293600000,1568.24,1584.05,1555.24,1564.83,525883.712,1744297199999,825591281.17051,407686,264371.103,415138803.46525,0
1744297200000,1564.82,1567.12,1482.56,1495.00,1675432.239,1744300799999,2543796551.53727,906160,757918.303,1149931455.55505,0
1744300800000,1494.99,1513.19,1470.84,1509.76,1174976.938,1744304399999,1756137939.40540,695092,611757.411,914735035.19636,0
1744304400000,1509.77,1519.45,1486.62,1510.73,611840.990,1744307999999,919122852.51680,450734,321389.347,482997831.55734,0
1744308000000,1510.73,1522.11,1506.61,1517.74,342694.927,1744311599999,519265905.45558,305671,177702.999,269283205.30551,0
1744311600000,1517.73,1531.74,1509.79,1513.67,331207.592,1744315199999,502865292.35031,288779,169866.661,257982975.62969,0
1744315200000,1513.67,1533.00,1513.05,1530.44,175101.938,1744318799999,266864729.46186,161745,99161.903,151133212.37674,0
1744318800000,1530.43,1532.63,1518.43,1524.04,111222.034,1744322399999,169582756.29337,102796,52584.822,80193198.17770,0
1744322400000,1524.04,1532.14,1519.82,1523.94,106054.658,1744325999999,162004782.16719,116236,50196.474,76682142.76611,0
1744326000000,1523.95,1527.73,1513.60,1521.57,179423.867,1744329599999,272910819.00017,157232,76162.145,115858455.01341,0
1744329600000,1521.56,1528.44,1503.63,1507.40,293448.250,1744333199999,445173096.83946,252697,124701.959,189288936.00668,0
1744333200000,1507.40,1547.74,1506.17,1541.99,459297.775,1744336799999,704111289.43509,318582,256237.421,392778193.34388,0
1744336800000,1541.98,1550.00,1532.33,1533.67,281656.661,1744340399999,433695361.48602,233191,132696.851,204357762.20937,0
1744340400000,1533.63,1545.39,1533.61,1543.63,155004.264,1744343999999,238642563.82026,156114,84292.487,129772461.39369,0
1744344000000,1543.63,1557.74,1541.63,1546.71,245195.022,1744347599999,379656572.35693,195419,136204.789,210924521.26864,0
1744347600000,1546.72,1552.52,1540.10,1548.45,131196.733,1744351199999,202789475.27710,138639,63816.977,98660575.88356,0
1744351200000,1548.45,1561.95,1548.45,1551.93,209199.205,1744354799999,325172314.09583,177723,102190.468,158875148.23287,0
1744354800000,1551.93,1557.70,1545.80,1551.99,143097.715,1744358399999,222034914.17589,146062,70584.553,109534928.62170,0
1744358400000,1551.99,1572.32,1536.47,1550.79,561676.112,1744361999999,872008449.64792,383000,287506.436,446507486.92667,0
1744362000000,1550.79,1569.90,1543.45,1563.19,295356.403,1744365599999,460211150.84801,249787,146789.230,228718593.09308,0
1744365600000,1563.18,1585.18,1552.86,1567.44,404818.979,1744369199999,634891646.09767,301542,210027.434,329619553.17506,0
1744369200000,1567.43,1574.52,1554.73,1557.93,259646.896,1744372799999,405871616.94338,201648,122859.865,192117527.06716,0
1744372800000,1557.94,1573.00,1552.50,1557.40,279740.168,1744376399999,436532544.56576,226491,138043.448,215484677.79337,0
1744376400000,1557.40,1580.78,1548.60,1569.80,502456.005,1744379999999,786619099.28094,386051,258164.150,404329154.54670,0
1744380000000,1569.80,1569.80,1540.36,1555.59,558587.614,1744383599999,868783218.79406,426424,278056.308,432591236.10177,0
1744383600000,1555.59,1569.96,1553.00,1564.79,252772.549,1744387199999,394699605.95672,258907,135356.575,211379665.78061,0
1744387200000,1564.80,1572.94,1554.90,1564.78,205202.088,1744390799999,321291066.22605,206552,103333.890,161826349.81761,0
1744390800000,1564.79,1590.88,1562.14,1579.04,358792.204,1744394399999,566302739.80660,285973,186069.804,293676351.86837,0
1744394400000,1579.04,1581.60,1560.35,1561.42,232160.515,1744397999999,364777728.00916,223032,116912.041,183758676.61334,0
1744398000000,1561.42,1571.92,1561.00,1564.84,121517.346,1744401599999,190387777.71970,132233,62129.957,97350459.00855,0
1744401600000,1564.83,1574.00,1562.02,1570.65,104955.506,1744405199999,164696578.66272,100712,58932.316,92468416.21513,0
1744405200000,1570.66,1586.31,1564.61,1572.22,203452.590,1744408799999,320522464.44037,165936,118614.832,186915355.74696,0
1744408800000,1572.23,1574.90,1565.00,1565.59,91632.021,1744412399999,143813520.89983,91755,42921.024,67367991.23918,0
1744412400000,1565.58,1570.38,1556.40,1565.96,117220.065,1744415999999,183299376.98116,107875,58276.727,91154396.25514,0
1744416000000,1565.97,1569.16,1559.72,1561.30,123782.353,1744419599999,193593255.62358,124004,59177.341,92551409.50998,0
1744419600000,1561.30,1563.90,1551.00,1553.76,123830.959,1744423199999,192822460.75045,125212,54924.748,85542611.50336,0
1744423200000,1553.76,1556.42,1545.06,1546.87,169771.636,1744426799999,263289922.76322,135402,82713.158,128292480.75218,0
1744426800000,1546.88,1558.85,1545.78,1553.61,122452.026,1744430399999,190066481.15617,105756,66320.502,102948979.40318,0
1744430400000,1553.61,1570.00,1549.51,1566.83,195797.708,1744433999999,305355797.85670,162505,107736.232,168057346.91528,0
1744434000000,1566.84,1571.96,1563.80,1567.91,133682.346,1744437599999,209604093.73173,120800,65242.241,102301465.06967,0
1744437600000,1567.90,1578.14,1567.90,1573.03,154379.767,1744441199999,242859502.52025,127244,75641.636,118997492.61777,0
1744441200000,1573.02,1584.53,1570.38,1581.24,170242.120,1744444799999,268741963.05385,131055,98065.169,154818943.61731,0
1744444800000,1581.23,1605.71,1580.01,1590.96,375926.763,1744448399999,599339775.22112,260457,194158.308,309542634.56762,0
1744448400000,1590.96,1602.57,1587.64,1596.71,163153.640,1744451999999,260235106.53646,136905,86325.672,137739193.44806,0
1744452000000,1596.71,1596.91,1586.80,1591.21,121871.138,1744455599999,194013116.85878,104823,54394.601,86603056.69578,0
1744455600000,1591.21,1597.88,1591.21,1593.21,75630.510,1744459199999,120616278.18911,82892,38025.275,60639602.53191,0
1744459200000,1593.22,1616.00,1589.79,1606.37,326499.616,1744462799999,522977807.23181,198941,177060.933,283710625.50892,0
1744462800000,1606.38,1646.46,1604.97,1637.94,744092.222,1744466399999,1208327714.64236,487680,401640.763,652455786.42204,0
1744466400000,1637.92,1669.85,1635.00,1653.13,713562.700,1744469999999,1179270788.21976,463685,364098.678,601850096.44712,0
1744470000000,1653.13,1666.96,1647.31,1655.10,346154.396,1744473599999,573921874.95307,271175,177755.230,294740803.04476,0
1744473600000,1655.09,1661.57,1636.38,1642.99,337244.819,1744477199999,556278312.82458,231819,154018.559,254149228.03728,0
1744477200000,1642.98,1646.39,1627.42,1633.15,333361.914,1744480799999,545372413.37829,221524,159603.418,261180876.91293,0
1744480800000,1633.14,1654.44,1632.36,1649.92,196814.851,1744484399999,323669881.50213,153128,114880.915,188875949.60809,0
1744484400000,1649.92,1650.88,1633.96,1641.89,170446.945,1744487999999,279916239.11579,138049,73601.109,120873045.36119,0
1744488000000,1641.90,1659.68,1640.35,1648.41,231537.679,1744491599999,381958608.25653,176020,122232.664,201675416.13747,0
1744491600000,1648.41,1654.43,1644.73,1646.73,99512.948,1744495199999,164141345.36010,100295,53107.754,87602521.01449,0
1744495200000,1646.74,1655.80,1646.73,1649.46,91411.246,1744498799999,150884069.45001,102471,45958.025,75859063.03724,0
1744498800000,1649.46,1651.53,1642.30,1643.60,83353.685,1744502399999,137270272.87140,88822,37820.888,62294515.48015,0
1744502400000,1643.60,1649.07,1633.89,1641.29,154068.332,1744505999999,252804140.79941,140542,78368.930,128632026.05024,0
1744506000000,1641.29,1649.20,1608.00,1616.24,309424.262,1744509599999,504063277.76194,250577,140755.923,229615878.43666,0
1744509600000,1616.24,1628.00,1605.68,1624.51,256066.576,1744513199999,413893450.20348,215507,139455.015,225496327.64501,0
1744513200000,1624.51,1628.66,1620.75,1623.60,121959.666,1744516799999,198178435.88550,122969,62103.471,100935467.39986,0
1744516800000,1623.60,1623.91,1602.12,1608.29,247439.048,1744520399999,399158004.34126,186797,117614.286,189763445.67150,0
1744520400000,1608.28,1612.96,1596.21,1608.56,235404.136,1744523999999,377876896.00732,187914,118830.890,190824678.91859,0
1744524000000,1608.57,1623.00,1607.04,1616.17,161215.888,1744527599999,260405698.58357,129772,88959.460,143696726.91789,0
1744527600000,1616.17,1620.76,1610.00,1612.77,100404.458,1744531199999,162190274.75500,95304,47985.217,77518733.59870,0
1744531200000,1612.78,1621.29,1607.80,1619.70,130131.021,1744534799999,210177609.93477,128809,70121.007,113274866.15641,0
1744534800000,1619.70,1626.99,1616.16,1626.27,169954.394,1744538399999,275807583.39453,143060,98089.735,159216846.39482,0
1744538400000,1626.28,1627.45,1611.22,1617.06,142806.134,1744541999999,231072798.30824,130350,60382.926,97688986.17297,0
1744542000000,1617.06,1617.90,1590.71,1603.62,347056.918,1744545599999,555766125.03555,241118,160717.875,257395634.14115,0
1744545600000,1603.61,1608.50,1598.73,1602.37,181876.275,1744549199999,291590187.21341,145124,95317.700,152850429.55262,0
1744549200000,1602.38,1607.28,1565.11,1573.46,531070.129,1744552799999,841401768.81836,359858,240987.566,381888470.62885,0
1744552800000,1573.46,1588.76,1567.21,1585.20,402635.006,1744556399999,635903878.85413,270424,217872.708,344136935.67249,0
1744556400000,1585.20,1588.00,1578.79,1585.92,141998.484,1744559999999,224830747.05164,144795,69894.685,110674898.74521,0
1744560000000,1585.92,1601.98,1585.64,1595.01,247949.783,1744563599999,395201015.72490,191284,137338.021,218929223.28208,0
1744563600000,1595.01,1648.73,1593.50,1635.98,618353.401,1744567199999,1004735897.88060,430883,339613.610,551420606.56861,0
1744567200000,1636.00,1646.76,1625.37,1629.09,278362.915,1744570799999,454619660.58590,243741,139796.671,228328195.71798,0
1744570800000,1629.09,1629.56,1559.40,1589.42,680812.602,1744574399999,1085840251.50463,479626,317117.209,505589561.86170,0
1744574400000,1589.42,1616.29,1583.00,1590.25,426666.717,1744577999999,682398470.77950,354043,218293.380,349148745.05435,0
1744578000000,1590.26,1602.32,1571.03,1593.09,323409.410,1744581599999,512578443.29903,283054,170913.262,270986956.08058,0
1744581600000,1593.09,1599.60,1583.00,1585.60,158497.598,1744585199999,251908427.75570,181908,69805.683,110952642.82516,0
1744585200000,1585.60,1599.66,1580.91,1596.92,127799.339,1744588799999,203462186.84983,160913,70408.203,112099557.42771,0
1744588800000,1596.93,1633.54,1594.73,1611.12,440365.774,1744592399999,711467284.46275,323976,226934.731,366552781.20612,0
1744592400000,1611.12,1621.88,1608.19,1616.66,125900.390,1744595999999,203384271.17371,180126,63076.076,101915148.03689,0
1744596000000,1616.67,1659.81,1613.61,1634.64,478575.952,1744599599999,785344799.38830,383971,251483.102,412542744.68215,0
1744599600000,1634.63,1637.25,1625.28,1629.01,182669.168,1744603199999,297971711.80768,186955,90294.971,147299901.46973,0
1744603200000,1629.01,1641.85,1626.84,1636.02,139332.337,1744606799999,227799805.29241,153525,74563.020,121917878.91488,0
1744606800000,1636.02,1639.65,1620.00,1623.76,182847.331,1744610399999,297690011.05149,170462,78428.516,127684827.37543,0
1744610400000,1623.77,1627.50,1613.64,1622.95,153631.627,1744613999999,249043194.34764,159217,73012.284,118375566.88973,0
1744614000000,1622.94,1635.99,1611.51,1634.92,192690.213,1744617599999,313085891.08319,194477,103501.710,168202640.20847,0
1744617600000,1634.92,1641.81,1628.64,1637.57,175696.942,1744621199999,287334661.82344,164611,90448.785,147940836.70016,0
1744621200000,1637.58,1644.78,1630.60,1640.56,179765.638,1744624799999,294324788.11408,178492,91821.695,150359331.26362,0
1744624800000,1640.56,1684.47,1638.44,1678.40,685741.866,1744628399999,1141899037.06572,483208,347312.918,578393225.58383,0
1744628400000,1678.40,1691.57,1670.86,1674.63,422678.656,1744631999999,709829795.69002,326137,212949.824,357727598.51597,0
1744632000000,1674.63,1677.58,1665.14,1677.14,212997.190,1744635599999,356039486.67216,194749,105653.183,176633026.70812,0
1744635600000,1677.14,1679.94,1647.27,1657.70,484787.033,1744639199999,806077851.93146,343226,229946.612,382336309.99531,0
1744639200000,1657.71,1689.27,1654.15,1672.63,404870.478,1744642799999,676806526.11322,322807,212862.087,355910939.32938,0
1744642800000,1672.62,1674.35,1618.29,1626.96,830142.784,1744646399999,1363799474.74173,517688,383614.286,630080353.78262,0
1744646400000,1626.97,1636.00,1613.37,1627.00,398682.283,1744649999999,648604555.40415,324730,198159.703,322426863.81729,0
1744650000000,1627.01,1649.00,1626.07,1647.28,330141.525,1744653599999,541110287.10580,259409,168848.332,276748610.23477,0
1744653600000,1647.27,1650.80,1634.24,1639.69,215335.528,1744657199999,353601496.87911,185356,99128.509,162786222.40880,0
1744657200000,1639.70,1646.66,1630.47,1635.92,166506.824,1744660799999,272764774.34434,166624,84691.392,138750957.30902,0
1744660800000,1635.95,1637.35,1625.65,1634.60,139105.085,1744664399999,226931515.66619,131381,65234.499,106442840.11366,0
1744664400000,1634.60,1634.93,1603.00,1623.94,203327.547,1744667999999,329268419.71437,153121,89361.256,144800185.68674,0
1744668000000,1623.94,1624.53,1613.38,1620.50,98938.764,1744671599999,160281637.49160,115529,47901.671,77602703.14693,0
1744671600000,1620.49,1628.64,1617.31,1623.02,127444.995,1744675199999,206892132.66478,122554,67712.142,109924652.93382,0
1744675200000,1623.02,1633.69,1613.65,1630.40,186218.335,1744678799999,302718836.36288,189900,97798.981,158989430.72623,0
1744678800000,1630.40,1638.15,1614.56,1633.58,212521.668,1744682399999,346013897.53809,193828,112647.860,183413039.29539,0
1744682400000,1633.57,1637.35,1616.13,1631.08,225295.987,1744685999999,366334500.18711,176687,111835.196,181876204.83527,0
1744686000000,1631.08,1643.21,1626.83,1637.15,164793.261,1744689599999,269589559.15975,150686,84541.982,138316054.63311,0
1744689600000,1637.15,1640.59,1631.45,1638.52,124959.512,1744693199999,204421847.88645,113146,59963.556,98111684.99978,0
1744693200000,1638.53,1648.00,1638.05,1638.11,162329.768,1744696799999,266593878.45371,128954,84324.679,138498928.27216,0
1744696800000,1638.11,1642.55,1632.77,1636.00,98506.439,1744700399999,161290610.87947,105309,41884.895,68597742.64620,0
1744700400000,1636.00,1646.27,1635.61,1644.18,96858.105,1744703999999,159133095.39347,94022,50522.337,83004687.37759,0
1744704000000,1644.18,1648.00,1637.75,1640.23,141164.512,1744707599999,231876810.68839,101552,67570.809,111025639.68705,0
1744707600000,1640.22,1651.79,1633.47,1647.71,190884.781,1744711199999,313649375.09720,133796,99402.621,163356333.07445,0
1744711200000,1647.70,1650.80,1625.25,1632.31,254733.198,1744714799999,416493057.11683,193898,118306.531,193474714.49406,0
1744714800000,1632.30,1632.62,1621.32,1631.18,167314.960,1744718399999,272361379.32995,134636,82100.103,133656776.24905,0
1744718400000,1631.17,1642.33,1627.81,1641.09,167055.274,1744721999999,273071150.42884,144869,86229.210,140992677.66619,0
1744722000000,1641.09,1660.68,1620.00,1628.25,585176.975,1744725599999,960632641.89171,376349,283373.550,465236771.06871,0
1744725600000,1628.26,1636.48,1600.01,1619.57,771180.948,1744729199999,1248332354.48827,519623,371255.720,600941756.93157,0
1744729200000,1619.58,1630.97,1611.01,1620.12,280138.707,1744732799999,453937684.32876,228244,133618.727,216572015.27849,0
1744732800000,1620.11,1627.19,1618.01,1621.80,171749.525,1744736399999,278704771.42673,154927,85571.615,138884757.32723,0
1744736400000,1621.79,1626.28,1612.00,1615.37,171054.227,1744739999999,276931551.31004,159757,81629.770,132145403.94264,0
1744740000000,1615.36,1618.37,1603.40,1609.77,213287.284,1744743599999,343437272.75398,182597,102734.298,165446423.31918,0
1744743600000,1609.76,1612.63,1594.21,1606.17,227873.363,1744747199999,365596107.36697,164853,113316.635,181876217.47207,0
1744747200000,1606.17,1614.35,1585.51,1594.39,238775.565,1744750799999,382026723.54760,163375,113689.673,181985502.40791,0
1744750800000,1594.38,1605.41,1588.96,1602.83,131928.072,1744754399999,210794492.40922,124821,69652.693,111289412.84368,0
1744754400000,1602.83,1603.28,1582.14,1590.23,171395.970,1744757999999,272865412.77344,154448,81600.568,129910043.34546,0
1744758000000,1590.23,1596.91,1584.50,1588.00,174901.142,1744761599999,278246481.48248,137694,81956.215,130383224.51824,0
1744761600000,1588.00,1594.39,1575.04,1580.00,261742.510,1744765199999,414897873.23380,229826,128187.412,203278583.12149,0
1744765200000,1580.00,1599.97,1577.83,1595.75,218550.607,1744768799999,348007492.66468,182141,124078.961,197567570.95192,0
1744768800000,1595.76,1603.81,1591.91,1597.64,181207.099,1744772399999,289560133.18360,145216,98213.851,156973584.66212,0
1744772400000,1597.64,1600.20,1588.12,1590.02,102956.441,1744775999999,164142067.45176,102162,44862.195,71556044.85324,0
1744776000000,1590.03,1592.76,1576.01,1586.47,250630.105,1744779599999,396546991.27547,189507,126864.392,200715009.99390,0
1744779600000,1586.46,1592.00,1550.00,1568.51,641116.389,1744783199999,1007129135.88762,364412,292164.939,458907917.15224,0
1744783200000,1568.51,1579.40,1565.56,1575.77,141082.956,1744786799999,221949466.64180,144009,69174.252,108808761.80917,0
1744786800000,1575.77,1578.56,1561.86,1563.45,153028.185,1744790399999,239987296.87536,136172,67808.277,106366516.64967,0
1744790400000,1563.44,1582.75,1555.72,1574.64,382816.127,1744793999999,600958204.23528,277346,195899.639,307567380.82488,0
1744794000000,1574.65,1578.98,1566.42,1567.34,139294.195,1744797599999,219122629.21919,139655,71964.644,113225552.38860,0
1744797600000,1567.34,1582.00,1566.74,1580.68,133532.931,1744801199999,210507482.43674,122794,74140.012,116857280.78087,0
1744801200000,1580.69,1585.00,1575.35,1583.25,139943.713,1744804799999,221305669.43625,119105,72287.862,114336870.35865,0
1744804800000,1583.26,1587.77,1573.99,1576.50,201706.342,1744808399999,319125401.75133,146868,95839.823,151680272.08009,0
1744808400000,1576.50,1581.76,1565.02,1566.62,321652.402,1744811999999,506139880.00689,225697,157318.683,247638007.75000,0
1744812000000,1566.62,1598.88,1566.16,1590.00,549472.311,1744815599999,870437950.70427,320591,298384.775,472511727.82944,0
1744815600000,1590.00,1614.95,1584.12,1589.91,445095.020,1744819199999,711073248.44051,311371,229218.340,366285680.54271,0
1744819200000,1589.91,1596.33,1575.25,1591.69,264328.885,1744822799999,419181575.27743,203700,130081.517,206344622.18683,0
1744822800000,1591.69,1612.36,1537.56,1545.02,940952.761,1744826399999,1482353286.55375,570716,468731.303,739353697.64702,0
1744826400000,1545.03,1579.69,1542.43,1565.59,686082.240,1744829999999,1071498244.13842,473968,349512.253,545689034.46563,0
1744830000000,1565.60,1594.94,1551.20,1588.16,445596.092,1744833599999,700679471.29682,302234,242481.816,381194217.24174,0
1744833600000,1588.13,1593.53,1569.24,1572.83,184864.003,1744837199999,292709747.67629,179829,88837.672,140666658.52603,0
1744837200000,1572.83,1598.01,1570.75,1591.38,217645.148,1744840799999,345354840.16132,162995,120076.019,190578479.98648,0
1744840800000,1591.40,1592.41,1582.98,1586.97,111610.931,1744844399999,177224149.78765,110613,50508.137,80198367.82835,0
1744844400000,1586.98,1587.95,1572.00,1576.58,107188.389,1744847999999,169159389.05602,100687,53397.927,84263269.52902,0
1744848000000,1576.57,1586.26,1574.00,1584.61,124722.546,1744851599999,197191075.65194,135207,68766.329,108723550.33608,0
1744851600000,1584.60,1593.92,1582.00,1588.66,159959.076,1744855199999,253969448.41138,127151,81871.023,130034308.76902,0
1744855200000,1588.66,1592.81,1581.08,1590.99,104851.764,1744858799999,166434507.45503,105315,48288.270,76656289.52101,0
1744858800000,1590.98,1594.90,1576.51,1584.04,143628.144,1744862399999,227520711.10297,125083,66240.757,104939407.48528,0
1744862400000,1584.04,1592.00,1580.14,1590.48,98291.100,1744865999999,155871389.32628,85862,52362.070,83055674.48051,0
1744866000000,1590.48,1602.97,1589.10,1598.29,166525.660,1744869599999,265901568.65685,148088,82848.884,132316885.72205,0
1744869600000,1598.28,1608.85,1596.50,1601.36,164977.739,1744873199999,264476380.15895,140482,83059.176,133173337.11088,0
1744873200000,1601.36,1609.90,1598.96,1600.99,146427.754,1744876799999,234743613.36187,134058,75064.392,120355687.62273,0
1744876800000,1600.99,1603.50,1593.50,1594.77,124920.665,1744880399999,199761873.14780,106291,57520.966,91986035.54367,0
1744880400000,1594.76,1596.85,1590.65,1594.54,125793.431,1744883999999,200488440.43289,114216,71499.166,113961522.10290,0
1744884000000,1594.54,1596.28,1587.69,1592.91,105241.650,1744887599999,167543606.00476,99101,54139.427,86194915.78366,0
1744887600000,1592.92,1598.02,1588.15,1592.50,126856.947,1744891199999,202139916.06945,98048,68768.894,109594687.69511,0
1744891200000,1592.51,1602.76,1592.16,1600.93,166065.263,1744894799999,265308657.77769,122812,91940.904,146891857.77173,0
1744894800000,1600.94,1600.94,1588.44,1593.01,213728.213,1744898399999,340581707.56165,169541,103904.070,165551138.68945,0
1744898400000,1593.01,1593.94,1562.26,1568.97,543695.899,1744901999999,856987881.43065,323302,247610.585,390233199.43080,0
1744902000000,1568.96,1586.89,1568.96,1582.42,299478.616,1744905599999,473496211.52578,219189,160922.441,254420674.27332,0
1744905600000,1582.43,1616.81,1576.58,1604.77,710391.303,1744909199999,1135856673.90953,403705,369697.363,591199912.64340,0
1744909200000,1604.77,1615.70,1599.95,1609.47,275509.541,1744912799999,442960561.70245,206234,130907.374,210498371.81301,0
1744912800000,1609.47,1615.00,1600.00,1600.01,259843.925,1744916399999,417920349.41711,182302,126170.655,202941707.25992,0
1744916400000,1600.02,1603.12,1575.36,1580.40,476533.922,1744919999999,756087087.51770,294966,209652.773,332744285.34237,0
1744920000000,1580.40,1590.08,1579.25,1583.70,174593.252,1744923599999,276688307.06066,144048,82032.887,130005777.05323,0
1744923600000,1583.70,1590.97,1581.72,1586.69,72087.332,1744927199999,114321840.83773,72859,41086.287,65167148.79947,0
1744927200000,1586.68,1591.00,1578.00,1578.41,81335.998,1744930799999,128959802.61818,85719,33888.889,53758373.54682,0
1744930800000,1578.41,1587.68,1578.41,1582.84,77054.802,1744934399999,122022252.00457,70925,38506.354,60966563.20689,0
1744934400000,1582.84,1584.32,1576.21,1579.00,91318.259,1744937999999,144282452.89008,101642,43955.290,69459224.89020,0
1744938000000,1578.99,1588.69,1577.11,1582.22,98979.158,1744941599999,156829922.03087,96813,55368.617,87739164.13170,0
1744941600000,1582.21,1586.78,1578.00,1583.97,78673.497,1744945199999,124513109.24690,76679,36750.109,58161309.89220,0
1744945200000,1583.97,1584.80,1578.26,1583.40,75147.466,1744948799999,118838734.46829,69281,39741.019,62857099.87407,0
1744948800000,1583.40,1584.49,1578.02,1580.23,70016.522,1744952399999,110684188.38743,66152,33182.934,52459497.49120,0
1744952400000,1580.23,1581.09,1572.65,1580.77,134456.289,1744955999999,211997888.53159,101238,65261.263,102914730.77984,0
1744956000000,1580.76,1581.30,1575.03,1580.48,76218.017,1744959599999,120327255.34966,67816,39297.757,62043341.82362,0
1744959600000,1580.48,1584.47,1575.98,1583.45,99073.249,1744963199999,156618358.35482,88953,50116.473,79238737.05625,0
1744963200000,1583.46,1592.40,1582.79,1586.18,126714.146,1744966799999,201121850.59020,105606,63509.159,100810721.27762,0
1744966800000,1586.17,1591.28,1583.34,1587.65,84512.322,1744970399999,134126942.78412,76932,47360.307,75167194.65346,0
1744970400000,1587.64,1589.30,1582.06,1583.38,79836.847,1744973999999,126578521.26872,69840,34801.956,55187423.64894,0
1744974000000,1583.37,1590.46,1581.34,1589.89,92964.731,1744977599999,147494114.14313,76170,49213.002,78084114.02506,0
1744977600000,1589.90,1596.63,1586.18,1592.45,144490.868,1744981199999,230019580.45301,102632,74772.901,119044482.01702,0
1744981200000,1592.45,1592.97,1586.19,1592.08,99927.576,1744984799999,158870455.77535,79519,47658.650,75774762.23811,0
1744984800000,1592.08,1595.42,1585.21,1588.34,136110.760,1744988399999,216413398.54350,87332,66548.167,105826635.17041,0
1744988400000,1588.34,1589.20,1577.56,1582.27,180356.958,1744991999999,285320635.93904,121689,83229.835,131658761.65667,0
1744992000000,1582.28,1587.28,1580.95,1586.71,87747.040,1744995599999,139027921.30693,71033,46083.449,73019675.33412,0
1744995600000,1586.71,1592.22,1584.35,1591.03,143548.894,1744999199999,227994117.75371,79858,71403.889,113417828.47956,0
1744999200000,1591.03,1594.28,1589.00,1592.72,106000.583,1745002799999,168732458.28076,69166,54542.733,86826862.62957,0
1745002800000,1592.72,1594.45,1589.82,1592.38,85733.136,1745006399999,136463713.33610,55754,40875.340,65054230.26401,0
1745006400000,1592.38,1593.92,1589.04,1592.56,62188.803,1745009999999,98989796.78419,52949,27683.744,44069056.96310,0
1745010000000,1592.56,1600.00,1591.81,1598.98,88943.689,1745013599999,141957941.77680,64850,51480.188,82164062.39446,0
1745013600000,1598.98,1599.30,1591.24,1592.00,53891.771,1745017199999,85933319.86761,59891,24551.387,39147127.75242,0
1745017200000,1592.00,1592.46,1586.27,1587.91,103613.156,1745020799999,164655258.56860,65018,51757.804,82245574.70103,0
1745020800000,1587.91,1589.71,1584.01,1585.69,68646.336,1745024399999,108933009.06292,58931,34919.905,55417977.59614,0
1745024400000,1585.69,1590.41,1585.12,1589.41,61230.334,1745027999999,97242952.38101,51366,39106.823,62112484.14067,0
1745028000000,1589.42,1595.74,1587.00,1591.66,84747.886,1745031599999,134948207.56804,79189,46823.295,74560511.56678,0
1745031600000,1591.67,1599.72,1591.49,1597.20,129186.660,1745035199999,206241395.35237,94451,68573.377,109475310.23870,0
1745035200000,1597.20,1613.00,1596.22,1602.83,255473.844,1745038799999,409958178.62192,165412,148150.567,237682907.39663,0
1745038800000,1602.84,1605.31,1600.41,1601.68,64223.376,1745042399999,102937796.09420,64157,31821.197,51005772.74540,0
1745042400000,1601.68,1602.56,1594.32,1595.71,90713.980,1745045999999,144951118.28937,76015,36553.155,58406303.32821,0
1745046000000,1595.71,1603.45,1595.71,1600.27,77936.219,1745049599999,124717779.28428,68341,41658.192,66655760.10208,0
1745049600000,1600.28,1604.66,1597.80,1602.18,66991.297,1745053199999,107271850.49726,60638,37390.977,59875554.74117,0
1745053200000,1602.18,1606.02,1596.90,1597.69,85970.993,1745056799999,137676546.89945,83170,39628.297,63468709.38563,0
1745056800000,1597.68,1600.35,1593.23,1595.67,98156.917,1745060399999,156720280.41458,83805,48672.496,77716135.02779,0
1745060400000,1595.67,1598.00,1594.08,1596.29,55028.821,1745063999999,87820513.77648,56930,27470.086,43840273.33425,0
1745064000000,1596.29,1598.60,1594.38,1596.51,46415.959,1745067599999,74111094.79247,52997,24873.250,39715891.96851,0
1745067600000,1596.51,1606.13,1594.56,1603.72,120944.710,1745071199999,193647956.07936,94248,68220.852,109249674.24250,0
1745071200000,1603.72,1607.77,1602.23,1605.50,123278.165,1745074799999,197853373.65114,89457,61841.199,99251922.16280,0
1745074800000,1605.50,1612.00,1602.70,1606.59,171954.742,1745078399999,276250304.14987,120461,81078.239,130288336.66963,0
1745078400000,1606.60,1610.34,1597.76,1599.11,168795.164,1745081999999,270723839.68425,120738,75694.997,121412364.44705,0
1745082000000,1599.11,1632.29,1598.43,1618.03,322267.431,1745085599999,520692962.47292,203692,178384.279,288202390.12484,0
1745085600000,1618.03,1622.48,1613.77,1614.39,126418.505,1745089199999,204534259.41618,107857,57957.783,93780551.80607,0
1745089200000,1614.39,1617.75,1612.50,1613.99,56102.695,1745092799999,90592595.36909,60664,26134.426,42204430.04745,0
1745092800000,1613.99,1616.29,1610.21,1613.23,56176.927,1745096399999,90628419.52585,57910,29718.039,47946519.75533,0
1745096400000,1613.23,1622.11,1613.06,1620.04,67587.056,1745099999999,109416067.55850,60597,38617.469,62523964.03132,0
1745100000000,1620.04,1620.61,1615.03,1618.65,42948.667,1745103599999,69471531.76896,48062,22821.466,36912719.50757,0
1745103600000,1618.65,1619.99,1611.07,1612.44,62774.425,1745107199999,101394495.20051,53492,24555.511,39654573.87741,0
1745107200000,1612.45,1614.55,1607.20,1609.46,92812.771,1745110799999,149487580.16445,84482,53236.971,85750953.18216,0
1745110800000,1609.45,1618.32,1608.82,1617.10,85711.016,1745114399999,138387792.24078,74193,47954.725,77409909.48156,0
1745114400000,1617.10,1618.46,1612.60,1615.37,50086.656,1745117999999,80910360.97836,51364,27241.231,44007043.67548,0
1745118000000,1615.37,1616.21,1608.76,1611.14,83752.972,1745121599999,134987042.30374,64232,37806.807,60935517.28135,0
1745121600000,1611.15,1617.00,1610.38,1613.88,54200.880,1745125199999,87486939.79250,50222,30619.418,49417956.98125,0
1745125200000,1613.88,1615.74,1608.62,1609.18,60223.131,1745128799999,97069327.06053,46326,23470.349,37841368.00087,0
1745128800000,1609.17,1612.64,1601.93,1604.78,131891.630,1745132399999,211921518.73627,93574,54338.277,87324847.72665,0
1745132400000,1604.78,1604.79,1580.00,1596.62,338727.023,1745135999999,539945158.15856,204658,154388.465,246178055.16543,0
1745136000000,1596.63,1596.88,1585.59,1589.34,138188.773,1745139599999,219934702.47699,101033,60224.033,95849895.44420,0
1745139600000,1589.34,1592.64,1587.60,1591.00,96262.786,1745143199999,153081200.97819,76943,47509.024,75555585.86055,0
1745143200000,1591.00,1592.00,1567.93,1573.80,337894.506,1745146799999,533375404.38656,201572,141254.164,223016099.47068,0
1745146800000,1573.80,1579.27,1564.69,1571.78,276567.145,1745150399999,434743202.14667,175680,137228.272,215743937.08769,0
1745150400000,1571.78,1579.00,1570.46,1575.07,157381.248,1745153999999,247943129.44452,112065,81331.722,128128104.66852,0
1745154000000,1575.06,1580.78,1570.21,1576.64,126279.876,1745157599999,198957076.38697,92817,64663.917,101894116.29625,0
1745157600000,1576.64,1583.39,1575.62,1579.34,114375.804,1745161199999,180597374.51405,94499,59061.937,93267765.07891,0
1745161200000,1579.33,1579.99,1570.19,1572.80,118010.888,1745164799999,185752724.90483,86008,53938.273,84900763.97547,0
1745164800000,1572.80,1582.00,1570.45,1580.50,104587.259,1745168399999,164997135.33092,84444,65966.645,104074648.26762,0
1745168400000,1580.49,1581.00,1575.08,1578.65,54162.598,1745171999999,85449779.87752,50177,23331.053,36807347.72339,0
1745172000000,1578.65,1581.26,1577.38,1580.58,55008.162,1745175599999,86880008.71052,46296,22428.430,35426812.61383,0
1745175600000,1580.57,1587.13,1578.01,1585.34,71853.425,1745179199999,113758388.62907,56389,42432.280,67184860.88077,0
1745179200000,1585.34,1600.00,1584.05,1589.06,225820.477,1745182799999,359497201.28066,152795,121686.941,193702111.50408,0
1745182800000,1589.05,1590.47,1582.26,1588.21,89556.799,1745186399999,142074525.87648,70659,38360.104,60865658.60161,0
1745186400000,1588.20,1588.46,1573.36,1581.32,144932.511,1745189999999,228855669.72572,99997,67936.273,107269653.88799,0
1745190000000,1581.30,1587.30,1581.30,1586.56,92632.651,1745193599999,146787069.17719,73088,44328.581,70240804.85441,0
1745193600000,1586.57,1620.00,1585.28,1609.49,504606.317,1745197199999,810890437.24847,329416,265714.828,426818935.83729,0
1745197200000,1609.50,1629.52,1607.26,1627.99,391185.190,1745200799999,633466175.27726,268835,244640.581,396319254.79870,0
1745200800000,1627.99,1645.34,1624.16,1632.01,532118.011,1745204399999,869025395.78720,329275,286357.956,467789884.01810,0
1745204400000,1632.00,1642.48,1631.37,1634.06,242108.282,1745207999999,396348263.56526,169559,126471.740,207053005.95546,0
1745208000000,1634.06,1640.80,1630.40,1639.52,192061.181,1745211599999,314114044.20248,132099,98958.220,161878138.86995,0
1745211600000,1639.53,1657.12,1636.77,1647.53,327599.193,1745215199999,539565011.78960,175427,196429.595,323572400.36977,0
1745215200000,1647.54,1658.00,1645.00,1647.38,194622.933,1745218799999,321081699.87484,139044,91811.515,151495576.80700,0
1745218800000,1647.38,1650.00,1640.70,1645.10,169979.372,1745222399999,279682630.33964,111428,86427.932,142242022.05932,0
1745222400000,1645.11,1648.87,1643.16,1648.57,93159.500,1745225999999,153402660.58224,77968,48897.332,80522557.15910,0
1745226000000,1648.56,1654.64,1638.55,1641.99,209144.871,1745229599999,344080862.94029,133072,105920.011,174262558.80547,0
1745229600000,1641.99,1642.88,1627.18,1635.16,253531.582,1745233199999,414192392.12234,150813,114571.715,187202626.34862,0
1745233200000,1635.15,1635.64,1617.04,1625.66,302485.441,1745236799999,491331724.89529,190994,151967.360,246844406.30497,0
1745236800000,1625.66,1630.93,1622.95,1622.97,186862.749,1745240399999,304132816.27347,134265,88343.845,143790934.77909,0
1745240400000,1622.97,1630.00,1610.40,1611.02,376646.871,1745243999999,610532164.59247,254717,183545.485,297640147.01324,0
1745244000000,1611.01,1641.39,1607.63,1633.62,676781.303,1745247599999,1100095398.82937,423439,364167.394,591719638.82900,0
1745247600000,1633.60,1634.69,1618.12,1622.50,276332.772,1745251199999,449162159.32290,216309,128918.695,209535409.75495,0
1745251200000,1622.50,1625.41,1586.26,1588.88,496484.242,1745254799999,797185090.29399,305166,216106.521,347160171.27152,0
1745254800000,1588.88,1589.52,1570.41,1577.72,767385.007,1745258399999,1212866014.23859,424292,380979.395,602146771.51198,0
1745258400000,1577.71,1578.52,1566.13,1566.82,381020.501,1745261999999,599341812.17372,243466,154818.419,243627499.80482,0
1745262000000,1566.81,1580.30,1560.62,1572.86,423594.582,1745265599999,666688677.30558,224903,190711.895,300102319.51024,0
1745265600000,1572.86,1577.51,1570.01,1576.81,127413.364,1745269199999,200515496.50123,107019,59505.259,93663263.88813,0
1745269200000,1576.81,1579.55,1571.36,1577.52,112557.440,1745272799999,177372254.72867,86618,46737.022,73663367.14270,0
1745272800000,1577.51,1578.00,1570.44,1576.85,113225.110,1745276399999,178306233.79553,83219,50855.557,80094095.12828,0
1745276400000,1576.85,1579.97,1571.20,1578.64,119172.540,1745279999999,187766370.53609,83005,63894.773,100687868.22884,0
1745280000000,1578.63,1579.98,1535.00,1567.94,588615.667,1745283599999,916253919.88513,329274,264330.125,411383664.07183,0
1745283600000,1567.95,1588.38,1563.70,1586.48,432890.761,1745287199999,683588738.32045,296850,211018.258,333317002.51030,0
1745287200000,1586.47,1593.23,1565.70,1576.24,342958.725,1745290799999,541437885.25937,230326,160381.339,253243673.75110,0
1745290800000,1576.24,1580.00,1570.30,1578.21,138751.026,1745294399999,218674780.62414,122387,70636.786,111338281.07541,0
1745294400000,1578.21,1586.07,1576.62,1576.94,139619.062,1745297999999,220862382.77207,112760,71889.872,113728575.89559,0
1745298000000,1576.94,1583.60,1573.07,1582.94,127098.569,1745301599999,200565915.00924,108638,71104.816,112214264.02699,0
1745301600000,1582.95,1584.87,1573.84,1582.98,144661.525,1745305199999,228459618.69025,114940,69612.305,109947006.07992,0
1745305200000,1582.97,1623.50,1581.68,1618.60,697084.584,1745308799999,1121455315.40679,377830,379024.404,609393441.87545,0
1745308800000,1618.60,1634.07,1618.09,1627.07,382501.762,1745312399999,621567934.35847,281552,195534.006,317778600.52504,0
1745312400000,1627.07,1632.99,1620.94,1624.65,243390.512,1745315999999,395821209.37975,162153,125465.310,204068089.71149,0
1745316000000,1624.65,1629.37,1612.41,1627.65,293197.439,1745319599999,475419063.41518,182375,151225.838,245276309.15011,0
1745319600000,1627.65,1638.00,1624.86,1630.14,237044.985,1745323199999,386418243.80566,150076,128126.043,208918970.08881,0
1745323200000,1630.14,1639.65,1626.45,1634.13,269159.357,1745326799999,439500324.45310,185824,130727.985,213500236.62080,0
1745326800000,1634.14,1653.20,1626.00,1642.31,677221.702,1745330399999,1110361081.57870,431459,332951.968,546015101.60460,0
1745330400000,1642.31,1680.00,1637.13,1674.63,955571.220,1745333999999,1585172713.86192,555685,529892.220,879327320.14169,0
1745334000000,1674.64,1725.93,1673.63,1702.41,1498005.264,1745337599999,2551799488.27217,907287,800852.542,1363937681.34721,0
1745337600000,1702.41,1710.00,1685.32,1691.13,381483.383,1745341199999,647491169.53310,293240,181084.770,307414642.89740,0
1745341200000,1691.11,1702.49,1681.42,1699.62,400798.192,1745344799999,678854209.75086,276358,220038.401,372798393.21084,0
1745344800000,1699.62,1706.78,1694.95,1703.16,201358.622,1745348399999,342417244.69203,160404,94124.910,160065066.28399,0
1745348400000,1703.17,1704.71,1683.00,1697.54,218089.777,1745351999999,369297697.94639,188170,104613.739,177104088.26920,0
1745352000000,1697.53,1701.16,1691.49,1694.52,127350.665,1745355599999,216092582.52708,118291,58607.392,99451928.13660,0
1745355600000,1694.51,1779.02,1693.49,1753.65,1017542.321,1745359199999,1764446454.59755,626442,566592.793,982328936.69352,0
1745359200000,1753.65,1761.39,1737.62,1744.97,403646.442,1745362799999,706147813.84348,338685,201474.449,352548290.53300,0
1745362800000,1745.00,1763.90,1743.91,1755.57,389627.893,1745366399999,683785757.19623,281637,207175.384,363587283.68395,0
1745366400000,1755.58,1762.86,1744.30,1750.73,286401.004,1745369999999,501956775.72998,233513,136387.679,239068020.70657,0
1745370000000,1750.73,1789.00,1746.69,1761.34,582605.227,1745373599999,1031794968.53817,428943,303189.878,536969236.66344,0
1745373600000,1761.33,1807.36,1760.45,1791.30,565103.782,1745377199999,1011446977.14320,435890,298962.129,535109371.90790,0
1745377200000,1791.31,1796.85,1778.89,1794.51,314642.802,1745380799999,562356350.20666,224938,154328.910,275889026.21597,0
1745380800000,1794.51,1817.98,1781.19,1816.18,337968.492,1745384399999,607222836.69452,240375,179538.600,322727800.82625,0
1745384400000,1816.18,1816.19,1793.22,1796.68,450083.688,1745387999999,811812124.37691,313264,207076.803,373526079.83480,0
1745388000000,1796.68,1801.68,1785.36,1788.27,254167.442,1745391599999,455833029.86784,215468,130794.146,234582861.62416,0
1745391600000,1788.26,1794.48,1773.10,1791.27,382173.199,1745395199999,680992532.39432,268602,191631.754,341524646.60653,0
1745395200000,1791.28,1800.88,1785.08,1790.59,255149.140,1745398799999,457426449.92237,197591,122804.764,220175095.19506,0
1745398800000,1790.59,1801.39,1785.00,1785.01,197372.710,1745402399999,354028592.07000,151579,92740.062,166381996.85387,0
1745402400000,1785.02,1809.00,1778.29,1802.96,356098.342,1745405999999,638294372.97359,266978,186790.843,334890037.08616,0
1745406000000,1802.97,1812.04,1791.83,1796.74,248687.484,1745409599999,448044368.24971,225892,116125.213,209268395.09122,0
1745409600000,1796.74,1838.00,1794.31,1814.30,489935.999,1745413199999,888698825.23166,359160,262808.503,476893822.84844,0
1745413200000,1814.30,1836.98,1781.15,1786.19,964117.738,1745416799999,1741111536.15230,621666,460184.234,831597539.91653,0
1745416800000,1786.20,1802.61,1780.40,1787.32,487979.332,1745420399999,874677051.31398,433057,234608.575,420565535.15026,0
1745420400000,1787.32,1797.66,1761.00,1793.70,757606.457,1745423999999,1345820427.27126,565499,392643.455,697672559.55989,0
1745424000000,1793.71,1797.00,1781.17,1791.90,306605.931,1745427599999,549006892.32132,266404,157936.752,282841008.56476,0
1745427600000,1791.89,1803.69,1787.00,1799.99,232369.984,1745431199999,417177599.82667,196582,111106.752,199496573.07749,0
1745431200000,1799.99,1809.60,1793.02,1797.55,193105.374,1745434799999,347978929.75744,166373,94549.550,170409572.65526,0
1745434800000,1797.55,1798.60,1773.43,1785.44,294175.266,1745438399999,524639500.25876,217678,127367.599,227147973.95601,0
1745438400000,1785.44,1799.47,1784.78,1794.70,116690.181,1745441999999,209242695.19905,125916,61893.666,110979963.89300,0
1745442000000,1794.71,1798.22,1785.88,1790.86,65619.065,1745445599999,117665167.97281,70186,30733.745,55119791.28061,0
1745445600000,1790.87,1805.47,1788.59,1802.87,85823.187,1745449199999,154278905.29841,94723,44703.804,80340814.70104,0
1745449200000,1802.88,1806.28,1790.59,1794.46,85041.294,1745452799999,152950577.47813,92431,37513.910,67462390.83193,0
1745452800000,1794.45,1797.98,1782.51,1789.10,132134.116,1745456399999,236502257.43554,140520,67710.268,121216938.72027,0
1745456400000,1789.11,1797.41,1780.42,1793.33,150441.478,1745459999999,269120189.93375,154751,74281.876,132919263.81250,0
1745460000000,1793.33,1802.27,1774.11,1778.40,203166.389,1745463599999,363091342.99880,179077,84219.199,150497528.67977,0
1745463600000,1778.41,1790.45,1765.52,1767.30,287324.632,1745467199999,510727708.32734,206139,148110.833,263386545.43605,0
1745467200000,1767.29,1772.90,1757.06,1771.44,252242.009,1745470799999,445409823.44314,213357,117930.779,208276260.57922,0
1745470800000,1771.45,1775.71,1765.64,1768.61,115897.549,1745474399999,205279532.71709,105013,50743.604,89890333.23546,0
1745474400000,1768.61,1775.39,1761.00,1767.34,123459.496,1745477999999,218450591.10292,117112,60054.249,106278634.16799,0
1745478000000,1767.34,1773.99,1750.80,1755.61,267089.365,1745481599999,470118005.75251,202471,132388.453,233002470.71465,0
1745481600000,1755.60,1759.88,1721.22,1733.80,700425.497,1745485199999,1215714187.98386,407401,320927.124,556978383.71565,0
1745485200000,1733.80,1746.32,1733.48,1742.70,284680.761,1745488799999,495413557.32505,190282,158245.622,275395849.54409,0
1745488800000,1742.70,1750.92,1739.12,1749.46,153414.364,1745492399999,267868880.12399,120219,83595.857,145993312.52926,0
1745492400000,1749.47,1756.70,1740.51,1754.05,182649.944,1745495999999,319073825.16842,131195,92019.258,160790851.88517,0
1745496000000,1754.04,1757.26,1746.44,1756.99,168337.131,1745499599999,294961660.81071,141090,80691.845,141423293.08656,0
1745499600000,1756.99,1759.99,1743.12,1752.83,214814.509,1745503199999,376389703.76662,196079,106823.525,187183138.84138,0
1745503200000,1752.83,1775.81,1751.90,1764.54,514721.867,1745506799999,907471981.43095,383189,259905.740,458364221.76363,0
1745506800000,1764.54,1777.33,1761.20,1763.83,254545.155,1745510399999,450365468.94375,224508,132325.373,234153721.49535,0
1745510400000,1763.83,1776.85,1762.50,1769.38,190557.905,1745513999999,337489328.16225,164961,95191.058,168578597.32581,0
1745514000000,1769.38,1773.15,1745.09,1754.47,404903.409,1745517599999,710634824.46692,289467,189529.250,332690822.90763,0
1745517600000,1754.46,1768.85,1754.04,1762.30,181144.608,1745521199999,319123369.57817,159687,92066.689,162188396.13582,0
1745521200000,1762.31,1765.76,1755.01,1762.21,105149.271,1745524799999,185188948.29647,106000,53398.491,94060102.95081,0
1745524800000,1762.21,1769.64,1760.13,1761.32,82611.420,1745528399999,145759819.23793,81301,38640.940,68183376.07456,0
1745528400000,1761.32,1763.59,1747.81,1760.27,93592.261,1745531999999,164273103.74397,95486,42595.253,74791031.53016,0
1745532000000,1760.27,1764.35,1755.05,1759.29,60454.779,1745535599999,106434222.76291,66379,30402.223,53528747.58156,0
1745535600000,1759.29,1774.17,1758.00,1768.80,123575.456,1745539199999,218512026.53414,103326,64125.435,113393083.78975,0
1745539200000,1768.79,1774.81,1762.19,1773.29,127816.745,1745542799999,226109815.38127,111676,60303.132,106696005.97482,0
1745542800000,1773.29,1789.88,1764.03,1765.00,254203.977,1745546399999,451699869.75521,214829,125769.014,223585238.28945,0
1745546400000,1765.00,1769.82,1737.40,1743.79,316276.260,1745549999999,553736173.25840,241662,134642.649,235830911.31355,0
1745550000000,1743.78,1761.50,1739.00,1760.00,209703.441,1745553599999,367453653.96889,151526,126990.486,222549113.48805,0
1745553600000,1760.00,1771.41,1757.25,1765.34,148863.266,1745557199999,262685828.92990,132254,82569.843,145720380.35865,0
1745557200000,1765.34,1770.33,1762.31,1766.62,79798.572,1745560799999,140943570.74834,84239,36765.518,64943611.01716,0
1745560800000,1766.63,1779.99,1764.67,1776.19,175262.200,1745564399999,310823111.86585,131423,95770.993,169854175.93803,0
1745564400000,1776.18,1781.23,1769.22,1776.38,173689.840,1745567999999,308188463.30762,129354,82107.962,145712458.13167,0
1745568000000,1776.39,1778.26,1771.57,1774.38,107652.486,1745571599999,191090568.28261,109510,52823.465,93774427.43099,0
1745571600000,1774.39,1792.72,1763.08,1787.42,265092.206,1745575199999,471332558.28565,182967,138339.940,246068453.40388,0
1745575200000,1787.43,1791.22,1768.00,1770.76,324856.756,1745578799999,577970849.39646,199441,134813.261,239882083.60058,0
1745578800000,1770.77,1789.56,1770.66,1789.47,225693.498,1745582399999,402140254.01674,154034,115677.687,206110111.19359,0
1745582400000,1789.47,1802.00,1769.45,1772.00,484174.019,1745585999999,864691566.67082,315253,217665.143,388898780.34211,0
1745586000000,1772.00,1778.23,1755.81,1768.11,391601.228,1745589599999,693048767.03297,309838,191156.985,338412649.53664,0
1745589600000,1768.10,1813.31,1767.03,1807.60,721028.222,1745593199999,1290587718.89887,486807,379479.863,679211555.80255,0
1745593200000,1807.59,1826.91,1800.15,1805.70,643195.892,1745596799999,1164993415.04515,471020,318073.921,576205763.67588,0
1745596800000,1805.69,1808.58,1786.68,1800.77,331240.319,1745600399999,595175604.02798,257748,159606.675,286825202.80083,0
1745600400000,1800.76,1809.81,1781.32,1784.80,322750.491,1745603999999,579158292.12468,257644,162335.038,291290589.43493,0
1745604000000,1784.81,1802.35,1784.80,1795.46,142374.768,1745607599999,255587812.77388,136375,75817.995,136107503.03656,0
1745607600000,1795.47,1802.28,1790.81,1801.45,112748.354,1745611199999,202453196.84276,115832,60993.866,109522394.00666,0
1745611200000,1801.45,1805.71,1791.43,1797.41,114136.499,1745614799999,205378991.26960,114463,50266.027,90437445.01506,0
1745614800000,1797.41,1808.87,1784.06,1789.03,162962.923,1745618399999,292870814.04858,141146,77551.292,139402143.57375,0
1745618400000,1789.02,1798.61,1787.73,1794.92,47833.722,1745621999999,85798394.04194,64991,25597.610,45909701.66109,0
1745622000000,1794.92,1798.00,1783.00,1783.77,106154.492,1745625599999,189849215.21854,88924,57282.316,102444638.53595,0
1745625600000,1783.76,1798.06,1783.76,1795.71,173542.929,1745629199999,310892843.32462,131326,82689.771,148115981.24957,0
1745629200000,1795.70,1815.05,1790.55,1806.39,205853.359,1745632799999,371228375.78658,156179,102475.898,184828017.43953,0
1745632800000,1806.40,1814.58,1800.42,1807.14,173036.705,1745636399999,312683132.12434,131193,67938.372,122804089.08870,0
1745636400000,1807.15,1809.26,1791.74,1796.51,157086.389,1745639999999,282566066.66552,133807,68106.769,122510189.55344,0
1745640000000,1796.50,1799.66,1788.96,1790.91,106928.832,1745643599999,191759378.60146,99042,52620.140,94376380.69819,0
1745643600000,1790.90,1797.00,1788.01,1793.37,80720.197,1745647199999,144709308.63751,88341,35465.205,63583593.93937,0
1745647200000,1793.37,1806.36,1792.86,1802.14,108994.701,1745650799999,196291102.86876,96663,57282.511,103141609.63416,0
1745650800000,1802.13,1809.94,1799.02,1799.54,159373.166,1745654399999,287679226.41751,116526,82405.795,148767618.78873,0
1745654400000,1799.54,1841.49,1797.05,1805.47,667829.560,1745657999999,1213472542.39366,400025,322046.869,585524047.93922,0
1745658000000,1805.47,1814.54,1791.93,1802.50,265894.458,1745661599999,479246927.13492,216571,120735.760,217615675.07008,0
1745661600000,1802.49,1810.01,1800.50,1802.85,116585.264,1745665199999,210547148.81635,123286,54714.189,98826182.89556,0
1745665200000,1802.85,1805.59,1777.31,1784.73,326845.037,1745668799999,585135644.71232,233704,150881.733,270161739.10039,0
1745668800000,1784.73,1798.47,1783.19,1790.77,226736.359,1745672399999,406219090.64747,155437,129701.208,232372759.24341,0
1745672400000,1790.77,1794.75,1778.88,1789.71,170483.309,1745675999999,304695472.51761,134495,73720.816,131793485.42507,0
1745676000000,1789.70,1795.91,1784.20,1791.28,114708.402,1745679599999,205437170.41814,130774,58387.614,104576496.01713,0
1745679600000,1791.29,1803.94,1791.28,1799.39,159828.732,1745683199999,287532591.57851,130563,86558.020,155747367.79107,0
1745683200000,1799.38,1804.09,1795.00,1802.34,99487.555,1745686799999,179024191.84741,90565,50474.980,90844600.53886,0
1745686800000,1802.34,1806.64,1798.46,1803.78,71986.353,1745690399999,129819878.97759,82266,40014.988,72165592.47550,0
1745690400000,1803.78,1807.71,1799.89,1802.00,62789.210,1745693999999,113275323.83609,66435,28940.002,52213453.81970,0
1745694000000,1801.99,1814.95,1800.09,1812.21,82589.348,1745697599999,149271193.49531,78268,52621.255,95143688.46186,0
1745697600000,1812.22,1817.97,1804.52,1805.03,98686.257,1745701199999,178820680.24220,93854,49966.970,90563583.16177,0
1745701200000,1805.03,1815.00,1804.86,1811.22,66838.419,1745704799999,121109671.66495,70512,31886.801,57774167.84224,0
1745704800000,1811.23,1830.78,1811.23,1815.37,187457.308,1745708399999,341357073.21802,154479,98845.593,180000391.01324,0
1745708400000,1815.37,1822.15,1813.00,1820.00,81306.000,1745711999999,147783063.90113,78647,40013.199,72738551.27204,0
1745712000000,1819.99,1849.00,1819.11,1841.30,382318.377,1745715599999,702745276.49769,317756,201986.306,371337927.50053,0
1745715600000,1841.29,1857.00,1800.00,1803.62,634981.439,1745719199999,1159838798.87674,457464,301336.907,550516452.31035,0
1745719200000,1803.62,1817.05,1800.00,1812.02,140189.894,1745722799999,253772256.80200,163903,72316.065,130909024.57057,0
1745722800000,1812.03,1816.50,1804.35,1808.74,112247.931,1745726399999,203172961.95154,110243,50144.415,90772461.42597,0
1745726400000,1808.74,1810.77,1795.75,1797.22,149346.193,1745729999999,269133688.54283,122910,62478.550,112620483.82983,0
1745730000000,1797.21,1805.88,1788.88,1797.74,190386.531,1745733599999,342057961.42161,142669,95173.289,171063333.82427,0
1745733600000,1797.74,1803.58,1796.68,1799.93,115750.671,1745737199999,208396535.64110,84199,57714.732,103912251.36894,0
1745737200000,1799.94,1804.50,1796.13,1802.98,68907.629,1745740799999,124146749.57360,66458,35876.660,64633423.80421,0
1745740800000,1802.98,1814.99,1800.58,1809.06,150670.725,1745744399999,272462709.23775,114159,79164.354,143191897.29572,0
1745744400000,1809.06,1812.08,1804.18,1809.65,70843.176,1745747999999,128080876.67165,74069,32852.536,59402903.52072,0
1745748000000,1809.66,1812.20,1805.00,1808.26,70377.084,1745751599999,127304134.30288,73735,32834.190,59402250.71058,0
1745751600000,1808.25,1809.03,1802.60,1805.04,71420.260,1745755199999,128981936.11118,82895,34057.023,61506120.39256,0
1745755200000,1805.03,1806.69,1792.90,1795.23,202767.864,1745758799999,365089244.59596,153448,97834.383,176192889.95354,0
1745758800000,1795.23,1799.55,1780.25,1796.92,284770.087,1745762399999,510108135.25236,205554,138649.113,248445823.20245,0
1745762400000,1796.93,1807.96,1791.95,1795.51,177058.575,1745765999999,318590456.82400,130227,93101.276,167531402.47810,0
1745766000000,1795.51,1796.85,1788.05,1792.88,119733.441,1745769599999,214571491.49250,114275,60141.866,107787456.97400,0
1745769600000,1792.88,1797.39,1786.18,1794.59,103161.023,1745773199999,184914147.75446,98400,53270.833,95497139.89790,0
1745773200000,1794.58,1801.25,1792.01,1797.25,73886.150,1745776799999,132821540.36963,78789,41318.700,74282835.05303,0
1745776800000,1797.26,1807.77,1796.15,1802.61,79525.568,1745780399999,143354645.06073,73953,44325.680,79911893.06990,0
1745780400000,1802.60,1807.44,1799.90,1806.95,50430.396,1745783999999,90947744.62585,61625,25850.003,46622631.34316,0
1745784000000,1806.95,1807.25,1797.57,1801.61,70612.693,1745787599999,127216442.55218,72476,34265.822,61733883.67250,0
1745787600000,1801.60,1806.53,1795.12,1802.14,46850.052,1745791199999,84409660.26719,55168,22035.706,39706921.02123,0
1745791200000,1802.14,1802.44,1783.10,1793.61,182028.631,1745794799999,326048271.75297,154711,74274.955,133038469.16346,0
1745794800000,1793.60,1795.45,1787.45,1790.21,71291.216,1745798399999,127711170.35237,79510,32259.950,57792025.77397,0
1745798400000,1790.22,1793.25,1766.26,1772.79,462341.913,1745801999999,821967958.94704,306269,204672.608,363960009.49703,0
1745802000000,1772.79,1777.80,1750.99,1763.11,407306.619,1745805599999,718337436.50141,294499,183880.686,324334779.21719,0
1745805600000,1763.11,1773.34,1761.04,1772.02,149744.814,1745809199999,264860020.19739,144141,83696.293,148039308.14513,0
1745809200000,1772.02,1786.59,1768.60,1783.25,145024.726,1745812799999,257926897.34223,129641,80888.902,143885126.54343,0
1745812800000,1783.24,1793.60,1783.24,1786.85,152074.770,1745816399999,271858585.16365,127141,73494.680,131397842.66203,0
1745816400000,1786.85,1802.40,1785.10,1794.77,186690.517,1745819999999,334876699.25591,141735,96733.091,173538538.35718,0
1745820000000,1794.77,1805.22,1794.50,1803.80,150901.449,1745823599999,271736241.94827,133981,75965.646,136820972.47657,0
1745823600000,1803.80,1811.82,1799.28,1803.95,178266.150,1745827199999,321892780.70474,142808,90638.942,163711053.02313,0
1745827200000,1803.95,1809.63,1800.56,1808.50,106862.368,1745830799999,192941439.12041,123272,52768.634,95290326.63275,0
1745830800000,1808.49,1815.78,1803.52,1804.83,140454.708,1745834399999,254158215.61015,128307,67388.950,121969021.94961,0
1745834400000,1804.84,1823.70,1787.10,1814.41,540962.985,1745837999999,977546157.87439,313988,283300.280,512402424.07827,0
1745838000000,1814.42,1826.71,1809.29,1815.00,272516.806,1745841599999,495239229.15834,174248,138249.374,251232882.09380,0
1745841600000,1815.00,1816.48,1803.13,1805.70,259470.107,1745845199999,469515965.37991,179689,126266.250,228511827.45340,0
1745845200000,1805.70,1809.53,1780.96,1783.20,435761.845,1745848799999,781513948.51051,321898,203813.025,365574252.32984,0
1745848800000,1783.21,1798.21,1778.48,1781.00,326275.382,1745852399999,583321137.75792,248171,159597.222,285396344.41833,0
1745852400000,1781.00,1784.69,1751.42,1762.08,508152.326,1745855999999,896171724.90991,381485,241628.993,426160511.86059,0
1745856000000,1762.08,1767.59,1742.15,1757.05,433076.823,1745859599999,760938776.78153,304029,199813.562,351273625.70463,0
1745859600000,1757.04,1773.68,1753.37,1770.01,229024.051,1745863199999,403639107.04833,165641,124116.130,218746540.92628,0
1745863200000,1770.00,1781.34,1763.60,1777.37,186436.691,1745866799999,330239649.04839,153999,101703.428,180191448.60030,0
1745866800000,1777.36,1805.00,1776.78,1796.36,458004.593,1745870399999,822137742.48282,317904,252684.234,453580275.95547,0
1745870400000,1796.35,1798.35,1782.62,1785.11,143101.862,1745873999999,255889495.26155,124778,66030.907,118074447.52247,0
1745874000000,1785.10,1794.10,1780.24,1792.70,107015.600,1745877599999,191239225.59879,80387,61175.849,109341561.18342,0
1745877600000,1792.69,1805.85,1790.80,1801.21,225527.085,1745881199999,405604512.65989,151211,121032.927,217656167.39405,0
1745881200000,1801.21,1806.87,1794.25,1799.22,147734.497,1745884799999,265886310.03287,125248,72114.067,129807612.92537,0
1745884800000,1799.21,1805.15,1792.65,1801.27,153802.792,1745888399999,276711530.41505,140501,74914.222,134783687.03136,0
1745888400000,1801.26,1810.92,1791.70,1795.70,208885.684,1745891999999,376182528.71547,204860,100826.084,181655139.55112,0
1745892000000,1795.71,1801.27,1786.68,1793.91,144253.073,1745895599999,258749420.32946,152752,66503.694,119309202.55956,0
1745895600000,1793.92,1804.61,1791.43,1801.26,120271.505,1745899199999,216421794.52642,114562,72784.866,130994896.98401,0
1745899200000,1801.26,1804.11,1788.16,1791.72,158336.016,1745902799999,284547098.72259,118875,87799.955,157843605.95804,0
1745902800000,1791.72,1795.75,1787.37,1794.01,92815.702,1745906399999,166337635.61012,113117,47970.937,85977953.12438,0
1745906400000,1794.01,1821.50,1793.31,1820.37,360193.060,1745909999999,652900082.03790,258538,195474.701,354268151.85699,0
1745910000000,1820.37,1824.24,1815.48,1820.77,180778.406,1745913599999,329016930.14464,154700,85121.972,154938681.71099,0
1745913600000,1820.77,1836.84,1815.76,1831.68,306388.387,1745917199999,559223566.45026,216197,166946.339,304823301.41306,0
1745917200000,1831.69,1834.65,1823.49,1831.05,201435.298,1745920799999,368422303.47033,157241,98383.397,179950673.53111,0
1745920800000,1831.05,1842.82,1821.96,1824.97,364572.043,1745924399999,668020258.09893,228854,185328.410,339689046.28648,0
1745924400000,1824.97,1837.65,1824.21,1828.90,169697.739,1745927999999,310777947.15682,143602,88330.929,161747005.94900,0
1745928000000,1828.89,1832.58,1819.90,1820.98,175778.447,1745931599999,320934952.84080,150366,72638.594,132672501.05771,0
1745931600000,1820.97,1824.02,1801.00,1813.42,568076.145,1745935199999,1029370264.52385,333807,267970.675,485519572.59753,0
1745935200000,1813.43,1825.50,1807.15,1822.43,340681.517,1745938799999,619426898.10341,266311,182793.347,332380662.79234,0
1745938800000,1822.43,1824.53,1811.00,1814.21,156904.817,1745942399999,285133102.21054,141806,77138.048,140189075.64238,0
1745942400000,1814.20,1831.49,1812.46,1815.29,267224.136,1745945999999,486907969.94430,200531,132105.880,240751323.88481,0
1745946000000,1815.29,1829.00,1806.00,1824.33,248435.866,1745949599999,451402338.10867,202597,130711.173,237536524.52426,0
1745949600000,1824.34,1827.98,1820.00,1824.58,104821.314,1745953199999,191215712.83695,99032,48581.974,88626696.49271,0
1745953200000,1824.57,1828.00,1818.00,1820.92,97450.992,1745956799999,177611027.47608,91190,51475.704,93815205.70835,0
1745956800000,1820.92,1824.87,1806.03,1807.74,159133.477,1745960399999,288396294.71359,121687,69605.744,126182505.81985,0
1745960400000,1807.73,1810.68,1788.30,1799.26,298839.456,1745963999999,536963177.41526,215270,134889.393,242361488.90814,0
1745964000000,1799.25,1799.25,1789.00,1791.55,160338.298,1745967599999,287622749.35250,132149,83003.602,148899533.50496,0
1745967600000,1791.55,1798.87,1779.36,1796.57,276204.275,1745971199999,493828656.74132,190099,142150.202,254210317.63812,0
1745971200000,1796.57,1812.48,1793.46,1804.48,212469.699,1745974799999,383278436.20034,161018,110976.730,200206420.86480,0
1745974800000,1804.48,1805.59,1787.72,1796.73,127909.602,1745978399999,229840548.54198,116124,55952.294,100577586.98259,0
1745978400000,1796.74,1805.46,1792.50,1802.19,117580.397,1745981999999,211625746.48040,111789,60715.252,109271635.14083,0
1745982000000,1802.19,1811.88,1797.50,1808.19,115282.399,1745985599999,207984706.45171,105506,59542.684,107422690.57062,0
1745985600000,1808.18,1812.22,1804.41,1811.10,95928.465,1745989199999,173460478.71855,82824,46416.309,83933070.78053,0
1745989200000,1811.10,1811.48,1800.45,1805.27,110615.069,1745992799999,199669868.91627,84605,51746.861,93406565.45377,0
1745992800000,1805.26,1807.97,1801.86,1802.39,62520.931,1745996399999,112832716.96317,64353,31978.872,57713143.20405,0
1745996400000,1802.39,1806.85,1790.00,1795.55,155798.990,1745999999999,279909312.64355,121946,63429.213,113978115.38682,0
1746000000000,1795.54,1801.38,1791.61,1794.31,139903.788,1746003599999,251360662.01925,104381,73290.340,131687719.24250,0
1746003600000,1794.32,1807.70,1793.96,1805.62,134718.378,1746007199999,242789116.38377,101477,70690.298,127385956.26641,0
1746007200000,1805.62,1810.00,1802.90,1806.60,100410.498,1746010799999,181355925.25481,90268,48787.059,88119904.36968,0
1746010800000,1806.59,1816.00,1806.59,1814.79,169597.321,1746014399999,307171166.74519,107165,92365.960,167314741.67230,0
1746014400000,1814.79,1815.48,1766.00,1774.28,744498.826,1746017999999,1329040379.56764,450670,341569.188,609506958.55733,0
1746018000000,1774.28,1775.17,1733.60,1740.14,836394.398,1746021599999,1470268166.01807,533916,380987.730,670071784.25410,0
1746021600000,1740.14,1772.67,1730.60,1758.12,787120.599,1746025199999,1380568274.58219,463025,407762.197,715144163.56415,0
1746025200000,1758.13,1770.91,1756.37,1763.72,246060.560,1746028799999,434172266.03172,193382,130379.545,230100372.10862,0
1746028800000,1763.72,1770.33,1755.02,1767.00,171358.913,1746032399999,302080770.85900,146868,82814.052,145991579.00502,0
1746032400000,1767.01,1778.94,1760.65,1774.70,198649.334,1746035999999,351834044.71841,153051,108213.749,191691635.90792,0
1746036000000,1774.71,1788.93,1772.08,1781.66,287521.779,1746039599999,512579561.52277,213050,149921.432,267335050.91013,0
1746039600000,1781.65,1792.39,1775.14,1785.96,179598.748,1746043199999,320371931.81594,142371,85459.341,152467295.69503,0
1746043200000,1786.08,1809.19,1784.00,1793.01,345793.094,1746046799999,622192212.19805,250727,190720.276,343126050.99559,0
1746046800000,1793.00,1799.93,1790.00,1791.51,99756.583,1746050399999,179087810.61197,77983,46616.890,83698476.16427,0
1746050400000,1791.51,1798.69,1788.06,1794.57,92165.018,1746053999999,165248166.21673,85869,46312.130,83033233.02992,0
1746054000000,1794.58,1798.90,1791.26,1792.71,94890.099,1746057599999,170361305.61056,75064,50881.068,91367834.71531,0
1746057600000,1792.71,1798.15,1791.55,1796.88,78934.331,1746061199999,141683687.46029,72737,39728.370,71312558.81011,0
1746061200000,1796.87,1810.00,1796.87,1809.22,149630.913,1746064799999,269851172.76431,123172,79550.152,143473995.24375,0
1746064800000,1809.23,1818.18,1805.23,1806.76,230925.264,1746068399999,418458291.13370,169400,110935.395,201070207.69475,0
1746068400000,1806.76,1813.48,1804.49,1807.28,127928.310,1746071999999,231427341.80939,94007,68008.895,123033866.73732,0
1746072000000,1807.28,1809.49,1803.11,1808.30,95061.908,1746075599999,171765744.55019,74488,50028.169,90395223.30599,0
1746075600000,1808.30,1816.77,1804.76,1812.70,134540.111,1746079199999,243645406.86255,88044,77110.649,139681524.82903,0
1746079200000,1812.70,1814.48,1804.16,1805.59,80920.601,1746082799999,146346503.04210,67483,38838.501,70236848.57872,0
1746082800000,1805.59,1814.07,1801.24,1809.74,90211.966,1746086399999,163127226.69341,71891,44470.362,80419931.19360,0
1746086400000,1809.74,1820.00,1807.74,1816.90,164407.237,1746089999999,298359643.85546,109489,90325.133,163936047.25006,0
1746090000000,1816.90,1823.94,1813.99,1816.61,186238.900,1746093599999,338829226.29313,142517,99560.803,181154471.98368,0
1746093600000,1816.61,1850.84,1816.61,1847.00,685159.496,1746097199999,1258727796.60036,389200,391864.105,719896695.03103,0
1746097200000,1847.00,1858.73,1837.24,1844.79,401664.756,1746100799999,742033078.46942,258466,203647.284,376307929.47906,0
1746100800000,1844.79,1854.72,1841.27,1848.20,242551.375,1746104399999,448237697.40728,162696,118458.569,218945204.59033,0
1746104400000,1848.21,1850.58,1823.47,1825.81,627986.103,1746107999999,1152832681.27488,350004,289232.854,530975531.68325,0
1746108000000,1825.81,1849.42,1825.81,1847.63,342024.513,1746111599999,628500736.49029,249853,174508.659,320734218.52641,0
1746111600000,1847.62,1872.71,1843.60,1851.99,576814.978,1746115199999,1073079714.81646,374955,291159.972,541756791.66718,0
1746115200000,1852.00,1869.40,1850.97,1858.69,227061.727,1746118799999,422305290.46098,183277,118311.960,220032984.29262,0
1746118800000,1858.69,1863.92,1845.23,1854.99,219405.676,1746122399999,406833527.25043,161776,108989.515,202079512.19103,0
1746122400000,1854.99,1857.82,1846.50,1854.99,130269.290,1746125999999,241271941.67955,106790,64213.706,118947863.77456,0
1746126000000,1855.00,1855.27,1838.08,1842.12,158791.476,1746129599999,293231362.45476,113992,76709.204,141701883.93265,0
1746129600000,1842.11,1850.45,1836.05,1838.61,169298.969,1746133199999,311801936.52428,135241,73886.219,136103181.11740,0
1746133200000,1838.60,1848.80,1838.26,1842.97,71826.686,1746136799999,132439144.84631,66635,37371.952,68909138.23608,0
1746136800000,1842.98,1845.25,1836.50,1837.89,76139.897,1746140399999,140104873.28664,73734,30248.838,55667464.67324,0
1746140400000,1837.89,1840.25,1831.80,1837.19,92913.555,1746143999999,170588541.66624,86729,45889.575,84266543.21281,0
1746144000000,1837.18,1849.56,1834.06,1846.59,191413.191,1746147599999,352619756.79802,142363,102717.049,189224379.15204,0
1746147600000,1846.59,1850.49,1838.00,1841.69,122840.321,1746151199999,226509625.37701,117195,53302.830,98324431.67569,0
1746151200000,1841.69,1848.88,1838.13,1845.86,81399.131,1746154799999,150174532.96953,90095,45727.867,84377392.30604,0
1746154800000,1845.87,1849.80,1842.73,1846.66,76572.590,1746158399999,141415855.05989,77042,41624.118,76880123.09724,0
1746158400000,1846.66,1850.86,1838.16,1840.51,108345.699,1746161999999,199694014.27935,94675,50186.878,92499137.18277,0
1746162000000,1840.51,1843.18,1826.72,1831.06,179220.749,1746165599999,328771788.95946,124055,70513.824,129387535.01493,0
1746165600000,1831.06,1836.59,1827.08,1831.31,151175.571,1746169199999,276895947.84309,121102,75243.998,137824151.83034,0
1746169200000,1831.31,1831.31,1815.00,1815.30,336519.153,1746172799999,612802814.74749,205053,138114.107,251539099.58944,0
1746172800000,1815.29,1825.79,1812.00,1822.70,229809.694,1746176399999,418153626.10258,142326,127794.555,232552680.64620,0
1746176400000,1822.69,1826.24,1819.42,1819.74,113254.131,1746179999999,206443989.63292,82659,52937.736,96509234.67770,0
1746180000000,1819.74,1834.92,1819.63,1828.50,293852.855,1746183599999,537105834.21816,142620,169293.337,309411604.63541,0
1746183600000,1828.49,1834.64,1828.49,1832.39,101315.159,1746187199999,185586083.36002,82582,45240.223,82866414.36122,0
1746187200000,1832.39,1847.11,1822.13,1840.11,331680.728,1746190799999,608170740.04721,226576,169701.926,311367187.50749,0
1746190800000,1840.10,1841.45,1828.07,1832.90,187256.001,1746194399999,343434379.22131,157728,81647.701,149758932.21913,0
1746194400000,1832.89,1851.00,1832.70,1848.00,316743.487,1746197999999,583939891.46951,247457,170750.528,314810436.45331,0
1746198000000,1847.99,1853.58,1831.15,1840.21,230952.132,1746201599999,425306453.28685,181490,108182.787,199228274.38215,0
1746201600000,1840.21,1871.06,1840.14,1851.93,551283.638,1746205199999,1024414047.21809,330321,289998.603,538822085.06657,0
1746205200000,1851.94,1852.80,1840.55,1851.57,192297.109,1746208799999,355252474.31642,161281,97492.950,180133574.58932,0
1746208800000,1851.57,1854.90,1844.40,1848.20,99396.250,1746212399999,183961967.22075,105527,45056.931,83398163.06070,0
1746212400000,1848.19,1849.73,1830.79,1838.78,159283.934,1746215999999,293273027.46252,130495,75169.809,138391525.34685,0
1746216000000,1838.78,1847.23,1834.74,1846.01,71905.672,1746219599999,132491124.50729,74879,41732.090,76907165.04255,0
1746219600000,1846.00,1846.01,1832.22,1836.85,71106.410,1746223199999,130759628.68556,70915,32824.525,60366940.03949,0
1746223200000,1836.84,1839.14,1832.10,1834.39,73870.310,1746226799999,135581005.46958,71924,39104.005,71773174.89610,0
1746226800000,1834.38,1841.83,1833.63,1841.22,58476.429,1746230399999,107522990.59300,65238,30633.283,56326607.77253,0
1746230400000,1841.22,1842.44,1835.37,1838.06,62074.512,1746233999999,114168463.07998,62639,34598.318,63638816.46148,0
1746234000000,1838.07,1839.75,1825.52,1828.00,140119.578,1746237599999,256507221.66620,103911,63963.174,117091161.28380,0
1746237600000,1827.99,1834.94,1827.71,1833.22,73365.490,1746241199999,134402301.35158,66417,39240.640,71874126.69408,0
1746241200000,1833.22,1837.17,1830.41,1834.08,49933.224,1746244799999,91578417.86955,53842,26803.057,49160525.56515,0
1746244800000,1834.07,1838.55,1833.00,1837.45,47255.401,1746248399999,86765624.29562,52700,27454.732,50408651.22107,0
1746248400000,1837.44,1837.71,1832.13,1832.44,50358.550,1746251999999,92408874.34462,46252,20426.922,37484752.34202,0
1746252000000,1832.44,1832.65,1823.39,1826.46,148082.654,1746255599999,270565976.01841,97885,63598.420,116218628.88834,0
1746255600000,1826.45,1829.23,1823.93,1825.58,72095.525,1746259199999,131685339.28276,60433,43143.125,78808426.31753,0
1746259200000,1825.58,1829.61,1821.32,1824.63,120966.975,1746262799999,220736657.82346,71157,48421.856,88375974.06423,0
1746262800000,1824.64,1827.99,1818.00,1826.58,139835.646,1746266399999,255006142.38823,97304,78934.833,143983614.44650,0
1746266400000,1826.56,1829.99,1816.23,1818.61,207216.634,1746269999999,378065140.65894,130317,102520.200,187137635.45561,0
1746270000000,1818.62,1825.49,1817.66,1823.35,103750.678,1746273599999,189087055.37423,78954,51404.610,93689634.53134,0
1746273600000,1823.34,1832.06,1823.10,1828.62,148506.755,1746277199999,271571895.57667,95433,80052.560,146408670.47078,0
1746277200000,1828.62,1836.15,1828.08,1834.15,101966.404,1746280799999,186916821.45161,81536,54231.381,99417827.29099,0
1746280800000,1834.14,1836.20,1830.19,1834.29,79028.911,1746284399999,144877030.72709,67445,34071.122,62464343.78670,0
1746284400000,1834.29,1839.27,1832.10,1833.51,99740.861,1746287999999,183109020.86557,72006,44382.837,81494484.40664,0
1746288000000,1833.51,1834.39,1822.31,1826.23,131999.556,1746291599999,241259735.04216,97182,62491.523,114218295.44898,0
1746291600000,1826.23,1826.51,1807.75,1823.02,356798.088,1746295199999,648281910.97459,195848,169893.531,308709194.61141,0
1746295200000,1823.02,1830.44,1821.69,1825.18,105522.219,1746298799999,192706014.09824,86408,50088.459,91487867.00186,0
1746298800000,1825.17,1838.56,1823.79,1837.61,105841.758,1746302399999,194037197.99044,87097,60541.177,110994300.80120,0
1746302400000,1837.62,1838.99,1833.75,1838.04,69860.310,1746305999999,128295760.55787,61386,30535.443,56081405.81630,0
1746306000000,1838.03,1848.00,1835.42,1840.28,138851.143,1746309599999,255762745.02655,100813,73376.923,135154035.36892,0
1746309600000,1840.29,1844.90,1835.02,1842.05,68592.311,1746313199999,126206238.24103,67361,33722.430,62041303.98982,0
1746313200000,1842.05,1842.63,1827.79,1832.55,179880.377,1746316799999,329781448.71531,105957,73036.237,133895659.26304,0
1746316800000,1832.55,1841.28,1829.07,1835.74,121079.322,1746320399999,222215755.93651,103590,64150.334,117714461.04803,0
1746320400000,1835.74,1840.34,1828.28,1836.68,97433.233,1746323999999,178766773.39439,105244,49106.431,90110699.66686,0
1746324000000,1836.68,1848.84,1829.00,1833.19,181012.943,1746327599999,332857871.65461,159916,87775.925,161439780.67331,0
1746327600000,1833.20,1835.74,1825.28,1831.24,98359.247,1746331199999,180071097.53006,102664,47363.572,86714290.11773,0
1746331200000,1831.24,1836.48,1828.43,1829.74,69181.755,1746334799999,126775019.87890,66822,31314.182,57393680.61475,0
1746334800000,1829.75,1849.53,1829.23,1844.99,220781.066,1746338399999,406852893.62251,154266,132957.625,245013788.68217,0
1746338400000,1844.99,1848.51,1838.51,1844.69,115712.568,1746341999999,213290080.60439,103181,57250.851,105540418.86789,0
1746342000000,1844.69,1845.95,1835.41,1840.24,83693.332,1746345599999,154018049.96761,74654,42367.710,77965097.23011,0
1746345600000,1840.24,1840.73,1828.61,1830.11,171570.450,1746349199999,314514605.92822,114864,65980.999,120974414.20769,0
1746349200000,1830.10,1831.92,1822.14,1827.01,211294.822,1746352799999,385943406.75404,147015,99283.059,181373269.14697,0
1746352800000,1827.00,1828.67,1820.75,1826.36,95942.784,1746356399999,175143143.22063,84681,49122.169,89684210.36808,0
1746356400000,1826.35,1835.36,1824.56,1826.69,133862.651,1746359999999,244961183.75825,93421,63009.806,115330557.50008,0
1746360000000,1826.68,1833.07,1826.14,1829.35,64298.126,1746363599999,117668034.94620,60594,34364.942,62887559.40156,0
1746363600000,1829.35,1832.23,1817.03,1824.29,161255.864,1746367199999,294166121.13739,113802,70551.443,128704637.43500,0
1746367200000,1824.29,1831.62,1823.41,1830.14,95951.310,1746370799999,175407321.75510,80076,54111.175,98923052.16129,0
1746370800000,1830.14,1832.76,1824.65,1829.63,84171.394,1746374399999,153962754.52968,75718,38338.004,70135591.54115,0
1746374400000,1829.64,1832.28,1821.69,1826.97,130151.441,1746377999999,237786914.97107,91870,64890.448,118548201.70745,0
1746378000000,1826.97,1830.65,1821.06,1826.99,113057.187,1746381599999,206515427.12931,82456,58270.654,106438761.90458,0
1746381600000,1827.00,1830.51,1824.62,1825.03,45645.857,1746385199999,83420763.58563,55370,22160.297,40502007.64854,0
1746385200000,1825.04,1830.27,1823.75,1827.58,50430.608,1746388799999,92146947.04424,50246,24435.979,44653087.71914,0
1746388800000,1827.59,1841.76,1827.30,1835.41,144272.874,1746392399999,264853739.07825,93098,84871.773,155785408.09519,0
1746392400000,1835.41,1836.52,1831.04,1834.43,44949.269,1746395999999,82425740.66095,39588,20824.132,38188766.51254,0
1746396000000,1834.42,1834.52,1810.51,1816.93,264038.903,1746399599999,480475637.50186,189884,117125.786,213109190.92113,0
1746399600000,1816.92,1818.27,1801.71,1807.87,257610.350,1746403199999,465839932.48550,176891,114635.006,207317279.23964,0
1746403200000,1807.87,1817.60,1805.34,1814.90,164049.226,1746406799999,297319500.37074,121160,87729.017,158983636.50360,0
1746406800000,1814.90,1816.28,1780.02,1790.79,378858.438,1746410399999,679873031.89126,260475,154641.279,277464696.31181,0
1746410400000,1790.78,1801.94,1780.64,1798.57,329840.405,1746413999999,591152366.82977,215735,159310.379,285645927.47474,0
1746414000000,1798.57,1800.17,1792.36,1793.86,113985.137,1746417599999,204627256.74957,81244,55918.407,100386889.30855,0
1746417600000,1793.85,1804.80,1792.00,1804.00,101284.177,1746421199999,182272808.50640,93396,54258.185,97655170.13950,0
1746421200000,1804.00,1818.00,1800.12,1815.72,163013.978,1746424799999,294755869.70920,111961,96931.375,175306548.19525,0
1746424800000,1815.72,1820.97,1811.00,1819.21,178841.829,1746428399999,324858824.91707,124695,84048.542,152676340.45800,0
1746428400000,1819.21,1829.07,1815.71,1825.74,184550.607,1746431999999,336406231.70042,130921,97732.530,178179339.68310,0
1746432000000,1825.73,1830.72,1822.51,1827.59,139677.587,1746435599999,255145208.88643,101415,66384.490,121278414.92224,0
1746435600000,1827.59,1829.98,1821.69,1822.77,107421.690,1746439199999,196157562.97246,87813,49847.635,91035493.88461,0
1746439200000,1822.77,1823.28,1797.00,1803.93,373581.705,1746442799999,675864894.07697,209735,157159.882,284298085.15339,0
1746442800000,1803.93,1810.00,1798.09,1803.81,247463.477,1746446399999,446566546.76681,142051,123540.780,222957594.28431,0
1746446400000,1803.81,1808.80,1799.00,1804.83,134088.650,1746449999999,241945149.74754,112982,68170.318,123018983.58771,0
1746450000000,1804.82,1808.43,1793.29,1807.92,293684.058,1746453599999,528791009.38194,215180,143322.535,258090093.90714,0
1746453600000,1807.91,1814.86,1798.09,1803.55,251786.494,1746457199999,454772721.74200,197980,121314.955,219167467.77730,0
1746457200000,1803.55,1807.59,1794.30,1800.14,165298.390,1746460799999,297662595.23237,139897,70244.545,126506522.69929,0
1746460800000,1800.14,1811.39,1799.86,1807.21,206584.100,1746464399999,373323894.70652,134126,109477.455,197848329.60041,0
1746464400000,1807.21,1817.03,1804.39,1813.86,131786.606,1746467999999,238714937.62895,106805,77397.778,140208396.31129,0
1746468000000,1813.85,1828.00,1811.23,1821.96,211071.846,1746471599999,384522528.74978,133796,120661.445,219808393.93245,0
1746471600000,1821.95,1825.77,1812.65,1815.65,122406.691,1746475199999,222750387.16744,101956,58372.284,106233804.73370,0
1746475200000,1815.64,1815.70,1797.79,1808.19,180080.855,1746478799999,325301696.81861,127523,85420.706,154315151.09112,0
1746478800000,1808.19,1818.84,1807.58,1815.71,110097.699,1746482399999,199643130.58374,88527,56066.672,101671871.36599,0
1746482400000,1815.70,1832.98,1815.38,1825.33,228111.929,1746485999999,416225309.66560,148919,132435.361,241678270.77953,0
1746486000000,1825.33,1829.42,1816.16,1819.43,123789.791,1746489599999,225663107.09513,89717,59176.514,107892607.79144,0
1746489600000,1819.43,1820.00,1810.01,1813.26,121989.372,1746493199999,221349332.10679,88150,60861.642,110438618.13659,0
1746493200000,1813.27,1820.30,1802.20,1803.48,182909.763,1746496799999,331041382.71259,140430,83083.502,150432782.47491,0
1746496800000,1803.47,1806.49,1791.57,1802.63,271747.482,1746500399999,488812361.74069,187983,129793.297,233520003.77609,0
1746500400000,1802.62,1806.60,1796.49,1805.50,121889.376,1746503999999,219716598.40333,103913,61036.127,110040456.98578,0
1746504000000,1805.49,1808.04,1802.75,1806.19,64496.340,1746507599999,116442939.65007,68555,28453.227,51374974.13595,0
1746507600000,1806.18,1807.27,1797.26,1798.03,91919.609,1746511199999,165580417.19455,72126,40557.988,73065308.37222,0
1746511200000,1798.03,1805.60,1797.68,1805.57,69600.164,1746514799999,125466323.51205,55758,36133.496,65134652.36349,0
1746514800000,1805.57,1808.55,1800.60,1805.00,76849.658,1746518399999,138709747.87869,69214,36315.938,65549408.03174,0
1746518400000,1804.99,1805.17,1787.04,1800.73,246787.731,1746521999999,442967448.88470,162326,115632.106,207574256.52969,0
1746522000000,1800.73,1800.89,1791.30,1797.19,88004.815,1746525599999,158062157.33566,80009,42346.017,76053772.69973,0
1746525600000,1797.19,1797.22,1781.40,1784.22,227925.954,1746529199999,407555891.58142,145358,87325.839,156185189.17798,0
1746529200000,1784.21,1789.83,1755.71,1769.10,587668.134,1746532799999,1041234823.32886,320876,254681.369,451243727.10974,0
1746532800000,1769.09,1775.99,1765.93,1774.33,224104.758,1746536399999,397043014.89236,160727,107883.967,191137870.91398,0
1746536400000,1774.33,1774.91,1750.00,1758.16,418569.349,1746539999999,737298255.42354,280944,187123.107,329665206.46695,0
1746540000000,1758.17,1779.08,1758.17,1767.71,327136.491,1746543599999,579283495.21362,229167,167406.285,296422365.70522,0
1746543600000,1767.70,1778.23,1759.35,1769.31,229006.621,1746547199999,405375619.31477,181685,111138.388,196759950.73555,0
1746547200000,1769.31,1774.26,1761.00,1762.10,188402.302,1746550799999,332926730.23056,175349,95801.451,169310564.31117,0
1746550800000,1762.09,1775.78,1761.96,1767.00,168536.152,1746554399999,298102627.88946,137106,78250.475,138405393.01426,0
1746554400000,1766.99,1790.68,1765.82,1789.04,203040.109,1746557999999,361201362.18749,145363,121552.620,216292751.65906,0
1746558000000,1789.04,1798.41,1783.51,1784.05,267555.761,1746561599999,478746283.16758,177170,140561.162,251552169.84136,0
1746561600000,1784.06,1788.37,1767.25,1774.48,235639.565,1746565199999,418828106.96611,153943,113677.025,202069986.01327,0
1746565200000,1774.47,1780.43,1764.39,1775.01,119752.076,1746568799999,212270815.45227,103432,56678.422,100484541.87811,0
1746568800000,1775.00,1813.00,1774.72,1810.24,502127.935,1746572399999,902375394.68125,371253,278682.118,500865196.41009,0
1746572400000,1810.24,1818.62,1801.06,1816.22,308532.043,1746575999999,558761554.18613,210946,152789.591,276745623.81620,0
1746576000000,1816.23,1847.79,1813.47,1841.63,629213.090,1746579599999,1153143606.02301,349559,345093.843,632560146.53096,0
1746579600000,1841.62,1850.00,1827.32,1832.00,386809.340,1746583199999,711987290.24224,261859,175993.525,324198388.67830,0
1746583200000,1831.99,1834.49,1820.60,1824.04,275681.556,1746586799999,503520983.17790,200239,133290.722,243470108.62337,0
1746586800000,1824.04,1827.73,1816.22,1825.60,192502.249,1746590399999,350880167.62709,165351,100967.410,184079618.94657,0
1746590400000,1825.60,1832.80,1823.69,1827.88,115875.546,1746593999999,211846549.86567,105170,61638.151,112687258.04178,0
1746594000000,1827.87,1830.00,1824.64,1827.60,69631.898,1746597599999,127220935.17153,81130,31676.998,57879407.83135,0
1746597600000,1827.60,1833.57,1825.62,1829.80,113753.234,1746601199999,208169257.13399,89093,56541.631,103490385.44796,0
1746601200000,1829.81,1837.85,1829.25,1837.26,108629.240,1746604799999,199213311.45038,82091,57379.588,105235319.70491,0
1746604800000,1837.27,1843.75,1833.32,1839.90,204566.230,1746608399999,376220464.66131,116893,97961.440,180189245.21531,0
1746608400000,1839.90,1844.87,1837.17,1843.20,110457.223,1746611999999,203360978.36053,84788,57834.520,106488122.34396,0
1746612000000,1843.20,1846.50,1829.47,1832.71,287170.359,1746615599999,527485943.83238,155899,131282.795,241147110.73543,0
1746615600000,1832.72,1836.28,1830.00,1835.48,95635.009,1746619199999,175356163.19599,72720,47664.635,87401565.89824,0
1746619200000,1835.48,1836.20,1826.00,1829.76,157229.470,1746622799999,287655341.92836,102520,76575.249,140097188.18235,0
1746622800000,1829.75,1834.43,1821.64,1827.97,264216.331,1746626399999,482718387.21885,169944,125090.016,228524951.89440,0
1746626400000,1827.97,1832.50,1815.60,1821.50,248580.881,1746629999999,453504816.01864,180441,125700.002,229311159.36680,0
1746630000000,1821.50,1824.55,1813.36,1816.73,194881.419,1746633599999,354529430.35034,142509,97620.872,177618025.50400,0
1746633600000,1816.72,1817.33,1798.69,1810.89,346347.712,1746637199999,626112822.96155,215669,168084.062,303871073.72302,0
1746637200000,1810.90,1812.25,1787.50,1795.28,324609.073,1746640799999,584289257.74011,192308,148458.225,267189407.09138,0
1746640800000,1795.27,1816.55,1787.59,1805.56,607241.294,1746644399999,1093917529.76992,411407,307805.217,554710895.76736,0
1746644400000,1805.57,1807.70,1786.00,1795.08,299756.539,1746647999999,538528049.34567,237847,146724.929,263645077.27862,0
1746648000000,1795.07,1800.25,1788.00,1797.45,115599.539,1746651599999,207377800.35941,107777,57151.931,102547894.19780,0
1746651600000,1797.44,1808.60,1795.27,1801.78,144973.818,1746655199999,261176988.23660,100949,62346.256,112346110.57410,0
1746655200000,1801.79,1821.24,1799.65,1816.16,319413.951,1746658799999,578622848.21398,188483,196418.313,355804985.51251,0
1746658800000,1816.17,1824.73,1807.21,1810.14,156432.962,1746662399999,284038653.92802,117638,74363.746,135028549.57244,0
1746662400000,1810.13,1827.86,1807.72,1826.19,175539.257,1746665999999,318829983.22909,122830,100206.893,182048565.30313,0
1746666000000,1826.19,1836.83,1819.00,1822.11,351925.221,1746669599999,643086093.26271,259804,178023.270,325352038.14444,0
1746669600000,1822.11,1847.30,1822.11,1840.86,370199.521,1746673199999,680860014.30104,245852,205555.549,378016031.38003,0
1746673200000,1840.86,1907.45,1838.20,1900.50,888619.566,1746676799999,1666029282.21550,558008,531188.956,995777592.76810,0
1746676800000,1900.51,1917.00,1891.88,1893.08,622532.734,1746680399999,1185694898.60553,403224,309199.345,589042130.08613,0
1746680400000,1893.08,1904.13,1891.36,1896.09,238910.771,1746683999999,453356295.48117,159503,123317.654,234016404.36024,0
1746684000000,1896.09,1912.23,1895.31,1910.38,188267.302,1746687599999,358377857.21868,133254,107035.906,203767352.71761,0
1746687600000,1910.38,1944.00,1907.37,1927.80,484077.681,1746691199999,931704230.29491,311393,263267.291,506900374.39074,0
1746691200000,1927.81,1948.51,1925.00,1934.06,371100.018,1746694799999,717524656.21130,232457,185377.335,358448903.42823,0
1746694800000,1934.06,1941.18,1928.80,1940.14,235010.093,1746698399999,454795739.55793,159840,113897.333,220451040.60996,0
1746698400000,1940.14,1968.29,1938.32,1960.20,452798.734,1746701999999,883211945.45480,294056,245779.290,479620377.48154,0
1746702000000,1960.20,1960.67,1944.28,1956.65,310637.520,1746705599999,606401186.53794,211333,149192.682,291212111.67231,0
1746705600000,1956.65,1976.56,1952.57,1958.95,482731.101,1746709199999,947815685.66134,320607,239904.041,471170596.49937,0
1746709200000,1958.94,1984.14,1958.64,1975.36,452923.678,1746712799999,892556127.26452,316892,234756.587,462715514.56584,0
1746712800000,1975.37,2010.00,1968.11,1988.51,823027.312,1746716399999,1636717731.25397,512928,421718.334,838873763.89794,0
1746716400000,1988.51,2075.10,1986.74,2050.56,1714384.971,1746719999999,3486403622.47082,934177,911179.085,1853152643.81510,0
1746720000000,2050.56,2065.93,2036.10,2049.80,585060.796,1746723599999,1199344501.87449,414038,272577.360,558857144.71956,0
1746723600000,2049.80,2057.10,2035.79,2045.52,348277.548,1746727199999,712646571.89653,259684,166928.431,341676715.87259,0
1746727200000,2045.51,2073.78,2043.00,2066.80,416642.431,1746730799999,858042692.60866,305691,218592.325,450244130.17064,0
1746730800000,2066.80,2140.21,2060.20,2117.59,928709.230,1746734399999,1948082373.59870,545388,483035.003,1013180995.38963,0
1746734400000,2117.59,2199.09,2111.00,2184.45,1000449.370,1746737999999,2151456896.75473,678998,514499.726,1106867566.52740,0
1746738000000,2184.46,2227.00,2157.00,2179.61,1081453.414,1746741599999,2367327726.29622,751006,522510.485,1144264874.89749,0
1746741600000,2179.61,2196.00,2166.29,2179.00,413928.288,1746745199999,902727587.61243,355242,208987.731,455822603.31635,0
1746745200000,2178.99,2208.04,2165.65,2206.54,352965.166,1746748799999,772049716.00610,324802,191630.715,419215941.15216,0
1746748800000,2206.53,2214.67,2183.59,2200.10,383255.527,1746752399999,841938165.24810,324294,173299.941,380795214.37257,0
1746752400000,2200.10,2244.90,2189.36,2206.27,612391.882,1746755999999,1353717087.73858,460360,311380.466,688600301.55520,0
1746756000000,2206.27,2216.88,2193.80,2216.01,333988.479,1746759599999,735893084.03999,251777,163967.695,361426023.80367,0
1746759600000,2216.01,2244.90,2196.07,2204.56,554251.958,1746763199999,1231973718.99722,470030,262444.421,583594097.84731,0
1746763200000,2204.56,2222.21,2201.98,2213.19,212508.363,1746766799999,470495692.69185,238382,111257.011,246367012.77021,0
1746766800000,2213.19,2219.39,2204.55,2214.12,172528.846,1746770399999,381535537.34352,164612,83107.169,183812944.60069,0
1746770400000,2214.11,2259.63,2213.36,2255.94,624109.699,1746773999999,1399761793.71957,482777,354671.308,795332260.91279,0
1746774000000,2255.94,2393.67,2255.22,2363.81,1717854.394,1746777599999,4000513479.44115,1138753,917954.607,2136058599.80395,0
1746777600000,2363.71,2490.75,2362.00,2411.51,2249599.284,1746781199999,5438337087.68871,1459170,1070926.578,2589597473.97298,0
1746781200000,2411.50,2423.50,2291.46,2341.09,1680705.556,1746784799999,3944430254.11426,1110890,819699.039,1924829809.29728,0
1746784800000,2341.08,2358.98,2328.40,2348.16,484652.894,1746788399999,1135651339.28055,486066,253876.096,594990740.39465,0
1746788400000,2348.17,2375.39,2311.81,2350.76,698110.120,1746791999999,1637887383.78062,606861,336357.175,789528676.49478,0
1746792000000,2350.75,2352.81,2325.09,2339.59,314252.813,1746795599999,734976596.16742,339777,155090.983,362790313.72650,0
1746795600000,2339.58,2388.12,2327.25,2369.02,537706.963,1746799199999,1269591102.97099,443562,274039.216,647132920.19851,0
1746799200000,2369.01,2369.01,2270.00,2305.16,1137576.138,1746802799999,2631966642.06755,802210,539735.738,1248678572.74206,0
1746802800000,2305.17,2320.84,2281.19,2300.55,552033.715,1746806399999,1270454687.23105,510309,282600.459,650400830.40613,0
1746806400000,2300.55,2315.88,2273.63,2297.70,413262.879,1746809999999,949972094.35348,412978,207201.380,476393498.88467,0
1746810000000,2297.71,2355.00,2294.27,2349.24,412392.492,1746813599999,960992134.99901,379405,226123.297,526967086.55215,0
1746813600000,2349.24,2351.90,2326.42,2339.23,211121.394,1746817199999,493848136.38578,219674,98078.880,229456440.62836,0
1746817200000,2339.23,2343.69,2307.31,2330.69,207085.569,1746820799999,481217752.18054,227980,101982.146,236968169.50793,0
1746820800000,2330.69,2351.16,2325.64,2339.20,159635.635,1746824399999,373367586.99722,184862,84527.381,197722246.56691,0
1746824400000,2339.20,2342.58,2321.48,2337.00,94255.354,1746827999999,219943632.30194,113735,43549.902,101653760.37853,0
1746828000000,2337.01,2345.51,2328.08,2333.88,81730.350,1746831599999,190991306.69697,100542,38087.303,89018963.26943,0
1746831600000,2333.88,2347.10,2332.17,2344.30,79407.633,1746835199999,185844277.17052,88751,43567.160,101977049.20234,0
1746835200000,2344.31,2379.99,2315.09,2325.76,426752.311,1746838799999,1002784968.71565,407381,202381.004,475668396.60950,0
1746838800000,2325.77,2353.72,2325.01,2334.36,156693.589,1746842399999,366827199.31253,194851,76619.633,179371166.41052,0
1746842400000,2334.36,2348.35,2331.83,2340.98,101125.367,1746845999999,236696253.79180,146659,54659.142,127947058.70316,0
1746846000000,2340.97,2342.09,2330.60,2338.81,90795.994,1746849599999,212109218.53829,123520,45688.129,106737880.92525,0
1746849600000,2338.81,2338.82,2325.31,2335.98,88513.453,1746853199999,206372082.87172,128527,39270.084,91560668.92962,0
1746853200000,2335.98,2354.61,2335.98,2352.24,131635.362,1746856799999,308471776.40774,153083,73634.490,172578292.40617,0
1746856800000,2352.24,2377.44,2349.86,2366.61,372327.070,1746860399999,880195603.12634,325240,188741.119,446222864.07934,0
1746860400000,2366.61,2416.50,2354.00,2399.17,421757.706,1746863999999,1005856843.07702,323529,221157.561,527528024.54975,0
1746864000000,2399.20,2435.00,2360.00,2381.69,730741.396,1746867599999,1756126022.72230,577023,346293.912,832623625.39079,0
1746867600000,2381.68,2423.29,2364.16,2400.28,475143.089,1746871199999,1136127221.63703,450851,243287.244,581690858.96367,0
1746871200000,2400.30,2428.75,2384.00,2395.73,447685.672,1746874799999,1078675226.33553,392916,202961.576,489156837.93685,0
1746874800000,2395.73,2403.27,2374.51,2383.75,319343.572,1746878399999,762780404.66648,321711,158944.109,379728790.67789,0
1746878400000,2383.75,2420.18,2383.75,2407.37,324629.095,1746881999999,780673418.07297,289532,156439.266,376156122.25083,0
1746882000000,2407.36,2449.99,2407.32,2437.00,428812.447,1746885599999,1040905207.14418,342063,228925.122,555785221.18369,0
1746885600000,2436.99,2444.54,2405.27,2434.99,425907.714,1746889199999,1032874541.14503,356313,205359.566,498013464.90294,0
1746889200000,2434.99,2445.50,2421.14,2432.38,290514.378,1746892799999,707074194.35724,286922,141148.561,343622908.70584,0
1746892800000,2432.38,2474.66,2427.65,2459.90,524951.903,1746896399999,1288330732.18949,418817,277963.664,682197404.10665,0
1746896400000,2459.91,2512.00,2448.72,2459.80,914038.333,1746899999999,2267011277.32932,700565,458706.284,1138092624.14375,0
1746900000000,2459.79,2506.23,2456.00,2494.46,442692.138,1746903599999,1098607826.21444,395172,222863.810,553035233.65972,0
1746903600000,2494.45,2506.88,2475.48,2498.35,247736.901,1746907199999,617026680.38113,260503,121035.515,301534148.58087,0
1746907200000,2498.35,2503.95,2465.60,2489.84,205893.894,1746910799999,512146300.68783,225388,99404.708,247267832.98223,0
1746910800000,2489.83,2544.79,2489.83,2532.66,434754.049,1746914399999,1093569145.04156,397429,221575.788,557544463.18067,0
1746914400000,2532.65,2585.97,2520.05,2576.70,586117.737,1746917999999,1497498055.04330,544598,321703.026,822148295.93076,0
1746918000000,2576.70,2600.76,2562.58,2581.91,749191.577,1746921599999,1934893175.52812,612467,379904.795,981447649.23116,0
1746921600000,2581.90,2608.00,2498.79,2542.88,915801.463,1746925199999,2337589787.84601,748773,414601.065,1058482085.66593,0
1746925200000,2542.87,2556.99,2510.45,2531.81,317659.416,1746928799999,805739666.61614,373431,158895.401,403175240.80069,0
1746928800000,2531.81,2565.00,2521.34,2542.39,446981.450,1746932399999,1137166098.36653,406193,227069.178,577620391.64349,0
1746932400000,2542.39,2554.07,2529.19,2536.31,162213.515,1746935999999,412148867.27512,207793,74080.211,188268292.25255,0
1746936000000,2536.31,2550.00,2529.07,2544.13,156903.362,1746939599999,398359007.59348,193277,79976.007,203089765.45900,0
1746939600000,2544.12,2561.68,2535.65,2553.68,204234.963,1746943199999,520920461.47088,221142,94400.308,240837913.84788,0
1746943200000,2553.67,2554.99,2503.66,2520.09,414608.809,1746946799999,1048313523.85080,367643,184347.458,466000756.99030,0
1746946800000,2520.10,2520.10,2452.61,2472.61,762926.213,1746950399999,1893184252.58345,604027,341377.335,847292998.86555,0
1746950400000,2472.61,2504.49,2471.50,2479.92,337517.272,1746953999999,839604877.23563,336578,174494.780,434138693.29845,0
1746954000000,2479.92,2521.41,2479.87,2514.15,269250.425,1746957599999,674797506.23958,269455,145868.136,365541309.43731,0
1746957600000,2514.15,2520.00,2494.02,2509.50,184658.417,1746961199999,462604625.47293,200064,87262.989,218631996.23132,0
1746961200000,2509.49,2534.80,2505.52,2529.36,231854.204,1746964799999,584641945.00315,217250,112132.165,282777338.75719,0
1746964800000,2529.36,2530.92,2509.80,2514.41,158498.444,1746968399999,399443491.89093,194465,68954.610,173794637.18278,0
1746968400000,2514.42,2529.51,2464.20,2468.20,540020.556,1746971999999,1346063234.26811,413849,241804.571,602827250.09538,0
1746972000000,2468.21,2493.27,2467.20,2484.77,230524.562,1746975599999,572097556.45949,263847,122581.501,304213951.38322,0
1746975600000,2484.76,2503.99,2434.89,2461.22,445195.755,1746979199999,1100694729.76044,354699,204149.785,505134732.45729,0
1746979200000,2461.22,2479.75,2439.08,2470.05,380211.974,1746982799999,935474613.29161,363193,194062.554,477510085.58665,0
1746982800000,2470.04,2495.06,2465.50,2490.55,227015.082,1746986399999,563607366.85056,241671,117746.901,292336769.07080,0
1746986400000,2490.56,2514.38,2471.29,2503.84,297856.122,1746989999999,743701661.32430,275590,156093.047,389915068.18489,0
1746990000000,2503.83,2524.38,2500.82,2506.99,200618.595,1746993599999,503992297.34012,221175,88862.246,223306466.44825,0
1746993600000,2507.00,2511.74,2492.00,2508.69,150508.617,1746997199999,376554979.05396,167161,72798.658,182197423.45374,0
1746997200000,2508.69,2519.44,2496.32,2515.66,106538.815,1747000799999,267066484.68254,129641,52212.753,130894445.25102,0
1747000800000,2515.65,2527.71,2481.95,2502.16,243095.315,1747004399999,608365656.41920,262918,121247.510,303461297.68875,0
1747004400000,2502.15,2514.27,2496.58,2513.48,109051.215,1747007999999,273293874.26071,140138,56145.212,140721988.97125,0
1747008000000,2513.48,2544.97,2510.00,2530.21,305328.761,1747011599999,771650936.75738,316639,154098.908,389519609.24544,0
1747011600000,2530.20,2548.00,2490.00,2504.48,328456.690,1747015199999,826532768.35895,364856,162000.173,407763574.66659,0
1747015200000,2504.48,2535.09,2501.06,2521.78,203772.056,1747018799999,513234016.43484,244097,103568.361,260933426.92246,0
1747018800000,2521.77,2526.28,2508.57,2519.01,104117.222,1747022399999,261986406.16532,151218,49469.030,124494469.17378,0
1747022400000,2519.00,2526.61,2506.54,2517.19,142886.182,1747025999999,359484031.28195,170736,71444.528,179747901.59536,0
1747026000000,2517.19,2520.29,2490.70,2496.80,183087.879,1747029599999,457960625.48170,206940,87916.078,219906121.74639,0
1747029600000,2496.79,2521.05,2484.02,2516.66,201137.142,1747033199999,503844307.96085,208153,107781.702,270070282.53962,0
1747033200000,2516.66,2624.84,2516.65,2553.44,1715685.814,1747036799999,4408116431.37309,1207766,854923.388,2196726696.94602,0
1747036800000,2553.45,2585.05,2530.62,2576.72,467473.805,1747040399999,1195030732.70190,452350,239174.349,611521636.68595,0
1747040400000,2576.72,2581.51,2546.66,2549.74,274104.966,1747043999999,702531522.88696,280726,124414.080,318953367.36300,0
1747044000000,2549.73,2562.56,2538.52,2559.29,227451.318,1747047599999,580272810.30623,255844,111977.167,285745352.38188,0
1747047600000,2559.29,2566.00,2520.00,2529.34,299428.655,1747051199999,761208922.37516,319567,135772.691,345271689.97495,0
1747051200000,2529.32,2559.70,2528.01,2548.49,268303.624,1747054799999,683121362.37464,277967,140294.911,357195881.76463,0
1747054800000,2548.50,2575.60,2542.50,2556.99,512549.382,1747058399999,1311834800.41679,467072,248692.881,636624333.65253,0
1747058400000,2556.98,2569.50,2486.11,2504.93,977255.612,1747061999999,2465237761.00287,699744,444323.508,1120818957.81863,0
1747062000000,2504.93,2514.87,2478.00,2485.94,536586.727,1747065599999,1339450583.80884,480778,257410.365,642732293.10507,0
1747065600000,2485.95,2507.89,2469.33,2499.70,338330.910,1747069199999,842202652.49310,336637,170019.218,423275311.68083,0
1747069200000,2499.70,2511.94,2463.57,2475.75,263878.181,1747072799999,655851759.45328,276540,118414.939,294469987.65163,0
1747072800000,2475.74,2484.59,2406.55,2434.19,900431.910,1747076399999,2199099760.84197,637621,400119.154,977498623.09334,0
1747076400000,2434.19,2466.55,2427.80,2459.29,350469.155,1747079999999,859561816.93401,326393,169092.435,414715743.40173,0
1747080000000,2459.28,2495.33,2450.88,2484.57,230420.151,1747083599999,570062212.28042,216820,132615.115,328075464.00708,0
1747083600000,2484.57,2490.90,2466.00,2478.85,130516.142,1747087199999,323369694.71832,134598,64188.899,159037214.34691,0
1747087200000,2478.85,2496.72,2472.85,2484.69,123185.448,1747090799999,306361883.91341,144201,65309.825,162430530.58720,0
1747090800000,2484.69,2499.34,2484.18,2494.16,112203.133,1747094399999,279637297.55944,114497,51993.943,129591103.91093,0
1747094400000,2494.16,2494.90,2457.60,2461.97,246806.149,1747097999999,610127880.37482,255710,109142.405,269760846.97069,0
1747098000000,2461.97,2475.59,2438.73,2451.94,238234.543,1747101599999,585119445.74315,269496,109928.618,270149811.66966,0
1747101600000,2451.94,2458.79,2414.36,2438.16,347240.649,1747105199999,845702066.37267,357681,166759.433,406250674.19004,0
1747105200000,2438.16,2443.82,2416.46,2424.07,222759.110,1747108799999,541020222.19170,227679,104051.927,252789535.93519,0
1747108800000,2424.06,2458.06,2418.84,2454.70,254246.198,1747112399999,620479938.42576,234328,141246.467,344761151.28998,0
1747112400000,2454.69,2462.65,2438.01,2449.03,178021.476,1747115999999,436319398.03821,160532,89708.199,219938774.63530,0
1747116000000,2449.02,2460.33,2446.34,2452.61,129106.293,1747119599999,316813739.41354,137877,68097.803,167115876.30082,0
1747119600000,2452.61,2479.45,2451.52,2459.90,215485.788,1747123199999,531650958.59448,198694,111477.182,275068015.38543,0
1747123200000,2459.89,2470.40,2450.57,2456.41,138739.592,1747126799999,341213847.92451,143092,61820.870,152080411.12020,0
1747126800000,2456.41,2486.88,2455.88,2483.76,263215.768,1747130399999,651733151.30943,213762,138916.004,343869625.11776,0
1747130400000,2483.77,2486.40,2470.55,2481.03,164472.677,1747133999999,407787137.24833,154141,73924.466,183291504.34143,0
1747134000000,2481.03,2524.97,2477.50,2512.26,399334.257,1747137599999,1000479683.42451,316611,214833.986,538096250.61225,0
1747137600000,2512.25,2541.26,2490.13,2523.61,568268.623,1747141199999,1430424459.47801,430083,274819.464,692067232.94055,0
1747141200000,2523.62,2561.73,2517.67,2548.56,489507.796,1747144799999,1244632754.05278,414693,243661.977,619665287.40137,0
1747144800000,2548.59,2555.88,2525.50,2543.53,447180.060,1747148399999,1136253162.79930,391256,211559.889,537645356.12913,0
1747148400000,2543.53,2573.00,2538.30,2564.89,388136.381,1747151999999,992748499.54863,338741,205129.394,524744365.49837,0
1747152000000,2564.88,2600.00,2558.61,2596.85,561794.296,1747155599999,1452233570.61553,463426,295398.492,763630820.73869,0
1747155600000,2596.85,2622.00,2589.02,2609.60,536766.909,1747159199999,1398430029.97360,441798,279601.794,728546431.89996,0
1747159200000,2609.61,2671.60,2604.81,2668.83,586548.656,1747162799999,1547042358.41850,465524,301580.607,795719470.09037,0
1747162800000,2668.82,2738.62,2652.43,2690.02,1084152.661,1747166399999,2920001006.13312,785386,532135.398,1433571928.54961,0
1747166400000,2690.02,2696.63,2653.00,2688.67,540298.002,1747169999999,1445064843.13243,468927,255425.608,683384524.03834,0
1747170000000,2688.67,2692.00,2668.60,2689.97,204166.184,1747173599999,547438692.91979,195699,88126.685,236342095.99257,0
1747173600000,2689.97,2706.98,2674.55,2678.88,260983.659,1747177199999,702362442.57107,256746,120756.904,325070856.12522,0
1747177200000,2678.90,2685.90,2656.00,2678.59,230713.280,1747180799999,616594839.06118,256311,115733.586,309368019.77335,0
1747180800000,2678.58,2699.99,2671.23,2694.93,247352.689,1747184399999,664751861.64069,313173,115013.149,309102856.51689,0
1747184400000,2694.96,2724.96,2664.24,2670.50,561935.745,1747187999999,1514516456.62818,510695,260499.275,702356284.20418,0
1747188000000,2670.50,2671.24,2620.80,2637.17,629164.174,1747191599999,1665247288.27545,505540,305850.844,809795079.04440,0
1747191600000,2637.17,2646.85,2623.01,2645.78,202801.375,1747195199999,534710623.73067,230407,97505.293,257118898.75730,0
1747195200000,2645.79,2673.87,2635.06,2673.40,219481.281,1747198799999,583150311.96162,207354,111875.134,297215950.62441,0
1747198800000,2673.48,2686.61,2662.00,2672.10,211522.181,1747202399999,565513393.74159,208728,103446.248,276600486.46379,0
1747202400000,2672.10,2676.74,2658.68,2672.65,116076.464,1747205999999,309630904.35918,168712,58352.486,155683710.62619,0
1747206000000,2672.65,2673.29,2638.00,2639.14,260141.670,1747209599999,689643735.05658,259273,116242.692,308171391.62641,0
1747209600000,2639.15,2644.71,2586.00,2596.41,521006.976,1747213199999,1364749830.09005,468780,228155.234,598018247.39256,0
1747213200000,2596.40,2609.11,2575.00,2606.53,382755.008,1747216799999,993730618.44267,363804,192694.322,500447235.83946,0
1747216800000,2606.52,2615.92,2587.63,2594.78,282153.217,1747220399999,734483308.57745,269841,145264.456,378259980.36392,0
1747220400000,2594.79,2634.64,2594.78,2624.16,321909.784,1747223999999,842804914.06123,295804,181840.959,475975931.64795,0
1747224000000,2624.16,2634.52,2603.00,2611.80,232341.109,1747227599999,608416402.05908,243769,101803.594,266631997.05661,0
1747227600000,2611.81,2626.25,2576.30,2605.10,438736.612,1747231199999,1141209201.06092,427880,206323.993,536911155.20431,0
1747231200000,2605.11,2605.39,2557.00,2582.34,513668.047,1747234799999,1323663149.11587,483892,236393.268,609355377.68374,0
1747234800000,2582.34,2600.00,2559.34,2596.28,311115.149,1747238399999,802752066.81700,313258,152861.859,394594224.49422,0
1747238400000,2596.28,2598.76,2577.33,2588.90,259482.106,1747241999999,671292690.67404,265570,110157.302,284996596.62099,0
1747242000000,2588.90,2591.40,2545.00,2589.03,345282.892,1747245599999,886285619.99250,334018,163853.544,420877153.63001,0
1747245600000,2589.02,2613.50,2578.54,2612.49,268355.435,1747249199999,696732682.24402,256061,148161.823,384777595.20153,0
1747249200000,2612.48,2616.82,2597.42,2603.85,176140.254,1747252799999,459185525.58639,182768,93039.421,242608583.45142,0
1747252800000,2603.86,2609.99,2596.27,2599.34,85687.303,1747256399999,223031707.22611,108878,41345.053,107621174.94961,0
1747256400000,2599.34,2609.71,2582.31,2605.38,127208.963,1747259999999,330014330.62791,137600,60979.862,158286868.56546,0
1747260000000,2605.38,2606.88,2585.63,2594.83,81633.431,1747263599999,212008137.16430,92985,36802.393,95580278.75534,0
1747263600000,2594.84,2612.88,2582.65,2608.74,118326.286,1747267199999,307417225.80569,139388,63683.886,165519561.18034,0
1747267200000,2608.75,2646.10,2606.00,2630.94,266343.873,1747270799999,700540713.58405,274885,136447.929,358916672.82929,0
1747270800000,2630.94,2636.00,2565.90,2576.81,343253.130,1747274399999,891937523.66916,358930,157053.965,408125998.11460,0
1747274400000,2576.80,2597.27,2570.00,2590.08,185264.242,1747277999999,479032243.22571,211043,105505.318,272830104.30865,0
1747278000000,2590.07,2593.95,2568.90,2573.77,144890.627,1747281599999,374097588.36039,176041,64820.383,167400268.98459,0
1747281600000,2573.77,2594.44,2570.89,2592.17,135303.826,1747285199999,349583497.28572,173042,71480.307,184694665.11906,0
1747285200000,2592.16,2595.73,2562.28,2566.94,215099.670,1747288799999,554167590.25788,219021,98214.000,253055266.33304,0
1747288800000,2566.93,2582.88,2554.45,2572.59,261570.616,1747292399999,671954593.35510,261293,128723.802,330787571.75691,0
1747292400000,2572.58,2576.47,2513.80,2529.60,585747.992,1747295999999,1486870541.36916,448928,251619.982,638745499.33475,0
1747296000000,2529.59,2566.39,2527.41,2563.41,351364.949,1747299599999,895454283.40267,284022,199272.694,507855018.23170,0
1747299600000,2563.41,2565.69,2521.01,2538.32,356099.112,1747303199999,905060525.78728,285910,157829.988,401163175.77315,0
1747303200000,2538.32,2545.00,2515.68,2542.37,295648.178,1747306799999,748501373.57134,280816,152545.683,386382596.32164,0
1747306800000,2542.36,2565.00,2541.48,2553.81,222542.284,1747310399999,568082713.19074,240740,110608.581,282396821.92101,0
1747310400000,2553.81,2578.99,2542.00,2551.87,393209.475,1747313999999,1006122056.31212,362695,191931.991,491283398.92230,0
1747314000000,2551.88,2567.64,2500.04,2530.48,556600.591,1747317599999,1409528939.35038,448823,250375.027,634601710.99789,0
1747317600000,2530.48,2540.00,2475.61,2499.02,749033.590,1747321199999,1875997568.07367,619501,335186.825,840002600.65353,0
1747321200000,2499.03,2568.34,2496.56,2562.90,629295.586,1747324799999,1596265261.57679,518250,351558.387,891897502.65868,0
1747324800000,2562.91,2598.87,2554.00,2598.27,516878.869,1747328399999,1328656989.09083,407750,265866.148,683693810.49238,0
1747328400000,2598.27,2603.52,2566.00,2570.58,368054.166,1747331999999,952182771.14761,328021,178741.364,462696920.47919,0
1747332000000,2570.58,2577.77,2519.01,2523.99,519987.134,1747335599999,1323777552.18761,435679,229377.328,583866566.19074,0
1747335600000,2524.00,2547.04,2510.59,2529.77,300804.203,1747339199999,761291227.46651,308785,153523.913,388657119.80288,0
1747339200000,2529.77,2543.34,2514.28,2535.83,201913.225,1747342799999,511051482.25907,225979,100652.679,254813634.12616,0
1747342800000,2535.81,2540.64,2510.49,2533.88,128353.994,1747346399999,324376106.33000,157843,61151.393,154574790.37457,0
1747346400000,2533.88,2563.61,2530.81,2540.18,180789.741,1747349999999,461143386.59959,189662,92907.328,236969622.25826,0
1747350000000,2540.17,2549.51,2515.00,2547.75,207628.549,1747353599999,526104959.82414,264697,102019.515,258545034.93097,0
1747353600000,2547.76,2564.88,2538.19,2543.69,172111.978,1747357199999,439142913.81488,228479,86416.645,220591781.96567,0
1747357200000,2543.69,2568.75,2533.15,2565.99,175311.296,1747360799999,447469153.31614,242545,94272.104,240615859.57307,0
1747360800000,2565.99,2582.44,2553.00,2572.99,195763.558,1747364399999,503301139.62651,242207,98176.239,252442793.42700,0
1747364400000,2572.99,2584.08,2567.00,2580.43,143123.889,1747367999999,368739377.27825,152353,72921.647,187912372.14199,0
1747368000000,2580.43,2588.70,2562.92,2573.17,176728.830,1747371599999,454971252.83931,156749,84350.742,217149897.02900,0
1747371600000,2573.17,2596.09,2573.17,2593.53,196228.282,1747375199999,507616240.08702,189528,99799.384,258175237.22489,0
1747375200000,2593.53,2599.68,2585.81,2596.45,128345.697,1747378799999,332962875.56039,163423,59411.327,154159555.28948,0
1747378800000,2596.46,2619.39,2583.00,2600.50,316382.338,1747382399999,823359256.40287,301035,166576.535,433597400.96304,0
1747382400000,2600.51,2604.65,2556.65,2572.48,433486.619,1747385999999,1115989579.66826,360204,180456.280,464560342.69569,0
1747386000000,2572.48,2616.88,2570.48,2610.43,392313.126,1747389599999,1019637850.92236,344619,225301.190,585249234.14620,0
1747389600000,2610.44,2627.65,2604.81,2624.04,258096.155,1747393199999,675708441.78758,246150,129463.151,338998828.28187,0
1747393200000,2624.05,2648.68,2615.31,2620.00,374166.680,1747396799999,983550658.44211,301603,187751.026,493753468.12192,0
1747396800000,2620.00,2622.39,2591.08,2597.40,292114.556,1747400399999,761154393.38118,279514,133254.289,347196874.38641,0
1747400400000,2597.41,2614.86,2591.68,2605.44,295674.035,1747403999999,769906420.99894,290772,151917.953,395626675.50516,0
1747404000000,2605.43,2605.85,2572.30,2583.46,391597.393,1747407599999,1013298568.40271,379620,183921.637,475939519.04855,0
1747407600000,2583.47,2603.15,2583.47,2593.94,207924.645,1747411199999,538853129.18289,232081,98055.224,254111391.94006,0
1747411200000,2593.93,2600.96,2568.27,2585.48,218188.616,1747414799999,563692669.23899,231359,108391.132,280073611.70412,0
1747414800000,2585.48,2594.08,2570.75,2576.94,148903.023,1747418399999,384560851.16818,163594,69083.753,178442075.19599,0
1747418400000,2576.94,2591.57,2574.50,2585.40,101688.365,1747421999999,262561886.96782,151507,46950.666,121238379.40765,0
1747422000000,2585.41,2592.56,2576.00,2591.00,95030.614,1747425599999,245666368.16093,131070,48869.227,126356563.29656,0
1747425600000,2591.00,2591.88,2561.00,2569.67,160316.815,1747429199999,412364184.22684,169236,71593.294,184131468.44397,0
1747429200000,2569.66,2582.30,2548.08,2566.24,145391.527,1747432799999,373077877.72088,146098,66680.654,171167014.85293,0
1747432800000,2566.24,2568.84,2527.14,2544.63,255593.627,1747436399999,650488808.44098,269031,114649.972,291917747.63087,0
1747436400000,2544.62,2556.98,2528.60,2535.72,240343.458,1747439999999,611274544.71081,215400,98024.714,249448792.75615,0
1747440000000,2535.71,2537.63,2482.00,2499.63,673879.648,1747443599999,1691050518.44929,586938,282065.368,707691987.90138,0
1747443600000,2499.64,2499.70,2456.00,2474.51,501075.706,1747447199999,1243188272.66220,450064,232654.940,577534468.03197,0
1747447200000,2474.52,2502.29,2450.62,2489.14,463067.809,1747450799999,1147562058.51074,395802,270479.206,670671357.05736,0
1747450800000,2489.14,2496.40,2473.57,2495.93,153977.816,1747454399999,382754423.60913,205000,74414.043,185015938.59996,0
1747454400000,2495.92,2512.33,2490.30,2504.97,210635.431,1747457999999,527162767.08707,202399,91710.961,229527624.16373,0
1747458000000,2504.97,2508.48,2473.53,2479.20,201724.456,1747461599999,502429666.79155,197743,90822.565,226251033.70560,0
1747461600000,2479.19,2495.64,2478.82,2492.16,144583.711,1747465199999,359752263.07082,150536,79964.899,198956716.01738,0
1747465200000,2492.17,2505.26,2480.07,2491.49,156713.491,1747468799999,390779533.88432,168760,72800.492,181568136.35898,0
1747468800000,2491.49,2495.06,2476.01,2479.97,152823.961,1747472399999,379890855.19660,197137,69532.127,172885355.37659,0
1747472400000,2479.97,2485.47,2463.71,2477.41,224386.613,1747475999999,555647707.87349,233989,112082.002,277601034.33145,0
1747476000000,2477.40,2490.64,2473.64,2484.81,127955.653,1747479599999,317700425.95512,140777,62251.937,154591263.39192,0
1747479600000,2484.80,2488.12,2473.23,2480.54,119954.534,1747483199999,297573564.39157,103894,59278.761,147070250.10932,0
1747483200000,2480.55,2485.76,2469.00,2471.42,109982.215,1747486799999,272561647.85298,149692,49728.295,123256113.27422,0
1747486800000,2471.42,2479.39,2442.65,2460.46,366961.063,1747490399999,903182796.29625,288753,175774.502,432815415.55957,0
1747490400000,2460.46,2484.97,2459.92,2481.42,231663.523,1747493999999,573276651.80029,212088,121708.321,301186146.05636,0
1747494000000,2481.41,2483.54,2471.56,2473.22,113641.306,1747497599999,281454840.01234,137316,51160.873,126706560.74481,0
1747497600000,2473.22,2479.33,2446.70,2466.68,253402.319,1747501199999,623865725.12050,233197,120309.582,296212661.97540,0
1747501200000,2466.67,2479.36,2462.66,2469.11,142406.350,1747504799999,351935565.81893,155392,69210.701,171081738.30687,0
1747504800000,2469.10,2488.00,2462.06,2465.94,168595.682,1747508399999,417476215.93288,190609,90439.859,223999264.74464,0
1747508400000,2465.94,2479.44,2460.66,2468.90,90154.895,1747511999999,222802564.38104,121444,44044.169,108839306.33537,0
1747512000000,2468.90,2495.55,2463.23,2488.05,135351.197,1747515599999,335409767.01118,162718,75403.567,186885381.36678,0
1747515600000,2488.05,2493.14,2478.19,2484.81,87273.653,1747519199999,216899780.87152,96992,39263.780,97598114.03126,0
1747519200000,2484.81,2485.39,2451.28,2459.08,174405.274,1747522799999,429706792.68681,198317,84473.712,208096632.94127,0
1747522800000,2459.07,2477.29,2456.00,2474.09,84247.714,1747526399999,207960966.26689,132687,40456.804,99853987.74583,0
1747526400000,2474.09,2485.29,2470.65,2481.75,83242.933,1747529999999,206247643.84885,131822,43382.360,107490894.08022,0
1747530000000,2481.76,2486.58,2471.78,2484.11,68379.811,1747533599999,169504701.62818,97039,32807.891,81338964.13903,0
1747533600000,2484.10,2486.78,2474.91,2480.09,61084.332,1747537199999,151593981.69648,82279,31104.767,77199454.37354,0
1747537200000,2480.09,2485.96,2466.74,2476.19,118704.012,1747540799999,293974210.59925,121834,57445.285,142264280.98383,0
1747540800000,2476.18,2488.44,2476.18,2485.00,66054.355,1747544399999,164040756.09287,78617,35961.873,89309126.73042,0
1747544400000,2484.99,2514.77,2484.66,2511.34,250024.574,1747547999999,625268182.82423,222291,142326.002,355960005.05975,0
1747548000000,2511.34,2513.00,2491.00,2495.92,138240.372,1747551599999,345735263.89471,147194,59953.695,149946706.47123,0
1747551600000,2495.93,2510.97,2493.55,2508.35,107988.266,1747555199999,270277523.34300,117717,57623.896,144244186.18329,0
1747555200000,2508.35,2527.85,2508.16,2516.26,248788.812,1747558799999,626782729.42513,243571,127905.795,322247391.88420,0
1747558800000,2516.27,2522.29,2502.51,2506.86,116721.487,1747562399999,293234015.32404,140855,48678.967,122306235.28851,0
1747562400000,2506.85,2512.06,2496.00,2503.96,105881.709,1747565999999,265103586.09473,115127,52275.937,130921181.06928,0
1747566000000,2503.95,2512.20,2499.55,2500.49,86188.436,1747569599999,215969234.49708,101728,44919.531,112571616.70827,0
1747569600000,2500.49,2507.45,2486.65,2507.19,155536.257,1747573199999,388359265.14260,159408,76502.974,191050722.47422,0
1747573200000,2507.19,2544.12,2503.08,2541.19,252925.336,1747576799999,637856908.59168,222596,140317.212,354054992.27779,0
1747576800000,2541.19,2568.95,2527.93,2556.82,561243.830,1747580399999,1429187647.73539,454076,257898.750,657011234.96902,0
1747580400000,2556.82,2587.52,2546.73,2578.06,409433.218,1747583999999,1051017462.38762,354446,194532.315,499571390.26435,0
1747584000000,2578.07,2582.92,2553.37,2572.68,391170.449,1747587599999,1005140436.48593,350616,176262.334,452949218.24446,0
1747587600000,2572.68,2574.32,2481.50,2488.59,857452.206,1747591199999,2166487563.97266,619608,358434.275,905777702.85215,0
1747591200000,2488.59,2495.00,2448.77,2461.59,775804.670,1747594799999,1914795205.24302,661980,360042.159,888828336.11180,0
1747594800000,2461.58,2469.94,2402.00,2406.78,617971.173,1747598399999,1503933476.67813,525311,264961.924,645124866.27638,0
1747598400000,2406.78,2406.78,2312.62,2392.37,1173410.942,1747601999999,2778428971.79518,809672,523198.650,1239778366.18377,0
1747602000000,2392.40,2433.28,2391.53,2406.01,374530.295,1747605599999,903357639.59628,327401,183176.336,441956563.14917,0
1747605600000,2406.00,2455.60,2374.55,2453.60,590055.649,1747609199999,1423945711.88736,523395,300442.804,725479000.02835,0
1747609200000,2453.61,2510.20,2434.20,2496.98,468231.140,1747612799999,1155248105.42574,418009,268875.030,663991921.29347,0
1747612800000,2496.98,2513.38,2426.24,2442.21,744317.473,1747616399999,1834579833.66662,626258,354653.577,874458230.44301,0
1747616400000,2442.21,2449.89,2412.93,2427.63,347970.350,1747619999999,845736916.07000,358914,173764.137,422467639.00762,0
1747620000000,2427.63,2434.60,2391.30,2400.20,416636.800,1747623599999,1002652057.07327,348984,200024.983,481379561.85063,0
1747623600000,2400.20,2403.74,2378.02,2384.46,290150.639,1747627199999,692946867.22796,295091,142398.772,340105526.11229,0
1747627200000,2384.46,2404.45,2351.00,2364.88,443632.222,1747630799999,1055264685.49532,412845,210560.519,501152045.92356,0
1747630800000,2364.88,2385.43,2356.48,2377.67,269062.321,1747634399999,638616665.31470,281864,147265.234,349506056.04119,0
1747634400000,2377.67,2397.13,2346.99,2352.99,354527.493,1747637999999,841597994.45598,330737,164569.250,390953751.77401,0
1747638000000,2352.99,2412.27,2350.72,2402.54,535411.789,1747641599999,1281162280.46370,415360,286102.609,684020130.64575,0
1747641600000,2402.53,2422.11,2389.00,2403.92,377810.712,1747645199999,908885671.21532,312209,188561.621,453729841.95976,0
1747645200000,2403.92,2414.64,2389.57,2404.24,204145.526,1747648799999,490573440.21589,212483,99577.602,239365435.58878,0
1747648800000,2404.24,2418.16,2392.00,2408.81,187454.115,1747652399999,450807913.44610,198677,94179.208,226526732.41598,0
1747652400000,2408.81,2420.88,2406.11,2416.34,168264.160,1747655999999,406249868.23584,146701,90004.466,217346802.82691,0
1747656000000,2416.33,2420.00,2383.00,2400.23,338055.235,1747659599999,810527982.62877,306489,153711.418,368535631.65048,0
1747659600000,2400.23,2441.75,2393.63,2426.31,536861.269,1747663199999,1300585723.98132,443950,278138.389,673803206.65001,0
1747663200000,2426.31,2453.50,2416.40,2446.23,453962.648,1747666799999,1106711207.76831,415561,235687.800,574708286.23351,0
1747666800000,2446.23,2473.00,2442.00,2465.59,329995.414,1747670399999,810981515.77614,329557,167243.120,411092374.94941,0
1747670400000,2465.59,2510.00,2449.82,2509.00,512306.894,1747673999999,1270575928.69809,398633,279568.187,694114540.15681,0
1747674000000,2509.00,2546.97,2501.03,2504.19,778156.110,1747677599999,1963358799.26696,574087,375888.613,948340300.44350,0
1747677600000,2504.18,2518.26,2474.58,2488.87,432982.803,1747681199999,1080499662.96716,383662,189566.842,473223555.14290,0
1747681200000,2488.87,2524.25,2478.60,2517.67,325348.711,1747684799999,815569450.70861,298376,189096.379,474014920.47329,0
1747684800000,2517.68,2534.09,2505.62,2519.59,278931.765,1747688399999,702903004.83916,226235,124227.571,313086553.61044,0
1747688400000,2519.60,2524.21,2501.58,2521.55,157445.537,1747691999999,395633930.70110,149948,75549.919,189921886.01990,0
1747692000000,2521.55,2521.55,2491.39,2503.01,202591.765,1747695599999,507189962.39112,175123,107875.477,270078723.79730,0
1747695600000,2503.01,2532.67,2499.63,2526.87,186872.840,1747699199999,470619627.69749,189251,113346.153,285333966.23412,0
1747699200000,2526.87,2563.33,2510.32,2514.34,417509.931,1747702799999,1058107845.47280,467355,206406.802,523294195.75398,0
1747702800000,2514.33,2549.00,2509.52,2539.53,206925.232,1747706399999,523756047.34725,278742,119532.925,302520568.42874,0
1747706400000,2539.52,2588.00,2538.87,2566.01,491706.090,1747709999999,1263610312.77257,475389,242770.777,624000560.85243,0
1747710000000,2566.02,2579.77,2542.48,2552.08,361332.364,1747713599999,925499400.12950,311058,176545.812,452263530.04299,0
1747713600000,2552.08,2577.54,2543.78,2569.99,201524.810,1747717199999,515753310.95927,207003,113807.273,291305068.27607,0
1747717200000,2570.00,2575.34,2555.55,2558.33,168802.345,1747720799999,433317308.19888,180477,74084.901,190194212.10605,0
1747720800000,2558.32,2560.62,2533.33,2542.76,243734.148,1747724399999,620019489.99108,250345,116966.457,297585822.05652,0
1747724400000,2542.75,2546.00,2520.66,2531.20,299282.029,1747727999999,758096462.68649,269692,140705.226,356468839.58704,0
1747728000000,2531.21,2539.00,2520.80,2533.36,188482.852,1747731599999,476841381.24689,193441,99630.951,252104851.54234,0
1747731600000,2533.36,2538.83,2523.56,2525.38,125192.372,1747735199999,316916878.68761,148626,58874.838,149056452.76231,0
1747735200000,2525.39,2532.98,2506.66,2514.98,249426.742,1747738799999,627588144.40609,237811,121354.531,305345781.96397,0
1747738800000,2514.98,2518.51,2491.00,2513.32,324537.556,1747742399999,813441209.66138,264670,142521.084,357359124.68705,0
1747742400000,2513.32,2514.31,2477.28,2483.39,371319.192,1747745999999,925654596.62155,301409,160600.299,400304932.68274,0
1747746000000,2483.39,2491.25,2463.00,2474.51,396429.327,1747749599999,981839356.99232,367558,186020.569,460857152.12462,0
1747749600000,2474.52,2488.80,2465.15,2467.66,325010.136,1747753199999,804688826.90518,318635,163616.378,405167189.59387,0
1747753200000,2467.66,2492.04,2466.60,2481.52,247110.519,1747756799999,612964962.79912,246072,129466.547,321140374.48514,0
1747756800000,2481.52,2489.11,2467.36,2473.82,168097.047,1747760399999,416477569.60787,194092,80580.140,199666553.18466,0
1747760400000,2473.83,2507.78,2473.10,2495.94,312711.994,1747763999999,779839172.14515,281664,166102.680,414261705.30865,0
1747764000000,2495.91,2503.00,2438.39,2451.71,488661.048,1747767599999,1206821932.36668,403152,214241.165,529261810.84997,0
1747767600000,2451.71,2511.05,2446.19,2500.25,373239.384,1747771199999,924911577.43052,323733,210801.202,522358009.94721,0
1747771200000,2500.25,2522.78,2483.50,2512.58,327451.014,1747774799999,819673716.76487,287535,168516.161,422109476.35231,0
1747774800000,2512.59,2526.01,2488.50,2509.14,232045.367,1747778399999,581889040.92899,230737,102753.692,257777374.81406,0
1747778400000,2509.13,2516.93,2486.75,2515.34,209260.728,1747781999999,523416021.22013,222776,102738.937,257007651.04039,0
1747782000000,2515.33,2540.47,2512.39,2523.09,216171.405,1747785599999,546023892.70619,226734,114579.293,289506947.86965,0
1747785600000,2523.08,2536.99,2516.89,2528.79,192882.618,1747789199999,487284790.02725,218646,91537.814,231275045.56522,0
1747789200000,2528.78,2547.44,2525.00,2532.82,193265.954,1747792799999,490377955.32968,215510,99726.006,253074205.73776,0
1747792800000,2532.82,2539.63,2506.31,2538.35,229532.353,1747796399999,579334963.56559,232202,106984.160,270110433.44339,0
1747796400000,2538.35,2553.50,2533.76,2543.77,164799.034,1747799999999,419225332.96785,189225,79033.956,201101154.11677,0
1747800000000,2543.76,2560.37,2533.03,2549.47,195688.403,1747803599999,498750186.16027,199225,100222.469,255456657.03974,0
1747803600000,2549.48,2599.37,2549.18,2592.49,456445.042,1747807199999,1177283763.91711,404089,242879.020,626357648.38054,0
1747807200000,2592.50,2615.46,2581.02,2596.60,415763.823,1747810799999,1080321402.97522,363131,197772.577,514005455.92545,0
1747810800000,2596.61,2599.78,2542.85,2550.72,562284.184,1747814399999,1440608992.04434,466053,258714.441,662556917.80768,0
1747814400000,2550.72,2561.48,2534.36,2537.00,251225.054,1747817999999,639759625.57934,257794,112489.143,286517348.16097,0
1747818000000,2537.00,2543.77,2516.60,2522.63,318007.143,1747821599999,803792111.49835,271718,148166.909,374512401.97429,0
1747821600000,2522.62,2531.49,2513.21,2527.59,201751.945,1747825199999,509143209.57364,167552,107577.334,271504878.76539,0
1747825200000,2527.59,2554.93,2526.77,2535.67,316148.196,1747828799999,803314666.35468,239704,149236.820,379192834.05717,0
1747828800000,2535.67,2549.72,2525.01,2537.94,174001.959,1747832399999,441539988.79962,163251,87062.214,220957779.89841,0
1747832400000,2537.94,2557.91,2520.49,2545.41,327605.680,1747835999999,832316840.31625,325025,160358.351,407466429.03526,0
1747836000000,2545.42,2579.98,2530.50,2579.34,476896.852,1747839599999,1219139718.30679,457011,254918.076,651702789.83320,0
1747839600000,2579.33,2581.96,2541.65,2566.01,617555.067,1747843199999,1583785303.46462,517548,298242.726,765047826.32435,0
1747843200000,2566.01,2614.99,2553.50,2585.02,574636.659,1747846799999,1487523802.57330,481170,273928.388,709184136.55202,0
1747846800000,2585.03,2594.87,2450.72,2471.50,2602601.457,1747850399999,6503622664.68337,1423135,1255092.734,3135812557.28553,0
1747850400000,2471.49,2496.68,2457.54,2473.55,676580.623,1747853999999,1677686329.00794,535334,366379.338,908612632.62524,0
1747854000000,2473.55,2516.58,2461.43,2511.11,429309.183,1747857599999,1068765994.18185,421429,224007.414,557802186.24412,0
1747857600000,2511.10,2511.62,2482.45,2507.55,241105.668,1747861199999,602730649.55358,233046,113611.295,284026059.54148,0
1747861200000,2507.54,2519.72,2496.60,2503.49,111775.591,1747864799999,280242586.63954,149599,56829.059,142512985.56594,0
1747864800000,2503.49,2541.89,2499.00,2534.60,208769.227,1747868399999,526724427.69978,229961,111796.264,282091683.67770,0
1747868400000,2534.59,2598.53,2523.75,2550.26,661415.061,1747871999999,1693980329.94953,596508,315644.241,808306432.50370,0
1747872000000,2550.26,2587.80,2543.37,2585.33,362609.916,1747875599999,930176175.47938,400587,187707.848,481587044.70391,0
1747875600000,2585.34,2603.14,2556.73,2574.00,397943.445,1747879199999,1028615195.34875,454225,201105.586,520012796.35724,0
1747879200000,2574.00,2602.58,2573.71,2593.73,226790.952,1747882799999,587383227.57857,329234,112129.968,290362153.25598,0
1747882800000,2593.72,2647.25,2584.27,2628.60,492973.597,1747886399999,1292767106.73326,492639,252675.183,662785278.96036,0
1747886400000,2628.59,2638.00,2612.99,2627.37,307942.734,1747889999999,807729362.58534,358036,143933.305,377628064.16861,0
1747890000000,2627.37,2646.82,2605.59,2608.81,373795.204,1747893599999,982161163.01925,363782,167593.427,440529752.47589,0
1747893600000,2608.82,2622.77,2601.65,2608.75,276461.481,1747897199999,721943320.02827,295029,139675.274,364796708.21287,0
1747897200000,2608.76,2637.84,2603.12,2634.41,280874.635,1747900799999,737016434.06385,313173,149596.132,392563125.21930,0
1747900800000,2634.41,2681.90,2626.41,2662.88,557193.300,1747904399999,1482029421.79950,535822,293210.319,779855867.60449,0
1747904400000,2662.88,2692.61,2658.49,2664.36,450480.397,1747907999999,1204950630.08934,444803,215219.844,575789540.68631,0
1747908000000,2664.36,2678.10,2650.47,2655.75,257880.547,1747911599999,686423782.46906,289722,119338.435,317716196.11042,0
1747911600000,2655.74,2663.42,2635.00,2649.71,324233.808,1747915199999,858872235.95742,315278,155964.647,413264323.83536,0
1747915200000,2649.72,2661.93,2638.00,2656.73,276330.410,1747918799999,732464365.23844,293053,128472.393,340615188.38120,0
1747918800000,2656.72,2659.72,2618.59,2643.09,393942.601,1747922399999,1040738087.77590,396669,184253.440,486902658.06070,0
1747922400000,2643.15,2675.43,2643.15,2665.50,390108.725,1747925999999,1037886757.52442,410142,193262.259,514257311.47299,0
1747926000000,2665.50,2679.30,2657.78,2663.53,256559.009,1747929599999,684811999.28507,275107,117413.255,313375489.97023,0
1747929600000,2663.54,2675.34,2634.47,2644.99,342137.299,1747933199999,908002049.81096,317264,150747.285,400143262.19311,0
1747933200000,2645.00,2673.24,2641.72,2658.24,194428.042,1747936799999,517197109.10570,216390,94321.158,250875984.70179,0
1747936800000,2658.24,2669.73,2646.78,2657.91,125602.284,1747940399999,334072001.36069,156078,60112.364,159868302.58634,0
1747940400000,2657.90,2660.60,2625.28,2634.02,214698.256,1747943999999,567054230.79856,228179,103407.280,273181108.49357,0
1747944000000,2634.03,2648.69,2628.89,2640.22,152959.701,1747947599999,403780343.13052,165385,79644.526,210254959.29252,0
1747947600000,2640.22,2642.47,2627.18,2635.15,68534.120,1747951199999,180526857.85554,98355,32990.486,86908661.41206,0
1747951200000,2635.16,2651.51,2632.00,2634.80,126421.268,1747954799999,334231686.54686,141762,68755.863,181796785.38519,0
1747954800000,2634.80,2665.00,2634.80,2663.72,134152.954,1747958399999,355974389.08766,135702,71003.406,188393565.52004,0
1747958400000,2663.72,2679.00,2643.76,2662.08,269343.199,1747961999999,716958109.54079,251345,133770.103,356077609.11801,0
1747962000000,2662.07,2693.93,2650.01,2674.80,301371.223,1747965599999,805596469.75648,299688,152100.953,406675467.79792,0
1747965600000,2674.80,2734.30,2671.23,2704.83,747700.581,1747969199999,2027565600.03649,584563,384892.064,1043900316.72086,0
1747969200000,2704.94,2730.13,2699.43,2720.93,251946.033,1747972799999,683957883.26082,266209,134002.371,363870236.30399,0
1747972800000,2720.93,2725.39,2677.17,2696.79,388690.289,1747976399999,1048114436.23266,327013,203285.676,547962927.88554,0
1747976400000,2696.80,2706.19,2678.54,2695.91,208607.268,1747979999999,561613300.98852,215686,96501.743,259828651.10268,0
1747980000000,2695.91,2696.62,2650.37,2656.16,500909.259,1747983599999,1335934104.30289,430614,197068.545,525344359.09799,0
1747983600000,2656.17,2672.32,2650.01,2654.69,202076.216,1747987199999,537887012.03179,197539,99783.359,265629160.67706,0
1747987200000,2654.69,2675.62,2652.69,2668.36,191953.665,1747990799999,511456879.43577,179290,102243.347,272436355.05349,0
1747990800000,2668.35,2687.80,2664.06,2681.77,216214.646,1747994399999,579018458.01481,204755,105364.651,282153377.18142,0
1747994400000,2681.77,2682.40,2656.37,2670.55,230380.513,1747997999999,614272033.47011,215295,108862.290,290238540.67656,0
1747998000000,2670.55,2671.00,2550.00,2565.32,1194866.614,1748001599999,3107108127.86168,810565,531844.704,1381748029.12930,0
1748001600000,2565.32,2568.00,2497.00,2547.51,1257667.092,1748005199999,3194050000.57635,964842,637604.694,1619948093.70044,0
1748005200000,2547.52,2582.90,2536.00,2580.61,614496.366,1748008799999,1575988314.28698,525352,309831.016,794566325.86044,0
1748008800000,2580.61,2591.19,2570.44,2573.09,304023.073,1748012399999,784521837.94266,339471,139779.419,360729259.76161,0
1748012400000,2573.09,2581.59,2564.28,2567.38,247558.499,1748015999999,636948476.45106,257149,114599.861,294929625.67637,0
1748016000000,2567.37,2575.00,2545.12,2565.87,376068.714,1748019599999,962500059.70329,325920,187250.457,479342119.16040,0
1748019600000,2565.87,2585.94,2564.56,2575.77,214327.569,1748023199999,552156587.77408,213496,111234.027,286577390.74024,0
1748023200000,2575.77,2580.69,2552.00,2558.70,235816.163,1748026799999,604540874.88170,219146,112890.786,289445992.89141,0
1748026800000,2558.71,2574.64,2555.24,2559.76,132968.652,1748030399999,341063334.54391,154686,70984.478,182078459.28375,0
1748030400000,2559.77,2561.62,2524.84,2542.31,243631.895,1748033999999,619877083.10436,208878,102450.492,260818419.13233,0
1748034000000,2542.31,2552.64,2526.00,2533.50,148210.118,1748037599999,376262247.57720,175509,75937.803,192842541.82288,0
1748037600000,2533.50,2558.18,2529.00,2537.60,221660.995,1748041199999,564143621.39251,238141,133839.911,340714207.79384,0
1748041200000,2537.60,2541.72,2502.10,2525.39,361056.188,1748044799999,909468615.34634,390161,163648.568,412309072.20049,0
1748044800000,2525.38,2543.62,2513.97,2514.99,198168.812,1748048399999,501274790.19720,268114,94073.994,238008066.40666,0
1748048400000,2514.99,2534.60,2514.40,2523.36,117099.516,1748051999999,295830449.98142,166330,62020.636,156690305.87666,0
1748052000000,2523.36,2544.45,2517.39,2539.75,98463.312,1748055599999,249612028.56892,127832,54037.665,136999512.70539,0
1748055600000,2539.75,2555.05,2536.79,2548.98,119824.717,1748059199999,305412517.79477,131651,61123.477,155797770.93934,0
1748059200000,2548.98,2562.33,2544.73,2558.20,99029.295,1748062799999,253000323.69649,113913,54769.778,139956934.92732,0
1748062800000,2558.21,2559.36,2542.00,2549.97,116837.587,1748066399999,297858881.79638,111343,41931.987,106907566.14096,0
1748066400000,2549.97,2554.63,2534.10,2546.35,117105.781,1748069999999,297861625.76903,124341,55954.622,142352904.57239,0
1748070000000,2546.35,2559.33,2543.45,2545.79,136640.734,1748073599999,348697041.19090,140062,64529.802,164676174.37748,0
1748073600000,2545.78,2557.68,2543.81,2555.90,111121.711,1748077199999,283440276.24306,129936,59586.143,152012683.73588,0
1748077200000,2555.88,2559.50,2549.97,2551.54,78631.144,1748080799999,200949591.47537,104148,35999.976,92013616.89923,0
1748080800000,2551.53,2574.50,2551.10,2568.61,199096.932,1748084399999,510784434.06113,186081,108059.843,277210873.99139,0
1748084400000,2568.61,2574.44,2560.98,2562.14,113664.561,1748087999999,291803403.27212,136256,54467.491,139837873.72468,0
1748088000000,2562.15,2564.37,2547.07,2558.08,149904.816,1748091599999,383076232.12780,151321,67283.942,171975579.33610,0
1748091600000,2558.08,2561.73,2542.36,2545.45,131376.237,1748095199999,335196592.06435,124342,62331.563,159083618.80699,0
1748095200000,2545.44,2560.45,2542.34,2557.45,106550.220,1748098799999,271984934.73650,113764,62308.126,159057976.97929,0
1748098800000,2557.44,2563.88,2548.32,2554.32,82575.172,1748102399999,211003900.16268,102900,40363.127,103144952.91144,0
1748102400000,2554.32,2561.00,2542.23,2556.42,96052.666,1748105999999,245131419.41623,108778,47874.186,122196541.53856,0
1748106000000,2556.41,2563.81,2554.14,2556.53,72240.548,1748109599999,184909973.58485,86482,33560.555,85898809.62006,0
1748109600000,2556.53,2566.40,2543.32,2548.22,86937.515,1748113199999,222053532.09184,91224,40923.817,104526399.52825,0
1748113200000,2548.22,2554.35,2545.20,2553.33,54256.411,1748116799999,138375033.75894,69830,29198.174,74471280.37742,0
1748116800000,2553.34,2555.47,2548.46,2551.15,36079.958,1748120399999,92077779.70521,52445,17153.913,43776738.16428,0
1748120400000,2551.15,2551.73,2511.13,2539.19,178015.493,1748123999999,450819835.85835,141599,66430.981,168406112.63628,0
1748124000000,2539.19,2539.20,2520.00,2524.29,104219.203,1748127599999,263590536.13175,128465,45920.937,116147909.13465,0
1748127600000,2524.30,2534.10,2516.10,2529.27,148635.607,1748131199999,375433212.56083,175441,73880.141,186634251.83926,0
1748131200000,2529.27,2538.38,2473.36,2485.58,423741.642,1748134799999,1059568563.56307,351432,182592.498,456774585.66924,0
1748134800000,2485.57,2502.87,2478.01,2494.50,220097.686,1748138399999,548525323.68694,250017,112847.757,281262966.90269,0
1748138400000,2494.50,2509.76,2484.20,2506.88,191358.614,1748141999999,478139502.47449,178274,95796.647,239346722.67994,0
1748142000000,2506.88,2519.68,2505.68,2511.79,138050.004,1748145599999,346917904.90164,148473,76241.893,191589009.77567,0
1748145600000,2511.78,2517.66,2503.98,2516.19,78654.325,1748149199999,197467799.93394,90421,42163.181,105872086.96120,0
1748149200000,2516.18,2517.50,2506.00,2511.72,50819.848,1748152799999,127628185.69831,69146,22225.396,55816887.88001,0
1748152800000,2511.73,2512.37,2500.98,2506.26,75165.348,1748156399999,188294392.34178,81116,35216.337,88219532.26505,0
1748156400000,2506.26,2506.27,2486.30,2493.38,179414.769,1748159999999,447407523.65109,165978,83926.620,209245136.08656,0
1748160000000,2493.38,2493.50,2457.60,2476.50,295215.660,1748163599999,731609901.69877,252288,129789.546,321796009.90743,0
1748163600000,2476.49,2494.71,2471.14,2494.19,236375.347,1748167199999,586722404.09431,217315,128314.354,318537048.73180,0
1748167200000,2494.20,2501.74,2487.32,2491.52,163197.968,1748170799999,407157789.89591,144970,78208.222,195164105.61913,0
1748170800000,2491.51,2499.31,2487.77,2496.58,101914.709,1748174399999,254233768.73721,105140,51327.748,128042966.15776,0
1748174400000,2496.58,2517.61,2493.74,2515.67,195086.568,1748177999999,489600004.57347,188693,116169.163,291563390.74444,0
1748178000000,2515.67,2524.99,2510.14,2512.44,149976.888,1748181599999,377466390.16451,144769,73372.487,184715905.45521,0
1748181600000,2512.43,2517.33,2495.55,2505.19,170108.940,1748185199999,426577195.57291,152299,74423.316,186676755.35207,0
1748185200000,2505.19,2515.13,2478.00,2510.47,322922.500,1748188799999,806044409.86971,314046,159703.601,398774037.66387,0
1748188800000,2510.47,2512.37,2495.00,2510.49,158493.397,1748192399999,396927861.63390,162426,73590.144,184280441.25093,0
1748192400000,2510.49,2515.80,2507.46,2512.40,75262.746,1748195999999,189044680.38717,86841,35073.075,88106795.15284,0
1748196000000,2512.39,2522.71,2509.80,2514.90,79390.666,1748199599999,199819489.66618,83709,41908.650,105497552.46219,0
1748199600000,2514.89,2537.00,2513.50,2525.21,101874.899,1748203199999,257221870.13751,91106,64362.020,162550867.41713,0
1748203200000,2525.20,2527.84,2509.69,2522.66,85402.707,1748206799999,215206894.97846,87479,37345.698,94136770.75662,0
1748206800000,2522.66,2530.79,2506.08,2514.20,90025.116,1748210399999,226837689.84288,92522,37936.284,95640583.26218,0
1748210400000,2514.20,2553.00,2511.31,2547.97,301822.051,1748213999999,766443512.21860,291938,165601.802,420558857.78267,0
1748214000000,2547.96,2552.81,2533.82,2550.03,152374.135,1748217599999,387525478.78405,152430,77178.936,196316153.19138,0
1748217600000,2550.03,2573.61,2535.00,2570.58,243878.886,1748221199999,623112062.54746,221468,124867.398,319252307.53074,0
1748221200000,2570.58,2576.00,2553.75,2557.53,211439.656,1748224799999,541788741.24223,184646,99958.883,256207264.40077,0
1748224800000,2557.53,2563.00,2546.00,2551.85,132903.779,1748228399999,339442357.21191,127084,60693.380,155047806.43869,0
1748228400000,2551.85,2565.88,2547.53,2559.33,109566.471,1748231999999,280191980.87575,100875,60295.778,154230099.08092,0
1748232000000,2559.34,2569.00,2556.16,2563.39,106280.705,1748235599999,272403579.49919,98521,54551.144,139823973.00660,0
1748235600000,2563.39,2574.75,2560.44,2567.25,114641.544,1748239199999,294422702.79497,111104,58227.623,149557694.46010,0
1748239200000,2567.26,2584.96,2564.11,2581.80,149396.817,1748242799999,384543342.94278,134917,82314.632,211924176.91446,0
1748242800000,2581.77,2598.60,2576.00,2579.71,312714.199,1748246399999,808522430.67635,234788,160758.932,415735363.62642,0
1748246400000,2579.70,2581.80,2563.18,2567.19,176252.090,1748249999999,453360888.26221,151743,84291.759,216871511.22189,0
1748250000000,2567.20,2573.51,2552.47,2562.01,181108.542,1748253599999,464319047.26947,149992,82452.133,211472022.90448,0
1748253600000,2562.01,2568.64,2553.00,2558.34,108634.255,1748257199999,278323360.54405,101385,50077.651,128338972.88464,0
1748257200000,2558.34,2567.47,2554.18,2566.75,79730.317,1748260799999,204261500.92890,82592,41167.649,105484305.02443,0
1748260800000,2566.74,2573.62,2559.70,2567.11,88965.548,1748264399999,228321560.07540,97822,48646.280,124858322.34180,0
1748264400000,2567.12,2570.60,2537.68,2550.15,227517.999,1748267999999,581224526.45084,180902,98389.514,251439221.77364,0
1748268000000,2550.15,2555.45,2540.84,2549.60,160429.506,1748271599999,408810203.85286,165287,85330.483,217450446.88556,0
1748271600000,2549.60,2569.98,2544.20,2565.00,220866.204,1748275199999,565404334.68332,182475,119343.050,305485504.69754,0
1748275200000,2565.00,2572.80,2532.86,2541.39,316898.430,1748278799999,807267642.55985,254462,142730.644,363689206.98264,0
1748278800000,2541.39,2548.00,2521.29,2532.44,155323.815,1748282399999,393846355.07115,152682,64536.978,163701761.28233,0
1748282400000,2532.44,2545.54,2526.75,2533.80,108324.455,1748285999999,274847767.80546,103056,53364.033,135424757.50232,0
1748286000000,2533.83,2543.42,2531.17,2539.97,62445.623,1748289599999,158490956.10279,74694,33525.667,85091239.98199,0
1748289600000,2539.97,2567.13,2535.19,2565.07,153060.920,1748293199999,390744615.63011,141654,96138.733,245445599.27605,0
1748293200000,2565.06,2567.00,2553.98,2561.31,90708.164,1748296799999,232288022.97543,94373,39440.312,101005520.91550,0
1748296800000,2561.31,2584.74,2556.00,2558.60,166434.236,1748300399999,427548106.01966,156957,92252.586,237014222.30415,0
1748300400000,2558.60,2563.60,2551.89,2562.43,73312.177,1748303999999,187491557.36202,85177,37631.001,96257091.96593,0
1748304000000,2562.42,2572.50,2547.75,2549.99,110841.899,1748307599999,283684307.06803,123680,46410.196,118818223.34548,0
1748307600000,2549.99,2550.00,2508.00,2528.66,394743.411,1748311199999,997378190.75654,346085,194494.845,491462962.72526,0
1748311200000,2528.66,2543.50,2526.86,2534.49,139984.858,1748314799999,355012015.40100,150994,72110.611,182866613.29230,0
1748314800000,2534.50,2564.25,2534.38,2548.42,190759.186,1748318399999,486862189.77616,187216,100550.032,256621702.77940,0
1748318400000,2548.42,2568.00,2547.83,2558.21,112708.931,1748321999999,288356651.55431,117385,57695.626,147609719.15833,0
1748322000000,2558.21,2572.17,2549.00,2568.60,140548.103,1748325599999,360006015.37355,130237,70034.704,179428581.86213,0
1748325600000,2568.60,2609.90,2563.59,2568.63,706865.403,1748329199999,1829800833.20484,577715,357810.120,926318914.22513,0
1748329200000,2568.63,2619.61,2568.53,2606.95,383152.653,1748332799999,994092844.45132,326950,237013.898,614828167.03548,0
1748332800000,2606.97,2643.44,2606.70,2634.54,665925.259,1748336399999,1752147070.14118,583951,385407.270,1013959890.94127,0
1748336400000,2634.54,2649.13,2620.88,2637.53,318209.312,1748339999999,837908813.19180,264496,168394.038,443520293.80618,0
1748340000000,2637.53,2641.52,2630.20,2637.76,141610.340,1748343599999,373222927.26737,154422,70354.154,185436765.03483,0
1748343600000,2637.76,2654.10,2626.04,2651.98,261550.573,1748347199999,690975951.29363,240278,144487.806,381863503.75310,0
1748347200000,2651.97,2653.72,2633.19,2647.38,234732.162,1748350799999,620443572.29162,201678,105799.331,279671908.33459,0
1748350800000,2647.38,2683.76,2641.37,2654.84,663084.956,1748354399999,1766220625.46810,542965,360341.483,960095973.66312,0
1748354400000,2654.84,2671.11,2632.42,2660.09,458532.681,1748357999999,1217278225.81810,421683,215468.934,572073384.98412,0
1748358000000,2660.10,2669.64,2652.35,2667.46,210588.841,1748361599999,560777059.60977,240392,102390.802,272679591.52302,0
1748361600000,2667.47,2683.83,2657.20,2669.60,288741.135,1748365199999,771322704.08126,268417,143432.312,383143784.37521,0
1748365200000,2669.60,2711.80,2669.22,2694.85,531578.368,1748368799999,1430840467.18888,405928,289006.955,778061925.25299,0
1748368800000,2694.85,2707.56,2673.98,2679.07,269592.608,1748372399999,725066355.63276,251857,123809.517,333119192.56335,0
1748372400000,2679.06,2687.65,2670.43,2686.84,163735.851,1748375999999,438775032.08278,185530,87771.125,235242483.94785,0
1748376000000,2686.84,2693.63,2662.01,2667.54,171651.673,1748379599999,459485066.89647,183310,79000.574,211552804.49901,0
1748379600000,2667.54,2676.78,2656.01,2662.16,137991.645,1748383199999,367762423.48916,152869,63278.224,168692338.43555,0
1748383200000,2662.17,2668.94,2651.00,2659.10,150058.680,1748386799999,399343066.30751,173906,74127.399,197308281.30584,0
1748386800000,2659.10,2664.10,2651.34,2659.84,93984.385,1748390399999,249868005.78303,111648,47705.166,126839329.21439,0
1748390400000,2659.83,2660.85,2640.00,2657.49,161048.610,1748393999999,426761583.12475,161612,77594.440,205641421.57267,0
1748394000000,2657.50,2658.96,2630.05,2633.64,147529.653,1748397599999,389837448.98424,161390,68606.940,181332545.80608,0
1748397600000,2633.64,2642.18,2617.00,2637.71,278819.376,1748401199999,733312266.25997,233601,149608.184,393565217.99150,0
1748401200000,2637.71,2649.08,2632.44,2644.51,147375.677,1748404799999,389183414.68719,131453,79321.315,209519051.40704,0
1748404800000,2644.51,2651.87,2633.07,2645.63,118238.921,1748408399999,312582583.11479,119009,58906.311,155772427.51065,0
1748408400000,2645.63,2646.33,2633.92,2638.65,94612.994,1748411999999,249743100.07076,96782,48443.623,127872464.43811,0
1748412000000,2638.64,2638.65,2622.36,2626.56,146664.978,1748415599999,385607986.01423,148391,65391.853,171922518.04731,0
1748415600000,2626.57,2642.00,2623.54,2635.35,103559.239,1748419199999,272863057.75014,109117,54803.584,144412405.08255,0
1748419200000,2635.36,2644.99,2627.41,2642.01,116024.011,1748422799999,305994059.79819,122493,62781.251,165606408.15347,0
1748422800000,2642.01,2642.72,2620.53,2625.97,155242.310,1748426399999,408327279.05206,136016,75460.219,198461184.93774,0
1748426400000,2625.97,2643.12,2606.00,2639.72,291121.788,1748429999999,764296019.81869,219741,143713.995,377513593.85702,0
1748430000000,2639.72,2658.94,2639.20,2655.99,188101.711,1748433599999,498278436.81553,158610,104909.095,277913618.67384,0
1748433600000,2655.99,2682.13,2652.00,2666.32,354444.398,1748437199999,945795901.39636,243047,187792.499,501146639.93684,0
1748437200000,2666.33,2689.13,2653.35,2656.57,472110.232,1748440799999,1260590570.65260,382363,227042.035,606447908.68687,0
1748440800000,2656.57,2659.70,2619.15,2627.46,566265.630,1748444399999,1493214304.45662,461732,264577.779,697659055.22222,0
1748444400000,2627.46,2639.27,2612.00,2626.17,288896.808,1748447999999,758946425.85264,273975,148325.341,389735160.99342,0
1748448000000,2626.20,2643.12,2625.61,2639.71,161097.815,1748451599999,424614632.13854,171327,87018.163,229361937.16570,0
1748451600000,2639.70,2664.00,2639.70,2651.56,249123.771,1748455199999,660768070.58350,223146,127135.830,337156240.36109,0
1748455200000,2651.56,2657.24,2631.00,2635.54,143538.534,1748458799999,379584722.95177,153254,60601.152,160319245.40114,0
1748458800000,2635.54,2654.99,2615.23,2616.61,231382.496,1748462399999,608680758.98447,232607,114095.870,300156064.35544,0
1748462400000,2616.61,2634.64,2610.01,2633.62,209215.144,1748465999999,548752783.35182,211916,102301.979,268450719.23084,0
1748466000000,2633.62,2658.85,2630.01,2651.21,122544.738,1748469599999,324216321.01016,106031,64715.570,171221453.98266,0
1748469600000,2651.21,2652.52,2637.02,2647.48,99482.390,1748473199999,263031197.51220,104794,45931.462,121447852.73613,0
1748473200000,2647.47,2686.00,2647.38,2680.40,309692.183,1748476799999,827301944.96679,296386,167936.282,448545469.86630,0
1748476800000,2680.40,2721.31,2669.43,2721.21,498852.866,1748480399999,1345791461.87651,414361,275644.833,744015831.11823,0
1748480400000,2721.21,2722.53,2697.00,2711.12,346839.375,1748483999999,940049169.52273,290665,159074.805,431205324.92561,0
1748484000000,2711.11,2788.88,2705.01,2770.21,732002.146,1748487599999,2015781318.86021,571052,412233.030,1134690671.85778,0
1748487600000,2770.20,2773.32,2746.44,2762.05,356426.448,1748491199999,983125156.89903,292621,165976.914,457848059.67239,0
1748491200000,2762.04,2766.66,2700.01,2727.42,602387.573,1748494799999,1644768993.20419,459169,253196.918,691207176.08712,0
1748494800000,2727.42,2736.30,2715.20,2721.92,259807.246,1748498399999,708454379.79243,220860,128153.177,349520517.79890,0
1748498400000,2721.91,2731.40,2715.06,2726.82,150772.373,1748501999999,410842228.30841,156894,71351.233,194445455.08999,0
1748502000000,2726.83,2735.59,2715.10,2730.00,150728.840,1748505599999,411011037.70324,162518,75256.258,205251370.91248,0
1748505600000,2730.00,2731.96,2710.00,2721.92,298088.850,1748509199999,811324038.09332,238449,142232.301,387154615.57693,0
1748509200000,2721.92,2738.50,2715.23,2735.08,188537.313,1748512799999,513894751.41538,165057,105133.306,286653353.27089,0
1748512800000,2735.08,2744.00,2723.37,2729.53,158998.942,1748516399999,434274303.01928,185124,76245.724,208290200.66143,0
1748516400000,2729.53,2730.68,2705.82,2714.84,221015.131,1748519999999,600899354.74954,200585,100767.257,273997624.15017,0
1748520000000,2714.84,2718.09,2674.79,2692.24,418942.038,1748523599999,1129687475.75621,366437,195583.397,527546980.56488,0
1748523600000,2692.24,2698.77,2652.50,2659.25,575564.984,1748527199999,1538769061.70919,473895,283232.306,757333972.20930,0
1748527200000,2659.25,2674.67,2620.26,2671.01,750291.274,1748530799999,1985770381.84521,652902,392240.213,1038524917.91934,0
1748530800000,2671.00,2673.44,2638.01,2642.46,316644.966,1748534399999,840541471.03880,311853,143860.193,381763916.90115,0
1748534400000,2642.46,2659.52,2629.63,2639.12,254258.630,1748537999999,672424826.22471,255195,128839.989,340863723.14500,0
1748538000000,2639.12,2670.71,2637.45,2658.48,275944.145,1748541599999,732037611.86430,286817,156785.482,415937957.66422,0
1748541600000,2658.48,2672.85,2644.44,2649.11,231876.850,1748545199999,616379571.24744,222036,107632.366,286133553.26271,0
1748545200000,2649.11,2656.74,2627.34,2649.35,228195.882,1748548799999,602837974.05051,258592,112861.524,298204153.66704,0
1748548800000,2649.35,2661.00,2639.43,2642.97,126843.339,1748552399999,336331902.55612,148153,57696.961,153049355.48712,0
1748552400000,2642.97,2661.00,2642.74,2659.50,71351.058,1748555999999,189174006.70658,85260,41270.489,109444900.60944,0
1748556000000,2659.49,2667.97,2642.97,2643.67,149411.075,1748559599999,397110522.34879,167263,60841.298,161783976.22901,0
1748559600000,2643.68,2647.99,2617.11,2630.30,224576.611,1748563199999,590906003.21462,222007,103920.056,273507486.73202,0
1748563200000,2630.30,2644.12,2556.00,2572.24,672590.459,1748566799999,1748303831.43262,481997,274684.255,714819218.82619,0
1748566800000,2572.24,2607.69,2566.55,2597.17,388172.852,1748570399999,1006088820.81896,366299,209148.187,541946932.58199,0
1748570400000,2597.17,2634.03,2596.59,2628.78,238532.192,1748573999999,624731697.45685,245992,138700.404,363296752.99753,0
1748574000000,2628.77,2642.12,2624.94,2630.39,174675.376,1748577599999,460169078.79664,168389,86960.842,229141989.01101,0
1748577600000,2630.39,2637.45,2620.36,2634.09,142497.546,1748581199999,374436083.08983,146059,74480.286,195762532.29042,0
1748581200000,2634.10,2648.42,2629.10,2642.65,144394.909,1748584799999,381112519.17583,141863,76185.835,201140119.96343,0
1748584800000,2642.64,2644.03,2605.83,2619.35,265323.474,1748588399999,695438172.18210,252131,116936.045,306454653.72351,0
1748588400000,2619.35,2642.37,2613.91,2617.55,360170.900,1748591999999,945740671.46655,281092,161121.577,423153818.35811,0
1748592000000,2617.55,2626.24,2606.28,2616.30,217418.117,1748595599999,568928276.18534,241291,108376.076,283635059.47529,0
1748595600000,2616.30,2622.79,2586.55,2613.98,320273.765,1748599199999,834118650.57693,304580,153069.180,398773344.52949,0
1748599200000,2613.98,2622.66,2601.67,2621.30,170554.980,1748602799999,445663749.98962,189268,83362.508,217842520.59875,0
1748602800000,2621.30,2627.09,2613.80,2620.69,125364.609,1748606399999,328533749.54581,143627,60713.326,159122012.84995,0
1748606400000,2620.70,2625.28,2575.00,2609.09,460933.887,1748609999999,1198884148.32438,406969,216007.875,561782633.86141,0
1748610000000,2609.10,2617.41,2571.17,2575.54,408198.434,1748613599999,1057850248.47257,396534,192372.407,498527870.54006,0
1748613600000,2575.54,2603.22,2575.53,2594.13,300386.932,1748617199999,777380131.78178,330146,147342.138,381316461.46602,0
1748617200000,2594.13,2615.81,2593.56,2597.01,199037.356,1748620799999,518301298.85605,232223,92558.243,241063919.31691,0
1748620800000,2597.01,2603.00,2530.00,2539.29,797724.912,1748624399999,2038642251.35791,582998,385632.087,985048808.91745,0
1748624400000,2539.29,2558.48,2537.62,2548.06,216295.552,1748627999999,551144140.18359,257422,110714.190,282121564.27975,0
1748628000000,2548.06,2577.74,2546.40,2576.73,226514.833,1748631599999,581295140.98509,236032,114813.015,294594895.13568,0
1748631600000,2576.73,2584.50,2571.31,2573.30,151847.894,1748635199999,391322976.22989,152833,77786.176,200492890.79758,0
1748635200000,2573.30,2589.45,2564.50,2576.26,154132.944,1748638799999,396946800.07855,132891,77759.290,200251119.23970,0
1748638800000,2576.26,2585.24,2561.36,2568.26,100105.263,1748642399999,257769423.47142,98944,41821.143,107686165.85965,0
1748642400000,2568.26,2572.29,2520.15,2525.52,318961.060,1748645999999,811287935.71436,312367,144523.532,367671455.56580,0
1748646000000,2525.52,2534.99,2503.37,2529.63,430739.096,1748649599999,1085300495.94753,414004,195514.005,492862546.10808,0
1748649600000,2529.62,2538.39,2501.31,2518.59,309725.108,1748653199999,781290141.93970,345347,155589.846,392615317.19974,0
1748653200000,2518.58,2527.00,2474.00,2491.86,487469.509,1748656799999,1217382533.53751,479197,204403.774,510717918.81823,0
1748656800000,2491.86,2516.00,2484.10,2489.09,314631.704,1748660399999,786588443.12716,302569,152799.093,382058489.23361,0
1748660400000,2489.09,2516.16,2483.81,2512.88,210341.165,1748663999999,525997252.38576,237141,115068.582,287709462.41462,0
1748664000000,2512.88,2526.00,2503.40,2521.52,153862.312,1748667599999,387200496.03927,176512,79921.610,201164294.12369,0
1748667600000,2521.52,2525.50,2510.68,2511.29,104196.472,1748671199999,262336763.16796,111422,52813.602,133013973.17497,0
1748671200000,2511.28,2525.27,2511.22,2520.37,77677.001,1748674799999,195670482.52131,96056,41918.556,105604004.92507,0
1748674800000,2520.37,2524.56,2513.44,2520.00,59185.537,1748678399999,149113703.66969,80613,28533.539,71890913.57725,0
1748678400000,2520.00,2529.63,2514.50,2523.51,108089.982,1748681999999,272630038.22647,122163,54446.287,137339586.18516,0
1748682000000,2523.51,2528.41,2516.24,2522.31,80050.188,1748685599999,201818707.55224,98448,42573.283,107330575.91554,0
1748685600000,2522.30,2537.97,2506.27,2518.98,218058.506,1748689199999,550132608.05106,202212,107428.902,271149645.18416,0
1748689200000,2518.98,2520.89,2508.53,2518.60,71742.227,1748692799999,180450811.07942,85666,36262.512,91224607.57911,0
1748692800000,2518.60,2536.97,2515.34,2536.31,153599.076,1748696399999,388406437.32950,142130,85652.986,216613031.40795,0
1748696400000,2536.30,2546.84,2525.00,2531.64,206431.667,1748699999999,523602263.38615,207258,100169.567,254131329.96652,0
1748700000000,2531.65,2543.63,2530.00,2541.17,112638.174,1748703599999,285977871.45529,128196,63320.418,160766507.52321,0
1748703600000,2541.18,2550.00,2531.04,2534.85,173188.270,1748707199999,439797410.48182,150957,84829.429,215440580.44584,0
1748707200000,2534.85,2546.49,2531.56,2539.41,96870.192,1748710799999,246007061.07102,107014,44350.132,112620485.89837,0
1748710800000,2539.41,2540.20,2521.05,2526.23,110558.845,1748714399999,279709278.98508,103386,42655.777,107956294.70524,0
1748714400000,2526.22,2541.73,2524.62,2538.82,54331.415,1748717999999,137748667.50307,72492,28974.640,73451822.78327,0
1748718000000,2538.82,2542.00,2535.16,2536.48,42851.769,1748721599999,108806555.96061,62163,22613.964,57420739.83963,0
1748721600000,2536.47,2541.35,2530.44,2540.96,41849.594,1748725199999,106186266.56712,60699,21619.192,54861119.69599,0
1748725200000,2540.95,2550.00,2537.75,2542.30,80705.679,1748728799999,205312468.69749,78584,47092.732,119806876.45157,0
1748728800000,2542.31,2544.07,2529.15,2529.65,46915.451,1748732399999,118974180.56027,75614,22596.604,57317926.33055,0
1748732400000,2529.65,2548.63,2523.32,2527.08,131859.492,1748735999999,334152267.34336,118081,73952.338,187427275.49674,0
1748736000000,2527.08,2527.98,2514.28,2525.11,150267.023,1748739599999,378711939.46795,161954,73215.723,184547339.58833,0
1748739600000,2525.10,2529.67,2488.52,2506.51,199434.916,1748743199999,500589283.73672,178024,80631.679,202524502.66710,0
1748743200000,2506.51,2512.76,2492.50,2506.22,136474.191,1748746799999,341695897.30388,165837,67116.499,168056002.56938,0
1748746800000,2506.23,2517.64,2491.03,2512.14,111006.424,1748750399999,278152063.82276,135390,58164.522,145779542.67251,0
1748750400000,2512.13,2526.30,2510.28,2521.15,86458.362,1748753999999,217759325.40995,105521,46136.727,116203690.17703,0
1748754000000,2521.15,2526.46,2514.38,2517.45,54438.933,1748757599999,137165776.57879,69597,25482.103,64211979.38627,0
1748757600000,2517.46,2518.10,2507.67,2511.32,58620.452,1748761199999,147336070.52555,80504,26446.657,66474658.16641,0
1748761200000,2511.32,2514.36,2504.58,2507.62,61472.069,1748764799999,154218397.27041,80021,29211.104,73292702.52271,0
1748764800000,2507.62,2509.68,2497.54,2504.68,99910.023,1748768399999,250126453.23949,121971,48142.434,120533521.58142,0
1748768400000,2504.69,2509.70,2476.01,2491.20,263049.436,1748771999999,654879285.05477,254289,115945.794,288694251.96382,0
1748772000000,2491.20,2495.70,2485.50,2492.59,116142.266,1748775599999,289323149.93953,127415,58186.565,144958673.99505,0
1748775600000,2492.59,2501.90,2490.00,2496.32,99530.836,1748779199999,248561403.04996,99288,51605.398,128877971.25024,0
1748779200000,2496.32,2500.71,2465.00,2482.97,230902.848,1748782799999,572764594.36251,198991,105703.487,262232511.29254,0
1748782800000,2482.98,2497.59,2479.51,2492.79,131253.232,1748786399999,326990344.67309,138066,62202.576,154941276.08538,0
1748786400000,2492.78,2518.14,2492.78,2508.21,214324.323,1748789999999,537392021.97363,196281,112976.555,283293711.30537,0
1748790000000,2508.21,2524.47,2502.38,2522.00,153921.558,1748793599999,387087661.88125,147234,86956.067,218742445.75077,0
1748793600000,2522.00,2547.00,2519.78,2537.65,309830.823,1748797199999,785795773.17703,279170,163018.183,413496950.75262,0
1748797200000,2537.64,2546.00,2532.67,2537.88,114131.530,1748800799999,289862585.92012,116811,51707.969,131343940.76272,0
1748800800000,2537.88,2538.00,2491.56,2518.84,338948.528,1748804399999,852565742.50986,274602,161435.542,405928286.92195,0
1748804400000,2518.84,2526.28,2510.56,2525.11,121469.230,1748807999999,305953508.25035,111273,62180.487,156671155.68975,0
1748808000000,2525.10,2536.00,2518.19,2524.60,102376.164,1748811599999,258746117.26500,105611,48596.805,122862636.42447,0
1748811600000,2524.60,2539.91,2523.31,2537.98,78064.867,1748815199999,197740773.28858,77163,41186.649,104330194.73987,0
1748815200000,2537.97,2546.35,2531.00,2534.05,139795.012,1748818799999,354839236.86078,129898,67531.538,171444866.44395,0
1748818800000,2534.06,2544.00,2531.89,2537.89,113048.683,1748822399999,286908219.59171,110793,58079.387,147405560.51340,0
1748822400000,2537.89,2539.56,2525.17,2533.20,119397.967,1748825999999,302379886.90771,141834,53031.496,134309424.32547,0
1748826000000,2533.21,2540.89,2523.66,2525.00,117658.321,1748829599999,297894848.73128,120558,53050.364,134325798.25059,0
1748829600000,2525.00,2526.36,2506.32,2507.65,141658.644,1748833199999,356381196.28998,153649,65845.339,165676128.94417,0
1748833200000,2507.65,2509.30,2484.05,2495.12,282597.435,1748836799999,705198061.45263,242944,141064.074,351946249.67812,0
1748836800000,2495.11,2500.93,2486.32,2491.73,126567.912,1748840399999,315689205.47509,116429,66558.172,166033406.41604,0
1748840400000,2491.73,2496.60,2482.00,2491.89,113455.145,1748843999999,282463089.45142,120101,56132.538,139789048.14062,0
1748844000000,2491.89,2499.98,2483.30,2493.66,164167.492,1748847599999,409160509.46977,135450,91083.688,227054112.46012,0
1748847600000,2493.66,2512.74,2493.38,2505.78,175380.392,1748851199999,439241324.08556,162305,92177.595,230864467.94188,0
1748851200000,2505.79,2515.00,2488.46,2493.30,189243.961,1748854799999,473622259.71833,187482,87474.837,219024556.73416,0
1748854800000,2493.30,2493.81,2472.74,2480.40,303773.244,1748858399999,754102108.32394,262545,132226.409,328307429.94367,0
1748858400000,2480.40,2488.88,2475.12,2480.93,158090.273,1748861999999,392337642.35959,158671,79105.870,196339575.61648,0
1748862000000,2480.93,2487.58,2474.22,2480.03,112689.816,1748865599999,279567438.64709,131505,55757.986,138348287.42828,0
1748865600000,2480.02,2497.42,2477.00,2496.96,177935.629,1748869199999,442658390.85455,157385,98955.335,246193438.95342,0
1748869200000,2496.96,2519.34,2486.61,2503.76,357959.188,1748872799999,895823452.87563,329533,174060.698,435683790.25001,0
1748872800000,2503.76,2540.00,2494.51,2530.36,531559.002,1748876399999,1341311468.90974,434051,255966.171,645995618.05326,0
1748876400000,2530.36,2556.34,2522.00,2543.24,391188.442,1748879999999,993760646.54510,309076,212141.478,539030676.53906,0
1748880000000,2543.25,2553.84,2528.24,2545.19,215556.627,1748883599999,547517125.39028,210283,98571.531,250432815.53009,0
1748883600000,2545.19,2551.90,2537.37,2548.89,202848.550,1748887199999,516231256.74598,201938,95887.696,244048707.47952,0
1748887200000,2548.89,2565.40,2536.68,2543.38,255074.000,1748890799999,650711914.53235,237467,131662.257,336052380.85529,0
1748890800000,2543.38,2548.00,2522.88,2531.21,163821.643,1748894399999,415069051.79541,170059,74478.966,188754116.12914,0
1748894400000,2531.22,2546.90,2530.70,2538.72,134878.258,1748897999999,342554255.29151,125183,77092.531,195785512.72893,0
1748898000000,2538.71,2560.12,2538.35,2559.19,114494.931,1748901599999,291903501.53142,121333,64792.310,165196114.77864,0
1748901600000,2559.18,2583.83,2558.65,2583.40,278118.208,1748905199999,715994029.70515,265843,158372.280,407698642.74733,0
1748905200000,2583.40,2614.20,2581.50,2606.48,447331.304,1748908799999,1163605873.98891,350991,235967.422,613765614.31822,0
1748908800000,2606.49,2625.85,2600.28,2620.79,311132.839,1748912399999,813559358.47959,285489,160149.133,418815338.44278,0
1748912400000,2620.79,2649.00,2615.97,2644.93,349131.944,1748915999999,919529143.77670,316209,193849.574,510723444.17416,0
1748916000000,2644.94,2647.19,2613.00,2615.16,345466.330,1748919599999,908064957.60201,274465,141969.004,373154326.87123,0
1748919600000,2615.17,2619.59,2588.05,2602.38,380689.496,1748923199999,990481410.54002,273083,185372.140,482342535.48200,0
1748923200000,2602.38,2604.24,2588.88,2591.17,141558.048,1748926799999,367373313.43624,117275,68493.362,177788648.04721,0
1748926800000,2591.17,2617.39,2590.91,2613.30,184279.778,1748930399999,480066494.59550,129073,116341.512,303079041.49272,0
1748930400000,2613.30,2617.89,2603.21,2617.31,124574.329,1748933999999,325137536.96339,108602,65100.616,169943901.72954,0
1748934000000,2617.31,2619.44,2606.43,2608.68,119089.308,1748937599999,311096443.08735,108764,51849.174,135452289.27623,0
1748937600000,2608.69,2610.18,2593.47,2606.20,185602.866,1748941199999,482897310.67111,146431,92335.664,240265584.97936,0
1748941200000,2606.20,2617.88,2600.01,2612.85,122595.933,1748944799999,319873738.06319,104827,65801.309,171701879.96359,0
1748944800000,2612.86,2619.52,2608.70,2610.36,88801.352,1748948399999,232133351.48044,89646,39879.847,104259600.93859,0
1748948400000,2610.37,2615.74,2598.83,2600.21,108288.749,1748951999999,282340759.29209,98012,49288.743,128519749.28415,0
1748952000000,2600.21,2612.47,2596.36,2608.63,137708.601,1748955599999,358694117.28351,124930,76916.800,200376530.88330,0
1748955600000,2608.62,2633.00,2605.70,2625.49,402981.294,1748959199999,1055902910.46833,295408,208143.323,545439537.44738,0
1748959200000,2625.50,2654.98,2612.35,2647.16,426401.937,1748962799999,1123142280.92088,353847,234136.870,616857200.35915,0
1748962800000,2647.16,2650.43,2615.25,2622.56,381384.311,1748966399999,1004017359.58721,280792,179749.297,473244618.44593,0
1748966400000,2622.55,2624.37,2602.34,2604.23,211376.249,1748969999999,552234436.73421,215677,103149.673,269534342.36066,0
1748970000000,2604.22,2626.26,2601.76,2618.05,195128.431,1748973599999,510641936.26139,172358,104025.970,272230532.91892,0
1748973600000,2618.04,2619.36,2605.75,2617.19,105275.035,1748977199999,275037062.86294,117099,51838.657,135445495.38513,0
1748977200000,2617.19,2627.77,2613.79,2624.16,136427.017,1748980799999,357601327.36169,123637,74065.089,194135061.42012,0
1748980800000,2624.17,2624.46,2593.01,2614.10,228619.780,1748984399999,595909463.42381,195018,103451.593,269754512.02807,0
1748984400000,2614.09,2615.94,2563.00,2588.05,260400.277,1748987999999,675330044.00349,196084,99518.345,258495403.33105,0
1748988000000,2588.06,2609.48,2585.30,2603.42,137408.658,1748991599999,357014040.21308,144969,73522.952,191023879.87685,0
1748991600000,2603.42,2603.90,2585.07,2592.16,107584.618,1748995199999,279082088.11713,126328,51906.242,134641582.47693,0
1748995200000,2592.16,2602.00,2582.41,2597.91,126734.248,1748998799999,328601006.11694,156517,67164.535,174171531.51165,0
1748998800000,2597.92,2622.17,2597.44,2611.27,193089.461,1749002399999,503924702.29807,166075,101802.293,265703877.20507,0
1749002400000,2611.28,2619.99,2609.06,2611.14,78695.383,1749005999999,205721906.32967,92413,40951.668,107067076.06548,0
1749006000000,2611.13,2639.84,2608.67,2626.78,250927.650,1749009599999,659842155.82251,202152,136097.027,357834969.70856,0
1749009600000,2626.77,2637.49,2621.58,2636.47,139857.025,1749013199999,367572988.63482,117250,69153.610,181766976.40368,0
1749013200000,2636.48,2644.17,2618.33,2623.66,264069.846,1749016799999,694546555.78003,197214,119192.421,313454023.67609,0
1749016800000,2623.65,2633.54,2620.21,2628.37,89508.445,1749020399999,235085471.93740,94947,44276.875,116306240.69932,0
1749020400000,2628.37,2633.05,2621.13,2626.31,84997.561,1749023999999,223229967.70708,83694,41366.702,108644407.80034,0
1749024000000,2626.32,2645.00,2626.32,2639.68,190971.786,1749027599999,503950519.90402,150373,95113.016,251002395.97194,0
1749027600000,2639.69,2647.00,2630.00,2642.64,150546.836,1749031199999,397208780.58126,142757,75789.556,199984856.43916,0
1749031200000,2642.63,2649.38,2633.73,2637.23,152740.531,1749034799999,403497823.60142,132262,76110.193,201076022.90980,0
1749034800000,2637.23,2644.06,2623.00,2623.71,168496.051,1749038399999,443311019.12380,155222,83550.823,219849208.30453,0
1749038400000,2623.71,2637.97,2613.52,2615.72,313031.499,1749041999999,821043387.10728,229253,147327.107,386418580.00252,0
1749042000000,2615.72,2627.78,2606.24,2613.93,285150.184,1749045599999,746015932.57151,216973,135134.697,353619770.96877,0
1749045600000,2613.93,2642.00,2593.20,2639.31,584815.358,1749049199999,1527411015.58187,378378,306200.134,800184856.32444,0
1749049200000,2639.31,2679.64,2632.72,2666.91,694195.439,1749052799999,1844178328.13708,497424,371260.827,986463948.98121,0
1749052800000,2666.92,2668.29,2648.00,2658.72,322844.439,1749056399999,857720904.86138,240070,149407.866,396908348.56772,0
1749056400000,2658.72,2658.80,2630.00,2634.09,241063.892,1749059999999,636522544.16156,204978,111692.879,294885174.94206,0
1749060000000,2634.09,2641.34,2624.04,2628.01,124011.413,1749063599999,326672268.08977,126751,62126.762,163713895.66293,0
1749063600000,2628.01,2632.14,2620.73,2622.36,123875.581,1749067199999,325307235.29444,132348,64190.985,168588256.96795,0
1749067200000,2622.36,2623.79,2596.95,2604.33,324568.744,1749070799999,846360842.08802,240743,133732.218,348696399.09539,0
1749070800000,2604.33,2622.49,2597.89,2617.78,143019.545,1749074399999,373426383.68482,140864,78611.730,205262680.38698,0
1749074400000,2617.78,2620.03,2602.34,2604.31,97851.947,1749077999999,255356934.56794,126814,47949.153,125150150.85313,0
1749078000000,2604.30,2615.56,2598.07,2606.62,139524.669,1749081599999,363734549.46326,128512,76392.396,199156249.24742,0
1749081600000,2606.62,2614.01,2600.11,2610.77,115713.337,1749085199999,301831021.09336,120997,58322.126,152158394.34462,0
1749085200000,2610.76,2615.00,2603.11,2607.62,81582.821,1749088799999,212824941.70033,95355,38387.616,100160135.48967,0
1749088800000,2607.61,2627.94,2607.61,2618.91,156519.509,1749092399999,410047116.93302,140216,79965.275,209484206.23265,0
1749092400000,2618.90,2631.68,2616.01,2624.00,111997.937,1749095999999,293986691.81955,100501,56923.414,149418373.54479,0
1749096000000,2624.01,2633.76,2620.41,2629.58,94944.026,1749099599999,249568181.49144,95169,46336.748,121795616.15985,0
1749099600000,2629.58,2630.54,2607.31,2612.08,164959.428,1749103199999,431583004.23669,142601,70063.704,183323701.15123,0
1749103200000,2612.08,2617.16,2601.22,2603.38,179268.699,1749106799999,467664546.20371,139764,85644.559,223456303.89460,0
1749106800000,2603.38,2614.56,2600.00,2603.21,141607.080,1749110399999,369113912.69168,124288,66979.881,174595393.15915,0
1749110400000,2603.22,2609.40,2596.00,2604.23,127667.199,1749113999999,332448905.23003,119027,64236.255,167312079.73028,0
1749114000000,2604.22,2609.38,2601.00,2608.79,85738.118,1749117599999,223434772.02204,88408,45422.401,118385839.40797,0
1749117600000,2608.78,2612.68,2579.14,2595.64,299096.688,1749121199999,775791133.48133,221387,126162.440,327289143.38519,0
1749121200000,2595.64,2608.73,2592.26,2606.64,147952.472,1749124799999,384925462.67028,128593,79400.927,206571691.65882,0
1749124800000,2606.63,2640.00,2604.22,2630.27,413682.946,1749128399999,1085952627.17357,319773,212811.585,558642686.14808,0
1749128400000,2630.27,2634.66,2578.00,2588.64,609963.939,1749131999999,1590146959.24262,428041,281037.606,732445066.61965,0
1749132000000,2588.65,2615.00,2560.01,2586.67,906083.350,1749135599999,2342079987.99400,599479,447872.213,1158152703.97803,0
1749135600000,2586.66,2601.61,2580.76,2588.34,235282.242,1749139199999,609742891.78575,203087,120211.134,311570860.71232,0
1749139200000,2588.35,2590.70,2550.01,2558.35,489630.957,1749142799999,1256276017.53482,424361,226586.595,581393637.37241,0
1749142800000,2558.34,2576.67,2557.43,2569.22,222531.641,1749146399999,571527982.53118,224043,121389.577,311792777.06199,0
1749146400000,2569.21,2583.00,2553.90,2575.21,244985.527,1749149999999,629946866.56813,249411,126009.698,324062223.19757,0
1749150000000,2575.21,2577.50,2506.00,2528.08,836773.144,1749153599999,2120350086.78271,572539,399123.884,1011155026.91118,0
1749153600000,2528.08,2534.79,2392.32,2397.53,1701539.108,1749157199999,4173788773.64489,1122974,736953.873,1808251434.63943,0
1749157200000,2397.53,2446.90,2390.00,2435.97,622473.754,1749160799999,1506743916.14000,534245,345643.225,836844713.21118,0
1749160800000,2435.97,2435.97,2407.50,2428.55,285521.626,1749164399999,691451652.01340,287061,132331.523,320518880.12646,0
1749164400000,2428.55,2434.80,2410.00,2412.90,216885.172,1749167999999,525442443.88265,224345,104499.981,253163638.48006,0
1749168000000,2412.90,2427.22,2379.62,2425.08,486260.512,1749171599999,1170613244.07685,387876,230404.912,555083706.59291,0
1749171600000,2425.09,2427.90,2415.47,2420.50,142168.633,1749175199999,344340903.89872,155263,65477.685,158619835.88944,0
1749175200000,2420.51,2435.57,2402.04,2434.50,282768.656,1749178799999,683415656.77615,226527,145696.391,352391995.21311,0
1749178800000,2434.50,2455.83,2427.12,2454.51,242486.225,1749182399999,592074422.06764,222911,132076.455,322497235.15400,0
1749182400000,2454.50,2463.00,2446.00,2457.70,215987.354,1749185999999,529856591.35847,189276,100410.199,246430650.65028,0
1749186000000,2457.71,2464.60,2445.49,2458.72,193396.414,1749189599999,474776171.97175,155507,91631.024,225006645.20504,0
1749189600000,2458.71,2468.43,2448.01,2456.69,178988.144,1749193199999,439872567.42343,147950,80245.116,197273384.10575,0
1749193200000,2456.68,2465.97,2449.54,2454.18,157342.209,1749196799999,386531080.13890,128034,69991.547,171958847.98019,0
1749196800000,2454.19,2464.99,2452.71,2459.91,138753.858,1749200399999,341308746.64565,116387,68045.792,167385500.75732,0
1749200400000,2459.91,2481.88,2458.53,2467.52,250382.810,1749203999999,618768043.72591,185136,135910.263,335949733.76696,0
1749204000000,2467.52,2486.53,2467.03,2480.34,181954.668,1749207599999,451155384.67969,150279,95016.099,235576499.70922,0
1749207600000,2480.33,2492.03,2471.04,2474.93,244002.093,1749211199999,605257407.46376,184897,117155.375,290677264.93584,0
1749211200000,2474.93,2499.94,2465.66,2474.20,397908.568,1749214799999,987173603.03274,295348,186882.146,463800801.25064,0
1749214800000,2474.20,2518.89,2474.08,2502.14,514050.737,1749218399999,1284691755.56681,353811,285295.200,713166917.19231,0
1749218400000,2502.13,2523.80,2493.15,2517.64,358421.571,1749221999999,898988861.40355,287663,179932.496,451498742.80727,0
1749222000000,2517.64,2529.67,2495.00,2508.29,378845.993,1749225599999,951176422.34114,294918,183907.593,461839594.32218,0
1749225600000,2508.28,2517.39,2491.11,2496.46,228590.918,1749229199999,572719598.89901,201063,104782.599,262639409.79204,0
1749229200000,2496.46,2500.68,2482.21,2498.40,232668.777,1749232799999,579226589.22728,199631,113316.909,282183455.31923,0
1749232800000,2498.41,2502.95,2487.11,2493.78,96138.387,1749236399999,239795588.35748,128842,47971.849,119664287.07571,0
1749236400000,2493.78,2501.41,2482.51,2483.04,124095.902,1749239999999,309152931.32554,137723,61606.931,153509000.18588,0
1749240000000,2483.04,2506.44,2480.67,2498.85,123036.193,1749243599999,307005114.26521,128782,67472.074,168361316.58039,0
1749243600000,2498.84,2499.09,2486.12,2490.80,66964.443,1749247199999,166890097.87922,78827,35067.438,87397803.44575,0
1749247200000,2490.80,2492.53,2475.23,2481.32,97389.511,1749250799999,241796180.36097,96849,38067.095,94522721.90503,0
1749250800000,2481.32,2482.19,2471.51,2475.38,86416.967,1749254399999,213970446.36965,85594,40679.893,100742471.78866,0
1749254400000,2475.38,2482.60,2455.85,2479.83,222662.637,1749257999999,549425301.05099,182810,112334.454,277353297.70137,0
1749258000000,2479.83,2480.36,2465.09,2470.13,97300.128,1749261599999,240597781.41227,107966,46534.808,115100064.94824,0
1749261600000,2470.13,2481.48,2467.16,2479.00,86543.948,1749265199999,214170301.90424,89466,53220.802,131717823.95796,0
1749265200000,2479.01,2492.79,2476.69,2487.99,155797.318,1749268799999,387409873.91488,131613,81448.877,202528430.09933,0
1749268800000,2487.99,2489.88,2478.75,2488.91,100555.686,1749272399999,249843958.55948,86285,49141.105,122111952.26001,0
1749272400000,2488.91,2495.50,2484.28,2492.96,87089.879,1749275999999,216869082.81595,79726,50013.488,124546923.62877,0
1749276000000,2492.97,2501.15,2482.92,2500.41,147483.030,1749279599999,367521002.63116,99558,85285.649,212563335.36361,0
1749279600000,2500.41,2500.81,2486.00,2490.21,101042.265,1749283199999,251757633.76307,90056,43622.414,108684053.82635,0
1749283200000,2490.21,2491.39,2480.25,2482.63,72646.595,1749286799999,180578959.92363,72692,28950.436,71972291.84097,0
1749286800000,2482.63,2489.36,2481.91,2485.01,48024.248,1749290399999,119361898.69408,53238,26542.980,65971868.66982,0
1749290400000,2485.01,2495.61,2483.45,2493.84,77570.395,1749293999999,193230090.04479,74293,38975.450,97094971.48230,0
1749294000000,2493.83,2500.88,2491.40,2494.22,97671.649,1749297599999,243814797.02583,82623,52354.551,130705580.88388,0
1749297600000,2494.23,2506.00,2492.14,2496.86,116028.114,1749301199999,289989295.72807,107369,60920.605,152275150.31819,0
1749301200000,2496.87,2513.90,2491.28,2506.10,207911.273,1749304799999,520652581.44200,149069,113176.084,283406013.50675,0
1749304800000,2506.11,2517.53,2503.57,2514.70,144204.315,1749308399999,362126957.98758,128271,66744.177,167621632.01993,0
1749308400000,2514.70,2522.91,2511.68,2518.50,148783.921,1749311999999,374502369.87566,133378,75225.105,189360889.14676,0
1749312000000,2518.50,2524.90,2506.78,2508.96,181963.663,1749315599999,457778148.47973,144689,81015.168,203864157.55007,0
1749315600000,2508.96,2512.67,2505.61,2506.99,65020.984,1749319199999,163169294.34156,72030,30520.943,76598001.71662,0
1749319200000,2506.99,2522.70,2506.26,2515.99,90168.359,1749322799999,226796570.36633,91296,48484.823,121964217.66150,0
1749322800000,2516.00,2522.88,2515.15,2515.78,60238.696,1749326399999,151744636.59174,60371,29827.810,75141636.58533,0
1749326400000,2515.78,2524.81,2515.78,2520.75,58929.104,1749329999999,148570700.15202,57910,28227.173,71166205.48958,0
1749330000000,2520.75,2522.38,2517.22,2521.28,30435.551,1749333599999,76693902.24055,37226,13885.476,34989569.82430,0
1749333600000,2521.29,2545.00,2518.17,2534.32,191644.995,1749337199999,485793057.31070,149432,119954.630,304118482.72427,0
1749337200000,2534.32,2535.02,2520.71,2523.40,103198.008,1749340799999,260733875.88298,90390,44258.229,111824586.06139,0
1749340800000,2523.41,2525.00,2513.34,2516.57,93249.727,1749344399999,234910723.72377,88593,43845.996,110454378.58176,0
1749344400000,2516.56,2520.53,2510.02,2517.81,99220.316,1749347999999,249456270.20103,80646,53123.909,133581680.21032,0
1749348000000,2517.81,2518.14,2510.58,2511.09,49821.828,1749351599999,125211326.73944,59524,24856.304,62467653.01085,0
1749351600000,2511.09,2513.90,2507.25,2510.66,62069.683,1749355199999,155784371.62932,53399,29060.600,72942729.59962,0
1749355200000,2510.66,2519.03,2507.25,2515.22,67531.187,1749358799999,169729767.60512,58048,36429.966,91595436.58217,0
1749358800000,2515.22,2515.88,2507.69,2510.48,49806.208,1749362399999,125093458.62410,49651,24329.596,61109514.23669,0
1749362400000,2510.49,2516.40,2510.00,2511.64,38148.368,1749365999999,95873677.28977,48363,19420.476,48808080.07261,0
1749366000000,2511.63,2515.36,2510.00,2513.45,40511.239,1749369599999,101795926.31557,42033,20715.210,52054339.50402,0
1749369600000,2513.46,2520.19,2513.39,2515.36,73377.089,1749373199999,184684270.44014,59408,42121.768,106020489.24868,0
1749373200000,2515.37,2516.34,2483.28,2496.59,241182.061,1749376799999,602976101.83658,163348,92337.657,230909157.86746,0
1749376800000,2496.60,2503.30,2491.12,2502.10,131814.360,1749380399999,329153798.18360,95597,70594.469,176310209.53860,0
1749380400000,2502.10,2516.28,2501.76,2512.29,139115.409,1749383999999,349197327.82390,112321,78490.488,197024509.84127,0
1749384000000,2512.29,2513.28,2498.68,2506.82,113734.391,1749387599999,285070791.33161,91523,56727.613,142199639.43526,0
1749387600000,2506.82,2527.26,2504.36,2507.70,175791.414,1749391199999,442033947.00023,128969,93140.970,234252137.70319,0
1749391200000,2507.70,2515.48,2502.34,2513.18,102644.829,1749394799999,257473939.61471,95180,55133.216,138316107.56616,0
1749394800000,2513.18,2520.84,2510.47,2513.39,83785.257,1749398399999,210751087.71159,78277,41787.518,105118242.80012,0
1749398400000,2513.38,2528.97,2511.48,2526.79,135720.768,1749401999999,342388634.97156,119265,68319.644,172364815.29185,0
1749402000000,2526.79,2533.94,2521.14,2522.21,116274.987,1749405599999,293940260.51017,103813,57401.722,145133811.60062,0
1749405600000,2522.21,2532.35,2517.43,2531.04,82499.965,1749409199999,208430673.64002,78695,39375.140,99498586.05080,0
1749409200000,2531.03,2539.68,2528.00,2531.53,83334.899,1749412799999,211190526.81620,76655,42652.099,108101811.25573,0
1749412800000,2531.54,2536.70,2528.09,2529.83,53407.149,1749416399999,135213172.11373,58961,28544.487,72272938.81093,0
1749416400000,2529.84,2548.02,2529.84,2537.05,78955.807,1749419999999,200479462.63853,75588,45083.507,114496280.97500,0
1749420000000,2537.05,2539.16,2497.41,2506.64,405210.182,1749423599999,1019094950.34165,267530,154720.477,389201303.34675,0
1749423600000,2506.63,2512.50,2499.01,2508.32,115745.416,1749427199999,290069356.54567,125623,61374.006,153819884.32651,0
1749427200000,2508.31,2510.64,2493.60,2504.08,177000.357,1749430799999,442938063.87762,181480,81667.238,204386901.76669,0
1749430800000,2504.07,2504.13,2490.00,2493.51,122264.223,1749434399999,305305234.15646,123384,46520.013,116189052.13009,0
1749434400000,2493.51,2503.44,2487.13,2491.54,121765.317,1749437999999,303785071.82459,106617,61328.128,153046223.91099,0
1749438000000,2491.54,2496.93,2480.40,2495.55,171257.843,1749441599999,426046314.23160,121099,80206.273,199583865.66417,0
1749441600000,2495.55,2495.74,2483.02,2484.10,80293.768,1749445199999,199872127.23618,72499,37270.602,92781974.17790,0
1749445200000,2484.11,2490.97,2475.83,2479.51,122512.557,1749448799999,304137176.31517,100540,53356.446,132512177.42205,0
1749448800000,2479.51,2492.65,2476.32,2492.16,119294.620,1749452399999,296409205.14637,89223,70559.284,175359630.62355,0
1749452400000,2492.15,2492.15,2482.00,2490.67,73692.102,1749455999999,183284158.71925,69233,37011.185,92051296.38906,0
1749456000000,2490.67,2496.00,2483.03,2494.24,99549.216,1749459599999,247941022.02721,86855,57380.706,142939315.47068,0
1749459600000,2494.25,2522.95,2489.81,2508.31,342103.427,1749463199999,858715744.79963,232559,181405.554,455198702.72484,0
1749463200000,2508.32,2540.35,2508.00,2534.07,416791.402,1749466799999,1053750849.55674,313121,233906.265,591357692.95845,0
1749466800000,2534.08,2546.98,2528.53,2540.74,319056.439,1749470399999,809593275.62449,223531,152770.324,387688433.28147,0
1749470400000,2540.75,2547.97,2533.40,2544.20,144530.926,1749473999999,367185023.82083,136503,69584.787,176818669.28290,0
1749474000000,2544.20,2545.23,2507.98,2515.89,389497.841,1749477599999,983944155.69320,283157,174770.247,441395579.46787,0
1749477600000,2515.91,2538.87,2513.08,2529.80,284234.666,1749481199999,718347864.41060,244176,149432.102,377673248.36006,0
1749481200000,2529.81,2542.00,2528.63,2532.98,152419.851,1749484799999,386680196.79783,134836,80387.222,203940213.55083,0
1749484800000,2532.98,2572.00,2532.66,2557.07,465927.695,1749488399999,1191917649.80840,352592,240619.456,615438625.03101,0
1749488400000,2557.08,2575.36,2554.63,2570.34,207043.666,1749491999999,531508975.82850,189268,109261.355,280531628.35746,0
1749492000000,2570.34,2584.96,2566.89,2583.26,186154.025,1749495599999,479568653.03588,165241,98876.971,254764229.12330,0
1749495600000,2583.26,2589.33,2572.05,2579.45,173090.334,1749499199999,446676053.55894,150072,81076.892,209264011.44504,0
1749499200000,2579.46,2592.99,2574.54,2587.94,101184.538,1749502799999,261358811.80905,94844,54494.608,140784571.25091,0
1749502800000,2587.95,2649.33,2587.94,2642.59,583164.116,1749506399999,1530256760.23787,441745,330701.132,867327444.97728,0
1749506400000,2642.58,2669.55,2640.63,2664.86,365304.807,1749509999999,969894687.72155,298971,193188.729,512994845.16993,0
1749510000000,2664.86,2693.20,2656.68,2679.12,354409.570,1749513599999,947793878.18098,287825,189986.236,508169243.85548,0
1749513600000,2679.13,2726.83,2677.00,2698.39,672720.829,1749517199999,1818923095.55300,432921,349127.430,944062324.74492,0
1749517200000,2698.39,2714.44,2696.00,2707.69,210532.750,1749520799999,569781283.78464,186656,106638.338,288644692.90345,0
1749520800000,2707.69,2708.78,2677.19,2691.61,294311.030,1749524399999,791426151.25331,255167,128568.193,345688835.70579,0
1749524400000,2691.62,2693.27,2674.44,2688.26,185876.196,1749527999999,498814339.96135,154825,93268.044,250305321.24178,0
1749528000000,2688.26,2691.50,2684.55,2688.53,95621.703,1749531599999,256982245.59051,95792,50850.390,136664275.36130,0
1749531600000,2688.53,2699.00,2663.69,2669.86,335461.822,1749535199999,898441578.83133,232210,167597.152,448982808.96882,0
1749535200000,2669.86,2680.00,2655.00,2675.01,278230.225,1749538799999,742078097.65711,184045,153676.094,409942818.48148,0
1749538800000,2675.00,2684.83,2665.69,2676.67,232669.895,1749542399999,622637678.90646,154413,127263.659,340627821.34769,0
1749542400000,2676.67,2683.55,2669.01,2672.99,138588.741,1749545999999,370988247.74438,131235,72724.963,194688528.38377,0
1749546000000,2673.00,2693.00,2672.00,2691.72,175326.585,1749549599999,470628595.65877,166437,98904.415,265494576.25597,0
1749549600000,2691.71,2696.88,2680.33,2694.59,146071.682,1749553199999,392885274.66941,130033,74178.425,199552659.58791,0
1749553200000,2694.60,2798.72,2687.58,2772.99,1210380.346,1749556799999,3336517941.77037,841322,636779.588,1754310951.93500,0
1749556800000,2772.99,2778.16,2745.00,2764.25,468204.761,1749560399999,1292511952.05154,401364,220301.211,608304126.54075,0
1749560400000,2764.25,2778.50,2717.00,2742.60,775630.135,1749563999999,2127764909.52484,554388,355261.405,974271646.36601,0
1749564000000,2742.60,2753.66,2726.52,2735.14,359538.912,1749567599999,984575564.56950,349549,180360.593,494070477.48761,0
1749567600000,2735.14,2752.91,2688.53,2731.83,617112.301,1749571199999,1678715032.10376,435050,314669.255,856206378.32051,0
1749571200000,2731.84,2747.93,2727.05,2729.74,305563.182,1749574799999,836647977.65538,254708,139218.513,381277750.29533,0
1749574800000,2729.74,2751.57,2729.74,2739.96,182588.747,1749578399999,500559750.06273,178731,93225.111,255597606.17969,0
1749578400000,2739.96,2764.69,2730.01,2753.60,252573.069,1749581999999,694403859.38491,241025,133626.255,367460011.23709,0
1749582000000,2753.61,2807.00,2753.47,2772.87,588407.352,1749585599999,1634334396.73400,479630,300370.012,834567163.31152,0
1749585600000,2772.87,2774.86,2752.14,2773.25,200790.046,1749589199999,554528798.47471,242120,103485.147,285842982.17872,0
1749589200000,2773.25,2779.55,2731.02,2772.29,341392.398,1749592799999,942473272.22530,293708,166713.694,460587905.45117,0
1749592800000,2772.30,2827.00,2771.75,2802.86,547552.155,1749596399999,1535800099.58504,469633,291525.947,817600260.10066,0
1749596400000,2802.86,2816.23,2787.00,2815.74,215012.653,1749599999999,602327787.21291,242122,115209.691,322778774.47421,0
1749600000000,2815.74,2834.23,2791.16,2794.64,368314.635,1749603599999,1035788415.11746,362611,167818.424,472166030.41630,0
1749603600000,2794.64,2798.40,2776.93,2783.83,219784.035,1749607199999,612389907.86412,219435,104932.681,292381020.67993,0
1749607200000,2783.83,2802.52,2771.14,2780.43,217819.842,1749610799999,606553241.86056,187316,119273.293,332226711.59730,0
1749610800000,2780.43,2796.58,2779.42,2790.21,132097.288,1749614399999,368500729.56898,142739,63866.293,178178051.19551,0
1749614400000,2790.21,2803.61,2785.00,2796.41,117283.183,1749617999999,327704832.96132,128533,64358.644,179852645.50703,0
1749618000000,2796.40,2801.97,2786.08,2792.84,98814.469,1749621599999,276009061.34014,120595,49782.195,139071168.23630,0
1749621600000,2792.84,2797.13,2778.80,2791.42,128933.676,1749625199999,359384691.55487,144775,62063.769,173020205.31645,0
1749625200000,2791.42,2801.26,2786.86,2790.86,125920.255,1749628799999,351958338.31751,140593,58617.498,163850122.40549,0
1749628800000,2790.86,2792.84,2764.04,2768.25,243013.702,1749632399999,674688924.56373,224199,109721.713,304679174.04074,0
1749632400000,2768.25,2772.76,2753.01,2758.38,235612.635,1749635999999,651223921.76455,198506,105406.638,291421960.92218,0
1749636000000,2758.38,2772.88,2756.43,2770.88,146092.481,1749639599999,404096149.02871,144498,83247.758,230261849.03891,0
1749639600000,2770.87,2774.40,2761.00,2771.82,113140.031,1749643199999,313042336.26522,124534,58247.683,161175389.33927,0
1749643200000,2771.82,2822.40,2762.88,2804.32,876919.990,1749646799999,2449019812.07819,603171,474975.381,1326618902.45868,0
1749646800000,2804.32,2817.82,2783.48,2795.57,502473.772,1749650399999,1407258836.29351,428234,232812.807,652325849.58836,0
1749650400000,2795.57,2856.00,2790.17,2839.76,794020.080,1749653999999,2248950137.35917,596990,412555.257,1168380165.94199,0
1749654000000,2839.76,2879.00,2827.16,2864.01,594625.473,1749657599999,1699505221.90579,512069,302059.558,863448425.31153,0
1749657600000,2864.00,2874.98,2844.44,2866.56,370627.482,1749661199999,1059325288.40969,347325,176432.127,504396745.30609,0
1749661200000,2866.56,2872.00,2823.71,2828.63,510398.227,1749664799999,1453728747.28886,441829,232293.845,661715827.09769,0
1749664800000,2828.63,2832.45,2800.59,2820.61,580464.520,1749668399999,1634972050.99670,486074,288720.498,813337919.24949,0
1749668400000,2820.61,2825.08,2800.69,2811.94,335313.223,1749671999999,943290250.39216,296730,150899.626,424624298.73015,0
1749672000000,2811.93,2825.65,2786.78,2814.36,264631.491,1749675599999,742733361.64822,248911,131700.743,369865185.74177,0
1749675600000,2814.37,2830.00,2772.65,2781.00,294034.811,1749679199999,822789903.84696,263626,134390.139,376334741.18457,0
1749679200000,2781.00,2785.15,2742.57,2758.00,484298.650,1749682799999,1337899511.96368,438574,223263.927,617005964.54431,0
1749682800000,2757.99,2777.32,2753.80,2770.34,159244.618,1749686399999,441037737.14571,167471,83451.178,231102259.53040,0
1749686400000,2770.35,2783.90,2757.78,2774.49,215747.775,1749689999999,597789073.73270,224872,111626.203,309408226.55693,0
1749690000000,2774.49,2777.58,2750.80,2774.87,178949.738,1749693599999,494750290.14406,208769,81447.429,225230484.46748,0
1749693600000,2774.87,2783.48,2755.55,2756.87,166505.019,1749697199999,461283945.25870,171504,78483.442,217539375.18646,0
1749697200000,2756.87,2776.33,2745.01,2763.99,309547.985,1749700799999,854278278.23943,246876,152845.736,421917668.81276,0
1749700800000,2764.00,2768.42,2748.58,2761.53,157667.976,1749704399999,434679060.26985,163056,85809.949,236607622.97168,0
1749704400000,2761.52,2769.77,2750.55,2764.00,132001.327,1749707999999,364525057.39751,119551,72719.524,200841933.35553,0
1749708000000,2764.00,2775.75,2753.92,2767.16,147864.121,1749711599999,409067895.06054,139402,78837.583,218107770.61723,0
1749711600000,2767.16,2772.99,2729.13,2739.45,331817.256,1749715199999,911998513.25273,252206,148056.016,407164324.51195,0
1749715200000,2739.45,2759.88,2731.18,2756.26,236732.446,1749718799999,650181834.73509,221862,114362.563,314138831.61622,0
1749718800000,2756.26,2760.94,2747.40,2751.51,106191.359,1749722399999,292498923.18245,111066,50037.468,137850310.94226,0
1749722400000,2751.52,2752.45,2732.00,2749.21,253802.675,1749725999999,696099657.94892,216578,136931.563,375642685.84133,0
1749726000000,2749.21,2752.93,2718.46,2728.76,312243.898,1749729599999,853371248.76276,238455,143514.728,392282001.46558,0
1749729600000,2728.76,2744.87,2710.78,2735.43,439169.069,1749733199999,1198290442.83208,317923,214869.100,586410935.54588,0
1749733200000,2735.44,2753.79,2731.00,2748.42,297048.127,1749736799999,814993180.07028,264841,160423.623,440228596.12482,0
1749736800000,2748.43,2769.00,2745.82,2763.45,310407.610,1749740399999,856760752.29492,249415,163746.383,451956855.98241,0
1749740400000,2763.46,2772.52,2711.47,2718.25,551035.431,1749743999999,1510355152.56739,410540,237735.132,651776828.39557,0
1749744000000,2718.24,2744.43,2713.32,2741.76,309746.215,1749747599999,846179028.85620,278682,162446.919,443755342.15830,0
1749747600000,2741.76,2769.97,2739.27,2760.86,291095.146,1749751199999,802922662.31475,238435,156386.252,431276567.76613,0
1749751200000,2760.86,2762.70,2716.48,2734.00,375288.735,1749754799999,1027180275.47301,299811,178941.390,489688475.09394,0
1749754800000,2734.00,2742.92,2690.01,2693.13,410031.141,1749758399999,1112080596.50785,314402,180623.047,490194859.68572,0
1749758400000,2693.12,2702.38,2614.24,2637.87,986714.477,1749761999999,2624878503.16097,687205,435169.011,1157958923.51453,0
1749762000000,2637.87,2658.80,2630.00,2632.32,492325.196,1749765599999,1301950397.94936,350118,245549.171,649588739.56808,0
1749765600000,2632.29,2648.04,2631.03,2638.18,181065.270,1749769199999,478001607.58232,217472,96840.081,255666526.25031,0
1749769200000,2638.39,2657.66,2637.27,2641.38,212896.275,1749772799999,563909425.93321,187695,106892.013,283141279.75587,0
1749772800000,2641.38,2644.32,2492.09,2528.38,2129116.510,1749776399999,5438812324.51976,1384099,924638.559,2360106116.89342,0
1749776400000,2528.39,2528.40,2450.25,2496.56,1300004.744,1749779999999,3236989373.83791,999134,608035.924,1513959255.54445,0
1749780000000,2496.57,2497.30,2433.80,2474.99,777933.048,1749783599999,1921213970.00307,625445,378933.959,936037577.41084,0
1749783600000,2474.99,2524.20,2473.03,2513.00,702994.784,1749787199999,1757709284.32627,460190,385405.699,963672862.63603,0
1749787200000,2513.00,2517.75,2493.78,2506.92,305461.941,1749790799999,765731407.16540,266036,140880.411,353214618.89300,0
1749790800000,2506.93,2518.50,2502.00,2505.45,174301.563,1749794399999,437732521.44241,183862,86498.695,217260376.36821,0
1749794400000,2505.46,2532.99,2490.78,2531.88,391780.620,1749797999999,982487326.97864,308828,212730.863,533780496.33801,0
1749798000000,2531.89,2541.11,2514.32,2525.13,407450.617,1749801599999,1029564157.07499,311412,192781.709,487254133.40945,0
1749801600000,2525.14,2539.75,2507.36,2516.56,376935.403,1749805199999,952538485.80039,293186,190446.828,481453486.17467,0
1749805200000,2516.55,2527.81,2505.35,2519.67,237170.806,1749808799999,596181801.66682,242106,123420.574,310327767.08697,0
1749808800000,2519.66,2533.58,2507.63,2531.77,283691.891,1749812399999,715421455.31690,242128,161140.485,406430554.61013,0
1749812400000,2531.77,2544.87,2521.08,2543.93,290799.389,1749815999999,736734868.17800,214816,163011.472,413075935.84289,0
1749816000000,2543.93,2562.57,2535.19,2541.10,454432.955,1749819599999,1158678282.25502,346792,220433.472,562129106.71992,0
1749819600000,2541.09,2561.24,2533.11,2541.80,317352.901,1749823199999,808538720.93881,310664,154273.646,393125757.73906,0
1749823200000,2541.81,2553.71,2502.65,2537.00,742789.977,1749826799999,1873953567.77694,511601,347730.946,877796197.01032,0
1749826800000,2537.00,2559.20,2528.91,2550.26,424935.334,1749830399999,1082707990.92287,359308,209377.199,533570016.34494,0
1749830400000,2550.26,2585.00,2543.00,2560.63,480532.808,1749833999999,1231539291.98905,375494,245182.751,628560533.62834,0
1749834000000,2560.62,2560.63,2521.27,2542.10,337218.714,1749837599999,856247254.82332,314486,155107.721,393849812.01919,0
1749837600000,2542.11,2544.64,2508.70,2528.63,359493.222,1749841199999,907439788.54533,354115,173532.360,438101472.83754,0
1749841200000,2528.63,2540.66,2520.02,2526.33,172725.894,1749844799999,436867615.61838,214987,85904.218,217337740.38646,0
1749844800000,2526.33,2551.89,2523.08,2545.54,143199.423,1749848399999,363612675.42481,171139,79909.304,202958677.26988,0
1749848400000,2545.54,2558.90,2541.20,2552.94,88535.693,1749851999999,225787443.49879,104583,47504.675,121160295.80179,0
1749852000000,2552.94,2573.33,2552.94,2570.52,128196.409,1749855599999,328661229.31849,139322,71764.967,184002823.11202,0
1749855600000,2570.52,2582.16,2566.00,2578.09,138828.350,1749859199999,357448250.77443,132004,69876.066,179924121.88697,0
1749859200000,2578.10,2578.18,2558.00,2561.20,193610.627,1749862799999,496973544.56186,177936,84150.945,216019076.88286,0
1749862800000,2561.21,2565.35,2548.28,2556.60,131701.083,1749866399999,336730075.81648,141749,65003.529,166225071.94651,0
1749866400000,2556.61,2566.33,2551.06,2554.03,80437.496,1749869999999,205663974.25192,85033,42748.083,109321415.67252,0
1749870000000,2554.02,2559.17,2545.83,2547.74,83203.876,1749873599999,212371193.59785,81104,41643.724,106313433.28450,0
1749873600000,2547.73,2555.45,2547.29,2550.75,66786.676,1749877199999,170407564.45171,67898,36369.842,92798375.04365,0
1749877200000,2550.74,2555.42,2546.29,2550.82,60472.685,1749880799999,154212787.60681,63787,27631.289,70472593.44016,0
1749880800000,2550.82,2555.25,2540.80,2542.11,105524.919,1749884399999,268641411.46648,91924,47240.757,120276659.08216,0
1749884400000,2542.11,2542.70,2524.08,2535.82,201318.706,1749887999999,510335776.37560,137000,90672.455,229863099.48280,0
1749888000000,2535.82,2536.67,2525.29,2534.54,124190.733,1749891599999,314268753.84633,113767,59469.460,150511309.68826,0
1749891600000,2534.53,2534.69,2520.21,2521.94,120660.247,1749895199999,304879143.03161,106279,51612.587,130426312.06604,0
1749895200000,2521.94,2534.01,2517.33,2529.73,124092.563,1749898799999,313536298.94916,110674,66309.870,167570113.94663,0
1749898800000,2529.74,2538.70,2529.25,2537.00,116468.822,1749902399999,295083226.34816,89901,55903.848,141647025.60053,0
1749902400000,2537.01,2538.51,2527.34,2535.34,117820.222,1749905999999,298355751.94384,94237,62104.368,157278843.66915,0
1749906000000,2535.34,2545.40,2524.88,2533.67,162055.302,1749909599999,410986738.23641,125517,86131.110,218474049.10716,0
1749909600000,2533.67,2536.00,2522.33,2528.25,76698.996,1749913199999,193984766.11861,84159,34929.989,88353504.18791,0
1749913200000,2528.25,2532.00,2503.30,2518.22,282938.382,1749916799999,711606581.42623,216146,127551.105,320830091.00118,0
1749916800000,2518.21,2525.07,2491.00,2496.44,346356.780,1749920399999,867523638.62313,260138,163353.479,409300096.82541,0
1749920400000,2496.44,2517.63,2486.68,2510.48,255819.214,1749923999999,640640301.78172,194622,125935.886,315500543.84586,0
1749924000000,2510.48,2522.55,2487.32,2507.15,239543.615,1749927599999,599593611.19707,223419,122746.905,307258785.93630,0
1749927600000,2507.16,2520.94,2503.59,2506.31,158097.244,1749931199999,397212402.79825,167991,76831.856,193077081.29869,0
1749931200000,2506.36,2512.73,2495.40,2508.07,148115.014,1749934799999,370950101.48254,159090,72462.002,181498248.00087,0
1749934800000,2508.07,2534.30,2504.92,2526.69,147981.634,1749938399999,372841286.82523,137134,84125.111,212065091.53490,0
1749938400000,2526.70,2532.48,2516.30,2524.92,116947.295,1749941999999,295310554.00975,107873,51179.470,129255443.53829,0
1749942000000,2524.92,2539.16,2524.76,2529.66,104482.252,1749945599999,264524415.23024,82158,56649.072,143442966.10846,0
1749945600000,2529.66,2539.90,2527.37,2536.31,99923.262,1749949199999,253234337.09847,84931,52706.261,133580348.79727,0
1749949200000,2536.30,2538.10,2523.78,2527.93,80713.256,1749952799999,204174643.15647,83758,35647.540,90175141.18557,0
1749952800000,2527.93,2536.97,2526.67,2528.30,63481.131,1749956399999,160744948.46007,64406,31907.075,80813856.47342,0
1749956400000,2528.30,2534.00,2526.68,2529.05,45194.771,1749959999999,114357694.11558,54452,21195.810,53637056.69201,0
1749960000000,2529.04,2545.56,2528.61,2542.62,143542.512,1749963599999,364279344.64231,97198,91847.123,233096070.14540,0
1749963600000,2542.61,2551.98,2534.03,2550.24,160384.604,1749967199999,408158256.85174,119648,87544.838,222834382.01098,0
1749967200000,2550.24,2552.23,2530.99,2534.50,175571.613,1749970799999,445748195.87625,123372,71266.932,180950271.80356,0
1749970800000,2534.50,2535.15,2521.01,2527.33,156619.551,1749974399999,395861494.07183,121177,65816.733,166366739.68105,0
1749974400000,2527.32,2528.96,2517.24,2519.58,109282.874,1749977999999,275566210.40483,91957,48676.779,122741749.89133,0
1749978000000,2519.58,2519.58,2507.38,2509.45,152882.442,1749981599999,384123086.15951,141092,70983.285,178361675.54080,0
1749981600000,2509.45,2522.94,2508.90,2518.95,113223.574,1749985199999,285018832.73783,95295,66373.636,167093676.82431,0
1749985200000,2518.95,2522.34,2510.27,2515.19,80987.725,1749988799999,203757294.13621,78991,40063.844,100807440.90398,0
1749988800000,2515.19,2525.74,2514.79,2524.62,108356.858,1749992399999,273174697.14876,90579,59916.197,151058238.31283,0
1749992400000,2524.61,2544.50,2521.34,2541.99,274871.556,1749995999999,696445981.84636,208494,155461.268,393882490.35223,0
1749996000000,2541.99,2555.00,2535.00,2547.71,262428.362,1749999599999,667751619.93244,214680,139740.474,355650682.78975,0
1749999600000,2547.71,2552.10,2537.49,2540.79,143410.880,1750003199999,365097893.18960,139632,66223.420,168613444.14008,0
1750003200000,2540.80,2555.00,2535.10,2550.49,190058.928,1750006799999,483508952.00334,152430,100092.851,254694989.58293,0
1750006800000,2550.48,2559.76,2543.50,2552.51,105277.653,1750010399999,268550210.82487,100645,61177.167,156084660.76881,0
1750010400000,2552.51,2553.50,2540.00,2547.63,71191.596,1750013999999,181190201.16479,74758,33247.950,84621677.11053,0
1750014000000,2547.64,2552.44,2528.54,2535.94,124262.479,1750017599999,315359579.81365,121291,58725.385,149030106.61167,0
1750017600000,2535.94,2536.07,2490.38,2502.08,331164.140,1750021199999,830344234.68084,275930,151118.132,378757615.50143,0
1750021200000,2502.08,2518.05,2496.24,2516.00,147765.185,1750024799999,370404753.08616,143593,84877.754,212785260.17075,0
1750024800000,2516.00,2549.42,2512.25,2543.67,271405.474,1750028399999,688445707.27468,284788,142162.144,360554356.96591,0
1750028400000,2543.67,2548.80,2538.27,2546.32,86181.264,1750031999999,219278203.21135,110011,42883.236,109117023.78020,0
1750032000000,2546.32,2552.00,2537.06,2543.45,141613.737,1750035599999,360139230.91730,139139,65684.330,167065061.49566,0
1750035600000,2543.45,2558.89,2513.38,2553.35,363554.479,1750039199999,921531867.81399,298410,191270.552,485231997.83649,0
1750039200000,2553.34,2578.00,2553.23,2573.20,322343.879,1750042799999,828350267.62259,302592,171361.941,440344324.08724,0
1750042800000,2573.21,2574.48,2564.28,2567.60,104126.943,1750046399999,267482825.22450,106995,49898.519,128183639.62783,0
1750046400000,2567.60,2578.00,2565.37,2574.63,144910.652,1750049999999,372783998.38096,135139,81217.729,208954598.25720,0
1750050000000,2574.63,2620.74,2572.02,2606.25,501731.554,1750053599999,1304587423.58313,335069,303201.813,788269786.02040,0
1750053600000,2606.25,2619.00,2602.23,2606.58,236682.273,1750057199999,617909609.18770,181328,104141.990,271914881.24964,0
1750057200000,2606.58,2637.70,2606.57,2627.71,361694.602,1750060799999,949529754.98790,264735,206589.337,542315602.90507,0
1750060800000,2627.72,2630.58,2620.52,2629.54,145599.190,1750064399999,382318941.40230,133779,72044.470,189205515.88287,0
1750064400000,2629.54,2630.21,2617.81,2620.54,139572.735,1750067999999,366114047.92338,119444,58721.610,154037130.23504,0
1750068000000,2620.55,2633.15,2609.61,2616.31,206046.405,1750071599999,539926013.92584,158939,94202.608,246953357.03346,0
1750071600000,2616.32,2619.16,2591.62,2615.81,339899.426,1750075199999,885735023.25549,255540,168687.979,439559645.68442,0
1750075200000,2615.80,2618.10,2603.34,2614.14,195985.909,1750078799999,511685586.17288,151332,99021.899,258528182.38864,0
1750078800000,2614.13,2644.70,2606.71,2638.33,333121.042,1750082399999,873983612.33612,285761,185500.615,486912691.51031,0
1750082400000,2638.33,2656.51,2625.18,2638.41,455519.787,1750085999999,1203266042.86374,362013,219033.898,578730060.15394,0
1750086000000,2638.41,2645.99,2626.35,2630.86,227212.340,1750089599999,599302561.43504,211339,102914.406,271513722.93685,0
1750089600000,2630.86,2644.56,2626.26,2634.70,182138.130,1750093199999,480017042.84249,159898,89190.055,235082983.87791,0
1750093200000,2634.71,2641.30,2628.00,2632.74,124829.053,1750096799999,328970420.07353,125238,62216.294,163993308.50800,0
1750096800000,2632.75,2653.64,2630.62,2652.85,139270.885,1750100399999,367977075.69604,121200,80548.907,212859819.32827,0
1750100400000,2652.84,2668.90,2643.13,2659.20,325126.314,1750103999999,863798266.27309,247693,168608.642,448090660.76261,0
1750104000000,2659.22,2680.00,2642.52,2668.54,237850.522,1750107599999,633081000.84183,191776,132109.834,351795401.07040,0
1750107600000,2668.53,2670.46,2642.77,2647.68,175877.016,1750111199999,466689993.83858,144003,81874.635,217208933.36469,0
1750111200000,2647.67,2656.68,2540.00,2568.65,988351.136,1750114799999,2556699035.88488,666283,412390.891,1066753576.51891,0
1750114800000,2568.65,2594.66,2533.10,2543.12,708591.987,1750118399999,1819105476.09343,533001,333717.135,857244228.76310,0
1750118400000,2543.11,2587.83,2524.00,2586.59,837019.196,1750121999999,2135754201.40499,585179,449763.320,1147671151.77570,0
1750122000000,2586.60,2592.21,2572.27,2579.99,179231.938,1750125599999,462564362.37584,207165,90849.457,234507964.21553,0
1750125600000,2580.00,2616.09,2557.43,2607.83,397935.638,1750129199999,1027427783.27702,333181,229127.147,591844398.98749,0
1750129200000,2607.84,2617.74,2600.02,2606.39,229741.275,1750132799999,599276308.81730,215325,108945.409,284207102.15890,0
1750132800000,2606.39,2609.69,2586.47,2590.95,183114.108,1750136399999,475376230.32101,167117,86608.175,224854998.55354,0
1750136400000,2590.94,2597.21,2574.81,2578.90,184994.284,1750139999999,477995820.66082,163977,84322.489,217927105.14665,0
1750140000000,2578.90,2587.67,2573.18,2581.17,149027.617,1750143599999,384613852.77540,151099,78041.942,201432812.25943,0
1750143600000,2581.18,2585.64,2569.00,2581.13,175101.713,1750147199999,451360213.86048,156112,82207.330,211930332.52277,0
1750147200000,2581.13,2584.37,2565.00,2570.62,145989.143,1750150799999,375906787.08010,143843,68884.109,177402489.76131,0
1750150800000,2570.63,2575.30,2560.35,2565.95,172702.030,1750154399999,443366717.66457,163086,81013.939,208016658.17015,0
1750154400000,2565.94,2568.61,2543.00,2556.03,272225.780,1750157999999,695602078.01185,218088,131950.979,337218226.92070,0
1750158000000,2556.03,2556.72,2540.65,2551.25,189421.952,1750161599999,482574725.39193,150948,93493.642,238210700.25034,0
1750161600000,2551.26,2558.70,2544.00,2546.80,220859.430,1750165199999,563622350.20140,150432,118756.018,303099965.31661,0
1750165200000,2546.80,2563.58,2545.22,2552.10,268760.075,1750168799999,686382686.99431,228622,129892.649,331815382.63710,0
1750168800000,2552.10,2567.39,2523.13,2531.85,412751.773,1750172399999,1052810897.06708,285471,170687.707,435795348.49919,0
1750172400000,2531.86,2539.79,2480.00,2497.75,1034312.838,1750175999999,2593281685.22834,651266,473530.942,1187309309.45432,0
1750176000000,2497.76,2501.25,2458.00,2460.25,667057.291,1750179599999,1654297886.36594,492466,302897.224,751350882.90328,0
1750179600000,2460.26,2485.89,2451.97,2465.77,538742.728,1750183199999,1329953008.38763,401960,275192.275,679588089.44979,0
1750183200000,2465.76,2495.73,2463.00,2495.71,233488.442,1750186799999,578250431.04259,240495,131282.609,325256707.64121,0
1750186800000,2495.72,2542.71,2495.60,2527.09,633584.411,1750190399999,1599070543.54181,446606,333960.753,842568360.04089,0
1750190400000,2527.09,2533.83,2505.63,2509.80,360304.273,1750193999999,907630953.85226,269929,173204.479,436414776.42952,0
1750194000000,2509.80,2524.68,2501.00,2518.86,212713.248,1750197599999,534743491.75599,186280,106745.538,268443010.83904,0
1750197600000,2518.86,2519.92,2491.00,2493.45,162436.619,1750201199999,407253864.38606,155000,69834.087,175199590.93134,0
1750201200000,2493.45,2518.68,2492.59,2508.99,142605.186,1750204799999,357736981.11846,132411,80045.123,200765390.60313,0
1750204800000,2508.99,2528.90,2505.00,2524.93,206671.680,1750208399999,520432858.27312,181440,108184.505,272464943.59826,0
1750208400000,2524.92,2535.31,2517.15,2518.36,160493.908,1750211999999,405479194.04838,150291,77566.756,196008514.30907,0
1750212000000,2518.36,2528.78,2513.10,2513.82,96309.799,1750215599999,242765638.18338,111028,47360.426,119395760.77616,0
1750215600000,2513.81,2531.35,2511.35,2526.87,97963.117,1750219199999,247117657.74123,102410,48715.910,122884763.46788,0
1750219200000,2526.88,2545.10,2524.26,2536.12,127592.814,1750222799999,323388572.47806,119007,71140.913,180345144.93781,0
1750222800000,2536.13,2542.35,2532.52,2535.92,85314.309,1750226399999,216408654.26988,92452,41416.106,105056920.76614,0
1750226400000,2535.92,2540.00,2517.70,2522.84,167417.177,1750229999999,423286536.26355,132205,68854.477,174061823.41503,0
1750230000000,2522.83,2532.44,2516.40,2532.33,145052.114,1750233599999,366221655.64747,131470,72302.506,182572759.30968,0
1750233600000,2532.33,2547.35,2525.31,2532.36,220169.642,1750237199999,558391557.64354,172268,105046.409,266460121.21673,0
1750237200000,2532.36,2539.70,2520.05,2525.78,141676.055,1750240799999,358370135.03682,131640,67866.481,171648113.14355,0
1750240800000,2525.77,2527.95,2487.45,2493.90,391129.176,1750244399999,980626963.05657,271196,172734.540,433075831.51370,0
1750244400000,2493.90,2515.79,2489.85,2512.59,299655.362,1750247999999,750406164.84248,221014,167645.809,419874036.04338,0
1750248000000,2512.60,2514.99,2490.73,2492.45,222446.234,1750251599999,556354943.19637,196252,100998.234,252605708.81192,0
1750251600000,2492.46,2504.00,2465.00,2500.73,657457.858,1750255199999,1631977332.25893,474570,336255.326,835056069.00155,0
1750255200000,2500.73,2537.99,2492.62,2503.98,846923.368,1750258799999,2133286372.55451,566756,421212.651,1060954983.88149,0
1750258800000,2503.98,2519.75,2488.93,2507.84,388879.115,1750262399999,975073248.11988,302121,191775.224,480995510.00249,0
1750262400000,2507.84,2513.49,2494.00,2498.97,230478.980,1750265999999,576534315.53461,189436,111292.576,278415654.33188,0
1750266000000,2498.98,2502.58,2465.00,2495.32,426168.068,1750269599999,1059003854.75842,329899,210897.186,524193448.11717,0
1750269600000,2495.33,2520.09,2471.50,2474.21,603822.064,1750273199999,1505222520.49998,512097,289924.151,722907440.08692,0
1750273200000,2474.20,2509.44,2470.00,2491.24,419477.676,1750276799999,1046294522.26221,376791,215570.655,537705140.78794,0
1750276800000,2491.25,2536.75,2481.50,2527.67,304101.469,1750280399999,764158615.00125,243106,173620.989,436379273.19472,0
1750280400000,2527.68,2536.66,2507.96,2527.41,247113.430,1750283999999,623319724.44087,210492,112459.151,283678971.49794,0
1750284000000,2527.40,2532.94,2517.75,2524.27,105846.122,1750287599999,267256413.62787,108509,47036.486,118771920.40493,0
1750287600000,2524.27,2532.50,2513.12,2523.49,101546.131,1750291199999,256067064.06652,89395,46985.988,118498591.27571,0
1750291200000,2523.50,2546.29,2511.91,2528.36,252516.340,1750294799999,639509381.92646,198759,135262.206,342631342.23032,0
1750294800000,2528.37,2529.32,2505.52,2513.60,198342.907,1750298399999,498882514.62542,182620,94209.334,236940867.94945,0
1750298400000,2513.60,2526.00,2506.67,2513.26,114033.356,1750301999999,286990040.39605,108412,56379.480,141918179.21897,0
1750302000000,2513.25,2525.00,2513.05,2524.36,59616.244,1750305599999,150218662.27121,64421,34260.486,86335861.88475,0
1750305600000,2524.35,2524.73,2513.01,2523.18,69996.858,1750309199999,176322619.70613,69666,33446.075,84240969.67961,0
1750309200000,2523.18,2530.17,2519.13,2520.92,114507.236,1750312799999,289181747.14023,92339,53608.745,135403514.20518,0
1750312800000,2520.92,2526.24,2515.36,2518.19,94242.414,1750316399999,237356978.56692,79618,45480.204,114555909.74205,0
1750316400000,2518.19,2524.66,2516.45,2517.56,66289.277,1750319999999,167103757.02941,68276,32785.833,82654376.19500,0
1750320000000,2517.56,2529.44,2517.55,2522.42,91870.688,1750323599999,231955089.87895,85511,48190.774,121669338.52491,0
1750323600000,2522.42,2542.03,2521.33,2537.35,170274.805,1750327199999,431433373.01739,141948,96592.191,244734255.47974,0
1750327200000,2537.36,2544.00,2532.58,2537.47,154526.879,1750330799999,392235203.13131,134862,76174.052,193368458.36795,0
1750330800000,2537.47,2537.47,2525.81,2530.62,121569.357,1750334399999,307645721.82815,105056,57241.477,144852627.28747,0
1750334400000,2530.61,2536.38,2518.20,2524.19,157856.717,1750337999999,398799581.54206,123096,76667.372,193705846.43887,0
1750338000000,2524.18,2524.79,2505.56,2508.58,223241.305,1750341599999,561403854.30855,174444,104972.645,264019896.90609,0
1750341600000,2508.58,2520.80,2493.76,2495.63,322304.364,1750345199999,807601796.81119,230566,156100.503,391210743.93544,0
1750345200000,2495.64,2504.25,2488.76,2491.89,218250.176,1750348799999,544876810.87788,183075,109945.791,274565131.38324,0
1750348800000,2491.88,2503.09,2483.58,2487.02,180534.013,1750352399999,450150111.09389,147543,87240.476,217577716.22820,0
1750352400000,2487.02,2523.48,2485.33,2507.44,335956.261,1750355999999,842415430.41059,244950,182024.208,456295486.46309,0
1750356000000,2507.44,2516.65,2498.00,2503.51,134897.329,1750359599999,338280726.25248,118136,63205.051,158523800.64444,0
1750359600000,2503.50,2509.96,2496.66,2503.76,78199.608,1750363199999,195829484.48052,81612,40752.336,102064822.20428,0
1750363200000,2503.77,2516.00,2501.59,2506.19,93932.330,1750366799999,235655714.03448,87059,50018.812,125483748.86128,0
1750366800000,2506.19,2514.27,2503.29,2508.98,89650.029,1750370399999,224876646.53765,82452,46001.576,115391380.72209,0
1750370400000,2508.98,2531.85,2508.81,2522.70,216966.676,1750373999999,547166436.81547,164113,124344.104,313660303.39245,0
1750374000000,2522.69,2529.23,2518.19,2520.18,107171.512,1750377599999,270323648.37496,101409,56798.389,143272839.75696,0
1750377600000,2520.17,2530.58,2519.26,2524.79,94529.268,1750381199999,238742953.68623,99886,46953.091,118577930.45548,0
1750381200000,2524.78,2529.80,2515.44,2526.36,114710.126,1750384799999,289299104.94748,109583,56331.728,142067453.95657,0
1750384800000,2526.37,2527.30,2512.71,2517.25,100953.687,1750388399999,254322181.93901,79976,51156.561,128867612.70183,0
1750388400000,2517.26,2522.48,2511.18,2516.16,76396.983,1750391999999,192324644.68054,71774,34218.221,86147782.42076,0
1750392000000,2516.16,2519.41,2502.44,2503.11,126184.982,1750395599999,316603340.67841,109412,56237.683,141132812.71556,0
1750395600000,2503.11,2515.63,2502.55,2514.69,102957.704,1750399199999,258257817.09908,89175,57635.948,144574949.83046,0
1750399200000,2514.68,2523.75,2514.57,2520.07,126217.372,1750402799999,317988113.08756,94359,66074.577,166470890.35845,0
1750402800000,2520.08,2552.00,2518.05,2548.60,434905.790,1750406399999,1103852783.21854,277978,243202.917,617354288.96441,0
1750406400000,2548.60,2568.56,2542.07,2552.63,577732.401,1750409999999,1477256836.45309,379126,278660.583,712567015.26006,0
1750410000000,2552.63,2555.00,2544.22,2552.52,152377.856,1750413599999,388541248.00891,135788,74449.459,189843302.20761,0
1750413600000,2552.52,2556.73,2546.47,2551.67,116122.620,1750417199999,296327540.34432,98558,53617.152,136850283.33053,0
1750417200000,2551.67,2554.84,2540.00,2548.68,166297.862,1750420799999,423590876.59128,135846,76424.192,194701244.60016,0
1750420800000,2548.68,2557.71,2545.80,2550.72,128143.022,1750424399999,326951909.47682,107921,66247.004,169052795.62683,0
1750424400000,2550.71,2558.63,2525.75,2535.04,332375.391,1750427999999,844873626.40584,238907,150767.345,383405193.28199,0
1750428000000,2535.04,2539.80,2488.01,2488.74,733194.283,1750431599999,1842098781.86845,505956,342283.749,860170264.28437,0
1750431600000,2488.74,2508.00,2486.00,2492.46,492106.220,1750435199999,1228366185.85275,353002,266355.764,664886500.17199,0
1750435200000,2492.47,2495.10,2475.00,2481.65,392996.155,1750438799999,976162343.45126,315960,184537.687,458428993.01102,0
1750438800000,2481.64,2486.58,2363.88,2417.86,1775974.487,1750442399999,4289773747.56765,1043065,787097.071,1899829233.26265,0
1750442400000,2417.86,2432.45,2411.53,2418.68,419652.251,1750445999999,1016398735.94040,340033,215567.498,522220426.51932,0
1750446000000,2418.68,2423.04,2391.16,2413.62,371972.758,1750449599999,896300745.53116,271152,180649.766,435495444.86889,0
1750449600000,2413.62,2437.20,2413.07,2425.69,231474.063,1750453199999,561870158.22088,199728,112561.948,273203585.10652,0
1750453200000,2425.68,2426.00,2408.88,2415.54,145509.607,1750456799999,351855870.58643,141840,69898.423,169029982.59084,0
1750456800000,2415.54,2417.00,2380.00,2389.80,344264.437,1750460399999,825251419.84143,261393,129214.774,309829496.68249,0
1750460400000,2389.80,2406.38,2382.57,2405.42,167122.462,1750463999999,400419396.76639,177887,92044.062,220550307.60974,0
1750464000000,2405.43,2419.15,2394.66,2409.82,186670.690,1750467599999,449220145.24027,170359,103938.930,250177520.70960,0
1750467600000,2409.82,2431.44,2408.88,2430.01,173630.516,1750471199999,420443785.01476,140610,97085.285,235096491.80884,0
1750471200000,2430.01,2431.34,2416.17,2421.70,93979.459,1750474799999,227645699.89476,86717,39625.605,95990976.30688,0
1750474800000,2421.69,2429.98,2421.69,2424.33,75008.007,1750478399999,182017101.28086,73448,35999.679,87354620.73825,0
1750478400000,2424.34,2425.94,2417.59,2421.88,108508.231,1750481999999,262756189.58500,74698,54697.876,132458083.77446,0
1750482000000,2421.89,2426.11,2418.00,2422.81,51540.943,1750485599999,124840626.00605,52151,22565.583,54665723.41789,0
1750485600000,2422.81,2427.25,2419.73,2424.00,48304.891,1750489199999,117087541.75923,47196,25460.015,61719454.39408,0
1750489200000,2424.00,2426.97,2418.65,2425.63,66222.464,1750492799999,160462581.51647,59618,31788.272,77032643.19830,0
1750492800000,2425.63,2444.95,2422.08,2440.39,167693.511,1750496399999,408017776.23447,102562,101026.162,245863337.36632,0
1750496400000,2440.39,2447.96,2430.88,2443.83,184659.567,1750499999999,450480274.48400,135063,97549.344,238014356.69227,0
1750500000000,2443.83,2446.25,2430.20,2438.00,142424.202,1750503599999,347249639.07536,111408,61495.500,149953781.04247,0
1750503600000,2437.99,2444.96,2434.67,2441.43,92470.363,1750507199999,225670051.72090,84415,46168.488,112694145.41239,0
1750507200000,2441.43,2444.10,2433.26,2434.85,93775.529,1750510799999,228663900.47879,84826,41334.654,100800370.49370,0
1750510800000,2434.85,2442.40,2411.00,2419.33,294432.453,1750514399999,714315837.20284,188064,127150.947,308524780.17218,0
1750514400000,2419.32,2434.30,2413.00,2418.50,248373.623,1750517999999,601493560.24623,203477,128109.025,310290174.58029,0
1750518000000,2418.50,2426.77,2410.89,2422.37,151159.910,1750521599999,365619359.48872,136225,77108.350,186522623.45523,0
1750521600000,2422.36,2427.39,2412.47,2415.41,114108.241,1750525199999,276144676.49630,104557,53576.752,129670569.56854,0
1750525200000,2415.40,2423.43,2395.27,2398.07,265570.924,1750528799999,638739098.17179,197455,119303.508,287025800.01679,0
1750528800000,2398.08,2410.90,2382.65,2386.72,248489.314,1750532399999,595883641.45748,188065,113995.166,273505310.77233,0
1750532400000,2386.73,2399.34,2381.00,2384.02,227502.337,1750535999999,543572172.93525,211233,115343.781,275629215.12257,0
1750536000000,2384.02,2408.10,2378.00,2402.55,198217.870,1750539599999,474407185.73193,191837,107017.087,256266023.32398,0
1750539600000,2402.54,2404.99,2230.00,2280.35,1249526.824,1750543199999,2878961625.15597,905098,527177.774,1213926586.14124,0
1750543200000,2280.35,2306.85,2277.22,2285.26,473974.632,1750546799999,1086448041.52162,408626,222332.729,509721925.96863,0
1750546800000,2285.27,2315.43,2213.07,2294.63,1391536.948,1750550399999,3146323248.75245,860245,667183.021,1509450431.24568,0
1750550400000,2294.64,2312.96,2253.05,2293.55,994029.051,1750553999999,2277530338.91874,774881,479151.534,1098346035.27080,0
1750554000000,2293.55,2300.05,2263.76,2265.27,407871.966,1750557599999,930012759.40674,374001,176355.913,402123719.66031,0
1750557600000,2265.27,2283.91,2243.19,2264.25,529523.180,1750561199999,1197752217.38324,459860,260362.436,589133881.65417,0
1750561200000,2264.24,2274.66,2250.00,2263.49,261585.893,1750564799999,592007077.69041,255773,139138.234,314916500.03239,0
1750564800000,2263.50,2287.85,2260.59,2280.74,217952.787,1750568399999,496403260.52022,212279,115941.918,264068897.85462,0
1750568400000,2280.73,2293.45,2277.65,2287.67,168564.777,1750571999999,385259630.76383,167934,88889.625,203177052.32872,0
1750572000000,2287.68,2297.40,2282.59,2285.79,148348.253,1750575599999,339672505.87580,142003,71188.752,163034535.43059,0
1750575600000,2285.79,2287.66,2266.11,2269.74,210626.408,1750579199999,479127048.54757,171473,88207.608,200659014.78130,0
1750579200000,2269.74,2277.00,2262.50,2273.28,155712.152,1750582799999,353540327.77478,172187,82013.265,186230609.15904,0
1750582800000,2273.28,2279.08,2233.34,2240.59,475280.030,1750586399999,1071258136.26348,343607,227324.749,512457146.12504,0
1750586400000,2240.59,2263.90,2237.77,2258.29,287714.064,1750589999999,647899105.04310,222249,162902.260,366889323.19134,0
1750590000000,2258.28,2278.00,2257.00,2272.00,220191.469,1750593599999,500032058.38079,188194,112926.607,256414364.64929,0
1750593600000,2272.00,2286.64,2264.22,2278.81,237623.696,1750597199999,540642722.04454,191089,121856.116,277274859.23475,0
1750597200000,2278.80,2284.17,2159.28,2198.90,1873589.751,1750600799999,4135318754.35154,1013382,870516.854,1921121066.49752,0
1750600800000,2198.90,2212.00,2155.10,2200.39,1220118.895,1750604399999,2663210159.91843,839089,627412.068,1370172730.04195,0
1750604400000,2200.39,2207.09,2167.77,2173.91,492903.929,1750607999999,1079268027.24141,402141,240339.943,526380365.10427,0
1750608000000,2173.90,2197.50,2172.32,2195.87,421355.952,1750611599999,920341438.03256,378990,227211.808,496239451.13195,0
1750611600000,2195.88,2219.11,2185.32,2191.57,364908.878,1750615199999,802831521.72508,316955,196586.943,432657046.07575,0
1750615200000,2191.57,2197.99,2178.37,2181.84,170889.019,1750618799999,373551171.48413,186573,81860.156,178961602.72057,0
1750618800000,2181.84,2189.61,2169.42,2182.96,206621.471,1750622399999,450510947.31781,213466,103688.422,226107157.04395,0
1750622400000,2182.97,2196.46,2111.00,2186.77,1019684.147,1750625999999,2189136640.42321,724035,486632.331,1045055576.39206,0
1750626000000,2186.77,2195.82,2172.24,2178.00,196270.647,1750629599999,428796181.95972,218613,94608.817,206788488.59911,0
1750629600000,2178.00,2235.00,2176.10,2232.85,520393.350,1750633199999,1152103702.62660,459606,283053.384,626515617.39581,0
1750633200000,2232.85,2236.00,2218.34,2226.33,174666.613,1750636799999,388828985.86044,200359,76094.312,169429105.99084,0
1750636800000,2226.33,2259.37,2221.00,2239.78,343358.272,1750640399999,769029979.90466,296871,174453.647,390996393.52689,0
1750640400000,2239.79,2246.81,2223.50,2244.88,197442.449,1750643999999,441258986.58303,186650,94138.996,210467230.98354,0
1750644000000,2244.88,2246.63,2232.05,2237.83,132750.334,1750647599999,297217796.62606,139681,59803.454,133917496.15906,0
1750647600000,2237.83,2242.91,2229.95,2233.89,106512.464,1750651199999,238176503.54909,118178,44274.288,99025116.26633,0
1750651200000,2233.90,2243.25,2226.76,2233.00,117886.143,1750654799999,263318310.98878,116422,52981.132,118367483.99240,0
1750654800000,2233.01,2250.00,2233.00,2245.32,127594.403,1750658399999,286126072.68933,130094,68717.166,154115455.25362,0
1750658400000,2245.32,2253.99,2232.48,2250.00,337033.169,1750661999999,756290433.64020,235149,152875.895,343117109.07015,0
1750662000000,2250.01,2277.77,2249.23,2257.50,331910.399,1750665599999,750192145.35064,253750,180305.647,407630604.12312,0
1750665600000,2257.51,2273.47,2255.00,2260.81,181778.876,1750669199999,411247228.99792,166358,92886.178,210192737.39394,0
1750669200000,2260.81,2260.88,2242.59,2250.87,178696.541,1750672799999,402075292.47672,167975,76805.743,172812057.40829,0
1750672800000,2250.88,2251.86,2237.34,2245.91,154534.900,1750676399999,346868756.71491,148204,66707.647,149754995.51310,0
1750676400000,2245.90,2257.12,2240.14,2252.16,142683.237,1750679999999,320808396.47397,131891,72949.098,164055969.25119,0
1750680000000,2252.17,2266.36,2244.32,2265.28,185240.455,1750683599999,417746619.24880,169072,97892.822,220825517.99925,0
1750683600000,2265.29,2300.00,2231.02,2294.02,864910.255,1750687199999,1964648265.48175,581874,464968.194,1056886437.64057,0
1750687200000,2294.03,2317.00,2270.41,2273.21,693189.073,1750690799999,1588289595.18641,527725,337594.135,773908177.28353,0
1750690800000,2273.21,2287.29,2246.35,2247.17,474096.130,1750694399999,1073901477.87166,382410,201246.841,456132938.97928,0
1750694400000,2247.16,2250.75,2187.01,2220.94,1222958.987,1750697999999,2712453589.57691,843159,595693.106,1321052578.60553,0
1750698000000,2220.95,2286.35,2216.05,2273.71,896368.000,1750701599999,2025597218.90951,685362,458675.523,1036259108.57078,0
1750701600000,2273.72,2311.87,2271.91,2304.30,578478.177,1750705199999,1328595769.84902,487054,303151.800,696290934.15001,0
1750705200000,2304.30,2325.38,2293.81,2311.57,338076.153,1750708799999,780424263.67501,296763,187288.734,432524396.54075,0
1750708800000,2311.61,2379.00,2302.27,2346.11,736338.967,1750712399999,1728033696.37063,534241,394100.021,924599728.67734,0
1750712400000,2346.11,2362.69,2331.00,2339.89,237881.060,1750715999999,558389285.63571,215888,120545.577,283038293.27278,0
1750716000000,2339.88,2440.00,2339.51,2405.81,1183537.231,1750719599999,2837974453.89513,834242,639025.718,1532071573.73968,0
1750719600000,2405.80,2430.84,2404.51,2410.39,356346.362,1750723199999,861396386.17423,313021,172641.577,417402044.91939,0
1750723200000,2410.40,2416.83,2391.39,2401.63,320606.264,1750726799999,770514448.92189,270220,145495.271,349723626.65976,0
1750726800000,2401.64,2416.60,2395.05,2412.61,178817.827,1750730399999,430546145.02269,175388,97419.007,234598950.09712,0
1750730400000,2412.61,2412.61,2388.05,2391.15,274132.856,1750733999999,656732053.97860,209806,117533.409,281577846.27693,0
1750734000000,2391.15,2409.72,2390.47,2397.66,166610.227,1750737599999,399776303.25754,143706,88599.143,212615889.76183,0
1750737600000,2397.66,2405.88,2391.60,2402.60,116947.749,1750741199999,280515349.01142,116652,63510.378,152368514.53526,0
1750741200000,2402.60,2423.33,2400.23,2418.75,222208.164,1750744799999,536206753.89979,192453,122748.781,296177899.46920,0
1750744800000,2418.74,2434.10,2409.57,2424.11,225958.861,1750748399999,547269240.31561,202148,119247.278,288869065.05340,0
1750748400000,2424.10,2427.55,2390.00,2391.79,406452.040,1750751999999,977392416.06919,303322,165872.607,398890422.36074,0
1750752000000,2391.78,2411.50,2374.90,2402.39,545045.165,1750755599999,1304447416.25498,381215,274519.449,657296164.08088,0
1750755600000,2402.39,2450.00,2398.00,2414.63,420239.828,1750759199999,1017512234.43263,318284,233103.848,564569052.20266,0
1750759200000,2414.63,2422.50,2405.34,2412.80,197460.035,1750762799999,476477270.26378,173934,92711.757,223754885.91103,0
1750762800000,2412.79,2420.00,2396.44,2408.30,294816.504,1750766399999,709811042.93065,215935,140146.807,337453248.88770,0
1750766400000,2408.30,2417.55,2401.46,2412.65,163716.307,1750769999999,394525886.23707,163089,79538.506,191701106.46937,0
1750770000000,2412.65,2431.18,2403.48,2420.53,448615.204,1750773599999,1084662496.22269,344699,234720.943,567601574.03117,0
1750773600000,2420.53,2440.74,2419.04,2429.98,361181.876,1750777199999,877850031.38493,342459,179075.176,435306242.90236,0
1750777200000,2429.98,2455.98,2423.28,2437.00,380616.849,1750780799999,927713546.32837,316571,196858.929,480006198.33626,0
1750780800000,2437.00,2481.28,2432.94,2477.86,581216.415,1750784399999,1429982741.74086,383320,327343.999,805694579.78718,0
1750784400000,2477.87,2480.27,2442.16,2456.49,519789.775,1750787999999,1277451394.77179,357021,256027.028,629229714.12277,0
1750788000000,2456.50,2462.17,2432.75,2434.12,224042.553,1750791599999,547613444.44766,198126,97494.585,238340186.81127,0
1750791600000,2434.11,2440.45,2416.00,2432.91,228770.143,1750795199999,555777353.72566,194191,106838.367,259611768.46447,0
1750795200000,2432.90,2448.82,2429.27,2447.55,124076.267,1750798799999,302667579.01025,134097,76306.718,186158546.81092,0
1750798800000,2447.55,2448.80,2434.34,2443.72,77776.414,1750802399999,189799074.74189,92992,35926.826,87674312.69623,0
1750802400000,2443.71,2443.78,2432.50,2440.08,75851.974,1750805999999,184872948.24433,97836,36809.709,89718291.60809,0
1750806000000,2440.07,2447.98,2428.94,2447.58,117660.675,1750809599999,286941189.05118,120015,58886.940,143645473.17672,0
1750809600000,2447.58,2461.16,2435.29,2457.00,197201.369,1750813199999,482902744.41272,191087,107543.675,263452135.84615,0
1750813200000,2457.00,2465.00,2443.84,2459.98,165169.708,1750816799999,405495159.35873,178140,78876.397,193683960.61718,0
1750816800000,2459.98,2467.84,2449.00,2450.35,157259.774,1750820399999,386638839.54876,177731,76992.931,189323512.40501,0
1750820400000,2450.34,2459.62,2442.07,2442.85,98998.963,1750823999999,242575280.96173,114457,44279.285,108509302.43806,0
1750824000000,2442.85,2446.46,2427.25,2434.39,168540.827,1750827599999,410742657.49218,156594,75703.930,184514153.96208,0
1750827600000,2434.39,2438.40,2422.77,2428.01,155452.636,1750831199999,377705701.00946,147964,77919.052,189338642.82044,0
1750831200000,2428.01,2444.37,2425.06,2443.39,133106.814,1750834799999,324243052.93683,133661,75342.492,183536819.57221,0
1750834800000,2443.39,2449.93,2438.86,2443.45,104466.927,1750838399999,255407808.72340,116372,48688.060,119062703.23242,0
1750838400000,2443.44,2444.92,2423.00,2438.69,167069.377,1750841999999,406528322.98054,166751,79334.057,193052906.99313,0
1750842000000,2438.69,2447.61,2405.06,2419.04,474168.582,1750845599999,1149594261.99361,320849,202319.175,490808731.69015,0
1750845600000,2419.03,2430.54,2413.08,2424.97,166288.290,1750849199999,402986854.50516,173037,85293.849,206735726.52369,0
1750849200000,2424.97,2429.01,2411.37,2427.96,156199.699,1750852799999,378255001.09749,156461,76798.219,186006139.60319,0
1750852800000,2427.93,2428.88,2414.06,2427.73,225579.802,1750856399999,546516952.50048,148306,128617.721,311596178.02453,0
1750856400000,2427.73,2445.87,2422.40,2433.71,335478.584,1750859999999,816773618.80882,331724,173185.662,421752691.77226,0
1750860000000,2433.70,2443.62,2388.23,2431.45,779701.397,1750863599999,1882422237.19874,610394,385892.374,931907179.99046,0
1750863600000,2431.45,2432.00,2395.42,2404.48,363721.720,1750867199999,876833500.91639,360442,171408.602,413231492.07463,0
1750867200000,2404.48,2419.95,2400.22,2409.68,198402.764,1750870799999,478393359.62540,214645,102651.232,247545912.49702,0
1750870800000,2409.68,2431.15,2405.71,2421.49,215773.354,1750874399999,521838303.83418,230883,109470.297,264725816.78804,0
1750874400000,2421.48,2423.59,2410.58,2417.40,82169.762,1750877999999,198650485.58908,117899,35772.530,86483030.89907,0
1750878000000,2417.39,2438.75,2416.99,2431.80,168353.306,1750881599999,409113677.09770,191775,86838.134,211042367.83048,0
1750881600000,2431.79,2441.05,2425.04,2437.36,98324.500,1750885199999,239107958.88280,115014,51491.302,125233976.67338,0
1750885200000,2437.34,2455.27,2425.62,2429.22,185450.437,1750888799999,452313676.36597,176504,101505.850,247702514.88511,0
1750888800000,2429.23,2429.65,2409.00,2414.73,120906.295,1750892399999,292289013.62112,124176,60151.713,145428481.37156,0
1750892400000,2414.72,2418.16,2406.69,2417.28,82340.326,1750895999999,198714283.61611,99890,41762.080,100795249.57023,0
1750896000000,2417.28,2427.41,2415.68,2425.32,89927.285,1750899599999,217809473.07422,109135,45854.707,111069094.32995,0
1750899600000,2425.32,2474.45,2417.65,2457.75,432502.396,1750903199999,1061381202.89424,341327,232672.322,571114766.98418,0
1750903200000,2457.76,2501.39,2457.76,2492.21,421171.367,1750906799999,1043849845.05353,360851,240843.114,597359790.81553,0
1750906800000,2492.20,2520.00,2482.05,2487.95,441212.509,1750910399999,1103409749.55784,399004,219407.972,548736881.77599,0
1750910400000,2487.95,2490.55,2469.63,2479.47,199439.558,1750913999999,494303274.36095,191950,103876.552,257483862.61518,0
1750914000000,2479.47,2482.82,2465.74,2474.73,119256.245,1750917599999,295000930.29210,127786,55063.143,136238192.07064,0
1750917600000,2474.73,2488.81,2472.59,2486.00,125052.057,1750921199999,310308298.73628,130764,69877.362,173409095.37731,0
1750921200000,2486.00,2499.85,2479.00,2489.00,204924.893,1750924799999,510547081.86347,183574,94756.292,236122099.02597,0
1750924800000,2489.01,2499.65,2483.15,2485.95,153446.372,1750928399999,382170130.89745,157114,70593.596,175847449.69287,0
1750928400000,2485.94,2488.16,2461.00,2462.12,264764.552,1750931999999,654240421.42414,233430,115784.886,286093194.80410,0
1750932000000,2462.13,2466.28,2445.00,2449.86,255865.296,1750935599999,628578174.68683,214669,119284.791,293136727.37022,0
1750935600000,2449.83,2452.90,2438.00,2449.23,214478.583,1750939199999,524738436.82535,198406,109593.048,268170404.44552,0
1750939200000,2449.23,2453.85,2432.14,2438.77,305063.246,1750942799999,744874731.54247,249258,149467.365,365046146.18924,0
1750942800000,2438.78,2445.40,2422.75,2432.32,319076.602,1750946399999,776713937.58966,297463,152176.849,370518531.24844,0
1750946400000,2432.32,2458.93,2421.22,2445.52,355463.056,1750949999999,867523916.38441,308025,189187.605,461801222.93134,0
1750950000000,2445.52,2447.94,2408.01,2432.00,545698.283,1750953599999,1321936301.05996,370073,252045.574,610639726.23876,0
1750953600000,2432.00,2435.89,2416.84,2426.68,172610.675,1750957199999,418792871.81507,174154,77738.503,188639236.63094,0
1750957200000,2426.69,2434.84,2418.09,2419.48,120153.890,1750960799999,291512854.03767,148837,58287.271,141421930.07015,0
1750960800000,2419.49,2438.54,2416.63,2424.39,135014.950,1750964399999,327557037.06214,161146,71801.461,174236062.39310,0
1750964400000,2424.40,2443.09,2421.35,2434.52,121963.447,1750967999999,296873976.16424,133499,65598.398,159700205.47927,0
1750968000000,2434.51,2456.58,2429.00,2444.41,181700.897,1750971599999,444365397.51445,171638,105243.531,257433140.19744,0
1750971600000,2444.41,2444.56,2392.12,2412.80,333519.887,1750975199999,805139195.47931,304745,137017.752,330711792.30026,0
1750975200000,2412.80,2424.04,2410.34,2412.45,114877.221,1750978799999,277613566.43850,130057,57934.951,140030199.76004,0
1750978800000,2412.45,2416.40,2404.38,2414.54,77811.245,1750982399999,187647352.21642,102989,34438.232,83056101.48156,0
1750982400000,2414.59,2420.42,2398.21,2399.24,149246.853,1750985999999,359714072.39867,141652,70138.135,169074470.15966,0
1750986000000,2399.24,2431.39,2377.00,2425.29,389399.240,1750989599999,937907284.60743,292612,200207.988,482655710.90956,0
1750989600000,2425.29,2439.52,2422.13,2436.84,113707.904,1750993199999,276576398.90425,122191,62418.399,151861376.28660,0
1750993200000,2436.85,2447.89,2431.36,2445.83,133318.792,1750996799999,325380908.02130,106531,65598.483,160116626.04887,0
1750996800000,2445.84,2452.32,2438.18,2448.57,126507.023,1751000399999,309540773.11666,112287,58603.950,143421608.01349,0
1751000400000,2448.56,2451.72,2433.33,2438.17,175760.233,1751003999999,428735988.68330,133226,74540.729,181816777.92281,0
1751004000000,2438.17,2449.46,2435.40,2447.14,114795.255,1751007599999,280462231.65698,107737,56077.694,137022192.19681,0
1751007600000,2447.15,2458.88,2436.33,2441.19,205947.817,1751011199999,503696580.02166,171183,105727.227,258622123.34355,0
1751011200000,2441.20,2463.38,2433.99,2447.09,237580.943,1751014799999,581507536.95015,208326,119481.255,292508824.33100,0
1751014800000,2447.08,2462.73,2441.10,2459.55,173450.186,1751018399999,425420255.24266,153849,97516.614,239219112.15855,0
1751018400000,2459.56,2460.75,2444.39,2444.93,114750.064,1751021999999,281273162.06517,110778,50567.564,123931804.21410,0
1751022000000,2444.93,2453.91,2441.23,2446.26,87081.437,1751025599999,213023406.90405,89323,45455.213,111207947.35017,0
1751025600000,2446.27,2456.33,2425.67,2428.80,245807.182,1751029199999,599733638.76909,210278,118152.353,288345952.41878,0
1751029200000,2428.80,2435.68,2415.55,2426.87,327234.973,1751032799999,794155347.28392,264676,166924.026,405198387.44478,0
1751032800000,2426.88,2437.49,2412.50,2422.10,268658.052,1751036399999,651248931.28840,259087,135077.138,327517744.46867,0
1751036400000,2422.09,2442.04,2418.26,2437.61,175673.314,1751039999999,427256514.64533,177310,94787.362,230539821.54345,0
1751040000000,2437.61,2448.69,2430.50,2432.29,167676.615,1751043599999,408739187.33416,169148,83489.651,203573162.64587,0
1751043600000,2432.29,2432.62,2394.19,2403.49,379216.061,1751047199999,914150641.73154,298890,173210.694,417558611.19351,0
1751047200000,2403.49,2407.42,2387.01,2393.72,221419.279,1751050799999,530583579.79137,223626,108737.245,260639227.46003,0
1751050800000,2393.71,2416.44,2390.94,2411.72,217461.904,1751054399999,523255478.43373,188165,127466.028,306679755.06347,0
1751054400000,2411.72,2426.88,2410.50,2425.50,134584.962,1751057999999,325715346.22722,129220,74754.912,180914590.29471,0
1751058000000,2425.50,2429.00,2416.07,2418.90,112585.391,1751061599999,272726469.37128,101781,53152.512,128773593.22441,0
1751061600000,2418.91,2424.25,2418.59,2421.30,42046.008,1751065199999,101820337.19983,55503,19428.371,47048418.47210,0
1751065200000,2421.30,2423.59,2413.62,2422.06,61573.006,1751068799999,148939127.13914,68391,28440.240,68799591.36125,0
1751068800000,2422.07,2423.06,2416.00,2417.10,52771.868,1751072399999,127659655.85079,69506,24905.624,60247874.42581,0
1751072400000,2417.10,2419.00,2404.75,2416.96,117000.693,1751075999999,282183447.61220,101189,53952.527,130143992.36887,0
1751076000000,2416.96,2421.78,2413.76,2417.69,60382.869,1751079599999,146042328.40470,61464,32516.168,78645051.97272,0
1751079600000,2417.69,2421.54,2415.28,2419.70,51777.029,1751083199999,125254398.89583,48981,28866.034,69835737.34527,0
1751083200000,2419.70,2420.89,2416.52,2419.99,33855.659,1751086799999,81894116.01015,40488,17568.440,42498535.90536,0
1751086800000,2420.00,2427.83,2417.00,2420.99,97569.970,1751090399999,236393853.61114,79581,45112.100,109310900.24935,0
1751090400000,2420.99,2426.73,2420.63,2426.11,46741.317,1751093999999,113305408.60942,48592,26618.982,64528439.89331,0
1751094000000,2426.11,2433.00,2422.83,2430.55,71222.778,1751097599999,172919988.41310,75924,40907.504,99341389.62119,0
1751097600000,2430.55,2431.25,2418.50,2423.27,86733.509,1751101199999,210188102.77026,83240,42350.165,102631651.94427,0
1751101200000,2423.27,2427.66,2418.29,2425.58,57404.496,1751104799999,139088497.12680,56003,28611.810,69329301.29023,0
1751104800000,2425.57,2429.31,2422.50,2425.13,50115.735,1751108399999,121585745.23614,50826,24336.793,59052994.26701,0
1751108400000,2425.13,2428.08,2425.03,2426.26,30167.748,1751111999999,73195537.60957,34579,14802.994,35916638.97663,0
1751112000000,2426.26,2426.98,2421.02,2424.98,41285.586,1751115599999,100103345.54687,43821,18815.888,45620822.85124,0
1751115600000,2424.98,2428.09,2418.75,2421.79,62524.880,1751119199999,151478840.28876,59260,28153.873,68225114.39695,0
1751119200000,2421.80,2426.69,2421.44,2424.87,35154.915,1751122799999,85243558.72214,40048,18883.134,45787671.21816,0
1751122800000,2424.87,2443.99,2422.15,2435.08,111473.344,1751126399999,271156697.73979,85287,71325.250,173510960.11419,0
1751126400000,2435.09,2443.06,2430.50,2433.82,159928.709,1751129999999,389597224.06986,136102,78665.680,191664043.59793,0
1751130000000,2433.82,2447.42,2432.03,2443.13,95210.219,1751133599999,232372682.44634,97534,53769.561,131273957.23908,0
1751133600000,2443.13,2443.78,2431.52,2436.33,64742.415,1751137199999,157798864.24872,78200,29446.819,71765474.34990,0
1751137200000,2436.32,2439.26,2431.23,2432.38,39393.626,1751140799999,95903438.04414,51455,19172.941,46680063.31825,0
1751140800000,2432.38,2433.99,2425.80,2428.56,60657.209,1751144399999,147373242.49561,59565,24032.576,58392754.07646,0
1751144400000,2428.56,2437.24,2428.00,2435.49,27689.409,1751147999999,67325837.40841,40955,13992.135,34024535.38083,0
1751148000000,2435.48,2440.46,2432.79,2439.13,48483.965,1751151599999,118166716.07836,62036,25679.893,62588705.73057,0
1751151600000,2439.13,2441.37,2433.78,2434.80,31623.811,1751155199999,77086395.78047,46100,13029.236,31761756.08399,0
1751155200000,2434.80,2441.68,2430.63,2437.68,56457.230,1751158799999,137548268.68445,62780,29034.624,70746697.09070,0
1751158800000,2437.67,2437.95,2427.09,2428.62,50341.475,1751162399999,122421748.95350,54277,21725.146,52835802.78368,0
1751162400000,2428.61,2432.57,2423.12,2431.05,61626.937,1751165999999,149589678.35536,59967,28757.088,69811261.81799,0
1751166000000,2431.06,2432.07,2425.76,2426.85,31134.449,1751169599999,75621224.15384,37376,13566.173,32947404.11072,0
1751169600000,2426.84,2430.51,2425.57,2428.80,31017.672,1751173199999,75326485.90764,35871,17112.367,41559532.65390,0
1751173200000,2428.81,2433.80,2426.39,2432.57,33908.414,1751176799999,82411592.66677,38777,16654.792,40472591.76138,0
1751176800000,2432.57,2436.72,2431.30,2435.79,41850.892,1751180399999,101840689.03406,39309,20244.749,49267844.93488,0
1751180400000,2435.78,2439.60,2433.83,2439.58,66923.546,1751183999999,163097660.46951,61287,33412.078,81434176.60281,0
1751184000000,2439.58,2446.79,2437.05,2442.76,113185.540,1751187599999,276366365.57272,101642,59061.691,144225834.16149,0
1751187600000,2442.76,2457.91,2437.86,2446.91,210738.366,1751191199999,516349762.85998,160737,108578.930,266104110.33649,0
1751191200000,2446.91,2458.00,2446.09,2455.44,145879.750,1751194799999,357745531.49455,125009,74928.933,183761150.43510,0
1751194800000,2455.45,2463.96,2451.94,2460.82,117662.709,1751198399999,289213315.27982,96751,67298.516,165452218.07953,0
1751198400000,2460.81,2462.14,2447.60,2453.47,125101.676,1751201999999,306913881.14221,101765,55112.829,135209871.83005,0
1751202000000,2453.47,2455.38,2445.20,2445.95,88376.144,1751205599999,216494039.44551,81108,40814.159,99991457.36787,0
1751205600000,2445.94,2450.88,2433.64,2438.69,183584.510,1751209199999,448355406.68111,148086,86147.388,210431980.23539,0
1751209200000,2438.74,2443.53,2431.70,2435.36,100221.840,1751212799999,244317322.50026,91209,45293.735,110436559.07954,0
1751212800000,2435.36,2439.27,2428.00,2437.92,115822.942,1751216399999,281914450.74441,104438,57710.824,140489085.26077,0
1751216400000,2437.92,2439.47,2431.32,2437.94,58992.024,1751219999999,143696920.49650,57534,32144.935,78303966.02099,0
1751220000000,2437.93,2441.71,2432.88,2436.76,69241.743,1751223599999,168845287.86362,59067,45088.893,109951718.47058,0
1751223600000,2436.75,2438.28,2432.24,2436.81,39091.337,1751227199999,95205736.86046,43997,20095.803,48942889.23500,0
1751227200000,2436.80,2437.92,2431.08,2431.09,39983.001,1751230799999,97313356.06863,44757,20099.869,48923389.46936,0
1751230800000,2431.09,2437.71,2406.45,2430.15,207385.703,1751234399999,502816476.35540,158880,101363.363,245875890.20707,0
1751234400000,2430.15,2509.84,2429.37,2501.00,618715.187,1751237999999,1532282347.56520,494493,343181.554,849784575.94966,0
1751238000000,2501.00,2524.41,2493.87,2499.25,459552.113,1751241599999,1152107888.49500,346122,232222.114,582283024.38592,0
1751241600000,2499.25,2523.43,2498.75,2517.79,261219.470,1751245199999,656024229.11102,232225,137980.678,346562752.90075,0
1751245200000,2517.79,2518.80,2503.60,2509.65,182365.453,1751248799999,457874186.83749,168254,79136.347,198695233.41150,0
1751248800000,2509.66,2510.49,2498.12,2500.35,104673.737,1751252399999,262224129.75800,107533,47834.754,119841839.30510,0
1751252400000,2500.36,2503.61,2494.18,2498.42,112165.120,1751255999999,280266096.01361,89086,55602.504,138929755.90820,0
1751256000000,2498.43,2504.81,2494.14,2494.79,87767.280,1751259599999,219412999.16387,86239,38730.839,96831870.08932,0
1751259600000,2494.79,2502.29,2490.65,2501.90,103678.452,1751263199999,258923148.75993,86043,50221.118,125435109.94797,0
1751263200000,2501.90,2502.94,2453.94,2463.00,411283.558,1751266799999,1017833516.17988,257473,179727.976,444741341.23481,0
1751266800000,2463.00,2482.74,2459.48,2479.63,279798.052,1751270399999,691741657.60153,212518,163289.957,403721502.50877,0
1751270400000,2479.63,2485.84,2465.01,2467.94,166292.572,1751273999999,411512362.49752,130078,74084.636,183388905.70857,0
1751274000000,2467.93,2476.16,2449.91,2450.53,230869.853,1751277599999,568275331.26053,154877,101232.969,249237076.99718,0
1751277600000,2450.53,2456.76,2445.20,2454.73,224507.771,1751281199999,550286250.06776,156969,119158.475,292105881.12423,0
1751281200000,2454.73,2466.80,2451.69,2457.19,162232.820,1751284799999,399069549.51793,124827,83309.559,204940608.49229,0
1751284800000,2457.19,2464.02,2455.82,2458.77,88168.294,1751288399999,216898975.67945,89950,39316.950,96729139.03175,0
1751288400000,2458.77,2473.48,2457.18,2461.22,209126.159,1751291999999,515561906.45584,182575,98892.506,243830593.90854,0
1751292000000,2461.22,2468.75,2431.87,2437.71,493998.611,1751295599999,1211658579.26168,330465,201041.104,493152065.95897,0
1751295600000,2437.72,2488.12,2434.27,2473.54,564655.522,1751299199999,1388788655.48450,401745,314168.011,772570402.31281,0
1751299200000,2473.54,2481.00,2460.05,2474.28,233318.255,1751302799999,576493609.54399,204530,114576.580,283144878.68658,0
1751302800000,2474.29,2497.90,2472.67,2486.75,241648.911,1751306399999,600179642.67364,211175,144698.990,359430174.54497,0
1751306400000,2486.75,2498.67,2478.29,2484.92,214042.488,1751309999999,532368231.45166,190866,99097.466,246517691.72757,0
1751310000000,2484.92,2517.49,2483.63,2514.78,291596.200,1751313599999,730541353.72521,274600,164698.353,412593698.01845,0
1751313600000,2514.78,2521.59,2501.01,2502.12,199549.858,1751317199999,501112423.95528,192307,88728.483,222868846.10569,0
1751317200000,2502.13,2503.78,2481.15,2486.82,148272.465,1751320799999,369800827.64144,148733,59494.356,148400517.95444,0
1751320800000,2486.83,2494.96,2483.44,2489.18,93536.997,1751324399999,232894978.49189,103037,48817.899,121561983.90054,0
1751324400000,2489.18,2493.66,2483.49,2484.30,67718.807,1751327999999,168456815.74832,69022,31146.323,77486108.29630,0
