timestamp,open,high,low,close,volume,close_time,quote_volume,trades,taker_buy_base,taker_buy_quote,ignore
1782864000000,1571.48,1576.17,1565.30,1574.35,85846.826,1782867599999,134855485.74143,140484,42586.498,66911085.04343,0
1782867600000,1574.36,1585.95,1552.03,1577.22,372787.881,1782871199999,585023287.89909,505388,185051.992,290709035.18713,0
1782871200000,1577.21,1588.92,1573.68,1585.71,196266.416,1782874799999,310764935.45375,241701,109686.610,173689363.20482,0
1782874800000,1585.72,1598.98,1581.68,1594.07,239208.850,1782878399999,380325016.27912,246706,123465.949,196358423.10817,0
1782878400000,1594.08,1604.40,1590.06,1598.57,155440.852,1782881999999,248218282.67221,180772,82832.117,132297954.79485,0
1782882000000,1598.57,1600.21,1590.49,1591.89,139435.389,1782885599999,222302973.70679,127393,58484.990,93233879.67244,0
1782885600000,1591.89,1592.39,1570.43,1575.48,312922.323,1782889199999,493990588.01726,266939,149473.798,235908857.49175,0
1782889200000,1575.48,1580.56,1571.49,1577.70,113951.028,1782892799999,179583589.98153,142843,62926.096,99177914.37762,0
1782892800000,1577.71,1581.75,1567.49,1581.75,158305.852,1782896399999,249120447.16059,184049,84267.109,132633152.14956,0
1782896400000,1581.74,1584.49,1577.71,1580.44,121400.740,1782899999999,191888648.64988,132159,61507.608,97221306.09484,0
1782900000000,1580.44,1581.09,1571.03,1572.66,94388.983,1782903599999,148655903.82410,106275,39821.987,62717196.98335,0
1782903600000,1572.67,1575.19,1565.94,1569.02,98885.875,1782907199999,155353482.57185,139993,41389.188,65034956.69153,0
1782907200000,1569.02,1571.91,1564.17,1569.39,152690.222,1782910799999,239366815.26121,220047,77844.316,122048006.59503,0
1782910800000,1569.40,1597.72,1569.02,1596.42,479078.370,1782914399999,758422586.17154,575433,269095.212,426038750.78353,0
1782914400000,1596.42,1616.60,1590.35,1600.44,662228.674,1782917999999,1062250755.46143,657277,323080.375,518147504.28040,0
1782918000000,1600.44,1630.72,1600.09,1619.26,555942.579,1782921599999,900326613.85250,486425,307268.038,497571351.76055,0
1782921600000,1619.27,1628.65,1611.03,1613.86,228643.701,1782925199999,370067700.67051,236334,105372.640,170653102.99055,0
1782925200000,1613.85,1624.32,1606.14,1622.10,210542.560,1782928799999,340151239.81551,234073,104757.505,169294001.15674,0
1782928800000,1622.11,1623.73,1611.09,1615.70,143148.108,1782932399999,231542096.86341,185527,69662.724,112682505.95553,0
1782932400000,1615.70,1623.36,1613.66,1617.14,101697.407,1782935999999,164589677.43991,156784,50512.804,81756438.35166,0
1782936000000,1617.14,1619.83,1609.35,1617.11,119723.300,1782939599999,193232393.19572,149905,61271.374,98901576.38360,0
1782939600000,1617.11,1638.40,1616.86,1631.19,226367.300,1782943199999,368493326.16992,219069,141971.057,231144788.90468,0
1782943200000,1631.17,1645.86,1619.38,1620.98,314756.042,1782946799999,513814826.64304,329286,147855.442,241507083.77066,0
1782946800000,1620.98,1620.98,1607.42,1608.87,156270.128,1782950399999,252119978.22304,207679,73859.201,119161148.75332,0
1782950400000,1608.87,1609.07,1596.14,1602.71,202353.728,1782953999999,324276105.63115,241494,102854.518,164825084.32843,0
1782954000000,1602.72,1624.65,1601.78,1619.88,203642.946,1782957599999,328566262.85124,233275,107937.609,174076366.26876,0
1782957600000,1619.89,1623.88,1613.59,1620.00,116727.804,1782961199999,189051504.79754,177825,56754.676,91937164.56706,0
1782961200000,1620.00,1643.47,1617.47,1638.85,308745.666,1782964799999,503575401.64603,297508,181170.266,295490170.89736,0
1782964800000,1638.84,1639.40,1629.26,1632.14,130700.823,1782968399999,213528218.69924,149283,57343.446,93683306.70952,0
1782968400000,1632.13,1634.39,1624.30,1625.97,96827.171,1782971999999,157714351.99724,125620,42379.324,69040254.78377,0
1782972000000,1625.96,1629.22,1616.54,1618.23,145570.963,1782975599999,236246896.60353,158787,71794.077,116531991.01667,0
1782975600000,1618.22,1619.19,1613.99,1615.56,144989.272,1782979199999,234316184.23786,139846,70081.334,113261964.96785,0
1782979200000,1615.55,1625.50,1614.51,1624.24,167410.695,1782982799999,271283859.61072,150010,97240.606,157570632.57486,0
1782982800000,1624.23,1652.00,1619.57,1642.63,552430.196,1782986399999,906169428.28467,427945,321426.188,527194141.85424,0
1782986400000,1642.63,1648.84,1640.66,1645.41,200683.029,1782989999999,330115202.87643,231458,84787.362,139466682.09890,0
1782990000000,1645.41,1654.36,1643.52,1649.41,270166.707,1782993599999,445261690.93505,251884,130712.950,215470609.13439,0
1782993600000,1649.42,1670.00,1646.89,1661.97,487392.868,1782997199999,808499008.31911,503754,267009.186,442975038.18734,0
1782997200000,1661.97,1713.89,1660.00,1710.16,1153757.159,1783000799999,1954659406.48410,942554,627720.781,1063475724.56381,0
1783000800000,1710.17,1725.00,1692.00,1700.97,684333.446,1783004399999,1168382396.00604,806352,340340.708,581496987.94126,0
1783004400000,1700.96,1702.94,1687.51,1696.32,245198.124,1783007999999,416037549.27947,370595,126173.076,214136586.87346,0
1783008000000,1696.33,1703.86,1685.04,1698.91,257285.250,1783011599999,435890416.34785,340901,133263.081,225832070.78670,0
1783011600000,1698.92,1704.69,1693.34,1694.97,128348.682,1783015199999,218075959.36712,219088,63100.883,107233367.19003,0
1783015200000,1694.97,1706.49,1694.35,1701.35,90856.364,1783018799999,154585958.49671,141685,45110.218,76763890.00119,0
1783018800000,1701.36,1704.96,1694.00,1699.42,115736.245,1783022399999,196721479.13721,154305,56327.272,95742201.19040,0
1783022400000,1699.41,1706.00,1695.33,1704.84,99752.153,1783025999999,169679979.15805,100119,55995.971,95249454.16295,0
1783026000000,1704.83,1705.29,1696.30,1699.38,91491.443,1783029599999,155668041.63184,64046,30995.249,52716971.75866,0
1783029600000,1699.39,1700.40,1693.10,1696.01,56268.542,1783033199999,95464473.98002,62988,29457.930,49978724.97726,0
1783033200000,1696.00,1701.36,1691.30,1699.90,66775.988,1783036799999,113258004.26777,97137,37253.919,63190099.21298,0
1783036800000,1699.89,1702.48,1693.68,1696.01,68579.757,1783040399999,116467669.67395,143708,32046.993,54422749.10450,0
1783040400000,1696.01,1718.39,1694.55,1711.53,238706.216,1783043999999,408337948.89323,305338,127159.214,217544881.68915,0
1783044000000,1711.52,1714.59,1695.30,1704.06,155266.611,1783047599999,264631349.69173,216301,74511.160,126986212.09857,0
1783047600000,1704.06,1711.44,1698.68,1705.61,104162.810,1783051199999,177743390.26915,135352,50015.050,85350616.07897,0
1783051200000,1705.61,1707.99,1701.74,1702.56,50543.195,1783054799999,86153614.14839,90947,25263.595,43064354.75670,0
1783054800000,1702.56,1721.78,1701.63,1714.17,144598.336,1783058399999,247771353.49127,185233,74351.666,127400931.32905,0
1783058400000,1714.16,1720.85,1712.04,1715.32,109109.722,1783061999999,187264747.63083,149124,52077.501,89382817.74441,0
1783062000000,1715.31,1721.97,1713.00,1717.00,101004.552,1783065599999,173476287.15317,115082,49513.082,85038328.55199,0
1783065600000,1717.00,1737.34,1714.90,1719.10,317161.591,1783069199999,547280413.33485,274752,177232.856,305959996.13659,0
1783069200000,1719.11,1731.00,1716.19,1725.63,175783.958,1783072799999,303206976.80313,198834,89910.552,155107794.90372,0
1783072800000,1725.63,1748.67,1725.49,1741.51,398985.966,1783076399999,693915096.74951,367743,221000.907,384375604.15819,0
1783076400000,1741.51,1747.65,1736.64,1741.66,176925.908,1783079999999,308176818.10181,229423,86914.776,151415470.69186,0
1783080000000,1741.66,1744.40,1730.57,1735.66,176108.065,1783083599999,305692313.01740,198355,85750.019,148861701.94964,0
1783083600000,1735.65,1753.36,1735.10,1747.40,265943.565,1783087199999,464096996.30880,276626,147749.145,257882772.14826,0
1783087200000,1747.40,1747.41,1728.03,1736.51,274265.995,1783090799999,475905976.90367,320488,122325.058,212280118.91280,0
1783090800000,1736.51,1745.52,1728.75,1730.37,261005.308,1783094399999,453083761.94971,287866,108964.673,189189387.94590,0
1783094400000,1730.38,1734.79,1726.85,1732.87,100977.038,1783097999999,174793392.55855,130754,50478.836,87393478.87860,0
1783098000000,1732.87,1741.41,1731.57,1737.53,125497.225,1783101599999,218003887.04834,125330,65396.164,113609033.33409,0
1783101600000,1737.54,1740.50,1735.49,1738.09,50856.889,1783105199999,88377599.10822,81744,27114.673,47121489.86362,0
1783105200000,1738.09,1752.97,1736.55,1744.78,236400.346,1783108799999,412652238.59746,184801,131518.737,229566249.36580,0
1783108800000,1744.79,1773.78,1742.76,1765.43,396968.035,1783112399999,698983011.65315,387206,234473.243,412812018.91615,0
1783112400000,1765.44,1775.50,1756.23,1762.87,168914.394,1783115999999,298123296.25558,222304,80315.858,141765590.37295,0
1783116000000,1762.88,1763.33,1755.16,1756.87,64892.177,1783119599999,114096886.89939,109337,30658.975,53909716.19745,0
1783119600000,1756.87,1761.42,1754.30,1757.41,48932.369,1783123199999,86024526.73515,86513,26836.297,47184793.74175,0
1783123200000,1757.41,1763.39,1755.57,1758.01,77483.968,1783126799999,136320290.01048,116539,40697.790,71611329.91159,0
1783126800000,1758.00,1758.01,1745.12,1747.13,146781.277,1783130399999,256742153.51275,168464,62326.706,109015847.58282,0
1783130400000,1747.13,1750.58,1743.09,1748.64,66367.894,1783133999999,115956673.67080,83267,36951.896,64575682.73549,0
1783134000000,1748.64,1755.97,1746.42,1753.14,79586.222,1783137599999,139401167.89246,96054,47558.096,83301846.26681,0
1783137600000,1753.14,1763.99,1751.26,1760.99,96498.297,1783141199999,169581831.83530,129145,51545.970,90587239.34435,0
1783141200000,1761.00,1761.00,1752.50,1755.32,72207.071,1783144799999,126786093.26571,92228,30349.502,53287163.56990,0
1783144800000,1755.33,1760.93,1750.51,1753.98,76540.731,1783148399999,134339600.06178,98916,35333.469,62027699.88442,0
1783148400000,1753.98,1758.99,1752.09,1757.42,64262.614,1783151999999,112821063.52818,81712,35009.846,61463260.81231,0
1783152000000,1757.43,1765.42,1756.59,1761.61,93166.685,1783155599999,164050678.58906,108431,50580.088,89077736.51844,0
1783155600000,1761.62,1762.42,1754.08,1757.33,62485.997,1783159199999,109844022.51200,85902,28437.993,49986649.52816,0
1783159200000,1757.33,1760.49,1756.22,1758.30,40411.821,1783162799999,71066980.56632,63867,20949.666,36841976.35563,0
1783162800000,1758.30,1759.68,1755.37,1757.27,43424.040,1783166399999,76310583.31119,59488,18872.975,33166677.60537,0
1783166400000,1757.28,1765.82,1757.27,1763.58,76379.721,1783169999999,134600776.90729,90306,38447.557,67759160.51701,0
1783170000000,1763.58,1778.29,1760.67,1763.17,184192.233,1783173599999,325617826.96743,192379,98891.067,174913794.49649,0
1783173600000,1763.18,1774.21,1763.02,1771.51,127491.611,1783177199999,225629181.47295,166922,67289.705,119085670.95083,0
1783177200000,1771.52,1799.00,1771.46,1790.43,515978.581,1783180799999,923033904.71582,512076,276770.890,495073578.40676,0
1783180800000,1790.44,1791.41,1782.38,1786.31,172544.631,1783184399999,308307545.51617,216043,82749.778,147877825.70005,0
1783184400000,1786.30,1808.00,1778.08,1798.83,334074.346,1783187999999,599061155.61481,343488,183518.137,329231415.50767,0
1783188000000,1798.84,1805.34,1791.00,1793.01,148635.655,1783191599999,267208277.57648,183653,71847.948,129178140.64301,0
1783191600000,1793.02,1797.04,1787.53,1792.00,89100.442,1783195199999,159724952.04327,125410,44373.503,79555139.70939,0
1783195200000,1792.00,1795.27,1782.80,1786.24,89403.581,1783198799999,159817915.16810,129013,40503.758,72410336.69215,0
1783198800000,1786.23,1793.68,1785.36,1788.38,52605.231,1783202399999,94149752.20169,81601,27588.263,49381726.55966,0
1783202400000,1788.37,1788.60,1781.33,1784.00,57535.467,1783205999999,102661279.72134,81781,24103.319,43012763.56245,0
1783206000000,1784.00,1784.82,1770.88,1779.94,147981.372,1783209599999,262934130.69517,152156,64581.880,114781726.85512,0
1783209600000,1779.94,1780.03,1767.90,1771.99,101254.877,1783213199999,179590168.33911,135934,43336.965,76877064.48297,0
1783213200000,1772.00,1773.97,1760.17,1765.83,171267.122,1783216799999,302373626.06868,179794,75562.930,133411804.46897,0
1783216800000,1765.83,1767.15,1756.04,1760.00,147502.023,1783220399999,259661205.56589,173229,74626.855,131384895.09157,0
1783220400000,1760.01,1763.16,1756.71,1760.65,71471.185,1783223999999,125817208.98528,96609,35095.438,61781970.77404,0
1783224000000,1760.65,1771.99,1759.21,1766.73,122239.131,1783227599999,215988714.56325,130781,70006.110,123690654.18514,0
1783227600000,1766.72,1767.01,1759.13,1765.19,76696.721,1783231199999,135267028.04033,96025,35381.087,62405977.27543,0
1783231200000,1765.19,1767.54,1761.02,1763.90,48452.882,1783234799999,85484346.06411,82471,24168.903,42644556.09177,0
1783234800000,1763.91,1771.51,1761.00,1769.17,81940.689,1783238399999,144705012.79318,99235,47656.721,84167197.12668,0
1783238400000,1769.18,1772.69,1765.64,1766.82,58182.870,1783241999999,102875913.84799,89958,25222.265,44601687.74378,0
1783242000000,1766.82,1767.05,1747.27,1757.37,239393.499,1783245599999,420289530.46301,214784,102729.564,180353480.79634,0
1783245600000,1757.37,1761.35,1754.28,1760.75,79158.546,1783249199999,139207630.15527,92602,41109.855,72301705.41422,0
1783249200000,1760.75,1764.52,1758.04,1759.39,59973.989,1783252799999,105632981.78223,81868,28265.797,49792304.11266,0
1783252800000,1759.39,1768.88,1755.15,1764.26,94792.848,1783256399999,167153430.61661,117108,51810.669,91373131.66555,0
1783256400000,1764.26,1767.04,1760.52,1765.49,55689.186,1783259999999,98242696.16094,83448,32293.740,56975770.83920,0
1783260000000,1765.48,1772.37,1764.00,1771.67,75655.636,1783263599999,133741297.10852,102108,43194.249,76369823.42936,0
1783263600000,1771.67,1781.18,1769.44,1773.89,190031.804,1783267199999,337295150.27153,188258,98972.729,175711847.67534,0
1783267200000,1773.88,1776.95,1769.46,1772.10,68426.233,1783270799999,121289344.31670,100029,31853.021,56476056.55400,0
1783270800000,1772.11,1786.11,1772.11,1778.53,150450.436,1783274399999,267756997.80631,152445,83902.153,149330653.57647,0
1783274400000,1778.52,1786.35,1776.72,1780.32,70600.062,1783277999999,125724552.21397,95251,36468.006,64953705.76745,0
1783278000000,1780.32,1783.83,1776.61,1780.67,47125.360,1783281599999,83913048.12543,80602,20154.863,35892722.88711,0
1783281600000,1780.66,1782.90,1775.03,1776.43,45895.924,1783285199999,81601648.86123,64013,17636.518,31360292.26971,0
1783285200000,1776.43,1792.99,1768.04,1786.11,192554.537,1783288799999,342685759.42374,182849,104381.748,185941515.72141,0
1783288800000,1786.12,1807.77,1783.36,1789.30,334994.892,1783292399999,601232162.63295,389896,178945.966,321316195.25064,0
1783292400000,1789.29,1802.17,1781.88,1785.07,168066.774,1783295999999,301189884.35325,235884,82062.256,147090822.27977,0
1783296000000,1785.07,1793.79,1772.84,1792.67,200672.379,1783299599999,357871595.69923,292319,103603.860,184855208.40832,0
1783299600000,1792.67,1798.40,1784.30,1785.43,127352.818,1783303199999,228100875.91687,252964,61268.081,109742927.05459,0
1783303200000,1785.43,1789.69,1778.63,1782.88,106978.713,1783306799999,190765189.57469,188416,50283.542,89671977.83314,0
1783306800000,1782.88,1784.48,1770.84,1778.92,140666.751,1783310399999,249944843.54241,193775,63009.594,111972856.03202,0
1783310400000,1778.93,1785.06,1775.25,1777.03,81429.567,1783313999999,144936874.73189,124016,42043.133,74849295.14659,0
1783314000000,1777.03,1777.52,1763.66,1773.42,191289.983,1783317599999,338693070.80275,212601,85626.759,151604581.41851,0
1783317600000,1773.41,1774.72,1768.42,1768.75,92364.068,1783321199999,163623475.47804,112761,41836.794,74125094.96712,0
1783321200000,1768.75,1774.83,1766.00,1771.42,98510.166,1783324799999,174453182.13571,117942,51611.060,91408492.63393,0
1783324800000,1771.43,1777.96,1762.14,1764.97,133021.717,1783328399999,235245964.65285,147454,60022.493,106179702.16296,0
1783328400000,1764.96,1765.38,1755.07,1757.93,172361.586,1783331999999,303276102.60868,155407,75698.619,133192184.34399,0
1783332000000,1757.93,1773.55,1757.30,1770.22,155010.134,1783335599999,273895574.41644,152811,84065.479,148523138.50686,0
1783335600000,1770.23,1774.77,1758.51,1758.51,141239.541,1783339199999,249697175.59578,152181,67392.458,119165978.97671,0
1783339200000,1758.51,1760.00,1734.50,1740.11,792058.678,1783342799999,1381774598.71604,668507,362893.665,633073308.88594,0
1783342800000,1740.11,1752.99,1728.30,1744.04,534960.274,1783346399999,930527446.10850,604256,268043.665,466266025.74153,0
1783346400000,1744.03,1762.58,1741.08,1751.08,291509.347,1783349999999,510526889.45635,446657,157110.307,275216867.41373,0
1783350000000,1751.09,1788.26,1750.77,1787.72,543835.414,1783353599999,963690442.21379,600885,298599.412,529228825.64511,0
1783353600000,1787.72,1804.50,1781.53,1791.90,534001.807,1783357199999,958057535.69460,565340,257040.947,461194892.30170,0
1783357200000,1791.90,1799.86,1786.53,1787.47,186681.712,1783360799999,334517367.69828,257002,92385.897,165610718.15787,0
1783360800000,1787.48,1795.71,1785.87,1791.91,101292.987,1783364399999,181453894.58343,156915,48372.805,86658869.98535,0
1783364400000,1791.91,1798.31,1790.40,1791.81,92408.107,1783367999999,165788006.06162,128978,39220.259,70373869.87329,0
1783368000000,1791.82,1795.70,1786.46,1792.30,78702.959,1783371599999,140936722.87277,112451,36387.680,65154678.24633,0
1783371600000,1792.30,1833.00,1791.62,1814.30,524612.163,1783375199999,953377164.42974,406114,294757.969,535667817.60525,0
1783375200000,1814.29,1816.11,1803.48,1805.54,110605.183,1783378799999,200166812.80712,144437,48225.906,87266343.27948,0
1783378800000,1805.54,1809.46,1796.59,1798.84,108816.882,1783382399999,196074240.28959,136665,49131.690,88547707.81262,0
1783382400000,1798.84,1809.87,1793.96,1802.80,138621.326,1783385999999,249727076.13502,204641,73233.070,131943466.36704,0
1783386000000,1802.79,1802.91,1786.59,1791.81,209545.124,1783389599999,375531195.73147,249664,98125.066,175851900.37447,0
1783389600000,1791.81,1793.68,1775.98,1777.69,225309.063,1783393199999,401574185.96122,237880,95399.278,170006897.96932,0
1783393200000,1777.69,1780.82,1766.80,1770.70,169873.785,1783396799999,301216646.18705,197998,72207.270,128061039.16923,0
1783396800000,1770.70,1772.81,1761.59,1765.67,149319.800,1783400399999,263894730.93801,156332,67769.852,119787047.98727,0
1783400400000,1765.67,1772.77,1756.62,1769.67,207822.349,1783403999999,366718743.61827,191992,112056.409,197795786.18817,0
1783404000000,1769.68,1782.23,1763.91,1778.48,193789.402,1783407599999,343742153.95914,167533,111598.359,198017647.48084,0
1783407600000,1778.47,1782.00,1770.23,1770.54,138978.615,1783411199999,246763365.38410,139046,59589.006,105814669.69712,0
1783411200000,1770.54,1774.82,1767.29,1769.81,94199.815,1783414799999,166792666.65774,129056,44213.817,78290619.25162,0
1783414800000,1769.81,1782.30,1767.78,1777.30,122548.196,1783418399999,217564722.20663,129631,68175.153,121047161.44088,0
1783418400000,1777.30,1784.00,1773.28,1775.09,107963.999,1783421999999,192076096.22441,126744,51575.523,91774884.80095,0
1783422000000,1775.09,1784.34,1770.90,1779.90,98831.317,1783425599999,175676013.41821,126814,55500.631,98672532.52946,0
1783425600000,1779.91,1793.77,1779.51,1781.31,225156.682,1783429199999,402314702.40482,237524,111389.610,199059219.43265,0
1783429200000,1781.31,1782.71,1765.19,1768.05,332651.560,1783432799999,589687155.95773,478536,160407.414,284358162.98818,0
1783432800000,1768.04,1792.44,1760.01,1788.76,384496.091,1783436399999,682089433.04410,639825,194491.668,345160623.87113,0
1783436400000,1788.77,1802.86,1782.25,1796.66,314489.988,1783439999999,563800932.22895,486819,157924.747,283163225.60790,0
1783440000000,1796.67,1812.85,1791.39,1801.41,245275.824,1783443599999,441844035.90737,335253,128496.075,231553850.42280,0
1783443600000,1801.41,1809.74,1797.53,1809.67,122834.896,1783447199999,221580472.14191,217625,57821.451,104327301.50757,0
1783447200000,1809.68,1809.72,1785.01,1785.60,216154.218,1783450799999,388083315.71841,257344,84268.425,151287592.64368,0
1783450800000,1785.59,1791.48,1771.02,1789.59,273477.734,1783454399999,487457093.12465,334410,141098.052,251573900.02125,0
1783454400000,1789.59,1792.27,1780.43,1783.32,76133.929,1783457999999,135982827.00285,104272,30795.018,54997540.39870,0
1783458000000,1783.31,1788.61,1770.00,1772.84,128846.906,1783461599999,228928229.64803,164408,57774.223,102658794.45570,0
1783461600000,1772.85,1777.90,1764.50,1774.42,127308.499,1783465199999,225617509.73419,168790,70204.033,124453106.80342,0
1783465200000,1774.42,1780.39,1767.49,1770.67,67268.671,1783468799999,119364898.53657,87712,34803.844,61770580.99859,0
1783468800000,1770.67,1784.16,1769.03,1779.72,112270.274,1783472399999,199505239.46028,155255,57209.010,101649010.04387,0
1783472400000,1779.72,1780.14,1748.62,1755.11,327636.286,1783475999999,576368086.20424,309854,134398.119,236352077.66794,0
1783476000000,1755.10,1758.83,1740.40,1756.89,274999.143,1783479599999,481457847.28110,335713,140556.974,246155311.96684,0
1783479600000,1756.90,1763.14,1748.29,1750.78,130497.805,1783483199999,229223888.18778,169953,60146.132,105699373.05439,0
1783483200000,1750.78,1757.32,1748.34,1755.59,81671.963,1783486799999,143195276.39762,131952,44406.139,77869389.27442,0
1783486800000,1755.58,1759.00,1749.72,1753.34,66645.393,1783490399999,116900840.48217,129214,35521.520,62313764.80026,0
1783490400000,1753.34,1754.50,1745.51,1751.01,112465.241,1783493999999,196790636.91934,164248,53475.261,93581137.13363,0
1783494000000,1751.00,1756.60,1744.30,1755.74,132273.195,1783497599999,231618527.68168,158232,71301.797,124862198.29396,0
1783497600000,1755.74,1757.96,1724.31,1734.76,611429.527,1783501199999,1061138625.74273,617045,265572.264,460997739.36640,0
1783501200000,1734.76,1740.45,1729.17,1735.30,166742.305,1783504799999,289361505.01044,243063,89065.060,154603084.18035,0
1783504800000,1735.30,1741.78,1731.76,1738.67,92610.708,1783508399999,160923880.79214,132341,51659.355,89773553.75497,0
1783508400000,1738.67,1751.14,1735.20,1747.36,203730.917,1783511999999,355379624.24095,206064,119778.801,208902087.94767,0
1783512000000,1747.35,1750.68,1737.28,1737.79,156169.990,1783515599999,272427453.46530,175065,72144.654,125867171.38401,0
1783515600000,1737.78,1743.59,1730.27,1736.98,251232.938,1783519199999,436420665.29255,391636,132580.725,230331318.30578,0
1783519200000,1736.97,1740.32,1721.41,1728.88,357072.517,1783522799999,617744183.02143,481151,169472.180,293287293.98100,0
1783522800000,1728.88,1729.75,1712.45,1722.08,343509.355,1783526399999,590479273.36469,367708,156378.816,268796084.92394,0
1783526400000,1722.08,1737.70,1722.07,1735.61,199680.196,1783529999999,345474888.59294,256944,105898.167,183241837.93040,0
1783530000000,1735.60,1745.80,1729.93,1732.28,185717.322,1783533599999,322734779.13541,210618,88670.005,154104732.58917,0
1783533600000,1732.28,1740.48,1729.16,1736.69,99780.734,1783537199999,173169377.94278,168937,48539.152,84240612.61528,0
1783537200000,1736.69,1740.98,1732.54,1740.34,78366.898,1783540799999,136120403.89924,143877,45309.011,78706316.43473,0
1783540800000,1740.35,1740.70,1733.73,1735.72,56921.808,1783544399999,98852156.94385,92034,24390.131,42357471.89010,0
1783544400000,1735.73,1739.29,1730.52,1737.39,60531.167,1783547999999,105001558.31390,79064,31897.694,55334025.08455,0
1783548000000,1737.39,1742.79,1735.80,1740.50,42270.393,1783551599999,73518773.07376,84007,25081.352,43624300.79994,0
1783551600000,1740.51,1744.14,1737.84,1742.68,48627.352,1783555199999,84668607.54206,81169,24945.266,43437685.91479,0
1783555200000,1742.67,1743.99,1736.17,1737.40,64154.783,1783558799999,111632669.71814,116761,28270.248,49194392.93451,0
1783558800000,1737.40,1755.28,1728.84,1731.00,230257.352,1783562399999,401396324.49185,274820,122103.954,213029272.35642,0
1783562400000,1731.00,1738.90,1722.66,1726.51,153531.372,1783565999999,265598901.14925,203526,79429.148,137436999.41753,0
1783566000000,1726.52,1733.80,1720.53,1729.90,107848.289,1783569599999,186273066.25814,153503,54590.951,94302918.35439,0
1783569600000,1729.89,1743.07,1729.41,1741.69,101113.883,1783573199999,175629544.86564,137650,55530.829,96467985.67877,0
1783573200000,1741.68,1748.88,1736.72,1748.69,144342.853,1783576799999,251615987.30216,173714,79464.232,138567166.49836,0
1783576800000,1748.69,1754.96,1745.02,1754.51,175090.578,1783580399999,306617544.27689,189480,93426.331,163616563.17777,0
1783580400000,1754.51,1762.52,1749.90,1752.47,190376.629,1783583999999,334082752.72587,207388,97082.124,170422505.89319,0
1783584000000,1752.47,1758.30,1750.00,1753.56,87934.135,1783587599999,154282564.36870,117735,47315.673,83021059.73401,0
1783587600000,1753.56,1755.76,1748.54,1755.00,75066.316,1783591199999,131517455.18249,103526,32403.862,56780865.83366,0
1783591200000,1755.00,1756.77,1743.18,1745.46,93539.349,1783594799999,163595623.23771,109864,39464.218,69025288.00561,0
1783594800000,1745.47,1747.79,1740.26,1743.17,105606.403,1783598399999,184102146.60562,131766,49430.463,86179982.12518,0
1783598400000,1743.18,1746.68,1733.98,1740.79,253882.246,1783601999999,441790597.49364,292177,121835.627,212021729.66822,0
1783602000000,1740.79,1751.52,1735.00,1746.33,227508.746,1783605599999,396660735.20159,395829,123574.907,215452165.35270,0
1783605600000,1746.34,1749.26,1732.49,1742.42,220930.513,1783609199999,384154732.65321,368663,106948.642,186002216.13578,0
1783609200000,1742.42,1748.56,1736.53,1738.61,125545.301,1783612799999,218811454.96083,216932,59831.772,104296122.63262,0
1783612800000,1738.61,1743.00,1731.10,1738.20,120013.986,1783616399999,208374398.10784,172883,59058.148,102554183.04168,0
1783616400000,1738.21,1751.83,1737.62,1747.76,133903.590,1783619999999,233766272.77833,159221,76217.525,133073756.46676,0
1783620000000,1747.75,1759.65,1746.53,1750.70,202110.508,1783623599999,354350192.12956,227278,102884.478,180395395.63146,0
1783623600000,1750.71,1752.44,1746.00,1747.81,63471.586,1783627199999,110998284.22853,114044,32154.568,56237550.33952,0
1783627200000,1747.81,1749.69,1744.05,1747.94,55648.370,1783630799999,97206144.60829,83679,25610.065,44739191.88388,0
1783630800000,1747.94,1750.35,1744.25,1747.41,30669.938,1783634399999,53582505.73332,56879,15029.859,26260413.05360,0
1783634400000,1747.41,1750.37,1745.33,1746.60,34255.213,1783637999999,59880762.55264,78183,17463.468,30529493.86831,0
1783638000000,1746.60,1748.31,1740.65,1744.25,55442.517,1783641599999,96717884.09287,92758,23390.752,40806509.44659,0
1783641600000,1744.26,1745.86,1736.61,1742.25,92111.596,1783645199999,160344292.02676,155271,47790.931,83212177.22864,0
1783645200000,1742.26,1776.97,1737.24,1767.00,318335.948,1783648799999,561293053.68830,345048,171511.829,302241646.51653,0
1783648800000,1767.00,1774.43,1763.73,1772.11,170125.132,1783652399999,300827576.73398,236724,88325.004,156204452.25938,0
1783652400000,1772.11,1779.38,1768.44,1775.41,122953.746,1783655999999,218070370.58502,140792,65553.749,116288388.19371,0
1783656000000,1775.40,1779.91,1770.94,1773.90,102227.956,1783659599999,181548351.31153,117795,46444.005,82486499.78537,0
1783659600000,1773.89,1779.35,1771.51,1778.16,99294.613,1783663199999,176305516.39261,107485,47489.958,84318760.91268,0
1783663200000,1778.15,1779.21,1768.29,1770.28,136932.596,1783666799999,242661095.72013,106174,58940.142,104451504.73576,0
1783666800000,1770.28,1776.74,1767.71,1772.50,76782.173,1783670399999,136055741.24994,75155,36055.629,63891336.74629,0
1783670400000,1772.50,1788.97,1771.66,1783.21,213994.433,1783673999999,381617658.89943,212705,117129.856,208861286.25848,0
1783674000000,1783.21,1794.20,1780.30,1791.85,163472.492,1783677599999,292425716.34380,183823,88233.227,157866229.74069,0
1783677600000,1791.85,1803.24,1788.62,1796.07,195020.148,1783681199999,350345431.69986,193015,101609.328,182582528.08789,0
1783681200000,1796.07,1801.75,1793.48,1800.64,130841.523,1783684799999,235253424.81554,128238,64672.586,116290893.82704,0
1783684800000,1800.63,1806.82,1791.84,1793.17,172959.881,1783688399999,311205472.25806,174968,78225.374,140806528.65341,0
1783688400000,1793.16,1811.23,1792.65,1803.06,215136.183,1783691999999,387546471.65930,298001,115575.971,208232410.26067,0
1783692000000,1803.06,1803.98,1774.83,1784.26,410527.982,1783695599999,733444879.73708,468413,196268.858,350706454.37762,0
1783695600000,1784.27,1796.10,1783.07,1790.49,148257.581,1783699199999,265337698.42980,210998,78614.607,140701848.56104,0
1783699200000,1790.48,1798.86,1785.01,1796.66,111067.695,1783702799999,198993905.43837,165713,55589.956,99617422.09946,0
1783702800000,1796.66,1798.37,1787.35,1787.44,98704.909,1783706399999,176868736.43454,132138,45637.271,81779900.92449,0
1783706400000,1787.45,1793.07,1779.35,1784.17,102477.118,1783709999999,183061229.28526,112044,44433.046,79404410.16881,0
1783710000000,1784.17,1796.43,1783.43,1791.85,116523.012,1783713599999,208749558.97429,119088,59593.177,106743501.39519,0
1783713600000,1791.85,1793.64,1788.57,1789.28,63776.236,1783717199999,114225780.43735,75671,32857.303,58850878.82967,0
1783717200000,1789.28,1796.17,1788.88,1793.51,44132.192,1783720799999,79106432.36872,63507,24739.892,44343003.18687,0
1783720800000,1793.50,1795.90,1792.08,1794.28,33810.624,1783724399999,60656318.67275,61542,17652.951,31669608.13816,0
1783724400000,1794.28,1797.40,1791.56,1796.03,44583.348,1783727999999,80023604.41218,65705,23442.292,42078561.98157,0
1783728000000,1796.03,1796.36,1788.70,1792.57,46189.432,1783731599999,82778650.08785,67343,18306.624,32812309.45519,0
1783731600000,1792.57,1798.86,1787.68,1788.22,75871.175,1783735199999,135989397.93558,103309,38822.068,69584153.68477,0
1783735200000,1788.22,1795.42,1785.00,1794.93,55912.840,1783738799999,100133399.15269,74995,27454.912,49185094.53847,0
1783738800000,1794.93,1797.63,1791.66,1795.65,47476.969,1783742399999,85244464.76812,66696,23997.283,43092413.06491,0
1783742400000,1795.66,1799.91,1794.50,1795.84,36641.000,1783745999999,65832399.10358,55000,18216.687,32734255.18154,0
1783746000000,1795.85,1802.59,1794.28,1798.60,57749.729,1783749599999,103855709.10325,65069,30981.792,55723188.22261,0
1783749600000,1798.61,1802.76,1793.84,1798.40,65402.783,1783753199999,117659043.02189,72633,30719.467,55270650.81433,0
1783753200000,1798.39,1801.18,1797.28,1799.07,41216.605,1783756799999,74158913.98365,47969,20916.873,37635846.43090,0
1783756800000,1799.07,1802.99,1798.57,1800.72,36661.448,1783760399999,66019071.36972,45168,19871.059,35784490.93987,0
1783760400000,1800.72,1801.89,1794.24,1794.75,49523.828,1783763999999,89035017.55163,61721,21438.121,38543127.24512,0
1783764000000,1794.75,1798.61,1794.51,1797.63,42177.645,1783767599999,75782605.42745,44977,18148.815,32607080.36741,0
1783767600000,1797.62,1800.13,1796.39,1799.60,32935.206,1783771199999,59227719.31238,36501,15405.033,27706396.37320,0
1783771200000,1799.60,1800.78,1797.52,1799.44,26544.918,1783774799999,47759390.39829,36490,11611.975,20892935.93302,0
1783774800000,1799.44,1808.00,1798.17,1801.97,83084.515,1783778399999,149779688.10598,78492,45068.344,81255190.91827,0
1783778400000,1801.96,1818.90,1801.63,1809.81,238466.637,1783781999999,431777463.97011,198704,135425.941,245219811.92807,0
1783782000000,1809.81,1827.80,1807.70,1814.12,411667.160,1783785599999,748340567.99491,379584,216044.133,392803618.73003,0
1783785600000,1814.11,1823.49,1809.70,1822.45,164602.489,1783789199999,299076990.56211,203011,85765.062,155855261.18634,0
1783789200000,1822.45,1829.52,1817.41,1823.76,123369.714,1783792799999,225041682.79035,137611,63238.010,115385401.37462,0
1783792800000,1823.77,1829.41,1822.85,1825.33,92267.669,1783796399999,168452627.00642,99036,38857.474,70947334.71897,0
1783796400000,1825.33,1826.43,1818.50,1823.72,79313.988,1783799999999,144493667.14696,81604,35922.530,65445123.88325,0
1783800000000,1823.72,1827.90,1823.17,1825.32,37934.714,1783803599999,69241191.72776,49848,16604.400,30308728.93197,0
1783803600000,1825.32,1828.53,1821.84,1823.03,38677.149,1783807199999,70591392.56485,51232,17883.752,32641669.51353,0
1783807200000,1823.03,1823.41,1808.00,1812.88,147665.654,1783810799999,267887889.39406,140214,55055.579,99890597.15296,0
1783810800000,1812.88,1814.96,1785.01,1786.70,330316.259,1783814399999,593264255.71325,335435,146182.449,262613989.25566,0
1783814400000,1786.69,1790.48,1778.26,1788.23,227246.213,1783817999999,405656455.09135,253292,114216.006,203937857.77958,0
1783818000000,1788.23,1807.73,1787.23,1805.85,203998.445,1783821599999,367187669.41661,222203,117949.354,212251400.42677,0
1783821600000,1805.86,1806.74,1802.14,1804.19,64582.632,1783825199999,116527549.49079,97011,28417.545,51276243.81754,0
1783825200000,1804.18,1814.58,1801.25,1810.83,103180.899,1783828799999,186620944.33700,113427,57788.107,104546969.66558,0
1783828800000,1810.84,1811.85,1803.21,1805.06,77414.983,1783832399999,139901402.24954,89763,29623.028,53533779.44458,0
1783832400000,1805.07,1806.46,1800.27,1802.29,54935.447,1783835999999,99038490.49695,63626,24463.027,44102937.20407,0
1783836000000,1802.30,1802.30,1788.12,1794.27,161491.626,1783839599999,289721184.48742,175114,69001.434,123765728.35322,0
1783839600000,1794.27,1798.30,1793.31,1797.98,56777.789,1783843199999,102001563.44862,63364,27980.484,50266920.93782,0
1783843200000,1797.97,1808.30,1797.80,1804.28,107173.250,1783846799999,193327464.09732,110517,55858.364,100753306.77958,0
1783846800000,1804.29,1805.00,1795.40,1801.58,84276.122,1783850399999,151709536.21664,86403,40048.715,72098798.32833,0
1783850400000,1801.57,1801.92,1798.09,1798.66,65912.576,1783853999999,118636888.70262,66309,34612.522,62302340.12742,0
1783854000000,1798.66,1805.98,1795.51,1802.99,72809.604,1783857599999,131191488.85597,81923,37806.408,68137840.44965,0
1783857600000,1802.99,1808.90,1802.16,1806.17,63817.964,1783861199999,115225042.59350,82559,34768.127,62779072.02074,0
1783861200000,1806.16,1808.93,1804.42,1805.03,41315.966,1783864799999,74638921.27671,65627,19634.465,35473063.31808,0
1783864800000,1805.02,1823.32,1803.07,1818.73,155110.269,1783868399999,281396078.44134,146050,91274.989,165621563.14572,0
1783868400000,1818.72,1826.20,1815.66,1819.95,218738.211,1783871999999,398401062.45423,194312,111245.687,202662394.56955,0
1783872000000,1819.95,1823.43,1816.38,1820.85,99900.339,1783875599999,181803757.65217,113233,48159.396,87649384.53078,0
1783875600000,1820.85,1821.46,1813.69,1817.43,60264.619,1783879199999,109566235.07781,71377,24313.440,44204903.78958,0
1783879200000,1817.43,1821.74,1814.28,1820.78,60413.099,1783882799999,109836520.59297,72334,29630.465,53874499.57364,0
1783882800000,1820.78,1822.72,1817.68,1820.58,32218.616,1783886399999,58650801.76774,48307,15840.720,28838578.75737,0
1783886400000,1820.57,1823.40,1817.87,1820.42,31019.184,1783889999999,56469989.66641,46734,15502.817,28221186.45343,0
1783890000000,1820.41,1822.73,1810.50,1811.53,77060.724,1783893599999,139822742.78449,92309,30336.191,55044887.01064,0
1783893600000,1811.53,1811.53,1796.50,1804.03,212527.899,1783897199999,382933916.28315,263407,111009.517,200008203.68690,0
1783897200000,1804.02,1808.49,1800.02,1805.92,79490.600,1783900799999,143441385.70696,125521,46931.005,84691783.64509,0
1783900800000,1805.92,1848.00,1803.31,1825.60,718791.494,1783904399999,1313118882.16915,772192,374162.495,683866305.63322,0
1783904400000,1825.60,1829.34,1804.42,1805.74,298120.948,1783907999999,541447676.92806,434690,130250.005,236584518.40062,0
1783908000000,1805.74,1814.52,1798.00,1806.12,245929.477,1783911599999,444140635.15246,327447,122912.422,222051705.26292,0
1783911600000,1806.12,1806.13,1773.46,1779.76,552099.158,1783915199999,986403611.15887,509841,252508.710,451077927.60550,0
1783915200000,1779.77,1784.34,1775.28,1777.92,138380.551,1783918799999,246286171.31477,175309,70285.183,125105395.32552,0
1783918800000,1777.93,1785.72,1772.00,1780.87,197347.004,1783922399999,351258938.91865,225000,94298.076,167910085.84217,0
1783922400000,1780.87,1782.78,1775.00,1776.96,91892.750,1783925999999,163363146.76885,139130,45723.004,81290130.72900,0
1783926000000,1776.96,1790.50,1775.29,1786.74,157925.382,1783929599999,281781605.42467,154997,83903.096,149706346.02716,0
1783929600000,1786.74,1792.49,1782.82,1789.21,108396.892,1783933199999,193737662.11172,138163,50107.376,89560327.08965,0
1783933200000,1789.20,1789.57,1783.86,1784.80,60513.477,1783936799999,108098686.42563,73972,25212.511,45035339.34029,0
1783936800000,1784.80,1785.90,1776.01,1778.75,106773.047,1783940399999,190144491.03628,127111,45057.702,80247004.73358,0
1783940400000,1778.75,1783.92,1778.75,1779.90,72372.725,1783943999999,128935456.63100,103214,37361.311,66558917.12408,0
1783944000000,1779.90,1782.77,1766.06,1771.35,292896.204,1783947599999,519452757.67517,252678,136287.557,241760058.01225,0
1783947600000,1771.34,1775.65,1761.86,1770.61,285759.134,1783951199999,505282480.10385,360146,149150.024,263730588.54079,0
1783951200000,1770.61,1781.42,1761.63,1780.94,333068.149,1783954799999,590035160.72712,420126,163323.249,289477409.77700,0
1783954800000,1780.94,1785.97,1773.99,1775.90,149011.242,1783958399999,265175671.98706,201687,69581.358,123842520.17293,0
1783958400000,1775.90,1780.20,1766.19,1771.05,163182.685,1783961999999,289260506.87153,203540,80280.085,142318330.66043,0
1783962000000,1771.05,1775.37,1751.72,1752.69,304477.019,1783965599999,536535336.94048,285976,135134.866,238237046.83078,0
1783965600000,1752.70,1766.69,1748.00,1763.99,227640.586,1783969199999,399834844.68784,248244,124657.117,219038819.06210,0
1783969200000,1764.00,1774.33,1763.54,1773.86,103180.805,1783972799999,182465448.54270,137168,50637.533,89555318.82788,0
1783972800000,1773.86,1776.44,1760.57,1766.25,119963.474,1783976399999,212145398.53065,134391,51360.166,90822377.66574,0
1783976400000,1766.25,1766.36,1751.42,1760.80,100909.891,1783979999999,177389870.85870,129323,45336.437,79700532.83484,0
1783980000000,1760.80,1767.73,1755.55,1757.43,92520.129,1783983599999,163084707.29498,129062,41558.521,73282470.84704,0
1783983600000,1757.43,1777.73,1755.57,1776.00,162091.126,1783987199999,286773709.01975,167177,98286.689,173892109.89030,0
1783987200000,1776.00,1788.26,1772.52,1785.24,183992.562,1783990799999,327541325.36985,259386,112442.891,200186988.56133,0
1783990800000,1785.24,1793.90,1782.30,1783.96,175005.015,1783994399999,312779903.68790,192448,85444.893,152718258.77692,0
1783994400000,1783.97,1788.08,1774.15,1781.84,135108.080,1783997999999,240617897.94888,157245,67669.611,120543263.38001,0
1783998000000,1781.85,1783.43,1773.55,1782.99,69652.465,1784001599999,123876975.54463,118681,34872.201,62028091.26939,0
1784001600000,1783.00,1788.92,1781.51,1784.90,108078.013,1784005199999,192984118.47251,121775,58393.078,104269587.13001,0
1784005200000,1784.91,1792.77,1783.56,1786.24,108072.671,1784008799999,193289462.36025,124458,56688.331,101395363.18207,0
1784008800000,1786.24,1786.77,1781.02,1782.49,45440.094,1784012399999,81082225.87137,73036,20061.822,35804300.67105,0
1784012400000,1782.50,1785.89,1778.40,1780.00,84010.615,1784015999999,149663505.98953,112305,39888.700,71067304.45755,0
1784016000000,1780.00,1788.87,1777.61,1785.11,81962.488,1784019599999,146202594.31343,117446,42766.528,76301637.70780,0
1784019600000,1785.11,1788.83,1781.89,1785.29,80816.310,1784023199999,144317296.15477,95284,41838.436,74706268.34388,0
1784023200000,1785.29,1804.53,1785.20,1799.56,331111.960,1784026799999,594311479.67778,226794,212251.081,381075596.25890,0
1784026800000,1799.57,1802.22,1794.80,1797.04,134019.274,1784030399999,240950843.31417,133384,66199.606,119025762.60918,0
1784030400000,1797.03,1866.94,1793.34,1860.70,1155555.388,1784033999999,2115048217.53317,920797,651971.566,1193575849.48930,0
1784034000000,1860.70,1882.65,1854.01,1870.52,813617.172,1784037599999,1520583813.01713,875559,383948.631,717670998.74889,0
1784037600000,1870.52,1884.06,1858.33,1880.17,396920.832,1784041199999,741483742.59600,448992,201388.722,376381009.04238,0
1784041200000,1880.17,1887.99,1871.53,1874.38,344609.367,1784044799999,647582911.72247,419882,164163.205,308591111.34278,0
1784044800000,1874.37,1876.59,1867.60,1873.03,161500.243,1784048399999,302464464.37153,208640,81953.404,153501852.01889,0
1784048400000,1873.03,1873.04,1860.00,1870.87,175099.035,1784051999999,326858092.58685,206742,80164.173,149663649.58930,0
1784052000000,1870.87,1876.20,1867.36,1873.90,77000.267,1784055599999,144120206.87809,131944,38125.467,71363071.34632,0
1784055600000,1873.91,1881.09,1873.50,1875.86,99378.136,1784059199999,186522589.80396,141033,47913.436,89942565.21390,0
1784059200000,1875.85,1877.69,1873.07,1874.62,55854.905,1784062799999,104724402.78183,73992,26649.114,49966278.17042,0
1784062800000,1874.61,1879.00,1873.43,1875.44,62282.132,1784066399999,116865956.59075,78837,33240.060,62371839.63941,0
1784066400000,1875.44,1896.86,1871.07,1881.09,332420.416,1784069999999,626763976.28957,261079,193480.616,364837525.51248,0
1784070000000,1881.09,1892.49,1877.72,1891.12,98957.643,1784073599999,186635246.97961,143324,52049.880,98184762.35471,0
1784073600000,1891.12,1892.50,1877.02,1880.71,139598.737,1784077199999,262804627.78461,170479,64745.296,121877652.30251,0
1784077200000,1880.70,1881.24,1865.59,1869.33,164176.284,1784080799999,307250261.38677,171226,64560.653,120833942.06942,0
1784080800000,1869.34,1872.36,1863.32,1863.62,89162.980,1784084399999,166457145.57563,120436,42284.345,78949260.39418,0
1784084400000,1863.63,1878.33,1863.50,1875.32,116310.434,1784087999999,217671709.54207,126571,66385.083,124224891.09311,0
1784088000000,1875.31,1879.85,1872.38,1875.65,73548.757,1784091599999,138003809.88202,102235,37467.711,70308411.09578,0
1784091600000,1875.65,1882.86,1870.53,1881.71,89876.568,1784095199999,168566307.73787,118920,44540.112,83554899.18643,0
1784095200000,1881.72,1891.54,1874.16,1874.82,243302.098,1784098799999,458572724.16458,234518,124877.508,235450449.12298,0
1784098800000,1874.81,1876.37,1863.57,1869.13,198028.788,1784102399999,370203026.49233,172012,100834.347,188520847.80900,0
1784102400000,1869.13,1878.90,1869.08,1878.29,91108.831,1784105999999,170785988.70624,111915,48971.482,91804280.71674,0
1784106000000,1878.30,1885.66,1878.09,1879.08,120807.873,1784109599999,227283237.25262,129493,59002.414,111005411.54549,0
1784109600000,1879.08,1885.63,1874.00,1877.17,91050.265,1784113199999,171118996.06864,119508,46275.972,86968059.94044,0
1784113200000,1877.17,1885.00,1876.51,1883.64,78897.150,1784116799999,148387994.09396,96129,41808.208,78641984.27882,0
1784116800000,1883.63,1929.75,1878.47,1926.73,730267.548,1784120399999,1392166107.13953,535867,402091.311,766966742.31027,0
1784120400000,1926.73,1946.75,1916.40,1924.70,911972.327,1784123999999,1763310131.09962,840451,480134.402,928472289.98436,0
1784124000000,1924.70,1934.87,1918.16,1932.48,339456.697,1784127599999,654551311.31118,493458,168922.359,325752514.85265,0
1784127600000,1932.48,1938.00,1924.67,1930.97,208421.589,1784131199999,402640431.40307,290859,103397.053,199761557.63336,0
1784131200000,1930.97,1932.09,1903.37,1918.82,381316.986,1784134799999,730414602.96937,417249,192962.683,369668488.74970,0
1784134800000,1918.83,1930.80,1918.52,1927.18,153939.536,1784138399999,296102492.24437,211441,76553.666,147268313.69897,0
1784138400000,1927.19,1936.51,1921.88,1923.82,168983.458,1784141999999,326161833.15761,192954,74585.566,143986402.80019,0
1784142000000,1923.81,1928.47,1918.20,1923.20,106273.020,1784145599999,204430406.28464,159606,57117.656,109878995.00777,0
1784145600000,1923.20,1930.00,1918.64,1922.65,63674.742,1784149199999,122504105.92740,91652,32360.198,62267019.23585,0
1784149200000,1922.66,1924.99,1918.67,1921.29,35622.004,1784152799999,68451132.57941,71176,16875.488,32427324.85308,0
1784152800000,1921.28,1927.34,1917.30,1922.46,73439.195,1784156399999,141190570.67089,114747,38148.374,73351335.04004,0
1784156400000,1922.47,1926.28,1913.91,1916.91,83112.091,1784159999999,159434449.74010,120042,38406.590,73690082.17680,0
1784160000000,1916.91,1924.20,1910.74,1914.06,143655.460,1784163599999,275256516.36406,201681,67695.429,129730075.84457,0
1784163600000,1914.06,1925.41,1907.07,1921.84,118183.869,1784167199999,226422269.56833,179368,55971.371,107262892.96719,0
1784167200000,1921.85,1925.98,1917.91,1924.44,62791.215,1784170799999,120675302.90551,110028,28647.558,55066596.46227,0
1784170800000,1924.44,1928.34,1916.05,1917.94,98269.130,1784174399999,188931455.03464,120485,43911.540,84444857.01795,0
1784174400000,1917.94,1920.13,1912.74,1917.63,71545.616,1784177999999,137172793.07239,93573,36938.748,70824827.80609,0
1784178000000,1917.63,1926.98,1916.31,1924.79,89924.728,1784181599999,172924991.89661,128074,49478.587,95147596.56708,0
1784181600000,1924.80,1928.69,1914.50,1921.88,109124.593,1784185199999,209650189.40091,130272,48787.815,93733873.85221,0
1784185200000,1921.89,1921.89,1904.05,1909.91,220213.814,1784188799999,420689975.75688,197167,98876.925,188847518.91833,0
1784188800000,1909.91,1912.19,1873.63,1885.30,795192.497,1784192399999,1501814027.92371,546655,365841.927,690784182.22170,0
1784192400000,1885.30,1888.40,1879.07,1883.63,145445.726,1784195999999,274087490.92679,152722,72883.706,137366274.11408,0
1784196000000,1883.63,1890.88,1882.76,1887.57,116163.297,1784199599999,219200720.07463,115128,67170.485,126750343.15072,0
1784199600000,1887.57,1887.61,1878.10,1884.15,142383.740,1784203199999,268170146.63259,146586,66145.081,124594439.82706,0
1784203200000,1884.15,1884.23,1866.53,1871.73,296731.843,1784206799999,556234761.84118,268988,131351.004,246217488.56056,0
1784206800000,1871.73,1889.50,1870.00,1881.94,358679.101,1784210399999,674236089.54706,366077,193597.198,363878813.24533,0
1784210400000,1881.93,1892.56,1873.00,1882.85,310230.682,1784213999999,584891247.93906,373466,153605.077,289634855.98981,0
1784214000000,1882.86,1894.25,1870.11,1880.90,294698.456,1784217599999,554773654.41255,339413,154524.443,290937096.45321,0
1784217600000,1880.90,1882.42,1873.56,1878.09,117085.425,1784221199999,219841677.98430,227533,57463.289,107902049.26048,0
1784221200000,1878.09,1878.67,1860.00,1868.30,232062.798,1784224799999,433671701.40670,303009,100986.807,188777776.50393,0
1784224800000,1868.30,1879.00,1867.25,1875.16,101405.627,1784228399999,190010228.05870,166200,50956.107,95474041.80810,0
1784228400000,1875.15,1877.13,1870.30,1874.83,54121.662,1784231999999,101408136.27670,122336,28201.482,52841730.28377,0
1784232000000,1874.83,1874.99,1870.77,1871.01,51629.408,1784235599999,96691654.98842,84051,23183.111,43413496.13943,0
1784235600000,1871.01,1880.56,1871.01,1878.00,68524.503,1784239199999,128602431.60467,110807,39422.937,73990408.23537,0
1784239200000,1877.99,1880.97,1867.08,1868.20,95707.709,1784242799999,179313120.50215,121512,42402.575,79448523.57831,0
1784242800000,1868.19,1869.94,1855.38,1863.73,220028.585,1784246399999,409539485.84793,219658,106124.238,197548671.00311,0
1784246400000,1863.73,1866.15,1845.85,1865.00,244135.278,1784249999999,453315971.12682,283815,108832.240,202162541.48783,0
1784250000000,1865.00,1870.44,1847.00,1850.22,202907.966,1784253599999,377274306.00239,286993,99839.120,185648076.01235,0
1784253600000,1850.22,1854.70,1842.10,1847.31,189648.932,1784257199999,350433817.38435,257710,83299.055,153967190.99539,0
1784257200000,1847.31,1859.31,1846.43,1851.75,147027.530,1784260799999,272567206.40709,170650,75532.271,140054930.85403,0
1784260800000,1851.75,1852.37,1843.01,1849.28,109480.814,1784264399999,202277942.46128,155997,58442.306,107983033.45709,0
1784264400000,1849.29,1849.29,1820.39,1823.21,397270.301,1784267999999,727930953.43290,346193,159252.713,291770089.94306,0
1784268000000,1823.22,1835.81,1819.90,1831.57,256167.081,1784271599999,468491283.83295,218491,122880.379,224752185.16497,0
1784271600000,1831.58,1832.86,1825.35,1827.37,104679.219,1784275199999,191473847.29513,129264,47964.314,87741801.58543,0
1784275200000,1827.37,1831.77,1820.10,1829.18,145828.532,1784278799999,266269019.91506,176565,73339.685,133938901.50167,0
1784278800000,1829.19,1835.35,1828.32,1834.19,87323.374,1784282399999,159964567.20944,115511,48263.281,88413251.81588,0
1784282400000,1834.19,1839.54,1833.29,1835.90,114231.820,1784285999999,209846847.05992,126360,60320.629,110818246.53733,0
1784286000000,1835.91,1842.65,1832.29,1838.32,107708.418,1784289599999,197977735.21843,111780,58259.816,107110079.32110,0
1784289600000,1838.33,1839.45,1826.49,1827.60,123976.335,1784293199999,227118501.46859,138000,52938.571,96972930.28640,0
1784293200000,1827.60,1828.34,1802.46,1824.72,551476.092,1784296799999,1000157189.77604,573500,256446.499,465156676.01436,0
1784296800000,1824.73,1833.19,1816.19,1821.16,284873.894,1784300399999,519945302.55323,435963,138093.890,252086443.82221,0
1784300400000,1821.16,1830.67,1809.38,1830.20,245281.136,1784303999999,446263969.65655,348119,132740.023,241568346.40282,0
1784304000000,1830.20,1839.88,1825.70,1835.07,242985.579,1784307599999,445488050.18867,249885,128664.754,235902059.82569,0
1784307600000,1835.07,1855.90,1835.07,1842.88,288962.015,1784311199999,533426870.53138,305994,156988.071,289802048.40657,0
1784311200000,1842.88,1849.00,1834.00,1846.08,153737.059,1784314799999,283093980.65496,211737,76541.525,140971302.39657,0
1784314800000,1846.08,1846.24,1834.85,1842.81,86547.619,1784318399999,159359658.69730,143372,40594.982,74751065.99331,0
1784318400000,1842.81,1845.26,1836.11,1842.04,64564.658,1784321999999,118786009.33104,89660,30310.291,55768597.20600,0
1784322000000,1842.03,1845.75,1839.80,1840.68,40204.686,1784325599999,74069887.47335,53796,18506.101,34096128.14122,0
1784325600000,1840.68,1843.03,1836.71,1839.20,39484.849,1784329199999,72614360.90459,52041,16544.965,30428049.40823,0
1784329200000,1839.19,1843.61,1834.20,1841.08,49656.652,1784332799999,91316791.42591,62554,22355.824,41121894.15257,0
1784332800000,1841.08,1844.20,1839.00,1839.99,36221.295,1784336399999,66687025.09258,58327,18786.146,34589361.97866,0
1784336400000,1839.98,1842.70,1838.47,1841.81,29601.950,1784339999999,54475476.15840,49532,14928.402,27472487.09088,0
1784340000000,1841.80,1845.99,1840.28,1841.12,49738.457,1784343599999,91669724.00074,60962,28900.042,53267876.37417,0
1784343600000,1841.11,1845.64,1840.61,1845.23,32036.111,1784347199999,59042301.35820,48843,20789.474,38317762.97905,0
1784347200000,1845.23,1845.44,1841.54,1843.91,25468.491,1784350799999,46946068.89965,38038,14460.697,26654276.20590,0
1784350800000,1843.90,1848.93,1842.25,1845.13,57611.201,1784354399999,106318450.15396,58946,32760.349,60458001.14825,0
1784354400000,1845.12,1847.11,1842.10,1844.00,31347.789,1784357999999,57811763.02152,40555,14034.734,25883882.44567,0
1784358000000,1844.00,1845.10,1842.13,1843.42,26103.756,1784361599999,48124642.53679,33311,12711.629,23434690.34043,0
1784361600000,1843.41,1848.67,1841.31,1846.73,55221.422,1784365199999,101928690.13049,52411,29383.494,54241913.83783,0
1784365200000,1846.73,1847.23,1842.01,1844.13,33119.955,1784368799999,61084852.47837,37636,14606.648,26935839.51279,0
1784368800000,1844.12,1845.94,1842.51,1844.73,28419.458,1784372399999,52412866.99101,28022,14637.699,26997457.74358,0
1784372400000,1844.73,1846.00,1843.55,1844.70,18784.264,1784375999999,34647558.61297,22468,9380.561,17302644.68086,0
1784376000000,1844.70,1849.71,1839.19,1844.12,104931.052,1784379599999,193461810.80550,91145,50606.652,93335744.32643,0
1784379600000,1844.11,1844.12,1836.36,1840.74,71314.817,1784383199999,131206147.23096,80238,32002.728,58883967.92752,0
1784383200000,1840.74,1845.55,1839.66,1844.98,60125.023,1784386799999,110850877.68700,62449,27973.743,51574380.63692,0
1784386800000,1844.98,1845.31,1841.00,1843.15,33267.081,1784390399999,61325547.02541,47137,15710.541,28965447.28328,0
1784390400000,1843.14,1846.48,1840.61,1845.21,54644.178,1784393999999,100727707.96017,61028,32953.907,60747127.45914,0
1784394000000,1845.22,1852.75,1842.48,1851.77,96418.578,1784397599999,178222322.68332,97755,55794.378,103153743.87829,0
1784397600000,1851.78,1867.00,1848.95,1856.70,199959.987,1784401199999,371460193.94064,161346,120856.479,224539314.25642,0
1784401200000,1856.69,1860.46,1854.74,1857.40,65729.458,1784404799999,122095116.03107,77515,32506.099,60388379.71142,0
1784404800000,1857.40,1862.98,1854.31,1856.32,62915.690,1784408399999,116917827.93620,72067,27434.659,50990159.40819,0
1784408400000,1856.32,1862.28,1854.77,1859.99,60222.516,1784411999999,111938746.88484,80550,35115.523,65270515.95584,0
1784412000000,1859.98,1864.74,1858.92,1862.57,49278.014,1784415599999,91756875.94126,72804,25579.439,47629527.11837,0
1784415600000,1862.56,1863.33,1859.00,1861.75,30195.361,1784419199999,56195608.24112,47800,14982.691,27883303.24679,0
1784419200000,1861.75,1862.85,1858.22,1860.50,45484.100,1784422799999,84625651.40334,49605,20700.498,38514612.28733,0
1784422800000,1860.50,1860.63,1857.51,1858.39,35309.366,1784426399999,65643058.21858,46305,17445.396,32432457.70266,0
1784426400000,1858.39,1876.91,1857.54,1870.78,181518.563,1784429999999,339440871.51270,175233,106769.703,199653398.02665,0
1784430000000,1870.77,1872.25,1863.00,1866.33,78469.202,1784433599999,146415100.57743,84328,37299.584,69589514.27445,0
1784433600000,1866.33,1869.56,1863.35,1866.46,40113.863,1784437199999,74866688.43494,53471,21267.831,39697067.36205,0
1784437200000,1866.47,1869.65,1864.75,1867.72,37186.455,1784440799999,69455419.07496,46406,18550.423,34646487.17636,0
1784440800000,1867.72,1870.73,1867.25,1868.40,32653.755,1784444399999,61022596.35484,44955,15323.449,28636823.58795,0
1784444400000,1868.41,1871.20,1866.00,1869.35,39292.539,1784447999999,73424947.97007,45677,20354.275,38037192.58927,0
1784448000000,1869.35,1874.75,1866.87,1872.99,55717.768,1784451599999,104200211.89378,57594,29993.158,56094754.40405,0
1784451600000,1873.00,1873.26,1864.55,1865.45,75153.511,1784455199999,140374514.29755,68796,28932.011,54032624.34889,0
1784455200000,1865.45,1878.76,1863.20,1871.65,106454.809,1784458799999,199223320.29548,97737,57555.827,107727715.27348,0
1784458800000,1871.64,1878.19,1869.00,1870.49,98161.324,1784462399999,183924826.60276,103843,49755.411,93237020.93782,0
1784462400000,1870.49,1873.74,1863.35,1869.58,135647.861,1784465999999,253411242.29211,136872,63553.004,118735827.54382,0
1784466000000,1869.59,1872.99,1865.10,1871.05,56571.544,1784469599999,105723683.17141,81806,28498.994,53257761.99641,0
1784469600000,1871.04,1878.50,1867.76,1873.93,97351.290,1784473199999,182341409.07924,115933,53557.946,100316814.44555,0
1784473200000,1873.93,1875.33,1868.20,1870.12,60772.378,1784476799999,113755348.28322,77864,30575.807,57224733.02637,0
1784476800000,1870.12,1872.87,1865.10,1865.90,54790.373,1784480399999,102363715.53948,82868,23964.837,44778619.20363,0
1784480400000,1865.90,1873.15,1855.84,1866.35,159412.427,1784483999999,297270313.63070,164128,70128.376,130823393.76482,0
1784484000000,1866.35,1866.95,1850.95,1860.31,146162.649,1784487599999,271719159.73545,194541,68372.348,127114063.06251,0
1784487600000,1860.32,1862.19,1853.80,1861.46,46934.380,1784491199999,87228129.75061,70249,25815.415,47983474.87570,0
1784491200000,1861.47,1866.53,1861.34,1866.48,40569.931,1784494799999,75612528.56839,65099,20946.097,39040896.30249,0
1784494800000,1866.48,1867.74,1856.39,1861.20,57378.607,1784498399999,106793529.41270,72637,29691.425,55259588.97968,0
1784498400000,1861.21,1876.46,1856.01,1869.61,186366.836,1784501999999,348243436.65902,267742,101289.528,189268515.79614,0
1784502000000,1869.61,1874.22,1863.87,1871.49,77304.825,1784505599999,144457922.16269,152737,38706.082,72327284.59507,0
1784505600000,1871.49,1891.20,1861.02,1871.29,374283.475,1784509199999,703053257.07510,422421,205581.491,386311878.95799,0
1784509200000,1871.29,1889.44,1864.63,1868.48,232925.794,1784512799999,437113267.18176,355038,116217.665,218057712.67183,0
1784512800000,1868.47,1882.55,1866.76,1878.12,183332.904,1784516399999,343900526.84908,282890,82576.517,154840918.25927,0
1784516400000,1878.13,1881.42,1869.81,1878.88,101703.354,1784519999999,190771889.33567,170887,50724.752,95127764.51979,0
1784520000000,1878.88,1879.25,1867.32,1868.00,120030.799,1784523599999,224769654.11934,162255,57529.536,107725037.93878,0
1784523600000,1868.00,1869.12,1850.40,1854.51,240986.015,1784527199999,447858069.67581,346758,110756.951,205855526.72343,0
1784527200000,1854.51,1859.09,1841.84,1848.71,232618.460,1784530799999,430163434.17213,290594,107095.081,198110950.91215,0
1784530800000,1848.71,1864.81,1848.11,1863.11,165906.209,1784534399999,308190144.97343,197285,86058.793,159848941.45217,0
1784534400000,1863.11,1867.95,1853.20,1859.96,197568.183,1784537999999,367625655.90313,191513,89888.581,167272484.21320,0
1784538000000,1859.95,1866.88,1856.93,1863.43,79003.509,1784541599999,147177036.44745,109300,38516.518,71754735.43985,0
1784541600000,1863.44,1871.92,1861.88,1867.98,78014.749,1784545199999,145707257.87291,113281,40009.349,74728673.35732,0
1784545200000,1867.97,1896.21,1866.94,1892.43,412630.917,1784548799999,777989826.64757,384665,236695.357,446256528.78568,0
1784548800000,1892.43,1892.95,1870.67,1872.43,288142.826,1784552399999,541422433.99439,279722,127115.715,238805464.36970,0
1784552400000,1872.43,1879.77,1856.34,1861.58,307243.753,1784555999999,574219825.94478,402659,150034.838,280464746.08443,0
1784556000000,1861.59,1871.17,1852.66,1867.41,212801.263,1784559599999,396239360.79177,395806,102369.094,190643110.47274,0
1784559600000,1867.42,1905.00,1866.47,1901.58,489810.228,1784563199999,925366735.02067,538076,270480.085,511095696.66335,0
1784563200000,1901.58,1906.38,1892.62,1898.55,302096.706,1784566799999,573627156.84084,303141,142298.300,270226292.98932,0
1784566800000,1898.55,1909.63,1894.64,1906.94,186655.116,1784570399999,355054187.11027,207912,110376.325,209967891.98639,0
1784570400000,1906.94,1917.92,1896.41,1898.53,294320.830,1784573999999,561691186.52990,285406,148926.575,284272477.18132,0
1784574000000,1898.53,1900.37,1888.62,1897.69,156052.552,1784577599999,295688620.86276,192122,82519.486,156362842.01849,0
1784577600000,1897.68,1906.11,1895.20,1903.96,77529.381,1784581199999,147460742.11765,109293,41495.476,78934815.45720,0
1784581200000,1903.97,1906.76,1900.80,1901.41,45377.073,1784584799999,86398399.95205,73034,20593.044,39211272.20337,0
1784584800000,1901.42,1901.71,1893.33,1894.75,80741.195,1784588399999,153110995.15910,94025,39656.870,75187567.48166,0
1784588400000,1894.75,1904.19,1894.23,1903.50,67965.447,1784591999999,129143557.75166,89503,35467.235,67374990.72209,0
1784592000000,1903.51,1917.23,1899.44,1914.05,132413.488,1784595599999,252793156.37295,216305,73735.706,140788631.82979,0
1784595600000,1914.04,1917.69,1906.08,1906.55,98756.282,1784599199999,188786994.20515,144374,41323.847,79003178.98072,0
1784599200000,1906.55,1924.58,1903.58,1916.45,129590.834,1784602799999,248086062.66367,155532,68257.518,130720627.56227,0
1784602800000,1916.45,1927.96,1916.05,1925.81,161963.187,1784606399999,311614858.69584,198620,86386.323,166215516.44406,0
1784606400000,1925.81,1931.00,1921.80,1923.70,128102.886,1784609999999,246697392.42835,138857,63186.579,121722061.75124,0
1784610000000,1923.70,1935.41,1920.90,1929.64,137594.574,1784613599999,265248988.98611,144368,74480.429,143612610.27286,0
1784613600000,1929.63,1939.14,1926.82,1934.07,167682.280,1784617199999,324316259.61507,174384,96652.398,186958636.34397,0
1784617200000,1934.07,1939.51,1932.35,1933.29,122300.390,1784620799999,236649331.24802,132424,64423.121,124669239.39524,0
1784620800000,1933.29,1953.64,1930.66,1939.00,426659.162,1784624399999,828580736.82433,293890,238546.702,463357552.20758,0
1784624400000,1939.01,1942.70,1935.55,1941.10,157498.217,1784627999999,305337375.73712,112185,94203.590,182640399.18102,0
1784628000000,1941.09,1945.98,1930.72,1932.99,146983.346,1784631599999,285000196.63130,151303,63731.792,123625737.80118,0
1784631600000,1933.00,1936.46,1925.28,1934.85,171426.191,1784635199999,330970715.49212,146797,85836.780,165745729.93415,0
1784635200000,1934.86,1944.58,1931.98,1941.75,175280.400,1784638799999,339972233.98395,174564,91904.031,178247982.02556,0
1784638800000,1941.75,1943.70,1926.18,1939.53,202586.395,1784642399999,392028317.62764,264360,103855.382,200968123.55697,0
1784642400000,1939.53,1943.30,1926.76,1930.90,195637.537,1784645999999,378591879.97096,272723,90355.235,174857792.83851,0
1784646000000,1930.90,1931.74,1922.58,1930.89,171443.937,1784649599999,330394504.02770,216686,89763.261,172997915.78740,0
1784649600000,1930.89,1934.58,1920.67,1925.57,134570.075,1784653199999,259198968.70930,165078,61294.638,118059402.60896,0
1784653200000,1925.57,1927.70,1912.44,1917.94,179072.591,1784656799999,343895736.90943,188644,64857.302,124579051.03966,0
1784656800000,1917.94,1922.27,1913.60,1919.24,95478.547,1784660399999,183197836.12683,140651,46106.564,88476296.71189,0
1784660400000,1919.23,1925.28,1917.32,1922.40,79256.913,1784663999999,152329688.31645,112317,42888.678,82429890.49382,0
1784664000000,1922.39,1925.34,1920.33,1922.26,52919.054,1784667599999,101733072.58414,66430,25778.854,49560283.16589,0
1784667600000,1922.26,1925.76,1918.63,1923.10,51587.104,1784671199999,99190112.95649,65508,26370.607,50701456.99838,0
1784671200000,1923.10,1923.10,1916.98,1919.75,51787.827,1784674799999,99444510.76277,83999,22741.105,43669264.47086,0
1784674800000,1919.75,1931.01,1915.51,1929.29,117155.804,1784678399999,225437960.48085,128389,76417.071,147102107.22696,0
1784678400000,1929.29,1943.98,1928.12,1938.55,233883.125,1784681999999,453006446.62486,252833,148263.558,287181257.08545,0
1784682000000,1938.55,1939.98,1927.10,1932.80,103188.244,1784685599999,199501754.28106,153386,47927.194,92662777.06667,0
1784685600000,1932.81,1935.77,1925.83,1929.35,58917.670,1784689199999,113720135.86943,128534,27637.474,53347373.51102,0
1784689200000,1929.34,1935.45,1925.80,1927.65,68640.366,1784692799999,132495066.10973,118606,31368.942,60556221.67730,0
1784692800000,1927.66,1938.50,1927.10,1935.79,66674.906,1784696399999,128986456.64343,98451,31751.797,61431027.23481,0
1784696400000,1935.79,1935.98,1917.15,1918.49,147320.369,1784699999999,283339882.20607,186948,63276.209,121686622.53387,0
1784700000000,1918.48,1920.01,1912.22,1916.49,120884.360,1784703599999,231634497.80937,168049,60608.446,116147564.18087,0
1784703600000,1916.49,1918.00,1909.32,1913.26,127126.249,1784707199999,243205305.43973,141823,58144.060,111243694.37188,0
1784707200000,1913.27,1924.21,1912.86,1920.26,112779.041,1784710799999,216510305.12006,125429,60918.908,116946574.82952,0
1784710800000,1920.27,1925.87,1918.39,1923.57,92175.982,1784714399999,177221892.95884,99001,52998.685,101910886.85629,0
1784714400000,1923.57,1932.90,1922.27,1929.88,114102.050,1784717999999,219982555.78347,120423,61140.844,117873379.63302,0
1784718000000,1929.89,1930.68,1921.37,1926.42,82281.860,1784721599999,158502074.27425,105128,39534.990,76149991.66574,0
1784721600000,1926.42,1926.63,1912.28,1916.09,117310.743,1784725199999,225203260.69108,149447,51126.092,98150064.53998,0
1784725200000,1916.10,1942.00,1915.84,1939.05,300318.387,1784728799999,580101086.55359,345684,164480.374,317691394.91442,0
1784728800000,1939.05,1958.75,1921.77,1932.40,485295.462,1784732399999,940636826.33157,497109,263890.554,511829661.82874,0
1784732400000,1932.39,1951.87,1932.00,1942.06,311191.235,1784735999999,604980981.03878,386227,158411.155,307956073.69574,0
1784736000000,1942.07,1955.80,1934.01,1949.00,284437.067,1784739599999,553868935.88465,317761,155033.215,302002638.49490,0
1784739600000,1949.00,1949.45,1933.85,1937.70,159697.246,1784743199999,309959730.08985,214594,74555.106,144698194.63902,0
1784743200000,1937.70,1939.28,1922.00,1929.61,203816.182,1784746799999,393276112.07007,231761,92359.546,178231586.17869,0
1784746800000,1929.62,1931.19,1919.70,1924.01,87858.244,1784750399999,169128632.02588,138199,44118.745,84941021.34561,0
1784750400000,1924.01,1929.49,1921.63,1925.79,56998.370,1784753999999,109778325.47910,118780,29056.502,55967647.61695,0
1784754000000,1925.78,1938.80,1925.68,1937.70,60794.561,1784757599999,117471593.24926,90356,33545.529,64806881.33154,0
1784757600000,1937.70,1938.25,1929.54,1937.34,69388.001,1784761199999,134180313.69119,110546,30722.503,59404282.77737,0
1784761200000,1937.33,1937.50,1922.37,1933.31,123005.286,1784764799999,237177537.30331,113253,64884.388,125075483.18591,0
1784764800000,1933.31,1940.66,1931.04,1931.04,94676.968,1784768399999,183237820.41390,140182,42577.571,82416551.64450,0
1784768400000,1931.04,1935.68,1925.51,1927.27,77968.450,1784771999999,150445538.86988,135963,37204.100,71784015.26831,0
1784772000000,1927.28,1928.56,1920.74,1926.50,69644.362,1784775599999,134060443.66377,111657,34705.233,66812868.88331,0
1784775600000,1926.51,1926.98,1916.49,1919.46,108828.512,1784779199999,208992962.99372,119265,42659.336,81922776.95899,0
1784779200000,1919.46,1925.00,1917.58,1918.78,76524.903,1784782799999,147008344.88885,90417,35809.576,68793185.88397,0
1784782800000,1918.79,1927.79,1917.15,1921.92,75585.883,1784786399999,145276416.83646,89766,40631.610,78095857.93937,0
1784786400000,1921.92,1925.88,1920.04,1924.40,46138.975,1784789999999,88741164.71092,67199,25877.330,49772026.55327,0
1784790000000,1924.40,1924.40,1911.44,1914.61,175062.793,1784793599999,335308928.56126,161588,84506.667,161854644.90573,0
1784793600000,1914.62,1926.49,1913.39,1925.53,113682.487,1784797199999,218341010.56199,106906,62292.251,119606280.28691,0
1784797200000,1925.53,1930.74,1922.37,1923.10,134516.528,1784800799999,259249679.48910,111491,64134.644,123622420.54933,0
1784800800000,1923.10,1929.35,1920.95,1927.04,65954.107,1784804399999,127015177.66953,76923,36186.114,69691719.10180,0
1784804400000,1927.05,1928.19,1923.36,1924.65,56010.322,1784807999999,107841913.74162,75353,25558.319,49209336.56236,0
1784808000000,1924.64,1926.93,1893.17,1903.50,472351.506,1784811599999,900319470.55108,376422,207576.727,395648677.84133,0
1784811600000,1903.50,1908.00,1894.10,1897.69,294884.812,1784815199999,560701500.44293,386053,145917.325,277468477.29684,0
1784815200000,1897.69,1906.24,1890.72,1895.42,238750.651,1784818799999,453283120.05788,307148,109934.228,208791741.62859,0
1784818800000,1895.42,1897.00,1882.00,1894.49,409921.954,1784822399999,774751180.14447,343350,190330.557,359752458.92006,0
1784822400000,1894.49,1894.70,1883.45,1886.98,205689.405,1784825999999,388370872.00871,181451,86197.745,162738376.85747,0
1784826000000,1886.98,1891.34,1872.95,1877.73,196154.764,1784829599999,369256479.65053,195143,81471.241,153486761.32787,0
1784829600000,1877.73,1883.48,1875.00,1880.30,123244.106,1784833199999,231571464.90299,160057,63462.909,119258019.01468,0
1784833200000,1880.30,1882.67,1868.18,1874.74,150662.457,1784836799999,282397367.11184,172496,73015.493,136885497.46726,0
1784836800000,1874.74,1887.98,1873.93,1885.00,97113.225,1784840399999,182892092.91821,107576,57661.770,108597563.33951,0
1784840400000,1884.99,1887.95,1879.62,1881.64,58397.705,1784843999999,109960589.93515,77352,27008.515,50859690.35367,0
1784844000000,1881.64,1883.30,1873.00,1882.43,82866.821,1784847599999,155665523.72721,97924,33826.857,63562939.20174,0
1784847600000,1882.43,1883.80,1874.62,1877.42,49203.359,1784851199999,92501627.32587,77954,23954.505,45041985.10153,0
1784851200000,1877.42,1878.18,1858.00,1870.66,260220.237,1784854799999,485982879.84775,250212,112412.555,210005214.59129,0
1784854800000,1870.66,1876.98,1869.54,1871.96,88964.565,1784858399999,166689344.59995,158346,50037.721,93763223.60285,0
1784858400000,1871.96,1877.86,1863.68,1868.84,89259.403,1784861999999,166904041.69391,153537,47726.352,89259413.90904,0
1784862000000,1868.83,1881.07,1867.46,1879.71,123597.074,1784865599999,231999126.51065,148998,71903.583,134973167.40468,0
1784865600000,1879.70,1881.17,1873.84,1875.05,53960.665,1784869199999,101314629.74664,80564,23398.813,43935298.52786,0
1784869200000,1875.04,1881.42,1872.47,1880.15,106749.314,1784872799999,200553083.36340,80577,54929.881,103192847.57580,0
1784872800000,1880.14,1887.57,1878.02,1887.28,140240.793,1784876399999,264148587.89975,109825,70373.231,132596277.28699,0
1784876400000,1887.28,1909.32,1887.27,1895.00,474376.982,1784879999999,900421104.36282,312350,266226.273,505337867.70178,0
1784880000000,1895.00,1895.00,1885.18,1887.07,98241.525,1784883599999,185740165.21714,103608,38759.990,73279558.80514,0
1784883600000,1887.06,1887.89,1875.95,1887.07,146349.071,1784887199999,275575680.08428,150158,65418.991,123196957.26203,0
1784887200000,1887.08,1887.91,1879.29,1882.80,57188.452,1784890799999,107727301.74724,83013,25614.065,48248800.21155,0
1784890800000,1882.80,1883.78,1875.22,1883.03,103864.975,1784894399999,195269619.38838,130597,51699.545,97214551.90168,0
1784894400000,1883.02,1885.20,1871.00,1871.89,130121.557,1784897999999,244296591.00419,146251,52663.287,98910104.27763,0
1784898000000,1871.90,1874.62,1847.00,1856.83,520370.014,1784901599999,967898368.10938,501975,232604.633,432688882.38172,0
1784901600000,1856.82,1862.30,1846.17,1861.92,318953.313,1784905199999,591644079.58988,387179,155099.490,287776972.53750,0
1784905200000,1861.91,1868.71,1853.00,1861.28,238297.372,1784908799999,443830367.56645,280810,114299.924,212917748.55320,0
1784908800000,1861.28,1865.26,1852.56,1856.74,120332.457,1784912399999,223609867.99784,142263,52414.610,97395281.82655,0
1784912400000,1856.75,1865.71,1854.21,1865.69,91106.237,1784915999999,169497680.83393,119206,50908.984,94712895.42314,0
1784916000000,1865.68,1865.81,1857.68,1861.76,72744.079,1784919599999,135430649.72030,82816,35105.299,65359357.52180,0
1784919600000,1861.75,1863.97,1856.97,1862.74,50166.896,1784923199999,93344203.94504,90374,28794.047,53579633.25360,0
1784923200000,1862.75,1864.51,1857.30,1860.05,49085.347,1784926799999,91342642.61419,62011,19960.301,37151308.60816,0
1784926800000,1860.04,1860.88,1856.10,1856.69,43307.631,1784930399999,80512803.79629,65165,22128.869,41141293.40398,0
1784930400000,1856.69,1860.82,1855.75,1858.75,32029.724,1784933999999,59528771.05439,46236,14711.035,27339819.10516,0
1784934000000,1858.75,1860.98,1858.13,1860.57,22767.498,1784937599999,42339997.81304,34684,11056.086,20560772.78949,0
1784937600000,1860.58,1863.86,1855.81,1859.36,76506.485,1784941199999,142280465.14603,66959,37401.853,69560183.09806,0
1784941200000,1859.35,1862.77,1855.96,1859.27,40202.157,1784944799999,74742290.13914,52063,17983.355,33435424.09195,0
1784944800000,1859.27,1860.89,1857.41,1858.58,22995.782,1784948399999,42745875.44636,38875,9624.355,17889797.94865,0
1784948400000,1858.58,1859.70,1854.27,1857.83,28826.613,1784951999999,53547017.55654,46980,14019.559,26044065.44439,0
1784952000000,1857.84,1861.84,1857.65,1860.44,24169.322,1784955599999,44952435.42019,36145,12210.704,22712035.91291,0
1784955600000,1860.43,1862.20,1856.00,1857.57,33686.386,1784959199999,62599599.65870,42582,15930.006,29603406.28563,0
1784959200000,1857.57,1859.41,1853.44,1857.64,48543.398,1784962799999,90103189.35669,55998,22165.053,41145520.45720,0
1784962800000,1857.65,1857.91,1854.99,1855.11,19484.150,1784966399999,36170391.95878,27741,8406.795,15607105.05480,0
1784966400000,1855.10,1855.33,1850.26,1852.89,63650.093,1784969999999,117959098.89528,68783,25243.994,46786090.08253,0
1784970000000,1852.89,1858.19,1850.74,1857.50,40409.343,1784973599999,74944199.65145,46936,23018.565,42696100.25637,0
1784973600000,1857.50,1858.50,1855.71,1857.72,27332.041,1784977199999,50760616.22681,35445,14052.228,26097899.04679,0
1784977200000,1857.72,1859.38,1856.56,1857.05,23986.615,1784980799999,44570048.61736,36323,10512.674,19533668.18329,0
1784980800000,1857.04,1859.78,1856.05,1859.51,25204.110,1784984399999,46817363.27393,37572,13731.465,25507739.96288,0
1784984400000,1859.50,1871.73,1859.11,1866.38,162079.173,1784987999999,302354573.81050,114332,96219.296,179515743.17417,0
1784988000000,1866.37,1868.52,1864.06,1867.88,48403.080,1784991599999,90330348.07964,59478,23628.483,44100358.70387,0
1784991600000,1867.88,1870.68,1866.30,1867.03,50418.590,1784995199999,94200057.57731,67484,25374.761,47415454.35081,0
1784995200000,1867.04,1870.23,1863.54,1867.19,54148.097,1784998799999,101079056.72420,63355,24033.754,44862595.74058,0
1784998800000,1867.19,1874.43,1867.17,1872.29,87663.278,1785002399999,164089791.90121,86523,48450.604,90695468.07163,0
1785002400000,1872.29,1876.42,1871.37,1874.39,61782.403,1785005999999,115770768.08716,72950,30312.878,56808565.28961,0
1785006000000,1874.38,1875.63,1873.16,1873.80,27548.861,1785009599999,51638517.21063,40823,12574.376,23570377.11554,0
1785009600000,1873.80,1873.97,1869.65,1871.26,33903.021,1785013199999,63435085.35431,38056,10919.548,20432276.74094,0
1785013200000,1871.26,1875.26,1866.59,1871.70,46425.008,1785016799999,86841469.28565,54623,23968.267,44842379.06176,0
1785016800000,1871.69,1876.25,1871.41,1875.01,27029.945,1785020399999,50653667.48152,40087,15457.757,28968366.75819,0
1785020400000,1875.01,1875.43,1872.63,1873.92,22227.469,1785023999999,41652606.26181,29623,9825.353,18412797.50049,0
1785024000000,1873.93,1880.93,1873.00,1880.18,62423.111,1785027599999,117210086.73406,70550,36332.707,68225961.24239,0
1785027600000,1880.17,1880.95,1876.94,1877.80,42294.491,1785031199999,79464753.96453,50320,19806.100,37213219.90793,0
1785031200000,1877.79,1880.87,1876.01,1880.10,27992.886,1785034799999,52579739.28050,41422,16174.582,30383602.27706,0
1785034800000,1880.09,1883.17,1878.02,1881.40,46665.509,1785038399999,87793882.09770,52269,26537.119,49926713.43933,0
1785038400000,1881.40,1888.67,1878.97,1885.38,84159.313,1785041999999,158581809.70335,81731,46997.663,88576830.77230,0
1785042000000,1885.38,1886.60,1881.44,1882.52,49568.546,1785045599999,93394402.93455,53636,19249.849,36272461.54215,0
1785045600000,1882.53,1884.55,1877.24,1884.07,74298.935,1785049199999,139736731.47501,68656,31277.928,58828039.70691,0
1785049200000,1884.07,1885.52,1879.62,1880.85,41692.864,1785052799999,78484049.69291,46235,18495.715,34820486.10191,0
1785052800000,1880.85,1881.76,1878.27,1880.57,35731.125,1785056399999,67175112.90711,36894,17545.424,32987119.20396,0
1785056400000,1880.57,1884.91,1880.49,1882.99,42399.716,1785059999999,79833459.63934,39701,20775.131,39115764.17998,0
1785060000000,1882.99,1887.00,1881.07,1885.24,39404.631,1785063599999,74258701.64627,41693,20671.133,38955393.06772,0
1785063600000,1885.23,1887.00,1883.76,1884.99,37741.931,1785067199999,71169052.40123,39533,17269.587,32566649.22100,0
1785067200000,1885.00,1893.00,1884.71,1885.49,119359.810,1785070799999,225459512.29190,87984,65716.922,124155758.45340,0
1785070800000,1885.48,1888.00,1880.66,1885.71,82498.679,1785074399999,155469717.29274,71310,39426.121,74306344.00387,0
1785074400000,1885.71,1899.90,1885.70,1897.82,217477.247,1785077999999,412000776.14008,181239,122985.203,232993464.81894,0
1785078000000,1897.82,1917.45,1897.03,1913.75,330536.148,1785081599999,630828950.36600,283175,176531.472,336866461.38326,0
1785081600000,1913.76,1927.90,1907.99,1915.50,275826.396,1785085199999,529174505.60387,239581,147154.748,282339609.01046,0
1785085200000,1915.50,1917.16,1909.81,1910.55,90985.814,1785088799999,174081815.14786,102097,39366.509,75325518.02164,0
1785088800000,1910.56,1916.14,1910.17,1913.72,42635.218,1785092399999,81553283.88688,55513,26363.840,50431095.45117,0
1785092400000,1913.73,1915.19,1911.21,1913.42,30158.006,1785095999999,57700777.50350,44064,14676.556,28080484.54208,0
1785096000000,1913.43,1913.93,1910.55,1912.85,27540.734,1785099599999,52659844.74874,36128,11533.593,22053874.42160,0
1785099600000,1912.86,1930.44,1912.85,1925.23,117187.261,1785103199999,225345268.43010,126974,74205.844,142711273.66219,0
1785103200000,1925.24,1953.61,1925.24,1949.12,396561.731,1785106799999,769886281.89249,361552,234035.912,454356699.32259,0
1785106800000,1949.11,1966.97,1945.30,1953.79,362816.737,1785110399999,709608403.90834,341024,189614.466,370904465.07708,0
1785110400000,1953.80,1954.83,1938.53,1941.68,174240.675,1785113999999,338966452.85595,210545,81811.199,159157847.87286,0
1785114000000,1941.68,1947.89,1935.29,1947.58,144920.972,1785117599999,281550854.21581,185880,71477.682,138911067.07836,0
1785117600000,1947.58,1948.58,1940.77,1942.52,97221.912,1785121199999,189124442.27798,129714,44845.800,87255698.87353,0
1785121200000,1942.52,1951.65,1941.43,1948.92,71704.218,1785124799999,139535857.08275,94462,45044.051,87677608.73558,0
1785124800000,1948.92,1962.50,1947.66,1952.60,208532.305,1785128399999,407448572.73406,197083,109602.880,214161355.25397,0
1785128400000,1952.61,1969.99,1951.66,1964.50,147809.652,1785131999999,289745577.65223,159290,82676.517,162131515.31432,0
1785132000000,1964.51,1982.00,1962.56,1967.50,279511.749,1785135599999,550824294.46683,288549,148482.836,292709931.95478,0
1785135600000,1967.51,1970.75,1958.89,1963.58,135496.385,1785139199999,266389539.62083,166306,59387.506,116782078.89319,0
1785139200000,1963.59,1967.99,1961.00,1963.40,111681.615,1785142799999,219424704.83370,144141,58567.767,115073486.95382,0
1785142800000,1963.39,1967.81,1955.46,1964.33,144070.698,1785146399999,282469018.40515,162372,75592.472,148212998.59283,0
1785146400000,1964.33,1971.62,1962.74,1966.66,86378.349,1785149999999,169928193.46381,106981,47699.702,93843584.92863,0
1785150000000,1966.66,1966.66,1957.10,1958.76,82446.354,1785153599999,161673950.74967,110932,36034.832,70660981.62542,0
1785153600000,1958.77,1963.64,1941.80,1956.56,272109.453,1785157199999,531049240.72719,258565,132140.463,257917057.63559,0
1785157200000,1956.57,1977.58,1949.75,1960.13,392517.662,1785160799999,771309380.29853,515758,200289.222,393598437.55465,0
1785160800000,1960.12,1965.81,1917.90,1931.28,727953.955,1785164399999,1409620904.62919,792317,339223.258,657067632.47933,0
1785164400000,1931.28,1936.97,1923.25,1926.77,206950.057,1785167999999,399360646.63329,361708,104103.516,200922250.33006,0
1785168000000,1926.77,1946.12,1921.43,1939.76,236797.760,1785171599999,458421521.55557,311067,128836.913,249445082.39043,0
1785171600000,1939.76,1945.37,1934.12,1942.81,92488.111,1785175199999,179494642.47683,174134,44541.817,86448213.72690,0
1785175200000,1942.81,1943.72,1928.10,1938.22,119707.028,1785178799999,231620539.80863,172919,62182.932,120322618.19838,0
1785178800000,1938.23,1954.48,1936.87,1947.42,170270.249,1785182399999,331620001.78102,208017,80273.755,156324074.90241,0
1785182400000,1947.43,1949.64,1942.57,1945.94,53287.413,1785185999999,103681072.83331,80228,26250.160,51081776.08849,0
1785186000000,1945.94,1949.43,1939.27,1941.23,57149.702,1785189599999,111114028.70106,90455,26017.427,50588618.26568,0
1785189600000,1941.24,1941.29,1890.72,1892.47,425052.830,1785193199999,813362426.44881,400290,165692.762,317061973.31666,0
1785193200000,1892.47,1895.16,1881.16,1891.44,312660.929,1785196799999,590572820.76659,371632,160159.476,302562413.08568,0
1785196800000,1891.43,1893.33,1875.25,1877.80,232707.497,1785200399999,438220445.53643,314717,108036.611,203463503.13184,0
1785200400000,1877.80,1881.72,1865.00,1874.89,268218.153,1785203999999,502500696.44379,317287,125661.855,235473109.77709,0
1785204000000,1874.89,1879.60,1870.41,1874.77,104848.093,1785207599999,196628303.84351,149634,55592.031,104271404.69012,0
1785207600000,1874.76,1882.49,1872.05,1880.35,113490.515,1785211199999,213164427.85396,140050,60073.031,112827971.44684,0
1785211200000,1880.35,1881.74,1875.43,1878.32,89682.929,1785214799999,168487105.88916,110010,44665.139,83911274.68534,0
1785214800000,1878.32,1888.58,1877.26,1882.03,119463.743,1785218399999,225137726.42427,149773,61140.041,115222743.62230,0
1785218400000,1882.04,1888.02,1877.46,1887.61,94783.428,1785221999999,178418662.07570,121376,48179.079,90724627.21762,0
1785222000000,1887.62,1888.08,1879.74,1882.75,70941.201,1785225599999,133651588.00911,99600,29788.319,56121300.85611,0
1785225600000,1882.75,1884.81,1879.01,1883.59,78911.229,1785229199999,148518691.32295,104943,38180.570,71863210.04174,0
1785229200000,1883.60,1884.06,1873.35,1875.29,106874.463,1785232799999,200785657.48450,104015,45723.892,85916318.23439,0
1785232800000,1875.30,1879.99,1872.58,1877.93,110741.366,1785236399999,207822244.17810,127036,57732.850,108348734.37837,0
1785236400000,1877.93,1881.42,1870.66,1875.69,144405.644,1785239999999,270805889.21213,179371,78161.323,146600263.24836,0
1785240000000,1875.70,1892.79,1873.57,1891.59,220626.994,1785243599999,415792996.60130,190017,124020.849,233758628.69927,0
1785243600000,1891.58,1895.82,1855.82,1872.97,583485.938,1785247199999,1092490391.68055,531594,268728.640,503207503.32549,0
1785247200000,1872.97,1892.35,1866.45,1887.84,355161.539,1785250799999,667648776.53881,500987,181494.232,341299320.23489,0
1785250800000,1887.84,1923.79,1883.61,1919.28,666936.386,1785254399999,1273286761.32285,657661,375455.808,716874624.46203,0
1785254400000,1919.27,1928.31,1913.38,1924.86,230729.052,1785257999999,443027376.33683,293752,121308.609,232989971.57673,0
1785258000000,1924.85,1924.86,1890.89,1900.89,389091.253,1785261599999,740899032.92448,356799,166914.710,317777673.47633,0
1785261600000,1900.89,1914.51,1900.50,1910.32,149798.208,1785265199999,285939514.58224,217863,83812.899,159971879.29899,0
1785265200000,1910.32,1921.36,1910.31,1921.34,119103.342,1785268799999,228291199.79370,168082,67175.981,128767470.36642,0
1785268800000,1921.34,1923.00,1915.27,1917.60,95880.766,1785272399999,183975985.47424,125665,44677.577,85733013.66880,0
1785272400000,1917.61,1928.90,1917.50,1923.09,78250.115,1785275999999,150485283.90842,100077,47167.507,90723158.61040,0
1785276000000,1923.09,1926.43,1909.22,1911.09,122838.842,1785279599999,235404137.31500,157380,59845.826,114675057.57123,0
1785279600000,1911.09,1922.44,1903.03,1921.13,178376.819,1785283199999,340901498.18742,178586,97663.027,186662463.19222,0
1785283200000,1921.13,1927.98,1915.75,1916.33,136341.500,1785286799999,262009040.07202,211894,62985.029,121055124.96837,0
1785286800000,1916.33,1917.42,1904.00,1904.60,130008.436,1785290399999,248380469.11960,218386,63745.176,121802220.48044,0
1785290400000,1904.59,1919.20,1899.20,1910.12,164913.277,1785293999999,314818931.15627,244993,82816.485,158117421.66807,0
1785294000000,1910.12,1912.37,1890.13,1891.95,177259.209,1785297599999,336612913.86702,241500,81864.648,155459795.12803,0
1785297600000,1891.96,1905.74,1883.38,1904.62,270085.531,1785301199999,511699528.03299,295349,146316.941,277298990.49679,0
1785301200000,1904.63,1914.33,1902.55,1911.81,113802.371,1785304799999,217234730.66536,169571,55509.717,105963071.16536,0
1785304800000,1911.82,1921.30,1908.08,1919.47,160496.160,1785308399999,307548018.42634,168853,81276.946,155763543.66008,0
1785308400000,1919.48,1926.50,1913.20,1924.14,165652.861,1785311999999,317910608.27472,128553,88980.089,170795347.42185,0
1785312000000,1924.13,1924.74,1911.06,1914.43,131190.353,1785315599999,251467154.34751,123103,57044.753,109333363.97528,0
1785315600000,1914.43,1924.11,1914.14,1921.47,93391.821,1785319199999,179310258.53257,118335,51310.706,98522489.71886,0
1785319200000,1921.47,1921.87,1907.66,1911.19,117244.509,1785322799999,224587205.11645,105160,44543.094,85348116.93040,0
1785322800000,1911.20,1916.30,1909.31,1914.32,89627.149,1785326399999,171444904.54078,100032,48476.636,92731745.68517,0
1785326400000,1914.31,1914.31,1902.07,1904.44,111777.407,1785329999999,213076906.14601,157262,52148.957,99406255.69194,0
1785330000000,1904.43,1910.89,1894.64,1908.41,250336.607,1785333599999,476514632.63650,343968,127353.323,242478577.18621,0
1785333600000,1908.40,1910.85,1890.15,1894.29,248041.077,1785337199999,470808407.52956,420531,128139.024,243228880.47935,0
1785337200000,1894.30,1897.86,1886.28,1891.13,182942.266,1785340799999,346175168.27139,286657,85528.296,161861033.86122,0
1785340800000,1891.13,1898.99,1886.48,1894.42,128888.116,1785344399999,243917297.25571,222818,69631.514,131778037.35398,0
1785344400000,1894.42,1917.09,1893.58,1915.53,225590.739,1785347999999,429601081.63409,241896,129307.834,246276044.34005,0
1785348000000,1915.53,1935.00,1892.79,1919.59,714242.791,1785351599999,1369905088.41860,804184,360469.191,691592125.75924,0
1785351600000,1919.60,1922.00,1880.95,1887.91,474423.705,1785355199999,901073854.06889,607230,195066.359,370544046.25671,0
1785355200000,1887.93,1891.13,1876.60,1883.11,238200.342,1785358799999,448902856.95220,354876,116264.683,219160075.64040,0
1785358800000,1883.12,1897.88,1870.26,1897.44,188666.869,1785362399999,355433281.21584,201405,90377.099,170418945.85895,0
1785362400000,1897.44,1910.87,1897.28,1906.43,175799.455,1785365999999,334954682.21915,191341,89120.269,169775299.32960,0
1785366000000,1906.44,1912.50,1901.66,1909.68,92162.965,1785369599999,175752822.91898,133857,42716.342,81467690.90428,0
1785369600000,1909.68,1914.21,1892.99,1897.35,147199.532,1785373199999,280136831.16618,197088,63752.952,121343386.47344,0
1785373200000,1897.35,1921.91,1896.65,1916.28,253586.176,1785376799999,484515634.74890,303118,143206.182,273655912.04466,0
1785376800000,1916.29,1919.43,1909.50,1910.40,106590.571,1785380399999,204096433.85052,137112,48211.044,92319335.17188,0
1785380400000,1910.39,1914.70,1906.81,1909.40,79255.027,1785383999999,151450621.68569,110562,35356.434,67564164.80453,0
1785384000000,1909.40,1910.34,1900.80,1901.39,79118.820,1785387599999,150757534.25572,103727,38192.911,72779707.49038,0
1785387600000,1901.38,1908.95,1899.23,1905.53,103163.299,1785391199999,196414211.11530,138978,58318.542,111059455.45143,0
1785391200000,1905.53,1906.16,1898.57,1900.45,53114.824,1785394799999,101034069.05752,89099,27372.343,52070822.32047,0
1785394800000,1900.45,1907.51,1899.38,1902.38,86313.035,1785398399999,164341033.48310,120760,44816.297,85329636.63088,0
1785398400000,1902.39,1917.49,1899.50,1914.27,137425.669,1785401999999,262617549.05134,166541,69251.940,132340484.11289,0
1785402000000,1914.28,1924.42,1913.29,1917.48,129960.226,1785405599999,249349950.49410,135632,66787.544,128164099.27400,0
1785405600000,1917.49,1921.09,1915.45,1917.50,79566.670,1785409199999,152635722.41821,79405,39884.536,76515341.39967,0
1785409200000,1917.50,1925.59,1915.77,1922.30,107194.488,1785412799999,205926056.32010,108528,58457.241,112318279.47495,0
1785412800000,1922.30,1926.89,1918.67,1924.16,142693.909,1785416399999,274321101.86573,158019,68002.498,130750263.36560,0
1785416400000,1924.16,1936.52,1916.10,1928.73,299284.123,1785419999999,576839620.55330,322867,160992.793,310357286.50534,0
1785420000000,1928.73,1929.37,1912.10,1916.47,301185.456,1785423599999,578244006.67880,319644,139820.028,268452733.94409,0
1785423600000,1916.48,1923.33,1913.52,1917.96,114688.947,1785427199999,219886834.45137,184850,60797.260,116584070.95058,0
1785427200000,1917.96,1925.23,1915.00,1918.46,100848.940,1785430799999,193684296.07805,146875,55968.349,107492422.42804,0
1785430800000,1918.47,1924.59,1915.27,1919.89,64767.229,1785434399999,124333733.93307,101439,34682.586,66577177.53988,0
1785434400000,1919.89,1921.89,1914.00,1915.36,53537.163,1785437999999,102665406.41857,71654,25303.239,48526207.94101,0
1785438000000,1915.36,1928.80,1915.01,1922.95,115328.353,1785441599999,221868120.11783,117042,55148.589,106083059.95921,0
1785441600000,1922.96,1926.66,1919.00,1920.77,66433.128,1785445199999,127716444.83162,104308,34959.260,67207305.14805,0
1785445200000,1920.78,1923.79,1916.24,1917.68,46779.968,1785448799999,89819914.92066,60637,23163.836,44478407.48653,0
1785448800000,1917.68,1932.75,1915.12,1924.92,119192.061,1785452399999,229642802.36447,139242,62254.279,119953373.11373,0
1785452400000,1924.91,1936.57,1916.67,1917.31,219896.256,1785455999999,423342547.50099,175168,111125.127,213962840.28760,0
1785456000000,1917.31,1921.25,1914.00,1916.09,110161.111,1785459599999,211192892.52637,146032,51163.107,98087898.75311,0
1785459600000,1916.09,1936.00,1905.87,1909.39,386519.743,1785463199999,742644683.59244,389793,190890.927,366849302.42847,0
1785463200000,1909.38,1911.24,1900.53,1903.14,170134.287,1785466799999,324114686.80858,221582,74222.551,141409574.78969,0
1785466800000,1903.13,1910.63,1898.16,1907.82,121095.771,1785470399999,230675493.89704,150990,63750.965,121470458.69303,0
1785470400000,1907.82,1908.47,1902.19,1904.82,62456.373,1785473999999,118971588.27976,78057,30363.290,57838297.33022,0
1785474000000,1904.82,1908.24,1900.50,1905.35,76663.618,1785477599999,145962347.48798,87175,37965.287,72288700.22999,0
1785477600000,1905.34,1910.53,1899.33,1901.75,86698.591,1785481199999,165081944.99393,101997,43376.546,82613047.64745,0
1785481200000,1901.75,1901.75,1883.18,1888.92,287364.925,1785484799999,543119715.14017,233909,129640.266,244977354.01259,0
1785484800000,1888.93,1892.21,1887.22,1889.48,112626.197,1785488399999,212831323.75456,113978,51240.222,96823481.55615,0
1785488400000,1889.48,1890.29,1880.20,1882.69,109178.269,1785491999999,205701078.16092,132592,46750.765,88078336.73397,0
1785492000000,1882.69,1889.09,1876.68,1886.24,146933.640,1785495599999,276709888.37822,140490,76197.430,143528745.32112,0
1785495600000,1886.24,1888.92,1881.60,1883.55,70063.672,1785499199999,132052727.82159,93606,34345.025,64741990.15712,0
1785499200000,1883.55,1883.86,1872.54,1881.85,233149.116,1785502799999,437666463.78282,193139,108051.008,202861240.58567,0
1785502800000,1881.85,1889.72,1863.78,1866.22,405650.505,1785506399999,761055642.35234,387246,191413.794,359285993.90250,0
1785506400000,1866.22,1869.80,1847.28,1859.21,800020.384,1785509999999,1487845358.51265,714912,372929.928,693629958.61504,0
1785510000000,1859.21,1865.65,1853.59,1861.94,214599.914,1785513599999,399131175.64846,278054,124520.954,231663837.67276,0
1785513600000,1861.94,1866.50,1860.00,1863.74,104185.235,1785517199999,194137362.92361,167670,52765.674,98326790.01935,0
1785517200000,1863.73,1877.40,1862.54,1874.12,137361.763,1785520799999,256990767.04772,180353,75807.703,141827626.93190,0
1785520800000,1874.12,1875.88,1864.14,1870.89,85886.600,1785524399999,160626745.45330,117945,36802.074,68835695.53319,0
1785524400000,1870.88,1873.14,1864.70,1867.40,56513.608,1785527999999,105572469.01782,99218,24586.134,45924273.06167,0
1785528000000,1867.41,1870.00,1860.53,1861.64,78250.258,1785531599999,145941273.36892,109111,33232.696,61986740.04800,0
1785531600000,1861.63,1864.26,1858.58,1861.17,61961.514,1785535199999,115337886.12396,78667,33229.412,61859223.52815,0
1785535200000,1861.16,1864.58,1857.89,1860.62,40740.002,1785538799999,75842076.26656,60040,19618.714,36523756.82548,0
1785538800000,1860.62,1864.06,1860.06,1861.68,36692.537,1785542399999,68331713.10910,54393,15433.631,28742454.18153,0
1785542400000,1861.68,1866.90,1861.31,1863.93,50280.160,1785545999999,93749731.84092,67723,28902.042,53893145.18630,0
1785546000000,1863.92,1866.62,1863.92,1866.00,28969.346,1785549599999,54043314.18808,42748,15098.822,28167378.05262,0
1785549600000,1866.00,1869.47,1865.86,1867.48,35508.432,1785553199999,66320796.50929,43725,18875.495,35253262.25274,0
1785553200000,1867.48,1869.09,1865.63,1869.00,28493.138,1785556799999,53213341.68538,38352,16550.379,30911057.78763,0
1785556800000,1869.01,1869.73,1867.00,1868.84,23351.003,1785560399999,43641194.44855,29860,12259.620,22912156.73074,0
1785560400000,1868.84,1870.32,1864.17,1866.60,36342.654,1785563999999,67853460.84558,41378,15270.529,28514030.55099,0
1785564000000,1866.59,1870.00,1865.37,1869.47,34485.642,1785567599999,64431327.38239,39494,18852.933,35226218.24568,0
1785567600000,1869.47,1871.21,1867.39,1868.90,31346.383,1785571199999,58596008.19612,34346,15735.523,29416208.15971,0
1785571200000,1868.90,1869.30,1866.58,1868.45,30071.957,1785574799999,56170701.42792,31330,14031.876,26210290.29436,0
1785574800000,1868.45,1869.72,1866.56,1866.99,41007.920,1785578399999,76622978.70329,39179,15393.594,28763167.74230,0
1785578400000,1866.98,1868.19,1862.00,1866.45,91811.561,1785581999999,171210240.18245,67706,39769.643,74170769.57146,0
1785582000000,1866.45,1866.98,1865.07,1866.17,23774.877,1785585599999,44363531.88729,28502,11157.718,20820907.19116,0
1785585600000,1866.18,1869.46,1866.17,1868.35,40291.766,1785589199999,75249634.88064,43560,25864.782,48305896.92809,0
1785589200000,1868.36,1868.86,1866.82,1868.36,21296.142,1785592799999,39780930.16308,29286,10434.910,19492771.54656,0
1785592800000,1868.36,1874.42,1868.36,1874.32,56569.725,1785596399999,105860753.86560,57195,33272.391,62265282.42085,0
1785596400000,1874.32,1874.44,1869.17,1869.20,40288.258,1785599999999,75404081.11823,48994,18252.955,34162919.87192,0
1785600000000,1869.19,1872.96,1865.34,1867.93,48721.448,1785603599999,91052963.91313,74490,22829.820,42672659.99592,0
1785603600000,1867.92,1869.32,1856.29,1861.19,111438.949,1785607199999,207462512.49842,126454,43288.856,80594445.14828,0
1785607200000,1861.18,1862.11,1820.61,1835.75,721214.209,1785610799999,1325866085.50199,536773,292588.858,537437348.53253,0
1785610800000,1835.74,1839.70,1832.85,1836.48,138336.668,1785614399999,254055251.03251,154064,70886.126,130205111.88300,0
1785614400000,1836.47,1839.64,1832.14,1837.48,64338.307,1785617999999,118110996.83532,97563,36032.231,66153469.45078,0
1785618000000,1837.48,1845.22,1835.83,1844.90,77440.819,1785621599999,142584297.26086,99681,45846.553,84408847.30209,0
1785621600000,1844.90,1848.63,1843.85,1846.46,52004.855,1785625199999,96029143.68690,62664,26108.997,48210265.20902,0
1785625200000,1846.47,1848.18,1842.56,1844.17,46228.391,1785628799999,85286074.67903,58522,22987.786,42409957.19432,0
1785628800000,1844.17,1848.85,1843.03,1846.06,65918.614,1785632399999,121666541.01402,74804,34219.913,63166732.31316,0
1785632400000,1846.06,1858.78,1845.92,1856.29,129182.205,1785635999999,239494304.80274,102632,81841.406,151706276.51838,0
1785636000000,1856.30,1885.00,1855.58,1876.20,385737.150,1785639599999,722899222.78126,336813,212203.409,397567160.78232,0
1785639600000,1876.20,1879.60,1873.68,1876.61,88372.387,1785643199999,165825539.68178,115435,43570.509,81759009.69096,0
1785643200000,1876.61,1881.97,1876.61,1880.23,77100.868,1785646799999,144882160.76936,97554,41064.791,77173152.96175,0
1785646800000,1880.22,1882.20,1874.25,1875.67,87745.941,1785650399999,164715274.75019,84118,35163.241,66016642.14729,0
1785650400000,1875.67,1878.86,1874.12,1876.72,43703.172,1785653999999,82002566.71972,52900,22418.190,42065473.76947,0
1785654000000,1876.71,1878.12,1874.68,1875.32,26780.202,1785657599999,50249400.08675,34405,12263.971,23014221.93263,0
1785657600000,1875.31,1878.26,1865.65,1867.34,109050.345,1785661199999,204033860.58624,100250,42106.033,78784390.85230,0
1785661200000,1867.35,1872.16,1861.46,1870.21,95656.440,1785664799999,178644608.27697,96239,50291.896,93939909.11704,0
1785664800000,1870.22,1870.29,1864.53,1867.76,42910.349,1785668399999,80136916.29786,52056,19697.307,36784975.40065,0
1785668400000,1867.76,1868.79,1848.18,1851.75,214464.868,1785671999999,398272634.29847,214757,77045.077,143081626.05717,0
1785672000000,1851.74,1859.81,1851.31,1855.98,107250.131,1785675599999,199056203.39762,120930,55076.360,102221944.89013,0
1785675600000,1855.99,1857.36,1851.35,1853.96,52441.581,1785679199999,97258912.32057,68877,26083.173,48379457.41545,0
1785679200000,1853.96,1858.77,1851.30,1854.00,67834.118,1785682799999,125855303.66508,86355,38413.889,71269978.52635,0
1785682800000,1854.01,1862.28,1852.80,1857.77,72931.328,1785686399999,135533294.94246,69328,42406.087,78809780.20562,0
1785686400000,1857.77,1864.88,1854.89,1862.37,96866.349,1785689999999,180288840.40706,96090,58296.684,108513422.00305,0
1785690000000,1862.38,1869.99,1861.50,1867.79,67284.258,1785693599999,125564562.63420,81726,40864.405,76261192.37258,0
1785693600000,1867.79,1887.00,1867.56,1875.16,205963.420,1785697199999,386684266.48164,172860,120188.988,225660169.15257,0
1785697200000,1875.15,1883.28,1874.05,1881.39,99175.013,1785700799999,186272170.19992,94162,62568.294,117521670.40203,0
1785700800000,1881.39,1885.18,1879.05,1883.04,67983.715,1785704399999,127911125.34898,82729,37199.547,69996143.86219,0
1785704400000,1883.04,1898.50,1881.46,1889.74,186760.004,1785707999999,352976323.05661,187902,106717.540,201708647.65375,0
1785708000000,1889.74,1897.10,1879.29,1881.30,188934.557,1785711599999,356713552.83569,203934,78586.592,148418456.47645,0
1785711600000,1881.30,1884.68,1875.31,1884.37,92149.728,1785715199999,173308854.66660,125163,48913.086,92006381.18685,0
1785715200000,1884.38,1885.16,1870.63,1873.02,129388.477,1785718799999,242709579.34623,161105,56829.142,106622762.56147,0
1785718800000,1873.01,1874.61,1865.07,1866.38,116763.145,1785722399999,218277680.31501,142579,58841.562,110008354.13837,0
1785722400000,1866.37,1871.18,1861.67,1863.41,100528.029,1785725999999,187584709.93955,122775,49179.832,91793161.45669,0
1785726000000,1863.40,1864.86,1850.01,1856.18,169586.189,1785729599999,315066546.62962,157538,69009.936,128225811.98618,0
1785729600000,1856.19,1862.22,1853.73,1854.01,115925.283,1785733199999,215429451.61729,110066,58323.044,108406824.63757,0
1785733200000,1854.01,1859.80,1852.53,1858.87,81061.909,1785736799999,150499962.42739,84074,41855.878,77719409.47297,0
1785736800000,1858.87,1860.19,1845.40,1848.24,161004.137,1785740399999,298173036.82235,150758,67519.578,125083047.14884,0
1785740400000,1848.24,1848.96,1838.56,1843.00,220237.305,1785743999999,406035268.59355,198969,102329.218,188667837.06115,0
1785744000000,1843.00,1844.74,1827.18,1839.42,327847.038,1785747599999,601539638.13115,258002,147986.051,271535125.48574,0
1785747600000,1839.42,1853.00,1838.24,1851.80,189619.910,1785751199999,349672737.65949,127823,115478.986,212999617.40292,0
1785751200000,1851.80,1853.58,1839.24,1845.38,159026.767,1785754799999,293765491.99485,123917,59285.921,109529957.30125,0
1785754800000,1845.39,1847.03,1837.54,1838.97,142335.701,1785758399999,262218313.01932,123787,68752.857,126698483.42461,0
1785758400000,1838.97,1844.56,1835.61,1842.69,117177.839,1785761999999,215678922.44063,125913,67142.679,123596156.61994,0
1785762000000,1842.69,1859.73,1837.60,1858.27,306417.653,1785765599999,566484460.67320,349023,163693.003,302661561.48341,0
1785765600000,1858.27,1873.32,1850.47,1872.82,419892.226,1785769199999,782158320.82212,519561,220226.908,410265789.97937,0
1785769200000,1872.82,1873.13,1859.16,1862.54,182739.206,1785772799999,340815611.93280,247050,73057.132,136248069.65421,0
1785772800000,1862.54,1871.50,1860.74,1865.51,116855.992,1785776399999,218128802.26333,184752,62400.461,116489743.16232,0
1785776400000,1865.51,1874.12,1862.41,1868.09,102204.156,1785779999999,190991911.75136,152586,52556.477,98228949.12698,0
1785780000000,1868.08,1873.20,1865.59,1868.11,77614.319,1785783599999,145073271.41895,115889,38529.383,72022512.84536,0
1785783600000,1868.10,1875.98,1867.28,1869.26,83871.075,1785787199999,156955744.04063,118262,47296.317,88522871.48316,0
1785787200000,1869.27,1875.11,1865.67,1868.26,66570.019,1785790799999,124489466.03069,82722,30271.020,56610140.03073,0
1785790800000,1868.25,1868.47,1862.58,1862.89,60555.819,1785794399999,112965717.29161,66487,23953.947,44686125.29546,0
1785794400000,1862.89,1865.63,1851.00,1859.63,159222.318,1785797999999,295805936.41054,149261,70326.816,130677738.95050,0
1785798000000,1859.63,1859.83,1855.37,1859.78,39670.877,1785801599999,73698014.62341,68897,20379.662,37858332.83580,0
1785801600000,1859.78,1862.46,1847.50,1850.55,163582.379,1785805199999,303246502.73242,198996,83652.521,155088061.87286,0
1785805200000,1850.54,1868.99,1848.23,1866.80,158854.518,1785808799999,295592616.19253,208939,94218.184,175295483.68853,0
1785808800000,1866.80,1871.27,1861.25,1865.51,93892.116,1785812399999,175185671.73604,126886,40372.981,75350448.42334,0
1785812400000,1865.50,1866.41,1857.49,1863.56,75403.627,1785815999999,140370777.25458,97583,42075.137,78322811.32049,0
1785816000000,1863.55,1874.08,1861.30,1867.37,100011.238,1785819599999,186868922.44630,120128,53478.393,99941076.13409,0
1785819600000,1867.36,1869.91,1863.33,1863.57,55677.413,1785823199999,103855984.61655,76959,24719.377,46113970.66783,0
1785823200000,1863.56,1867.72,1853.30,1856.22,126906.415,1785826799999,235963033.91559,120117,60226.875,111990460.05100,0
1785826800000,1856.22,1864.27,1852.55,1863.11,126399.090,1785830399999,234956191.90324,123038,68419.873,127194565.38981,0
1785830400000,1863.11,1865.30,1856.05,1857.25,69954.353,1785833999999,130129735.83107,82566,35904.209,66783183.31263,0
1785834000000,1857.24,1858.43,1852.78,1857.92,80488.850,1785837599999,149361707.21624,84343,33455.133,62085202.46068,0
1785837600000,1857.93,1872.49,1853.22,1866.14,153257.476,1785841199999,285572494.29615,153220,87306.535,162678669.32916,0
1785841200000,1866.13,1874.12,1865.39,1871.98,122662.551,1785844799999,229323078.48511,138286,64620.073,120829233.00810,0
1785844800000,1871.99,1881.72,1867.18,1874.31,170784.754,1785848399999,320218355.20637,173402,98609.228,184919739.91588,0
1785848400000,1874.31,1876.78,1859.10,1861.13,242768.006,1785851999999,453714607.42401,323200,120625.924,225491460.04889,0
1785852000000,1861.13,1874.97,1857.38,1872.22,233878.106,1785855599999,436532963.16101,372870,120483.897,224893793.38919,0
1785855600000,1872.23,1877.14,1861.00,1872.24,190723.500,1785859199999,356609502.42296,237736,95625.125,178810997.41431,0
1785859200000,1872.24,1872.88,1864.52,1868.99,88771.131,1785862799999,165947544.81800,144331,47804.704,89358805.37342,0
1785862800000,1868.99,1877.14,1866.00,1868.59,144072.918,1785866399999,269763733.22285,194155,65197.095,122071437.89741,0
1785866400000,1868.60,1880.43,1868.32,1874.50,131909.857,1785869999999,247477765.38927,156302,68510.931,128533703.11847,0
1785870000000,1874.49,1880.95,1873.08,1874.46,81083.298,1785873599999,152166979.97948,105765,44494.298,83504925.96313,0
1785873600000,1874.46,1879.11,1865.31,1875.82,122403.712,1785877199999,229190269.39239,127044,61564.382,115267991.79655,0
1785877200000,1875.81,1875.85,1870.90,1871.35,30894.690,1785880799999,57861843.85789,60467,16431.793,30772360.79612,0
1785880800000,1871.36,1876.00,1867.50,1874.71,44472.334,1785884399999,83268946.84480,74321,22588.313,42287842.73654,0
1785884400000,1874.71,1880.80,1868.00,1868.90,98653.037,1785887999999,184850122.48415,113083,52399.101,98167575.96631,0
1785888000000,1868.90,1872.88,1862.00,1863.09,128842.495,1785891599999,240497036.21851,146063,53834.476,100503858.04429,0
1785891600000,1863.09,1873.78,1860.30,1872.57,82646.702,1785895199999,154335468.17470,113182,44498.741,83091841.38741,0
1785895200000,1872.56,1877.45,1871.66,1873.70,90517.991,1785898799999,169671754.39617,124635,42431.817,79537981.47578,0
1785898800000,1873.69,1875.49,1862.75,1866.86,137276.952,1785902399999,256278240.44727,124416,64613.679,120603443.33142,0
1785902400000,1866.87,1868.85,1864.09,1866.47,39457.699,1785905999999,73647063.51008,50513,19831.756,37015371.89129,0
1785906000000,1866.47,1877.00,1866.17,1872.51,83414.374,1785909599999,156193645.52211,79450,40441.572,75722307.90156,0
1785909600000,1872.51,1872.91,1867.16,1868.84,57259.038,1785913199999,107037888.35148,66219,29529.468,55197974.60391,0
1785913200000,1868.84,1871.86,1862.50,1871.85,150064.215,1785916799999,279931303.30561,111701,77914.508,145372041.34171,0
1785916800000,1871.86,1874.00,1867.07,1868.98,85843.383,1785920399999,160591544.78790,77839,35306.320,66050953.26202,0
1785920400000,1868.98,1873.99,1867.99,1870.98,64696.912,1785923999999,121106548.41909,59395,23356.574,43720324.81201,0
1785924000000,1870.97,1875.38,1865.00,1867.38,113995.737,1785927599999,213169418.26255,95858,59602.789,111483413.58489,0
1785927600000,1867.39,1870.26,1866.22,1867.93,45906.476,1785931199999,85764044.84315,62990,23981.888,44804414.71903,0
1785931200000,1867.93,1884.68,1866.48,1875.22,272935.151,1785934799999,512521683.70177,222169,154860.836,290792877.10530,0
1785934800000,1875.21,1878.82,1854.51,1877.85,484214.620,1785938399999,903744167.51783,433454,230485.830,430305085.79167,0
1785938400000,1877.84,1882.00,1868.25,1875.06,232741.150,1785941999999,436496176.54693,349518,114980.984,215664000.95665,0
1785942000000,1875.06,1882.07,1872.00,1872.91,166329.745,1785945599999,312236479.76026,206187,88783.719,166694256.18480,0
1785945600000,1872.91,1896.70,1872.40,1894.79,374936.837,1785949199999,708149313.10481,317344,210434.218,397393367.01953,0
1785949200000,1894.80,1916.88,1890.21,1915.93,354618.966,1785952799999,675512279.04658,316162,203470.629,387644044.06683,0
1785952800000,1915.93,1927.19,1913.00,1917.23,324955.506,1785956399999,623534236.55596,305546,168058.468,322554226.28415,0
1785956400000,1917.23,1920.18,1914.78,1916.09,82435.279,1785959999999,158097193.74129,122407,34034.742,65277379.42800,0
1785960000000,1916.09,1923.94,1915.50,1916.19,122045.841,1785963599999,234193508.19309,120095,59194.219,113597577.02071,0
1785963600000,1916.20,1916.56,1906.03,1907.75,151418.468,1785967199999,289178197.12949,155647,64813.427,123755572.22885,0
1785967200000,1907.76,1912.42,1905.43,1906.00,67915.219,1785970799999,129660279.72847,94801,32592.218,62228250.53167,0
1785970800000,1905.99,1911.32,1903.14,1907.95,58660.968,1785974399999,111904731.41836,79732,28434.525,54248558.62142,0
1785974400000,1907.95,1912.99,1906.16,1909.39,68301.479,1785977999999,130435204.04644,103369,36614.175,69921973.82960,0
1785978000000,1909.39,1910.29,1902.20,1905.93,84272.171,1785981599999,160639540.37417,104498,35822.717,68292278.05842,0
1785981600000,1905.93,1910.00,1893.62,1898.17,210698.015,1785985199999,400270351.06115,173180,94656.931,179835253.03302,0
1785985200000,1898.18,1898.91,1894.20,1897.94,76944.950,1785988799999,145924747.45779,95051,35710.178,67723433.59068,0
1785988800000,1897.94,1907.48,1894.67,1906.84,104071.239,1785992399999,197993713.72062,112117,61081.422,116204880.87351,0
1785992400000,1906.85,1917.99,1906.28,1913.49,168887.009,1785995999999,323102244.44590,167859,90864.497,173842603.95445,0
1785996000000,1913.50,1913.94,1908.61,1912.80,48758.598,1785999599999,93200358.69952,71422,25971.154,49642857.86011,0
1785999600000,1912.79,1914.51,1906.50,1908.52,67175.777,1786003199999,128320160.71931,74345,34684.484,66265576.35898,0
1786003200000,1908.53,1920.92,1907.53,1915.44,112256.660,1786006799999,214887209.69990,106718,63602.752,121765321.47326,0
1786006800000,1915.43,1916.11,1903.65,1906.68,174549.181,1786010399999,333114793.68176,137525,84985.847,162180810.60311,0
1786010400000,1906.68,1906.68,1900.10,1901.78,94884.141,1786013999999,180589407.46472,100316,43953.336,83660371.24301,0
1786014000000,1901.78,1908.32,1895.80,1906.89,124238.799,1786017599999,236433150.41292,113534,68821.434,130991229.51616,0
1786017600000,1906.88,1907.24,1898.00,1898.19,115611.123,1786021199999,219925682.20476,112298,53751.159,102259832.25936,0
1786021200000,1898.19,1910.51,1891.46,1906.47,275844.500,1786024799999,523996748.26303,309463,145001.881,275464755.75055,0
1786024800000,1906.47,1918.21,1902.39,1914.06,222586.359,1786028399999,425101467.86486,273860,113681.359,217164250.95203,0
1786028400000,1914.06,1919.06,1909.15,1909.88,199955.115,1786031999999,382814183.76408,245427,91091.389,174423658.95615,0
1786032000000,1909.88,1916.15,1907.29,1914.72,118274.746,1786035599999,226060840.57368,182307,62130.238,118763005.54948,0
1786035600000,1914.72,1917.89,1909.20,1913.10,73296.829,1786039199999,140274090.76355,109406,33300.316,63733140.57431,0
1786039200000,1913.11,1913.26,1903.06,1905.21,96482.715,1786042799999,184043288.76281,116749,42125.942,80351242.80659,0
1786042800000,1905.22,1910.39,1905.01,1908.77,62775.778,1786046399999,119744681.43010,84340,33502.697,63909553.19234,0
1786046400000,1908.77,1909.84,1905.00,1906.16,37251.995,1786049999999,71049280.54374,55101,15177.874,28947442.02358,0
1786050000000,1906.16,1908.67,1904.80,1905.25,29518.801,1786053599999,56277043.27227,50820,15572.698,29688132.55370,0
1786053600000,1905.25,1906.55,1901.40,1904.18,43366.187,1786057199999,82561808.14131,64505,22422.079,42689106.17535,0
1786057200000,1904.17,1905.12,1897.82,1903.12,57176.759,1786060799999,108681929.99444,73861,27959.752,53149654.35181,0
1786060800000,1903.11,1904.62,1898.78,1903.00,58323.594,1786064399999,110912596.26895,89237,31549.292,59996767.72153,0
1786064400000,1903.00,1906.83,1898.01,1902.45,62891.795,1786067999999,119651716.56728,109555,36227.432,68924137.21106,0
1786068000000,1902.45,1907.89,1896.66,1901.75,93402.255,1786071599999,177661576.22115,116753,42576.829,80993596.46215,0
1786071600000,1901.74,1902.90,1895.00,1896.53,71949.278,1786075199999,136622885.29232,91570,32086.027,60934715.60690,0
1786075200000,1896.52,1899.86,1893.37,1896.48,78327.197,1786078799999,148567597.85461,91791,36777.273,69766952.14309,0
1786078800000,1896.49,1901.74,1894.57,1900.79,59384.363,1786082399999,112700661.41494,75190,30744.084,58344447.47251,0
1786082400000,1900.78,1906.91,1898.87,1903.81,86858.295,1786085999999,165343168.80467,90459,44959.989,85586758.07724,0
1786086000000,1903.81,1906.55,1901.65,1901.66,53866.395,1786089599999,102583044.42273,64192,26571.772,50604460.37411,0
1786089600000,1901.65,1914.61,1901.20,1909.90,136276.541,1786093199999,259977772.55751,111832,80149.310,152920119.30239,0
1786093200000,1909.89,1917.33,1909.62,1912.41,166504.659,1786096799999,318595927.41399,142909,88003.260,168383794.52054,0
1786096800000,1912.41,1915.52,1911.28,1912.13,58826.245,1786100399999,112559886.53878,59342,23612.512,45181134.42213,0
1786100400000,1912.13,1920.50,1911.83,1915.51,107479.825,1786103999999,205992828.83972,97072,58404.737,111945177.58337,0
1786104000000,1915.51,1943.00,1915.50,1931.26,601609.381,1786107599999,1161404933.69642,476144,343450.532,662979545.45407,0
1786107600000,1931.27,1934.39,1920.20,1922.50,186377.027,1786111199999,359266368.44231,280907,78517.734,151377186.77073,0
1786111200000,1922.50,1925.50,1909.34,1912.74,367262.388,1786114799999,703878763.27505,421686,165221.104,316705665.00926,0
1786114800000,1912.74,1920.50,1912.00,1916.99,111741.133,1786118399999,214156530.33075,178993,58642.511,112398000.59568,0
1786118400000,1916.98,1924.41,1908.21,1908.56,140511.717,1786121999999,269260025.49806,186228,62490.884,119754729.30546,0
1786122000000,1908.56,1912.08,1903.50,1911.41,169404.217,1786125599999,323168298.85460,196368,76927.860,146788871.20893,0
1786125600000,1911.42,1914.46,1905.33,1908.93,65423.130,1786129199999,124960333.05777,87819,32698.260,62454822.46151,0
1786129200000,1908.94,1919.38,1908.94,1917.85,72829.821,1786132799999,139503263.82273,98464,33576.961,64307628.65262,0
1786132800000,1917.85,1919.38,1913.40,1913.97,35331.941,1786136399999,67690729.52321,49825,15931.790,30521294.54415,0
1786136400000,1913.96,1921.47,1911.80,1915.65,65169.903,1786139999999,124903016.57282,64929,38550.799,73892168.53662,0
1786140000000,1915.65,1915.69,1913.00,1913.93,27476.411,1786143599999,52595572.28096,36844,13172.555,25214854.67397,0
1786143600000,1913.93,1915.53,1912.95,1913.07,23470.073,1786147199999,44927133.62871,22277,10878.807,20825758.34261,0
1786147200000,1913.07,1913.91,1911.26,1913.41,24521.154,1786150799999,46907819.12356,30765,11004.958,21052328.26078,0
1786150800000,1913.40,1915.72,1913.12,1913.81,35585.340,1786154399999,68115737.71547,38248,21534.607,41219994.08719,0
1786154400000,1913.81,1913.82,1911.36,1912.27,19447.451,1786157999999,37190988.86092,25150,7791.278,14899374.95817,0
1786158000000,1912.27,1918.31,1912.26,1917.20,33389.902,1786161599999,63970270.62686,39065,19186.248,36755820.94680,0
1786161600000,1917.20,1918.62,1915.50,1916.12,20503.737,1786165199999,39301561.49377,30565,9183.275,17602983.69375,0
1786165200000,1916.13,1918.10,1914.85,1916.69,19088.228,1786168799999,36578955.84955,26254,10013.038,19188608.05482,0
1786168800000,1916.69,1917.12,1915.32,1915.66,15968.244,1786172399999,30597437.54272,25356,7724.852,14801770.37517,0
1786172400000,1915.66,1915.94,1913.00,1914.29,18014.255,1786175999999,34485897.89073,21624,7605.003,14558036.01816,0
1786176000000,1914.30,1916.81,1913.84,1916.02,21118.661,1786179599999,40453800.11900,22023,11829.989,22659290.19198,0
1786179600000,1916.03,1923.32,1915.26,1918.05,64838.903,1786183199999,124436207.19301,44283,46341.032,88941035.58752,0
1786183200000,1918.05,1922.00,1918.05,1920.36,31235.948,1786186799999,59980092.52967,32726,15965.545,30655702.44817,0
1786186800000,1920.36,1922.92,1918.54,1920.05,26617.237,1786190399999,51104375.10459,33273,12508.954,24017817.54518,0
1786190400000,1920.04,1921.66,1917.84,1918.39,28862.658,1786193999999,55406556.78205,34454,13724.734,26348842.82377,0
1786194000000,1918.38,1919.87,1917.71,1919.24,19997.900,1786197599999,38367636.83585,22632,12193.952,23394846.42311,0
1786197600000,1919.24,1925.85,1919.23,1923.00,78405.060,1786201199999,150747567.44049,71513,44718.509,85979378.69511,0
1786201200000,1923.00,1923.70,1920.50,1921.85,30204.298,1786204799999,58053699.74904,39343,14170.053,27235261.24878,0
1786204800000,1921.84,1924.26,1920.76,1921.68,27475.828,1786208399999,52813606.28212,35632,14317.263,27522930.06768,0
1786208400000,1921.68,1925.55,1921.32,1923.05,35781.198,1786211999999,68827670.43720,37906,18514.722,35614856.71066,0
1786212000000,1923.05,1923.06,1918.40,1920.49,35742.175,1786215599999,68642428.38992,32047,10874.580,20881873.59321,0
1786215600000,1920.49,1920.81,1918.50,1919.61,23488.093,1786219199999,45092386.88845,28402,11466.917,22014583.62825,0
1786219200000,1919.61,1920.48,1918.85,1919.41,16130.870,1786222799999,30965541.39580,22072,8467.738,16255175.00894,0
1786222800000,1919.41,1921.99,1919.28,1919.89,17271.076,1786226399999,33166190.76428,26358,8911.325,17112978.25375,0
1786226400000,1919.88,1920.71,1915.63,1915.93,37300.392,1786229999999,71545106.24958,36541,12163.984,23335378.68343,0
1786230000000,1915.93,1918.45,1913.68,1915.98,44118.351,1786233599999,84530101.43215,44763,21793.080,41758970.82424,0
1786233600000,1915.98,1918.30,1915.34,1917.15,24128.970,1786237199999,46249355.89887,32434,15047.079,28842718.41419,0
1786237200000,1917.14,1919.37,1912.09,1915.31,34766.388,1786240799999,66591408.12752,42470,15702.468,30080456.80408,0
1786240800000,1915.30,1915.95,1912.42,1913.86,30499.468,1786244399999,58386698.13574,32360,11345.173,21720024.87425,0
1786244400000,1913.86,1914.02,1911.10,1913.07,38735.000,1786247999999,74085459.80508,36679,14649.861,28022093.37473,0
1786248000000,1913.06,1915.24,1912.00,1912.43,26421.001,1786251599999,50554103.57014,30011,13180.830,25222332.87774,0
1786251600000,1912.43,1914.19,1912.07,1913.63,15738.885,1786255199999,30112781.44895,22755,8912.365,17051475.61162,0
1786255200000,1913.62,1919.00,1913.00,1918.50,45557.430,1786258799999,87303142.22664,43593,27817.778,53308389.73674,0
1786258800000,1918.51,1918.65,1916.30,1918.28,26433.396,1786262399999,50680823.06346,29034,13722.754,26310346.25903,0
1786262400000,1918.29,1924.63,1913.10,1914.89,116765.531,1786265999999,224039916.54898,89986,52483.903,100732691.94078,0
1786266000000,1914.88,1920.84,1912.30,1920.83,63440.382,1786269599999,121563095.32249,53069,36613.109,70162476.38101,0
1786269600000,1920.84,1922.49,1918.63,1919.30,50800.659,1786273199999,97570992.37071,45507,24464.005,46988329.20929,0
1786273200000,1919.30,1920.84,1917.50,1918.35,29700.710,1786276799999,56998569.91456,29811,12358.663,23719408.57734,0
1786276800000,1918.34,1918.50,1915.59,1916.63,37628.210,1786280399999,72124820.25735,34619,14270.810,27354088.55204,0
1786280400000,1916.62,1925.86,1916.62,1922.64,117717.281,1786283999999,226332364.25700,96997,70606.802,135740020.65157,0
1786284000000,1922.64,1926.84,1921.71,1924.37,67397.523,1786287599999,129675126.92484,69608,36964.606,71124295.02443,0
1786287600000,1924.37,1926.69,1923.47,1925.75,54523.461,1786291199999,104997444.49117,56504,30604.235,58937010.13265,0
1786291200000,1925.75,1926.21,1920.57,1923.43,49481.799,1786294799999,95167963.61989,53199,19542.493,37585864.34295,0
1786294800000,1923.43,1924.00,1922.17,1922.31,20626.573,1786298399999,39672581.32719,24956,9757.951,18768214.45116,0
1786298400000,1922.31,1923.29,1918.00,1920.71,46014.630,1786301999999,88373335.28678,37430,16332.759,31371050.73016,0
1786302000000,1920.71,1921.71,1920.42,1921.16,17167.151,1786305599999,32980565.75299,19762,8589.378,16501615.33871,0
1786305600000,1921.15,1921.48,1917.10,1919.99,29607.725,1786309199999,56824460.82912,44607,14754.841,28317739.07905,0
1786309200000,1919.98,1926.33,1918.79,1923.84,41154.776,1786312799999,79168134.49014,42053,21294.249,40962960.48935,0
1786312800000,1923.85,1937.67,1914.05,1918.67,256196.344,1786316399999,493361064.81659,232651,140229.521,270208779.93861,0
1786316400000,1918.66,1920.02,1906.41,1909.57,167887.507,1786319999999,320969879.71666,183194,78315.348,149735074.99642,0
1786320000000,1909.56,1927.71,1905.00,1911.99,246672.597,1786323599999,472277384.31268,282578,126965.779,243131476.65244,0
1786323600000,1911.99,1931.50,1907.00,1924.65,163564.593,1786327199999,314121811.10383,211774,85851.703,164877383.50299,0
1786327200000,1924.66,1926.11,1911.82,1922.87,153509.826,1786330799999,294614268.22958,160800,75667.897,145203080.86818,0
1786330800000,1922.88,1924.00,1912.52,1916.50,125191.660,1786334399999,240128900.99920,137603,58490.215,112189480.19404,0
1786334400000,1916.51,1920.19,1911.47,1914.68,69134.145,1786337999999,132436149.43901,98620,29528.910,56573297.41550,0
1786338000000,1914.68,1924.38,1914.27,1922.51,64718.659,1786341599999,124249694.67247,79160,34535.334,66302776.60629,0
1786341600000,1922.51,1928.56,1922.30,1927.23,101270.943,1786345199999,195030679.63212,111481,59507.318,114606749.67713,0
1786345200000,1927.23,1930.28,1924.00,1924.72,90027.587,1786348799999,173551709.50247,84018,44763.354,86297634.04522,0
1786348800000,1924.73,1929.00,1922.35,1926.00,56190.666,1786352399999,108207516.68570,68243,29871.886,57523989.77723,0
1786352400000,1926.00,1926.45,1915.20,1915.50,117179.602,1786355999999,224815866.16799,102570,49412.722,94793845.24549,0
1786356000000,1915.51,1920.00,1915.00,1916.74,67741.837,1786359599999,129899624.08154,70681,35636.506,68334892.13674,0
1786359600000,1916.75,1920.62,1913.62,1919.60,58590.993,1786363199999,112334565.95595,65706,31302.277,60025069.46946,0
1786363200000,1919.61,1922.84,1903.77,1905.03,225783.339,1786366799999,431734447.67144,170309,96452.869,184541435.29092,0
1786366800000,1905.03,1909.80,1893.37,1896.62,341120.394,1786370399999,648527406.08770,312904,154466.867,293716605.93973,0
1786370400000,1896.62,1901.89,1890.19,1892.61,179456.025,1786373999999,340383444.10185,229734,92988.582,176402245.26635,0
1786374000000,1892.61,1892.61,1870.15,1876.01,592757.545,1786377599999,1113951751.72734,465344,268682.575,504877780.68488,0
1786377600000,1876.00,1877.87,1866.14,1871.38,236360.816,1786381199999,442673519.49592,216772,112602.523,210923974.78873,0
1786381200000,1871.38,1876.49,1867.46,1872.71,120582.022,1786384799999,225824152.98569,139988,68560.577,128400336.11639,0
1786384800000,1872.70,1874.61,1867.12,1871.92,108926.907,1786388399999,203826952.33455,127002,61895.079,115840928.28655,0
1786388400000,1871.92,1879.84,1871.36,1877.70,75527.384,1786391999999,141722306.23577,100932,42231.054,79237546.83476,0
1786392000000,1877.69,1880.86,1876.70,1878.76,43816.208,1786395599999,82311605.57910,58421,23842.075,44791393.51452,0
1786395600000,1878.76,1878.76,1872.43,1873.42,45139.168,1786399199999,84642331.81386,66546,19641.283,36831016.78391,0
1786399200000,1873.41,1877.36,1871.08,1875.40,37846.391,1786402799999,70930083.98846,65194,19301.551,36176420.60821,0
1786402800000,1875.41,1875.41,1869.23,1872.31,53000.059,1786406399999,99218933.05563,64662,22768.828,42627461.82813,0
1786406400000,1872.30,1875.30,1870.30,1874.28,52081.198,1786409999999,97532060.71279,78936,25265.508,47316817.95744,0
1786410000000,1874.28,1878.03,1872.51,1877.23,54988.101,1786413599999,103140939.31621,76932,27753.529,52056681.52054,0
1786413600000,1877.23,1879.05,1876.37,1877.84,38427.956,1786417199999,72149206.23683,40253,19523.937,36654804.02065,0
1786417200000,1877.84,1881.36,1877.84,1880.14,40642.474,1786420799999,76397549.39510,44371,21045.361,39560692.51190,0
1786420800000,1880.14,1881.26,1875.20,1875.20,44811.059,1786424399999,84155042.10020,42754,18236.022,34248747.77031,0
1786424400000,1875.20,1876.00,1871.01,1873.27,61910.752,1786427999999,116025832.48832,49504,27746.660,52003730.30811,0
1786428000000,1873.26,1874.22,1870.40,1873.47,74603.331,1786431599999,139674922.61299,63551,33183.871,62131243.58505,0
1786431600000,1873.46,1878.50,1869.69,1876.84,96061.090,1786435199999,180042768.28493,84425,41816.846,78386288.08102,0
1786435200000,1876.85,1879.75,1874.52,1878.56,63303.127,1786438799999,118823022.70783,58593,37497.495,70385907.74751,0
1786438800000,1878.56,1884.87,1876.58,1884.78,74071.487,1786442399999,139270022.24618,73967,43223.776,81281191.71934,0
1786442400000,1884.79,1888.86,1882.15,1885.37,127274.862,1786445999999,239962009.76145,108086,66790.213,125931960.51539,0
1786446000000,1885.37,1895.20,1885.37,1892.12,160315.177,1786449599999,303297070.48673,126862,82887.661,156808201.60027,0
1786449600000,1892.12,1897.30,1886.47,1887.01,166353.356,1786453199999,314632323.84886,128324,71864.239,135951673.73024,0
1786453200000,1887.00,1892.11,1882.50,1889.26,146200.773,1786456799999,275955399.36072,194577,75323.137,142181147.94209,0
1786456800000,1889.25,1890.78,1869.09,1872.67,274416.577,1786460399999,515160242.11224,297210,126496.688,237535420.66530,0
1786460400000,1872.68,1877.00,1852.22,1862.00,432900.621,1786463999999,806859689.48649,366116,183994.176,343000459.08387,0
1786464000000,1862.01,1866.25,1858.77,1863.99,128972.504,1786467599999,240292290.12012,146575,67162.098,125139282.67075,0
1786467600000,1863.98,1867.73,1862.00,1863.76,56316.988,1786471199999,104985179.21988,87589,29815.301,55587249.03866,0
1786471200000,1863.76,1866.16,1859.02,1865.32,87611.282,1786474799999,163224830.31547,103843,38822.475,72335072.07572,0
1786474800000,1865.31,1884.64,1861.92,1881.17,176113.974,1786478399999,330017699.19234,149971,103275.597,193560222.15901,0
1786478400000,1881.18,1884.83,1878.48,1881.56,95198.980,1786481999999,179066424.87795,104487,47361.032,89088373.02814,0
1786482000000,1881.56,1884.67,1879.63,1883.81,75000.413,1786485599999,141159030.61412,75472,35449.201,66717407.12122,0
1786485600000,1883.80,1886.95,1879.00,1881.63,71553.649,1786489199999,134744772.74143,75880,34612.213,65178303.63558,0
1786489200000,1881.64,1883.81,1878.06,1881.80,40052.164,1786492799999,75329859.95104,52107,19298.566,36300652.02692,0
1786492800000,1881.79,1882.92,1880.00,1881.73,35894.134,1786496399999,67530202.47906,63687,18365.022,34552578.44523,0
1786496400000,1881.72,1885.96,1880.34,1884.13,45465.344,1786499999999,85631556.32834,66748,25302.148,47656232.09833,0
1786500000000,1884.13,1887.56,1882.89,1883.85,50346.700,1786503599999,94896480.18116,65001,23701.104,44677955.50335,0
1786503600000,1883.85,1886.46,1882.03,1885.77,37928.284,1786507199999,71471299.98370,52882,17648.109,33257890.80122,0
1786507200000,1885.76,1892.83,1884.55,1888.61,92364.712,1786510799999,174468836.20801,77986,49996.218,94440476.77529,0
1786510800000,1888.60,1891.59,1885.53,1890.70,43987.863,1786514399999,83104098.81498,51913,20691.691,39095108.76046,0
1786514400000,1890.69,1890.70,1884.44,1886.83,59893.453,1786517999999,112996948.69229,66530,26423.384,49849885.80811,0
1786518000000,1886.83,1890.92,1884.61,1890.82,55947.878,1786521599999,105651277.98330,61602,25769.638,48671342.30112,0
1786521600000,1890.82,1895.45,1889.65,1890.10,98463.415,1786525199999,186334714.40563,83558,49834.662,94318170.54603,0
1786525200000,1890.09,1909.00,1889.07,1905.11,253390.132,1786528799999,481938667.18194,218926,147077.193,279717384.57847,0
1786528800000,1905.10,1915.00,1905.06,1908.31,203134.729,1786532399999,388107704.58745,162664,97326.810,185963509.06257,0
1786532400000,1908.31,1915.55,1906.41,1914.87,98921.531,1786535999999,189119787.19186,93175,55027.801,105202539.12360,0
1786536000000,1914.87,1924.97,1904.60,1910.59,457888.993,1786539599999,875885699.29333,350616,235807.393,451061758.36990,0
1786539600000,1910.58,1911.72,1898.75,1900.38,211875.472,1786543199999,403591566.23388,271395,110739.250,210952156.28595,0
1786543200000,1900.38,1902.98,1883.66,1886.76,440826.579,1786546799999,834263610.21164,428500,195952.426,370926711.10736,0
1786546800000,1886.76,1895.52,1883.33,1891.64,142492.549,1786550399999,269511061.73983,187879,81329.222,153829424.13970,0
1786550400000,1891.64,1894.90,1888.16,1889.84,87205.983,1786553999999,164926161.51301,113876,42404.934,80201909.44809,0
1786554000000,1889.85,1891.15,1884.10,1887.30,73766.618,1786557599999,139244631.72570,93119,37837.814,71429277.84310,0
1786557600000,1887.30,1890.58,1884.61,1884.71,49047.710,1786561199999,92552225.71436,79122,24725.624,46661227.32814,0
1786561200000,1884.70,1886.00,1876.73,1878.61,112346.817,1786564799999,211288604.89171,120884,47522.726,89391387.63048,0
1786564800000,1878.60,1887.00,1876.54,1885.92,63038.346,1786568399999,118664324.20274,77711,38231.004,71979714.51589,0
1786568400000,1885.92,1888.86,1872.00,1877.19,115383.699,1786571999999,216829242.39694,129523,49876.374,93766407.89902,0
1786572000000,1877.19,1880.44,1874.73,1877.55,46434.375,1786575599999,87198250.70930,86858,24556.174,46116936.60085,0
1786575600000,1877.54,1879.37,1873.83,1878.80,55401.652,1786579199999,103972911.86496,78824,28459.873,53413408.26000,0
1786579200000,1878.79,1884.84,1876.49,1879.48,119607.856,1786582799999,224917184.39248,123101,71326.619,134134399.13005,0
1786582800000,1879.48,1882.15,1874.29,1877.41,67006.326,1786586399999,125815535.01956,101444,33377.878,62682300.51335,0
1786586400000,1877.41,1882.72,1872.29,1881.26,86748.088,1786589999999,162871961.74808,93494,39534.023,74218828.24474,0
1786590000000,1881.26,1888.33,1881.00,1886.70,115594.848,1786593599999,217833488.22738,96748,63902.586,120424887.05738,0
1786593600000,1886.70,1894.39,1884.69,1891.62,91133.535,1786597199999,172219903.51232,93631,52450.326,99123090.29062,0
1786597200000,1891.62,1899.60,1891.02,1895.08,152820.975,1786600799999,289828085.20999,139342,83028.103,157459330.92533,0
1786600800000,1895.07,1897.68,1891.03,1897.67,67075.690,1786604399999,127023641.71697,72606,30100.377,57009082.54129,0
1786604400000,1897.68,1898.00,1894.37,1894.62,35128.242,1786607999999,66608381.68871,42425,14418.857,27339984.73009,0
1786608000000,1894.62,1896.19,1887.38,1889.18,73685.558,1786611599999,139353085.48158,64499,29611.450,56003479.20987,0
1786611600000,1889.19,1890.18,1880.40,1889.02,116236.870,1786615199999,219172310.23583,90232,62417.504,117713674.16282,0
1786615200000,1889.01,1889.65,1881.01,1882.29,152030.707,1786618799999,286413748.50653,103910,70645.231,133072884.06887,0
1786618800000,1882.29,1882.80,1874.43,1879.48,135979.550,1786622399999,255384146.62950,112198,63741.255,119711073.61102,0
1786622400000,1879.49,1889.52,1878.13,1888.07,119526.603,1786625999999,225287120.54441,122724,65037.183,122585318.92698,0
1786626000000,1888.08,1894.79,1886.00,1889.63,171216.570,1786629599999,323725548.59100,204166,89882.719,169948326.40821,0
1786629600000,1889.64,1896.86,1887.67,1892.63,132615.728,1786633199999,251068966.45089,174285,70563.742,133598856.47011,0
1786633200000,1892.63,1895.32,1877.98,1879.19,190415.371,1786636799999,359242690.94813,181278,87798.122,165679272.18647,0
1786636800000,1879.19,1884.00,1862.11,1873.99,458701.122,1786640399999,858735619.85890,340905,209909.434,393032441.62496,0
1786640400000,1873.99,1880.41,1872.82,1876.05,108300.293,1786643999999,203234128.08300,132097,57805.403,108477004.27758,0
1786644000000,1876.04,1886.59,1875.69,1884.64,83886.084,1786647599999,157814311.57111,103150,47462.762,89308325.77555,0
1786647600000,1884.65,1891.96,1884.14,1886.62,121037.523,1786651199999,228457960.61744,128409,57533.249,108597310.71747,0
1786651200000,1886.62,1888.80,1884.43,1885.27,42385.687,1786654799999,79957581.96101,59415,21104.629,39817807.88537,0
1786654800000,1885.27,1888.69,1885.04,1887.87,25918.685,1786658399999,48911438.81701,41422,13501.513,25477432.79648,0
1786658400000,1887.88,1892.40,1887.67,1888.44,59400.116,1786661999999,112254149.80151,69050,28891.275,54600666.39435,0
1786662000000,1888.45,1888.54,1883.51,1885.39,43666.546,1786665599999,82336958.52520,46781,20067.386,37838963.65711,0
1786665600000,1885.38,1889.00,1882.46,1888.73,50217.515,1786669199999,94712348.59778,77707,27992.403,52803120.61457,0
1786669200000,1888.73,1889.36,1883.96,1888.59,45389.279,1786672799999,85645083.22909,75503,23913.083,45125664.79922,0
1786672800000,1888.58,1890.69,1885.15,1885.75,35147.733,1786676399999,66344189.64824,53327,14835.236,28003649.79080,0
1786676400000,1885.74,1888.34,1881.21,1882.25,66006.073,1786679999999,124367252.01782,70921,28844.084,54347011.89914,0
1786680000000,1882.24,1887.00,1881.18,1883.91,36612.222,1786683599999,68989782.37842,46272,19798.928,37307661.38138,0
1786683600000,1883.91,1884.75,1879.24,1883.08,53146.642,1786687199999,100022481.40064,54236,23070.045,43421661.61462,0
1786687200000,1883.08,1883.09,1871.60,1871.76,132520.829,1786690799999,248618523.81698,101833,53700.321,100747233.82925,0
1786690800000,1871.76,1877.46,1871.23,1872.34,87469.247,1786694399999,163959295.00076,79769,48420.978,90770871.65237,0
1786694400000,1872.34,1877.76,1868.08,1877.76,152760.358,1786697999999,286013434.42762,118229,80475.694,150703469.25354,0
1786698000000,1877.77,1877.97,1870.42,1872.30,61895.029,1786701599999,115997778.81923,72421,28296.303,53031751.70468,0
1786701600000,1872.30,1877.30,1871.56,1875.20,52491.839,1786705199999,98442737.68103,64247,26707.187,50088182.80955,0
1786705200000,1875.20,1880.86,1873.99,1877.33,64259.075,1786708799999,120640066.86186,71358,34612.674,64980181.52280,0
1786708800000,1877.34,1878.75,1871.88,1872.53,66211.011,1786712399999,124140839.13233,96814,28193.499,52863587.55528,0
1786712400000,1872.53,1873.00,1865.08,1869.07,172298.379,1786715999999,321984216.81798,229827,80182.162,149845596.77096,0
1786716000000,1869.08,1872.73,1863.20,1866.00,139432.200,1786719599999,260371961.53207,198850,66992.858,125122715.77939,0
1786719600000,1866.01,1884.00,1865.20,1880.72,189195.060,1786723199999,355174945.53151,176949,108848.965,204309267.00540,0
1786723200000,1880.73,1887.70,1878.52,1884.74,127468.376,1786726799999,240041219.29824,123738,63724.071,120014101.12750,0
1786726800000,1884.75,1887.00,1875.48,1877.90,91656.980,1786730399999,172472259.17151,100083,37515.024,70598481.41476,0
1786730400000,1877.90,1878.21,1872.70,1875.05,68811.115,1786733999999,129079390.68227,78994,32784.198,61500760.26169,0
1786734000000,1875.04,1881.00,1872.89,1879.91,49044.471,1786737599999,92050285.74514,68371,29414.528,55209577.54282,0
1786737600000,1879.91,1880.90,1877.86,1879.49,22356.495,1786741199999,42018420.36765,37816,9614.177,18069705.54289,0
1786741200000,1879.49,1880.58,1876.38,1878.53,30049.866,1786744799999,56440854.82126,56476,14252.651,26769309.85613,0
1786744800000,1878.52,1880.40,1875.21,1878.80,30510.490,1786748399999,57295374.17301,48294,15463.102,29037184.23958,0
1786748400000,1878.81,1881.87,1877.44,1881.39,29902.211,1786751999999,56211293.86221,42804,16287.501,30621011.31639,0
1786752000000,1881.38,1882.69,1880.68,1881.70,24331.894,1786755599999,45784338.07628,33198,11054.259,20800265.42139,0
1786755600000,1881.70,1883.88,1880.01,1883.35,26272.211,1786759199999,49451001.40921,30779,13373.370,25175156.21907,0
1786759200000,1883.35,1885.16,1883.34,1884.23,30726.373,1786762799999,57892822.39226,34133,15149.229,28543173.89183,0
1786762800000,1884.23,1886.00,1881.69,1881.95,37484.998,1786766399999,70626403.06558,37918,17504.597,32983744.89997,0
1786766400000,1881.95,1884.78,1881.94,1883.62,19705.407,1786769999999,37115776.48421,24661,10482.284,19743104.51933,0
1786770000000,1883.63,1884.46,1878.76,1879.84,34299.316,1786773599999,64528531.43611,37444,14016.699,26371570.25587,0
1786773600000,1879.84,1882.80,1879.03,1881.38,38880.274,1786777199999,73115638.72622,31707,22268.643,41875268.66134,0
1786777200000,1881.37,1881.81,1879.23,1879.60,19699.850,1786780799999,37047093.43466,25857,10635.008,20000738.45917,0
1786780800000,1879.59,1880.68,1875.50,1876.16,45298.656,1786784399999,85076101.56197,38435,21096.708,39627283.74776,0
1786784400000,1876.16,1880.55,1874.61,1879.55,37729.605,1786787999999,70832050.06959,35848,24142.535,45328526.78030,0
1786788000000,1879.55,1880.61,1877.67,1880.24,21872.640,1786791599999,41099679.33483,29770,12546.782,23577150.66496,0
1786791600000,1880.24,1880.49,1878.30,1878.56,15148.239,1786795199999,28468809.27976,21146,6781.670,12745414.59986,0
1786795200000,1878.56,1883.20,1877.23,1883.00,28363.370,1786798799999,53311854.11537,32177,17715.977,33303001.55474,0
1786798800000,1883.01,1884.36,1881.45,1882.79,45111.159,1786802399999,84937414.85196,42229,21738.974,40931165.63465,0
1786802400000,1882.78,1883.80,1880.58,1882.68,26848.039,1786805999999,50533340.66778,28799,11586.556,21810132.07839,0
1786806000000,1882.67,1885.18,1882.34,1884.09,33354.432,1786809599999,62840433.08892,33121,18939.993,35684559.61118,0
1786809600000,1884.08,1884.94,1883.08,1884.05,24672.908,1786813199999,46484710.39743,26886,11408.929,21495511.38811,0
1786813200000,1884.04,1885.76,1882.11,1883.62,26346.898,1786816799999,49632746.02323,27246,12793.075,24100995.68240,0
1786816800000,1883.62,1885.07,1881.77,1881.97,16555.627,1786820399999,31174884.15633,20317,8008.856,15080352.09420,0
1786820400000,1881.96,1884.16,1881.92,1883.67,11659.053,1786823999999,21955955.76444,16050,6706.625,12629087.15795,0
1786824000000,1883.66,1883.67,1881.82,1882.44,9039.163,1786827599999,17016853.80863,13879,3351.398,6308727.71511,0
1786827600000,1882.43,1884.58,1882.43,1884.14,12404.065,1786831199999,23365934.23339,17972,6557.212,12351182.84477,0
1786831200000,1884.14,1884.73,1883.26,1883.71,16887.227,1786834799999,31816711.69572,22773,7482.911,14098553.77901,0
1786834800000,1883.72,1883.72,1880.98,1881.73,26883.067,1786838399999,50597293.71198,29939,11263.986,21199778.25038,0
1786838400000,1881.73,1882.38,1880.65,1881.54,20881.048,1786841999999,39290083.85230,24281,8699.781,16369491.36934,0
1786842000000,1881.54,1881.54,1876.01,1879.70,46843.425,1786845599999,88020741.03845,46207,21376.386,40169113.80171,0
1786845600000,1879.70,1884.43,1878.21,1882.77,53824.331,1786849199999,101321408.23442,50947,27597.721,51948808.71058,0
1786849200000,1882.77,1883.27,1881.83,1882.15,18346.842,1786852799999,34539501.17215,20462,7482.824,14087437.13669,0
1786852800000,1882.14,1883.60,1879.59,1880.76,29845.240,1786856399999,56158074.23520,25038,12859.055,24197564.51639,0
1786856400000,1880.76,1881.16,1878.00,1879.01,28965.868,1786859999999,54445093.41825,29012,11763.070,22110406.12946,0
1786860000000,1879.01,1880.84,1878.00,1879.80,31435.771,1786863599999,59079020.54214,26286,17495.100,32879989.64621,0
1786863600000,1879.81,1880.95,1878.88,1880.73,13956.589,1786867199999,26241015.26644,17211,7771.261,14611352.29501,0
1786867200000,1880.72,1880.73,1879.57,1879.88,16217.653,1786870799999,30490263.65475,17260,5810.785,10924279.74166,0
1786870800000,1879.88,1881.57,1878.23,1879.32,29706.455,1786874399999,55847750.23510,27256,13224.515,24862414.68337,0
1786874400000,1879.32,1880.36,1878.70,1879.94,19530.416,1786877999999,36704996.51835,23591,9590.310,18023689.78206,0
1786878000000,1879.93,1880.27,1879.30,1880.14,14027.922,1786881599999,26369188.69691,14292,5612.261,10549576.85588,0
1786881600000,1880.14,1880.15,1878.40,1878.95,19296.852,1786885199999,36262146.99094,17911,8599.023,16159224.35258,0
1786885200000,1878.95,1881.12,1878.94,1880.94,18892.819,1786888799999,35524370.66424,23367,10735.431,20185406.66244,0
1786888800000,1880.95,1883.62,1880.34,1882.51,40273.197,1786892399999,75800456.90796,34654,17022.527,32038740.83615,0
1786892400000,1882.52,1884.29,1880.83,1883.22,33222.517,1786895999999,62556434.44241,31712,15306.049,28823437.22920,0
1786896000000,1883.23,1891.93,1883.22,1888.60,122345.970,1786899599999,230972989.24253,104651,73828.130,139372591.16739,0
1786899600000,1888.60,1890.42,1882.72,1884.20,61306.237,1786903199999,115621516.97540,60013,26363.433,49723285.31669,0
1786903200000,1884.19,1885.55,1881.64,1884.54,34534.114,1786906799999,65062353.15822,38820,14702.183,27699545.30141,0
1786906800000,1884.55,1887.95,1883.46,1884.88,28151.519,1786910399999,53086741.96058,38875,13394.856,25260614.52270,0
1786910400000,1884.88,1886.67,1880.60,1881.08,33537.787,1786913999999,63168878.88759,44374,14153.157,26657837.73892,0
1786914000000,1881.08,1881.97,1868.01,1874.59,139613.224,1786917599999,261749959.55034,114264,55529.204,104123760.45585,0
1786917600000,1874.59,1877.29,1868.10,1875.32,102222.091,1786921199999,191424537.56564,119238,48599.786,91015388.76937,0
1786921200000,1875.32,1876.78,1872.50,1875.22,44689.364,1786924799999,83776213.63197,58957,23082.697,43272689.27612,0
1786924800000,1875.21,1879.60,1871.61,1878.12,66201.357,1786928399999,124159983.36155,85556,38379.055,71990297.30717,0
1786928400000,1878.12,1897.34,1877.44,1890.71,285068.559,1786931999999,538980249.80775,268955,152221.714,287786555.93138,0
1786932000000,1890.72,1907.89,1887.64,1901.76,227919.829,1786935599999,432653051.64788,181552,132378.835,251314586.77361,0
1786935600000,1901.76,1903.74,1897.06,1900.19,115212.693,1786939199999,218948106.37250,111691,51427.818,97733560.90047,0
1786939200000,1900.20,1904.00,1900.19,1902.60,69388.543,1786942799999,131999166.05419,74627,31391.045,59713775.61496,0
1786942800000,1902.60,1903.24,1897.11,1898.85,52978.372,1786946399999,100661250.16653,62198,23289.657,44255180.55224,0
1786946400000,1898.85,1911.66,1896.85,1906.19,144422.785,1786949999999,275152660.16105,113201,81310.694,154925756.70676,0
1786950000000,1906.18,1907.00,1899.90,1900.09,81975.773,1786953599999,156023110.00948,75036,35943.810,68414957.38855,0
1786953600000,1900.09,1900.89,1890.60,1893.31,162427.324,1786957199999,307672796.15943,127019,82156.248,155614121.80504,0
1786957200000,1893.32,1896.99,1892.30,1893.02,60727.135,1786960799999,115038025.57016,61073,30599.947,57971154.30689,0
1786960800000,1893.02,1908.75,1891.25,1906.27,146062.090,1786964399999,277724946.30701,131931,78982.975,150176247.82643,0
1786964400000,1906.27,1907.80,1903.13,1903.75,78938.477,1786967999999,150411999.55977,74981,36224.453,69021884.53043,0
1786968000000,1903.75,1905.87,1895.81,1898.10,113361.980,1786971599999,215360668.06452,111785,62096.272,117965979.62086,0
1786971600000,1898.11,1908.48,1895.22,1904.02,179264.130,1786975199999,340975682.14962,187322,90883.060,172823111.55409,0
1786975200000,1904.02,1909.98,1897.33,1908.77,129393.536,1786978799999,246275531.02003,159476,66524.283,126608001.36539,0
1786978800000,1908.77,1914.85,1903.57,1912.45,198946.803,1786982399999,379797744.90085,195147,101150.840,193139927.25961,0
1786982400000,1912.44,1913.23,1904.29,1906.21,86743.165,1786985999999,165557442.17641,106675,42699.547,81494616.64507,0
1786986000000,1906.21,1913.54,1903.39,1907.96,103183.872,1786989599999,196940264.44753,142041,51969.571,99198146.72389,0
1786989600000,1907.95,1912.09,1906.32,1909.12,67868.757,1786993199999,129583400.35750,87753,39121.637,74699237.72866,0
1786993200000,1909.12,1909.93,1905.63,1906.28,44045.716,1786996799999,84013318.43461,62234,20494.087,39088702.26455,0
1786996800000,1906.27,1909.80,1903.81,1905.76,50569.994,1787000399999,96408378.06324,65866,22785.427,43436079.69783,0
1787000400000,1905.75,1907.97,1905.10,1905.58,22257.118,1787003999999,42425858.15857,40593,11964.925,22806732.87929,0
1787004000000,1905.57,1907.17,1902.58,1903.59,33927.901,1787007599999,64601314.58218,46450,17250.363,32847303.47550,0
1787007600000,1903.59,1918.00,1903.00,1912.70,119768.353,1787011199999,229114100.66204,101734,63042.569,120601279.80375,0
1787011200000,1912.70,1913.63,1907.77,1909.40,49778.920,1787014799999,95083780.78076,67946,25416.412,48545363.74443,0
1787014800000,1909.40,1909.58,1898.69,1900.46,99088.953,1787018399999,188556222.37250,93281,45543.388,86666378.56723,0
1787018400000,1900.45,1902.66,1888.23,1892.13,199807.198,1787021999999,378572601.49399,168494,87031.043,164924742.68043,0
1787022000000,1892.13,1894.60,1884.20,1893.68,171567.076,1787025599999,324330608.50103,141393,88840.438,167963797.80782,0
1787025600000,1893.67,1896.87,1890.54,1895.77,58689.418,1787029199999,111179254.71418,57918,32440.030,61455310.32384,0
1787029200000,1895.77,1897.80,1891.68,1894.57,58739.213,1787032799999,111309276.93272,63524,27366.612,51866532.65509,0
1787032800000,1894.56,1906.25,1892.58,1902.02,115939.473,1787036399999,220391211.11851,94454,61960.153,117781413.81380,0
1787036400000,1902.02,1902.58,1896.19,1897.69,55202.684,1787039999999,104860028.55899,66421,25821.701,49047156.68943,0
1787040000000,1897.69,1901.07,1892.68,1899.36,71444.666,1787043599999,135513605.89834,83483,35918.832,68134879.08719,0
1787043600000,1899.35,1899.35,1894.52,1895.83,38517.634,1787047199999,73033468.74683,50394,20667.359,39185778.55106,0
1787047200000,1895.84,1898.40,1894.14,1897.09,34069.791,1787050799999,64608912.31214,42455,20124.233,38163555.19921,0
1787050800000,1897.09,1904.99,1896.66,1902.31,84610.594,1787054399999,160936111.26081,74972,47045.987,89476825.82919,0
1787054400000,1902.31,1903.28,1898.13,1898.47,41569.144,1787057999999,78992069.52580,51531,18451.885,35061666.72994,0
1787058000000,1898.46,1899.26,1893.07,1897.05,122499.168,1787061599999,232269273.76006,126609,57545.450,109110433.04266,0
1787061600000,1897.05,1922.72,1896.18,1910.18,487922.429,1787065199999,933158949.77805,355533,249140.382,476474242.17309,0
1787065200000,1910.17,1918.85,1907.50,1916.88,207934.340,1787068799999,398125437.73195,190725,105272.860,201557118.61090,0
1787068800000,1916.88,1921.69,1911.62,1917.65,124108.132,1787072399999,237836026.48590,112847,71668.234,137357395.95343,0
1787072400000,1917.65,1917.77,1910.30,1910.37,80518.103,1787075999999,154090297.87137,76783,29464.651,56391122.89495,0
1787076000000,1910.38,1916.68,1909.59,1915.65,50499.280,1787079599999,96654506.69024,56058,30683.031,58731702.74152,0
1787079600000,1915.64,1916.72,1912.22,1912.57,41568.592,1787083199999,79575159.43767,49524,15936.450,30508860.97117,0
1787083200000,1912.57,1915.13,1910.84,1911.96,43448.498,1787086799999,83101698.63006,50928,24647.190,47142885.37338,0
1787086800000,1911.96,1914.13,1910.11,1911.21,26104.358,1787090399999,49915992.02173,36516,13458.237,25734260.49137,0
1787090400000,1911.22,1914.58,1910.70,1912.43,35668.247,1787093999999,68228408.93115,50086,19385.190,37080422.96812,0
1787094000000,1912.43,1919.63,1912.10,1917.10,57102.599,1787097599999,109485788.60709,56446,32265.080,61862295.15273,0
1787097600000,1917.09,1918.42,1911.00,1912.63,80406.186,1787101199999,153918049.62907,103411,39322.227,75276632.26285,0
1787101200000,1912.62,1917.31,1911.16,1912.82,75667.804,1787104799999,144800151.37871,98545,42344.601,81028785.13584,0
1787104800000,1912.82,1912.91,1906.15,1906.83,86795.510,1787108399999,165691135.96960,92614,40681.951,77670001.92534,0
1787108400000,1906.84,1914.82,1905.20,1911.21,78683.155,1787111999999,150322148.68000,87360,44200.841,84451425.42402,0
1787112000000,1911.20,1913.70,1909.14,1909.78,39557.372,1787115599999,75587710.99959,50535,20004.303,38224206.53719,0
1787115600000,1909.77,1913.32,1908.85,1909.19,33951.101,1787119199999,64884729.15903,53404,17125.909,32730989.38625,0
1787119200000,1909.19,1916.88,1905.27,1916.87,127366.566,1787122799999,243350036.36839,103767,67024.754,128083010.90882,0
1787122800000,1916.87,1920.72,1914.61,1915.14,143388.308,1787126399999,275012702.60717,106361,73768.455,141491711.37694,0
1787126400000,1915.14,1929.80,1914.36,1920.75,204534.229,1787129999999,393352181.84581,136320,116685.209,224405231.10696,0
1787130000000,1920.75,1923.18,1917.23,1918.30,63899.030,1787133599999,122693133.30095,65599,28934.212,55552758.14526,0
1787133600000,1918.30,1919.41,1916.45,1919.27,53782.751,1787137199999,103146749.67740,51014,27350.550,52453139.41154,0
1787137200000,1919.27,1925.43,1919.00,1922.34,95853.576,1787140799999,184295526.75860,77928,46457.353,89312031.23759,0
1787140800000,1922.35,1942.79,1921.60,1936.33,347900.602,1787144399999,672501753.12414,257065,197908.864,382581796.16592,0
1787144400000,1936.33,1940.94,1927.12,1931.76,343898.402,1787147999999,664770035.25170,309353,177984.181,344035125.14629,0
1787148000000,1931.77,1979.77,1931.72,1969.89,664373.741,1787151599999,1298647909.29094,578097,385512.180,753527268.93318,0
1787151600000,1969.90,2132.00,1966.30,2085.16,2195380.032,1787155199999,4491380992.89485,2025362,1212601.332,2478452851.24837,0
1787155200000,2085.15,2107.38,2081.53,2088.75,698831.918,1787158799999,1463511828.32955,760169,344877.379,722402434.40593,0
1787158800000,2088.75,2092.55,2065.22,2090.09,388524.474,1787162399999,807735746.18141,484292,193402.295,402145902.71146,0
1787162400000,2090.09,2091.78,2077.99,2090.81,175439.174,1787165999999,365963444.24838,264487,83721.231,174662802.10709,0
1787166000000,2090.82,2104.93,2087.78,2100.97,273921.577,1787169599999,574347949.72227,336732,130849.232,274411262.94173,0
1787169600000,2100.97,2248.00,2100.93,2218.06,1170654.261,1787173199999,2540950891.49044,984660,686143.213,1488465103.21070,0
1787173200000,2218.06,2336.82,2215.91,2286.12,1515001.066,1787176799999,3450714601.60620,1812014,764667.764,1741368382.99708,0
1787176800000,2286.12,2290.23,2239.48,2249.61,625883.318,1787180399999,1415589005.23836,621862,325334.021,735797072.38446,0
1787180400000,2249.61,2262.00,2242.67,2252.16,210151.736,1787183999999,472944614.94051,321426,107603.063,242195257.20682,0
1787184000000,2252.17,2273.32,2251.20,2261.70,289385.316,1787187599999,654820642.64063,406675,148099.811,335156323.82340,0
1787187600000,2261.71,2269.88,2248.73,2265.67,250588.721,1787191199999,566059721.74839,326291,124830.478,282039351.54540,0
1787191200000,2265.67,2270.00,2248.86,2251.29,171869.293,1787194799999,388267908.64483,241652,82151.405,185567331.38357,0
1787194800000,2251.28,2257.92,2222.00,2250.86,437559.246,1787198399999,979692495.65371,443669,222453.426,498174164.69452,0
1787198400000,2250.87,2259.00,2247.56,2249.80,133516.077,1787201999999,300843456.33542,178985,62159.628,140066950.72804,0
1787202000000,2249.81,2256.48,2242.93,2247.88,110491.103,1787205599999,248631620.01842,179216,51666.241,116264003.76254,0
1787205600000,2247.88,2267.15,2238.23,2262.10,299228.733,1787209199999,674483584.40491,319538,162469.126,366305583.95338,0
1787209200000,2262.10,2263.33,2244.01,2251.49,204750.661,1787212799999,461138790.49429,229908,96955.611,218367774.60926,0
1787212800000,2251.49,2288.00,2248.84,2281.92,592733.027,1787216399999,1347723602.15041,577989,305762.271,695216818.30860,0
1787216400000,2281.92,2298.21,2273.76,2278.30,457471.462,1787219999999,1046154355.30759,489613,227392.146,520218990.49430,0
1787220000000,2278.29,2294.91,2275.01,2286.34,208012.923,1787223599999,475304301.51849,309141,112870.399,257917586.12195,0
1787223600000,2286.33,2318.78,2281.43,2295.60,498758.455,1787227199999,1148365544.39220,547724,263290.510,606197936.67436,0
1787227200000,2295.59,2299.94,2267.03,2289.57,512036.196,1787230799999,1167396087.45858,577433,252293.446,575262480.06382,0
1787230800000,2289.57,2297.73,2253.55,2276.03,510213.989,1787234399999,1161363068.38788,650761,233585.913,531824384.33881,0
1787234400000,2276.04,2288.46,2270.41,2280.12,246574.526,1787237999999,561877764.46280,462297,121840.299,277662522.41986,0
1787238000000,2280.13,2338.08,2280.13,2325.12,885960.045,1787241599999,2045098267.35117,873439,458317.612,1058247588.44411,0
1787241600000,2325.12,2359.68,2313.09,2343.94,562846.036,1787245199999,1314262875.89513,677563,297665.247,695440347.56843,0
1787245200000,2343.94,2350.62,2331.61,2343.10,236653.655,1787248799999,554180761.32615,391190,115126.068,269615163.33268,0
1787248800000,2343.10,2346.99,2308.50,2315.21,377089.250,1787252399999,876613689.80609,451121,158119.083,367490445.21207,0
1787252400000,2315.20,2332.02,2310.74,2322.72,173198.720,1787255999999,402556036.09842,278803,91847.553,213489238.88074,0
1787256000000,2322.73,2330.51,2312.15,2317.55,110415.994,1787259599999,256320617.20391,195802,53488.240,124170004.20315,0
1787259600000,2317.55,2324.94,2312.33,2317.62,68030.891,1787263199999,157705586.65520,134198,33048.896,76623937.85693,0
1787263200000,2317.61,2318.46,2306.02,2313.33,129610.775,1787266799999,299684090.92510,194402,67630.917,156386962.32168,0
1787266800000,2313.32,2339.38,2312.07,2326.18,163454.810,1787270399999,380547079.87343,236350,87367.682,203442605.30312,0
1787270400000,2326.18,2351.00,2323.83,2339.95,320788.055,1787273999999,750382102.75436,501302,175604.167,410819569.57377,0
1787274000000,2339.95,2381.52,2337.04,2358.71,597423.164,1787277599999,1409531523.75245,776029,330089.329,779072162.12506,0
1787277600000,2358.71,2364.44,2342.00,2344.73,266165.362,1787281199999,625980005.90955,435681,124868.286,293707876.15574,0
1787281200000,2344.73,2353.60,2336.14,2339.90,203746.655,1787284799999,477986839.91527,280813,101007.226,237005645.94377,0
1787284800000,2339.90,2354.92,2339.90,2353.12,108420.751,1787288399999,254573423.57341,185441,53519.159,125664961.90038,0
1787288400000,2353.12,2368.34,2348.44,2367.36,202912.940,1787291999999,478253919.35205,313788,109923.947,259155096.50542,0
1787292000000,2367.37,2384.54,2354.00,2371.51,355306.504,1787295599999,841846709.44903,489646,193796.088,459276842.92358,0
1787295600000,2371.50,2398.56,2368.00,2371.51,532140.453,1787299199999,1267620565.92815,664641,266193.538,634343312.65294,0
1787299200000,2371.50,2449.47,2369.96,2444.89,982613.609,1787302799999,2371161716.35408,947137,544020.575,1312642213.21174,0
1787302800000,2444.89,2446.99,2375.04,2403.77,818990.028,1787306399999,1967350969.29727,1041433,375588.833,902040429.38665,0
1787306400000,2403.78,2411.64,2390.11,2394.73,226388.577,1787309999999,543227749.20017,365354,108407.578,260164305.16493,0
1787310000000,2394.72,2398.95,2356.00,2370.42,487402.148,1787313599999,1157752153.89298,632874,219162.396,520661272.65226,0
1787313600000,2370.43,2397.35,2365.00,2387.75,274689.992,1787317199999,654449303.84991,380169,146772.289,349772392.22967,0
1787317200000,2387.75,2406.33,2367.13,2386.98,414929.847,1787320799999,990707135.34706,584348,211530.093,505242492.16910,0
1787320800000,2386.98,2397.30,2368.44,2393.14,311332.924,1787324399999,741878174.94044,531610,162180.350,386444338.52368,0
1787324400000,2393.14,2408.29,2390.58,2393.03,188566.070,1787327999999,452395942.97507,350776,93679.956,224783019.69664,0
1787328000000,2393.03,2413.58,2383.00,2405.13,210698.898,1787331599999,505176358.39923,354082,109225.886,261934696.33247,0
1787331600000,2405.13,2427.18,2401.21,2422.98,301322.676,1787335199999,728127482.07403,432296,168277.410,406715940.85744,0
1787335200000,2422.98,2431.86,2394.44,2419.80,300629.494,1787338799999,725683108.67611,359726,139619.300,337084285.11913,0
1787338800000,2419.80,2420.18,2406.31,2412.41,110706.815,1787342399999,267215452.66445,216073,46237.308,111616245.08847,0
1787342400000,2412.42,2447.49,2407.54,2440.07,275066.349,1787345999999,669311619.30366,399037,150188.815,365479812.87960,0
1787346000000,2440.07,2523.89,2433.12,2513.52,653363.909,1787349599999,1622528089.56867,797706,389433.393,967248738.29820,0
1787349600000,2513.50,2549.40,2507.29,2522.00,636191.971,1787353199999,1609608654.37740,863932,303682.488,768440518.18924,0
1787353200000,2521.99,2547.22,2509.08,2515.97,362386.346,1787356799999,915240961.57117,569123,171080.157,432195299.75196,0
1787356800000,2515.98,2522.93,2488.88,2521.69,312135.346,1787360399999,782249913.11999,526490,153761.985,385524453.64774,0
1787360400000,2521.69,2528.23,2506.22,2506.28,184459.612,1787363999999,464742532.92532,336877,89328.339,225118350.36194,0
1787364000000,2506.28,2522.52,2494.85,2515.33,218079.110,1787367599999,547016904.56652,367968,104752.584,262809941.40022,0
1787367600000,2515.33,2526.44,2510.90,2514.35,152429.655,1787371199999,383874438.61415,286756,73826.660,185933329.99926,0
1787371200000,2514.36,2529.98,2505.37,2513.88,216297.891,1787374799999,544738151.83924,346028,102943.455,259290177.96774,0
1787374800000,2513.88,2517.84,2384.00,2439.44,962299.705,1787378399999,2351754884.09611,959094,461703.090,1126894331.70934,0
1787378400000,2439.44,2443.35,2408.68,2436.94,246526.966,1787381999999,598668758.59860,439183,110680.720,268915717.33387,0
1787382000000,2436.95,2447.41,2425.20,2432.54,165303.332,1787385599999,402775841.51947,311623,80513.151,196231996.45160,0
1787385600000,2432.55,2440.43,2411.00,2425.34,206452.587,1787389199999,500433433.87942,331322,94931.263,230145032.03334,0
1787389200000,2425.34,2429.09,2411.52,2421.49,122343.396,1787392799999,296198361.84232,260623,61460.416,148803515.26302,0
1787392800000,2421.50,2422.43,2387.00,2412.14,353030.870,1787396399999,848831543.21221,556154,154247.660,371020852.05534,0
1787396400000,2412.14,2426.32,2404.50,2423.41,120222.061,1787399999999,290534045.74174,237833,58453.933,141272076.01854,0
1787400000000,2423.40,2437.60,2418.52,2427.31,146210.586,1787403599999,355293176.93364,255437,71360.854,173434528.40710,0
1787403600000,2427.30,2432.66,2420.72,2429.35,83188.938,1787407199999,201830819.22462,176459,37588.388,91213989.47769,0
1787407200000,2429.35,2430.82,2408.08,2413.02,145121.840,1787410799999,350667965.62011,254280,66118.736,159763632.87450,0
1787410800000,2413.01,2416.31,2405.07,2410.37,88099.066,1787414399999,212335460.44578,195710,42340.206,102058888.02120,0
1787414400000,2410.36,2429.26,2408.27,2421.89,110686.605,1787417999999,267950324.43034,195243,58507.935,141621455.62670,0
1787418000000,2421.90,2431.41,2415.96,2425.90,74094.810,1787421599999,179594093.71210,139465,34397.849,83397339.05500,0
1787421600000,2425.91,2433.94,2421.05,2426.54,62046.255,1787425199999,150662281.52188,134211,33598.391,81594972.56041,0
1787425200000,2426.53,2444.30,2423.42,2438.18,98465.550,1787428799999,239777986.56555,136901,58039.825,141347920.14657,0
1787428800000,2438.19,2442.78,2426.85,2431.02,58071.390,1787432399999,141419523.74198,98171,21110.583,51428242.56134,0
1787432400000,2431.02,2431.16,2401.64,2406.39,183175.988,1787435999999,442339624.43005,202758,72554.086,175211604.36930,0
1787436000000,2406.39,2424.54,2403.37,2413.17,115072.533,1787439599999,277943523.60458,200982,57127.938,138003663.30852,0
1787439600000,2413.17,2426.22,2409.54,2421.40,43552.801,1787443199999,105337414.96534,104796,21907.455,52985199.31589,0
1787443200000,2421.41,2434.68,2418.35,2429.95,103667.378,1787446799999,251661513.40552,171407,54857.909,133187379.38805,0
1787446800000,2429.95,2432.45,2419.04,2422.33,113426.642,1787450399999,275061968.61153,156872,50651.426,122838323.47508,0
1787450400000,2422.33,2423.60,2405.01,2415.98,97349.101,1787453999999,235188113.56975,154902,42772.423,103368774.38086,0
1787454000000,2415.98,2418.55,2407.20,2413.19,66825.031,1787457599999,161197559.38549,133305,31176.076,75210100.45744,0
1787457600000,2413.20,2416.57,2371.20,2378.24,384695.979,1787461199999,919550898.03829,390049,157423.828,376473670.33936,0
1787461200000,2378.24,2386.92,2355.38,2372.60,384688.608,1787464799999,913197646.08552,569457,185995.518,441628344.63435,0
1787464800000,2372.61,2397.37,2369.14,2389.35,198183.575,1787468399999,472665529.58160,326491,118390.780,282347392.33649,0
1787468400000,2389.34,2396.96,2386.00,2388.29,77966.822,1787471999999,186430905.38643,157849,36905.274,88257438.39346,0
1787472000000,2388.30,2428.29,2386.00,2412.25,279494.101,1787475599999,673818974.77603,322585,152649.716,368024080.70609,0
1787475600000,2412.24,2416.07,2402.85,2410.91,91448.288,1787479199999,220457835.83659,146771,44416.976,107097988.18387,0
1787479200000,2410.90,2420.52,2410.19,2414.80,83165.039,1787482799999,200918297.05686,124160,45724.394,110472390.69648,0
1787482800000,2414.80,2438.67,2414.08,2433.29,211838.761,1787486399999,514650855.35422,252948,124072.216,301410577.48134,0
1787486400000,2433.28,2433.29,2417.24,2426.61,117007.411,1787489999999,283622783.44690,155426,50516.404,122479516.93375,0
1787490000000,2426.62,2485.51,2426.61,2458.64,457575.940,1787493599999,1124766588.35742,546676,246063.552,604625683.32041,0
1787493600000,2458.63,2469.85,2387.00,2437.94,528421.874,1787497199999,1285708910.10946,626078,240078.473,584431426.56482,0
1787497200000,2437.94,2451.82,2420.70,2437.69,227214.758,1787500799999,553515422.93284,365771,114350.689,278701469.86220,0
1787500800000,2437.68,2459.43,2437.68,2449.70,98469.289,1787504399999,241100022.33095,187003,57578.547,141001609.45515,0
1787504400000,2449.71,2453.42,2431.46,2439.24,144784.713,1787507999999,353461920.93664,240619,62863.481,153496127.24080,0
1787508000000,2439.23,2448.84,2433.41,2447.59,76248.611,1787511599999,186284961.69131,141575,34716.651,84837302.24871,0
1787511600000,2447.59,2453.92,2436.27,2443.58,72575.250,1787515199999,177529394.48636,107480,33494.280,81946969.12497,0
1787515200000,2443.57,2449.69,2435.21,2449.22,53404.628,1787518799999,130496915.79047,110944,27080.593,66178340.66624,0
1787518800000,2449.22,2484.66,2449.21,2469.14,273010.583,1787522399999,673800535.24310,383574,146934.915,362637375.15186,0
1787522400000,2469.15,2474.00,2450.77,2454.13,124336.612,1787525999999,305824848.21651,292138,58585.437,144130773.50178,0
1787526000000,2454.12,2470.70,2440.28,2462.58,171267.065,1787529599999,420813804.78189,296766,93712.098,230340091.02445,0
1787529600000,2462.59,2465.62,2441.00,2464.60,162551.508,1787533199999,398743932.47730,311171,74611.509,183018609.62483,0
1787533200000,2464.60,2466.36,2425.80,2428.27,279222.551,1787536799999,681991610.53240,375985,119551.948,292066961.64293,0
1787536800000,2428.27,2450.79,2423.39,2442.54,149698.246,1787540399999,365186550.26016,270366,71956.507,175554797.12482,0
1787540400000,2442.53,2444.50,2423.05,2429.78,128697.509,1787543999999,313239967.84589,207720,61536.547,149796152.93120,0
1787544000000,2429.78,2446.09,2427.24,2436.72,107423.954,1787547599999,261793512.08477,179232,53437.004,130234467.54433,0
1787547600000,2436.73,2459.26,2432.75,2448.07,231773.945,1787551199999,567593569.68883,291503,122247.596,299396984.75474,0
1787551200000,2448.06,2463.56,2443.22,2455.58,145268.507,1787554799999,356394878.16768,238290,80587.773,197709264.17886,0
1787554800000,2455.58,2473.83,2451.27,2453.97,179577.165,1787558399999,442012163.49226,226217,95461.193,235043589.18033,0
1787558400000,2453.98,2458.53,2435.01,2453.62,180544.032,1787561999999,441566280.48110,245782,84091.751,205650760.31620,0
1787562000000,2453.63,2464.49,2452.20,2462.20,119216.720,1787565599999,293248930.56188,161855,54567.263,134233454.43360,0
1787565600000,2462.19,2492.84,2460.83,2464.24,368815.799,1787569199999,912732315.03459,376419,206849.104,512013746.23943,0
1787569200000,2464.23,2508.69,2453.29,2493.52,439756.868,1787572799999,1093678113.63770,538145,240520.170,598246327.76766,0
1787572800000,2493.53,2520.00,2473.05,2511.99,408887.207,1787576399999,1021528164.82927,545419,218186.477,545328950.94415,0
1787576400000,2512.00,2519.27,2475.01,2492.76,487731.579,1787579999999,1217742933.68475,766678,235460.281,587915154.97388,0
1787580000000,2492.76,2531.70,2490.07,2515.00,533911.101,1787583599999,1342133668.68292,773553,269807.964,678343751.32469,0
1787583600000,2514.99,2532.73,2477.74,2486.64,591935.335,1787587199999,1482885837.53248,698167,269234.363,674672517.99963,0
1787587200000,2486.63,2505.60,2466.21,2477.03,367977.283,1787590799999,916011525.49512,467402,176632.627,439893542.17823,0
1787590800000,2477.03,2483.23,2453.51,2467.92,449975.624,1787594399999,1109646839.42568,600542,216149.707,533070020.29532,0
1787594400000,2467.93,2483.28,2466.13,2473.21,181971.526,1787597999999,450580574.74968,289562,95919.871,237506236.03186,0
1787598000000,2473.21,2477.07,2460.57,2470.54,144401.783,1787601599999,356374994.09669,254347,59795.349,147598308.35860,0
1787601600000,2470.52,2478.31,2464.20,2474.44,72793.167,1787605199999,179875580.28817,143624,38523.375,95209249.61392,0
1787605200000,2474.44,2489.00,2474.23,2482.78,82047.324,1787608799999,203636662.80919,101678,48700.564,120906829.66364,0
1787608800000,2482.79,2484.50,2471.17,2473.38,58826.878,1787612399999,145804779.77696,133324,28701.947,71148133.89743,0
1787612400000,2473.38,2486.53,2468.95,2481.03,72974.169,1787615999999,180913535.68717,139775,32779.259,81267343.31255,0
1787616000000,2481.03,2504.66,2471.00,2492.20,204548.585,1787619599999,509144407.74895,329039,101065.133,251574203.56697,0
1787619600000,2492.19,2503.82,2483.33,2494.87,139035.621,1787623199999,346816648.18826,263561,73626.322,183687306.11809,0
1787623200000,2494.87,2533.47,2491.15,2506.94,436041.450,1787626799999,1096826311.61745,561423,225257.844,566670573.68874,0
1787626800000,2506.95,2513.71,2487.14,2497.96,199300.519,1787630399999,498454475.64782,281725,88815.799,222172352.02796,0
1787630400000,2497.96,2503.00,2487.46,2493.72,146220.748,1787633999999,364622036.51904,213409,68832.277,171643816.52656,0
1787634000000,2493.72,2511.13,2492.49,2507.61,160510.070,1787637599999,402021429.34589,214293,79207.389,198335230.65873,0
1787637600000,2507.60,2514.74,2494.26,2499.90,127554.780,1787641199999,319471964.93872,192465,58558.322,146712427.67719,0
1787641200000,2499.90,2512.23,2462.92,2477.66,286346.201,1787644799999,711798526.11036,327555,127341.006,316731139.40027,0
1787644800000,2477.65,2496.97,2473.27,2484.00,188739.617,1787648399999,469218503.48894,250878,94722.998,235505624.26855,0
1787648400000,2484.00,2492.28,2461.61,2473.62,191635.506,1787651999999,474742969.18890,281436,82095.244,203477035.25042,0
1787652000000,2473.61,2486.65,2468.61,2480.94,119573.508,1787655599999,296249749.46090,194459,64125.902,158890144.42292,0
1787655600000,2480.94,2485.24,2473.40,2477.10,92033.781,1787659199999,228102755.46301,184316,46279.192,114713517.77299,0
1787659200000,2477.09,2480.49,2456.56,2472.69,205208.936,1787662799999,506498949.72622,359068,90884.223,224351468.15764,0
1787662800000,2472.69,2476.21,2438.30,2459.99,404934.218,1787666399999,995530277.65237,657484,189849.426,466948200.11186,0
1787666400000,2460.00,2483.58,2453.00,2475.96,255302.867,1787669999999,630965705.87055,478647,140334.240,346875206.51127,0
1787670000000,2475.96,2482.70,2464.85,2481.56,139771.281,1787673599999,345765753.41531,297924,76759.135,189913137.34102,0
1787673600000,2481.56,2484.79,2465.84,2469.59,119418.168,1787677199999,295487345.31143,205714,59403.862,146994918.07996,0
1787677200000,2469.59,2470.46,2453.28,2469.93,180881.548,1787680799999,445378445.72282,239399,85959.059,211649848.02657,0
1787680800000,2469.94,2473.72,2462.69,2466.04,77868.142,1787684399999,192260663.14336,126165,40311.630,99539905.97424,0
1787684400000,2466.04,2469.13,2453.67,2462.03,74174.582,1787687999999,182529497.94152,141200,35646.346,87714058.39738,0
1787688000000,2462.03,2463.29,2432.49,2435.25,210478.664,1787691599999,514514628.54379,297650,82999.488,202967385.40295,0
1787691600000,2435.25,2443.07,2412.69,2440.80,306711.504,1787695199999,744995484.57307,368727,152924.252,371643577.95363,0
1787695200000,2440.81,2454.74,2440.81,2452.70,91889.667,1787698799999,224929434.98889,165256,44883.003,109872130.45537,0
1787698800000,2452.71,2455.95,2435.64,2441.72,86949.177,1787702399999,212718372.32059,160610,37800.448,92483845.65166,0
1787702400000,2441.72,2449.56,2434.63,2445.07,98483.014,1787705999999,240390641.73648,229870,54649.770,133407869.59102,0
1787706000000,2445.08,2461.54,2443.96,2454.99,99370.891,1787709599999,243985741.19583,181577,55622.878,136575017.48147,0
1787709600000,2455.00,2469.35,2452.88,2464.18,86808.688,1787713199999,213807710.98317,147655,45734.928,112639759.59545,0
1787713200000,2464.17,2467.43,2457.25,2464.58,60796.148,1787716799999,149728257.06151,113020,28936.875,71274871.93287,0
1787716800000,2464.57,2472.00,2454.21,2455.77,99674.961,1787720399999,245508569.85874,156495,45603.182,112362890.29344,0
1787720400000,2455.77,2467.65,2450.22,2463.85,91073.130,1787723999999,223957061.73676,185708,48963.188,120413005.92188,0
1787724000000,2463.85,2466.44,2452.19,2459.03,75908.701,1787727599999,186616069.15943,136274,44229.936,108727800.40862,0
1787727600000,2459.03,2467.59,2456.00,2460.51,66112.129,1787731199999,162850066.46026,120082,32617.217,80347573.27812,0
1787731200000,2460.52,2468.67,2452.01,2455.31,82121.742,1787734799999,202043443.54315,149801,38605.565,94993781.70226,0
1787734800000,2455.31,2459.96,2441.51,2446.80,124706.585,1787738399999,305430481.95288,215131,55987.444,137147523.05774,0
1787738400000,2446.81,2474.87,2443.52,2467.67,167469.617,1787741999999,412191698.88977,221625,91280.403,224637035.19233,0
1787742000000,2467.67,2472.30,2454.49,2462.03,109085.910,1787745599999,268777907.34338,165373,46215.442,113881371.12882,0
1787745600000,2462.03,2471.41,2442.92,2454.00,239472.686,1787749199999,588601407.90017,367619,123417.482,303387786.06944,0
1787749200000,2454.01,2463.68,2434.05,2456.16,312576.315,1787752799999,765044820.75666,456471,156260.823,382591450.58294,0
1787752800000,2456.17,2461.91,2437.38,2438.10,177410.301,1787756399999,434546214.25666,316823,82509.363,202138562.15314,0
1787756400000,2438.10,2454.87,2431.00,2448.97,198628.420,1787759999999,485263482.62359,303685,95420.900,233142270.68789,0
1787760000000,2448.98,2454.72,2436.19,2443.66,124881.247,1787763599999,305526551.58628,191521,64466.605,157733746.05184,0
1787763600000,2443.66,2466.59,2442.79,2459.94,152112.146,1787767199999,373851647.60117,222271,83263.808,204656895.98974,0
1787767200000,2459.94,2473.88,2457.83,2471.72,109778.176,1787770799999,270815774.09916,164710,62232.844,153541731.99444,0
1787770800000,2471.73,2483.48,2466.81,2469.51,157597.956,1787774399999,389907997.00816,195716,85761.060,212240194.85946,0
1787774400000,2469.51,2473.56,2458.62,2471.28,93428.322,1787777999999,230501519.96387,140670,43770.880,107984606.29137,0
1787778000000,2471.29,2504.41,2469.26,2495.89,254289.822,1787781599999,633406662.60348,295942,157229.421,391597602.05251,0
1787781600000,2495.88,2515.00,2488.47,2492.61,197833.837,1787785199999,495017153.05808,278203,108879.227,272538067.60312,0
1787785200000,2492.61,2511.69,2486.95,2505.66,167985.451,1787788799999,419826067.64112,239226,86692.008,216673402.09215,0
1787788800000,2505.66,2509.68,2490.51,2490.71,131449.921,1787792399999,328466863.69264,204523,65993.311,164899513.39425,0
1787792400000,2490.71,2505.00,2485.06,2496.81,140815.908,1787795999999,351448254.70248,230174,66839.141,166834682.41134,0
1787796000000,2496.80,2504.10,2492.08,2493.83,63224.917,1787799599999,157879801.99732,121655,30000.214,74924269.08324,0
1787799600000,2493.83,2498.33,2488.00,2491.95,94459.474,1787803199999,235451550.16687,155865,38219.147,95274069.38029,0
1787803200000,2491.95,2494.78,2482.39,2486.45,73690.765,1787806799999,183310996.70228,101030,35872.208,89234523.73974,0
1787806800000,2486.44,2497.00,2480.56,2495.52,89019.119,1787810399999,221463634.50156,131699,45868.666,114139995.00234,0
1787810400000,2495.52,2495.52,2482.77,2492.06,72215.035,1787813999999,179630214.84882,116420,35715.577,88838189.48159,0
1787814000000,2492.07,2498.14,2487.42,2496.19,66701.550,1787817599999,166286969.13881,97133,36528.993,91084249.71222,0
1787817600000,2496.18,2545.67,2496.18,2529.90,674018.365,1787821199999,1701695503.06875,636736,362395.848,914695972.79379,0
1787821200000,2529.91,2566.40,2524.07,2533.57,494160.973,1787824799999,1257906341.53662,546690,258733.873,658900965.29041,0
1787824800000,2533.57,2538.79,2483.50,2502.75,514194.093,1787828399999,1290476376.56020,546404,220531.295,553578521.48077,0
1787828400000,2502.76,2509.37,2491.00,2500.41,162936.413,1787831999999,407649106.94531,238378,74389.556,186134733.65425,0
1787832000000,2500.41,2506.15,2489.94,2493.92,108438.765,1787835599999,270989830.61988,172096,48055.618,120142186.14927,0
1787835600000,2493.92,2506.90,2481.19,2495.24,288384.664,1787839199999,718854057.65884,433570,142114.972,354486845.14497,0
1787839200000,2495.24,2522.77,2487.35,2516.23,298926.626,1787842799999,749428106.53108,485637,151647.856,380201277.22410,0
1787842800000,2516.24,2533.00,2512.41,2520.58,252682.332,1787846399999,637316944.42641,377642,130354.974,328836712.98240,0
1787846400000,2520.59,2532.49,2514.76,2521.19,152310.567,1787849999999,384349717.46035,254981,73045.955,184376991.48083,0
1787850000000,2521.18,2533.50,2513.62,2517.03,143227.132,1787853599999,361323961.53798,253245,68614.443,173162485.45274,0
1787853600000,2517.02,2517.28,2487.40,2505.64,255974.908,1787857199999,639558395.97017,322519,114525.408,286069419.53885,0
1787857200000,2505.64,2513.92,2495.72,2496.79,110140.606,1787860799999,276047862.83597,185798,50407.242,126362093.19862,0
1787860800000,2496.80,2506.98,2493.60,2506.96,66498.612,1787864399999,166281741.40233,118858,34808.006,87052508.42454,0
1787864400000,2506.96,2507.75,2497.82,2503.10,42032.016,1787867999999,105170131.12311,76704,19805.886,49556945.83176,0
1787868000000,2503.09,2516.08,2503.09,2513.80,75581.388,1787871599999,189790447.40761,126337,43495.842,109220354.31403,0
1787871600000,2513.80,2516.97,2507.68,2509.74,52376.613,1787875199999,131581659.01611,86260,27179.144,68287491.68157,0
1787875200000,2509.75,2519.39,2504.68,2514.53,90108.652,1787878799999,226379414.16219,156471,48981.164,123070234.15363,0
1787878800000,2514.53,2535.79,2506.22,2511.01,212134.345,1787882399999,534943499.76595,298207,103389.999,260768215.86424,0
1787882400000,2511.01,2511.26,2482.85,2490.77,239886.961,1787885999999,598633149.08258,287555,93078.793,232279834.75268,0
1787886000000,2490.77,2494.39,2484.81,2488.61,87404.400,1787889599999,217615037.31405,140181,44683.943,111259177.89020,0
1787889600000,2488.60,2494.99,2473.68,2484.74,165617.070,1787893199999,411543313.55443,189710,64453.053,160221505.33774,0
1787893200000,2484.74,2496.33,2481.00,2492.04,93862.820,1787896799999,233685036.39561,137519,54637.008,136038352.35686,0
1787896800000,2492.04,2504.24,2492.04,2501.70,92023.977,1787900399999,230076668.30286,121009,46010.694,115028643.28218,0
1787900400000,2501.70,2502.11,2492.69,2495.34,86589.670,1787903999999,216093196.77589,102752,30985.180,77328854.13036,0
1787904000000,2495.35,2503.00,2485.06,2487.19,85592.672,1787907599999,213379904.50411,112582,36246.394,90385111.86442,0
1787907600000,2487.18,2492.27,2482.00,2488.62,95417.105,1787911199999,237367108.46144,126462,42529.460,105830163.52593,0
1787911200000,2488.62,2508.87,2480.51,2505.52,144051.040,1787914799999,359166554.72536,159745,79138.428,197450923.66504,0
1787914800000,2505.52,2510.94,2501.10,2504.11,110677.411,1787918399999,277426556.93325,130559,52696.604,132103972.16796,0
1787918400000,2504.11,2507.38,2494.22,2497.99,72996.052,1787921999999,182464674.49566,122708,33200.237,82991351.27675,0
1787922000000,2498.00,2518.59,2494.50,2508.51,167443.266,1787925599999,419393458.21651,273549,93691.382,234686300.88438,0
1787925600000,2508.52,2526.01,2461.71,2512.04,791422.248,1787929199999,1975342951.00369,1009285,398686.807,995622894.20665,0
1787929200000,2512.04,2518.40,2467.71,2470.35,339698.257,1787932799999,846528412.29918,467864,144559.102,360466003.64489,0
1787932800000,2470.35,2472.85,2403.78,2440.83,930095.450,1787936399999,2266744164.80373,1073953,416758.349,1015515097.95129,0
1787936400000,2440.83,2447.00,2436.08,2442.45,140351.404,1787939999999,342562118.89450,284619,67349.728,164395910.04614,0
1787940000000,2442.44,2443.90,2416.67,2427.47,237806.094,1787943599999,577289579.48150,309968,117763.149,285832466.69528,0
1787943600000,2427.47,2442.65,2427.46,2434.42,100160.079,1787947199999,243833230.56486,176219,54564.387,132843440.59081,0
1787947200000,2434.43,2434.89,2423.09,2426.63,58286.325,1787950799999,141572596.73522,121823,25913.139,62942341.42778,0
1787950800000,2426.63,2430.96,2420.76,2423.99,47669.536,1787954399999,115663433.73010,100896,22933.380,55649539.45242,0
1787954400000,2423.99,2445.68,2421.57,2440.93,99782.896,1787957999999,243049891.99839,136933,64655.415,157501842.05677,0
1787958000000,2440.92,2442.11,2435.53,2441.90,44316.469,1787961599999,108079374.52568,72819,22472.255,54810527.17884,0
1787961600000,2441.91,2447.00,2439.68,2441.42,53498.055,1787965199999,130699105.91792,82810,27056.289,66102985.32589,0
1787965200000,2441.42,2444.70,2438.09,2442.44,34630.841,1787968799999,84563058.38924,53713,16843.628,41133482.00807,0
1787968800000,2442.44,2443.80,2433.96,2437.59,40954.179,1787972399999,99861986.44442,61768,15561.440,37945971.84805,0
1787972400000,2437.60,2440.50,2433.55,2434.05,36493.431,1787975999999,88933005.92230,57425,15874.829,38690559.11431,0
1787976000000,2434.06,2439.87,2433.59,2439.14,26825.945,1787979599999,65373777.79804,46356,13251.243,32292597.21868,0
1787979600000,2439.15,2440.88,2437.00,2437.80,28801.969,1787983199999,70256877.29921,42635,13381.789,32642062.95431,0
1787983200000,2437.80,2438.01,2429.04,2433.93,59000.932,1787986799999,143509364.41453,68741,22186.041,53969357.72635,0
1787986800000,2433.93,2436.98,2432.88,2435.20,30424.739,1787990399999,74083213.55743,44635,15655.620,38123111.77752,0
1787990400000,2435.20,2435.20,2430.00,2432.98,31857.215,1787993999999,77481591.56961,48631,16262.012,39551167.21296,0
1787994000000,2432.99,2436.40,2432.39,2434.21,27498.473,1787997599999,66943310.62223,44398,14932.626,36353530.09110,0
1787997600000,2434.21,2437.24,2430.25,2433.58,28821.313,1788001199999,70158058.37895,45876,15109.413,36782916.16759,0
1788001200000,2433.58,2437.54,2432.63,2434.87,21245.260,1788004799999,51745613.86868,32806,11516.060,28049181.69425,0
1788004800000,2434.87,2438.10,2432.09,2433.52,26905.479,1788008399999,65512643.86943,39859,12666.604,30844626.33997,0
1788008400000,2433.53,2435.59,2431.20,2434.59,26455.534,1788011999999,64378596.10433,44512,13136.309,31968601.89241,0
1788012000000,2434.59,2452.00,2434.00,2447.34,127746.630,1788015599999,312182250.03589,129323,76482.416,186903285.90503,0
1788015600000,2447.35,2448.02,2439.94,2443.51,63855.629,1788019199999,156015477.11875,97197,28047.200,68532488.89984,0
1788019200000,2443.51,2458.64,2443.50,2449.70,107405.117,1788022799999,263137070.54932,123898,58911.272,144361926.08212,0
1788022800000,2449.71,2454.29,2444.33,2449.34,49056.874,1788026399999,120153302.99638,81074,22334.410,54701457.29272,0
1788026400000,2449.34,2454.40,2444.35,2451.12,41177.125,1788029999999,100880108.64098,67726,22805.812,55872854.85372,0
1788030000000,2451.13,2457.87,2450.28,2452.16,55495.717,1788033599999,136234777.31455,75003,26220.187,64367142.19550,0
1788033600000,2452.16,2457.23,2450.40,2451.54,28203.391,1788037199999,69186036.26949,48258,11813.136,28979771.28290,0
1788037200000,2451.53,2452.75,2447.57,2450.34,24131.214,1788040799999,59123484.53157,43190,10007.512,24520105.20079,0
1788040800000,2450.33,2452.19,2448.22,2451.48,15869.175,1788044399999,38882619.12997,33486,8827.554,21630464.78670,0
1788044400000,2451.47,2458.75,2451.47,2456.50,37972.844,1788047999999,93215787.49395,62046,22625.146,55539438.87992,0
1788048000000,2456.50,2466.95,2453.29,2457.81,81321.026,1788051599999,200159720.56551,108988,47152.776,116081552.82292,0
1788051600000,2457.81,2459.60,2451.50,2455.44,49812.488,1788055199999,122296236.49194,76965,20338.787,49939904.49134,0
1788055200000,2455.43,2457.79,2452.55,2453.69,42503.646,1788058799999,104343719.37644,65005,17887.165,43911563.32469,0
1788058800000,2453.68,2459.44,2452.54,2456.00,29050.037,1788062399999,71347124.34269,51530,13611.847,33432175.64864,0
1788062400000,2456.00,2457.80,2450.36,2454.80,40234.535,1788065999999,98714503.82168,60293,17085.205,41921629.59879,0
1788066000000,2454.79,2459.05,2454.10,2454.99,24632.809,1788069599999,60498537.38631,39090,11090.365,27237342.52502,0
1788069600000,2455.00,2460.53,2453.97,2460.10,30153.696,1788073199999,74106835.60033,45535,17303.057,42528150.97841,0
1788073200000,2460.10,2460.12,2453.61,2454.19,29931.222,1788076799999,73523846.97541,43093,13626.944,33472668.86079,0
1788076800000,2454.19,2458.80,2453.58,2455.86,29836.529,1788080399999,73269046.05500,43149,17016.565,41786978.98250,0
1788080400000,2455.86,2457.20,2450.50,2452.61,44906.784,1788083999999,110174886.89367,56537,20942.103,51382005.59619,0
1788084000000,2452.61,2459.11,2451.40,2458.65,34598.231,1788087599999,84960453.81523,52575,20030.897,49190097.36242,0
1788087600000,2458.65,2460.98,2455.55,2459.11,37332.683,1788091199999,91782520.52226,55333,19682.428,48391356.13904,0
1788091200000,2459.11,2472.99,2456.81,2467.99,166621.294,1788094799999,410719207.75152,224121,90769.932,223788715.38576,0
1788094800000,2467.98,2477.99,2459.35,2474.16,138599.179,1788098399999,342290212.08710,167504,77371.610,191137886.76081,0
1788098400000,2474.17,2478.64,2469.35,2475.76,92133.028,1788101999999,228009804.17721,124138,44157.435,109297366.87100,0
1788102000000,2475.77,2483.52,2469.72,2479.91,92885.103,1788105599999,230046447.46933,134075,49037.282,121466220.00859,0
1788105600000,2479.92,2534.22,2477.87,2528.29,553589.559,1788109199999,1391170785.44727,616769,293641.841,737849423.52727,0
1788109200000,2528.28,2528.28,2492.68,2504.62,302046.313,1788112799999,757257023.46617,359699,138820.691,348003473.34241,0
1788112800000,2504.62,2516.66,2494.68,2509.86,109037.702,1788116399999,273337037.97327,185961,55777.065,139859090.19883,0
1788116400000,2509.87,2512.41,2495.22,2502.76,71663.439,1788119999999,179406412.83741,127385,34119.691,85411445.16228,0
1788120000000,2502.76,2507.73,2483.00,2489.59,126882.214,1788123599999,316567460.51413,194293,53996.646,134794473.16865,0
1788123600000,2489.59,2489.60,2458.17,2480.64,247579.214,1788127199999,612134662.87092,320483,118876.750,293934903.22431,0
1788127200000,2480.63,2488.08,2458.56,2469.51,148103.688,1788130799999,365939283.73613,268794,70517.535,174297603.32813,0
1788130800000,2469.52,2469.52,2384.20,2415.55,692106.209,1788134399999,1676010612.72795,939188,298157.952,721761149.86908,0
1788134400000,2415.57,2438.97,2403.95,2427.14,265805.887,1788137999999,644133645.69041,409963,127250.554,308511803.47655,0
1788138000000,2427.13,2429.56,2406.46,2412.17,160627.767,1788141599999,388381044.35415,322417,69777.090,168742711.79083,0
1788141600000,2412.16,2424.31,2400.19,2406.99,163607.057,1788145199999,394607231.13884,274962,82770.123,199699162.43789,0
1788145200000,2406.99,2423.77,2403.57,2419.95,103686.794,1788148799999,250566693.70894,161533,59692.907,144244974.53290,0
1788148800000,2419.95,2420.38,2410.15,2416.36,92667.558,1788152399999,223674317.93905,157184,40964.180,98871783.03949,0
1788152400000,2416.36,2442.00,2413.00,2434.91,211577.867,1788155999999,514301651.54644,272235,117722.370,286157923.99627,0
1788156000000,2434.92,2444.63,2430.06,2437.55,145854.115,1788159599999,355698265.78874,191116,72338.739,176419320.13352,0
1788159600000,2437.54,2445.96,2434.77,2439.02,72617.637,1788163199999,177179521.56843,139927,36008.939,87860792.96345,0
1788163200000,2439.02,2448.87,2432.35,2445.00,107633.363,1788166799999,262597539.20469,179350,55466.254,135363116.93872,0
1788166800000,2444.99,2456.37,2442.02,2445.47,113464.354,1788170399999,277811048.73156,191853,59678.080,146148338.80240,0
1788170400000,2445.48,2455.92,2439.72,2454.37,93033.446,1788173999999,227721868.81342,154001,45538.631,111495805.85298,0
1788174000000,2454.37,2456.98,2443.01,2445.10,75052.794,1788177599999,183914249.34801,131126,35566.539,87174163.50342,0
1788177600000,2445.11,2463.48,2442.56,2450.61,240310.043,1788181199999,589346378.67770,330720,135749.087,332961547.58205,0
1788181200000,2450.60,2458.55,2436.05,2439.53,174802.700,1788184799999,427711790.22340,382716,82330.818,201482082.48821,0
1788184800000,2439.54,2474.78,2436.48,2466.78,271275.707,1788188399999,666709964.41391,485533,150609.636,370187909.47475,0
1788188400000,2466.79,2477.68,2456.82,2466.40,158052.142,1788191999999,390038975.06560,318794,82060.789,202542720.34132,0
1788192000000,2466.41,2475.99,2460.64,2468.00,122925.204,1788195599999,303269515.58633,249436,63318.345,156225324.89179,0
1788195600000,2468.01,2476.66,2459.50,2474.17,114626.238,1788199199999,282906517.48452,205721,59382.987,146588856.56556,0
1788199200000,2474.17,2489.18,2467.83,2476.57,158406.258,1788202799999,392516068.01270,225782,87202.169,216129652.97328,0
1788202800000,2476.58,2490.24,2476.22,2480.77,97879.098,1788206399999,242996654.04748,164339,51901.486,128873744.33183,0
1788206400000,2480.77,2485.93,2468.55,2471.80,72145.388,1788209999999,178576898.09016,127527,31979.523,79177886.80097,0
1788210000000,2471.81,2482.46,2466.10,2477.35,64676.362,1788213599999,160062640.42723,111111,32094.844,79426215.32763,0
1788213600000,2477.35,2479.88,2466.56,2468.23,48328.089,1788217199999,119415471.83492,90743,19474.553,48117986.59020,0
1788217200000,2468.22,2468.23,2460.38,2466.53,50162.051,1788220799999,123614085.26196,87864,22182.905,54667119.56223,0
