timestamp,open,high,low,close,volume,close_time,quote_volume,trades,taker_buy_base,taker_buy_quote,ignore
1767225600000,2970.40,2981.86,2970.00,2978.68,39859.384,1767229199999,118673544.02484,70481,23042.760,68601283.71894,0
1767229200000,2978.68,2988.48,2977.70,2983.09,51818.874,1767232799999,154597694.57175,88854,26553.969,79222920.28345,0
1767232800000,2983.10,2986.42,2979.37,2981.18,22842.243,1767236399999,68134901.71993,53201,10603.649,31630129.30736,0
1767236400000,2981.17,2985.00,2978.19,2979.01,18546.674,1767239999999,55288818.56974,38757,8410.491,25074820.16186,0
1767240000000,2979.01,2979.76,2972.10,2974.51,51099.795,1767243599999,152047821.13626,77482,22907.824,68164255.17594,0
1767243600000,2974.52,2982.78,2974.52,2980.52,24719.795,1767247199999,73663740.31678,44080,11805.945,35178787.48385,0
1767247200000,2980.51,2980.52,2975.00,2975.10,21928.239,1767250799999,65296565.08445,37837,8759.229,26081748.97759,0
1767250800000,2975.10,2980.00,2975.10,2977.18,24397.421,1767254399999,72655047.03566,39584,12206.777,36349733.46991,0
1767254400000,2977.18,2981.92,2976.57,2981.39,24319.798,1767257999999,72474052.48783,37436,13092.259,39015582.56923,0
1767258000000,2981.38,2986.61,2980.79,2982.60,36625.202,1767261599999,109271532.73466,47057,19481.896,58124889.48694,0
1767261600000,2982.60,2984.34,2980.50,2983.58,17834.791,1767265199999,53188654.45040,26465,8096.628,24146595.52698,0
1767265200000,2983.58,2991.94,2983.57,2988.00,48861.823,1767268799999,145930969.63366,61314,25302.188,75572273.74183,0
1767268800000,2988.00,2988.95,2981.66,2986.09,41249.349,1767272399999,123137039.58296,55607,19518.074,58264601.43117,0
1767272400000,2986.08,2988.95,2980.00,2981.42,47563.986,1767275999999,141940134.45587,61160,21269.307,63476095.48642,0
1767276000000,2981.42,2985.45,2976.00,2983.87,60820.210,1767279599999,181242381.64986,82755,27907.108,83161576.13868,0
1767279600000,2983.86,2993.91,2979.32,2988.44,71997.515,1767283199999,215069568.73184,106218,41740.612,124708313.57106,0
1767283200000,2988.45,2989.90,2979.47,2981.35,52794.487,1767286799999,157516019.34148,84264,27890.747,83211907.37502,0
1767286800000,2981.35,3005.00,2980.04,2989.43,153537.728,1767290399999,459806451.94865,181203,87303.948,261472508.08387,0
1767290400000,2989.42,2991.47,2983.67,2989.04,38974.176,1767293999999,116449215.19690,77465,17723.513,52955399.76988,0
1767294000000,2989.04,2996.89,2986.07,2994.06,26716.618,1767297599999,79905998.86017,51247,14427.149,43151576.04354,0
1767297600000,2994.08,2995.67,2986.15,2987.89,28673.649,1767301199999,85741789.04966,55781,14093.847,42145578.31104,0
1767301200000,2987.89,2992.11,2986.10,2988.36,20111.879,1767304799999,60109566.43542,39070,10031.945,29983530.37955,0
1767304800000,2988.35,2998.86,2985.90,2997.64,37447.073,1767308399999,112054967.29405,64048,19456.754,58227988.45651,0
1767308400000,2997.64,3008.56,2989.58,3002.49,115363.212,1767311999999,346287083.19427,149324,59259.114,177911985.04775,0
1767312000000,3002.50,3007.11,2993.58,3004.49,69217.586,1767315599999,207652089.36992,115015,34226.818,102690378.69564,0
1767315600000,3004.49,3006.72,2996.76,3001.55,48561.862,1767319199999,145772188.14017,86622,21576.920,64772963.51213,0
1767319200000,3001.54,3002.58,2990.67,3000.79,51595.173,1767322799999,154620769.10512,91473,25915.235,77669698.79407,0
1767322800000,3000.78,3034.36,2998.36,3021.04,293132.987,1767326399999,884992234.88903,334956,166424.802,502429352.47965,0
1767326400000,3021.04,3023.16,3008.70,3010.19,86437.396,1767329999999,260711161.75696,121459,38560.619,116316691.51347,0
1767330000000,3010.18,3017.45,3007.00,3015.00,57665.371,1767333599999,173707214.04504,85937,29511.207,88903947.61718,0
1767333600000,3015.01,3038.42,3012.71,3025.19,149215.964,1767337199999,451800357.15681,180182,79902.178,241902237.50931,0
1767337200000,3025.20,3031.13,3015.59,3017.00,91750.047,1767340799999,277283191.09417,116587,42755.063,129219497.79042,0
1767340800000,3017.00,3033.00,3014.27,3030.85,85193.900,1767344399999,257683389.77176,127722,42866.658,129673437.89483,0
1767344400000,3030.84,3055.00,3028.67,3047.20,255844.860,1767347999999,778250501.00542,326387,147235.490,447920656.59371,0
1767348000000,3047.19,3068.97,3044.09,3056.10,308027.307,1767351599999,942343762.15206,375881,178704.115,546757334.21919,0
1767351600000,3056.11,3056.67,3039.21,3046.70,163377.693,1767355199999,497868673.02960,194754,83514.370,254499302.50020,0
1767355200000,3046.69,3056.99,3042.02,3047.40,92403.553,1767358799999,281810199.05745,146673,47827.151,145865763.93724,0
1767358800000,3047.40,3057.60,3045.19,3049.03,80422.407,1767362399999,245381354.38149,127845,42638.406,130095743.67813,0
1767362400000,3049.03,3112.15,3017.64,3081.29,817518.990,1767365999999,2502590810.48037,996445,435026.599,1332427725.99718,0
1767366000000,3081.30,3096.10,3052.75,3085.09,459931.921,1767369599999,1415228829.15201,781886,239076.734,735707962.87001,0
1767369600000,3085.09,3145.99,3077.90,3130.67,600415.425,1767373199999,1871857925.23479,901647,319936.841,997718411.06263,0
1767373200000,3130.68,3149.00,3109.01,3121.93,310773.547,1767376799999,973055132.48699,513851,154760.502,484594571.36385,0
1767376800000,3121.94,3130.91,3095.02,3109.41,209308.685,1767380399999,651530018.54711,345974,100867.379,314047354.38180,0
1767380400000,3109.40,3126.85,3106.50,3122.46,109069.826,1767383999999,340049689.21029,242744,52378.949,163301591.09922,0
1767384000000,3122.46,3128.66,3109.85,3116.32,88837.212,1767387599999,277143465.61353,200785,45501.115,141960948.57487,0
1767387600000,3116.32,3133.93,3114.99,3128.95,53696.244,1767391199999,167746652.36139,103835,32167.792,100522756.17813,0
1767391200000,3128.95,3144.00,3126.29,3132.22,88986.286,1767394799999,279009421.60646,140925,43968.277,137870659.46932,0
1767394800000,3132.22,3134.60,3118.80,3123.89,60899.483,1767398399999,190333789.01971,99270,27579.058,86199833.45996,0
1767398400000,3123.88,3135.00,3120.91,3129.20,46599.645,1767401999999,145761246.90906,84292,22605.926,70713304.99343,0
1767402000000,3129.19,3130.23,3121.68,3129.15,34537.529,1767405599999,107991144.99561,64415,17215.323,53831133.20141,0
1767405600000,3129.15,3129.28,3118.18,3124.60,51161.887,1767409199999,159772265.54446,87707,24982.012,78014911.28734,0
1767409200000,3124.61,3126.00,3117.09,3123.90,41213.523,1767412799999,128657403.64293,66834,19567.748,61087531.91562,0
1767412800000,3123.91,3126.52,3112.60,3115.14,51025.118,1767416399999,159101545.35578,70525,22592.959,70442366.72565,0
1767416400000,3115.15,3117.75,3103.01,3110.98,74456.237,1767419999999,231550213.43083,90213,30143.233,93738528.23283,0
1767420000000,3110.99,3116.38,3097.00,3097.00,83696.167,1767423599999,259895003.50030,104418,36522.808,113431275.45711,0
1767423600000,3097.01,3103.98,3074.52,3089.51,248729.124,1767427199999,767904918.94849,291607,120612.139,372374032.32767,0
1767427200000,3089.52,3105.00,3082.63,3094.51,114651.066,1767430799999,354864819.26462,164286,62409.977,193186753.56203,0
1767430800000,3094.51,3109.60,3090.89,3099.53,80215.793,1767434399999,248781686.19954,121333,41331.070,128195276.00337,0
1767434400000,3099.52,3104.58,3095.62,3096.12,44313.176,1767437999999,137332538.47511,75173,21615.239,66994556.23212,0
1767438000000,3096.12,3099.10,3090.56,3097.00,48520.103,1767441599999,150165490.78777,73537,25296.866,78295605.62123,0
1767441600000,3097.00,3104.44,3092.19,3103.47,63806.030,1767445199999,197742899.85314,88623,34583.313,107188213.82267,0
1767445200000,3103.47,3106.57,3099.29,3101.57,45387.988,1767448799999,140839550.13229,68727,22839.787,70875287.83641,0
1767448800000,3101.58,3114.11,3100.00,3104.66,74398.195,1767452399999,231147388.20864,115596,40304.748,125233865.11291,0
1767452400000,3104.66,3106.53,3098.66,3099.92,54721.976,1767455999999,169781537.31491,81923,26255.968,81468441.90901,0
1767456000000,3099.91,3111.02,3096.75,3105.80,60169.435,1767459599999,186815763.80963,92486,33231.699,103186135.63788,0
1767459600000,3105.81,3109.11,3104.42,3107.24,18372.576,1767463199999,57078735.65987,35501,8331.552,25884460.88587,0
1767463200000,3107.24,3118.61,3103.80,3115.02,49618.798,1767466799999,154454122.29803,66103,28635.017,89145558.88945,0
1767466800000,3115.01,3115.02,3109.10,3112.00,20264.672,1767470399999,63056178.85871,35770,9774.380,30414615.52949,0
1767470400000,3112.00,3115.65,3105.76,3114.08,29284.689,1767473999999,91098122.23320,51393,14333.248,44595993.03354,0
1767474000000,3114.08,3128.48,3111.58,3119.36,59881.359,1767477599999,186896168.10033,97007,31734.726,99053394.02641,0
1767477600000,3119.36,3124.79,3112.38,3121.38,30618.395,1767481199999,95500281.37903,53262,16123.696,50291661.63886,0
1767481200000,3121.38,3129.70,3119.39,3125.47,40954.119,1767484799999,127988732.27460,80647,21097.778,65936474.63646,0
1767484800000,3125.46,3165.99,3124.76,3155.90,244515.421,1767488399999,769587591.54648,395757,139758.756,439916757.49986,0
1767488400000,3155.90,3160.83,3140.05,3148.64,108736.680,1767491999999,342576850.37848,173587,48985.469,154349411.09566,0
1767492000000,3148.64,3149.89,3135.51,3139.58,77350.014,1767495599999,243037171.11250,108415,36746.064,115464085.60756,0
1767495600000,3139.58,3149.42,3138.20,3145.73,81845.849,1767499199999,257421691.39919,109573,47154.333,148308648.77882,0
1767499200000,3145.73,3154.24,3143.07,3146.55,60287.355,1767502799999,189876193.02641,97457,31447.033,99061485.92704,0
1767502800000,3146.55,3151.29,3142.70,3149.77,38584.905,1767506399999,121440379.33943,66014,19255.074,60610113.47041,0
1767506400000,3149.77,3161.41,3137.64,3138.31,151444.047,1767509999999,477044319.14315,196743,81543.978,256995668.43065,0
1767510000000,3138.30,3144.53,3132.24,3139.51,77901.404,1767513599999,244537301.75494,114777,37955.892,119165353.44205,0
1767513600000,3139.52,3140.48,3122.58,3137.21,119164.575,1767517199999,373118346.51239,158511,52926.053,165736064.95379,0
1767517200000,3137.21,3147.00,3132.97,3142.43,79264.084,1767520799999,248831047.15444,115104,38017.563,119367555.27494,0
1767520800000,3142.43,3147.37,3141.09,3144.62,43746.562,1767524399999,137533213.35880,79238,21447.807,67430239.14325,0
1767524400000,3144.62,3144.62,3133.20,3138.32,46858.929,1767527999999,147074830.86912,82665,19477.216,61124825.35915,0
1767528000000,3138.32,3145.94,3131.67,3135.55,70484.797,1767531599999,221170578.30170,99779,35832.457,112445231.00337,0
1767531600000,3135.54,3139.99,3130.25,3139.21,42310.924,1767535199999,132670211.50674,77669,22373.784,70163361.71484,0
1767535200000,3139.21,3142.23,3130.72,3135.94,57065.134,1767538799999,178955813.30489,96218,27349.394,85769797.68777,0
1767538800000,3135.95,3138.50,3115.00,3134.14,103098.190,1767542399999,322406053.11905,140946,47894.203,149816032.11365,0
1767542400000,3134.14,3138.99,3129.57,3137.91,54661.531,1767545999999,171371500.49719,106771,27667.540,86746585.46109,0
1767546000000,3137.90,3142.85,3134.25,3135.93,44018.928,1767549599999,138141802.46752,79044,22719.922,71308725.31373,0
1767549600000,3135.93,3136.71,3121.31,3133.63,59798.186,1767553199999,187118559.23050,102630,30150.405,94351484.93803,0
1767553200000,3133.63,3134.00,3117.00,3131.31,77253.803,1767556799999,241520507.80059,132175,38506.209,120399072.59356,0
1767556800000,3131.31,3141.76,3129.37,3140.63,36603.543,1767560399999,114830726.77158,66303,20328.121,63773759.16076,0
1767560400000,3140.62,3155.00,3136.00,3144.24,94852.739,1767563999999,298350981.80521,126900,52180.819,164138220.56032,0
1767564000000,3144.24,3149.38,3134.66,3138.06,39009.860,1767567599999,122498673.68526,73049,20374.974,63983461.72528,0
1767567600000,3138.07,3152.96,3132.99,3143.32,79045.330,1767571199999,248451375.60774,179802,41074.263,129111522.64896,0
1767571200000,3143.33,3176.36,3141.50,3167.26,265430.537,1767574799999,838090663.81735,458304,144260.770,455647105.50190,0
1767574800000,3167.26,3221.00,3162.40,3196.49,419295.332,1767578399999,1339282786.20300,643793,225078.341,719069639.34740,0
1767578400000,3196.50,3203.70,3181.10,3191.82,140499.883,1767581999999,448280433.09914,242799,65615.774,209366421.96245,0
1767582000000,3191.83,3196.31,3183.02,3184.74,77891.096,1767585599999,248379044.38756,141779,36271.862,115671323.93374,0
1767585600000,3184.75,3186.89,3156.00,3165.49,231289.652,1767589199999,732739134.90621,283068,110210.967,349110332.31004,0
1767589200000,3165.50,3167.99,3146.07,3148.00,190826.101,1767592799999,602203887.48136,198607,84470.459,266593463.60686,0
1767592800000,3148.00,3157.96,3131.47,3156.22,231329.151,1767596399999,728234957.02098,261762,102005.173,321192807.83910,0
1767596400000,3156.23,3161.72,3153.59,3156.00,72794.871,1767599999999,229842939.39682,83890,30871.521,97485535.51958,0
1767600000000,3156.00,3171.24,3154.11,3162.07,81540.427,1767603599999,257933304.27134,133456,41055.765,129877524.77705,0
1767603600000,3162.06,3174.26,3151.78,3167.26,115671.107,1767607199999,365737499.79770,176244,57811.469,182807732.96290,0
1767607200000,3167.25,3177.90,3160.84,3171.80,107955.439,1767610799999,342400954.87219,166551,52601.425,166853839.42083,0
1767610800000,3171.80,3183.36,3166.54,3178.88,91892.143,1767614399999,291772420.49967,140099,44519.842,141365265.13153,0
1767614400000,3178.88,3182.57,3164.40,3169.09,72173.282,1767617999999,228985436.04816,135525,31257.842,99180646.69557,0
1767618000000,3169.10,3174.32,3141.75,3153.00,195999.920,1767621599999,617942513.20975,279838,88942.901,280423123.07737,0
1767621600000,3153.01,3176.50,3132.58,3165.42,359211.229,1767625199999,1133827129.73585,575305,179890.178,567931083.31146,0
1767625200000,3165.42,3205.00,3150.29,3194.49,385937.567,1767628799999,1226544686.51174,545004,192754.771,612750612.90343,0
1767628800000,3194.48,3201.69,3170.82,3182.46,189668.105,1767632399999,604058105.60542,306735,84729.552,269872420.21155,0
1767632400000,3182.47,3230.86,3157.01,3212.21,336972.055,1767635999999,1075913232.88383,414454,177741.611,567760752.98762,0
1767636000000,3212.22,3227.86,3183.67,3226.99,290098.268,1767639599999,930024612.94894,354764,148780.746,477021802.38595,0
1767639600000,3227.00,3227.62,3212.86,3221.63,128667.350,1767643199999,414293718.63876,247486,59849.852,192722281.33160,0
1767643200000,3221.64,3266.00,3218.55,3240.65,305882.158,1767646799999,992100724.48692,479761,164933.078,534995929.75868,0
1767646800000,3240.65,3246.80,3230.10,3236.83,79742.777,1767650399999,258269931.37763,163715,38433.492,124487949.79861,0
1767650400000,3236.84,3248.70,3227.65,3238.68,78363.037,1767653999999,253775537.55146,110378,32436.633,105079988.02593,0
1767654000000,3238.69,3240.21,3223.50,3223.71,81824.013,1767657599999,264246408.49745,127049,37661.482,121637149.15798,0
1767657600000,3223.72,3230.00,3201.91,3214.71,125363.791,1767661199999,402866481.92727,198977,58923.682,189366339.43962,0
1767661200000,3214.71,3246.00,3214.29,3216.96,139793.955,1767664799999,451271602.37137,241583,71827.644,231878383.38570,0
1767664800000,3216.97,3223.14,3207.60,3215.97,70931.961,1767668399999,228085356.99928,142105,37685.429,121192556.19547,0
1767668400000,3215.98,3232.57,3212.65,3223.88,66527.616,1767671999999,214444573.22369,130718,34628.977,111620800.88185,0
1767672000000,3223.88,3232.37,3221.35,3221.35,42649.991,1767675599999,137614719.77258,82646,18946.024,61131297.34539,0
1767675600000,3221.36,3228.00,3215.20,3217.11,69999.811,1767679199999,225519078.43527,123497,35229.901,113495178.72083,0
1767679200000,3217.11,3254.94,3216.45,3239.68,248288.412,1767682799999,804827204.42656,247389,122981.119,398555551.07087,0
1767682800000,3239.67,3241.70,3210.02,3218.01,179120.012,1767686399999,577127253.45130,221554,90327.291,291007602.22299,0
1767686400000,3218.00,3228.59,3212.80,3218.55,75669.985,1767689999999,243633556.33244,116705,40309.930,129797056.60339,0
1767690000000,3218.54,3228.16,3216.11,3221.90,57378.246,1767693599999,184903280.44069,98881,31362.261,101070307.66620,0
1767693600000,3221.90,3230.47,3220.01,3227.44,49691.546,1767697199999,160324896.64006,82361,23348.737,75340666.46287,0
1767697200000,3227.45,3241.76,3225.53,3236.36,101020.618,1767700799999,326968248.81824,135244,50323.261,162878930.34548,0
1767700800000,3236.36,3244.50,3234.56,3237.07,59455.318,1767704399999,192563497.18246,93937,27641.488,89528885.95334,0
1767704400000,3237.06,3238.19,3228.19,3236.30,89049.623,1767707999999,287880558.35135,122366,42260.189,136623150.32217,0
1767708000000,3236.30,3308.00,3236.29,3276.67,1002849.325,1767711599999,3292231867.90870,1002679,541839.123,1778249008.55709,0
1767711600000,3276.67,3300.87,3259.62,3270.74,404038.879,1767715199999,1324702128.75679,573725,194162.146,636676008.58887,0
1767715200000,3270.74,3277.76,3232.00,3250.13,377615.205,1767718799999,1228122496.57449,576588,185576.641,603613125.16263,0
1767718800000,3250.14,3258.76,3188.01,3194.48,404626.193,1767722399999,1303726938.79980,555398,176678.996,569568230.37217,0
1767722400000,3194.48,3231.90,3180.71,3217.56,314543.926,1767725999999,1009329722.23983,464668,168926.574,542080026.46863,0
1767726000000,3217.56,3228.66,3212.00,3222.18,79803.124,1767729599999,257084615.67124,161387,44662.504,143869370.77638,0
1767729600000,3222.19,3249.00,3221.91,3240.10,111438.607,1767733199999,360952522.02166,198177,57229.220,185356710.43902,0
1767733200000,3240.10,3299.99,3236.67,3274.77,277203.602,1767736799999,907983427.85621,446800,138349.009,453012385.32401,0
1767736800000,3274.77,3291.01,3265.00,3276.43,100012.750,1767740399999,327520878.41889,162636,45977.979,150607398.81116,0
1767740400000,3276.43,3301.64,3275.00,3295.46,139962.985,1767743999999,460562653.56308,220785,74399.827,244805674.42242,0
1767744000000,3295.46,3295.79,3254.14,3256.45,177034.433,1767747599999,580003461.81004,245995,78804.688,258179817.81986,0
1767747600000,3256.45,3271.13,3238.00,3243.88,179797.989,1767751199999,585092101.30324,300814,83577.175,271955709.03596,0
1767751200000,3243.88,3273.36,3238.16,3268.83,129294.155,1767754799999,420908096.45757,213462,76936.420,250484515.58607,0
1767754800000,3268.83,3281.65,3263.74,3265.57,93097.972,1767758399999,304536757.91560,152388,44594.056,145897045.78067,0
1767758400000,3265.57,3270.88,3252.00,3255.01,63387.560,1767761999999,206704916.18853,120190,29835.090,97313768.96216,0
1767762000000,3255.01,3261.65,3245.72,3247.32,80822.680,1767765599999,262903101.93983,133048,35655.426,115993080.79795,0
1767765600000,3247.32,3258.72,3246.33,3249.81,56733.771,1767769199999,184471654.58005,100434,29031.188,94403218.60412,0
1767769200000,3249.80,3261.44,3249.50,3253.99,70100.838,1767772799999,228309900.99453,84410,25037.404,81535512.88423,0
1767772800000,3253.99,3262.00,3251.45,3253.13,55178.601,1767776399999,179661477.76809,96047,30166.133,98215876.81481,0
1767776400000,3253.14,3253.55,3197.22,3198.28,544015.849,1767779999999,1750758568.00498,503859,222495.788,715549522.06852,0
1767780000000,3198.27,3221.13,3194.28,3216.52,244058.228,1767783599999,782984843.13742,255566,140700.706,451469583.02203,0
1767783600000,3216.53,3226.10,3215.00,3218.75,102337.474,1767787199999,329706434.76663,120406,44430.492,143142122.99053,0
1767787200000,3218.74,3221.13,3209.66,3211.85,84069.595,1767790799999,270272401.21115,118032,40185.121,129186756.92579,0
1767790800000,3211.86,3228.00,3200.74,3210.69,156448.820,1767794399999,502636686.52615,203134,70221.508,225615821.41654,0
1767794400000,3210.69,3210.90,3155.25,3190.75,537851.358,1767797999999,1715256826.29975,750874,251018.711,800809583.33243,0
1767798000000,3190.76,3191.86,3142.82,3163.53,615532.424,1767801599999,1946163286.72831,807632,315310.380,997062152.97270,0
1767801600000,3163.53,3178.44,3148.35,3156.43,216751.293,1767805199999,685722088.72503,315535,107843.306,341252203.64011,0
1767805200000,3156.42,3170.27,3145.00,3150.75,141244.381,1767808799999,445940428.80853,213387,70715.151,223281325.48526,0
1767808800000,3150.76,3164.53,3130.04,3145.25,268793.507,1767812399999,846174038.24533,314926,127549.984,401628829.32419,0
1767812400000,3145.25,3154.62,3123.01,3144.37,239739.928,1767815999999,752609332.17410,304684,123403.105,387495394.49383,0
1767816000000,3144.38,3150.00,3126.55,3137.53,109929.859,1767819599999,344871594.42847,190775,56561.544,177442401.88769,0
1767819600000,3137.53,3151.58,3137.10,3148.43,50514.242,1767823199999,158849679.26240,92554,27368.455,86058223.36809,0
1767823200000,3148.42,3164.50,3142.14,3151.69,76789.065,1767826799999,242080219.63419,106489,42219.664,133123081.44422,0
1767826800000,3151.69,3181.81,3142.00,3167.52,246802.126,1767830399999,781490939.43799,278625,163101.288,516529065.00503,0
1767830400000,3167.53,3174.46,3153.48,3169.50,77453.953,1767833999999,245118330.88845,133245,39063.441,123605746.61508,0
1767834000000,3169.49,3180.00,3166.91,3174.20,58473.203,1767837599999,185578392.15992,110268,28999.147,92040760.16243,0
1767837600000,3174.20,3183.68,3147.00,3158.26,129462.841,1767841199999,409400129.13252,204892,60452.047,191185427.83987,0
1767841200000,3158.26,3165.92,3132.33,3141.35,122788.761,1767844799999,386135535.83547,176453,60521.869,190344512.16055,0
1767844800000,3141.35,3157.49,3137.64,3153.02,84268.452,1767848399999,265360517.46083,124742,46583.381,146684860.24959,0
1767848400000,3153.01,3160.29,3140.46,3142.34,56790.328,1767851999999,178932455.05386,96093,28527.988,89903258.33977,0
1767852000000,3142.34,3145.21,3103.00,3103.99,317951.850,1767855599999,992204529.01352,382039,127581.574,398258933.95910,0
1767855600000,3103.98,3132.00,3086.26,3126.41,319800.551,1767859199999,994698291.89314,354035,160696.086,500022939.86842,0
1767859200000,3126.41,3135.70,3112.01,3115.40,130229.980,1767862799999,406948891.47828,170020,62587.976,195613912.67096,0
1767862800000,3115.41,3122.79,3104.01,3110.86,135243.493,1767866399999,420891509.15055,183911,61031.329,189949205.25610,0
1767866400000,3110.86,3131.39,3095.16,3126.45,242896.710,1767869999999,757448472.09507,242201,167380.124,522364184.33467,0
1767870000000,3126.45,3130.57,3110.90,3119.35,145346.099,1767873599999,453417980.66679,199809,71463.036,222952999.36381,0
1767873600000,3119.35,3119.66,3080.00,3094.01,285901.009,1767877199999,886082098.49046,349766,120132.045,372396576.37380,0
1767877200000,3094.00,3101.16,3089.12,3095.33,95355.649,1767880799999,295157569.26826,148926,46880.616,145132072.23142,0
1767880800000,3095.33,3095.34,3052.43,3075.75,626847.811,1767884399999,1926974806.82835,883352,284550.096,874913550.55361,0
1767884400000,3075.75,3111.52,3065.35,3102.89,394459.757,1767887999999,1219463804.32866,674552,212500.939,657007080.25620,0
1767888000000,3102.89,3122.30,3088.34,3120.82,219309.067,1767891599999,680746051.72223,383342,115920.400,359873974.35197,0
1767891600000,3120.82,3138.44,3108.45,3133.33,223207.941,1767895199999,696999266.80126,337602,117224.244,366101629.73793,0
1767895200000,3133.33,3133.87,3113.17,3118.71,143186.123,1767898799999,447207394.39887,209462,59832.512,186862614.56838,0
1767898800000,3118.72,3127.78,3102.72,3110.13,105917.775,1767902399999,329978791.01512,175528,53326.950,166192687.67330,0
1767902400000,3110.12,3110.12,3087.35,3106.29,143204.577,1767905999999,443641699.22066,240066,68316.621,211665168.45074,0
1767906000000,3106.30,3121.90,3105.71,3117.62,74085.081,1767909599999,230712560.67654,112289,39206.893,122100373.83279,0
1767909600000,3117.62,3129.60,3106.06,3117.94,71146.413,1767913199999,221803389.15379,102164,37942.529,118285574.13150,0
1767913200000,3117.94,3121.00,3104.41,3105.45,41648.009,1767916799999,129652818.59421,98370,18888.153,58803475.06350,0
1767916800000,3105.44,3116.74,3103.10,3114.70,49131.788,1767920399999,152767319.58199,94421,28617.928,88979838.42881,0
1767920400000,3114.70,3148.00,3077.46,3104.31,375370.448,1767923999999,1167678204.21571,419952,190859.565,594128673.79773,0
1767924000000,3104.32,3125.05,3102.09,3107.95,99531.423,1767927599999,310185034.69613,173812,49266.165,153519407.52832,0
1767927600000,3107.96,3119.89,3101.03,3118.38,55793.750,1767931199999,173625090.95749,119297,28322.421,88150790.91813,0
1767931200000,3118.38,3122.79,3110.94,3115.14,47433.950,1767934799999,147850436.81082,87565,22172.791,69113178.51673,0
1767934800000,3115.15,3120.00,3112.19,3117.47,27379.294,1767938399999,85315469.19604,70677,11811.959,36806596.09723,0
1767938400000,3117.47,3124.26,3116.00,3121.83,34305.969,1767941999999,107041239.74982,69265,16563.131,51678133.44016,0
1767942000000,3121.83,3122.54,3109.22,3109.75,73706.524,1767945599999,229570940.48569,102168,39716.044,123697950.99529,0
1767945600000,3109.76,3114.32,3066.00,3081.56,323734.090,1767949199999,999546833.59857,439907,159337.452,491889089.27887,0
1767949200000,3081.56,3099.80,3080.53,3091.00,131115.487,1767952799999,405446776.41499,211468,63793.031,197258170.51529,0
1767952800000,3091.00,3098.00,3086.61,3095.27,57653.397,1767956399999,178372549.47476,95815,28789.984,89069507.13626,0
1767956400000,3095.27,3103.36,3086.81,3088.99,67950.096,1767959999999,210340096.24159,109845,37107.088,114879314.50449,0
1767960000000,3089.00,3095.11,3080.92,3083.10,72351.950,1767963599999,223257758.22199,109640,35988.166,111062466.85493,0
1767963600000,3083.11,3114.35,3082.13,3097.30,203641.176,1767967199999,630463818.57307,324002,108358.187,335529577.94477,0
1767967200000,3097.30,3097.67,3060.08,3077.59,306381.052,1767970799999,943004753.04829,544008,144639.302,445153671.72308,0
1767970800000,3077.59,3142.00,3056.79,3111.39,707903.247,1767974399999,2201354101.83346,1020053,362651.612,1127679963.10417,0
1767974400000,3111.39,3144.99,3110.00,3132.04,254783.379,1767977999999,797015135.31639,443046,130831.995,409267473.60693,0
1767978000000,3132.05,3133.87,3103.05,3113.04,162700.342,1767981599999,506777346.25112,280560,76295.146,237614941.08575,0
1767981600000,3113.04,3117.70,3071.34,3093.79,215307.783,1767985199999,665356915.25400,359662,98469.679,304345110.62515,0
1767985200000,3093.78,3093.78,3066.31,3079.00,142941.434,1767988799999,439990677.19914,245409,75545.921,232564431.64799,0
1767988800000,3079.00,3090.56,3070.00,3072.30,111780.062,1767992399999,344325818.44932,195256,52883.588,162921521.03189,0
1767992400000,3072.30,3092.17,3064.00,3084.67,97574.108,1767995999999,300568124.37668,147900,52759.081,162531845.97060,0
1767996000000,3084.68,3087.42,3072.54,3085.19,36939.290,1767999599999,113825412.66143,77676,18272.443,56306365.75804,0
1767999600000,3085.19,3091.86,3082.41,3087.15,33546.746,1768003199999,103593539.26339,66302,15723.839,48557799.21912,0
1768003200000,3087.16,3088.99,3080.62,3082.39,29907.654,1768006799999,92254476.66594,60063,16035.930,49464993.39723,0
1768006800000,3082.39,3090.60,3082.38,3088.99,28963.403,1768010399999,89420700.26141,54608,14611.864,45113225.11504,0
1768010400000,3088.99,3093.53,3082.05,3086.69,30537.920,1768013999999,94291733.60675,49994,15697.563,48476943.02300,0
1768014000000,3086.68,3087.86,3078.30,3085.52,32041.235,1768017599999,98791767.43423,54304,15359.900,47359111.99576,0
1768017600000,3085.52,3086.48,3077.22,3078.83,36084.419,1768021199999,111200912.47355,59626,13098.121,40362724.21553,0
1768021200000,3078.82,3086.88,3078.82,3085.81,28719.623,1768024799999,88576233.61795,39322,15312.454,47221583.26065,0
1768024800000,3085.81,3087.85,3082.13,3086.34,20781.571,1768028399999,64128269.17065,33471,9460.695,29194353.64366,0
1768028400000,3086.34,3092.48,3086.34,3091.50,35630.643,1768031999999,110106123.60026,48671,20452.869,63203972.68114,0
1768032000000,3091.49,3091.92,3086.13,3088.90,17907.056,1768035599999,55310472.76692,32315,7377.370,22787234.19869,0
1768035600000,3088.90,3097.89,3088.00,3094.65,41205.440,1768039199999,127479892.33335,54772,24010.429,74287004.13194,0
1768039200000,3094.66,3102.68,3093.10,3101.97,51076.827,1768042799999,158187511.70544,66718,28438.855,88086060.60349,0
1768042800000,3101.98,3102.25,3093.32,3095.64,28477.679,1768046399999,88188758.23306,42410,11203.612,34695720.36597,0
1768046400000,3095.63,3102.75,3091.46,3098.00,41965.125,1768049999999,129962814.01518,57099,21152.190,65514269.61695,0
1768050000000,3098.01,3098.01,3091.82,3093.52,21259.879,1768053599999,65805042.93029,36932,9147.666,28316549.83999,0
1768053600000,3093.51,3095.23,3087.25,3090.51,51225.873,1768057199999,158352443.36852,60889,23723.817,73333904.68991,0
1768057200000,3090.52,3094.98,3090.51,3094.12,20990.035,1768060799999,64922823.02714,35128,12626.855,39055475.05285,0
1768060800000,3094.12,3096.12,3090.31,3094.19,18112.215,1768064399999,56038314.67314,32311,8969.880,27753820.17970,0
1768064400000,3094.19,3097.56,3090.66,3091.33,20454.134,1768067999999,63305793.40469,32086,9934.879,30752688.21842,0
1768068000000,3091.32,3092.81,3088.50,3091.47,19091.233,1768071599999,59012989.21864,29958,9630.601,29771493.12049,0
1768071600000,3091.47,3092.66,3088.76,3090.79,12843.777,1768075199999,39695940.86660,20337,5614.879,17353778.15679,0
1768075200000,3090.78,3092.19,3087.53,3088.61,16335.374,1768078799999,50471585.56192,25661,7925.156,24487568.90467,0
1768078800000,3088.61,3089.01,3082.94,3085.05,19826.939,1768082399999,61190787.04534,35225,9811.342,30282765.65595,0
1768082400000,3085.04,3088.48,3077.08,3079.28,46712.033,1768085999999,143963778.50365,63012,23275.939,71739366.83755,0
1768086000000,3079.27,3088.38,3078.63,3085.47,20326.232,1768089599999,62696447.86675,46514,10409.591,32106062.53426,0
1768089600000,3085.47,3091.70,3083.23,3090.77,24970.281,1768093199999,77097960.82702,48394,13426.483,41457782.58655,0
1768093200000,3090.77,3094.50,3088.35,3094.49,18290.939,1768096799999,56543083.87541,33650,9340.898,28877639.38755,0
1768096800000,3094.49,3096.41,3090.59,3091.16,22836.818,1768100399999,70649076.26934,37708,10063.440,31133452.19629,0
1768100400000,3091.17,3096.38,3090.50,3095.48,18681.213,1768103999999,57794876.99328,31262,9172.741,28378754.21248,0
1768104000000,3095.49,3097.54,3093.42,3096.67,18559.703,1768107599999,57448926.71690,32018,9751.072,30184087.19483,0
1768107600000,3096.67,3101.00,3094.66,3098.05,26240.560,1768111199999,81289284.25389,37741,15071.628,46692760.36031,0
1768111200000,3098.06,3099.47,3088.31,3096.19,39647.892,1768114799999,122668083.11592,53562,18873.105,58392452.26116,0
1768114800000,3096.19,3097.02,3091.20,3094.03,16766.065,1768118399999,51876963.89615,27262,6722.423,20799740.38632,0
1768118400000,3094.03,3107.15,3091.35,3101.99,40684.619,1768121999999,126114134.83210,55767,24710.810,76607630.67451,0
1768122000000,3101.99,3108.45,3100.00,3103.08,55046.087,1768125599999,170785068.66685,58577,24593.792,76321990.87713,0
1768125600000,3103.09,3107.08,3101.22,3106.14,25570.900,1768129199999,79392083.97455,41033,12354.253,38358819.78561,0
1768129200000,3106.15,3106.15,3101.56,3103.80,23953.105,1768132799999,74348732.17738,35179,10727.543,33295793.19333,0
1768132800000,3103.80,3115.88,3103.46,3112.52,70877.300,1768136399999,220458666.01970,92929,39221.995,122000265.88260,0
1768136400000,3112.53,3115.00,3105.44,3108.25,50043.773,1768139999999,155647485.67745,74696,20565.709,63969033.76589,0
1768140000000,3108.26,3128.00,3108.25,3124.35,81983.040,1768143599999,255626086.17552,109015,48812.338,152206239.60113,0
1768143600000,3124.34,3129.60,3108.13,3116.89,116229.747,1768147199999,362552016.75251,173271,52161.015,162718287.93628,0
1768147200000,3116.90,3147.00,3114.40,3128.48,288683.448,1768150799999,904696369.74294,294784,158639.752,497154330.25188,0
1768150800000,3128.48,3132.99,3115.15,3125.99,81355.702,1768154399999,254250496.58371,100125,43321.650,135391285.52733,0
1768154400000,3126.00,3132.98,3119.31,3128.50,47388.503,1768157999999,148107550.31238,68847,28199.185,88147961.50862,0
1768158000000,3128.49,3132.00,3117.26,3123.47,37036.126,1768161599999,115708795.66564,61868,15480.478,48375131.76428,0
1768161600000,3123.46,3123.46,3100.01,3113.94,127274.511,1768165199999,395689481.27708,177227,58973.125,183347180.48363,0
1768165200000,3113.94,3125.44,3106.00,3119.61,64714.973,1768168799999,201586234.33491,101512,29868.549,93043894.49940,0
1768168800000,3119.61,3119.62,3105.15,3108.26,39069.198,1768172399999,121540345.58515,85100,17357.865,53996880.21366,0
1768172400000,3108.26,3124.88,3090.70,3122.00,178207.080,1768175999999,554102935.06410,301179,86908.163,270244247.54887,0
1768176000000,3122.00,3126.68,3095.28,3118.82,146026.148,1768179599999,454430105.53721,319168,75451.788,234758299.96768,0
1768179600000,3118.83,3136.79,3112.20,3123.48,177842.939,1768183199999,555896815.58824,346673,82479.978,257828703.68141,0
1768183200000,3123.49,3167.00,3120.79,3156.47,290680.197,1768186799999,915210691.35280,434833,154945.621,487835433.63895,0
1768186800000,3156.47,3170.88,3150.18,3151.18,172334.803,1768190399999,544693420.47045,270281,75192.673,237701650.37747,0
1768190400000,3151.17,3162.37,3147.06,3157.92,86529.510,1768193999999,273019622.28512,130744,41903.707,132231713.97474,0
1768194000000,3157.93,3165.77,3153.86,3157.56,62406.529,1768197599999,197192205.88790,99763,27702.151,87543554.78481,0
1768197600000,3157.57,3164.53,3151.00,3153.31,59193.260,1768201199999,186836392.99794,96344,27481.603,86750881.01653,0
1768201200000,3153.31,3160.01,3131.58,3133.96,151430.235,1768204799999,476003279.42240,200731,63248.794,198830106.65670,0
1768204800000,3133.96,3146.13,3100.00,3114.32,358525.479,1768208399999,1118338472.37194,395222,177209.056,552743024.45863,0
1768208400000,3114.32,3123.63,3109.65,3115.13,104061.375,1768211999999,324458308.21457,138465,54165.606,168893714.70372,0
1768212000000,3115.13,3119.00,3102.48,3105.42,80618.379,1768215599999,250758885.87837,117290,37791.437,117561150.39283,0
1768215600000,3105.43,3120.21,3105.14,3114.12,74612.874,1768219199999,232309266.16021,99277,38070.199,118541397.55756,0
1768219200000,3114.12,3121.76,3111.30,3115.99,46404.259,1768222799999,144644637.63415,69308,23881.726,74440095.96503,0
1768222800000,3115.99,3119.21,3104.10,3107.81,77573.301,1768226399999,241241191.61245,109231,37689.890,117210955.33988,0
1768226400000,3107.80,3116.09,3061.35,3103.88,603303.931,1768229999999,1864411262.71855,660352,281600.526,870480269.71391,0
1768230000000,3103.88,3132.00,3091.32,3128.66,266452.165,1768233599999,830270801.23009,467619,127992.135,398828415.07558,0
1768233600000,3128.66,3145.93,3118.63,3129.50,259036.348,1768237199999,811417868.52814,409789,123758.499,387719945.91427,0
1768237200000,3129.49,3135.87,3083.00,3103.45,312516.907,1768240799999,970397215.22816,416854,147157.016,456762048.85216,0
1768240800000,3103.46,3118.00,3093.77,3107.29,146317.893,1768244399999,454652780.08409,251782,76504.748,237742935.00978,0
1768244400000,3107.28,3121.27,3095.69,3120.33,86642.315,1768247999999,269434889.80156,155674,44503.402,138430559.50950,0
1768248000000,3120.33,3126.84,3098.55,3101.11,96124.884,1768251599999,299083417.35171,161620,44643.087,138915182.33259,0
1768251600000,3101.10,3105.50,3083.00,3090.72,107081.100,1768255199999,331343772.83093,157167,51449.293,159255893.63525,0
1768255200000,3090.72,3106.00,3090.71,3094.18,57388.284,1768258799999,177851591.33733,97626,30785.594,95407287.93141,0
1768258800000,3094.18,3097.79,3087.01,3093.84,56243.624,1768262399999,173906545.54477,92142,28027.136,86664054.07520,0
1768262400000,3093.85,3108.79,3091.69,3107.19,80712.336,1768265999999,250349073.41100,130347,46115.081,143038602.22534,0
1768266000000,3107.19,3113.20,3090.18,3096.35,81518.965,1768269599999,252699717.96446,129172,39290.655,121777699.09807,0
1768269600000,3096.35,3107.22,3096.35,3100.13,54418.275,1768273199999,168803739.07406,86570,25318.770,78541733.77365,0
1768273200000,3100.13,3118.00,3099.82,3114.98,84625.951,1768276799999,263255840.78107,134173,47135.153,146629365.53499,0
1768276800000,3114.98,3122.31,3110.71,3121.13,66800.317,1768280399999,208232321.93817,108441,35588.229,110948685.11569,0
1768280400000,3121.12,3145.71,3120.20,3130.68,276675.008,1768283999999,867539502.39173,278814,151183.604,474065316.95249,0
1768284000000,3130.68,3136.63,3122.00,3133.21,104644.528,1768287599999,327478967.45962,151577,48770.211,152631905.00170,0
1768287600000,3133.22,3134.29,3120.66,3121.08,64293.597,1768291199999,200969263.05316,87649,26550.507,82985475.71037,0
1768291200000,3121.08,3137.36,3121.05,3134.80,64013.578,1768294799999,200331709.63547,92889,34443.374,107778733.45573,0
1768294800000,3134.80,3148.15,3127.23,3137.53,159130.317,1768298399999,499434733.40177,223500,82658.821,259488642.43991,0
1768298400000,3137.53,3140.57,3128.50,3133.43,54885.563,1768301999999,172033269.99238,93539,25797.415,80857441.13405,0
1768302000000,3133.43,3137.75,3130.02,3132.77,42206.349,1768305599999,132268631.98156,83635,19787.646,62009978.32584,0
1768305600000,3132.77,3136.88,3128.50,3133.94,51269.201,1768309199999,160603053.61065,84207,24698.210,77366789.62944,0
1768309200000,3133.94,3162.50,3128.71,3141.10,381816.010,1768312799999,1200964007.05903,432722,201318.148,633331362.29726,0
1768312800000,3141.10,3164.43,3127.94,3143.23,354563.758,1768316399999,1116787104.11936,537314,170551.749,537283992.53994,0
1768316400000,3143.23,3188.08,3131.05,3183.11,445746.093,1768319999999,1408571729.58204,624196,238232.161,753222980.47335,0
1768320000000,3183.11,3196.39,3170.23,3179.79,380728.396,1768323599999,1212480292.40081,492206,176396.434,561848247.55086,0
1768323600000,3179.79,3186.78,3171.25,3178.53,139102.594,1768327199999,442280070.63095,259637,70722.621,224879128.56604,0
1768327200000,3178.52,3214.30,3176.45,3199.61,221594.153,1768330799999,708469553.80299,351128,123252.787,394134211.82490,0
1768330800000,3199.61,3217.60,3189.65,3214.45,150891.073,1768334399999,483584465.63123,248721,85938.057,275476367.98903,0
1768334400000,3214.46,3218.00,3188.72,3202.76,218385.458,1768337999999,699597349.90811,294707,118181.149,378623531.96586,0
1768338000000,3202.78,3216.68,3198.12,3208.50,117415.934,1768341599999,376884840.06728,188533,64692.132,207685884.48919,0
1768341600000,3208.49,3383.63,3208.49,3330.21,871161.147,1768345199999,2881501479.19520,1167205,522419.975,1726348272.26643,0
1768345200000,3330.21,3347.85,3313.35,3324.69,254957.216,1768348799999,848376444.19621,439460,129327.173,430375610.57988,0
1768348800000,3324.68,3335.86,3314.01,3323.43,125245.395,1768352399999,416479969.44186,261470,57073.737,189805137.21333,0
1768352400000,3323.43,3345.82,3319.98,3335.16,138821.091,1768355999999,462671212.27703,247250,74253.148,247509567.84140,0
1768356000000,3335.17,3360.00,3319.18,3325.59,227166.587,1768359599999,757875368.15526,281817,109472.819,365273265.63101,0
1768359600000,3325.58,3351.30,3319.42,3351.04,159878.189,1768363199999,533077796.05218,196410,90836.579,302907985.30894,0
1768363200000,3351.03,3365.66,3334.96,3338.01,209882.729,1768366799999,702247391.59176,240637,91888.692,307490460.55313,0
1768366800000,3338.01,3338.89,3324.28,3329.39,91001.516,1768370399999,303247190.10678,181341,42940.217,143080389.90833,0
1768370400000,3329.38,3334.70,3321.12,3333.33,91621.841,1768373999999,304814461.48097,184401,42778.997,142334163.27112,0
1768374000000,3333.33,3341.51,3326.59,3334.88,92368.038,1768377599999,307948158.34128,153141,46272.605,154279745.96991,0
1768377600000,3334.88,3342.00,3326.07,3326.07,87383.804,1768381199999,291322834.35966,115717,39180.791,130640504.35347,0
1768381200000,3326.07,3334.64,3323.66,3327.47,66925.996,1768384799999,222795325.04638,99852,29546.364,98363817.87632,0
1768384800000,3327.47,3332.33,3303.52,3312.12,174403.418,1768388399999,578133760.66265,238474,88455.390,293215767.69863,0
1768388400000,3312.12,3312.77,3281.59,3285.20,239966.680,1768391999999,790395039.73212,316020,97801.054,322152852.10655,0
1768392000000,3285.19,3298.29,3280.00,3295.22,161671.689,1768395599999,532151975.73281,213167,74194.165,244236290.60386,0
1768395600000,3295.23,3307.41,3287.34,3301.30,179855.501,1768399199999,593341877.20370,271078,79021.221,260722914.36524,0
1768399200000,3301.30,3357.33,3300.24,3347.52,556170.012,1768402799999,1852052106.93367,787098,323782.236,1078535677.26505,0
1768402800000,3347.52,3361.02,3325.68,3344.19,388705.110,1768406399999,1300011617.28226,717239,192651.758,644353825.33452,0
1768406400000,3344.19,3403.77,3343.85,3368.38,555772.250,1768409999999,1875240904.60201,809835,298040.686,1005818533.88330,0
1768410000000,3368.38,3379.59,3334.90,3340.96,315464.551,1768413599999,1058274311.62737,524970,140736.640,472055903.63248,0
1768413600000,3340.95,3353.20,3313.94,3337.97,244647.231,1768417199999,815183881.43764,468384,124237.198,414008924.58106,0
1768417200000,3337.97,3402.15,3330.41,3366.49,338068.305,1768420799999,1137745096.00789,478975,179561.574,604532094.70548,0
1768420800000,3366.48,3392.00,3360.63,3381.91,157731.165,1768424399999,532267940.61386,393400,80929.463,273110846.93985,0
1768424400000,3381.91,3381.91,3354.86,3371.22,112878.970,1768427999999,380253003.76361,207110,45910.388,154693927.03769,0
1768428000000,3371.22,3373.00,3346.24,3347.42,95695.845,1768431599999,321367513.56937,155385,40443.372,135814944.16450,0
1768431600000,3347.42,3368.22,3347.42,3353.27,72827.921,1768435199999,244427973.48941,155492,36894.511,123833839.53082,0
1768435200000,3353.28,3354.61,3323.85,3330.35,121465.265,1768438799999,405214405.02142,218843,52465.622,175007414.88647,0
1768438800000,3330.35,3341.76,3315.03,3323.51,99615.462,1768442399999,331520531.46929,210038,50171.839,167012481.02373,0
1768442400000,3323.51,3331.24,3304.00,3312.72,117881.716,1768445999999,390852462.25364,235241,56854.883,188551345.04297,0
1768446000000,3312.73,3320.40,3275.36,3284.79,263203.752,1768449599999,866426247.56579,361274,125313.847,412544322.97207,0
1768449600000,3284.80,3307.04,3282.89,3303.50,121406.017,1768453199999,400248169.43169,193105,63817.664,210379062.25901,0
1768453200000,3303.50,3314.12,3300.53,3309.02,80267.761,1768456799999,265549568.65965,154018,39354.440,130210854.81647,0
1768456800000,3309.02,3322.21,3308.00,3314.34,81977.206,1768460399999,271789560.08475,148293,40951.360,135781410.38969,0
1768460400000,3314.35,3333.93,3313.00,3328.63,96271.546,1768463999999,320159741.59271,155780,50694.557,168608189.92118,0
1768464000000,3328.64,3337.88,3318.66,3334.89,114719.032,1768467599999,381754495.27791,169407,62855.596,209181738.84608,0
1768467600000,3334.90,3373.62,3328.59,3365.14,283989.664,1768471199999,952694395.27210,327614,164406.659,551512770.87343,0
1768471200000,3365.14,3377.78,3356.53,3363.08,161583.984,1768474799999,543815389.85395,204272,81810.699,275350721.29971,0
1768474800000,3363.08,3365.00,3345.91,3348.63,121222.385,1768478399999,406663875.41961,169845,56390.220,189169137.53494,0
1768478400000,3348.63,3369.95,3342.68,3367.87,129669.786,1768481999999,435074619.19107,193502,74638.083,250445528.14117,0
1768482000000,3367.87,3383.07,3355.21,3369.60,156392.846,1768485599999,526960063.93129,253119,80344.586,270750143.83036,0
1768485600000,3369.59,3381.61,3320.74,3340.38,435355.396,1768489199999,1457739314.45178,704827,210966.804,706507669.47639,0
1768489200000,3340.36,3356.81,3282.07,3328.93,575024.001,1768492799999,1904890694.20627,891019,248563.876,823994323.95693,0
1768492800000,3328.92,3333.98,3307.96,3328.69,202475.757,1768496399999,672339457.55820,446209,98078.936,325719358.97855,0
1768496400000,3328.69,3336.22,3295.02,3299.56,230612.384,1768499999999,765352508.52803,368207,113356.211,376337669.04992,0
1768500000000,3299.55,3306.74,3266.00,3287.10,289498.826,1768503599999,952289882.93347,416033,138208.120,454820243.79964,0
1768503600000,3287.09,3300.73,3275.26,3294.01,138398.757,1768507199999,455204401.24888,326272,69192.194,227602190.60383,0
1768507200000,3294.01,3305.55,3275.00,3286.53,110490.483,1768510799999,363386766.28066,247625,55341.443,182039816.56884,0
1768510800000,3286.53,3304.60,3282.04,3297.81,63200.871,1768514399999,208270114.94244,112169,33349.020,109904270.32897,0
1768514400000,3297.80,3317.88,3294.43,3307.70,71644.297,1768517999999,236909009.09606,125194,39408.195,130308120.93483,0
1768518000000,3307.70,3322.15,3300.55,3317.00,65615.630,1768521599999,217328550.59674,115281,33164.077,109851022.62059,0
1768521600000,3317.00,3325.34,3314.04,3315.32,61211.135,1768525199999,203244657.20166,106470,29591.882,98264434.00593,0
1768525200000,3315.31,3320.59,3300.15,3312.32,84771.695,1768528799999,280560486.33782,128950,37709.913,124782882.67401,0
1768528800000,3312.32,3312.33,3290.21,3302.30,95243.920,1768532399999,314290933.09364,169359,44085.014,145467683.68666,0
1768532400000,3302.30,3306.90,3293.65,3293.90,36927.309,1768535999999,121868105.89813,86458,16749.470,55285432.61276,0
1768536000000,3293.91,3303.39,3274.05,3286.35,167236.527,1768539599999,549396344.74800,189040,71960.174,236425691.08554,0
1768539600000,3286.36,3315.00,3281.81,3307.58,150025.824,1768543199999,495151539.83388,203299,77487.280,255735529.53845,0
1768543200000,3307.59,3315.82,3301.01,3312.61,69707.843,1768546799999,230684486.30134,105865,34470.964,114080461.87866,0
1768546800000,3312.61,3314.67,3299.52,3308.16,57184.694,1768550399999,189125948.88397,87710,24951.752,82517474.67005,0
1768550400000,3308.16,3319.43,3307.20,3312.02,72841.370,1768553999999,241432817.00777,112821,37698.904,124960703.17109,0
1768554000000,3312.02,3315.36,3306.02,3306.41,36557.324,1768557599999,120988088.57076,71541,17614.729,58298108.47867,0
1768557600000,3306.41,3307.43,3293.24,3296.31,76315.836,1768561199999,251809839.06121,108008,35745.287,117948665.99201,0
1768561200000,3296.31,3305.39,3291.56,3300.69,74972.561,1768564799999,247367364.58667,112862,33930.616,111960244.72338,0
1768564800000,3300.70,3313.00,3299.00,3307.33,62855.843,1768568399999,207858750.76541,102732,31337.771,103628951.75644,0
1768568400000,3307.34,3309.16,3293.29,3306.12,61716.341,1768571999999,203856716.28246,112858,31111.463,102778553.72600,0
1768572000000,3306.12,3317.17,3287.98,3292.49,171889.699,1768575599999,567300036.60025,371171,83439.987,275444455.26891,0
1768575600000,3292.49,3310.00,3251.42,3263.04,520203.015,1768579199999,1703917974.37960,803970,232265.587,761003802.08323,0
1768579200000,3263.04,3288.88,3258.00,3277.80,297303.443,1768582799999,973685495.19418,389014,156228.850,511761390.87269,0
1768582800000,3277.81,3285.55,3265.51,3283.15,84392.834,1768586399999,276418907.74331,191703,43204.496,141534760.79156,0
1768586400000,3283.15,3287.48,3276.26,3277.28,60088.349,1768589999999,197229796.97332,143433,30168.897,99031823.34819,0
1768590000000,3277.29,3278.14,3267.29,3275.64,49877.111,1768593599999,163255777.55963,118424,28399.859,92961796.73896,0
1768593600000,3275.65,3292.75,3263.06,3291.59,112016.873,1768597199999,367407168.79196,184557,58905.772,193241784.78696,0
1768597200000,3291.60,3298.32,3286.78,3292.87,69057.218,1768600799999,227443611.85478,120823,35784.000,117867804.39580,0
1768600800000,3292.88,3294.41,3281.42,3292.71,37761.351,1768604399999,124166636.53534,77299,19961.875,65643218.06378,0
1768604400000,3292.71,3298.86,3290.82,3294.77,40024.041,1768607999999,131885670.61217,76499,21787.656,71796389.61352,0
1768608000000,3294.77,3296.02,3288.42,3291.40,26973.382,1768611599999,88784765.22403,59200,12317.865,40545220.61274,0
1768611600000,3291.40,3294.62,3286.52,3289.26,26630.792,1768615199999,87627820.52306,49085,11166.072,36742731.72823,0
1768615200000,3289.27,3291.78,3282.39,3291.13,32488.212,1768618799999,106766594.23051,50784,15325.742,50366926.57586,0
1768618800000,3291.14,3291.34,3286.32,3288.12,17014.747,1768622399999,55969460.25144,33369,7022.354,23100322.86541,0
1768622400000,3288.12,3291.50,3284.67,3290.71,21825.556,1768625999999,71750711.60482,36280,11197.130,36813251.56825,0
1768626000000,3290.71,3292.99,3288.02,3290.22,17869.393,1768629599999,58803638.29990,33955,8903.782,29300650.43217,0
1768629600000,3290.22,3292.64,3286.09,3289.87,20368.999,1768633199999,66990036.67167,33425,11096.911,36500614.99347,0
1768633200000,3289.87,3291.33,3285.82,3290.09,23346.754,1768636799999,76792781.89456,38920,12334.158,40571066.74597,0
1768636800000,3290.08,3295.65,3288.00,3295.20,46085.339,1768640399999,151760128.63497,60653,25451.345,83816248.73959,0
1768640400000,3295.20,3304.96,3292.30,3297.35,64373.935,1768643999999,212312754.11317,73680,35526.133,117183192.72108,0
1768644000000,3297.35,3299.67,3294.00,3295.37,30393.552,1768647599999,100194917.98770,45136,15610.238,51463432.21899,0
1768647600000,3295.36,3304.33,3291.12,3301.40,50014.560,1768651199999,165008926.38175,70893,31096.626,102600382.20488,0
1768651200000,3301.39,3305.00,3298.99,3301.13,35080.839,1768654799999,115807610.84981,53189,21444.661,70795512.10415,0
1768654800000,3301.12,3303.00,3298.00,3302.21,30198.194,1768658399999,99677762.72754,48245,16143.395,53287306.12974,0
1768658400000,3302.21,3310.61,3300.00,3308.85,75176.873,1768661999999,248570640.04801,98388,46439.883,153557308.30539,0
1768662000000,3308.85,3328.21,3306.47,3328.13,249727.797,1768665599999,828827943.67848,222249,146930.833,487661673.85228,0
1768665600000,3328.13,3328.36,3310.00,3317.42,145175.545,1768669199999,481580286.71258,178731,61734.334,204789825.13606,0
1768669200000,3317.42,3327.00,3315.56,3317.85,45451.665,1768672799999,150939604.62712,68745,23398.833,77711313.22808,0
1768672800000,3317.84,3319.31,3313.03,3316.34,27294.474,1768676399999,90516439.00822,48136,12483.407,41399150.14211,0
1768676400000,3316.35,3319.70,3313.21,3315.10,19381.175,1768679999999,64255462.33711,35841,10613.374,35185868.69580,0
1768680000000,3315.09,3318.53,3313.87,3315.90,14732.167,1768683599999,48847557.99829,28474,7417.681,24595644.25772,0
1768683600000,3315.90,3316.05,3305.11,3311.22,29489.838,1768687199999,97614425.08912,48187,11026.154,36497782.38050,0
1768687200000,3311.22,3311.23,3295.42,3300.36,67270.521,1768690799999,222132136.57401,95659,24937.611,82356821.16927,0
1768690800000,3300.37,3308.92,3299.52,3308.87,32263.548,1768694399999,106651610.65472,65532,18608.152,61512998.37136,0
1768694400000,3308.86,3312.91,3301.42,3303.13,37184.387,1768697999999,123005427.43295,65688,17080.941,56505155.92740,0
1768698000000,3303.13,3305.64,3294.52,3299.92,52438.876,1768701599999,173051463.82989,87254,23894.931,78861728.23877,0
1768701600000,3299.91,3304.69,3295.24,3302.15,32651.815,1768705199999,107748874.16795,63557,18015.809,59455325.49083,0
1768705200000,3302.16,3319.77,3301.82,3314.52,45086.167,1768708799999,149323108.71684,74161,27678.024,91667803.58495,0
1768708800000,3314.52,3316.53,3307.70,3310.60,29795.794,1768712399999,98699827.54105,55435,12685.166,42023837.07194,0
1768712400000,3310.59,3316.69,3309.33,3314.37,24833.312,1768715999999,82278033.35497,48940,12489.275,41379698.58717,0
1768716000000,3314.37,3316.66,3310.18,3314.07,22635.741,1768719599999,75001937.05724,47332,10887.390,36076253.32565,0
1768719600000,3314.08,3314.49,3304.20,3305.66,38343.585,1768723199999,126809493.65581,61883,15190.429,50238619.63857,0
1768723200000,3305.67,3315.52,3301.56,3313.92,48608.766,1768726799999,160831338.01167,66844,25630.694,84826703.82639,0
1768726800000,3313.93,3323.99,3312.55,3321.48,78088.713,1768730399999,259207798.67367,104884,43865.662,145610712.13863,0
1768730400000,3321.48,3324.41,3316.84,3324.04,43528.761,1768733999999,144549505.11166,66039,22084.037,73343886.86767,0
1768734000000,3324.05,3324.05,3317.41,3320.60,27458.492,1768737599999,91152545.61459,44452,12869.483,42720561.52949,0
1768737600000,3320.61,3325.75,3317.02,3320.71,37938.324,1768741199999,126007659.75416,56274,18703.731,62129244.77959,0
1768741200000,3320.71,3328.97,3312.71,3324.47,86717.477,1768744799999,287928969.38387,105092,41958.023,139340823.06224,0
1768744800000,3324.48,3346.70,3321.02,3323.51,226343.714,1768748399999,754658382.52007,230866,122540.128,408678114.93235,0
1768748400000,3323.51,3334.33,3317.45,3332.31,68804.987,1768751999999,228926246.15243,114668,35817.353,119192641.07972,0
1768752000000,3332.31,3336.66,3328.14,3332.15,44619.981,1768755599999,148718557.30758,87235,23493.645,78310556.09080,0
1768755600000,3332.16,3345.97,3330.10,3343.40,40911.661,1768759199999,136527319.92540,71871,23754.083,79284785.30203,0
1768759200000,3343.39,3367.98,3334.99,3360.66,201194.869,1768762799999,675189043.18012,236859,106212.883,356469058.33405,0
1768762800000,3360.67,3364.43,3342.70,3345.36,80676.545,1768766399999,270451696.33676,122194,36904.685,123710973.00100,0
1768766400000,3345.36,3351.22,3335.49,3339.77,53708.033,1768769999999,179551425.14268,97404,23570.881,78818470.65129,0
1768770000000,3339.77,3344.98,3335.01,3340.37,25735.709,1768773599999,85949811.25015,60343,14944.282,49910993.20885,0
1768773600000,3340.37,3356.14,3338.58,3349.34,36162.686,1768777199999,121082992.30262,69004,19851.475,66476910.77795,0
1768777200000,3349.33,3349.34,3277.42,3282.77,433050.075,1768780799999,1431724110.16666,620208,194610.788,643527961.22046,0
1768780800000,3282.77,3283.20,3175.00,3210.67,1291428.903,1768784399999,4157996394.44899,1465856,593178.706,1908641603.52508,0
1768784400000,3210.67,3220.00,3192.00,3205.51,221428.492,1768787999999,710359443.31118,380542,99604.129,319588539.10315,0
1768788000000,3205.50,3214.99,3191.14,3202.66,135714.760,1768791599999,435014137.51536,230181,65201.706,209033465.10431,0
1768791600000,3202.65,3211.03,3193.56,3210.36,103109.898,1768795199999,330412755.80410,177884,45723.060,146552000.96024,0
1768795200000,3210.35,3215.91,3203.25,3211.03,101329.226,1768798799999,325259694.55215,157653,49488.886,158866316.63663,0
1768798800000,3211.03,3214.17,3194.13,3201.00,168957.314,1768802399999,541057269.25415,207242,78901.677,252637055.04328,0
1768802400000,3201.00,3203.00,3184.15,3194.18,116966.523,1768805999999,373494513.89299,167950,53723.219,171578709.11525,0
1768806000000,3194.18,3207.66,3194.18,3205.74,59038.892,1768809599999,188998280.78272,108015,32846.999,105157507.30653,0
1768809600000,3205.74,3221.00,3196.00,3212.34,147469.713,1768813199999,473478733.34133,250911,70638.028,226830012.05844,0
1768813200000,3212.35,3213.19,3203.79,3207.83,56460.077,1768816799999,181161055.05726,136051,27999.297,89845311.59570,0
1768816800000,3207.82,3215.13,3204.00,3213.99,42764.365,1768820399999,137287217.37316,95788,20432.482,65597812.76787,0
1768820400000,3214.00,3229.66,3211.62,3222.18,119009.029,1768823999999,383448922.08050,182341,62297.882,200724718.57787,0
1768824000000,3222.18,3234.71,3217.67,3223.67,98169.555,1768827599999,316686896.14649,176138,44506.204,143593050.48575,0
1768827600000,3223.66,3223.66,3211.00,3216.93,73548.152,1768831199999,236601300.97103,130577,36023.881,115884342.50753,0
1768831200000,3216.92,3218.05,3200.01,3211.75,98067.864,1768834799999,314728198.87316,185944,47182.103,151438818.43474,0
1768834800000,3211.74,3219.56,3208.23,3214.47,54915.811,1768838399999,176523223.30477,129520,29782.823,95737293.47793,0
1768838400000,3214.47,3226.19,3211.20,3221.65,56589.866,1768841999999,182098815.72876,124613,30755.372,98986712.93730,0
1768842000000,3221.65,3224.68,3215.26,3218.30,39933.918,1768845599999,128564370.25077,88206,19901.361,64068351.22745,0
1768845600000,3218.30,3219.66,3206.61,3213.31,55087.563,1768849199999,176940016.08225,99597,25641.713,82358923.38351,0
1768849200000,3213.31,3223.50,3213.30,3218.34,30387.897,1768852799999,97790546.52588,74606,14883.919,47896733.51675,0
1768852800000,3218.34,3224.00,3211.00,3212.96,46671.434,1768856399999,150233885.98689,87267,21485.436,69163563.98430,0
1768856400000,3212.96,3221.02,3208.76,3211.49,29537.506,1768859999999,94954377.14538,74379,14640.831,47076215.39187,0
1768860000000,3211.48,3213.38,3185.00,3187.31,136698.808,1768863599999,437226207.35726,180098,57922.790,185286392.15474,0
1768863600000,3187.32,3196.93,3165.00,3188.01,282602.134,1768867199999,898297943.47407,410252,132462.586,421133054.23772,0
1768867200000,3188.01,3199.60,3175.00,3182.55,109769.246,1768870799999,349801370.44479,218206,56406.669,179752121.52049,0
1768870800000,3182.55,3198.55,3174.02,3192.16,90656.692,1768874399999,289053812.29613,195790,48976.690,156202562.01679,0
1768874400000,3192.16,3199.73,3177.18,3191.22,111506.634,1768877999999,355599886.13192,180683,59313.515,189192673.86636,0
1768878000000,3191.22,3193.63,3181.27,3187.41,53469.589,1768881599999,170378294.03397,114384,24192.070,77092272.38155,0
1768881600000,3187.41,3188.27,3167.00,3171.78,105216.908,1768885199999,334232466.03743,141557,41925.761,133206930.34032,0
1768885200000,3171.78,3174.00,3150.00,3170.13,327362.390,1768888799999,1035428145.81313,389445,156011.473,493609842.94108,0
1768888800000,3170.12,3171.00,3106.66,3115.20,514183.273,1768892399999,1609875338.94846,611438,227426.650,711921631.23540,0
1768892400000,3115.20,3130.00,3110.24,3121.50,160676.364,1768895999999,501507136.67940,236888,90003.969,280955548.53869,0
1768896000000,3121.49,3122.54,3083.49,3105.46,426079.822,1768899599999,1320906707.13788,519221,227276.641,704691811.56594,0
1768899600000,3105.46,3109.00,3087.17,3093.15,139253.786,1768903199999,431242194.86761,197612,72542.736,224776653.48555,0
1768903200000,3093.15,3107.32,3090.00,3101.26,100416.345,1768906799999,311319719.68999,158171,52238.720,161953936.14699,0
1768906800000,3101.26,3111.83,3101.25,3108.14,90090.226,1768910399999,279945706.44770,119273,48247.551,149934467.45094,0
1768910400000,3108.15,3113.52,3100.55,3109.50,74399.634,1768913999999,231187897.84387,122313,34769.437,108046514.78309,0
1768914000000,3109.50,3111.50,3072.41,3077.91,271906.022,1768917599999,839463137.42877,338295,116899.736,360934449.86086,0
1768917600000,3077.91,3088.00,3032.00,3046.17,837928.091,1768921199999,2563422530.41015,962970,392123.453,1199677791.74255,0
1768921200000,3046.16,3048.80,2990.91,3031.06,718534.644,1768924799999,2168705046.58936,971215,327882.237,989823827.10911,0
1768924800000,3031.06,3041.58,2997.00,3007.92,286981.331,1768928399999,865784586.56382,412534,139194.644,420101207.89755,0
1768928400000,3007.92,3022.35,2982.42,2998.41,335095.264,1768931999999,1004673248.85453,479750,154482.507,463241874.63376,0
1768932000000,2998.40,3007.92,2986.26,2990.62,145053.414,1768935599999,434727423.94795,276503,70275.712,210637744.45242,0
1768935600000,2990.63,3002.08,2977.92,2995.04,147521.454,1768939199999,441174682.99987,281373,75070.085,224540845.95029,0
1768939200000,2995.04,3006.61,2985.08,3005.63,135491.077,1768942799999,406209103.12178,263576,70003.734,209862648.66573,0
1768942800000,3005.64,3006.09,2988.14,2992.00,77712.764,1768946399999,232907749.64823,119987,36843.514,110431806.79594,0
1768946400000,2992.01,2997.58,2910.00,2950.00,396086.787,1768949999999,1166745364.40250,461326,159917.441,471263820.38693,0
1768950000000,2950.00,2951.08,2928.86,2938.24,207825.861,1768953599999,610916048.96503,353555,94987.459,279221034.90350,0
1768953600000,2938.25,2968.00,2920.08,2958.32,280131.483,1768957199999,824974244.78727,391141,146463.322,431533952.26548,0
1768957200000,2958.31,2973.06,2953.62,2963.66,159225.658,1768960799999,472086472.80576,210436,86860.719,257549889.89521,0
1768960800000,2963.66,2973.75,2956.22,2960.65,89243.730,1768964399999,264635753.62552,169526,47709.331,141480381.60345,0
1768964400000,2960.65,2983.70,2959.79,2980.27,101187.034,1768967999999,300981166.71418,156387,57506.594,171068447.15249,0
1768968000000,2980.26,2984.45,2973.26,2977.83,60720.767,1768971599999,180947725.64197,102890,29722.179,88582495.19725,0
1768971600000,2977.84,3001.01,2976.34,2991.71,151925.823,1768975199999,454437977.22427,162097,75539.386,225926674.16517,0
1768975200000,2991.71,2992.50,2973.76,2979.01,89822.559,1768978799999,267990130.57945,124805,40308.649,120243625.48716,0
1768978800000,2979.01,2984.42,2964.45,2969.01,153121.887,1768982399999,455167877.06900,155771,84844.168,252246882.87972,0
1768982400000,2969.02,2973.18,2954.15,2964.00,116704.860,1768985999999,345850659.40741,186342,55214.824,163667361.96323,0
1768986000000,2963.99,2973.62,2947.00,2952.46,98156.434,1768989599999,290812119.78650,144555,42022.892,124553722.82513,0
1768989600000,2952.46,2968.90,2950.54,2962.34,66220.976,1768993199999,196060279.29205,100381,41088.769,121637746.88462,0
1768993200000,2962.34,2970.61,2935.00,2942.17,143368.309,1768996799999,423067162.86692,173448,60107.912,177428797.47634,0
1768996800000,2942.17,2945.60,2900.31,2929.92,535259.887,1769000399999,1562070200.57745,681239,233070.007,680302652.30312,0
1769000400000,2929.92,2944.50,2919.18,2926.79,222047.929,1769003999999,651204500.61017,322421,102901.302,301788918.22839,0
1769004000000,2926.79,2994.44,2923.08,2979.29,627375.728,1769007599999,1863611199.28691,986857,333753.212,991434364.92668,0
1769007600000,2979.30,3026.06,2973.34,3001.22,505151.789,1769011199999,1514853947.48451,746134,262616.626,787778545.29180,0
1769011200000,3001.23,3003.92,2883.98,2889.94,880777.613,1769014799999,2578282942.92188,1059244,405644.036,1187053997.21920,0
1769014800000,2889.94,2912.99,2864.29,2902.01,520538.803,1769018399999,1503508180.19842,981121,251440.089,726670964.09144,0
1769018400000,2902.00,2932.64,2885.82,2925.87,198733.367,1769021999999,578236197.36379,482638,105382.380,306700614.33652,0
1769022000000,2925.87,3069.34,2914.74,3054.07,787955.985,1769025599999,2368813757.37139,1122778,400612.795,1203114880.54228,0
1769025600000,3054.08,3056.41,3001.79,3030.36,360471.147,1769029199999,1090414697.79540,592622,177004.770,535301180.91937,0
1769029200000,3030.36,3043.17,3019.51,3030.00,93171.342,1769032799999,282516123.38976,194246,45504.940,138010468.64760,0
1769032800000,3030.01,3044.00,3007.19,3008.77,90558.518,1769036399999,273819247.54768,145109,39729.226,120145797.15505,0
1769036400000,3008.77,3024.00,2970.65,2980.66,197822.889,1769039999999,591880349.82594,277929,82248.187,246165219.92402,0
1769040000000,2980.67,3009.92,2979.28,3003.96,142038.965,1769043599999,425730010.35470,220904,76227.033,228493107.74660,0
1769043600000,3003.96,3033.00,3000.73,3026.96,127702.032,1769047199999,385488115.16373,221271,73107.879,220694469.27492,0
1769047200000,3026.96,3037.49,3013.60,3016.45,111397.746,1769050799999,337163288.46259,187627,55069.446,166739338.02027,0
1769050800000,3016.44,3029.69,2998.30,3012.24,107694.070,1769054399999,324380852.97508,163398,49419.569,148902737.86394,0
1769054400000,3012.23,3023.99,3010.14,3021.84,49216.693,1769057999999,148524244.69645,108083,27349.547,82530255.80302,0
1769058000000,3021.84,3027.00,3013.13,3018.74,46362.991,1769061599999,139991675.83403,100775,23355.211,70527475.93463,0
1769061600000,3018.74,3026.56,3007.50,3017.94,70507.767,1769065199999,212672464.72262,141736,38905.942,117349695.56612,0
1769065200000,3017.93,3021.28,2999.16,2999.71,77868.225,1769068799999,234155383.39996,136124,35278.392,106101964.23752,0
1769068800000,2999.72,3007.14,2990.77,3004.44,116063.414,1769072399999,348043598.77335,189260,58345.587,174972342.07897,0
1769072400000,3004.43,3015.58,3001.81,3012.20,66481.552,1769075999999,200077490.17417,119094,30225.225,90976143.86474,0
1769076000000,3012.21,3013.45,2998.21,3001.15,84852.884,1769079599999,254948142.75532,141684,30557.943,91808317.20583,0
1769079600000,3001.14,3005.84,2976.07,2984.78,178609.132,1769083199999,533636322.16538,256523,71772.176,214473821.22942,0
1769083200000,2984.79,2996.91,2976.46,2989.56,91007.850,1769086799999,271918141.50089,162705,43067.898,128690319.68579,0
1769086800000,2989.56,3009.00,2960.59,2971.34,268536.680,1769090399999,799918416.41647,419405,131994.744,393268830.75752,0
1769090400000,2971.33,2980.89,2933.40,2939.62,467304.751,1769093999999,1381453107.31423,793235,217565.797,643132931.29860,0
1769094000000,2939.61,2966.71,2904.11,2940.72,611078.276,1769097599999,1792117346.27835,1043256,307369.093,901601081.62161,0
1769097600000,2940.73,2957.55,2922.12,2944.53,251217.183,1769101199999,738499204.46551,527175,125105.819,367788670.92299,0
1769101200000,2944.52,2962.76,2933.14,2960.26,127851.404,1769104799999,376931768.78365,330192,60267.633,177734351.54530,0
1769104800000,2960.26,2971.84,2937.01,2938.26,135528.387,1769108399999,400435486.77509,307697,66033.334,195140741.58523,0
1769108400000,2938.26,2962.00,2926.88,2952.56,113739.837,1769111999999,335089816.27353,272795,60371.948,177881902.69492,0
1769112000000,2952.56,2956.55,2928.90,2937.60,104454.940,1769115599999,307237071.36116,252958,48572.419,142843425.19216,0
1769115600000,2937.60,2950.21,2932.23,2944.73,59940.709,1769119199999,176462721.46101,151243,30593.712,90057188.40901,0
1769119200000,2944.73,2958.00,2941.51,2950.30,54237.442,1769122799999,159945129.56953,107853,27989.201,82531903.42178,0
1769122800000,2950.29,2954.58,2939.03,2951.21,47343.293,1769126399999,139573937.36038,107628,26958.581,79476855.46703,0
1769126400000,2951.21,2956.06,2944.47,2952.17,43735.786,1769129999999,129035039.80969,104945,22144.031,65329954.04694,0
1769130000000,2952.16,2968.74,2951.80,2967.56,62669.740,1769133599999,185524104.77524,132555,34440.013,101967695.32797,0
1769133600000,2967.56,2971.10,2951.15,2951.42,55659.136,1769137199999,164878297.93898,120332,23166.881,68641856.36730,0
1769137200000,2951.41,2964.19,2950.12,2963.17,35221.261,1769140799999,104219354.90121,86459,18439.075,54563715.76367,0
1769140800000,2963.18,2983.62,2961.57,2976.30,111685.152,1769144399999,332228327.79199,176942,62918.377,187163738.60697,0
1769144400000,2976.30,2976.78,2962.65,2966.97,62875.236,1769147999999,186710052.03113,131006,26905.947,79897554.36995,0
1769148000000,2966.96,2974.39,2936.39,2938.76,182894.796,1769151599999,539485047.08249,309872,76558.675,225839960.94918,0
1769151600000,2938.75,2950.00,2933.56,2946.84,100135.218,1769155199999,294663776.13410,191849,51830.413,152533017.07233,0
1769155200000,2946.84,2949.81,2921.00,2926.29,155400.628,1769158799999,455567067.41443,268290,73933.655,216733342.18743,0
1769158800000,2926.28,2933.81,2913.84,2920.01,132996.411,1769162399999,388728506.56350,232295,64071.926,187321993.33472,0
1769162400000,2920.01,2933.61,2913.49,2929.85,87875.182,1769165999999,257083417.54950,166936,48684.885,142435500.76692,0
1769166000000,2929.85,2946.34,2927.41,2939.52,84804.791,1769169599999,249192496.56628,158321,41401.493,121663242.65303,0
1769169600000,2939.53,2939.53,2927.52,2933.39,62499.868,1769173199999,183375057.67140,128825,31173.329,91468909.12464,0
1769173200000,2933.40,2942.93,2925.61,2929.51,82075.717,1769176799999,240814376.09904,156947,34283.667,100600666.84800,0
1769176800000,2929.52,2940.96,2890.20,2914.64,399617.684,1769180399999,1163422333.35198,696808,198392.892,577766118.67517,0
1769180400000,2914.65,2965.00,2897.65,2951.08,358173.141,1769183999999,1050252951.21946,691165,193084.305,566195440.61631,0
1769184000000,2951.08,2979.34,2936.95,2966.35,329905.239,1769187599999,976475967.87820,592079,161058.062,476827529.06898,0
1769187600000,2966.35,3020.45,2958.04,2986.02,403219.742,1769191199999,1206616708.21102,619425,216847.813,648999356.69193,0
1769191200000,2986.03,3006.51,2976.74,2987.18,165889.094,1769194799999,496058509.96467,368117,79227.871,236985054.91803,0
1769194800000,2987.18,2987.19,2945.00,2958.24,216437.323,1769198399999,641418742.98859,450061,104383.730,309260106.22446,0
1769198400000,2958.24,2962.64,2929.00,2938.87,162780.290,1769201999999,478964901.88736,387315,78106.664,229932236.51694,0
1769202000000,2938.88,2951.98,2936.88,2942.62,47799.612,1769205599999,140821298.12308,145022,26851.664,79104911.53490,0
1769205600000,2942.62,2961.03,2942.00,2958.75,51477.491,1769209199999,152066196.40109,105485,29452.588,87004391.20346,0
1769209200000,2958.76,2958.76,2949.39,2955.08,25272.628,1769212799999,74651427.52358,66640,12066.295,35643583.70125,0
1769212800000,2955.08,2958.06,2947.72,2949.44,31716.992,1769216399999,93657210.90933,73364,13686.129,40411902.08934,0
1769216400000,2949.44,2958.37,2948.49,2954.99,34267.847,1769219999999,101234759.28197,68303,15969.842,47177978.78591,0
1769220000000,2954.99,2961.20,2953.19,2958.13,24442.773,1769223599999,72294693.28899,63331,14183.411,41950386.52931,0
1769223600000,2958.13,2968.75,2955.77,2961.10,56869.422,1769227199999,168517960.38327,101574,29899.120,88600414.77633,0
1769227200000,2961.11,2965.21,2957.38,2961.63,27365.635,1769230799999,81033828.53217,51835,11657.964,34524208.36751,0
1769230800000,2961.63,2964.14,2955.40,2959.67,30337.567,1769234399999,89800223.06574,54740,14601.436,43223536.44487,0
1769234400000,2959.68,2962.72,2957.10,2960.06,19472.468,1769237999999,57640639.22251,40787,10953.039,32422960.94680,0
1769238000000,2960.06,2960.80,2953.03,2956.00,28531.858,1769241599999,84367017.81960,52072,13003.443,38451579.58138,0
1769241600000,2956.01,2962.16,2953.72,2961.75,20419.564,1769245199999,60399970.95109,40715,10976.737,32471456.63379,0
1769245200000,2961.75,2963.61,2958.74,2959.29,16279.732,1769248799999,48201046.55856,36176,7904.888,23406356.14014,0
1769248800000,2959.30,2961.09,2957.30,2960.41,13396.567,1769252399999,39643685.69276,30016,7611.547,22525688.47916,0
1769252400000,2960.42,2963.42,2959.14,2959.93,22519.117,1769255999999,66691478.83843,31754,11086.910,32837873.12644,0
1769256000000,2959.93,2963.58,2958.00,2961.48,25871.826,1769259599999,76593271.97452,42974,12881.339,38138913.58711,0
1769259600000,2961.48,2962.46,2945.24,2947.17,43490.867,1769263199999,128537522.41975,56906,13191.861,38998223.25527,0
1769263200000,2947.18,2958.56,2942.00,2957.99,87185.888,1769266799999,257307462.79743,123000,46203.087,136371463.42444,0
1769266800000,2957.99,2966.93,2954.00,2955.55,62033.705,1769270399999,183703335.53488,118758,30337.074,89843087.91183,0
1769270400000,2955.54,2960.13,2950.25,2957.42,53371.744,1769273999999,157706656.77056,110225,25028.371,73965215.00728,0
1769274000000,2957.42,2965.00,2956.33,2962.97,36416.543,1769277599999,107836317.10555,68654,18123.555,53670861.36281,0
1769277600000,2962.97,2967.30,2960.66,2962.06,24384.034,1769281199999,72268240.85588,41756,12007.779,35589217.69697,0
1769281200000,2962.05,2962.83,2950.42,2952.77,33776.287,1769284799999,99827273.33948,52928,12500.014,36944585.18254,0
1769284800000,2952.77,2957.94,2952.46,2955.03,15768.801,1769288399999,46602133.51805,35134,9643.298,28498665.50987,0
1769288400000,2955.04,2956.81,2947.00,2956.80,31888.389,1769291999999,94127938.65840,50922,15913.249,46984367.10795,0
1769292000000,2956.80,2963.00,2956.80,2961.60,19283.308,1769295599999,57081697.39002,42117,10519.694,31139495.80857,0
1769295600000,2961.60,2963.02,2951.00,2952.09,23494.343,1769299199999,69428099.91487,62165,9722.228,28730015.22623,0
1769299200000,2952.09,2957.64,2951.00,2957.63,19546.777,1769302799999,57736197.06316,47883,10560.667,31195398.79766,0
1769302800000,2957.64,2959.27,2948.10,2953.77,32414.146,1769306399999,95722540.60861,56042,14802.562,43717031.18891,0
1769306400000,2953.77,2957.06,2951.57,2952.05,18619.735,1769309999999,55003591.93015,34133,6979.826,20619825.34557,0
1769310000000,2952.06,2953.00,2935.50,2941.54,92426.859,1769313599999,271914519.06732,124343,39307.154,115639180.84169,0
1769313600000,2941.54,2948.15,2938.89,2944.01,43470.979,1769317199999,127957428.81499,77796,23089.405,67971813.67940,0
1769317200000,2944.01,2947.65,2940.88,2946.04,25044.647,1769320799999,73742182.71384,47350,12157.637,35798130.82344,0
1769320800000,2946.03,2947.00,2933.05,2942.86,68892.684,1769324399999,202501071.87214,109308,34224.406,100614636.05335,0
1769324400000,2942.86,2942.86,2937.04,2938.43,22983.395,1769327999999,67569876.51840,44117,11184.300,32880844.40513,0
1769328000000,2938.44,2943.97,2918.55,2927.89,120480.132,1769331599999,352993732.32565,163336,54165.081,158705346.55561,0
1769331600000,2927.89,2938.73,2925.11,2934.55,51475.060,1769335199999,150969960.51812,80620,27330.388,80162145.09555,0
1769335200000,2934.55,2947.00,2934.41,2943.73,54295.761,1769338799999,159730851.80491,123078,30627.727,90108000.69702,0
1769338800000,2943.72,2945.23,2931.00,2936.16,56294.611,1769342399999,165365167.04967,94181,23463.598,68908091.93409,0
1769342400000,2936.15,2944.08,2931.10,2941.11,57432.580,1769345999999,168714631.73116,114084,27187.514,79874988.20968,0
1769346000000,2941.11,2944.05,2933.80,2940.28,44475.045,1769349599999,130759575.57020,88248,20555.413,60438705.23688,0
1769349600000,2940.28,2941.40,2923.04,2931.30,114537.522,1769353199999,335574452.82329,178188,53797.125,157606673.67591,0
1769353200000,2931.29,2934.81,2920.33,2925.54,51103.477,1769356799999,149662851.80095,105984,21424.248,62749893.24604,0
1769356800000,2925.54,2926.35,2874.10,2895.46,582038.608,1769360399999,1685337172.23454,849392,272246.013,788315967.10781,0
1769360400000,2895.45,2897.23,2877.00,2883.04,123029.189,1769363999999,355076415.93921,243421,58521.401,168894395.47993,0
1769364000000,2883.04,2887.72,2825.00,2846.01,650831.323,1769367599999,1856362817.66966,914559,292691.630,835189748.13821,0
1769367600000,2846.01,2852.01,2794.59,2810.90,522575.752,1769371199999,1473934416.52194,752863,221115.808,624063904.18037,0
1769371200000,2810.91,2821.77,2784.15,2807.76,321612.385,1769374799999,900746627.42628,494029,141160.244,395537844.62495,0
1769374800000,2807.75,2823.81,2800.02,2817.19,217203.088,1769378399999,611031563.21670,350579,114457.017,321970203.51617,0
1769378400000,2817.18,2817.59,2787.52,2805.78,158021.193,1769381999999,442607453.49891,264468,78278.387,219271432.87393,0
1769382000000,2805.79,2820.00,2785.00,2815.49,190464.259,1769385599999,534039613.79561,452663,98423.584,276060773.82072,0
1769385600000,2815.49,2846.20,2810.72,2840.58,306058.795,1769389199999,866378994.25358,466640,171950.138,486734312.70083,0
1769389200000,2840.58,2898.02,2837.27,2881.40,491830.387,1769392799999,1413500287.13897,660557,297552.432,855146650.94272,0
1769392800000,2881.40,2884.32,2861.03,2864.65,181810.591,1769396399999,522227252.27498,341640,81432.191,233907612.06492,0
1769396400000,2864.66,2871.51,2839.46,2849.69,159680.260,1769399999999,455550885.86509,251132,68101.526,194211145.26586,0
1769400000000,2849.70,2874.99,2848.47,2864.91,133618.418,1769403599999,382527938.46583,232443,72343.943,207088390.66616,0
1769403600000,2864.91,2871.89,2858.54,2868.14,64279.157,1769407199999,184189953.31564,146305,34839.081,99839529.59493,0
1769407200000,2868.14,2891.00,2864.52,2890.90,227013.277,1769410799999,654296059.50797,283054,143064.080,412407535.13102,0
1769410800000,2890.91,2911.00,2884.34,2902.99,263959.552,1769414399999,764639820.98717,335032,158545.690,459287834.58983,0
1769414400000,2903.00,2935.00,2896.13,2911.24,358046.360,1769417999999,1043317473.33854,385821,190580.222,555277443.36458,0
1769418000000,2911.24,2912.49,2879.62,2884.38,180722.002,1769421599999,522662010.03171,256444,77092.111,222946978.06969,0
1769421600000,2884.38,2900.00,2883.59,2894.85,84050.179,1769425199999,243239061.53208,135581,48018.554,138956915.80874,0
1769425200000,2894.85,2899.00,2886.64,2890.92,71765.218,1769428799999,207607453.33396,108897,34977.988,101204291.97069,0
1769428800000,2890.91,2914.98,2890.91,2901.29,130823.248,1769432399999,379887046.59562,182128,68066.074,197654174.21204,0
1769432400000,2901.29,2909.99,2895.78,2908.30,80555.306,1769435999999,234015942.08255,159771,41571.988,120779357.75695,0
1769436000000,2908.29,2933.00,2872.78,2921.40,597807.390,1769439599999,1735416288.51642,916024,292078.694,848085869.92914,0
1769439600000,2921.39,2950.00,2884.94,2898.12,518078.441,1769443199999,1511631007.86814,910181,249955.826,729690198.87968,0
1769443200000,2898.13,2916.84,2890.74,2900.36,233616.059,1769446799999,678331726.62434,531196,118061.347,342823547.95203,0
1769446800000,2900.36,2914.96,2884.93,2908.36,212309.227,1769450399999,615570695.09160,334902,121264.432,351620866.54778,0
1769450400000,2908.36,2931.87,2907.00,2931.00,266877.627,1769453999999,778890328.19893,359978,165055.091,481662320.24060,0
1769454000000,2930.99,2935.10,2916.20,2921.94,134528.831,1769457599999,393897002.04988,233610,67430.453,197452502.09162,0
1769457600000,2921.94,2928.04,2896.80,2900.17,115019.751,1769461199999,335009043.08832,194690,58681.700,170978543.08080,0
1769461200000,2900.17,2945.60,2893.90,2927.97,206868.157,1769464799999,605499978.23349,279107,131555.683,385125705.27907,0
1769464800000,2927.98,2936.00,2918.63,2925.96,86771.575,1769468399999,254057690.80541,143085,57267.398,167727937.90475,0
1769468400000,2925.97,2944.17,2917.01,2928.90,106534.762,1769471999999,312400650.17990,196548,53130.519,155784196.51468,0
1769472000000,2928.89,2929.87,2916.36,2919.37,66304.581,1769475599999,193777610.13645,126343,28377.302,82926958.81833,0
1769475600000,2919.37,2938.71,2910.93,2931.21,105227.506,1769479199999,307950346.15855,172501,56667.325,165821932.88674,0
1769479200000,2931.20,2946.48,2931.09,2944.20,89621.903,1769482799999,263431841.78687,168166,47397.458,139333790.64189,0
1769482800000,2944.19,2948.00,2934.64,2939.68,67854.475,1769486399999,199555215.30790,134908,31557.145,92821711.95113,0
1769486400000,2939.69,2958.00,2935.18,2939.42,153522.731,1769489999999,452353178.58221,194983,90457.415,266582461.97744,0
1769490000000,2939.41,2940.99,2932.30,2938.25,58081.264,1769493599999,170560297.22437,94781,29894.825,87792259.11136,0
1769493600000,2938.25,2941.48,2923.21,2928.08,63953.591,1769497199999,187413012.03257,107231,26568.823,77869388.39314,0
1769497200000,2928.07,2936.32,2926.12,2927.94,48972.081,1769500799999,143559924.70035,85816,25059.981,73466901.34711,0
1769500800000,2927.94,2931.46,2918.29,2922.21,73907.252,1769504399999,216117668.51309,113595,34351.876,100454733.40577,0
1769504400000,2922.21,2922.22,2905.76,2906.66,118000.633,1769507999999,343663344.57340,182289,53803.559,156700010.82786,0
1769508000000,2906.65,2914.51,2900.83,2902.53,89396.873,1769511599999,259933972.18982,148076,47048.435,136829350.32758,0
1769511600000,2902.52,2921.45,2898.89,2915.89,90253.688,1769515199999,262729817.71900,144637,52623.858,153205070.78301,0
1769515200000,2915.88,2926.87,2914.13,2917.15,84054.929,1769518799999,245481741.78389,127646,43853.946,128082454.98671,0
1769518800000,2917.14,2918.30,2904.15,2911.36,86718.121,1769522399999,252424452.67145,143409,44141.506,128502811.82758,0
1769522400000,2911.35,2944.26,2905.50,2917.31,298022.477,1769525999999,871090564.33264,560684,166603.094,487002177.42065,0
1769526000000,2917.32,2940.80,2911.66,2936.17,202684.017,1769529599999,593205661.19518,474753,111487.530,326346736.68731,0
1769529600000,2936.16,2997.64,2933.56,2989.59,553596.261,1769533199999,1646504905.14425,815379,286783.226,852869270.82551,0
1769533200000,2989.59,2993.89,2916.51,2928.89,498871.321,1769536799999,1469319606.61411,773670,237180.017,698434624.14374,0
1769536800000,2928.89,2989.00,2924.51,2977.10,270240.285,1769540399999,798427577.43815,508869,150334.904,444293913.18203,0
1769540400000,2977.10,2991.46,2963.81,2979.46,165962.647,1769543999999,494002615.26712,336175,79125.841,235575119.20802,0
1769544000000,2979.46,3027.65,2977.65,3019.79,325440.956,1769547599999,979062942.24600,577036,181471.379,545947145.84286,0
1769547600000,3019.79,3029.90,3003.72,3014.46,161112.316,1769551199999,486075935.68557,287208,79199.398,238943619.42523,0
1769551200000,3014.47,3022.85,3003.15,3018.01,82697.175,1769554799999,249217550.49438,156840,40438.473,121872380.25599,0
1769554800000,3018.01,3034.99,3009.45,3024.92,138431.735,1769558399999,418688143.91213,212136,77903.084,235653969.35135,0
1769558400000,3024.92,3028.50,3014.13,3023.00,80934.084,1769561999999,244455267.18731,141706,38147.814,115219214.65839,0
1769562000000,3022.99,3025.69,3005.71,3016.74,73075.674,1769565599999,220359139.71804,155462,36221.617,109249946.11545,0
1769565600000,3016.73,3017.14,3004.25,3009.52,54944.169,1769569199999,165369037.12833,142294,24626.863,74126131.65601,0
1769569200000,3009.51,3011.10,2995.78,3003.79,84160.384,1769572799999,252644976.37067,156667,36719.441,110228159.22625,0
1769572800000,3003.79,3005.51,2991.53,2998.30,73554.378,1769576399999,220463352.18348,135773,35222.827,105573866.75155,0
1769576400000,2998.31,3007.82,2995.27,3003.03,55446.102,1769579999999,166386997.89405,113736,27916.231,83784548.42715,0
1769580000000,3003.04,3018.09,3001.65,3013.24,95990.880,1769583599999,288976896.01658,163985,46911.985,141240419.37044,0
1769583600000,3013.25,3014.35,3001.00,3004.06,45081.195,1769587199999,135513902.24001,101227,22253.712,66897671.45180,0
1769587200000,3004.07,3005.67,2987.00,2989.42,93140.509,1769590799999,278892644.24809,172914,39628.537,118657824.12258,0
1769590800000,2989.42,3016.46,2985.33,3016.25,126862.955,1769594399999,380904126.81272,206846,76640.699,230191423.25010,0
1769594400000,3016.24,3038.86,3011.95,3024.78,187197.378,1769597999999,565962738.78103,269947,95841.388,289811852.12055,0
1769598000000,3024.77,3045.00,3013.81,3038.41,174323.201,1769601599999,528231705.89328,280624,91521.231,277425960.59976,0
1769601600000,3038.40,3039.26,3022.42,3029.79,164292.826,1769605199999,497794420.55655,244919,88265.432,267458721.97150,0
1769605200000,3029.79,3044.39,3027.92,3033.51,114636.385,1769608799999,347991886.79862,214265,56319.893,170975723.04731,0
1769608800000,3033.52,3033.55,3006.00,3011.60,220188.552,1769612399999,664977005.00168,456147,105215.827,317746887.69303,0
1769612400000,3011.60,3019.64,2981.70,3006.25,276776.822,1769615999999,830447247.14953,500936,133249.470,399876403.15801,0
1769616000000,3006.25,3016.92,2994.24,2998.41,116484.395,1769619599999,349916447.99908,279375,59065.216,177439837.47457,0
1769619600000,2998.40,3030.78,2987.89,3013.36,183704.414,1769623199999,552957470.79360,334559,92489.593,278449936.30388,0
1769623200000,3013.37,3023.20,2998.70,3013.82,154166.986,1769626799999,464071944.95832,272048,67568.450,203370369.60309,0
1769626800000,3013.81,3023.33,2995.16,3015.25,241783.777,1769630399999,727650743.69612,602201,119931.794,360981546.31091,0
1769630400000,3015.26,3038.10,3006.80,3010.67,167245.381,1769633999999,505167383.81012,304482,91636.840,276856187.17623,0
1769634000000,3010.67,3022.20,2995.01,3020.14,103899.086,1769637599999,312678457.73195,224347,56034.688,168663585.97306,0
1769637600000,3020.14,3026.30,3007.07,3017.19,46059.304,1769641199999,138872774.14732,88933,22635.036,68237381.40434,0
1769641200000,3017.20,3021.89,3006.66,3009.36,41301.910,1769644799999,124456809.62292,120943,19008.195,57281266.33181,0
1769644800000,3009.36,3012.04,2995.13,3007.85,68200.905,1769648399999,204839353.88224,167886,32913.610,98861261.23850,0
1769648400000,3007.86,3010.44,2985.35,2991.29,100376.927,1769651999999,300617754.72235,232262,44857.242,134346600.87520,0
1769652000000,2991.29,2998.00,2943.00,2958.01,325899.793,1769655599999,966311759.10520,499690,139610.511,413875893.44452,0
1769655600000,2958.01,2971.43,2946.42,2951.40,188645.729,1769659199999,558009205.91879,318438,91212.224,269837424.39513,0
1769659200000,2951.40,2959.51,2936.39,2958.19,136058.187,1769662799999,401100918.64168,194803,69604.483,205271494.27215,0
1769662800000,2958.20,2964.36,2946.60,2950.08,74800.473,1769666399999,221167113.46614,131856,38311.299,113301704.76867,0
1769666400000,2950.09,2958.38,2948.69,2954.83,47580.272,1769669999999,140550922.17645,104476,24881.274,73499712.74609,0
1769670000000,2954.83,2963.54,2954.17,2960.11,50650.663,1769673599999,149852309.07581,94598,29783.902,88124114.32627,0
1769673600000,2960.11,2969.00,2942.20,2951.36,159639.078,1769677199999,471441329.99019,234119,81824.016,241641379.48726,0
1769677200000,2951.37,2954.05,2941.00,2941.18,67229.365,1769680799999,198129924.36904,94598,30411.419,89638216.58070,0
1769680800000,2941.19,2948.00,2940.05,2943.49,49575.292,1769684399999,145968350.65274,81748,26260.013,77319969.17525,0
1769684400000,2943.49,2944.21,2922.21,2928.08,232970.203,1769687999999,682587956.56260,257051,106352.407,311614160.22467,0
1769688000000,2928.09,2937.69,2923.93,2934.99,85553.078,1769691599999,250772880.37382,120171,41297.131,121059062.90487,0
1769691600000,2935.00,2938.00,2930.13,2934.58,49467.417,1769695199999,145176063.56465,80368,25480.227,74783701.31077,0
1769695200000,2934.59,2935.46,2874.00,2874.79,448746.154,1769698799999,1303384241.80200,635085,197995.982,575171035.58678,0
1769698800000,2874.80,2876.00,2795.03,2822.65,1202883.560,1769702399999,3402476662.70470,1717382,592786.274,1676783390.55132,0
1769702400000,2822.66,2835.42,2800.01,2833.75,469591.423,1769705999999,1321926406.14592,745892,237419.663,668474368.15404,0
1769706000000,2833.76,2858.88,2817.52,2823.19,405572.482,1769709599999,1150879876.86474,624993,184284.438,523145658.16711,0
1769709600000,2823.18,2833.40,2752.50,2762.34,804751.222,1769713199999,2244864522.70530,996294,338897.946,945838093.93280,0
1769713200000,2762.35,2810.61,2756.31,2796.53,386539.703,1769716799999,1076574110.36724,586406,208017.543,579571235.73175,0
1769716800000,2796.53,2811.75,2788.00,2804.90,176017.201,1769720399999,492366279.31967,307435,86571.554,242220445.95431,0
1769720400000,2804.91,2824.00,2804.24,2818.51,120677.313,1769723999999,339652567.83216,260938,59965.330,168790494.43953,0
1769724000000,2818.52,2823.96,2809.13,2818.77,45128.530,1769727599999,127054974.96252,87951,20944.927,58967886.25493,0
1769727600000,2818.77,2826.15,2811.06,2821.00,59951.037,1769731199999,169077650.98680,132784,29966.392,84520015.73976,0
1769731200000,2821.00,2827.27,2800.67,2803.79,131999.672,1769734799999,371060652.93100,187021,57457.727,161537406.67176,0
1769734800000,2803.79,2812.13,2673.33,2745.65,837580.159,1769738399999,2297282339.89726,1065547,360856.152,989919692.16458,0
1769738400000,2745.65,2749.90,2696.61,2735.22,492377.733,1769741999999,1342130313.31077,1023242,248140.252,676473950.18039,0
1769742000000,2735.22,2747.23,2732.72,2739.74,114166.362,1769745599999,312757962.65355,304950,65356.957,179057014.33065,0
1769745600000,2739.74,2773.68,2736.56,2751.83,213407.651,1769749199999,588471754.73900,336338,115134.656,317488362.61999,0
1769749200000,2751.84,2759.85,2745.46,2745.78,93721.900,1769752799999,257878867.15964,175095,49083.733,135074435.31192,0
1769752800000,2745.78,2747.43,2695.03,2717.00,316939.182,1769756399999,862096846.62186,480449,133230.579,362458764.19133,0
1769756400000,2717.00,2749.58,2716.33,2738.43,254971.924,1769759999999,697533048.90077,402073,143174.144,391677194.43107,0
1769760000000,2738.43,2747.36,2721.01,2736.19,138264.260,1769763599999,377982979.92534,322941,65259.972,178428479.83869,0
1769763600000,2736.20,2742.97,2708.00,2720.84,192256.657,1769767199999,523965060.28777,366338,93385.854,254531730.37407,0
1769767200000,2720.84,2735.81,2710.17,2734.81,131222.386,1769770799999,357373323.26884,288063,71953.383,196021670.34864,0
1769770800000,2734.81,2767.80,2733.22,2758.50,188991.524,1769774399999,519526655.27471,302357,106161.211,291852614.20949,0
1769774400000,2758.49,2765.50,2736.42,2739.31,161328.430,1769777999999,443345409.26756,294307,74456.470,204642109.12794,0
1769778000000,2739.31,2750.80,2718.00,2728.79,221922.077,1769781599999,606399428.46732,442313,106908.202,292233590.12283,0
1769781600000,2728.78,2763.93,2722.32,2736.37,322804.768,1769785199999,885186071.66498,789488,171474.474,470335081.68819,0
1769785200000,2736.38,2751.77,2689.00,2727.63,532240.404,1769788799999,1450217831.36163,1058644,258398.055,704392529.76523,0
1769788800000,2727.63,2743.14,2703.97,2725.49,310985.208,1769792399999,848016523.19927,772530,153418.561,418446195.03022,0
1769792400000,2725.50,2739.88,2704.73,2711.16,285451.060,1769795999999,776469107.87162,664118,144075.339,391938770.93171,0
1769796000000,2711.16,2749.60,2634.63,2739.26,875387.111,1769799599999,2352122902.54812,1479104,416421.097,1120042855.25001,0
1769799600000,2739.26,2760.00,2733.08,2741.36,321059.070,1769803199999,881600711.93184,767785,161827.851,444380924.68453,0
1769803200000,2741.36,2741.89,2662.47,2678.83,568762.198,1769806799999,1531473478.69479,1132119,248438.905,668993803.64762,0
1769806800000,2678.82,2713.79,2675.60,2703.54,230451.674,1769810399999,621895847.57184,450122,125655.302,339097494.43630,0
1769810400000,2703.56,2708.64,2691.38,2708.63,60342.793,1769813999999,162920646.62859,153851,29141.354,78689096.19319,0
1769814000000,2708.63,2710.70,2692.68,2705.66,87171.705,1769817599999,235441126.99512,118412,47700.715,128827996.72004,0
1769817600000,2705.66,2713.42,2701.16,2705.06,57757.259,1769821199999,156372630.75058,123173,30328.829,82125844.83382,0
1769821200000,2705.05,2713.43,2697.46,2698.50,66522.878,1769824799999,179925306.45696,134223,31880.923,86216398.42749,0
1769824800000,2698.51,2707.56,2683.01,2700.73,106455.074,1769828399999,286861613.07108,203457,56323.848,151797099.02780,0
1769828400000,2700.73,2705.20,2693.50,2694.79,48786.408,1769831999999,131685814.15964,105625,21822.098,58909436.34122,0
1769832000000,2694.79,2703.87,2692.05,2694.44,53205.032,1769835599999,143554661.07905,101949,28762.868,77614283.99970,0
1769835600000,2694.44,2702.31,2689.24,2696.98,55730.811,1769839199999,150263668.75624,107563,30035.137,80983632.39840,0
1769839200000,2696.98,2700.00,2682.64,2691.61,94416.667,1769842799999,253993858.37180,145426,40961.597,110181203.40591,0
1769842800000,2691.60,2692.80,2665.00,2678.86,147624.009,1769846399999,395188580.53152,201185,65962.045,176556751.13833,0
1769846400000,2678.86,2682.60,2605.41,2642.48,676755.096,1769849999999,1786492389.28613,903314,301999.365,797219452.78104,0
1769850000000,2642.48,2658.00,2632.00,2646.95,185200.528,1769853599999,489907347.51085,356732,96415.063,255023675.30401,0
1769853600000,2646.95,2654.57,2634.30,2649.99,87480.475,1769857199999,231465702.81736,186125,43920.527,116231721.15263,0
1769857200000,2649.99,2650.00,2632.50,2639.04,91075.170,1769860799999,240589606.68194,170395,42067.466,111131503.95560,0
1769860800000,2639.04,2643.21,2626.35,2632.03,190239.569,1769864399999,501373637.10338,290656,100036.533,263686623.13653,0
1769864400000,2632.04,2635.79,2616.51,2627.79,214140.085,1769867999999,562205248.46347,347012,112724.784,295999671.86030,0
1769868000000,2627.78,2635.00,2507.47,2536.82,1396958.187,1769871599999,3566743479.51570,1839261,638759.906,1630188514.98435,0
1769871600000,2536.82,2554.57,2524.23,2532.61,371854.374,1769875199999,944314622.77002,744877,183814.851,466818539.09092,0
1769875200000,2532.61,2549.98,2463.92,2480.80,876199.566,1769878799999,2199796928.89527,1315581,403002.981,1012926372.32896,0
1769878800000,2480.80,2494.33,2350.56,2401.44,1386014.450,1769882399999,3357038464.47728,2013432,594865.377,1441228966.07309,0
1769882400000,2401.43,2415.70,2202.40,2378.75,1558812.923,1769885999999,3652957919.67588,2000723,686164.579,1612795576.29159,0
1769886000000,2378.76,2431.75,2370.08,2381.56,780102.337,1769889599999,1870328882.90742,1409169,425092.748,1019701888.99004,0
1769889600000,2381.57,2409.99,2352.36,2380.84,354453.881,1769893199999,841324712.93172,820820,169259.864,401970330.73754,0
1769893200000,2380.83,2423.00,2371.52,2418.04,314115.858,1769896799999,753709390.14411,744103,170326.083,408728940.08977,0
1769896800000,2418.04,2423.53,2404.65,2417.95,114658.787,1769900399999,276883123.02381,304096,56907.030,137446300.51965,0
1769900400000,2417.95,2473.20,2415.10,2450.38,368772.501,1769903999999,902010507.43904,673876,206252.972,504643232.07856,0
1769904000000,2450.38,2474.98,2444.26,2450.80,197043.337,1769907599999,484529415.66444,537547,104406.271,256724504.39898,0
1769907600000,2450.80,2454.34,2428.14,2443.30,187740.444,1769911199999,457966305.26775,405474,85061.254,207513502.78254,0
1769911200000,2443.30,2460.69,2438.48,2451.14,95637.937,1769914799999,234318492.52288,286153,47514.620,116429427.63554,0
1769914800000,2451.14,2455.36,2436.39,2444.17,84211.626,1769918399999,205763205.49540,217914,42869.006,104753850.43887,0
1769918400000,2444.18,2453.53,2440.22,2447.05,74028.865,1769921999999,181249853.51330,174612,37151.164,90957437.39317,0
1769922000000,2447.04,2448.39,2422.79,2429.60,147600.235,1769925599999,359495867.26277,264633,69010.992,168129300.38756,0
1769925600000,2429.60,2439.12,2406.05,2417.52,170266.139,1769929199999,412326920.14542,303747,77160.787,186904217.26392,0
1769929200000,2417.52,2439.99,2392.04,2409.99,327088.748,1769932799999,788554674.97711,500046,147573.307,355944109.28561,0
1769932800000,2409.99,2427.21,2395.19,2411.71,244883.595,1769936399999,590407999.71406,399007,125929.280,303660471.49495,0
1769936400000,2411.72,2436.99,2405.15,2431.00,125507.266,1769939999999,303844831.67896,262444,68576.759,166104756.69045,0
1769940000000,2431.00,2437.95,2374.65,2379.61,355327.086,1769943599999,852802805.43026,620910,147813.522,354792267.05148,0
1769943600000,2379.60,2423.66,2379.60,2410.65,243477.751,1769947199999,585125397.45835,430968,123669.689,297075012.30403,0
1769947200000,2410.65,2411.31,2382.70,2394.80,175613.461,1769950799999,421009111.50907,334718,80687.734,193466338.26785,0
1769950800000,2394.80,2409.59,2367.83,2380.01,204673.673,1769954399999,488930742.51365,394033,95201.350,227429067.91335,0
1769954400000,2380.02,2388.19,2325.09,2371.69,718349.701,1769957999999,1694240646.11670,1227817,350403.585,826787166.86788,0
1769958000000,2371.69,2371.89,2284.68,2314.57,856084.782,1769961599999,1983693519.36902,1596524,398708.293,923885152.75675,0
1769961600000,2314.57,2331.71,2282.06,2302.80,496522.401,1769965199999,1145772195.92154,1197526,237719.181,548596634.89043,0
1769965200000,2302.79,2320.57,2295.23,2313.08,273766.894,1769968799999,631287311.61386,677448,145835.250,336306710.09322,0
1769968800000,2313.07,2378.09,2312.14,2349.95,464421.235,1769972399999,1091188388.76727,958395,249332.078,585796115.35363,0
1769972400000,2349.95,2356.20,2304.59,2319.29,251517.122,1769975999999,585580827.60117,564286,115286.210,268456111.45158,0
1769976000000,2319.29,2348.21,2296.13,2315.08,292031.917,1769979599999,678081410.32016,721018,142076.592,330056553.02840,0
1769979600000,2315.08,2318.33,2276.00,2289.18,275960.922,1769983199999,634406927.32971,805386,132022.780,303658628.36934,0
1769983200000,2289.18,2334.13,2285.60,2317.80,261047.031,1769986799999,603472385.10397,655782,140844.982,325602181.99910,0
1769986800000,2317.81,2320.57,2218.00,2269.04,961798.135,1769990399999,2173177821.15080,1807007,457084.128,1032756564.38247,0
1769990400000,2269.03,2322.71,2240.13,2291.44,451915.271,1769993999999,1037024130.36873,1179304,224889.626,516174999.69612,0
1769994000000,2291.44,2316.76,2247.59,2289.43,442812.459,1769997599999,1012452058.62676,1164303,215461.551,492743933.85067,0
1769997600000,2289.43,2299.01,2257.60,2260.53,303273.640,1770001199999,691076987.87649,904283,152636.699,347870045.72025,0
1770001200000,2260.53,2266.00,2163.21,2237.41,1154853.182,1770004799999,2544921851.50539,2301632,549811.911,1211802767.81477,0
1770004800000,2237.40,2267.11,2205.51,2239.70,483850.379,1770008399999,1084048608.48082,1067947,222944.910,499378445.51462,0
1770008400000,2239.71,2242.06,2183.07,2196.71,560993.612,1770011999999,1236714713.91307,1334448,259345.095,571856969.51471,0
1770012000000,2196.70,2240.00,2156.00,2226.48,803510.998,1770015599999,1767020498.52985,1601879,418034.126,920047917.36683,0
1770015600000,2226.48,2253.82,2215.20,2227.57,407258.749,1770019199999,909545776.31970,1005637,218266.581,487642351.14952,0
1770019200000,2227.56,2258.00,2227.56,2248.13,319001.107,1770022799999,716001815.57364,863661,166303.549,373328880.14470,0
1770022800000,2248.14,2317.49,2236.43,2289.77,783431.387,1770026399999,1785955019.36202,1002504,434326.703,990218114.95964,0
1770026400000,2289.77,2298.56,2272.31,2276.65,292716.473,1770029999999,668297512.03481,515278,140272.792,320330769.18380,0
1770030000000,2276.66,2297.07,2272.38,2281.21,235333.600,1770033599999,537447416.50689,450268,117818.356,269107252.05011,0
1770033600000,2281.20,2317.44,2280.78,2310.09,280061.754,1770037199999,645037835.90861,582712,150922.782,347658035.28776,0
1770037200000,2310.09,2334.68,2300.72,2326.29,301962.565,1770040799999,699901030.11707,572084,160381.470,371878795.65709,0
1770040800000,2326.29,2367.97,2295.98,2327.59,801160.649,1770044399999,1870872849.16542,1469207,386330.138,902383099.70454,0
1770044400000,2327.59,2395.40,2317.09,2370.88,651611.996,1770047999999,1539629617.01787,1558417,330093.887,780243332.55046,0
1770048000000,2370.87,2385.56,2347.78,2357.04,329928.937,1770051599999,781702959.23427,823744,160570.334,380579327.44858,0
1770051600000,2357.05,2379.99,2342.09,2355.07,254674.940,1770055199999,601656574.09401,602484,131647.588,311173173.60355,0
1770055200000,2355.07,2358.57,2332.15,2343.08,201716.297,1770058799999,472882417.53254,523832,102645.226,240676980.56744,0
1770058800000,2343.07,2349.30,2326.00,2329.75,163747.424,1770062399999,382667160.96833,425067,79165.996,185034833.90731,0
1770062400000,2329.75,2339.18,2311.47,2320.83,235532.516,1770065999999,546946494.27390,549720,114126.387,265071323.58133,0
1770066000000,2320.83,2343.93,2318.00,2340.93,129101.523,1770069599999,301361854.89799,318349,68623.979,160212047.79547,0
1770069600000,2340.93,2353.44,2334.30,2349.73,89450.749,1770073199999,209796178.46911,179020,43643.442,102365710.63959,0
1770073200000,2349.74,2353.74,2338.10,2345.55,98644.377,1770076799999,231535508.17839,229315,46168.170,108381964.96926,0
1770076800000,2345.56,2354.64,2323.49,2352.64,157985.676,1770080399999,369581582.89248,381185,79257.106,185424323.43328,0
1770080400000,2352.64,2358.60,2336.18,2353.27,95054.396,1770083999999,223200936.82913,369398,50038.026,117511575.08071,0
1770084000000,2353.27,2353.51,2295.56,2297.30,297264.113,1770087599999,689253395.13406,522249,129649.486,300811401.88253,0
1770087600000,2297.32,2344.27,2282.01,2343.10,421701.032,1770091199999,975594667.38194,632097,240508.726,556887232.02368,0
1770091200000,2343.10,2354.40,2332.24,2344.91,232812.540,1770094799999,545476742.56746,355427,117149.764,274525579.58362,0
1770094800000,2344.90,2345.24,2313.71,2315.28,187938.886,1770098399999,437304031.40861,331582,86147.884,200418484.26802,0
1770098400000,2315.28,2327.48,2296.45,2319.14,235486.378,1770101999999,544325872.45984,374883,120925.945,279616405.98102,0
1770102000000,2319.14,2333.00,2311.22,2322.00,168654.398,1770105599999,391891163.99138,355628,82719.293,192222139.13532,0
1770105600000,2322.00,2331.86,2307.78,2314.62,181074.936,1770109199999,420168307.44084,377337,85976.890,199517006.16712,0
1770109200000,2314.62,2317.86,2259.77,2290.88,636754.900,1770112799999,1455524362.69614,708997,294247.529,672565069.86995,0
1770112800000,2290.87,2298.31,2275.00,2280.49,167375.052,1770116399999,382580374.28894,318889,81434.433,186185311.48505,0
1770116400000,2280.50,2287.34,2269.29,2275.63,203095.069,1770119999999,462736685.94638,340215,109027.587,248489304.46105,0
1770120000000,2275.63,2305.43,2271.01,2300.01,186056.572,1770123599999,426397687.06213,350748,106062.664,243090770.63343,0
1770123600000,2300.00,2316.36,2295.17,2311.06,156617.416,1770127199999,361032899.93315,315154,84152.991,194027489.93712,0
1770127200000,2311.07,2316.00,2254.00,2255.66,485036.553,1770130799999,1108348147.00628,1033900,220552.201,504142073.37668,0
1770130800000,2255.66,2313.84,2250.66,2302.16,694180.392,1770134399999,1584536067.19841,1409049,360549.453,823034515.76797,0
1770134400000,2302.16,2302.70,2234.16,2239.88,690078.215,1770137999999,1556880223.45166,1141397,317757.804,717138578.03762,0
1770138000000,2239.87,2244.00,2191.23,2194.32,752795.761,1770141599999,1669901644.16128,1248708,331363.798,735456733.36839,0
1770141600000,2194.32,2206.12,2103.40,2119.08,1512724.942,1770145199999,3254076562.55684,2008962,652043.865,1402029668.41811,0
1770145200000,2119.07,2218.64,2110.58,2204.33,1121475.401,1770148799999,2441017631.25738,1656405,623488.060,1357331059.73314,0
1770148800000,2204.33,2353.97,2186.69,2298.93,1088374.200,1770152399999,2473356920.22404,1670199,596748.879,1355288634.73896,0
1770152400000,2298.92,2339.07,2278.43,2283.21,392106.597,1770155999999,905050906.50073,873466,203529.164,470034074.99059,0
1770156000000,2283.20,2285.57,2226.51,2234.81,403423.496,1770159599999,909745660.36028,714969,183299.854,413380756.59094,0
1770159600000,2234.80,2247.44,2211.00,2232.23,380141.556,1770163199999,847665265.21022,807218,171961.081,383445586.40335,0
1770163200000,2232.23,2255.55,2221.77,2239.74,191995.538,1770166799999,430425100.09812,488928,96227.341,215796004.47865,0
1770166800000,2239.74,2280.50,2239.74,2267.21,245716.361,1770170399999,557021428.40123,548598,129488.040,293517454.94545,0
1770170400000,2267.21,2275.43,2241.20,2250.62,165965.869,1770173999999,374891871.05003,443363,77862.004,175938454.66377,0
1770174000000,2250.62,2295.00,2247.58,2282.23,230111.803,1770177599999,523883159.57524,433627,125511.935,285816335.87864,0
1770177600000,2282.22,2289.07,2269.47,2272.72,102200.467,1770181199999,232759001.38100,221462,45317.836,103226791.79166,0
1770181200000,2272.71,2279.56,2255.13,2264.38,142686.254,1770184799999,323529656.20091,318555,67723.134,153598908.22465,0
1770184800000,2264.38,2283.46,2257.32,2276.50,158881.174,1770188399999,361024072.06088,299440,76224.597,173232351.37940,0
1770188400000,2276.51,2294.38,2262.34,2282.93,217146.344,1770191999999,494957414.62773,363699,112149.131,255682303.83346,0
1770192000000,2282.93,2285.29,2265.68,2278.80,127738.675,1770195599999,290732494.27589,333347,63008.294,143407949.53829,0
1770195600000,2278.81,2278.98,2250.02,2259.89,187259.318,1770199199999,423484476.96746,359047,93121.805,210587666.19518,0
1770199200000,2259.89,2263.77,2248.88,2259.61,101128.566,1770202799999,228219474.12562,222318,52086.865,117562359.93262,0
1770202800000,2259.61,2267.79,2225.24,2253.73,486235.197,1770206399999,1090633572.56558,648144,236120.421,529701982.83636,0
1770206400000,2253.73,2262.20,2230.81,2243.11,218385.463,1770209999999,490415611.96181,415909,111970.387,251484519.40860,0
1770210000000,2243.10,2245.11,2195.71,2197.32,493885.373,1770213599999,1094186328.70545,720400,230825.888,511389420.55544,0
1770213600000,2197.32,2225.62,2166.52,2170.61,1007116.239,1770217199999,2213608874.71551,1535953,514512.588,1131261281.15383,0
1770217200000,2170.61,2197.25,2135.00,2150.44,1026841.291,1770220799999,2221294273.09693,1960534,512801.532,1109713582.21002,0
1770220800000,2150.45,2159.69,2104.00,2134.13,1171367.177,1770224399999,2491628904.38345,1688151,564708.404,1201317199.09041,0
1770224400000,2134.12,2154.33,2091.55,2125.26,1036896.494,1770227999999,2198294682.06700,1638798,508958.860,1079780437.50825,0
1770228000000,2125.26,2185.70,2073.68,2147.24,1419828.071,1770231599999,3013758954.93297,2064674,743620.891,1579851175.08926,0
1770231600000,2147.25,2195.00,2132.19,2187.77,551744.113,1770235199999,1192259356.43200,1137418,294443.440,636129927.56317,0
1770235200000,2187.76,2192.30,2160.79,2171.18,242713.521,1770238799999,527359389.42747,601762,114296.062,248317136.92941,0
1770238800000,2171.18,2179.90,2107.05,2128.66,402332.471,1770242399999,860500250.49420,758784,187413.447,400700026.62083,0
1770242400000,2128.65,2167.69,2086.00,2119.25,402019.598,1770245999999,856020395.71018,908621,195745.894,417048058.98775,0
1770246000000,2119.25,2165.00,2114.09,2147.01,255269.239,1770249599999,547197475.00442,651827,127529.643,273272436.00427,0
1770249600000,2147.01,2163.45,2135.66,2149.03,180322.787,1770253199999,387660910.11598,500857,90468.087,194507876.91638,0
1770253200000,2149.03,2173.00,2121.89,2147.80,350247.538,1770256799999,753669603.79203,981267,164290.899,353478382.50095,0
1770256800000,2147.79,2163.10,2111.73,2123.31,472734.073,1770260399999,1010893830.00564,1127502,228604.215,488778526.99370,0
1770260400000,2123.31,2136.34,2096.82,2109.11,404837.714,1770263999999,856272800.33987,1093129,195897.110,414487264.19428,0
1770264000000,2109.12,2124.99,2077.78,2103.10,595810.471,1770267599999,1251826512.27663,1149445,278981.350,586339356.84311,0
1770267600000,2103.11,2124.03,2076.26,2100.43,628685.577,1770271199999,1320137859.50563,1046161,295162.208,619898447.76864,0
1770271200000,2100.44,2106.66,2061.22,2086.31,543816.864,1770274799999,1133660140.73819,936951,244952.930,510889899.43572,0
1770274800000,2086.31,2123.78,2084.39,2090.57,464278.710,1770278399999,978039204.71256,849923,234632.995,494381300.24722,0
1770278400000,2090.56,2120.00,2090.11,2110.84,274222.562,1770281999999,578081326.90467,670203,141904.794,299112045.91150,0
1770282000000,2110.85,2149.38,2110.02,2132.71,340631.177,1770285599999,727034675.40230,710308,190112.924,405741496.36676,0
1770285600000,2132.72,2139.58,2084.60,2096.49,368462.279,1770289199999,778598751.67462,625379,166310.691,351563320.19065,0
1770289200000,2096.49,2104.11,2060.00,2078.74,664308.656,1770292799999,1382051990.78495,1257870,320558.158,667129008.69427,0
1770292800000,2078.72,2093.06,2039.14,2062.96,802012.320,1770296399999,1654504525.63909,1401414,396184.348,817498342.33826,0
1770296400000,2062.95,2080.00,2048.00,2057.52,388071.793,1770299999999,799373329.08412,885495,192571.732,396774532.51097,0
1770300000000,2057.52,2107.34,2041.33,2045.37,857229.163,1770303599999,1777854327.29283,1616065,429369.123,890950953.42690,0
1770303600000,2045.37,2053.25,1925.41,1959.21,2486861.930,1770307199999,4912470801.85942,2898776,1140256.121,2251248113.14031,0
1770307200000,1959.21,2017.49,1942.63,1997.34,935146.619,1770310799999,1847911584.15093,1831908,494490.446,977533345.81959,0
1770310800000,1997.33,2000.72,1941.09,1953.53,754238.795,1770314399999,1484835651.66545,1520571,373109.297,734712916.25149,0
1770314400000,1953.53,1967.93,1912.54,1948.76,801343.528,1770317999999,1554229681.06211,1618166,385068.835,747094446.51948,0
1770318000000,1948.76,1952.09,1916.19,1927.24,406217.117,1770321599999,785897643.27962,1153847,207086.762,400645127.21377,0
1770321600000,1927.24,1941.99,1823.16,1868.38,1584330.872,1770325199999,2964424472.35893,2336693,738481.453,1382118940.33303,0
1770325200000,1868.37,1911.14,1838.00,1848.73,916530.230,1770328799999,1716880522.14111,1974672,457413.569,857105788.99311,0
1770328800000,1848.74,1889.21,1813.44,1869.54,675945.166,1770332399999,1252622345.97607,1282818,343421.943,636902444.49916,0
1770332400000,1869.52,1906.53,1818.05,1824.95,759174.800,1770335999999,1412658214.46979,1397140,340544.519,634486359.94738,0
1770336000000,1824.94,1892.61,1736.02,1869.28,1929578.717,1770339599999,3495031783.57006,2893636,940452.097,1706750810.37105,0
1770339600000,1869.29,1939.69,1868.50,1930.79,898536.277,1770343199999,1712232544.02354,1875967,490794.182,935639921.30762,0
1770343200000,1930.80,1947.50,1889.84,1906.70,640539.542,1770346799999,1226717213.26526,1321412,320509.775,613634912.32879,0
1770346800000,1906.69,1916.80,1878.60,1891.17,336185.253,1770350399999,637151395.10635,954074,156080.695,295882147.75388,0
1770350400000,1891.18,1917.47,1885.02,1907.90,236057.316,1770353999999,449457317.66131,676539,125581.302,239116707.99342,0
1770354000000,1907.89,1974.83,1905.70,1957.62,466605.353,1770357599999,904799277.47799,926445,261691.189,507463804.68788,0
1770357600000,1957.62,1966.08,1905.50,1907.55,455106.142,1770361199999,880576839.36599,922562,197049.324,381414450.64694,0
1770361200000,1907.54,1914.43,1886.01,1898.21,466527.681,1770364799999,886252041.17645,832059,239508.201,455052609.24335,0
1770364800000,1898.21,1906.23,1865.24,1873.78,521399.058,1770368399999,981254677.77157,976922,247276.931,465542569.67468,0
1770368400000,1873.78,1928.84,1870.30,1918.44,524238.672,1770371999999,997506923.36553,873161,276146.560,525288303.61166,0
1770372000000,1918.44,1937.46,1909.03,1926.27,356895.974,1770375599999,686246543.80238,579553,173307.864,333316217.59108,0
1770375600000,1926.27,1939.80,1919.00,1931.76,237717.987,1770379199999,458503341.51001,469689,124417.272,240024722.63495,0
1770379200000,1931.75,1931.75,1914.00,1920.01,233467.762,1770382799999,448536169.82608,478721,116359.735,223548764.50544,0
1770382800000,1920.01,1961.84,1918.46,1949.30,522917.592,1770386399999,1016281079.61946,879230,291362.929,566302656.44856,0
1770386400000,1949.30,2001.86,1932.00,1978.20,866015.153,1770389999999,1706089001.80011,1353878,450721.505,888197523.94017,0
1770390000000,1978.21,1996.40,1960.00,1979.49,570505.193,1770393599999,1127781248.80803,1198048,299285.351,591651013.27454,0
1770393600000,1979.49,2047.25,1969.99,2034.94,888434.013,1770397199999,1793526006.78216,1287258,458577.667,925506983.20739,0
1770397200000,2034.96,2090.00,2026.80,2066.53,789702.128,1770400799999,1629456376.30033,1299890,430121.470,887875547.12407,0
1770400800000,2066.53,2070.00,2029.67,2044.21,615397.895,1770404399999,1258762174.95019,1268974,290718.883,594607788.03972,0
1770404400000,2044.21,2072.00,2032.30,2065.15,323078.764,1770407999999,663164411.70446,766933,168037.938,344901969.29215,0
1770408000000,2065.14,2095.10,2042.43,2053.19,421553.287,1770411599999,872021660.98595,896062,225278.468,466150065.87222,0
1770411600000,2053.19,2061.45,2041.41,2053.45,166345.076,1770415199999,341429646.72266,514468,83544.728,171484192.58637,0
1770415200000,2053.45,2086.05,2045.08,2074.06,275428.507,1770418799999,569301563.71461,559674,143065.998,295728388.63433,0
1770418800000,2074.05,2087.70,2049.36,2062.54,249908.586,1770422399999,516634137.24528,668353,130631.412,270047436.17550,0
1770422400000,2062.55,2063.74,2036.02,2043.09,238341.929,1770425999999,488116093.34190,782369,113018.264,231453289.90682,0
1770426000000,2043.09,2065.90,2031.76,2060.69,177425.279,1770429599999,363271647.47888,432585,92288.445,189031517.37566,0
1770429600000,2060.69,2064.50,2047.32,2058.46,106025.792,1770433199999,218050199.03897,315947,51324.162,105559028.15883,0
1770433200000,2058.47,2085.52,2057.52,2079.62,236721.815,1770436799999,490740816.41409,464705,116496.641,241505801.83299,0
1770436800000,2079.61,2118.87,2077.58,2086.14,430418.684,1770440399999,902031466.54709,793374,238757.863,500491223.07664,0
1770440400000,2086.14,2103.10,2076.28,2082.74,183667.951,1770443999999,383732353.52238,455782,84133.577,175827938.89158,0
1770444000000,2082.73,2092.70,2045.96,2046.54,291719.363,1770447599999,604191542.88419,534129,115205.449,238763347.41766,0
1770447600000,2046.55,2054.86,1993.34,2026.09,852678.061,1770451199999,1723844876.14451,1326521,403580.632,815779439.91321,0
1770451200000,2026.09,2031.53,2014.12,2018.32,235383.320,1770454799999,476188002.29790,527394,114119.934,230907952.37820,0
1770454800000,2018.32,2029.40,2004.14,2013.64,195399.051,1770458399999,393754666.22182,411675,88819.958,179095851.03640,0
1770458400000,2013.63,2019.35,1998.52,2009.70,178471.870,1770461999999,358252239.16554,376117,84131.285,168943490.39453,0
1770462000000,2009.71,2021.90,2005.88,2017.52,123879.470,1770465599999,249220132.26398,277992,65366.609,131524249.56868,0
1770465600000,2017.53,2075.61,2015.87,2040.60,587913.623,1770469199999,1203910910.09481,980690,316416.388,647873399.97502,0
1770469200000,2040.61,2050.00,2027.27,2040.76,216705.358,1770472799999,441919124.65236,428680,110403.350,225226718.67437,0
1770472800000,2040.77,2048.75,2008.18,2019.40,269304.678,1770476399999,545801263.65268,460337,115953.901,235124990.06008,0
1770476400000,2019.40,2063.12,2013.13,2051.49,297117.495,1770479999999,606837369.90325,630639,161308.466,329506457.16830,0
1770480000000,2051.49,2125.00,2009.00,2049.07,3562323.006,1770483599999,7325975625.73911,2973105,1760751.422,3628879450.72345,0
1770483600000,2049.07,2072.81,2031.66,2060.26,210680.107,1770487199999,432383596.33781,661127,111059.671,227989581.18143,0
1770487200000,2060.26,2109.07,2057.87,2096.06,285651.084,1770490799999,596630540.93836,632895,152953.770,319441771.58996,0
1770490800000,2096.06,2100.99,2082.41,2090.11,125192.300,1770494399999,261881728.05658,358099,63030.469,131874586.52660,0
1770494400000,2090.10,2116.79,2083.52,2104.08,158441.074,1770497999999,332660608.65135,306079,74655.854,156789680.47759,0
1770498000000,2104.09,2110.00,2096.49,2099.63,82919.261,1770501599999,174363133.10073,258129,38802.813,81601744.09054,0
1770501600000,2099.62,2106.83,2086.51,2087.73,60908.233,1770505199999,127613498.41779,172553,30022.799,62911996.86040,0
1770505200000,2087.73,2094.57,2072.00,2085.93,135147.697,1770508799999,281454167.93489,285237,57748.346,120298098.18199,0
1770508800000,2085.94,2093.62,2075.55,2083.27,102497.180,1770512399999,213451894.99864,252264,51045.638,106315374.41151,0
1770512400000,2083.28,2096.67,2080.98,2095.01,96811.639,1770515999999,202260762.19649,232843,54348.034,113551123.06056,0
1770516000000,2095.02,2106.00,2080.59,2087.97,126378.865,1770519599999,264630720.09004,288023,67936.507,142309766.99302,0
1770519600000,2087.97,2092.40,2075.56,2077.86,95990.642,1770523199999,200029950.30221,224595,42803.008,89218809.33835,0
1770523200000,2077.87,2087.69,2065.28,2086.45,149807.654,1770526799999,310999201.41220,218631,74208.413,154191523.64992,0
1770526800000,2086.45,2087.48,2077.48,2083.55,69825.132,1770530399999,145420121.68526,152243,33020.285,68776413.63221,0
1770530400000,2083.55,2087.96,2075.89,2078.34,69028.363,1770533999999,143717193.06703,152393,36217.413,75418173.94844,0
1770534000000,2078.33,2083.80,2067.16,2083.48,139258.242,1770537599999,288896690.23633,212818,66773.516,138580148.08418,0
1770537600000,2083.49,2124.00,2077.01,2115.24,337595.458,1770541199999,710311558.27057,567508,177478.055,373362930.59249,0
1770541200000,2115.24,2122.84,2094.25,2099.56,207996.189,1770544799999,438176832.64682,444405,106254.463,223829847.47628,0
1770544800000,2099.55,2113.33,2082.00,2095.00,204418.022,1770548399999,428150965.85235,377293,98741.096,206841144.01439,0
1770548400000,2094.99,2137.00,2093.20,2130.98,353485.821,1770551999999,749952181.61435,538127,191716.577,406757509.61362,0
1770552000000,2130.98,2144.35,2124.32,2130.01,312204.649,1770555599999,665394904.46234,457401,158839.371,338595800.29543,0
1770555600000,2130.01,2141.00,2116.53,2125.37,304651.686,1770559199999,648106160.09863,417683,159495.901,339458675.87091,0
1770559200000,2125.37,2128.43,2115.07,2127.73,117127.566,1770562799999,248433329.67601,267022,55102.850,116895120.42701,0
1770562800000,2127.73,2129.95,2096.00,2107.31,278905.114,1770566399999,588711593.16539,478401,129574.118,273511019.08233,0
1770566400000,2107.30,2115.00,2070.91,2079.82,281888.940,1770569999999,590071139.95164,509531,127854.791,267676148.97130,0
1770570000000,2079.82,2098.19,2078.99,2091.09,153816.100,1770573599999,321342831.85855,333854,77942.244,162825905.46384,0
1770573600000,2091.09,2121.00,2089.55,2108.00,181667.050,1770577199999,382842318.91068,352251,99071.990,208780134.78429,0
1770577200000,2108.01,2128.88,2106.25,2125.76,104731.343,1770580799999,221796023.52534,232831,56632.870,119966169.56072,0
1770580800000,2125.78,2126.24,2098.38,2103.49,105126.139,1770584399999,222007178.71001,243745,45418.478,95925519.47253,0
1770584400000,2103.49,2114.26,2088.38,2092.58,122277.824,1770587999999,256790623.15887,251139,56239.308,118128040.30487,0
1770588000000,2092.59,2112.00,2092.41,2107.43,85752.623,1770591599999,180127696.39887,184186,46167.925,96994013.52728,0
1770591600000,2107.43,2152.00,2070.46,2088.60,553937.038,1770595199999,1167241354.92992,1006821,287615.540,606492554.12761,0
1770595200000,2088.59,2096.46,2075.03,2083.16,161365.338,1770598799999,336629427.12039,486463,85062.681,177476669.28315,0
1770598800000,2083.15,2100.53,2052.92,2069.84,386544.190,1770602399999,801460691.53335,642957,199011.974,412765096.95458,0
1770602400000,2069.84,2094.92,2064.31,2080.44,175467.149,1770605999999,365028613.31737,417787,91522.373,190381345.89165,0
1770606000000,2080.44,2102.42,2080.11,2099.01,142328.318,1770609599999,297590059.29275,339744,78531.898,164213189.20077,0
1770609600000,2099.01,2100.88,2085.28,2089.36,94414.626,1770613199999,197522349.81094,223656,43993.418,92048238.02669,0
1770613200000,2089.36,2096.47,2082.43,2094.54,81999.802,1770616799999,171335189.43504,181790,41164.710,86028190.21807,0
1770616800000,2094.53,2094.54,2071.03,2080.37,171634.948,1770620399999,356949425.65722,297672,87549.599,182070388.71625,0
1770620400000,2080.36,2086.64,2063.28,2064.42,154334.417,1770623999999,319907735.93765,254352,70561.967,146280707.17810,0
1770624000000,2064.42,2069.20,2033.17,2048.84,380633.943,1770627599999,780982063.15310,572285,175877.633,360882002.37515,0
1770627600000,2048.84,2056.81,2033.41,2041.34,178552.408,1770631199999,364848769.76777,335723,86804.036,177390180.95312,0
1770631200000,2041.34,2046.48,2012.00,2021.73,360183.918,1770634799999,729639929.17974,596320,171991.393,348474052.01776,0
1770634800000,2021.74,2035.88,2019.64,2027.43,209477.045,1770638399999,424622380.69111,346267,108712.330,220393934.63054,0
1770638400000,2027.44,2038.50,2026.24,2034.59,134698.044,1770641999999,273894952.28300,254284,73664.839,149799271.33343,0
1770642000000,2034.60,2049.93,2021.52,2021.69,232163.810,1770645599999,473050895.49421,386426,114405.656,233207254.92538,0
1770645600000,2021.68,2049.02,2008.00,2042.39,528453.689,1770649199999,1071008425.14699,1051217,265696.778,538549762.38300,0
1770649200000,2042.40,2072.92,2031.29,2060.27,522592.348,1770652799999,1073224710.99592,886838,263126.954,540628340.12588,0
1770652800000,2060.28,2109.16,2046.41,2090.26,445397.937,1770656399999,926739344.78904,812277,246650.743,513237030.68331,0
1770656400000,2090.27,2136.73,2076.95,2126.62,436924.170,1770659999999,921745788.36310,797089,221347.661,467006494.11860,0
1770660000000,2126.61,2142.82,2108.01,2130.12,356099.715,1770663599999,756760580.53911,725335,168901.121,359089208.56566,0
1770663600000,2130.11,2138.00,2118.34,2130.56,169000.050,1770667199999,359739275.71482,454186,85069.118,181108860.68270,0
1770667200000,2130.55,2148.00,2117.01,2123.68,212522.640,1770670799999,452559585.61871,468437,102074.573,217415140.87253,0
1770670800000,2123.68,2130.00,2086.87,2121.22,328571.019,1770674399999,692288956.50566,486270,161763.057,341180235.92731,0
1770674400000,2121.23,2125.24,2110.32,2114.07,128868.119,1770677999999,272830282.43087,226435,50005.612,105879980.28595,0
1770678000000,2114.07,2121.82,2100.01,2103.96,120161.738,1770681599999,253458923.17086,281328,54971.037,115967528.00844,0
1770681600000,2103.96,2111.78,2095.27,2095.72,93667.221,1770685199999,196928445.75379,244185,42640.967,89664047.62642,0
1770685200000,2095.73,2123.70,2095.21,2116.30,129915.468,1770688799999,274481424.28558,352998,67497.001,142600265.13193,0
1770688800000,2116.30,2120.99,2101.16,2107.08,83537.377,1770692399999,176260162.88496,237340,42877.372,90469209.41900,0
1770692400000,2107.09,2109.93,2049.64,2063.70,490086.379,1770695999999,1015615580.44268,634794,215849.145,447174962.43330,0
1770696000000,2063.71,2073.32,2061.31,2069.54,186761.753,1770699599999,386112998.06083,239258,82910.696,171474677.51680,0
1770699600000,2069.54,2071.00,2043.08,2051.70,212728.948,1770703199999,437577211.52934,364115,98619.175,202927622.26434,0
1770703200000,2051.70,2056.60,1996.06,2007.65,748546.806,1770706799999,1513328428.31388,910259,367170.536,742306470.02631,0
1770706800000,2007.66,2018.61,1996.48,2006.05,302139.509,1770710399999,607007044.60813,420766,143066.066,287508490.19457,0
1770710400000,2006.06,2016.91,1993.35,2013.42,322666.752,1770713999999,647530349.06076,440068,159778.523,320782571.83555,0
1770714000000,2013.41,2029.00,2008.48,2015.75,223140.202,1770717599999,450752005.11508,310064,121471.900,245457962.57847,0
1770717600000,2015.75,2020.97,2008.24,2012.72,101839.469,1770721199999,205143310.79216,178973,46909.951,94512013.67938,0
1770721200000,2012.73,2021.20,1999.78,2001.87,207218.893,1770724799999,416280924.46576,316755,89029.736,178866516.02192,0
1770724800000,2001.87,2016.12,2001.10,2006.61,158091.089,1770728399999,317666072.94228,290385,85959.222,172730309.05334,0
1770728400000,2006.60,2026.81,1993.10,2020.94,266336.040,1770731999999,536248544.55241,417210,139605.493,281234267.80486,0
1770732000000,2020.94,2038.72,1983.77,2008.31,613208.291,1770735599999,1233368955.76469,998834,291382.271,586390817.67012,0
1770735600000,2008.31,2028.99,2002.11,2021.32,359532.875,1770739199999,725783324.84164,779734,184762.923,373040043.60527,0
1770739200000,2021.32,2037.43,2010.56,2024.88,263583.601,1770742799999,533962117.74717,560999,127764.285,258892971.12014,0
1770742800000,2024.87,2046.10,2018.42,2038.87,190564.470,1770746399999,387763327.19933,432213,102651.220,208940571.16006,0
1770746400000,2038.88,2041.61,1994.11,2008.28,294097.126,1770749999999,591796494.20205,573228,143585.215,288902144.31080,0
1770750000000,2008.27,2024.94,2001.85,2016.82,126438.118,1770753599999,254572011.34121,335416,65518.918,131925349.72648,0
1770753600000,2016.82,2020.59,2003.51,2010.35,112289.970,1770757199999,225722223.46747,264525,54043.299,108662539.74036,0
1770757200000,2010.36,2016.88,1995.57,2007.27,106580.005,1770760799999,213744425.90461,221939,51578.867,103468960.37437,0
1770760800000,2007.27,2019.71,2006.00,2016.76,69204.313,1770764399999,139274448.70433,130835,36429.499,73316224.55442,0
1770764400000,2016.76,2021.72,2011.43,2021.51,57365.051,1770767999999,115674152.78744,147815,29439.544,59365171.01696,0
1770768000000,2021.51,2028.80,2018.00,2023.98,81891.768,1770771599999,165698010.94495,176223,40214.196,81372035.55676,0
1770771600000,2023.99,2030.00,2015.00,2023.17,85860.197,1770775199999,173608195.34498,188421,42582.909,86119151.40398,0
1770775200000,2023.16,2031.00,2013.16,2016.53,94258.983,1770778799999,190651315.14930,206511,43914.775,88827237.21516,0
1770778800000,2016.52,2020.93,1996.00,2008.41,211205.315,1770782399999,424388405.70858,358552,105557.224,212111195.88242,0
1770782400000,2008.40,2010.28,1961.97,1970.63,526278.824,1770785999999,1043268873.65678,723600,229394.349,454664689.36235,0
1770786000000,1970.63,1981.11,1970.25,1973.30,142222.233,1770789599999,280971146.14970,332709,75927.898,150013532.09922,0
1770789600000,1973.31,1976.49,1937.00,1947.78,589419.699,1770793199999,1150474187.32520,774909,282217.692,550779840.72676,0
1770793200000,1947.78,1957.31,1943.80,1949.56,187291.620,1770796799999,365366483.55237,373602,102653.009,200257223.15084,0
1770796800000,1949.55,1952.37,1934.11,1948.76,217666.475,1770800399999,423360211.43189,367233,111923.151,217724320.34938,0
1770800400000,1948.77,1952.95,1941.88,1945.63,107186.379,1770803999999,208734613.45869,216452,54659.598,106452063.81116,0
1770804000000,1945.63,1945.64,1930.39,1938.27,209230.728,1770807599999,405300227.50497,372235,94790.171,183644980.49989,0
1770807600000,1938.26,1955.99,1936.00,1952.33,177033.960,1770811199999,344888265.20683,310260,100895.733,196553875.63005,0
1770811200000,1952.32,1966.73,1946.95,1951.21,225573.647,1770814799999,441512045.03836,330669,121433.096,237740541.29669,0
1770814800000,1951.21,1969.00,1941.12,1959.43,347530.831,1770818399999,679012563.44226,583420,180828.504,353407809.26992,0
1770818400000,1959.43,2015.43,1936.17,1942.31,1052096.443,1770821999999,2079368460.58886,1591314,548162.271,1083936283.22674,0
1770822000000,1942.31,1949.50,1901.22,1928.05,781041.902,1770825599999,1501762170.53086,1501773,371759.076,715042107.12952,0
1770825600000,1928.04,1955.44,1908.48,1914.44,493062.424,1770829199999,952665334.92259,913219,257073.769,496889447.86517,0
1770829200000,1914.43,1941.86,1907.53,1928.92,337217.468,1770832799999,649635959.68514,719371,172897.885,333037505.97208,0
1770832800000,1928.93,1947.86,1914.42,1943.30,246636.136,1770836399999,476772276.54056,604277,126824.453,245195467.79814,0
1770836400000,1943.30,1959.00,1937.01,1951.26,222810.379,1770839999999,434435854.27121,547674,114562.163,223401319.38153,0
1770840000000,1951.26,1957.91,1938.96,1953.26,130894.250,1770843599999,255158312.85134,384683,63947.208,124662959.43370,0
1770843600000,1953.25,1987.47,1949.92,1969.39,254926.876,1770847199999,502485442.87114,453547,145324.218,286396804.86985,0
1770847200000,1969.39,1972.43,1946.89,1950.29,127111.663,1770850799999,248974186.03703,263607,64530.609,126356881.54327,0
1770850800000,1950.29,1956.19,1929.62,1940.07,153268.407,1770854399999,297470759.71644,345997,67106.779,130314847.77441,0
1770854400000,1940.07,1962.47,1940.07,1957.67,127385.348,1770857999999,248883502.21531,323303,67641.956,132130218.80560,0
1770858000000,1957.67,1977.00,1957.67,1964.67,147128.935,1770861599999,289478089.31227,384941,79141.859,155732845.60247,0
1770861600000,1964.67,1970.85,1954.68,1957.82,126629.215,1770865199999,248426054.37158,317583,62213.968,122063495.44125,0
1770865200000,1957.83,1968.34,1956.10,1967.75,69558.970,1770868799999,136502670.72661,211018,36052.952,70754110.77591,0
1770868800000,1967.74,1974.65,1958.97,1964.78,160859.549,1770872399999,316660390.83784,308198,66144.974,130198171.09517,0
1770872400000,1964.77,1971.29,1952.24,1969.80,142636.480,1770875999999,279922471.76953,321805,73284.449,143834689.51075,0
1770876000000,1969.79,1982.36,1964.80,1974.18,139952.204,1770879599999,276366939.72150,280577,76076.756,150244948.69465,0
1770879600000,1974.18,1977.34,1965.15,1966.97,91726.636,1770883199999,180753331.34365,196343,44459.985,87609603.07718,0
1770883200000,1966.97,1973.00,1956.19,1964.59,151558.159,1770886799999,297520038.21159,265405,77809.200,152694427.73402,0
1770886800000,1964.60,1990.00,1962.31,1981.31,222423.736,1770890399999,439667943.84018,319215,109711.810,216907548.57698,0
1770890400000,1981.31,1994.69,1976.51,1993.04,200490.146,1770893999999,398065126.13267,318916,100355.093,199246844.71004,0
1770894000000,1993.04,2000.90,1982.60,1987.88,206559.357,1770897599999,411519480.97690,374904,104980.903,209203392.89333,0
1770897600000,1987.87,1989.97,1973.53,1979.84,173786.490,1770901199999,344304524.57231,309793,93052.410,184351015.11799,0
1770901200000,1979.85,1995.53,1974.36,1993.96,168352.331,1770904799999,334150249.60533,342869,86856.832,172436260.03403,0
1770904800000,1993.95,1995.25,1972.06,1977.64,263017.923,1770908399999,521437835.12275,643425,124664.922,247141536.06324,0
1770908400000,1977.64,1984.27,1943.44,1947.47,525626.432,1770911999999,1030949550.43000,954986,252904.571,496198276.83067,0
1770912000000,1947.47,1949.00,1893.77,1907.82,974019.849,1770915599999,1867266817.32523,1460856,456717.239,875673197.14747,0
1770915600000,1907.82,1926.68,1901.08,1909.08,368721.672,1770919199999,705591614.19953,733872,192220.973,367946463.11531,0
1770919200000,1909.09,1923.80,1900.23,1917.49,276839.351,1770922799999,529398698.45877,651776,135267.353,258825057.79118,0
1770922800000,1917.50,1940.27,1909.67,1924.36,223357.561,1770926399999,430776292.69416,500652,119635.670,230778303.58066,0
1770926400000,1924.36,1930.95,1908.29,1914.58,135375.212,1770929999999,259713019.40803,395398,66858.542,128292605.86328,0
1770930000000,1914.58,1926.81,1913.15,1922.26,70439.348,1770933599999,135291980.18291,215973,36443.877,70001439.65195,0
1770933600000,1922.26,1944.82,1919.03,1941.94,130706.716,1770937199999,252816495.48125,204732,72263.919,139766868.82418,0
1770937200000,1941.93,1952.27,1938.12,1947.15,152300.531,1770940799999,296318671.70140,308681,74734.644,145442737.24264,0
1770940800000,1947.15,1954.00,1926.72,1932.22,164201.256,1770944399999,318330468.92247,331932,79031.601,153208714.60663,0
1770944400000,1932.23,1949.47,1932.23,1942.80,102917.352,1770947999999,199895661.86950,295341,53852.027,104599309.94685,0
1770948000000,1942.81,1951.26,1940.08,1947.25,94916.607,1770951599999,184667969.47538,245612,48177.211,93737087.83166,0
1770951600000,1947.26,1957.94,1943.30,1952.49,108122.668,1770955199999,210971800.75088,238780,54767.053,106864132.62058,0
1770955200000,1952.49,1954.76,1941.97,1943.72,104298.960,1770958799999,203278981.16225,213333,44580.403,86917239.35794,0
1770958800000,1943.73,1945.99,1931.51,1932.99,120606.659,1770962399999,233829684.09787,227093,53623.946,103985671.12558,0
1770962400000,1932.99,1938.32,1923.29,1935.65,136813.906,1770965999999,264174692.73089,254118,64918.565,125379441.73349,0
1770966000000,1935.64,1947.86,1931.64,1934.88,162651.629,1770969599999,315480747.57529,277287,79525.213,154289687.15161,0
1770969600000,1934.89,1964.50,1932.88,1958.31,185264.487,1770973199999,361298785.15070,320351,107731.071,210152793.75281,0
1770973200000,1958.32,1966.80,1952.07,1961.18,156169.059,1770976799999,306028952.23442,299899,84576.621,165756404.85825,0
1770976800000,1961.18,1968.49,1955.57,1958.60,133442.477,1770980399999,261559144.14587,263571,70773.801,138741661.27015,0
1770980400000,1958.61,1961.50,1943.79,1959.25,148703.470,1770983999999,290540594.25982,280110,67745.435,132429991.74570,0
1770984000000,1959.26,1964.02,1951.59,1960.01,92599.629,1770987599999,181384194.03081,210375,49580.480,97120555.76275,0
1770987600000,1960.00,1980.33,1954.89,1969.66,306803.009,1770991199999,604274916.25048,545878,169588.759,334067069.62877,0
1770991200000,1969.65,2002.00,1962.21,1989.99,539639.374,1770994799999,1070050693.99776,886094,263726.136,523061919.07851,0
1770994800000,1989.99,2049.99,1986.08,2033.71,876551.092,1770998399999,1775605120.00394,1231961,467064.581,946230732.14765,0
1770998400000,2033.78,2073.00,2030.13,2060.59,522858.273,1771001999999,1074119290.78508,812235,272004.477,558885315.64032,0
1771002000000,2060.58,2067.00,2048.09,2058.36,198150.577,1771005599999,407666086.26618,421503,93422.956,192224428.63152,0
1771005600000,2058.36,2063.93,2049.44,2056.50,156177.259,1771009199999,321153229.24831,335807,70083.231,144126330.04833,0
1771009200000,2056.50,2060.78,2050.82,2056.82,104869.384,1771012799999,215611716.57398,223816,49139.067,101040094.01499,0
1771012800000,2056.82,2058.79,2036.76,2044.55,150494.046,1771016399999,308080886.01287,289086,69763.183,142828524.60225,0
1771016400000,2044.55,2057.77,2043.75,2052.92,67864.571,1771019999999,139304954.25813,147916,36741.504,75419225.99525,0
1771020000000,2052.92,2058.75,2042.97,2053.37,76905.530,1771023599999,157636576.18424,124485,30611.525,62770644.06191,0
1771023600000,2053.37,2053.38,2045.40,2047.60,45903.666,1771027199999,94053365.65296,103322,23728.538,48612602.79917,0
1771027200000,2047.60,2055.35,2041.00,2054.07,73265.394,1771030799999,150087429.56143,146313,34989.292,71698636.24512,0
1771030800000,2054.06,2056.91,2049.49,2053.37,44450.947,1771034399999,91265962.01018,118919,22019.467,45212675.97082,0
1771034400000,2053.37,2053.63,2047.09,2049.46,47812.573,1771037999999,98013683.99054,106886,23001.944,47155626.01286,0
1771038000000,2049.46,2055.11,2047.39,2053.39,35424.799,1771041599999,72665577.31489,79004,20025.600,41080503.06777,0
1771041600000,2053.40,2057.40,2051.52,2052.55,40357.855,1771045199999,82908877.00913,77557,18319.722,37636127.82616,0
1771045200000,2052.55,2055.00,2049.59,2050.09,43899.703,1771048799999,90097984.64351,73467,23386.241,48000396.08269,0
1771048800000,2050.10,2053.72,2047.20,2052.61,42909.812,1771052399999,87993249.40701,69278,24197.093,49622887.87433,0
1771052400000,2052.61,2059.99,2049.44,2056.10,63409.338,1771055999999,130311008.31999,101415,37689.526,77462392.36979,0
1771056000000,2056.09,2091.82,2055.90,2081.07,323783.453,1771059599999,671563417.39965,398250,190127.244,394357268.50425,0
1771059600000,2081.07,2087.89,2074.42,2077.26,125968.105,1771063199999,262061957.80953,204138,60757.608,126419764.03190,0
1771063200000,2077.26,2077.26,2071.32,2076.06,55619.120,1771066799999,115374046.08708,102135,27374.424,56791243.92520,0
1771066800000,2076.06,2107.02,2076.00,2098.22,279992.512,1771070399999,586666423.10098,431741,153343.846,321300276.09101,0
1771070400000,2098.22,2099.23,2066.75,2070.00,276597.918,1771073999999,575923137.48972,390434,108406.221,225728706.19565,0
1771074000000,2070.00,2075.76,2063.16,2070.70,179141.333,1771077599999,370767485.80433,288476,81568.877,168849588.15010,0
1771077600000,2070.69,2087.82,2068.05,2084.01,130051.158,1771081199999,270205635.44392,231371,73399.106,152514507.64930,0
1771081200000,2084.00,2092.99,2079.20,2086.38,118771.737,1771084799999,247752583.40046,214775,58258.880,121553192.76652,0
1771084800000,2086.38,2087.00,2066.48,2081.81,186435.316,1771088399999,386949364.93035,293614,91063.020,189030272.40841,0
1771088400000,2081.80,2088.50,2076.24,2079.26,89530.383,1771091999999,186396516.23478,187776,44475.595,92606745.41368,0
1771092000000,2079.27,2085.86,2077.85,2084.41,46564.328,1771095599999,96978399.64519,117679,23799.399,49566468.18847,0
1771095600000,2084.42,2089.61,2077.08,2087.31,62256.205,1771099199999,129802232.17762,132852,31256.046,65169352.15747,0
1771099200000,2087.31,2091.99,2080.01,2088.56,56033.359,1771102799999,116917114.90901,121095,30539.235,63731105.47009,0
1771102800000,2088.56,2098.94,2077.29,2084.79,123293.161,1771106399999,257355702.14503,190227,71090.264,148401774.79718,0
1771106400000,2084.80,2093.92,2082.34,2089.34,44651.623,1771109999999,93269981.41218,103227,23387.738,48853970.86776,0
1771110000000,2089.35,2092.00,2082.48,2085.43,61589.686,1771113599999,128580664.97461,120920,33173.746,69273576.20754,0
1771113600000,2085.43,2089.00,2071.60,2079.03,105682.809,1771117199999,219785529.17723,172855,49172.689,102282690.39447,0
1771117200000,2079.03,2084.00,2051.65,2062.90,232726.486,1771120799999,480200766.87974,335766,101780.674,210032268.62761,0
1771120800000,2062.90,2071.70,2041.78,2058.70,187759.032,1771124399999,386211163.32605,304298,87255.256,179536823.13270,0
1771124400000,2058.70,2062.52,2034.35,2058.09,312841.738,1771127999999,640170782.74436,418605,133789.855,273996145.75461,0
1771128000000,2058.08,2087.08,2058.08,2075.72,284675.263,1771131599999,590501729.81507,427817,174398.051,361742265.17149,0
1771131600000,2075.71,2095.94,2074.23,2087.64,129355.223,1771135199999,270099205.31976,262318,67740.447,141451696.03445,0
1771135200000,2087.65,2093.99,2081.55,2084.92,86387.035,1771138799999,180389675.58894,208609,41437.994,86531441.93512,0
1771138800000,2084.93,2102.73,2081.92,2090.58,166593.445,1771142399999,348210170.58307,338077,91496.513,191295674.48550,0
1771142400000,2090.58,2096.00,2053.46,2068.00,256902.874,1771145999999,532211012.20481,416009,112101.827,232236126.20657,0
1771146000000,2068.00,2078.82,2065.06,2067.81,110086.090,1771149599999,228035376.04935,184978,58857.560,121938044.45503,0
1771149600000,2067.81,2069.31,2052.52,2060.56,128212.430,1771153199999,264099160.47708,238365,57243.458,117911493.57323,0
1771153200000,2060.57,2065.91,2057.46,2060.97,55347.429,1771156799999,114095044.74306,113836,27060.254,55788773.31811,0
1771156800000,2060.98,2067.80,2009.21,2009.78,384188.651,1771160399999,782670736.33821,469881,175748.000,358308214.93631,0
1771160400000,2009.78,2027.93,1992.00,2001.20,567323.620,1771163999999,1140753263.94485,717225,281553.916,566373922.53499,0
1771164000000,2001.20,2011.93,1992.00,2009.24,226956.168,1771167599999,454477138.20258,386893,121001.092,242340048.39353,0
1771167600000,2009.23,2014.15,2000.63,2010.25,125553.727,1771171199999,252113152.12522,234331,62982.161,126491792.06030,0
1771171200000,2010.25,2010.33,1993.00,2005.36,154346.103,1771174799999,309016183.80799,257808,73184.514,146531156.49610,0
1771174800000,2005.36,2008.29,1945.26,1970.13,439340.653,1771178399999,868008504.82181,535761,187849.940,371195654.82899,0
1771178400000,1970.13,1980.81,1952.66,1958.51,306296.992,1771181999999,602142806.16244,537115,156884.971,308429483.83778,0
1771182000000,1958.50,1961.10,1926.83,1941.17,420140.761,1771185599999,815643336.19636,673216,206213.454,400395075.56135,0
1771185600000,1941.18,1958.10,1933.29,1949.10,186645.500,1771189199999,363259850.41164,327608,96288.921,187483422.20500,0
1771189200000,1949.10,1966.27,1948.81,1957.16,127239.781,1771192799999,248992461.83976,225256,70846.136,138661565.40138,0
1771192800000,1957.17,1973.50,1955.41,1969.41,97638.179,1771196399999,191912842.33054,191212,55765.097,109630674.84808,0
1771196400000,1969.40,1969.91,1942.74,1965.47,170848.693,1771199999999,334145968.66587,361745,84809.424,165872610.13283,0
1771200000000,1965.48,1978.00,1962.00,1968.31,141378.990,1771203599999,278493916.20306,280549,70618.056,139123472.66302,0
1771203600000,1968.31,1980.64,1955.76,1961.96,146144.711,1771207199999,287584261.92971,277470,74038.039,145748297.63614,0
1771207200000,1961.96,1965.90,1951.00,1956.07,96434.283,1771210799999,188832652.23406,265127,44778.885,87698086.99956,0
1771210800000,1956.08,1958.91,1947.24,1957.72,113559.416,1771214399999,221820194.67391,212333,55183.490,107808843.74436,0
1771214400000,1957.73,1972.20,1957.50,1971.94,106953.603,1771217999999,210263990.10931,189477,60170.410,118295301.92804,0
1771218000000,1971.95,1973.40,1951.59,1956.93,95315.947,1771221599999,186665271.40072,178180,43720.399,85600177.13757,0
1771221600000,1956.93,1966.63,1954.65,1965.73,63275.089,1771225199999,124112967.53406,132445,31367.643,61542160.12316,0
1771225200000,1965.73,1977.66,1963.12,1970.12,132800.442,1771228799999,261722835.94790,224642,65389.478,128887204.81514,0
1771228800000,1970.12,1977.63,1968.70,1976.11,75153.793,1771232399999,148294029.30356,159830,40327.553,79573754.11808,0
1771232400000,1976.10,1992.23,1975.10,1986.51,211514.758,1771235999999,419987413.55022,325027,109506.433,217432034.04771,0
1771236000000,1986.51,1988.00,1975.58,1977.98,89916.509,1771239599999,178168005.54549,169014,42017.540,83275284.28057,0
1771239600000,1977.98,1984.53,1956.05,1975.15,256981.863,1771243199999,505873037.69627,374546,132194.657,260284370.30334,0
1771243200000,1975.15,2009.18,1971.21,2005.59,331206.912,1771246799999,660198115.08174,475852,171406.867,341693731.01645,0
1771246800000,2005.59,2023.30,1960.00,1966.77,660881.495,1771250399999,1314475945.50918,892099,303829.954,604543335.17999,0
1771250400000,1966.76,1982.35,1953.04,1971.93,249961.254,1771253999999,491822811.95076,526883,130886.270,257645035.27103,0
1771254000000,1971.92,1985.75,1935.39,1955.63,428243.688,1771257599999,837605578.41708,762994,206935.343,404747321.69098,0
1771257600000,1955.63,1979.21,1955.13,1972.73,254742.848,1771261199999,501221659.17151,476492,125520.992,247035517.69469,0
1771261200000,1972.73,1988.00,1963.25,1978.02,179414.938,1771264799999,354629111.91609,341068,95945.677,189691172.47711,0
1771264800000,1978.01,1984.96,1966.08,1968.14,98305.750,1771268399999,194265691.58588,212309,46926.381,92742988.02558,0
1771268400000,1968.14,1979.18,1965.14,1973.37,61504.250,1771271999999,121312481.68877,144476,30057.770,59292543.29576,0
1771272000000,1973.37,1994.51,1970.10,1992.29,109584.644,1771275599999,217482260.12500,201453,63780.721,126602062.21439,0
1771275600000,1992.30,2003.29,1985.51,1998.19,114145.835,1771279199999,227348257.04256,213914,54059.986,107715108.02834,0
1771279200000,1998.20,2002.32,1982.90,1989.14,126567.776,1771282799999,252204461.95526,201797,67401.103,134319065.04715,0
1771282800000,1989.13,2001.69,1987.70,1997.35,78494.847,1771286399999,156644871.10926,182330,38436.006,76702698.20325,0
1771286400000,1997.36,2006.39,1992.38,1997.57,87091.789,1771289999999,174043924.33081,212844,46079.720,92089746.25057,0
1771290000000,1997.57,2007.91,1989.97,1990.69,93563.335,1771293599999,186972086.65869,214214,45254.752,90455998.19743,0
1771293600000,1990.70,2008.64,1977.31,1997.80,177205.938,1771297199999,353615870.17865,361127,86242.922,172170276.37898,0
1771297200000,1997.80,1998.58,1983.50,1984.89,95535.126,1771300799999,190141537.78802,207125,44780.527,89131624.19357,0
1771300800000,1984.89,1997.99,1981.00,1988.60,95410.150,1771304399999,189731961.97502,191829,49945.662,99347077.37834,0
1771304400000,1988.60,1990.61,1963.50,1974.60,175992.316,1771307999999,347430984.15734,323858,81647.836,161175148.86917,0
1771308000000,1974.60,1983.99,1974.31,1979.93,68841.965,1771311599999,136265104.11547,146453,36349.966,71954441.68339,0
1771311600000,1979.93,1987.45,1972.29,1984.85,88285.404,1771315199999,174796568.10039,168778,46861.152,92797356.32841,0
1771315200000,1984.84,1989.92,1972.30,1975.82,133516.693,1771318799999,264342111.51573,202042,62017.012,122759188.55918,0
1771318800000,1975.83,1979.13,1968.39,1974.81,97866.560,1771322399999,193101906.21410,189348,47213.014,93167905.88695,0
1771322400000,1974.81,1976.52,1960.19,1965.93,106829.626,1771325999999,210037749.38109,206765,49251.546,96836293.01782,0
1771326000000,1965.93,1971.74,1962.75,1967.58,78570.985,1771329599999,154587607.44304,161681,40132.795,78966053.24733,0
1771329600000,1967.58,1976.20,1965.75,1968.80,98021.344,1771333199999,193266554.90007,181665,51113.823,100789620.51712,0
1771333200000,1968.80,1999.90,1963.38,1989.60,252503.724,1771336799999,500850873.63531,383335,140947.276,279546855.78384,0
1771336800000,1989.60,2003.43,1942.43,1947.55,633796.657,1771340399999,1247380036.81604,900679,320380.559,630599005.38945,0
1771340400000,1947.55,1968.94,1940.01,1967.63,443010.126,1771343999999,865900439.21462,790247,227001.980,443830424.62305,0
1771344000000,1967.64,2009.89,1966.74,1979.45,534772.759,1771347599999,1064070022.72236,828572,267298.715,531904986.64969,0
1771347600000,1979.45,1983.26,1952.61,1965.09,308297.263,1771351199999,605823299.30311,584164,160383.106,315131058.85202,0
1771351200000,1965.08,2007.04,1960.44,1997.97,310775.686,1771354799999,618416621.92598,543400,161811.067,321848321.73880,0
1771354800000,1997.97,2014.91,1993.92,1997.30,230131.140,1771358399999,461176253.28163,401178,109539.088,219604638.09134,0
1771358400000,1997.31,2000.66,1985.59,1993.66,132402.497,1771361999999,263992706.73401,329899,61273.553,122184698.95024,0
1771362000000,1993.66,2002.11,1991.23,1998.68,57871.632,1771365599999,115485835.93472,149867,29862.320,59603707.52239,0
1771365600000,1998.69,2003.25,1991.56,1992.90,55980.404,1771369199999,111850625.22187,109242,23805.363,47574382.05924,0
1771369200000,1992.90,1997.44,1988.23,1990.68,58990.543,1771372799999,117514246.32125,135643,28055.479,55893948.18363,0
1771372800000,1990.68,1997.00,1980.13,1980.39,90462.267,1771376399999,179877187.82379,184930,37560.298,74702249.71683,0
1771376400000,1980.39,1983.14,1967.27,1976.90,150484.845,1771379999999,297138143.57428,262437,66841.750,131988862.05756,0
1771380000000,1976.90,1991.91,1976.30,1986.38,94214.019,1771383599999,187081351.22155,174174,52138.334,103524056.64462,0
1771383600000,1986.38,1999.64,1985.41,1995.85,83267.328,1771387199999,166056752.42630,156016,47494.228,94704174.62139,0
1771387200000,1995.85,2001.69,1992.13,1998.21,81647.396,1771390799999,162979338.04743,146369,41372.677,82595832.84631,0
1771390800000,1998.22,2001.96,1994.98,1995.29,64421.804,1771394399999,128728135.82401,118605,32444.970,64840644.23916,0
1771394400000,1995.29,2007.98,1994.39,2001.12,89154.593,1771397999999,178523574.22758,129895,48422.103,96965718.80101,0
1771398000000,2001.11,2022.00,1995.56,2017.19,228606.808,1771401599999,459954969.92702,239206,140700.379,283243219.05423,0
1771401600000,2017.20,2038.27,2016.10,2019.59,303480.394,1771405199999,614676176.35657,332489,176930.462,358411482.24746,0
1771405200000,2019.60,2021.99,2014.56,2015.66,98253.609,1771408799999,198326933.78228,130141,46459.750,93786371.81285,0
1771408800000,2015.65,2017.24,1994.03,1996.30,200087.842,1771412399999,400994334.89146,254833,88336.402,177027514.70877,0
1771412400000,1996.30,1997.41,1975.20,1980.19,315512.915,1771415999999,625759037.03964,397339,152948.203,303323071.60728,0
1771416000000,1980.19,1988.26,1970.28,1981.49,182415.709,1771419599999,361163037.63694,290410,92956.618,184074347.23318,0
1771419600000,1981.48,1991.10,1959.59,1969.48,300696.498,1771423199999,593686476.20933,390347,145057.206,286528164.45329,0
1771423200000,1969.48,1976.43,1953.20,1973.64,396703.124,1771426799999,780140795.81900,654920,201604.763,396528940.32211,0
1771426800000,1973.65,2009.80,1972.50,1984.56,532571.714,1771430399999,1060413571.14087,734464,285100.693,567664409.44490,0
1771430400000,1984.56,1984.87,1964.00,1970.76,364722.494,1771433999999,718925144.70553,510336,173720.938,342409294.06437,0
1771434000000,1970.77,1986.99,1969.84,1973.46,132138.576,1771437599999,261203268.01257,282074,70122.750,138620982.83886,0
1771437600000,1973.46,1976.83,1946.90,1951.37,371802.576,1771441199999,728084922.75768,510080,174374.945,341559704.60658,0
1771441200000,1951.37,1960.61,1921.64,1939.82,454204.471,1771444799999,880945859.02219,656978,209772.094,406967453.60693,0
1771444800000,1939.83,1951.71,1934.11,1938.40,200316.693,1771448399999,389269151.24958,393533,109491.423,212777219.14148,0
1771448400000,1938.40,1947.34,1934.42,1940.71,89447.126,1771451999999,173630025.48831,187838,44526.142,86437117.76963,0
1771452000000,1940.72,1949.40,1938.50,1947.29,50267.647,1771455599999,97681970.56613,105830,24846.296,48293321.65478,0
1771455600000,1947.28,1955.59,1943.35,1954.77,72313.030,1771459199999,141029294.63238,160293,41361.916,80674579.77523,0
1771459200000,1954.77,1960.51,1949.10,1955.33,67760.785,1771462799999,132486791.43937,157366,34822.517,68093205.29025,0
1771462800000,1955.33,1973.57,1955.08,1965.99,123457.304,1771466399999,242600001.63904,221638,70590.819,138717327.12069,0
1771466400000,1966.00,1972.18,1961.51,1966.98,92250.383,1771469999999,181408438.15882,192787,39938.112,78555064.86148,0
1771470000000,1966.98,1972.34,1961.89,1971.19,60845.272,1771473599999,119776253.22529,142279,26442.636,52051725.21414,0
1771473600000,1971.20,1979.41,1967.87,1968.50,104410.503,1771477199999,206083820.10546,182861,47487.643,93738461.93811,0
1771477200000,1968.51,1971.81,1963.00,1969.39,72937.018,1771480799999,143447440.26262,150592,36642.370,72067995.99817,0
1771480800000,1969.38,1984.42,1969.00,1982.12,130323.489,1771484399999,257859990.51525,212490,71213.797,140896979.53047,0
1771484400000,1982.13,1986.91,1978.11,1980.82,93416.342,1771487999999,185130244.30928,159772,46871.187,92897476.00750,0
1771488000000,1980.82,1981.79,1965.24,1969.50,152494.251,1771491599999,300771694.51583,212692,71735.180,141457477.35379,0
1771491600000,1969.50,1979.62,1960.64,1962.94,146983.506,1771495199999,289567737.11312,222354,67016.740,132039392.07448,0
1771495200000,1962.94,1967.73,1956.31,1958.81,124696.704,1771498799999,244668229.93569,217151,58023.470,113886036.37802,0
1771498800000,1958.80,1963.59,1946.11,1948.70,148006.264,1771502399999,289349516.90895,204388,57598.259,112635017.65218,0
1771502400000,1948.71,1955.20,1943.93,1946.66,168293.458,1771505999999,328067379.30692,248654,81583.248,159058288.91106,0
1771506000000,1946.67,1947.50,1910.00,1920.21,520294.648,1771509599999,1002572467.39395,632691,234410.593,451564750.06049,0
1771509600000,1920.21,1947.95,1910.39,1935.82,483687.946,1771513199999,933056537.78139,760168,253768.921,489578876.94973,0
1771513200000,1935.83,1946.51,1911.90,1925.20,451440.053,1771516799999,868371222.14303,729184,225333.004,433485771.61317,0
1771516800000,1925.21,1929.00,1905.50,1920.95,261224.716,1771520399999,501171105.76629,507346,120315.238,230899406.66974,0
1771520400000,1920.96,1943.47,1909.43,1919.59,306845.475,1771523999999,591478653.42433,520903,148620.132,286477351.72442,0
1771524000000,1919.59,1944.28,1915.00,1938.78,211081.025,1771527599999,407906592.36639,432844,107041.456,206918515.08014,0
1771527600000,1938.79,1946.75,1926.66,1940.14,142885.586,1771531199999,276756575.15423,326237,70897.457,137315687.15417,0
1771531200000,1940.13,1953.00,1933.68,1949.12,118615.452,1771534799999,230529219.50803,238347,59092.898,114864194.06255,0
1771534800000,1949.18,1951.56,1944.54,1947.73,69229.131,1771538399999,134844370.70796,134870,32395.649,63103147.76562,0
1771538400000,1947.73,1948.15,1935.72,1942.97,63844.373,1771541999999,123958529.23719,125764,28748.890,55819472.98160,0
1771542000000,1942.98,1950.43,1941.24,1948.15,54299.519,1771545599999,105701530.92757,125880,29926.810,58254922.69221,0
1771545600000,1948.15,1963.56,1946.25,1956.64,145125.717,1771549199999,283996461.87204,240449,77893.144,152415678.06539,0
1771549200000,1956.65,1960.69,1948.77,1952.85,83253.340,1771552799999,162720091.42303,151673,40687.325,79534708.26972,0
1771552800000,1952.86,1955.81,1947.05,1948.62,76426.816,1771556399999,149100030.05104,130133,38175.524,74481505.09388,0
1771556400000,1948.63,1959.70,1948.62,1954.06,67197.594,1771559999999,131356496.27505,125455,38166.575,74615486.59382,0
1771560000000,1954.06,1955.26,1928.52,1938.12,295566.792,1771563599999,573357924.93855,305814,118998.748,230836914.43315,0
1771563600000,1938.11,1964.84,1934.95,1954.33,217536.560,1771567199999,424610625.68913,260743,121088.592,236250027.07140,0
1771567200000,1954.34,1959.59,1948.31,1957.51,92748.880,1771570799999,181330297.55712,153778,50679.346,99097996.97693,0
1771570800000,1957.50,1967.96,1955.81,1959.65,116397.579,1771574399999,228287981.36315,165539,60863.342,119390245.61620,0
1771574400000,1959.65,1965.56,1955.68,1958.82,86980.040,1771577999999,170471611.02578,145777,40908.619,80181382.23692,0
1771578000000,1958.82,1971.17,1958.61,1966.82,135198.563,1771581599999,265894882.93477,225278,72775.489,143133399.61146,0
1771581600000,1966.81,1972.99,1955.01,1956.50,142474.508,1771585199999,279868415.44635,214721,61536.545,120895259.20012,0
1771585200000,1956.51,1956.51,1939.24,1942.76,217656.222,1771588799999,424100057.86015,281489,104630.829,203885639.31223,0
1771588800000,1942.76,1951.47,1941.18,1948.73,116999.639,1771592399999,227670680.42735,181657,61437.847,119566324.06360,0
1771592400000,1948.74,1948.74,1921.53,1932.85,352804.002,1771595999999,682397673.79940,473659,170538.929,329791112.11831,0
1771596000000,1932.86,1953.80,1931.83,1942.64,282627.729,1771599599999,549072082.45377,484202,144433.727,280599532.55411,0
1771599600000,1942.63,1980.27,1934.56,1963.05,776878.680,1771603199999,1520243868.33086,1115124,397559.987,778146846.87702,0
1771603200000,1963.05,1972.87,1952.75,1967.71,306131.290,1771606799999,600817754.77384,539890,150691.784,295758193.04662,0
1771606800000,1967.71,1970.26,1937.60,1965.60,395684.497,1771610399999,773080378.14149,597727,198147.812,387174676.21162,0
1771610400000,1965.60,1980.73,1958.00,1974.49,336066.820,1771613999999,661652965.97956,548009,166967.183,328810697.23989,0
1771614000000,1974.49,1977.43,1960.41,1962.88,118172.266,1771617599999,232394305.03673,244186,53531.800,105278932.76000,0
1771617600000,1962.89,1970.34,1960.71,1969.91,53530.488,1771621199999,105248850.37869,148169,28553.769,56144894.09139,0
1771621200000,1969.90,1974.43,1966.23,1973.44,78397.401,1771624799999,154513628.44032,138031,48050.982,94710499.15903,0
1771624800000,1973.44,1973.44,1963.11,1970.22,61332.874,1771628399999,120721375.26309,120193,29226.776,57526767.05915,0
1771628400000,1970.21,1972.79,1962.39,1967.85,59509.056,1771631999999,117040758.80037,112010,26859.024,52829251.10679,0
1771632000000,1967.85,1968.43,1960.20,1962.29,48962.377,1771635599999,96183335.14527,87857,21628.075,42483447.61343,0
1771635600000,1962.30,1968.35,1962.08,1965.36,37222.520,1771639199999,73140543.02446,75277,19902.021,39109500.78867,0
1771639200000,1965.37,1969.99,1963.80,1964.75,33932.874,1771642799999,66746247.91713,63956,19230.953,37829857.72873,0
1771642800000,1964.76,1965.25,1955.07,1958.29,75328.383,1771646399999,147579884.38287,113848,29242.465,57291542.12045,0
1771646400000,1958.30,1962.72,1955.17,1961.55,37177.434,1771649999999,72830600.91671,72989,20549.429,40258729.74082,0
1771650000000,1961.56,1963.73,1960.38,1962.01,25669.856,1771653599999,50363465.57972,51182,13027.107,25559802.01974,0
1771653600000,1962.01,1965.46,1959.32,1960.50,48919.729,1771657199999,95994213.19112,78083,24744.228,48560092.43261,0
1771657200000,1960.50,1964.40,1959.00,1962.00,27494.042,1771660799999,53938566.66127,50972,15085.108,29595776.58130,0
1771660800000,1962.00,1970.67,1961.26,1968.11,63724.752,1771664399999,125263657.34908,75788,41072.162,80743136.73838,0
1771664400000,1968.12,1977.00,1966.26,1969.39,135007.766,1771667999999,266359677.06406,144250,70559.968,139223930.37632,0
1771668000000,1969.38,1974.08,1969.17,1973.29,48750.699,1771671599999,96128627.94028,74297,23872.053,47073204.01923,0
1771671600000,1973.29,1988.20,1972.85,1976.25,233316.836,1771675199999,462110930.63513,246494,142910.176,283059000.78398,0
1771675200000,1976.24,1977.25,1968.31,1975.10,114659.171,1771678799999,226178376.88528,120297,55362.341,109219485.36084,0
1771678800000,1975.11,1980.68,1971.41,1980.22,55370.740,1771682399999,109444861.82773,88620,28316.366,55979011.46042,0
1771682400000,1980.21,1996.64,1976.80,1986.62,233445.308,1771685999999,464041709.90258,320868,127937.869,254366528.72860,0
1771686000000,1986.62,1992.39,1983.03,1987.04,95019.352,1771689599999,188888901.03401,156272,50066.625,99531615.22321,0
1771689600000,1987.04,1989.12,1975.31,1985.45,186204.868,1771693199999,369138640.79085,236115,86938.265,172339017.14895,0
1771693200000,1985.45,1991.91,1983.32,1987.96,54351.055,1771696799999,108026091.81818,97149,25975.205,51629766.18779,0
1771696800000,1987.95,1994.59,1986.75,1991.23,67418.112,1771700399999,134252631.91709,103773,33872.195,67455545.95333,0
1771700400000,1991.23,1994.17,1986.90,1987.48,33799.008,1771703999999,67264710.65083,61543,15412.261,30677643.17336,0
1771704000000,1987.48,1989.66,1972.47,1973.16,108911.047,1771707599999,215729267.72238,122038,42040.596,83289483.13670,0
1771707600000,1973.15,1981.90,1967.03,1981.24,97021.269,1771711199999,191631538.58987,125341,48794.759,96396697.41338,0
1771711200000,1981.23,1981.81,1971.07,1973.61,49226.504,1771714799999,97253599.84455,97190,25551.573,50479701.26585,0
1771714800000,1973.61,1976.99,1970.15,1972.54,41380.576,1771718399999,81665943.67793,88222,20870.287,41190715.87740,0
1771718400000,1972.54,1974.48,1966.10,1972.15,77943.761,1771721999999,153567469.32922,119019,41478.318,81731462.36419,0
1771722000000,1972.14,1979.11,1971.40,1976.31,61414.718,1771725599999,121341996.49581,97569,36174.706,71473373.73519,0
1771725600000,1976.31,1982.83,1971.00,1971.34,69351.766,1771729199999,137052511.24060,104913,36622.952,72390998.23224,0
1771729200000,1971.35,1975.58,1966.22,1973.76,80828.980,1771732799999,159291594.67659,121819,40303.048,79431313.19624,0
1771732800000,1973.76,1975.37,1970.02,1972.90,36095.399,1771736399999,71207647.01939,66744,17580.141,34682111.67866,0
1771736400000,1972.90,1974.28,1970.01,1974.11,30452.868,1771739999999,60062294.95184,54073,16190.722,31935066.07702,0
1771740000000,1974.10,1978.59,1973.22,1975.17,39615.318,1771743599999,78262669.79952,65565,20087.488,39686216.83224,0
1771743600000,1975.18,1978.01,1973.34,1975.01,37885.898,1771747199999,74843655.51260,59529,17104.269,33791305.00350,0
1771747200000,1975.01,1976.36,1969.04,1972.47,49421.606,1771750799999,97486821.99987,65661,20650.301,40729296.34808,0
1771750800000,1972.47,1975.38,1970.71,1974.77,42395.519,1771754399999,83641496.05407,68211,19348.721,38172252.10244,0
1771754400000,1974.76,1979.31,1973.91,1976.50,40207.136,1771757999999,79479504.90112,64355,21693.941,42883836.80074,0
1771758000000,1976.51,1982.67,1976.32,1979.84,65528.728,1771761599999,129752150.10346,89632,37547.212,74346746.08071,0
1771761600000,1979.85,1980.60,1960.00,1965.45,217496.029,1771765199999,428014737.59809,242645,97215.884,191310533.72387,0
1771765200000,1965.45,1967.99,1942.79,1949.91,341640.387,1771768799999,667351725.32759,372428,155196.414,303146571.91001,0
1771768800000,1949.90,1953.50,1942.24,1949.64,175442.269,1771772399999,341833654.50422,239252,93100.351,181407536.46655,0
1771772400000,1949.63,1957.84,1944.50,1952.81,158293.907,1771775999999,308964100.38030,186533,77543.286,151373973.57702,0
1771776000000,1952.81,1954.67,1946.51,1951.56,74277.110,1771779599999,144833195.51798,102388,35056.860,68357186.53722,0
1771779600000,1951.57,1952.72,1933.00,1939.23,207747.268,1771783199999,403085044.65442,204590,88310.022,171284571.83884,0
1771783200000,1939.23,1943.32,1937.28,1942.11,56057.669,1771786799999,108801075.32003,83108,31701.765,61531336.22710,0
1771786800000,1942.11,1944.99,1939.50,1942.81,38084.681,1771790399999,73985242.57003,62695,20342.955,39522236.12053,0
1771790400000,1942.81,1945.00,1938.92,1940.02,38741.853,1771793999999,75251646.99177,67142,19896.928,38651600.87736,0
1771794000000,1940.02,1951.33,1940.00,1949.44,53722.092,1771797599999,104556521.01473,68735,34616.804,67376586.61341,0
1771797600000,1949.43,1959.86,1945.70,1957.31,90319.977,1771801199999,176505775.14372,118207,48521.993,94816545.78692,0
1771801200000,1957.30,1960.00,1947.44,1957.01,98580.173,1771804799999,192618128.94519,179559,55663.975,108776818.06104,0
1771804800000,1957.00,1957.58,1927.00,1928.14,179848.671,1771808399999,348934552.95474,248965,75179.221,145889809.10437,0
1771808400000,1928.13,1928.13,1844.46,1854.93,1297595.097,1771811999999,2438359471.83446,1661605,592292.535,1112738310.21458,0
1771812000000,1854.93,1867.48,1849.41,1861.45,302849.106,1771815599999,563101216.83408,521514,149100.990,277262839.49647,0
1771815600000,1861.45,1871.06,1853.73,1860.94,190690.288,1771819199999,354988192.93599,277409,89964.375,167498812.35752,0
1771819200000,1860.93,1863.12,1852.00,1858.16,102566.392,1771822799999,190562253.42782,179092,44425.291,82555247.55117,0
1771822800000,1858.15,1869.06,1858.00,1864.26,145701.607,1771826399999,271650992.60388,196951,72822.138,135763617.78015,0
1771826400000,1864.26,1881.60,1862.33,1877.90,215566.788,1771829999999,404030273.61092,276589,111090.897,208262758.53935,0
1771830000000,1877.91,1887.80,1875.50,1884.13,178547.522,1771833599999,336025033.93802,228863,101068.341,190254837.80200,0
1771833600000,1884.13,1888.99,1875.60,1879.25,138087.962,1771837199999,259764680.01689,195066,68128.295,128175063.54248,0
1771837200000,1879.25,1917.81,1879.25,1916.88,396456.326,1771840799999,754398415.30946,451931,215996.999,410944699.12570,0
1771840800000,1916.88,1927.73,1911.34,1913.23,313485.581,1771844399999,601496156.77025,344174,145179.341,278606685.87257,0
1771844400000,1913.23,1919.90,1910.19,1914.41,127871.133,1771847999999,244791670.94941,175950,60843.802,116490003.34429,0
1771848000000,1914.40,1925.98,1904.60,1919.28,241519.911,1771851599999,462752693.60141,305901,116263.901,222781097.07639,0
1771851600000,1919.29,1935.27,1917.79,1921.03,252123.376,1771855199999,485524131.57529,278813,142643.638,274746546.93948,0
1771855200000,1921.02,1924.75,1894.08,1906.05,489059.560,1771858799999,933210957.87735,640969,233091.116,444888985.40378,0
1771858800000,1906.07,1912.72,1891.42,1894.72,259094.549,1771862399999,492925703.84881,513680,136711.631,260112948.57403,0
1771862400000,1894.73,1899.34,1880.23,1884.20,303440.227,1771865999999,572980091.13873,534989,152429.994,287862344.30980,0
1771866000000,1884.20,1887.47,1836.06,1862.99,623086.199,1771869599999,1157517597.85623,776504,314574.373,584457011.43832,0
1771869600000,1862.99,1873.58,1852.86,1856.62,241062.291,1771873199999,449072640.62124,430498,127787.044,238100172.80295,0
1771873200000,1856.63,1863.75,1845.70,1856.15,163600.413,1771876799999,303401416.73256,317449,82545.868,153107552.55370,0
1771876800000,1856.16,1862.16,1846.00,1859.82,154320.255,1771880399999,286135068.20316,308291,83930.676,155647617.96841,0
1771880400000,1859.82,1868.51,1857.53,1862.71,113542.903,1771883999999,211601266.54930,178820,57839.141,107794094.81014,0
1771884000000,1862.70,1869.04,1858.63,1859.08,66982.110,1771887599999,124915215.63000,141998,32099.000,59863997.52843,0
1771887600000,1859.08,1866.04,1849.65,1855.47,99725.017,1771891199999,185231462.77701,156524,44572.312,82791840.95942,0
1771891200000,1855.47,1868.94,1854.45,1867.01,94476.597,1771894799999,175978084.90116,156779,50627.410,94299664.20137,0
1771894800000,1867.00,1867.19,1810.46,1839.87,667736.360,1771898399999,1226470094.68948,851457,310868.441,571100423.62033,0
1771898400000,1839.87,1853.84,1836.04,1842.42,157697.716,1771901999999,290820020.78242,370223,78682.853,145111129.06689,0
1771902000000,1842.43,1842.43,1821.77,1830.94,261520.506,1771905599999,478852351.93996,487632,114882.652,210393152.89888,0
1771905600000,1830.94,1832.98,1812.52,1829.81,293519.136,1771909199999,535301726.66712,459987,143962.002,262515978.06488,0
1771909200000,1829.81,1839.85,1813.00,1825.28,254604.520,1771912799999,464882032.18183,434688,131703.312,240582093.70849,0
1771912800000,1825.27,1830.90,1816.83,1819.97,129587.436,1771916399999,236389843.11549,261720,59520.690,108595634.87914,0
1771916400000,1819.97,1831.27,1813.98,1824.63,169940.825,1771919999999,309927089.74679,302657,82830.789,151065144.40516,0
1771920000000,1824.63,1835.55,1817.50,1830.44,151587.513,1771923599999,276969822.27554,255661,73461.718,134244095.65360,0
1771923600000,1830.44,1833.57,1813.16,1826.16,177189.845,1771927199999,322869984.92683,298916,83849.703,152815992.54396,0
1771927200000,1826.16,1829.04,1819.58,1825.00,102699.699,1771930799999,187377245.10696,164976,48966.393,89347292.37421,0
1771930800000,1825.00,1826.61,1817.10,1825.74,108157.326,1771934399999,197002237.12858,177838,56067.939,102131381.73647,0
1771934400000,1825.75,1829.72,1820.08,1823.01,123856.759,1771937999999,225966659.60334,194984,62607.570,114233962.62155,0
1771938000000,1823.02,1826.83,1796.00,1814.60,500429.561,1771941599999,907454306.72953,519335,215284.739,390655607.38856,0
1771941600000,1814.60,1846.93,1802.04,1833.68,619024.454,1771945199999,1128289297.19038,888139,310125.631,565385736.18890,0
1771945200000,1833.68,1849.59,1826.91,1846.37,381419.798,1771948799999,702333412.28556,677593,186782.956,343928795.02918,0
1771948800000,1846.36,1862.63,1837.01,1857.43,433477.221,1771952399999,802308653.21340,664674,225035.230,416586590.97620,0
1771952400000,1857.42,1864.58,1848.17,1854.39,276789.741,1771955999999,514316447.81654,409663,134855.684,250588734.61279,0
1771956000000,1854.39,1859.63,1843.74,1854.01,127514.290,1771959599999,236231388.77819,247827,59188.861,109659326.04549,0
1771959600000,1854.01,1861.73,1845.57,1851.56,112762.387,1771963199999,208875427.50473,212434,55964.520,103674540.57563,0
1771963200000,1851.56,1861.48,1848.39,1857.53,77711.309,1771966799999,144194698.83231,185500,40554.187,75251024.62280,0
1771966800000,1857.53,1857.53,1843.83,1852.97,88232.196,1771970399999,163248873.51590,168056,40982.471,75821355.98251,0
1771970400000,1852.97,1863.50,1851.75,1859.66,73487.598,1771973999999,136557424.00765,120967,39690.383,73756553.19960,0
1771974000000,1859.67,1859.84,1850.54,1851.09,68442.392,1771977599999,126923298.77556,138253,32836.847,60900309.11822,0
1771977600000,1851.10,1855.82,1845.70,1850.95,84223.894,1771981199999,155827707.70988,143769,38743.184,71692145.69449,0
1771981200000,1850.95,1924.93,1849.51,1917.35,793898.299,1771984799999,1509315425.30361,962454,422053.485,801742197.16567,0
1771984800000,1917.35,1945.70,1917.15,1919.95,359496.307,1771988399999,693554529.83369,517631,196164.366,378524503.85263,0
1771988400000,1919.94,1922.00,1902.43,1905.37,245100.602,1771991999999,468091267.10146,333088,109953.855,209982856.08033,0
1771992000000,1905.38,1913.82,1893.69,1905.23,238052.675,1771995599999,453630831.57896,290999,132290.239,252119359.98030,0
1771995600000,1905.22,1907.59,1877.06,1887.09,337138.929,1771999199999,637412920.12534,388029,158915.156,300500041.47517,0
1771999200000,1887.09,1895.77,1883.82,1884.21,107409.783,1772002799999,202959899.54672,169805,57885.640,109378992.48990,0
1772002800000,1884.22,1894.57,1881.29,1892.35,100753.911,1772006399999,190329033.96332,164359,54881.937,103675415.61290,0
1772006400000,1892.36,1913.08,1889.24,1909.42,225116.908,1772009999999,428085742.93802,236845,123212.655,234284397.06998,0
1772010000000,1909.42,1916.97,1906.50,1914.40,146784.074,1772013599999,280558664.40039,217145,75673.227,144644842.29516,0
1772013600000,1914.40,1925.00,1909.60,1911.76,138027.115,1772017199999,264298699.54127,200420,67576.524,129432154.62619,0
1772017200000,1911.75,1927.89,1906.51,1925.28,165279.907,1772020799999,317137535.60908,214127,79452.450,152486752.85950,0
1772020800000,1925.27,1956.64,1921.23,1952.64,410397.246,1772024399999,796090811.09259,492142,228961.995,444199817.66665,0
1772024400000,1952.65,1977.03,1951.50,1963.88,462620.582,1772027999999,907698771.58210,527205,247528.619,485867162.43929,0
1772028000000,1963.87,2000.00,1960.80,1996.62,616717.048,1772031599999,1220110977.63035,783746,328512.311,650292246.66394,0
1772031600000,1996.61,2027.93,1985.51,2012.86,724223.683,1772035199999,1454153320.91567,945918,373548.838,750166161.64001,0
1772035200000,2012.85,2048.64,2012.14,2045.53,531529.883,1772038799999,1079800923.97065,707586,289170.780,587596230.25105,0
1772038800000,2045.53,2084.93,2043.22,2073.10,669086.511,1772042399999,1381256437.76947,850056,350750.443,724013414.45844,0
1772042400000,2073.10,2081.17,2056.12,2073.20,364511.769,1772045999999,753830725.43256,564424,178490.945,369212530.79346,0
1772046000000,2073.21,2074.39,2058.00,2070.32,183362.998,1772049599999,378939528.82392,322431,85249.978,176188061.23334,0
1772049600000,2070.34,2083.99,2057.25,2073.76,264677.707,1772053199999,547986603.46067,361902,139227.468,288256398.11352,0
1772053200000,2073.75,2149.95,2064.71,2099.46,679825.910,1772056799999,1433396809.38193,834429,387152.243,816489320.83065,0
1772056800000,2099.45,2114.80,2073.00,2082.11,274577.433,1772060399999,575192177.12953,438688,135916.351,284770952.49479,0
1772060400000,2082.10,2086.30,2033.18,2056.50,385593.138,1772063999999,793640708.47726,583862,180762.969,371824581.94985,0
1772064000000,2056.51,2076.00,2046.32,2061.25,252196.604,1772067599999,519985168.78042,497853,129124.781,266254076.30600,0
1772067600000,2061.26,2066.38,2048.41,2057.38,134591.383,1772071199999,276906525.39959,306391,62395.413,128403354.60455,0
1772071200000,2057.38,2058.08,2037.83,2052.07,174977.204,1772074799999,358345341.31632,343807,93421.428,191331952.11917,0
1772074800000,2052.07,2058.61,2046.16,2053.15,87265.474,1772078399999,179113323.26935,189460,44469.469,91279553.54915,0
1772078400000,2053.15,2083.09,2050.70,2073.87,220435.134,1772081999999,456147581.53484,330835,124904.149,258445712.11466,0
1772082000000,2073.87,2074.32,2055.41,2065.19,156425.366,1772085599999,322811119.10889,292421,77083.889,159054005.44608,0
1772085600000,2065.18,2075.96,2058.26,2061.54,121675.346,1772089199999,251338004.39031,229009,58142.335,120120059.73001,0
1772089200000,2061.55,2067.50,2050.50,2052.48,117137.483,1772092799999,241102889.73421,189459,51614.242,106258833.42933,0
1772092800000,2052.49,2058.39,2043.47,2053.32,195654.142,1772096399999,401232059.68685,298545,90646.660,185919304.40213,0
1772096400000,2053.33,2076.50,2051.71,2073.90,206037.073,1772099999999,426092847.48388,284862,117729.260,243488800.08083,0
1772100000000,2073.90,2082.65,2061.10,2064.38,155288.487,1772103599999,321622967.81568,237429,75778.988,156998091.81327,0
1772103600000,2064.37,2066.52,2052.29,2056.51,103331.869,1772107199999,212696488.43762,185822,48771.234,100393145.05969,0
1772107200000,2056.52,2071.43,2054.01,2069.20,118373.832,1772110799999,244336889.80872,203182,62771.388,129567732.64036,0
1772110800000,2069.20,2073.31,2060.07,2064.21,106095.503,1772114399999,219203616.61051,194860,50847.374,105063519.36916,0
1772114400000,2064.21,2077.40,2032.52,2050.22,469616.243,1772117999999,964388328.60655,781256,230010.412,472394967.37404,0
1772118000000,2050.22,2052.46,2010.38,2032.33,734430.623,1772121599999,1488680193.01903,997471,350425.204,710426286.61481,0
1772121600000,2032.33,2036.79,1975.80,1982.89,665349.259,1772125199999,1333808684.66862,831766,321048.817,643979806.19260,0
1772125200000,1982.88,1998.55,1981.20,1987.45,306175.634,1772128799999,609200879.93972,538845,166572.600,331474232.77605,0
1772128800000,1987.44,2009.02,1973.49,2003.10,355298.565,1772132399999,707906396.76832,536660,212262.642,423031067.57313,0
1772132400000,2003.11,2035.00,2002.45,2029.00,268926.118,1772135999999,543843211.94378,393136,150056.555,303391550.08559,0
1772136000000,2029.00,2042.60,2020.07,2022.60,163579.465,1772139599999,332254241.47504,259070,85272.873,173247864.05842,0
1772139600000,2022.60,2034.11,2016.70,2029.48,87133.887,1772143199999,176561937.82916,167090,47123.188,95501873.48373,0
1772143200000,2029.49,2036.94,2026.19,2032.15,56316.317,1772146799999,114374037.59047,99138,30995.516,62957376.01397,0
1772146800000,2032.14,2032.56,2023.03,2026.71,61594.831,1772150399999,124876276.67573,141313,31772.492,64414537.43383,0
1772150400000,2026.70,2029.82,2007.36,2013.83,143808.157,1772153999999,290151843.59622,244769,65021.183,131200433.64658,0
1772154000000,2013.83,2021.66,1999.20,2020.73,245314.837,1772157599999,493495606.58985,378321,123475.145,248456491.06085,0
1772157600000,2020.72,2033.91,2018.16,2025.17,108490.270,1772161199999,219807919.47352,209080,57016.594,115531263.49259,0
1772161200000,2025.17,2048.91,2018.31,2044.48,161090.033,1772164799999,327416403.17097,227984,84592.947,171927174.34025,0
1772164800000,2044.48,2063.71,2036.09,2041.80,308828.787,1772168399999,633503962.18018,393988,150728.424,309307950.55358,0
1772168400000,2041.79,2048.23,2037.62,2040.68,93106.208,1772171999999,190246971.02204,164749,48020.531,98137862.66621,0
1772172000000,2040.68,2041.89,2027.19,2034.91,125541.576,1772175599999,255446098.64666,184003,57670.981,117342634.89889,0
1772175600000,2034.91,2040.83,2021.00,2031.54,144932.222,1772179199999,294092435.68407,195191,71070.276,144230108.86933,0
1772179200000,2031.54,2045.59,2027.16,2032.63,160210.167,1772182799999,326117338.21016,245984,81117.593,165147106.69399,0
1772182800000,2032.63,2041.56,2006.88,2008.80,226994.388,1772186399999,459145441.18432,331578,104089.234,210465449.10375,0
1772186400000,2008.81,2012.80,1977.29,1979.60,479946.631,1772189999999,955700053.97145,587418,210551.118,419330581.88777,0
1772190000000,1979.59,1983.04,1951.48,1960.79,437767.461,1772193599999,861071499.38602,655175,214768.522,422400824.82599,0
1772193600000,1960.79,1968.00,1945.75,1958.77,286360.332,1772197199999,560678676.96657,439811,132946.077,260404912.95005,0
1772197200000,1958.77,1966.60,1936.00,1962.04,394520.780,1772200799999,770826919.95941,589634,209000.260,408549310.68382,0
1772200800000,1962.03,1963.24,1938.69,1941.91,363512.669,1772204399999,708570542.86901,682328,187960.164,366339503.75292,0
1772204400000,1941.90,1958.00,1939.43,1947.39,294500.830,1772207999999,574005738.13157,586923,169816.615,331011345.78264,0
1772208000000,1947.39,1947.75,1923.10,1926.01,417922.743,1772211599999,808009764.81684,605904,186867.026,361320027.84832,0
1772211600000,1926.00,1933.71,1906.00,1930.99,417850.213,1772215199999,802133624.72086,644104,217978.603,418559716.08686,0
1772215200000,1930.99,1931.98,1914.61,1917.03,166030.547,1772218799999,319240871.46934,334442,82270.362,158190757.77603,0
1772218800000,1917.02,1922.50,1910.92,1920.02,117293.315,1772222399999,224917996.91794,212319,63409.023,121598967.70035,0
1772222400000,1920.02,1925.88,1919.23,1922.12,91794.231,1772225999999,176469706.56199,202744,49323.658,94827812.29131,0
1772226000000,1922.11,1932.85,1915.81,1920.31,132581.580,1772229599999,255384695.98790,193681,69928.644,134724154.70923,0
1772229600000,1920.31,1926.17,1885.00,1920.10,339410.646,1772233199999,647188446.82161,312241,157836.429,301078184.57981,0
1772233200000,1920.11,1932.12,1918.67,1928.50,107469.617,1772236799999,207124832.59721,157039,61313.384,118191091.00854,0
1772236800000,1928.51,1937.37,1923.17,1931.21,96001.949,1772240399999,185286436.92264,134850,51917.592,100226216.87256,0
1772240400000,1931.21,1935.23,1916.77,1923.38,92794.327,1772243999999,178822745.22110,134142,43515.882,83883412.56703,0
1772244000000,1923.38,1931.51,1921.03,1929.14,49049.478,1772247599999,94545599.36995,93079,26830.998,51717541.78262,0
1772247600000,1929.15,1930.20,1919.19,1923.33,64685.426,1772251199999,124473468.31082,102205,25081.125,48269149.87204,0
1772251200000,1923.33,1930.86,1912.20,1924.24,110487.774,1772254799999,212340756.18391,137941,47459.639,91243966.33406,0
1772254800000,1924.24,1927.32,1913.13,1919.15,65864.857,1772258399999,126448575.79766,104829,31573.921,60618910.21047,0
1772258400000,1919.16,1919.56,1834.06,1841.51,974056.219,1772261999999,1823989627.05254,1349442,436088.846,816463495.18689,0
1772262000000,1841.51,1884.78,1834.11,1865.36,666267.612,1772265599999,1240617827.70699,895094,322544.934,600636584.84216,0
1772265600000,1865.37,1867.79,1846.97,1851.43,321706.512,1772269199999,597329478.06537,471236,144743.271,268821592.64922,0
1772269200000,1851.43,1863.60,1843.19,1853.91,188492.533,1772272799999,349277437.91450,378324,92080.994,170668241.14880,0
1772272800000,1853.91,1866.62,1847.85,1863.94,194635.147,1772276399999,361836762.80435,315117,118209.845,219820322.01338,0
1772276400000,1863.94,1880.39,1860.30,1862.27,222739.721,1772279999999,416623804.17812,335057,119458.366,223496431.76676,0
1772280000000,1862.28,1873.29,1861.01,1867.52,109558.373,1772283599999,204543031.02105,202613,59029.055,110212469.87363,0
1772283600000,1867.52,1909.88,1864.00,1904.31,458461.772,1772287199999,866186188.40503,578344,256580.823,485016605.44552,0
1772287200000,1904.31,1914.99,1882.12,1886.83,545478.856,1772290799999,1035797023.01581,838263,264620.973,502805697.83267,0
1772290800000,1886.82,1903.57,1871.82,1897.78,287923.744,1772294399999,544448846.93297,483000,147386.083,278800923.94719,0
1772294400000,1897.77,1909.18,1890.50,1902.77,157606.836,1772297999999,299406982.27994,334867,84022.477,159656040.33978,0
1772298000000,1902.77,1911.19,1884.13,1905.82,206707.281,1772301599999,391987038.27817,305507,87815.714,166664161.73855,0
1772301600000,1905.82,1946.77,1900.18,1934.87,380654.772,1772305199999,732746713.40274,579350,225928.856,434989370.15679,0
1772305200000,1934.86,1954.00,1918.86,1945.78,339481.406,1772308799999,657834727.79862,576542,174920.891,338960201.67380,0
1772308800000,1945.78,1973.00,1936.69,1964.57,349031.449,1772312399999,683133763.11401,661602,186093.150,364317580.22041,0
1772312400000,1964.58,1966.89,1943.40,1956.80,226932.669,1772315999999,443537821.76358,446801,103303.421,201967481.32618,0
1772316000000,1956.79,1984.22,1954.28,1964.46,212686.574,1772319599999,419016668.50384,413333,113738.294,224138722.29374,0
1772319600000,1964.46,1968.97,1955.31,1963.48,92682.211,1772323199999,181859865.67702,194032,44601.013,87524644.21621,0
1772323200000,1963.48,1968.60,1953.47,1961.67,115090.953,1772326799999,225581192.18530,213076,52680.201,103263209.15093,0
1772326800000,1961.66,2023.54,1942.42,2011.62,563191.965,1772330399999,1117614473.39153,712077,326166.299,648248446.31199,0
1772330400000,2011.62,2054.67,2007.52,2032.18,681088.440,1772333999999,1387272432.96198,1105177,379015.360,772081950.31405,0
1772334000000,2032.17,2038.57,2015.18,2022.29,219534.319,1772337599999,445281872.19318,343022,98451.781,199747993.46825,0
1772337600000,2022.29,2029.63,1997.11,2014.86,305471.825,1772341199999,614022959.00775,382498,140817.769,283053828.53750,0
1772341200000,2014.86,2022.32,2008.13,2010.44,122705.076,1772344799999,247296513.31033,212446,59221.160,119388709.77414,0
1772344800000,2010.44,2011.78,1988.21,1997.60,278164.127,1772348399999,555617929.04350,351958,121594.838,242846370.19110,0
1772348400000,1997.59,2009.88,1992.00,2006.27,139279.534,1772351999999,278822829.09612,214595,77134.131,154425550.94476,0
1772352000000,2006.26,2009.30,1980.20,1985.24,207151.134,1772355599999,412938962.00655,320210,92657.809,184749958.67168,0
1772355600000,1985.24,1995.52,1974.08,1979.92,226835.253,1772359199999,450016503.73014,386975,110026.967,218337892.39459,0
1772359200000,1979.91,1992.40,1971.02,1983.91,210244.153,1772362799999,416632011.86835,308395,107174.601,212439231.40809,0
1772362800000,1983.91,1988.69,1980.89,1982.30,65095.847,1772366399999,129213048.46906,140828,32621.300,64760437.02083,0
1772366400000,1982.30,1987.25,1975.14,1977.48,100749.279,1772369999999,199546078.80756,192249,53235.935,105461499.69589,0
1772370000000,1977.48,2024.58,1967.34,2005.86,415420.445,1772373599999,829570223.56712,556194,225000.509,449667082.63731,0
1772373600000,2005.86,2027.77,1992.40,1999.13,347940.191,1772377199999,698930983.31323,614068,177056.041,355832352.58024,0
1772377200000,1999.13,2015.70,1991.00,1992.31,226795.865,1772380799999,454834288.54771,347571,105037.610,210675813.05915,0
1772380800000,1992.30,2010.00,1958.08,1973.35,476266.441,1772384399999,945273359.90925,655840,229409.756,455520070.41625,0
1772384400000,1973.35,1975.20,1950.85,1960.05,281835.683,1772387999999,553729887.95081,543030,127748.816,251085160.16727,0
1772388000000,1960.05,1996.72,1959.73,1974.70,325345.485,1772391599999,644737006.12678,436288,180962.412,358650252.18707,0
1772391600000,1974.70,1975.31,1942.65,1952.97,226946.072,1772395199999,444727934.96831,353668,102070.484,200094436.49731,0
1772395200000,1952.96,1954.49,1905.91,1912.78,506090.327,1772398799999,973860270.17236,765744,209238.013,402677594.05767,0
1772398800000,1912.77,1931.50,1911.12,1927.63,173414.418,1772402399999,333222499.83468,322770,84911.299,163192165.61597,0
1772402400000,1927.64,1974.90,1913.40,1923.62,375738.763,1772405999999,729003791.42491,531633,204864.370,397881684.57854,0
1772406000000,1923.63,1946.99,1917.41,1938.57,222889.201,1772409599999,431301430.31278,482084,123028.394,238050210.90265,0
1772409600000,1938.58,1966.88,1936.33,1959.77,198384.105,1772413199999,386943064.44868,488811,111827.001,218108468.42818,0
1772413200000,1959.77,1988.52,1958.49,1962.83,224975.176,1772416799999,443658754.09558,576926,117605.801,231972915.38010,0
1772416800000,1962.83,1965.37,1938.24,1954.47,202517.254,1772420399999,394952771.68724,455990,91227.341,177914015.61093,0
1772420400000,1954.47,1978.99,1946.79,1971.36,193021.051,1772423999999,379953283.71453,420891,99977.248,196787792.78921,0
1772424000000,1971.36,1979.44,1967.33,1972.14,107739.687,1772427599999,212482328.25680,243748,46865.156,92437065.85543,0
1772427600000,1972.13,1984.45,1960.10,1969.99,110018.348,1772431199999,216839631.47228,239957,54244.162,106938409.46945,0
1772431200000,1970.00,1970.36,1936.12,1942.38,254864.525,1772434799999,497086542.36923,440777,111873.106,218176433.34886,0
1772434800000,1942.37,1944.11,1924.14,1940.25,201092.503,1772438399999,388867886.70306,434177,100517.462,194414570.23830,0
1772438400000,1940.27,1950.56,1916.00,1947.97,301323.887,1772441999999,582616874.99139,514457,146286.848,283066922.84720,0
1772442000000,1947.96,1966.93,1945.66,1946.65,263445.342,1772445599999,515057837.59457,429049,133389.274,260832527.70936,0
1772445600000,1946.64,1956.11,1942.04,1951.01,126011.626,1772449199999,245609943.94775,287859,63388.755,123576069.65635,0
1772449200000,1951.00,1954.22,1934.38,1946.56,181018.724,1772452799999,351676785.66676,345397,90027.620,174942031.74782,0
1772452800000,1946.55,1948.00,1928.65,1936.88,139154.912,1772456399999,269644706.21747,275385,64730.473,125439791.26047,0
1772456400000,1936.88,1943.67,1921.03,1926.43,233957.682,1772459999999,451795828.08106,496193,112798.422,217845884.58320,0
1772460000000,1926.43,1984.61,1919.77,1978.53,795224.035,1772463599999,1552732374.71250,1210303,429814.014,839470512.59964,0
1772463600000,1978.52,2064.79,1973.00,2046.39,1267446.983,1772467199999,2573445402.80503,1601171,657417.945,1334235390.34187,0
1772467200000,2046.39,2089.00,2042.12,2063.35,807647.021,1772470799999,1665869461.86245,1101906,424897.280,876469718.97248,0
1772470800000,2063.34,2065.39,2024.44,2040.12,407080.034,1772474399999,832287234.73069,645525,182050.500,372242234.36163,0
1772474400000,2040.12,2040.30,2022.66,2028.33,200173.688,1772477999999,406665558.10544,439699,101709.577,206655013.44553,0
1772478000000,2028.33,2049.57,2014.46,2042.44,235822.599,1772481599999,479323775.17700,393934,125404.534,255037101.74519,0
1772481600000,2042.44,2058.58,2023.26,2034.17,300443.504,1772485199999,613013874.26282,582025,154734.305,315812818.14283,0
1772485200000,2033.94,2047.54,2028.34,2042.12,104665.192,1772488799999,213318740.17981,261775,55947.042,114043140.93249,0
1772488800000,2042.12,2058.00,2040.36,2052.99,112722.115,1772492399999,230980391.70465,204920,65440.127,134119331.45928,0
1772492400000,2052.99,2054.71,2023.69,2026.69,153927.463,1772495999999,313264572.03378,320158,71213.503,144924573.49051,0
1772496000000,2026.69,2038.40,2018.12,2034.52,164079.949,1772499599999,332862707.67561,319608,79665.398,161668953.39396,0
1772499600000,2034.52,2041.22,2018.00,2018.87,148587.011,1772503199999,301468985.32083,327417,71817.134,145741686.94243,0
1772503200000,2018.88,2021.78,1996.62,2012.68,295325.405,1772506799999,593499886.04350,481190,148174.949,297819565.97083,0
1772506800000,2012.68,2014.60,2004.40,2007.69,101444.732,1772510399999,203792170.30968,207435,50408.794,101272795.85653,0
1772510400000,2007.69,2013.00,1997.31,1998.74,101571.764,1772513999999,203555209.88452,207725,49447.949,99113384.13342,0
1772514000000,1998.74,2019.26,1986.13,1992.46,325753.084,1772517599999,651594964.52246,445101,158911.519,317981335.21644,0
1772517600000,1992.47,2002.47,1987.10,1998.27,138422.268,1772521199999,275954781.21657,276735,77258.691,154055176.24481,0
1772521200000,1998.27,2002.84,1992.18,1995.27,120600.909,1772524799999,240860006.86687,229719,61304.992,122440665.93428,0
1772524800000,1995.27,1999.70,1946.67,1952.11,559125.585,1772528399999,1100332931.00710,681100,242161.688,476499130.82934,0
1772528400000,1952.10,1967.97,1938.01,1950.21,532551.721,1772531999999,1040846552.17970,628395,267755.283,523219146.24497,0
1772532000000,1950.22,1962.99,1943.80,1956.77,229360.996,1772535599999,447926764.15710,394257,122053.982,238390170.58900,0
1772535600000,1956.76,1965.87,1950.70,1960.09,177903.994,1772539199999,348511329.83512,353124,86284.110,169069404.29484,0
1772539200000,1960.10,1989.18,1959.23,1966.34,336986.810,1772542799999,664670854.50165,528835,175180.308,345531814.35276,0
1772542800000,1966.34,1967.47,1942.44,1950.99,286329.828,1772546399999,559065705.22731,532436,136058.956,265682430.60418,0
1772546400000,1950.98,1976.51,1926.32,1941.87,629397.558,1772549999999,1227419726.93480,1107799,304197.619,593502789.55301,0
1772550000000,1941.86,1972.00,1930.77,1968.09,444100.264,1772553599999,867292784.87490,984881,226450.103,442174026.84703,0
1772553600000,1968.09,2013.33,1957.42,1983.08,896949.331,1772557199999,1780120115.97057,1290905,466990.374,927151417.91474,0
1772557200000,1983.08,1984.88,1958.34,1979.55,333065.981,1772560799999,656589365.02174,770677,162337.992,320022874.00330,0
1772560800000,1979.55,1999.93,1968.31,1987.39,249256.412,1772564399999,495324104.12035,558844,132490.611,263354712.60978,0
1772564400000,1987.38,1993.74,1976.00,1985.14,173457.302,1772567999999,344470665.61251,510187,86540.934,171898075.47303,0
1772568000000,1985.14,1988.88,1968.46,1977.32,110977.097,1772571599999,219652917.90818,395890,55874.255,110599600.90050,0
1772571600000,1977.33,1977.55,1958.16,1967.37,121123.436,1772575199999,238023204.87510,259535,51376.984,100967370.10981,0
1772575200000,1967.37,1987.34,1967.10,1982.38,106139.660,1772578799999,210126496.66248,245288,57395.441,113623486.23132,0
1772578800000,1982.38,2000.98,1980.03,1981.85,154703.238,1772582399999,307877567.18898,285207,84011.885,167278131.56415,0
1772582400000,1981.85,1985.86,1960.00,1975.54,180620.428,1772585999999,356529362.17355,351074,76725.169,151481360.33550,0
1772586000000,1975.55,1997.99,1968.81,1980.76,163670.807,1772589599999,324570928.23167,466887,87388.876,173366279.60613,0
1772589600000,1980.76,1981.91,1967.38,1978.09,101451.751,1772593199999,200412337.81003,334536,49735.701,98241413.53563,0
1772593200000,1978.09,1979.37,1943.40,1959.59,309253.894,1772596799999,605097296.19071,538715,135646.275,265405176.18754,0
1772596800000,1959.59,1963.50,1948.81,1959.14,134233.504,1772600399999,262619296.96741,334977,66754.423,130608264.98765,0
1772600400000,1959.14,1977.05,1953.83,1970.08,144127.930,1772603999999,283369343.55997,325543,73725.361,144996074.64305,0
1772604000000,1970.09,1985.60,1962.11,1979.25,155777.726,1772607599999,307660305.18818,327255,80371.784,158754914.58815,0
1772607600000,1979.25,2010.00,1973.65,2005.72,288887.393,1772611199999,575790187.37730,455801,148235.388,295430476.46763,0
1772611200000,2005.71,2066.63,1999.39,2063.26,760979.822,1772614799999,1544093283.04163,957253,431613.087,875758057.00659,0
1772614800000,2063.27,2089.62,2054.40,2074.45,767316.164,1772618399999,1590753488.97894,1023657,384335.444,796902002.97239,0
1772618400000,2074.45,2093.00,2066.20,2071.72,358218.719,1772621999999,744438024.90918,580796,165309.162,343604005.19321,0
1772622000000,2071.71,2077.97,2045.69,2054.18,344700.090,1772625599999,710181406.65620,477538,169219.456,348720544.41531,0
1772625600000,2054.18,2058.81,2035.20,2053.31,283237.209,1772629199999,579727325.73766,505960,146206.457,299287806.23271,0
1772629200000,2053.32,2068.00,2051.61,2063.47,255832.746,1772632799999,527103340.71889,453978,134523.755,277165499.14440,0
1772632800000,2063.47,2109.92,2061.80,2079.06,780553.456,1772636399999,1625372547.19031,1210350,411455.230,856944559.84636,0
1772636400000,2079.05,2165.50,2077.88,2149.30,917926.037,1772639999999,1949271614.63144,1462324,513491.875,1091268091.38297,0
1772640000000,2149.29,2165.88,2127.83,2141.24,567989.199,1772643599999,1217915328.03796,912769,263756.173,565747680.00149,0
1772643600000,2141.25,2155.72,2129.00,2144.83,311986.284,1772647199999,668563977.42877,633757,152579.547,327056383.55698,0
1772647200000,2144.82,2163.93,2136.67,2161.99,233927.160,1772650799999,502994869.91069,438170,119888.782,257863931.09076,0
1772650800000,2161.99,2199.47,2159.70,2176.46,553358.614,1772654399999,1206575365.67793,753263,301947.369,658386967.00653,0
1772654400000,2176.47,2178.69,2148.35,2148.51,206441.102,1772657999999,446902285.61698,419057,93942.519,203448223.89824,0
1772658000000,2148.49,2154.77,2141.20,2148.62,132815.186,1772661599999,285242917.84314,289998,68422.819,146966689.51752,0
1772661600000,2148.61,2162.90,2125.54,2130.97,165867.400,1772665199999,355633448.11918,287794,84378.707,180907794.19512,0
1772665200000,2130.97,2135.98,2115.33,2125.98,157531.147,1772668799999,334901731.15203,321786,79559.360,169194512.56004,0
1772668800000,2125.97,2134.40,2120.16,2126.85,133924.329,1772672399999,285033520.15239,346254,64610.738,137519291.55211,0
1772672400000,2126.86,2141.57,2106.32,2112.63,227603.829,1772675999999,482801379.02215,492429,110302.804,234032490.65405,0
1772676000000,2112.63,2133.39,2111.76,2120.86,168662.708,1772679599999,358077967.44272,339204,88829.722,188595969.32199,0
1772679600000,2120.86,2125.00,2106.40,2119.11,147994.185,1772683199999,313057427.08114,259953,76541.246,161929771.75875,0
1772683200000,2119.10,2144.37,2117.52,2136.28,236431.444,1772686799999,503955372.87543,344091,135814.418,289525752.85298,0
1772686800000,2136.29,2138.37,2112.65,2118.51,169212.801,1772690399999,359020982.59457,259385,82730.388,175514815.70902,0
1772690400000,2118.50,2129.90,2108.65,2127.11,144194.769,1772693999999,305630693.63312,305798,76872.778,162971602.48750,0
1772694000000,2127.11,2132.57,2093.88,2104.30,229534.763,1772697599999,484242966.57491,310858,107030.121,225806574.30642,0
1772697600000,2104.29,2117.52,2092.43,2116.70,234690.146,1772701199999,493782606.66479,402404,123709.504,260357205.72095,0
1772701200000,2116.70,2137.65,2115.31,2124.65,227378.642,1772704799999,483420608.87056,436539,114327.660,243078116.34725,0
1772704800000,2124.65,2163.00,2119.23,2155.08,314335.370,1772708399999,674765693.93814,485883,173864.107,373177411.17131,0
1772708400000,2155.08,2158.61,2132.57,2136.76,198327.798,1772711999999,425166315.24608,358821,85166.366,182587714.75353,0
1772712000000,2136.76,2142.38,2121.87,2137.04,195241.677,1772715599999,416310538.06431,377037,95333.924,203309334.15441,0
1772715600000,2137.04,2138.64,2107.93,2116.43,284595.028,1772719199999,603350077.74917,520521,142595.869,302281679.16729,0
1772719200000,2116.42,2131.41,2095.01,2118.15,412886.457,1772722799999,871784723.87319,823202,214093.428,452196203.36871,0
1772722800000,2118.16,2120.76,2066.31,2086.09,705045.685,1772726399999,1469546941.84750,1012632,325319.548,678004585.48736,0
1772726400000,2086.10,2086.59,2055.55,2079.17,512230.984,1772729999999,1061130979.62364,694596,248583.323,515042988.22390,0
1772730000000,2079.17,2093.96,2053.30,2058.84,331071.534,1772733599999,685873115.04090,621552,178294.205,369585686.35761,0
1772733600000,2058.85,2077.58,2056.69,2075.79,158792.997,1772737199999,328448256.03324,414792,83089.347,171849955.71250,0
1772737200000,2075.78,2092.44,2071.17,2073.61,188502.226,1772740799999,392086173.43992,358406,96632.354,201030256.09185,0
1772740800000,2073.60,2098.00,2069.10,2091.42,172804.002,1772744399999,360483767.25838,403746,89776.982,187295960.10987,0
1772744400000,2091.42,2099.30,2073.53,2079.73,120794.572,1772747999999,251989719.49468,220471,54703.556,114144442.63733,0
1772748000000,2079.72,2084.34,2076.51,2079.20,48023.491,1772751599999,99919405.37356,99669,24094.195,50136636.00891,0
1772751600000,2079.21,2083.59,2066.77,2072.18,73157.567,1772755199999,151802258.91555,149046,31055.229,64463294.61909,0
1772755200000,2072.17,2079.56,2066.50,2074.36,62882.922,1772758799999,130355742.53474,163732,35393.175,73371141.33104,0
1772758800000,2074.35,2091.00,2060.60,2086.70,195073.918,1772762399999,405272874.57139,364816,103158.132,214370284.70370,0
1772762400000,2086.70,2092.39,2078.70,2082.64,93205.623,1772765999999,194371992.00971,257985,45928.452,95772843.25843,0
1772766000000,2082.63,2087.92,2074.10,2082.88,93075.151,1772769599999,193771386.95954,197849,45058.865,93806516.51968,0
1772769600000,2082.88,2085.16,2058.00,2070.02,157802.818,1772773199999,326724257.38630,266497,72861.694,150834743.94702,0
1772773200000,2070.02,2073.37,2058.00,2067.63,136662.109,1772776799999,282191206.06696,306660,65578.275,135426175.47931,0
1772776800000,2067.62,2079.65,2062.01,2073.12,113756.979,1772780399999,235491070.75347,196345,58613.409,121342072.75735,0
1772780400000,2073.12,2086.57,2067.24,2081.79,132488.539,1772783999999,275468295.63540,230131,68433.481,142320236.59649,0
1772784000000,2081.79,2081.79,2073.11,2074.91,97770.300,1772787599999,203166868.99200,197038,49634.803,103142331.64608,0
1772787600000,2074.91,2076.41,2044.12,2058.71,320520.499,1772791199999,658979628.97958,465936,149970.182,308340945.81495,0
1772791200000,2058.71,2068.32,2057.34,2062.05,138337.379,1772794799999,285419004.84726,222814,68009.653,140319819.66522,0
1772794800000,2062.06,2066.30,2048.66,2050.02,130780.970,1772798399999,269039957.79178,240625,58768.977,120925729.48116,0
1772798400000,2050.03,2054.41,2036.71,2047.58,292633.149,1772801999999,598433227.44960,445500,146612.439,299846527.27989,0
1772802000000,2047.59,2062.00,2017.09,2018.52,500376.008,1772805599999,1020722254.59548,682281,229572.671,468632232.83250,0
1772805600000,2018.54,2023.78,1970.20,1980.27,883080.156,1772809199999,1764253979.02610,1359862,425192.759,849558378.05291,0
1772809200000,1980.27,1996.77,1963.92,1976.43,510211.894,1772812799999,1011232142.52180,919942,257689.030,510809617.62576,0
1772812800000,1976.42,1983.92,1965.26,1970.20,299660.717,1772816399999,591186971.85112,619449,153935.653,303703301.85854,0
1772816400000,1970.19,1981.79,1954.25,1965.76,313698.542,1772819999999,616553451.68611,553894,153133.712,301047484.52266,0
1772820000000,1965.75,1982.43,1965.43,1973.44,176666.824,1772823599999,349083445.80418,390385,93413.655,184593773.60852,0
1772823600000,1973.44,1991.98,1973.44,1982.52,139374.815,1772827199999,276507414.77148,268604,76262.706,151317503.84742,0
1772827200000,1982.53,1987.82,1968.30,1977.84,152652.117,1772830799999,301750782.84965,318438,75027.492,148314991.42482,0
1772830800000,1977.83,1983.72,1970.58,1982.80,72360.797,1772834399999,143074764.09965,131842,36794.596,72755447.77417,0
1772834400000,1982.79,1988.90,1980.36,1986.36,51432.986,1772837999999,102051701.65446,100290,28720.785,56994672.29783,0
1772838000000,1986.37,1986.63,1975.77,1977.66,57502.342,1772841599999,113959099.98634,104859,25181.608,49905714.17847,0
1772841600000,1977.66,1982.43,1975.76,1980.07,41328.700,1772845199999,81809485.23847,85330,21619.445,42798664.67661,0
1772845200000,1980.07,1982.59,1975.14,1979.40,49488.212,1772848799999,97928897.80333,98419,23471.423,46449826.34588,0
1772848800000,1979.41,1983.78,1971.40,1982.45,87711.492,1772852399999,173428129.72571,125124,45388.003,89748564.50165,0
1772852400000,1982.46,1995.74,1978.70,1979.14,163432.856,1772855999999,324792039.92715,181795,96449.077,191713038.56667,0
1772856000000,1979.15,1979.36,1961.66,1974.39,166031.655,1772859599999,327151245.99339,185494,69102.323,136190931.21575,0
1772859600000,1974.39,1978.92,1971.02,1977.75,44071.234,1772863199999,87060432.86134,93747,23172.689,45783813.18836,0
1772863200000,1977.76,1977.76,1967.78,1970.97,67230.762,1772866799999,132666832.90712,118108,31481.647,62123133.68139,0
1772866800000,1970.96,1983.89,1966.01,1982.19,109555.233,1772870399999,216310432.49858,179141,62197.977,122830915.42619,0
1772870400000,1982.18,1986.83,1973.84,1976.68,122576.524,1772873999999,242962966.34538,154548,62123.749,123160266.09344,0
1772874000000,1976.67,1988.47,1974.01,1985.29,80951.097,1772877599999,160560538.42267,124784,45364.364,89976883.81553,0
1772877600000,1985.30,1987.99,1981.98,1983.01,50123.722,1772881199999,99486419.82776,88154,21018.970,41718253.17934,0
1772881200000,1983.01,1993.83,1981.02,1987.51,107468.870,1772884799999,213697518.67891,152841,61345.632,121981801.81028,0
1772884800000,1987.52,1989.85,1978.40,1981.40,73461.709,1772888399999,145719901.16999,104966,32956.783,65378663.73435,0
1772888400000,1981.40,1983.06,1976.63,1980.81,59595.925,1772891999999,118024392.23963,111213,32135.395,63648534.18541,0
1772892000000,1980.80,1989.38,1969.20,1985.91,161991.197,1772895599999,320480703.02533,241016,84523.058,167252050.90443,0
1772895600000,1985.91,1986.67,1975.00,1980.19,94050.450,1772899199999,186337843.78764,170468,45172.844,89499291.43580,0
1772899200000,1980.19,1980.19,1973.50,1976.27,57677.905,1772902799999,114000535.32638,115738,27023.743,53410903.44477,0
1772902800000,1976.26,1982.81,1974.88,1976.56,44386.212,1772906399999,87849436.14764,82574,24223.611,47947846.84724,0
1772906400000,1976.56,1976.56,1964.44,1970.28,111067.849,1772909999999,218783685.79372,158744,50567.067,99620932.92369,0
1772910000000,1970.29,1970.29,1946.87,1954.01,240199.487,1772913599999,470195263.78984,320773,106684.919,208827199.92627,0
1772913600000,1954.01,1967.70,1953.64,1965.26,85585.539,1772917199999,167923478.25479,152380,47719.330,93623626.98487,0
1772917200000,1965.26,1970.85,1962.60,1969.41,58445.762,1772920799999,114945410.17642,111793,30194.737,59385268.93140,0
1772920800000,1969.41,1970.00,1957.31,1965.48,51314.319,1772924399999,100853517.59396,105691,25603.392,50321289.61127,0
1772924400000,1965.48,1973.15,1964.25,1968.39,49916.372,1772927999999,98308054.50415,87195,24760.281,48768621.79186,0
1772928000000,1968.39,1976.33,1965.49,1967.93,68150.968,1772931599999,134297089.83640,107724,36053.736,71053800.57344,0
1772931600000,1967.93,1971.07,1962.10,1968.05,56240.674,1772935199999,110643214.35283,112072,30376.819,59766052.12509,0
1772935200000,1968.05,1969.27,1934.33,1941.19,317550.059,1772938799999,619343686.42655,348043,126286.305,246326881.20031,0
1772938800000,1941.19,1950.64,1940.10,1946.40,107418.916,1772942399999,209099231.91097,180732,56683.880,110336824.42176,0
1772942400000,1946.40,1952.05,1927.58,1937.09,168480.657,1772945999999,326913039.56388,242993,77378.416,150217244.71476,0
1772946000000,1937.09,1951.63,1936.79,1947.86,108116.937,1772949599999,210362466.01156,170852,56433.984,109804221.56500,0
1772949600000,1947.86,1951.15,1941.68,1946.65,64351.560,1772953199999,125230209.39145,105987,32544.354,63343724.44644,0
1772953200000,1946.66,1959.04,1945.90,1953.97,101435.196,1772956799999,198213795.76672,152808,56690.529,110773106.12168,0
1772956800000,1953.97,1959.60,1947.85,1958.52,82882.736,1772960399999,161954529.95519,137718,44529.302,87034265.19366,0
1772960400000,1958.53,1969.80,1955.51,1962.55,132382.114,1772963999999,259972391.79684,193053,68848.153,135213220.09602,0
1772964000000,1962.55,1979.03,1962.10,1973.10,172554.578,1772967599999,340310104.19383,219290,103649.063,204388132.34113,0
1772967600000,1973.11,1973.36,1942.70,1950.29,216275.247,1772971199999,422841586.80536,316180,99350.598,194196023.20422,0
1772971200000,1950.28,1953.75,1923.37,1945.23,327097.566,1772974799999,634119325.78248,449508,149015.035,288881516.38063,0
1772974800000,1945.24,1947.19,1922.86,1943.13,249521.495,1772978399999,483092660.51719,445714,121620.872,235522781.27205,0
1772978400000,1943.13,1949.65,1936.24,1944.33,135950.263,1772981999999,264186356.76479,268753,69285.273,134653444.58468,0
1772982000000,1944.32,1946.85,1936.07,1942.00,87222.681,1772985599999,169303039.01561,191593,43186.570,83841954.54864,0
1772985600000,1942.01,1943.71,1933.00,1935.64,95326.642,1772989199999,184690563.76307,198012,43899.241,85060262.13753,0
1772989200000,1935.65,1946.00,1931.64,1934.54,98873.329,1772992799999,191628784.21664,208536,49028.942,95027624.48669,0
1772992800000,1934.54,1935.99,1926.73,1929.04,92688.193,1772996399999,178970808.43722,194006,39718.799,76697885.71126,0
1772996400000,1929.03,1969.19,1926.73,1963.20,297034.584,1772999999999,580246747.64094,443788,157700.818,307997366.67542,0
1773000000000,1963.21,1970.16,1952.16,1957.38,147230.080,1773003599999,288542756.07061,287718,70296.523,137771858.11806,0
1773003600000,1957.38,1960.98,1941.43,1952.29,106252.465,1773007199999,207230213.49089,201158,47925.465,93486692.70633,0
1773007200000,1952.29,1952.32,1906.63,1941.85,684065.760,1773010799999,1318614347.16565,929021,282332.682,544343000.61881,0
1773010800000,1941.86,1954.10,1934.22,1935.97,186418.755,1773014399999,362390320.06073,441304,91752.593,178427603.38634,0
1773014400000,1935.98,1966.23,1928.20,1949.88,277689.649,1773017999999,541030104.31198,641117,154501.151,301078970.42595,0
1773018000000,1949.88,1962.50,1941.40,1944.92,201059.136,1773021599999,392651818.63128,511954,102507.526,200186130.75675,0
1773021600000,1944.92,1962.44,1937.02,1958.88,201026.772,1773025199999,392078142.44387,514619,103823.557,202491564.87743,0
1773025200000,1958.88,2004.84,1958.21,1976.60,609506.362,1773028799999,1209896880.51908,845236,328096.618,651261229.86273,0
1773028800000,1976.60,1988.79,1972.21,1976.58,137531.874,1773032399999,272432243.79700,309400,66256.154,131255026.71251,0
1773032400000,1976.58,2013.33,1975.00,2009.86,453804.347,1773035999999,906753217.21379,587421,258488.528,516443003.00406,0
1773036000000,2009.86,2012.30,1982.08,1984.01,212764.054,1773039599999,424987796.65182,385723,92473.271,184751129.09561,0
1773039600000,1984.01,1985.05,1962.27,1982.90,248495.365,1773043199999,490975335.31425,449249,122462.062,242004755.46616,0
1773043200000,1982.90,1998.80,1977.69,1995.73,210527.430,1773046799999,419000544.79232,454848,106018.690,211026762.95694,0
1773046800000,1995.74,2021.88,1985.51,2003.55,325788.578,1773050399999,653791362.34300,529592,175510.294,352324138.42935,0
1773050400000,2003.55,2006.30,1991.49,1994.53,184534.284,1773053999999,369018122.21417,336399,91038.181,182075780.11698,0
1773054000000,1994.52,1999.20,1980.00,1991.49,169068.142,1773057599999,336327620.74114,297811,82753.492,164647934.52517,0
1773057600000,1991.49,2013.40,1991.42,2001.50,196469.205,1773061199999,393424117.50654,320840,102028.770,204327945.88158,0
1773061200000,2001.50,2029.99,2000.02,2017.24,488875.955,1773064799999,985753774.87832,848960,253248.919,510726047.39272,0
1773064800000,2017.24,2033.52,2006.97,2021.34,390464.504,1773068399999,789244655.64429,788131,188372.675,380742857.68183,0
1773068400000,2021.33,2028.57,2012.00,2021.44,207392.685,1773071999999,419233864.12985,397565,98884.024,199900978.31553,0
1773072000000,2021.45,2039.21,2017.56,2026.30,259101.653,1773075599999,525020026.56493,427405,133402.181,270378984.33632,0
1773075600000,2026.30,2031.81,2004.17,2015.89,277025.875,1773079199999,559006279.41804,403767,127583.825,257392286.94589,0
1773079200000,2015.88,2022.35,2004.85,2011.24,176779.590,1773082799999,356010808.35462,274502,83033.303,167267402.47987,0
1773082800000,2011.23,2052.83,2008.80,2032.67,437153.570,1773086399999,889523857.24539,682045,238609.702,485677986.69775,0
1773086400000,2032.66,2036.44,2017.44,2024.49,116804.393,1773089999999,236714357.49405,250772,53763.440,108962345.96152,0
1773090000000,2024.50,2034.58,2020.80,2027.23,87813.157,1773093599999,178177272.53420,148347,41254.668,83689548.38768,0
1773093600000,2027.23,2030.53,1998.00,2002.01,221482.698,1773097199999,445399171.18102,309143,108147.374,217529232.83859,0
1773097200000,2002.00,2006.97,1988.18,1992.28,176807.628,1773100799999,353305114.44518,281689,81221.785,162301183.65034,0
1773100800000,1992.28,2021.89,1990.23,2014.38,228435.816,1773104399999,458521119.50576,329286,128635.774,258180910.15544,0
1773104400000,2014.37,2025.81,2005.63,2018.13,149764.985,1773107999999,301747025.44264,285613,76196.214,153557922.66834,0
1773108000000,2018.12,2053.93,2012.79,2041.42,356924.133,1773111599999,727528172.91628,540721,197747.345,403149240.22192,0
1773111600000,2041.41,2047.20,2021.51,2025.61,202080.279,1773115199999,411100208.24921,347999,92269.537,187733777.56246,0
1773115200000,2025.61,2046.62,2025.32,2044.88,130461.735,1773118799999,265606107.19759,254033,72174.024,146992026.58961,0
1773118800000,2044.88,2053.77,2038.83,2043.28,170768.282,1773122399999,349309429.93442,290037,86029.795,176010178.35414,0
1773122400000,2043.28,2048.43,2035.33,2042.62,114824.427,1773125999999,234528736.40583,201152,50017.386,102179238.39061,0
1773126000000,2042.62,2059.24,2039.09,2050.00,154373.679,1773129599999,316435773.66452,280456,82263.963,168650803.97709,0
1773129600000,2050.00,2069.72,2050.00,2056.01,309532.306,1773133199999,637834909.18874,485521,165215.171,340474918.00386,0
1773133200000,2056.02,2074.00,2054.30,2066.92,167556.635,1773136799999,345971196.83441,284572,83690.948,172829208.48967,0
1773136800000,2066.92,2068.07,2054.49,2061.68,146015.482,1773140399999,300826136.76808,240305,69512.273,143219906.92947,0
1773140400000,2061.68,2067.39,2053.94,2060.77,128624.375,1773143999999,265107404.77001,209342,62000.704,127815932.24110,0
1773144000000,2060.77,2061.25,2046.07,2048.99,175888.326,1773147599999,361050230.46304,266073,79561.077,163328759.01620,0
1773147600000,2048.99,2059.58,2023.07,2032.59,482761.245,1773151199999,984214066.24770,727374,226919.569,462647221.78334,0
1773151200000,2032.60,2079.92,2007.77,2074.40,777777.246,1773154799999,1586601188.27385,1074368,413084.904,842745361.78879,0
1773154800000,2074.41,2085.00,2057.77,2078.42,541840.801,1773158399999,1122424209.28321,800061,263788.283,546607332.03478,0
1773158400000,2078.42,2088.00,2068.11,2079.56,255755.867,1773161999999,531740918.36500,467145,119429.245,248341554.20886,0
1773162000000,2079.55,2084.28,2057.14,2070.69,299401.676,1773165599999,620039642.39933,483942,161640.384,334712596.84497,0
1773165600000,2070.70,2072.30,2034.52,2038.88,494290.430,1773169199999,1012135072.40221,795703,221939.426,454453757.52318,0
1773169200000,2038.88,2043.47,2025.55,2035.84,244921.883,1773172799999,498470742.11259,465109,122681.685,249694578.63418,0
1773172800000,2035.84,2046.71,2034.28,2041.57,103988.803,1773176399999,212260075.09623,173531,58466.828,119347424.81399,0
1773176400000,2041.58,2048.00,2015.78,2028.11,180396.826,1773179999999,366218509.29883,238252,71567.266,145350206.89976,0
1773180000000,2028.10,2031.85,2019.60,2026.30,108531.953,1773183599999,219866965.03301,207659,59263.839,120072111.50880,0
1773183600000,2026.29,2036.24,2026.19,2035.39,78996.581,1773187199999,160565451.54881,165978,45522.447,92530435.12459,0
1773187200000,2035.38,2041.00,2027.20,2036.97,112267.452,1773190799999,228425465.60897,224876,54355.522,110612688.70321,0
1773190800000,2036.96,2040.00,2027.41,2034.98,83915.003,1773194399999,170705121.67719,180825,43219.172,87927971.73275,0
1773194400000,2034.99,2038.29,2017.48,2026.00,175079.512,1773197999999,354658888.19818,240311,72518.306,146931210.52816,0
1773198000000,2026.01,2028.53,2017.04,2020.28,72367.996,1773201599999,146247265.02778,137731,38466.436,77735712.22744,0
1773201600000,2020.28,2041.00,2017.22,2037.96,167550.794,1773205199999,340403083.23860,218659,99036.781,201224074.45766,0
1773205200000,2037.96,2040.38,2010.00,2013.26,209660.317,1773208799999,424160620.70859,262582,94653.616,191521333.64090,0
1773208800000,2013.26,2024.87,2012.52,2023.26,104442.452,1773212399999,210782740.68993,178864,54237.382,109455502.36907,0
1773212400000,2023.27,2024.83,2005.90,2011.61,148291.716,1773215999999,298654806.51798,197932,64298.830,129476917.06402,0
1773216000000,2011.59,2024.91,2008.50,2022.72,153798.033,1773219599999,310223558.66787,261701,82961.103,167345189.72061,0
1773219600000,2022.73,2027.08,2013.00,2016.96,91691.443,1773223199999,185164776.67948,162182,47700.729,96353182.92223,0
1773223200000,2016.96,2030.92,2016.25,2027.81,83853.484,1773226799999,169702180.35381,150961,42033.832,85085957.28617,0
1773226800000,2027.81,2033.54,2015.00,2016.96,123173.128,1773230399999,249364935.52578,215399,57899.248,117235075.99238,0
1773230400000,2016.97,2035.00,2011.51,2022.06,203937.958,1773233999999,412382610.62964,327191,100125.754,202484455.21680,0
1773234000000,2022.06,2081.68,2020.69,2049.88,784168.827,1773237599999,1611546759.43080,960243,409975.109,842372190.02049,0
1773237600000,2049.87,2077.42,2042.10,2061.88,455460.231,1773241199999,937996905.89721,814320,231193.298,476158281.32957,0
1773241200000,2061.88,2064.67,2028.84,2048.84,392854.228,1773244799999,803687104.57421,658457,189022.748,386712858.51678,0
1773244800000,2048.85,2072.00,2045.14,2066.00,242938.053,1773248399999,500182329.27933,522940,126160.149,259790214.26777,0
1773248400000,2066.00,2084.98,2056.38,2067.11,344827.331,1773251999999,714482210.54841,564729,173530.769,359572117.94843,0
1773252000000,2067.11,2078.91,2063.13,2075.51,137827.480,1773255599999,285407862.00977,317095,64220.113,132999710.39764,0
1773255600000,2075.50,2077.00,2067.30,2075.13,92465.601,1773259199999,191635787.97266,206217,45236.135,93747801.91827,0
1773259200000,2075.13,2075.36,2064.61,2067.49,66469.865,1773262799999,137509648.29888,148732,33381.813,69047587.85134,0
1773262800000,2067.48,2073.96,2062.30,2072.07,57355.871,1773266399999,118590045.74798,106322,30546.777,63161892.81861,0
1773266400000,2072.07,2083.85,2057.75,2060.73,141074.115,1773269999999,292137204.67286,242517,75108.983,155620413.09402,0
1773270000000,2060.72,2064.00,2044.12,2050.99,144591.920,1773273599999,296952211.06331,215368,65262.219,134056057.79052,0
1773273600000,2050.98,2057.37,2046.94,2054.61,75038.178,1773277199999,154009284.84501,174559,42283.636,86784109.82017,0
1773277200000,2054.61,2055.19,2041.53,2045.41,107012.291,1773280799999,219015562.95274,227923,51643.076,105700975.06420,0
1773280800000,2045.41,2047.22,2020.51,2023.48,253574.927,1773284399999,515375529.04632,315919,119018.982,241898546.53948,0
1773284400000,2023.48,2033.90,2016.17,2022.07,235506.217,1773287999999,476745042.74337,219986,111379.844,225576975.82798,0
1773288000000,2022.07,2028.74,2020.00,2021.82,98895.314,1773291599999,200184802.87048,143413,50624.961,102483005.65675,0
1773291600000,2021.83,2026.89,2018.17,2025.79,96979.148,1773295199999,196201132.49603,144839,53178.788,107602262.82758,0
1773295200000,2025.80,2030.80,2023.50,2029.30,81784.098,1773298799999,165812835.99160,122436,42815.068,86810199.11949,0
1773298800000,2029.30,2041.92,2024.56,2039.71,158832.793,1773302399999,323246861.09788,179563,87954.858,179005489.02218,0
1773302400000,2039.72,2052.08,2037.26,2046.71,194883.773,1773305999999,398465665.53987,291570,103968.524,212595115.63658,0
1773306000000,2046.72,2064.92,2036.75,2054.57,253521.538,1773309599999,519531824.21839,283144,121216.392,248519633.79090,0
1773309600000,2054.58,2074.68,2051.49,2069.10,228137.912,1773313199999,470940138.40348,293493,114973.975,237314741.39093,0
1773313200000,2069.10,2075.65,2056.46,2061.77,232025.648,1773316799999,479515049.45557,265789,102378.224,211623909.11362,0
1773316800000,2061.77,2069.99,2056.49,2064.28,157005.172,1773320399999,323828651.07062,240595,79548.403,164081422.52056,0
1773320400000,2064.29,2080.70,2050.15,2064.54,451932.786,1773323999999,933102382.90025,624559,241815.412,499438462.43292,0
1773324000000,2064.54,2094.57,2036.18,2044.30,854560.161,1773327599999,1763850166.60983,982902,452167.660,933774500.56497,0
1773327600000,2044.29,2081.73,2037.69,2071.40,440371.625,1773331199999,908597760.16813,622152,232439.478,479580779.42908,0
1773331200000,2071.39,2077.47,2055.20,2068.77,305854.949,1773334799999,632264074.46220,515595,140648.307,290774310.13140,0
1773334800000,2068.76,2074.40,2054.00,2057.27,170936.531,1773338399999,352708329.66884,348401,75593.052,155982547.42448,0
1773338400000,2057.27,2060.80,2045.45,2047.78,173968.428,1773341999999,356998503.48993,303167,83506.714,171373733.70085,0
1773342000000,2047.77,2072.55,2044.00,2068.63,196469.285,1773345599999,404743111.37187,315488,106865.146,220112240.41385,0
1773345600000,2068.61,2072.74,2058.98,2061.44,88619.023,1773349199999,183009037.54957,142894,42877.204,88551453.63319,0
1773349200000,2061.44,2068.61,2056.42,2061.95,64487.584,1773352799999,132924798.92423,111574,31050.212,64009531.05206,0
1773352800000,2061.96,2066.75,2054.40,2064.46,101809.599,1773356399999,209834843.40468,155905,47989.528,98918531.44396,0
1773356400000,2064.46,2093.53,2063.81,2072.60,367022.469,1773359999999,763652981.51181,419727,217143.155,451857177.86399,0
1773360000000,2072.60,2148.00,2069.10,2118.16,836950.687,1773363599999,1774544721.28435,1111679,461650.044,978437147.59013,0
1773363600000,2118.16,2129.73,2109.71,2123.99,196864.746,1773367199999,417712651.06894,431769,95015.935,201662331.46590,0
1773367200000,2124.00,2126.57,2100.49,2104.78,216039.920,1773370799999,456245675.93399,340964,93882.487,198258522.03130,0
1773370800000,2104.78,2123.45,2100.73,2117.77,167694.899,1773374399999,354029755.44968,250172,96377.661,203535303.20425,0
1773374400000,2117.78,2119.20,2108.50,2110.65,78732.858,1773377999999,166400978.90516,149067,40179.501,84921251.53634,0
1773378000000,2110.65,2114.66,2102.38,2109.54,97706.092,1773381599999,206027052.59286,185296,53287.610,112375830.26218,0
1773381600000,2109.53,2112.20,2088.52,2094.99,237785.564,1773385199999,498500019.63006,308216,113011.121,236944823.90100,0
1773385200000,2094.99,2104.62,2091.52,2098.45,159448.424,1773388799999,334588171.66318,247511,90334.975,189576905.21021,0
1773388800000,2098.44,2117.00,2090.09,2098.98,240068.797,1773392399999,504725556.39452,364879,126838.489,266695024.61194,0
1773392400000,2098.97,2117.00,2095.13,2112.60,157275.141,1773395999999,331360460.60653,281396,88819.056,187144081.09951,0
1773396000000,2112.59,2133.00,2111.65,2125.87,288808.458,1773399599999,613598973.03773,424812,149301.862,317218912.26240,0
1773399600000,2125.88,2129.40,2117.09,2120.02,132218.861,1773403199999,280715463.52404,241620,61017.734,129559113.38898,0
1773403200000,2120.01,2154.74,2119.30,2145.23,403505.460,1773406799999,862225158.83066,476704,228025.296,487379473.10120,0
1773406800000,2145.23,2205.58,2140.67,2184.54,1007307.728,1773410399999,2195115475.06344,1053652,579073.149,1261672393.99779,0
1773410400000,2184.54,2209.49,2144.55,2150.39,879387.375,1773413999999,1915104840.73622,1009418,442639.449,964637728.27882,0
1773414000000,2150.40,2165.36,2124.06,2127.00,660476.862,1773417599999,1416980851.31374,807504,337523.764,724288922.66667,0
1773417600000,2127.01,2142.83,2110.50,2132.90,516661.056,1773421199999,1098240262.18519,678679,277383.167,589604402.12175,0
1773421200000,2132.89,2140.22,2088.44,2102.02,589299.474,1773424799999,1244323775.21516,610164,286334.190,604734276.62845,0
1773424800000,2102.02,2107.89,2089.56,2099.87,266270.889,1773428399999,559568207.37902,372033,135957.590,285754254.30825,0
1773428400000,2099.88,2104.98,2095.00,2101.72,122719.714,1773431999999,257829077.83997,227313,67572.166,141977892.74923,0
1773432000000,2101.73,2113.25,2100.03,2110.50,99442.831,1773435599999,209654865.60535,138494,54771.513,115469527.63809,0
1773435600000,2110.51,2116.39,2099.05,2102.01,102516.599,1773439199999,216045446.87382,146469,43665.065,92037374.30253,0
1773439200000,2102.01,2103.94,2077.03,2088.00,242745.715,1773442799999,506445872.71969,347743,105419.661,219891386.15991,0
1773442800000,2088.01,2092.94,2084.33,2091.01,69184.700,1773446399999,144589699.16542,137734,38356.801,80165722.79272,0
1773446400000,2091.00,2094.20,2082.00,2084.36,94149.371,1773449999999,196568814.17305,166609,45873.859,95784110.79395,0
1773450000000,2084.36,2094.99,2080.06,2091.57,111732.796,1773453599999,233395823.18886,150670,49542.234,103499585.47341,0
1773453600000,2091.57,2094.80,2088.54,2091.44,63047.781,1773457199999,131891667.97904,103792,33334.494,69743958.77042,0
1773457200000,2091.44,2103.62,2091.30,2100.00,112836.019,1773460799999,236779660.95175,154675,67866.126,142420019.23096,0
1773460800000,2100.00,2105.75,2086.25,2089.31,165007.319,1773464399999,345955038.02714,167081,71737.823,150443120.98508,0
1773464400000,2089.30,2093.54,2084.34,2091.30,98981.563,1773467999999,206860108.33768,118737,42076.128,87938988.59157,0
1773468000000,2091.30,2091.30,2067.13,2077.16,216539.397,1773471599999,449964880.69505,251686,94012.067,195340269.69109,0
1773471600000,2077.16,2079.43,2074.11,2076.30,75277.145,1773475199999,156353605.12022,103653,34919.714,72536780.19757,0
1773475200000,2076.30,2080.22,2071.48,2073.20,86502.470,1773478799999,179558770.53929,102173,42884.617,89021939.69189,0
1773478800000,2073.19,2076.83,2062.47,2066.11,124344.554,1773482399999,257288160.36811,126753,54431.332,112636491.46087,0
1773482400000,2066.11,2067.88,2060.09,2065.01,103675.175,1773485999999,213997738.16224,122177,49004.981,101164848.22273,0
1773486000000,2065.01,2075.58,2064.48,2072.65,107288.956,1773489599999,222230739.75666,103086,60700.675,125724625.93891,0
1773489600000,2072.65,2077.30,2068.34,2074.33,92509.250,1773493199999,191790519.92235,104307,48508.480,100572200.07697,0
1773493200000,2074.33,2079.55,2071.66,2077.22,65611.396,1773496799999,136221198.39479,90353,33791.998,70160374.49419,0
1773496800000,2077.23,2079.49,2068.43,2069.82,71788.481,1773500399999,148828293.24319,102338,33232.986,68901571.11925,0
1773500400000,2069.83,2076.91,2068.74,2073.55,64808.476,1773503999999,134369178.21498,88920,34760.608,72067601.35754,0
1773504000000,2073.55,2077.58,2067.58,2076.35,67556.669,1773507599999,140004750.70583,85242,33509.842,69463477.09453,0
1773507600000,2076.36,2077.31,2072.01,2073.97,41347.396,1773511199999,85804204.27399,52462,20472.385,42487094.78239,0
1773511200000,2073.97,2076.97,2071.70,2075.73,23890.433,1773514799999,49555271.78239,39389,13146.409,27268426.14759,0
1773514800000,2075.74,2078.44,2073.64,2076.25,26284.607,1773518399999,54573722.40299,41424,13535.339,28104698.83965,0
1773518400000,2076.25,2087.40,2074.79,2084.59,81541.258,1773521999999,169758930.21369,76663,49573.386,103219304.43587,0
1773522000000,2084.60,2087.99,2080.18,2085.65,47599.054,1773525599999,99188107.73160,66751,23796.016,49590113.39626,0
1773525600000,2085.65,2087.21,2080.39,2083.48,35712.918,1773529199999,74437851.82447,57428,17827.158,37158588.43387,0
1773529200000,2083.49,2098.58,2082.90,2095.27,169793.240,1773532799999,355423582.03056,171411,93922.483,196590311.78738,0
1773532800000,2095.28,2095.76,2084.06,2086.83,85877.076,1773536399999,179468150.85656,118221,41457.017,86640678.91923,0
1773536400000,2086.82,2090.30,2081.59,2087.20,52554.164,1773539999999,109615798.02103,98267,26690.401,55671777.70908,0
1773540000000,2087.20,2107.00,2087.20,2100.82,184277.054,1773543599999,386569716.06062,237701,119204.369,250074019.64159,0
1773543600000,2100.81,2104.20,2092.33,2095.17,83145.025,1773547199999,174366591.23026,130138,34743.530,72859338.48232,0
1773547200000,2095.17,2103.58,2095.00,2103.58,63243.283,1773550799999,132803623.47230,118566,31898.870,66985598.24400,0
1773550800000,2103.58,2116.35,2100.88,2106.89,193782.965,1773554399999,408757678.63048,217713,105766.168,223118737.62616,0
1773554400000,2106.89,2110.32,2102.01,2106.81,61200.117,1773557999999,128891712.96654,93879,28680.565,60402308.95537,0
1773558000000,2106.82,2112.97,2102.56,2104.97,68884.348,1773561599999,145174053.67152,99659,34102.101,71876453.48463,0
1773561600000,2104.97,2112.29,2104.97,2111.81,58333.147,1773565199999,123029241.80080,94763,31053.832,65496115.40780,0
1773565200000,2111.81,2123.25,2111.70,2116.20,176204.211,1773568799999,373147005.08146,201333,99261.543,210221892.91522,0
1773568800000,2116.21,2120.57,2113.13,2117.87,59527.264,1773572399999,126049279.16434,90745,27468.253,58166828.91969,0
1773572400000,2117.86,2120.46,2113.67,2118.60,55928.534,1773575999999,118408254.39073,82388,24218.550,51276937.57830,0
1773576000000,2118.61,2118.96,2106.65,2108.64,103204.600,1773579599999,217945930.95420,113382,43358.878,91561402.56157,0
1773579600000,2108.64,2112.16,2085.10,2096.36,351882.962,1773583199999,737160867.37595,381074,166202.798,348156907.46401,0
1773583200000,2096.35,2098.30,2085.52,2096.04,115495.023,1773586799999,241608754.02366,146580,56003.147,117158462.30228,0
1773586800000,2096.05,2096.25,2088.91,2092.93,57742.935,1773590399999,120852378.14706,90737,29865.073,62507235.66408,0
1773590400000,2092.93,2097.94,2087.65,2090.59,87846.932,1773593999999,183821320.38754,127929,44925.151,94019872.99464,0
1773594000000,2090.60,2117.62,2090.05,2109.65,144964.084,1773597599999,305184693.08941,167858,85508.691,180017821.48333,0
1773597600000,2109.65,2112.83,2092.65,2098.05,130721.276,1773601199999,275058218.82047,177294,58708.012,123543414.71374,0
1773601200000,2098.06,2113.35,2095.16,2112.33,112055.991,1773604799999,236049873.22735,146318,62053.753,130726715.46546,0
1773604800000,2112.32,2139.00,2108.91,2128.00,230006.544,1773608399999,488814175.69871,267184,137396.103,292040584.55132,0
1773608400000,2128.01,2144.00,2122.40,2138.41,140204.061,1773611999999,299168838.26104,216871,76132.921,162491092.39212,0
1773612000000,2138.42,2192.15,2124.10,2183.73,656377.575,1773615599999,1418740094.93545,767877,384815.525,831853546.39370,0
1773615600000,2183.74,2202.87,2165.24,2177.73,624195.138,1773619199999,1364071656.42751,791247,323983.829,708261520.46460,0
1773619200000,2177.73,2186.90,2163.32,2170.39,190948.976,1773622799999,415351433.16020,361992,88744.636,193089811.33928,0
1773622800000,2170.40,2189.98,2163.56,2184.99,181944.904,1773626399999,396169110.07419,357321,100600.469,219080484.22535,0
1773626400000,2184.99,2188.45,2169.00,2179.63,147967.942,1773629999999,322209712.36701,259008,73202.876,159432447.28465,0
1773630000000,2179.63,2253.60,2176.37,2235.13,991553.409,1773633599999,2205840957.28869,978454,584330.582,1299970532.25949,0
1773633600000,2235.14,2279.97,2235.13,2262.25,683730.533,1773637199999,1542914366.75872,784755,358700.805,809612983.07036,0
1773637200000,2262.25,2288.00,2255.61,2279.41,496273.464,1773640799999,1126673422.38243,564703,266679.561,605627573.75535,0
1773640800000,2279.42,2280.78,2260.00,2261.01,245093.014,1773644399999,555347776.51846,312060,114552.624,259578217.82036,0
1773644400000,2261.01,2268.43,2244.68,2248.43,269076.966,1773647999999,607187882.88986,282072,121644.771,274543861.86356,0
1773648000000,2248.44,2258.37,2233.00,2242.60,270287.574,1773651599999,607197091.56136,382083,132466.196,297691895.29476,0
1773651600000,2242.60,2265.00,2238.37,2259.24,206733.743,1773655199999,465803513.01940,274088,116178.163,261763911.91404,0
1773655200000,2259.23,2277.88,2255.17,2277.12,306714.955,1773658799999,695126148.50919,353006,168714.762,382432697.72837,0
1773658800000,2277.12,2279.68,2264.80,2268.81,200661.269,1773662399999,455986317.02840,258642,103264.269,234674831.39282,0
1773662400000,2268.82,2302.99,2268.67,2278.19,696406.964,1773665999999,1592731971.15868,677819,387101.945,885532561.26979,0
1773666000000,2278.19,2308.00,2270.52,2287.56,658784.034,1773669599999,1508272795.53468,723914,359789.268,823922710.19330,0
1773669600000,2287.56,2303.96,2253.51,2286.84,704233.039,1773673199999,1604070570.94992,921406,361041.457,822750020.38322,0
1773673200000,2286.83,2298.50,2268.62,2272.42,312491.326,1773676799999,713818461.13243,550888,157621.524,360104584.92250,0
1773676800000,2272.41,2299.79,2268.62,2296.07,282094.589,1773680399999,644798274.06375,480264,158155.947,361495826.61617,0
1773680400000,2296.08,2321.46,2292.19,2313.44,409639.038,1773683999999,945570506.72805,542608,236287.118,545660684.18389,0
1773684000000,2313.44,2345.00,2312.67,2320.66,570963.210,1773687599999,1331453063.84488,653567,314314.412,732980658.12911,0
1773687600000,2320.65,2347.99,2317.15,2329.98,267631.126,1773691199999,624167827.11345,445680,133640.660,311718588.56442,0
1773691200000,2329.98,2346.85,2322.37,2344.11,142260.738,1773694799999,332146559.99148,246080,80983.307,189119823.19506,0
1773694800000,2344.11,2376.05,2342.38,2359.63,393485.890,1773698399999,927213767.39406,508387,218637.858,515380912.59799,0
1773698400000,2359.63,2385.78,2353.97,2356.69,304849.153,1773701999999,722059247.45827,455365,150866.960,357507377.13943,0
1773702000000,2356.69,2361.01,2328.85,2351.66,296528.674,1773705599999,695299231.51417,419282,137796.310,323161396.34353,0
1773705600000,2351.66,2377.00,2339.00,2356.55,453717.525,1773709199999,1070042788.08418,747167,252601.325,596133355.30134,0
1773709200000,2356.54,2375.94,2345.57,2359.83,319160.202,1773712799999,753460865.26124,608372,154874.587,365704927.99112,0
1773712800000,2359.83,2360.67,2343.39,2349.96,175292.870,1773716399999,412176896.19508,307951,83788.595,197023616.35275,0
1773716400000,2349.96,2354.85,2306.87,2319.11,561598.169,1773719999999,1304520265.36190,582714,274199.089,636819434.59563,0
1773720000000,2319.12,2329.00,2292.57,2310.27,428905.121,1773723599999,991958444.24349,484833,208405.670,482233600.20784,0
1773723600000,2310.27,2317.69,2296.67,2306.30,179559.702,1773727199999,414379290.79578,346839,82056.972,189394192.40546,0
1773727200000,2306.29,2324.54,2297.21,2314.25,193162.132,1773730799999,446713941.23754,339560,98556.455,227999437.88863,0
1773730800000,2314.26,2337.50,2314.21,2326.75,181336.733,1773734399999,422353758.99310,285742,98045.571,228371013.81898,0
1773734400000,2326.74,2334.73,2314.10,2319.52,171350.764,1773737999999,398216939.01542,312514,79299.749,184334549.00133,0
1773738000000,2319.52,2328.87,2305.00,2314.67,261142.338,1773741599999,604855320.62929,363114,125293.166,290259884.55537,0
1773741600000,2314.67,2315.99,2301.04,2311.87,166088.999,1773745199999,383696607.07313,278342,89476.085,206741608.77300,0
1773745200000,2311.87,2332.22,2310.56,2325.75,187098.981,1773748799999,435061767.75555,278450,101580.518,236218701.22884,0
1773748800000,2325.75,2334.43,2311.72,2314.63,185179.697,1773752399999,429925859.90065,334121,95367.410,221415532.46910,0
1773752400000,2314.62,2345.19,2312.31,2327.60,368883.221,1773755999999,859029254.26813,576269,184253.003,429073333.41025,0
1773756000000,2327.60,2347.82,2316.88,2342.33,271713.186,1773759599999,634687986.56247,579233,134167.628,313412226.71570,0
1773759600000,2342.34,2356.66,2303.00,2314.69,458417.061,1773763199999,1066083376.26562,700185,228154.343,530698606.96087,0
1773763200000,2314.68,2335.81,2311.07,2325.72,204472.356,1773766799999,475380974.02544,413459,101995.463,237125272.66933,0
1773766800000,2325.71,2341.83,2319.07,2338.93,143196.383,1773770399999,333959212.39271,290856,69885.297,162999356.59288,0
1773770400000,2338.93,2341.66,2327.01,2331.96,109652.947,1773773999999,256130407.60984,235201,49492.912,115607126.31371,0
1773774000000,2331.96,2338.99,2315.61,2319.10,122695.101,1773777599999,285508929.74390,219839,58885.711,137021799.20848,0
1773777600000,2319.09,2329.15,2316.26,2326.66,84197.153,1773781199999,195578187.32635,134098,44010.672,102236707.77015,0
1773781200000,2326.66,2345.00,2326.65,2337.16,97284.919,1773784799999,227384032.76335,142904,53200.847,124367220.85959,0
1773784800000,2337.16,2341.09,2317.20,2328.41,84841.134,1773788399999,197477206.07688,173069,43236.185,100642823.19052,0
1773788400000,2328.41,2332.15,2315.51,2316.45,86004.697,1773791999999,199841142.77026,146695,46499.631,108047426.37076,0
1773792000000,2316.45,2324.77,2305.60,2323.27,153864.583,1773795599999,356144030.83457,275298,75928.439,175790797.90669,0
1773795600000,2323.27,2334.15,2321.71,2323.81,110568.412,1773799199999,257335552.49055,208521,54668.173,127241749.03921,0
1773799200000,2323.82,2340.93,2323.30,2330.04,110257.130,1773802799999,257280318.57008,179935,58095.923,135563004.26117,0
1773802800000,2330.05,2349.99,2327.11,2339.60,190329.584,1773806399999,445289309.41795,239292,97854.334,228953286.23377,0
1773806400000,2339.61,2341.00,2325.12,2326.33,99591.689,1773809999999,232274459.70491,148243,43975.675,102554691.48740,0
1773810000000,2326.32,2329.99,2312.88,2317.52,174736.383,1773813599999,405726203.03339,191181,78689.431,182714132.73745,0
1773813600000,2317.53,2330.55,2317.13,2321.52,135748.766,1773817199999,315383592.57750,148147,74525.440,173139339.13444,0
1773817200000,2321.53,2322.45,2310.07,2316.60,113764.921,1773820799999,263490729.19856,149221,59481.144,137767210.23464,0
1773820800000,2316.60,2324.75,2316.09,2321.61,75006.225,1773824399999,174045162.53355,149670,40392.814,93725212.76907,0
1773824400000,2321.62,2332.98,2320.32,2328.12,98014.490,1773827999999,228163722.06609,143763,49699.634,115691490.42924,0
1773828000000,2328.12,2330.88,2305.08,2311.68,191917.993,1773831599999,444386739.42335,214824,89209.123,206584903.04684,0
1773831600000,2311.68,2318.43,2262.01,2268.10,871709.877,1773835199999,1989081676.24470,811736,385260.473,878859181.88046,0
1773835200000,2268.11,2269.74,2234.10,2236.48,676849.691,1773838799999,1522376026.13108,798403,331332.563,745234519.99637,0
1773838800000,2236.49,2243.87,2221.23,2234.66,505111.427,1773842399999,1128648509.88269,691066,251183.621,561316656.94138,0
1773842400000,2234.65,2236.19,2185.00,2189.10,772502.224,1773845999999,1706228920.59689,814817,357261.195,789344542.33959,0
1773846000000,2189.09,2194.98,2168.00,2186.25,726857.103,1773849599999,1586020258.27042,784307,353641.040,771770501.61185,0
1773849600000,2186.25,2190.00,2163.03,2180.00,373791.507,1773853199999,813742680.35097,500750,189620.763,412884141.69320,0
1773853200000,2180.01,2210.65,2175.83,2202.59,359420.871,1773856799999,789249485.04314,457735,203404.942,446769334.24504,0
1773856800000,2202.59,2219.00,2174.55,2180.26,479021.705,1773860399999,1053006989.15660,766695,231352.617,508823402.99068,0
1773860400000,2180.26,2196.15,2176.30,2184.91,173762.454,1773863999999,380107931.82921,347567,84780.236,185458676.38693,0
1773864000000,2184.90,2195.14,2150.70,2186.41,382310.938,1773867599999,830435209.08458,449180,192495.528,418287360.78506,0
1773867600000,2186.41,2205.90,2184.54,2201.55,127886.390,1773871199999,280881027.86679,192069,65354.601,143558561.87169,0
1773871200000,2201.55,2202.48,2185.59,2193.43,100605.204,1773874799999,220520700.80809,183340,47051.582,103115512.99719,0
1773874800000,2193.44,2205.90,2187.88,2201.95,121372.858,1773878399999,266734904.65191,217135,58136.202,127770452.93256,0
1773878400000,2201.96,2208.15,2189.41,2192.11,128020.583,1773881999999,281275927.37071,252889,61954.012,136129748.06466,0
1773882000000,2192.10,2200.89,2186.12,2195.69,96256.622,1773885599999,211162477.55597,214662,53202.040,116724052.57938,0
1773885600000,2195.70,2203.87,2187.58,2195.59,87466.988,1773889199999,192231862.40790,191428,47108.713,103537662.12720,0
1773889200000,2195.60,2232.64,2195.60,2210.87,361734.706,1773892799999,802130507.33176,411715,199844.888,443102441.83025,0
1773892800000,2210.86,2212.00,2188.59,2192.49,172452.755,1773896399999,379018700.46491,291476,80476.074,176884260.04519,0
1773896400000,2192.49,2197.56,2185.30,2188.01,100216.414,1773899999999,219505032.41454,199140,46905.438,102747221.29518,0
1773900000000,2188.01,2194.80,2176.61,2179.73,202254.388,1773903599999,441649047.08893,300270,89534.266,195559626.69451,0
1773903600000,2179.72,2181.51,2141.79,2165.27,655742.152,1773907199999,1417402529.43142,733775,287425.536,621301336.30621,0
1773907200000,2165.27,2169.96,2156.84,2159.64,182592.050,1773910799999,394762500.31826,358571,93040.311,201164000.20662,0
1773910800000,2159.63,2189.80,2159.43,2188.22,304665.209,1773914399999,663628340.46025,439363,174538.632,380200884.98956,0
1773914400000,2188.22,2191.99,2171.28,2171.72,142188.541,1773917999999,310054969.13120,222100,68563.530,149535391.23147,0
1773918000000,2171.73,2176.67,2164.55,2166.00,139041.585,1773921599999,301666682.40496,212283,70178.678,152262545.04846,0
1773921600000,2165.99,2166.58,2128.45,2131.34,482819.319,1773925199999,1036396483.64883,502309,213275.329,457826228.78243,0
1773925200000,2131.35,2142.47,2106.90,2136.67,756038.785,1773928799999,1607714361.77161,939835,366345.176,779337818.97476,0
1773928800000,2136.68,2146.50,2101.00,2120.60,524967.847,1773932399999,1112368946.26152,749397,265903.620,563506410.09787,0
1773932400000,2120.60,2135.89,2098.02,2117.62,449763.997,1773935999999,951875088.83968,687798,222523.259,471028469.35633,0
1773936000000,2117.63,2121.70,2105.28,2113.95,329547.826,1773939599999,696095511.83309,472902,161240.538,340593920.58070,0
1773939600000,2113.96,2130.98,2103.43,2126.09,231286.325,1773943199999,490045825.29796,380637,126501.561,268071434.92764,0
1773943200000,2126.09,2128.55,2113.01,2123.98,100790.734,1773946799999,213702412.91722,214050,51932.164,110098843.73887,0
1773946800000,2123.98,2155.90,2123.67,2139.99,376687.132,1773950399999,807274718.02451,597460,204975.321,439329834.30767,0
1773950400000,2139.99,2151.75,2138.18,2145.03,102671.384,1773953999999,220124564.60289,168521,45369.986,97274387.36359,0
1773954000000,2145.03,2154.43,2143.34,2148.68,91777.743,1773957599999,197193173.31657,149217,37719.662,81045834.04217,0
1773957600000,2148.68,2151.27,2131.13,2139.05,119076.124,1773961199999,254945123.10396,211301,46821.139,100237160.50033,0
1773961200000,2139.05,2146.36,2129.37,2136.56,94649.699,1773964799999,202355471.13250,203793,46219.521,98836809.95357,0
1773964800000,2136.56,2148.00,2133.35,2144.50,92451.144,1773968399999,198098970.76506,213110,47961.794,102784892.32717,0
1773968400000,2144.51,2159.67,2143.63,2149.76,133021.299,1773971999999,286344392.15256,253368,70524.449,151835912.00577,0
1773972000000,2149.76,2150.71,2131.07,2143.31,135866.488,1773975599999,290834414.33261,227511,61538.827,131744193.20320,0
1773975600000,2143.31,2156.00,2142.17,2150.20,94761.501,1773979199999,203742909.57800,184031,49911.175,107309072.54260,0
1773979200000,2150.20,2158.53,2138.01,2147.27,127562.668,1773982799999,273937023.94133,197624,64529.097,138591574.90280,0
1773982800000,2147.27,2151.69,2136.15,2139.33,104940.981,1773986399999,224938042.21984,176331,48785.761,104585812.30366,0
1773986400000,2139.32,2140.80,2130.42,2135.65,108137.558,1773989999999,230986029.10275,184731,51308.926,109610595.67693,0
1773990000000,2135.65,2152.60,2120.04,2149.30,281373.948,1773993599999,601524988.23460,330277,146899.762,314214325.20412,0
1773993600000,2149.30,2175.64,2145.13,2162.74,331691.870,1773997199999,717760400.44189,442462,183618.034,397337618.07038,0
1773997200000,2162.74,2162.91,2133.65,2140.18,241111.398,1774000799999,517399827.54624,369624,106771.380,229135107.52736,0
1774000800000,2140.18,2150.29,2130.23,2147.09,171332.754,1774004399999,366580713.33707,260842,89039.310,190542102.57087,0
1774004400000,2147.09,2157.67,2133.23,2140.37,184080.741,1774007999999,394884428.00184,243353,88201.252,189272181.33687,0
1774008000000,2140.36,2151.99,2133.92,2139.96,142561.527,1774011599999,305470660.79560,245267,75862.701,162578548.67959,0
1774011600000,2139.96,2152.00,2121.93,2126.27,356678.968,1774015199999,761343646.04129,574859,173355.368,370149970.32956,0
1774015200000,2126.26,2148.00,2114.20,2128.15,537858.479,1774018799999,1146114366.14620,735965,288430.418,614742413.83564,0
1774018800000,2128.15,2137.88,2119.11,2133.09,224351.734,1774022399999,477450308.00966,438575,109573.951,233277133.89621,0
1774022400000,2133.09,2144.00,2129.48,2136.32,147566.028,1774025999999,315315238.38676,299843,74069.169,158276302.08935,0
1774026000000,2136.33,2140.25,2118.31,2135.91,202766.731,1774029599999,431869887.51972,325938,102666.047,218736767.75634,0
1774029600000,2135.92,2136.71,2116.36,2122.39,181326.101,1774033199999,385479601.75622,338456,88262.757,187628080.59948,0
1774033200000,2122.40,2133.93,2116.28,2132.10,150155.849,1774036799999,319114084.58871,311267,74979.314,159365639.85006,0
1774036800000,2132.10,2135.99,2122.90,2132.10,106954.324,1774040399999,227802253.76906,157153,53218.525,113356430.11870,0
1774040400000,2132.09,2157.61,2129.59,2146.70,190853.808,1774043999999,409479376.20352,212713,104746.355,224694467.24250,0
1774044000000,2146.69,2167.53,2146.69,2153.52,144083.681,1774047599999,311051995.38468,208036,81304.695,175556001.89338,0
1774047600000,2153.52,2154.68,2141.89,2145.08,73684.071,1774051199999,158173326.52654,130021,33306.429,71490302.52723,0
1774051200000,2145.08,2155.78,2142.88,2152.46,75087.142,1774054799999,161430177.35665,128209,41624.036,89492504.93944,0
1774054800000,2152.46,2159.00,2146.00,2146.62,66852.349,1774058399999,143876625.99366,113743,30433.044,65508953.98281,0
1774058400000,2146.62,2155.54,2145.13,2154.08,43125.017,1774061999999,92736046.58783,85765,22983.149,49428505.34883,0
1774062000000,2154.08,2155.00,2149.77,2152.41,29634.750,1774065599999,63779215.26847,57025,14358.720,30903631.31760,0
1774065600000,2152.40,2157.41,2149.06,2150.82,61018.458,1774069199999,131378916.29257,82820,30174.620,64973251.43279,0
1774069200000,2150.82,2156.94,2150.81,2152.14,41392.494,1774072799999,89146108.58764,62961,20508.962,44170153.40884,0
1774072800000,2152.14,2155.25,2151.03,2154.60,31563.026,1774076399999,67963395.80536,49682,17088.535,36798389.39198,0
1774076400000,2154.59,2160.71,2152.42,2154.40,56779.440,1774079999999,122459970.88793,73760,27950.915,60287844.80712,0
1774080000000,2154.40,2156.17,2148.45,2153.00,61019.009,1774083599999,131314047.70422,71380,28042.192,60355199.11764,0
1774083600000,2153.00,2158.00,2152.73,2157.50,53850.331,1774087199999,116090623.39166,63737,27099.608,58421127.41476,0
1774087200000,2157.49,2158.16,2151.89,2153.19,47419.656,1774090799999,102157593.75987,58198,22924.794,49387935.87718,0
1774090800000,2153.19,2156.92,2151.78,2156.53,37734.952,1774094399999,81300110.67016,50059,23096.104,49761069.10754,0
1774094400000,2156.54,2159.86,2155.75,2156.97,51309.439,1774097999999,110708456.94081,63321,29234.637,63079980.48884,0
1774098000000,2156.96,2159.00,2153.83,2154.89,36546.352,1774101599999,78784495.56950,52807,17731.340,38225496.41225,0
1774101600000,2154.90,2168.00,2149.09,2151.08,162658.546,1774105199999,351191631.14095,181551,85412.974,184447471.87553,0
1774105200000,2151.08,2156.87,2145.00,2154.25,127940.903,1774108799999,275189630.14399,138567,60328.432,129770302.01355,0
1774108800000,2154.25,2154.61,2143.27,2145.61,83258.363,1774112399999,178920764.85399,107646,33705.222,72429992.57508,0
1774112400000,2145.60,2149.68,2140.15,2147.22,54925.151,1774115999999,117848954.03221,79641,27660.669,59361066.47853,0
1774116000000,2147.22,2154.66,2146.47,2150.10,50956.164,1774119599999,109619728.46660,64527,28789.737,61936291.11536,0
1774119600000,2150.11,2152.25,2148.07,2151.19,18769.311,1774123199999,40359157.67853,38521,9517.990,20467223.54964,0
1774123200000,2151.19,2155.75,2149.40,2154.57,51397.235,1774126799999,110679496.16171,59312,26765.999,57644055.71116,0
1774126800000,2154.57,2156.12,2151.10,2152.67,28353.910,1774130399999,61068810.32848,46370,14331.952,30868809.98065,0
1774130400000,2152.66,2152.69,2148.24,2148.77,30030.645,1774133999999,64573350.07318,50335,13206.135,28397772.10083,0
1774134000000,2148.78,2148.99,2068.78,2083.37,586445.903,1774137599999,1234655820.35288,631534,235152.219,494699492.77107,0
1774137600000,2083.37,2094.00,2045.57,2086.25,598103.935,1774141199999,1238827821.34252,899770,291868.875,604968053.95992,0
1774141200000,2086.25,2093.10,2080.55,2089.99,147864.534,1774144799999,308640181.98907,265019,73297.455,153016409.30074,0
1774144800000,2089.99,2108.68,2086.60,2101.15,171769.690,1774148399999,360505960.11919,261884,89805.015,188495663.67176,0
1774148400000,2101.16,2126.38,2096.98,2112.84,208578.162,1774151999999,441029991.62482,312938,116340.898,245999324.04152,0
1774152000000,2112.83,2122.16,2105.22,2118.39,179646.951,1774155599999,379991463.15808,259461,100899.128,213447673.49223,0
1774155600000,2118.39,2120.00,2111.36,2112.01,97740.764,1774159199999,206788665.33270,150051,52046.736,110124547.26843,0
1774159200000,2112.02,2112.59,2106.50,2107.58,76199.774,1774162799999,160724756.90785,126055,37059.987,78172037.66358,0
1774162800000,2107.57,2111.28,2091.39,2092.82,164555.287,1774166399999,345708299.00857,200583,64554.106,135664905.22994,0
1774166400000,2092.82,2095.00,2072.78,2085.29,319960.994,1774169999999,666731112.98963,421362,140818.849,293461626.31840,0
1774170000000,2085.28,2096.73,2078.03,2083.82,139591.788,1774173599999,291137099.95962,197825,71064.514,148231503.72657,0
1774173600000,2083.82,2085.90,2075.78,2080.13,72169.219,1774177199999,150141506.03284,124733,33363.869,69422521.06044,0
1774177200000,2080.12,2082.84,2065.21,2068.97,172972.332,1774180799999,358598083.41447,247637,82536.364,171126535.12271,0
1774180800000,2068.96,2087.30,2066.87,2081.38,178681.394,1774184399999,371313610.40543,241136,101607.920,211169908.24658,0
1774184400000,2081.38,2092.60,2070.83,2077.58,167062.810,1774187999999,347905084.07081,226037,87904.621,183107137.36857,0
1774188000000,2077.58,2084.31,2070.47,2076.98,109558.740,1774191599999,227680263.50330,168766,55546.850,115452928.74715,0
1774191600000,2076.97,2083.50,2074.58,2081.96,90044.670,1774195199999,187222738.18940,143229,48428.815,100694980.90692,0
1774195200000,2081.97,2083.56,2076.60,2080.96,58679.586,1774198799999,122062473.51005,105792,29553.810,61477304.09040,0
1774198800000,2080.96,2083.48,2076.18,2078.46,48369.673,1774202399999,100623975.43604,97505,24221.466,50387271.40740,0
1774202400000,2078.46,2079.54,2054.29,2070.94,171307.229,1774205999999,354042449.10916,232447,78671.288,162602764.33586,0
1774206000000,2070.93,2071.88,2053.01,2062.00,134263.178,1774209599999,276702807.43142,227182,62954.696,129758781.91674,0
1774209600000,2062.00,2071.31,2054.73,2057.56,95643.006,1774213199999,197290461.59956,166736,49556.143,102251232.48113,0
1774213200000,2057.55,2059.55,2024.11,2044.83,407089.490,1774216799999,829966236.93083,529255,196305.475,400325886.90372,0
1774216800000,2044.83,2064.84,2031.14,2061.73,233540.645,1774220399999,478890911.97132,431465,126384.280,259187455.87280,0
1774220400000,2061.74,2074.71,2050.01,2052.85,170972.447,1774223999999,352543642.89672,286762,86511.122,178462776.53434,0
1774224000000,2052.86,2062.22,2034.38,2042.51,237689.047,1774227599999,486743445.50535,459865,120265.027,246371348.41782,0
1774227600000,2042.51,2061.75,2038.40,2046.62,150855.009,1774231199999,309704206.36441,337198,80579.331,165421063.52749,0
1774231200000,2046.63,2070.83,2045.55,2062.35,189359.860,1774234799999,389789577.80507,321657,115656.529,238072350.67736,0
1774234800000,2062.35,2071.92,2050.64,2051.55,105153.818,1774238399999,216570199.89769,229276,52488.193,108130737.05028,0
1774238400000,2051.55,2066.00,2049.54,2064.72,95688.605,1774241999999,196765387.36297,198502,47748.483,98230570.26171,0
1774242000000,2064.71,2071.30,2059.62,2068.28,135910.505,1774245599999,280798321.30239,246468,72640.549,150103632.29532,0
1774245600000,2068.27,2068.27,2026.59,2036.20,335242.567,1774249199999,684538733.63595,453804,153116.294,312621398.17273,0
1774249200000,2036.20,2049.34,2021.58,2043.65,269882.237,1774252799999,549515808.93615,485446,133097.900,271097048.29716,0
1774252800000,2043.65,2058.45,2042.30,2046.85,161903.927,1774256399999,332128215.30427,333452,85799.757,176016237.63588,0
1774256400000,2046.85,2048.08,2027.57,2042.63,201602.830,1774259999999,410773507.88460,297527,92815.264,189156355.37257,0
1774260000000,2042.63,2053.30,2039.13,2047.83,144610.331,1774263599999,295832420.36114,235221,84884.533,173650648.96866,0
1774263600000,2047.84,2199.00,2047.84,2133.89,2331140.717,1774267199999,5010257488.05219,2510206,1265195.998,2716432975.52915,0
1774267200000,2133.90,2147.38,2105.39,2143.00,785428.735,1774270799999,1669131683.22156,1057594,362159.952,769917772.14422,0
1774270800000,2143.00,2188.77,2139.06,2184.74,636024.952,1774274399999,1376866227.77170,1049779,365262.195,791221609.39404,0
1774274400000,2184.74,2192.54,2168.00,2180.37,447210.211,1774277999999,975133800.26136,791134,232525.708,507136910.30148,0
1774278000000,2180.37,2187.70,2123.04,2127.55,562456.193,1774281599999,1210569196.00709,738286,248135.113,534108331.60292,0
1774281600000,2127.54,2141.55,2116.00,2134.82,525471.479,1774285199999,1118809796.83605,782352,241449.545,514201621.06439,0
1774285200000,2134.82,2157.98,2123.13,2151.45,253333.554,1774288799999,542864199.61040,488225,129758.347,278165551.67934,0
1774288800000,2151.45,2171.30,2144.13,2167.68,250995.640,1774292399999,541498349.17700,413803,135043.907,291500577.87185,0
1774292400000,2167.68,2179.00,2148.66,2153.37,190016.091,1774295999999,411195355.63418,320201,96229.613,208320987.09928,0
1774296000000,2153.36,2165.87,2149.49,2160.51,75906.311,1774299599999,163847352.66030,133979,40117.594,86596152.14499,0
1774299600000,2160.52,2162.75,2153.52,2156.96,48597.200,1774303199999,104883121.68393,85926,26097.530,56323103.07689,0
1774303200000,2156.96,2158.74,2142.51,2151.61,78680.826,1774306799999,169102376.78280,173327,36677.485,78835820.41536,0
1774306800000,2151.60,2154.58,2139.06,2151.01,80348.653,1774310399999,172482974.27660,190718,41020.881,88078097.43634,0
1774310400000,2151.00,2155.36,2127.62,2142.00,187200.506,1774313999999,400873137.93335,349866,89358.723,191426888.93338,0
1774314000000,2142.00,2148.87,2122.78,2136.58,167419.431,1774317599999,357578155.50372,335066,78420.766,167528088.98788,0
1774317600000,2136.58,2144.96,2131.11,2134.87,88593.388,1774321199999,189340190.30532,238407,45223.963,96659474.34270,0
1774321200000,2134.87,2142.56,2129.41,2140.40,92262.474,1774324799999,197077146.28067,182570,47157.871,100744429.46556,0
1774324800000,2140.41,2152.49,2130.70,2135.22,117002.719,1774328399999,250423598.22611,213800,59659.229,127705486.97265,0
1774328400000,2135.23,2137.73,2127.82,2132.81,112204.333,1774331999999,239197627.01099,209429,56755.828,121002885.78169,0
1774332000000,2132.81,2145.41,2130.67,2144.21,105347.056,1774335599999,225384648.35111,173611,60643.464,129746101.59445,0
1774335600000,2144.20,2169.90,2143.00,2164.33,331928.725,1774339199999,716240306.32238,416505,184124.181,397321920.14749,0
1774339200000,2164.34,2166.50,2151.05,2153.88,158419.034,1774342799999,341974382.82349,277019,80889.433,174616199.06609,0
1774342800000,2153.87,2166.20,2146.01,2163.68,154258.937,1774346399999,332531283.40387,219725,75554.797,162897706.08831,0
1774346400000,2163.68,2163.77,2154.00,2160.26,86071.361,1774349999999,185829238.55286,165602,41767.138,90180041.97798,0
1774350000000,2160.26,2174.71,2150.63,2164.75,231796.155,1774353599999,501574376.41924,322545,118040.756,255472132.55295,0
1774353600000,2164.74,2169.37,2157.50,2161.39,128078.690,1774357199999,276950921.96107,219201,64305.045,139056231.66010,0
1774357200000,2161.39,2164.75,2129.00,2137.34,443396.549,1774360799999,950657769.67474,682241,206763.746,443334966.00938,0
1774360800000,2137.34,2147.48,2117.71,2133.15,451874.732,1774364399999,963388000.13429,779228,227356.531,484854180.28288,0
1774364400000,2133.15,2146.55,2130.06,2134.13,220225.294,1774367999999,470792270.48309,434924,107489.351,229807792.94467,0
1774368000000,2134.13,2139.88,2120.00,2126.60,221317.523,1774371599999,471264014.87881,365070,114150.918,243093305.67766,0
1774371600000,2126.59,2128.09,2102.00,2108.38,399023.422,1774375199999,842670650.70990,533206,183075.909,386633156.91175,0
1774375200000,2108.38,2127.62,2103.52,2118.05,219472.769,1774378799999,464325092.79984,327498,118657.765,251054302.40607,0
1774378800000,2118.05,2127.19,2113.23,2115.96,99074.916,1774382399999,210022395.49593,190650,46335.092,98237917.49351,0
1774382400000,2115.96,2154.36,2114.70,2147.63,345529.417,1774385999999,740114116.34396,484301,186296.985,398988687.03799,0
1774386000000,2147.63,2150.96,2139.01,2147.84,100745.395,1774389599999,216091388.26963,167012,49505.178,106204932.27958,0
1774389600000,2147.84,2154.99,2139.11,2144.25,111538.380,1774393199999,239462086.30466,206379,53695.196,115299417.71954,0
1774393200000,2144.25,2162.90,2141.66,2155.29,138612.890,1774396799999,298897989.79452,208741,74552.398,160744064.76905,0
1774396800000,2155.30,2168.00,2142.66,2160.64,184969.582,1774400399999,399114159.25328,266811,89231.951,192660444.89814,0
1774400400000,2160.64,2166.08,2155.50,2155.50,98373.070,1774403999999,212494744.62186,192002,45672.460,98661175.77623,0
1774404000000,2155.51,2160.60,2152.34,2154.58,89765.608,1774407599999,193514846.93472,160882,46576.649,100410349.06311,0
1774407600000,2154.58,2159.88,2145.12,2157.50,128597.518,1774411199999,276822489.59617,163445,62340.307,134234908.68466,0
1774411200000,2157.49,2167.09,2155.57,2165.22,93910.378,1774414799999,202959066.87168,130765,52263.615,112967007.23555,0
1774414800000,2165.23,2179.72,2163.32,2167.78,216750.681,1774418399999,470740880.23623,241992,112044.747,243354329.93855,0
1774418400000,2167.78,2172.00,2161.58,2162.46,119123.834,1774421999999,258144662.19931,154043,55635.593,120579024.00551,0
1774422000000,2162.46,2176.66,2158.15,2163.70,141570.341,1774425599999,306700960.62503,169037,76333.427,165354897.01676,0
1774425600000,2163.71,2189.99,2163.03,2175.31,288745.255,1774429199999,629165824.27856,337820,157884.525,344067843.86974,0
1774429200000,2175.31,2188.00,2173.78,2185.25,152129.864,1774432799999,331732627.92310,188785,76668.403,167217465.91990,0
1774432800000,2185.25,2187.51,2180.00,2184.02,116122.339,1774436399999,253610294.29124,164319,52265.510,114150290.71244,0
1774436400000,2184.02,2200.11,2177.07,2185.01,348336.077,1774439999999,762866994.34733,351191,171454.132,375529263.95032,0
1774440000000,2185.01,2194.29,2163.33,2182.26,475493.426,1774443599999,1035311434.56610,536467,224437.213,488715834.85178,0
1774443600000,2182.27,2197.30,2178.20,2183.30,264735.634,1774447199999,579210654.18664,466162,132967.476,290952452.10017,0
1774447200000,2183.31,2187.17,2172.06,2173.13,207866.811,1774450799999,452916846.96866,427972,98670.902,215002128.70869,0
1774450800000,2173.14,2176.00,2145.59,2161.67,397346.478,1774454399999,858085135.55155,540012,185675.275,401001619.84119,0
1774454400000,2161.68,2187.63,2155.08,2173.00,315478.203,1774457999999,685128365.98783,432808,170955.728,371314537.74275,0
1774458000000,2173.01,2175.55,2159.19,2163.09,125917.447,1774461599999,272809094.28272,269723,63460.829,137499206.47950,0
1774461600000,2163.08,2172.72,2156.46,2161.50,99480.089,1774465199999,215460912.29319,195915,51587.987,111742727.75019,0
1774465200000,2161.50,2176.33,2158.57,2171.73,107353.814,1774468799999,232709511.44450,201784,61745.230,133823810.66922,0
1774468800000,2171.73,2172.10,2158.01,2165.77,61984.272,1774472399999,134095976.60915,96865,28989.496,62723784.32949,0
1774472400000,2165.78,2168.75,2160.04,2163.01,44867.337,1774475999999,97099032.51331,71919,22132.762,47905424.09457,0
1774476000000,2163.00,2184.99,2160.63,2173.29,116225.144,1774479599999,252504839.06644,181835,66411.863,144297015.28147,0
1774479600000,2173.29,2176.36,2163.63,2168.00,72350.852,1774483199999,156983414.60068,123400,34638.877,75154854.71309,0
1774483200000,2168.00,2171.32,2161.21,2165.23,82764.894,1774486799999,179313368.52028,147293,46098.656,99879737.56656,0
1774486800000,2165.23,2168.40,2158.89,2163.70,80463.969,1774490399999,174089565.08047,143803,39375.747,85194291.05556,0
1774490400000,2163.70,2164.80,2142.15,2149.06,203806.127,1774493999999,438417760.55586,245068,96593.536,207742347.37132,0
1774494000000,2149.05,2154.90,2143.73,2152.15,104283.217,1774497599999,224094158.55343,154360,51599.085,110893330.89077,0
1774497600000,2152.15,2153.52,2146.55,2148.45,64312.573,1774501199999,138305627.79400,92493,29559.110,63566159.76815,0
1774501200000,2148.44,2149.91,2111.67,2118.63,486293.386,1774504799999,1035331776.22631,432733,199624.862,424976672.72764,0
1774504800000,2118.63,2123.88,2110.72,2120.70,190829.220,1774508399999,404283519.69125,227412,99299.498,210384025.16224,0
1774508400000,2120.71,2123.66,2112.00,2122.37,135744.753,1774511999999,287599923.49359,185398,67864.420,143805645.83813,0
1774512000000,2122.36,2126.24,2113.00,2118.61,136320.341,1774515599999,288666266.68153,202191,66667.201,141195220.01457,0
1774515600000,2118.61,2120.89,2073.00,2081.29,612128.371,1774519199999,1278853014.30314,512005,256457.750,535491374.97925,0
1774519200000,2081.29,2082.39,2070.60,2077.38,212962.880,1774522799999,442373739.64543,258687,108150.403,224661858.81613,0
1774522800000,2077.38,2080.32,2061.00,2067.33,266141.239,1774526399999,550667436.50039,286213,125458.175,259618869.51275,0
1774526400000,2067.34,2074.30,2064.57,2072.13,148024.681,1774529999999,306367585.78317,202465,73296.002,151724748.90596,0
1774530000000,2072.13,2093.64,2068.13,2080.07,428217.385,1774533599999,891497563.14752,502286,233684.553,486615650.09849,0
1774533600000,2080.08,2084.85,2066.00,2075.05,245028.962,1774537199999,508676608.88537,437588,128937.990,267741442.56817,0
1774537200000,2075.04,2077.12,2050.54,2069.43,392503.857,1774540799999,810236974.42389,499742,196775.747,406305296.18389,0
1774540800000,2069.43,2070.00,2058.61,2060.12,127490.223,1774544399999,263244747.27954,241205,65248.849,134737332.53703,0
1774544400000,2060.11,2070.00,2042.43,2048.22,228079.875,1774547999999,468921162.81879,273919,105604.703,217230331.59896,0
1774548000000,2048.22,2054.91,2033.22,2045.82,319219.306,1774551599999,652142435.29643,417173,152969.375,312562602.53852,0
1774551600000,2045.82,2053.00,2038.19,2047.86,163518.578,1774555199999,334586142.21270,210457,84746.456,173426461.50220,0
1774555200000,2047.85,2080.25,2045.17,2063.83,465012.760,1774558799999,962636762.79980,445916,263864.417,546254419.89357,0
1774558800000,2063.83,2077.99,2058.81,2067.08,136165.748,1774562399999,281641752.69317,158036,68914.474,142575010.61493,0
1774562400000,2067.08,2072.06,2053.40,2064.67,120740.271,1774565999999,249064270.62483,207131,52576.998,108457874.88083,0
1774566000000,2064.66,2068.63,2054.54,2059.17,95861.835,1774569599999,197495310.73499,154540,41182.331,84863769.90995,0
1774569600000,2059.18,2066.73,2055.50,2064.11,98699.583,1774573199999,203464029.72451,204009,51193.754,105526135.96516,0
1774573200000,2064.10,2073.84,2062.03,2073.18,89821.727,1774576799999,185851044.83645,179891,45369.764,93881897.35364,0
1774576800000,2073.19,2076.43,2065.77,2067.12,81434.003,1774580399999,168710278.26811,144694,40242.812,83384226.08546,0
1774580400000,2067.11,2068.00,2058.06,2060.45,84974.442,1774583999999,175186045.79794,137894,40124.012,82720280.38871,0
1774584000000,2060.44,2060.99,2041.32,2052.13,261249.067,1774587599999,535290285.69100,245807,124160.420,254404182.59430,0
1774587600000,2052.12,2065.58,2050.91,2060.18,102683.384,1774591199999,211396061.40218,178407,55911.592,115103940.52380,0
1774591200000,2060.18,2067.11,2057.32,2061.40,83849.646,1774594799999,172972970.47016,135824,37824.646,78036583.40857,0
1774594800000,2061.40,2071.59,2058.77,2064.95,165318.422,1774598399999,341635305.65842,205695,90105.090,186195753.43237,0
1774598400000,2064.94,2068.60,2032.10,2046.50,395149.178,1774601999999,808930915.14424,439771,193263.207,395610220.83429,0
1774602000000,2046.51,2051.11,2033.04,2039.89,178501.161,1774605599999,364720768.41841,237856,81664.509,166905131.67376,0
1774605600000,2039.90,2043.72,1981.35,1989.70,771981.863,1774609199999,1550412828.75521,698392,311868.526,626221579.62283,0
1774609200000,1989.69,1997.04,1980.28,1990.24,309886.841,1774612799999,617079860.30850,397556,158710.580,316065142.91569,0
1774612800000,1990.24,1992.13,1980.23,1987.71,221427.624,1774616399999,439903540.60024,274532,112843.861,224195300.77554,0
1774616400000,1987.71,1995.90,1966.20,1977.94,423533.930,1774619999999,839639596.25335,558602,203315.028,403173696.74177,0
1774620000000,1977.94,1988.71,1970.40,1988.15,345069.888,1774623599999,683266415.25407,507720,171258.696,339092603.46817,0
1774623600000,1988.15,2009.46,1982.11,1990.12,448212.997,1774627199999,894266091.51124,487705,226333.405,451682640.57498,0
1774627200000,1990.11,1991.66,1979.00,1985.89,234040.337,1774630799999,464515844.58503,365331,119871.046,237940988.08347,0
1774630800000,1985.89,1996.88,1974.00,1976.49,198299.252,1774634399999,393346459.60110,309910,99123.977,196649027.88901,0
1774634400000,1976.50,1985.80,1973.37,1983.23,121189.061,1774637999999,239990356.03356,254530,64569.240,127870548.54641,0
1774638000000,1983.23,1996.55,1977.60,1990.28,143426.492,1774641599999,285277555.57643,245260,74580.257,148348350.17646,0
1774641600000,1990.28,1995.37,1978.09,1985.06,110672.721,1774645199999,219674832.12521,152927,49438.896,98143488.74924,0
1774645200000,1985.07,1990.43,1983.32,1984.70,39369.022,1774648799999,78224424.74758,80206,18894.771,37543483.38135,0
1774648800000,1984.71,1986.30,1980.64,1984.40,33430.662,1774652399999,66319931.94936,74678,18453.460,36608636.24088,0
1774652400000,1984.39,1992.92,1977.90,1991.58,81101.014,1774655999999,161088365.01900,108816,39108.095,77703677.92515,0
1774656000000,1991.57,1994.30,1988.39,1991.51,50658.896,1774659599999,100878988.58860,100050,23568.913,46938234.25667,0
1774659600000,1991.51,1991.75,1983.48,1989.22,59701.215,1774663199999,118642249.23914,114797,27919.606,55481904.79133,0
1774663200000,1989.21,1992.80,1981.52,1986.22,68204.219,1774666799999,135471809.10080,104682,32078.940,63719803.10712,0
1774666800000,1986.21,1990.20,1985.66,1987.95,37557.964,1774670399999,74668760.00661,64799,19029.788,37833225.76217,0
1774670400000,1987.95,1991.37,1986.00,1989.59,37154.678,1774673999999,73906285.39805,61741,18320.084,36441077.29551,0
1774674000000,1989.60,1993.95,1986.87,1993.04,60330.096,1774677599999,120126431.10048,80308,32225.224,64169148.89238,0
1774677600000,1993.04,2006.09,1992.09,1999.86,155559.951,1774681199999,311230675.56035,146971,79799.864,159647189.46521,0
1774681200000,1999.86,2007.63,1999.43,2005.94,70484.210,1774684799999,141241575.76444,85252,38928.936,78014601.48958,0
1774684800000,2005.95,2007.46,1997.05,1998.19,80931.269,1774688399999,162035746.86338,92670,36413.817,72914882.47146,0
1774688400000,1998.20,1999.00,1994.48,1998.47,68497.819,1774691999999,136746186.33824,80763,27886.715,55677450.49081,0
1774692000000,1998.48,2003.72,1991.20,1995.68,100744.629,1774695599999,201119704.27588,107247,48840.173,97515168.08150,0
1774695600000,1995.68,1999.63,1994.53,1996.41,45018.313,1774699199999,89884955.37061,53449,22719.367,45361693.62208,0
1774699200000,1996.41,2003.48,1991.23,1998.75,118127.025,1774702799999,235962916.83700,121800,59772.548,119408803.37672,0
1774702800000,1998.75,2049.36,1998.47,2025.50,496070.992,1774706399999,1003324256.15821,383085,281709.540,569651856.24007,0
1774706400000,2025.49,2028.34,2015.20,2019.75,173856.213,1774709999999,351496522.22346,224320,81075.414,163942315.57911,0
1774710000000,2019.75,2038.81,2017.43,2025.79,234435.081,1774713599999,475608839.53624,261778,118523.483,240497871.95529,0
1774713600000,2025.80,2028.97,2020.01,2023.48,82709.044,1774717199999,167501744.66987,116300,40699.893,82429288.89994,0
1774717200000,2023.48,2026.15,2014.57,2019.85,85580.824,1774720799999,172885634.36186,109483,39161.279,79122786.72286,0
1774720800000,2019.85,2023.99,2019.27,2020.55,33569.231,1774724399999,67865533.81280,52527,16853.094,34073204.87562,0
1774724400000,2020.56,2021.63,2016.09,2019.52,27229.069,1774727999999,54969734.85742,47710,12842.471,25926525.15506,0
1774728000000,2019.52,2025.42,2019.52,2023.49,42176.014,1774731599999,85338563.92033,61915,21294.917,43088136.67870,0
1774731600000,2023.48,2024.58,2005.81,2008.63,80688.887,1774735199999,162475704.36917,104847,26815.583,54009505.19582,0
1774735200000,2008.62,2012.77,2004.01,2010.92,59256.871,1774738799999,119049736.16926,97057,31540.500,63372035.88272,0
1774738800000,2010.93,2010.93,1988.16,1993.48,208513.418,1774742399999,416222593.79545,211105,97256.012,194192134.47499,0
1774742400000,1993.48,1999.46,1990.53,1998.01,83013.676,1774745999999,165594527.16539,119544,45029.439,89836630.92056,0
1774746000000,1998.01,2006.86,1996.50,2003.97,90871.862,1774749599999,181933733.97632,129627,49054.829,98220004.81872,0
1774749600000,2003.98,2009.82,2001.33,2008.19,75034.093,1774753199999,150495276.75434,88945,34821.000,69842243.54799,0
1774753200000,2008.19,2019.00,2005.94,2010.14,111018.780,1774756799999,223432868.63418,126268,55521.020,111765066.86499,0
1774756800000,2010.14,2011.89,2002.80,2004.96,50781.077,1774760399999,101902365.60292,79490,20964.051,42071461.22576,0
1774760400000,2004.96,2006.31,1996.26,2004.13,85005.365,1774763999999,170106027.66397,117066,41475.111,83003009.85846,0
1774764000000,2004.13,2007.45,1998.76,2003.59,48855.732,1774767599999,97858132.96546,78761,21631.307,43328213.17673,0
1774767600000,2003.60,2009.48,1999.00,2005.00,46118.036,1774771199999,92376895.47376,74782,23029.399,46135387.93453,0
1774771200000,2005.00,2006.50,2001.49,2003.20,29350.144,1774774799999,58807825.16876,53696,13682.071,27415487.53183,0
1774774800000,2003.20,2004.50,1993.59,1998.06,88473.225,1774778399999,176844790.54323,101239,33997.772,67962901.32192,0
1774778400000,1998.06,1998.06,1990.40,1994.89,87776.751,1774781999999,175055227.57183,111833,38373.226,76529929.02623,0
1774782000000,1994.88,2007.29,1993.86,2002.65,95157.716,1774785599999,190547469.25955,130303,52743.745,105610247.97961,0
1774785600000,2002.65,2003.98,1996.23,2000.64,47882.911,1774789199999,95790889.51044,77289,21750.980,43515135.36179,0
1774789200000,2000.64,2001.09,1982.21,1986.12,222816.285,1774792799999,443015765.38714,227008,92627.064,184173786.22173,0
1774792800000,1986.12,2001.53,1982.83,1993.13,148842.636,1774796399999,296514342.58369,176567,83387.762,166134344.51225,0
1774796400000,1993.12,1998.85,1985.47,1991.80,114479.802,1774799999999,228014809.38053,172534,56968.895,113490754.16962,0
1774800000000,1991.80,2003.20,1990.88,1996.74,97835.844,1774803599999,195484615.40173,138211,51679.986,103264152.43464,0
1774803600000,1996.73,1999.33,1986.50,1994.29,85982.807,1774807199999,171306436.59162,134060,39691.967,79071680.27980,0
1774807200000,1994.30,2001.00,1990.39,1996.48,64693.471,1774810799999,129115092.98962,92299,30329.830,60532706.14041,0
1774810800000,1996.47,1999.50,1993.34,1995.04,31371.877,1774814399999,62625309.59981,56571,16169.703,32277938.60295,0
1774814400000,1995.05,2008.99,1994.79,2001.57,78460.275,1774817999999,157127346.99997,100931,44611.043,89341286.03204,0
1774818000000,2001.57,2006.85,2000.40,2005.31,47287.978,1774821599999,94759729.32713,68912,23553.681,47198709.16457,0
1774821600000,2005.32,2005.42,1936.54,1972.83,671644.100,1774825199999,1319958592.97105,691084,285958.439,561659942.48136,0
1774825200000,1972.83,1993.80,1972.27,1983.44,329758.772,1774828799999,654121907.42237,527169,167893.871,333049984.14398,0
1774828800000,1983.45,2023.28,1978.70,1996.43,417147.910,1774832399999,835916998.05287,638427,226953.917,454887583.15708,0
1774832400000,1996.43,2015.60,1996.09,2009.62,158282.853,1774835999999,317625523.25022,332382,87741.522,176046206.56453,0
1774836000000,2009.63,2043.26,2006.50,2028.88,402913.288,1774839599999,816426977.60268,452055,236984.245,480316065.15369,0
1774839600000,2028.88,2041.00,2026.24,2034.97,152978.290,1774843199999,311039804.76317,252450,80873.714,164430858.58671,0
1774843200000,2034.97,2051.84,2034.97,2047.26,218669.606,1774846799999,447161050.50942,299205,123784.554,253161216.23184,0
1774846800000,2047.25,2058.27,2043.16,2046.82,208221.665,1774850399999,427188254.91531,278299,99992.515,205197107.64932,0
1774850400000,2046.83,2051.17,2040.08,2041.50,129797.094,1774853999999,265486743.37585,180408,60305.681,123362224.04659,0
1774854000000,2041.50,2067.78,2040.50,2058.70,236228.617,1774857599999,485212662.89209,256621,139537.362,286685722.62066,0
1774857600000,2058.69,2075.00,2057.29,2061.41,226879.849,1774861199999,468337133.24197,296482,125966.158,260096930.67213,0
1774861200000,2061.42,2062.30,2052.92,2054.26,114646.433,1774864799999,235872419.35758,148320,55174.108,113509753.02116,0
1774864800000,2054.26,2057.81,2046.40,2057.10,106014.829,1774868399999,217643892.54449,137985,52304.243,107385376.23208,0
1774868400000,2057.10,2086.99,2056.83,2070.40,321781.501,1774871999999,665617963.49331,345359,176017.342,364261533.16275,0
1774872000000,2070.40,2078.01,2068.04,2073.72,134138.138,1774875599999,278032379.86903,165846,63284.922,131181422.93577,0
1774875600000,2073.72,2084.82,2056.77,2059.96,347321.158,1774879199999,719106618.04548,373282,158660.290,328658543.69741,0
1774879200000,2059.95,2075.48,2042.88,2070.52,415877.667,1774882799999,855566413.32867,575047,217559.929,447801343.98755,0
1774882800000,2070.53,2078.78,2060.68,2073.40,226449.899,1774886399999,468967830.20126,386555,110481.934,228824104.01560,0
1774886400000,2073.39,2074.00,2057.24,2065.07,141257.344,1774889999999,291633089.24137,239390,63862.056,131843859.26881,0
1774890000000,2065.07,2071.47,2030.30,2040.67,378942.546,1774893599999,774798001.12778,402966,179132.107,366193008.72567,0
1774893600000,2040.66,2043.18,2026.53,2031.55,219081.887,1774897199999,445823639.16287,268667,103485.738,210644436.03995,0
1774897200000,2031.54,2031.76,2012.14,2022.69,279102.440,1774900799999,563642902.03544,320620,145213.371,293240307.05483,0
1774900800000,2022.69,2026.80,2019.84,2022.27,94807.558,1774904399999,191834836.88590,118426,49085.678,99329213.01353,0
1774904400000,2022.27,2049.21,2020.00,2034.82,252606.848,1774907999999,514929419.35251,218667,141131.661,287586090.20981,0
1774908000000,2034.82,2043.55,2028.45,2032.22,92208.663,1774911599999,187638605.30892,128732,47487.167,96632226.23358,0
1774911600000,2032.22,2032.25,2012.59,2025.69,182618.885,1774915199999,368923588.75705,205547,89666.440,181149558.15251,0
1774915200000,2025.69,2040.71,2015.25,2035.78,226176.897,1774918799999,458489723.09528,357506,120262.086,243819394.27267,0
1774918800000,2035.78,2093.00,2031.08,2072.20,562352.817,1774922399999,1162753548.53449,653016,307229.342,635442672.84477,0
1774922400000,2072.20,2082.50,2066.47,2072.08,136195.911,1774925999999,282584003.80092,235224,63794.337,132365041.38096,0
1774926000000,2072.08,2075.89,2061.00,2065.92,114451.160,1774929599999,236553900.10597,183226,56310.939,116385588.26246,0
1774929600000,2065.91,2071.42,2056.00,2059.91,129123.245,1774933199999,266328607.84755,201601,61074.221,126003130.35290,0
1774933200000,2059.90,2068.38,2053.74,2063.39,107401.904,1774936799999,221431162.66820,193460,56585.931,116685556.72851,0
1774936800000,2063.39,2064.00,2053.88,2061.29,98256.860,1774940399999,202229892.17240,160068,45572.102,93799422.77816,0
1774940400000,2061.29,2062.00,2040.88,2055.00,193885.346,1774943999999,397409463.90855,250113,94300.569,193299013.36953,0
1774944000000,2054.99,2058.66,2034.42,2038.89,182127.237,1774947599999,372529529.62804,275911,88335.781,180698537.82006,0
1774947600000,2038.88,2043.62,2011.25,2017.28,363231.511,1774951199999,735972080.20119,460249,170921.157,346373885.29338,0
1774951200000,2017.27,2029.30,2015.85,2025.26,153091.646,1774954799999,309721532.20760,215455,78971.813,159756100.05517,0
1774954800000,2025.26,2043.57,2021.68,2040.23,268405.017,1774958399999,546211924.45685,346349,147738.620,300646977.14917,0
1774958400000,2040.23,2057.19,2033.89,2046.78,288288.775,1774961999999,589991303.43557,391494,138152.517,282774935.03458,0
1774962000000,2046.78,2079.36,2046.78,2074.36,313868.104,1774965599999,648098335.54034,520645,167180.944,345199710.96581,0
1774965600000,2074.35,2091.49,2036.30,2045.20,762770.760,1774969199999,1576988177.77641,847814,375165.526,776053631.93386,0
1774969200000,2045.20,2077.38,2044.58,2053.66,473120.183,1774972799999,975817726.12736,647542,253183.503,522170733.39248,0
1774972800000,2053.66,2108.07,2053.31,2090.41,639259.388,1774976399999,1334882818.54518,845086,338843.841,707555089.24934,0
1774976400000,2090.40,2124.51,2087.56,2092.52,660029.276,1774979999999,1388825507.58975,876447,348720.102,733816364.14053,0
1774980000000,2092.51,2114.71,2092.45,2098.86,217756.178,1774983599999,457761506.79040,362393,122144.265,256747296.45870,0
1774983600000,2098.85,2103.42,2090.87,2095.68,128520.724,1774987199999,269541370.87467,231241,64897.197,136115648.57179,0
1774987200000,2095.68,2109.48,2095.09,2106.60,99069.806,1774990799999,208317316.52035,171565,46186.326,97119768.92705,0
1774990800000,2106.59,2108.88,2091.80,2101.50,93450.106,1774994399999,196258579.03818,151492,43945.855,92306040.33438,0
1774994400000,2101.49,2103.44,2087.00,2095.70,111988.349,1774997999999,234508777.10064,163513,48813.602,102252856.24446,0
1774998000000,2095.71,2107.93,2091.92,2104.49,107965.119,1775001599999,226863381.26020,181075,58527.991,122987054.01052,0
1775001600000,2104.48,2117.44,2095.60,2113.91,153874.151,1775005199999,324087402.19438,269352,85301.504,179726230.43996,0
1775005200000,2113.92,2115.00,2090.00,2092.01,124528.327,1775008799999,261465254.32987,242555,53880.784,113103702.00750,0
1775008800000,2092.00,2095.48,2081.19,2087.58,134461.873,1775012399999,280764842.19588,230971,66379.322,138650033.14733,0
1775012400000,2087.57,2106.73,2087.57,2101.87,132636.136,1775015999999,278419599.28157,220568,76138.358,159806048.84952,0
1775016000000,2101.87,2115.71,2099.18,2110.39,128311.648,1775019599999,270469462.33276,195507,72425.174,152684109.55811,0
1775019600000,2110.38,2135.60,2105.27,2121.65,281392.904,1775023199999,597537232.73952,341214,159199.599,338078240.54326,0
1775023200000,2121.65,2156.47,2121.61,2150.27,429722.522,1775026799999,920510219.96627,491706,255000.892,546152114.20360,0
1775026800000,2150.27,2157.99,2129.11,2130.13,281799.028,1775030399999,603658482.86214,320656,124738.706,267191389.82956,0
1775030400000,2130.13,2142.76,2124.43,2136.02,233415.099,1775033999999,497952823.36703,276660,121579.562,259391149.11326,0
1775034000000,2136.03,2139.50,2127.06,2135.49,131765.141,1775037599999,281013494.46729,203401,65515.994,139743900.28218,0
1775037600000,2135.50,2136.94,2125.17,2131.58,85696.141,1775041199999,182612219.32725,150666,40898.086,87153285.54392,0
1775041200000,2131.58,2139.00,2129.58,2134.18,95413.439,1775044799999,203658897.06396,133870,49683.870,106061090.81582,0
1775044800000,2134.18,2149.37,2120.84,2129.89,278942.971,1775048399999,594762357.40989,302212,141155.577,301065200.87255,0
1775048400000,2129.89,2134.22,2107.53,2118.58,452244.598,1775051999999,958977908.75067,519895,215328.408,456597423.85073,0
1775052000000,2118.57,2129.84,2112.83,2125.97,202264.277,1775055599999,429150244.06617,357749,101097.393,214535288.31200,0
1775055600000,2125.98,2137.67,2121.00,2133.93,167713.203,1775059199999,357253562.24289,261065,84236.695,179452293.93022,0
1775059200000,2133.93,2152.15,2123.65,2144.99,244868.652,1775062799999,523610622.59915,314601,121846.836,260592691.46907,0
1775062800000,2145.00,2167.20,2132.30,2135.86,354345.495,1775066399999,761972786.64523,426356,181987.447,391487008.36220,0
1775066400000,2135.86,2136.84,2122.23,2128.12,165725.716,1775069999999,352809550.08447,326967,86323.016,183779388.45494,0
1775070000000,2128.13,2144.00,2126.83,2140.24,117558.032,1775073599999,251231750.14728,213421,60306.883,128874388.91523,0
1775073600000,2140.25,2146.78,2129.20,2142.46,103059.410,1775077199999,220229546.58913,154996,51546.518,110162816.96471,0
1775077200000,2142.46,2164.47,2141.81,2155.57,167811.627,1775080799999,361458041.91418,231365,89205.048,192155446.41373,0
1775080800000,2155.56,2157.57,2136.43,2138.74,177213.657,1775084399999,380237632.48902,248938,83337.350,178794955.52533,0
1775084400000,2138.75,2144.84,2133.92,2138.80,81349.759,1775087999999,174067898.38504,148792,38340.252,82038143.06368,0
1775088000000,2138.80,2158.42,2134.58,2154.58,170787.537,1775091599999,366640915.83753,289687,92063.527,197666625.41615,0
1775091600000,2154.58,2154.84,2088.00,2098.56,888468.612,1775095199999,1879482076.94950,1232956,418730.278,885670424.77891,0
1775095200000,2098.56,2098.56,2062.37,2072.78,512737.807,1775098799999,1065914859.98503,579654,236454.739,491627072.36078,0
1775098800000,2072.78,2075.49,2044.00,2054.73,379274.366,1775102399999,780689364.33316,386435,176447.951,363186568.12425,0
1775102400000,2054.73,2057.42,2040.28,2043.49,208664.936,1775105999999,427421352.41810,289433,99790.588,204430306.44295,0
1775106000000,2043.49,2050.42,2037.23,2049.01,219097.339,1775109599999,448094057.84338,247469,95717.248,195770988.07008,0
1775109600000,2049.01,2052.68,2044.09,2048.70,133780.964,1775113199999,274017089.27436,198260,64187.263,131481771.28796,0
1775113200000,2048.69,2055.74,2042.89,2054.80,134215.854,1775116799999,275185719.76054,182587,68360.587,140186210.64066,0
1775116800000,2054.79,2054.79,2044.11,2045.08,92330.732,1775120399999,189099626.67686,134048,40585.582,83118759.35344,0
1775120400000,2045.08,2046.91,2038.19,2042.82,122792.715,1775123999999,250848170.70670,152531,58745.091,120020924.08176,0
1775124000000,2042.82,2043.82,2030.63,2037.68,139424.752,1775127599999,283873329.76310,175555,67745.187,137935594.81494,0
1775127600000,2037.68,2039.30,2022.00,2032.04,181082.252,1775131199999,367914989.65042,200497,83680.913,170074192.64222,0
1775131200000,2032.03,2032.39,2023.08,2025.89,159132.508,1775134799999,322756829.59244,222974,83812.366,169998238.09838,0
1775134800000,2025.90,2041.70,2015.55,2037.69,403349.713,1775138399999,817040174.03330,464878,209606.497,424708233.93063,0
1775138400000,2037.69,2072.00,2031.55,2062.60,641759.488,1775141999999,1317936538.50484,748033,330941.549,679817577.03225,0
1775142000000,2062.60,2066.86,2047.17,2058.46,300763.513,1775145599999,618687219.35587,418926,136899.014,281627845.25193,0
1775145600000,2058.45,2076.00,2051.01,2061.94,185961.106,1775149199999,383603940.01938,312277,98528.771,203270513.46083,0
1775149200000,2061.93,2070.97,2042.39,2046.00,231326.733,1775152799999,475748840.82207,283421,118151.728,242982262.24893,0
1775152800000,2046.01,2063.00,2042.18,2057.41,148192.653,1775156399999,303759728.57881,201659,82642.874,169407423.02683,0
1775156400000,2057.42,2065.88,2053.64,2064.39,83003.184,1775159999999,170918245.88624,154975,40449.236,83305242.22831,0
1775160000000,2064.40,2073.41,2059.63,2067.29,136958.848,1775163599999,283234278.10247,138885,74299.325,153662325.82392,0
1775163600000,2067.29,2069.86,2054.85,2062.23,105359.502,1775167199999,217096202.03202,112513,45487.798,93740590.98839,0
1775167200000,2062.23,2063.80,2052.26,2059.08,85078.877,1775170799999,175215126.67223,107690,47261.925,97349147.33167,0
1775170800000,2059.07,2061.00,2052.59,2055.96,101416.402,1775174399999,208532412.84981,109385,44870.608,92230856.49957,0
1775174400000,2055.97,2058.71,2048.52,2052.06,64518.336,1775177999999,132495503.19651,132910,33894.417,69611409.31509,0
1775178000000,2052.06,2061.88,2044.00,2049.43,147551.677,1775181599999,302696682.11883,185500,76162.856,156198617.45193,0
1775181600000,2049.44,2059.17,2038.35,2051.43,183280.975,1775185199999,375426708.55568,254961,87281.372,178858437.99575,0
1775185200000,2051.42,2056.40,2049.00,2053.00,83170.477,1775188799999,170755244.42323,125297,39276.373,80629957.15749,0
1775188800000,2053.01,2057.00,2047.57,2053.64,53603.495,1775192399999,110031171.31249,107855,29546.356,60658422.14981,0
1775192400000,2053.64,2063.99,2046.16,2056.16,100920.900,1775195999999,207646076.32283,146886,56368.307,115993875.90838,0
1775196000000,2056.16,2066.00,2053.78,2062.66,78388.302,1775199599999,161544297.20445,141293,43979.493,90639392.50091,0
1775199600000,2062.67,2074.60,2061.11,2064.98,125236.688,1775203199999,258848764.25514,171466,67915.357,140391964.86166,0
1775203200000,2064.98,2071.14,2057.16,2059.85,96548.669,1775206799999,199255520.81589,142198,46413.460,95791644.64808,0
1775206800000,2059.85,2063.15,2055.68,2060.07,52943.531,1775210399999,109037147.10871,87188,24933.735,51359914.30866,0
1775210400000,2060.06,2060.07,2052.02,2058.68,67414.227,1775213999999,138639698.60401,93060,33875.031,69668451.72832,0
1775214000000,2058.69,2064.05,2056.74,2061.87,58113.659,1775217599999,119763599.35678,79907,28558.451,58854014.40402,0
1775217600000,2061.88,2084.02,2043.60,2049.05,296346.960,1775221199999,610735313.22922,294071,152312.948,314105457.95531,0
1775221200000,2049.04,2050.21,2040.26,2047.21,174635.401,1775224799999,357249201.43142,192939,89591.617,183267477.95488,0
1775224800000,2047.21,2056.60,2044.25,2053.35,114951.665,1775228399999,235755289.29097,158406,62124.402,127428303.82487,0
1775228400000,2053.35,2056.85,2048.09,2050.31,64887.757,1775231999999,133142685.34422,104150,33874.476,69508725.28474,0
1775232000000,2050.31,2055.90,2048.58,2053.70,60569.833,1775235599999,124313263.64477,98305,32163.851,66013721.40834,0
1775235600000,2053.70,2054.50,2042.40,2049.21,72234.171,1775239199999,147921657.26128,116761,34995.827,71666932.73014,0
1775239200000,2049.20,2052.50,2046.85,2048.20,44888.027,1775242799999,91997163.08350,71070,20704.666,42435626.34021,0
1775242800000,2048.20,2053.28,2044.20,2051.43,37560.728,1775246399999,76954999.98239,61529,18327.729,37551739.46505,0
1775246400000,2051.42,2054.10,2050.83,2051.70,29165.979,1775249999999,59854921.33133,45588,13982.371,28696040.94040,0
1775250000000,2051.71,2060.99,2051.63,2057.25,59104.131,1775253599999,121568976.32696,76039,36914.471,75924436.11969,0
1775253600000,2057.26,2058.72,2048.54,2051.09,38447.258,1775257199999,78942512.02295,71707,16786.650,34469988.78991,0
1775257200000,2051.09,2053.36,2048.37,2052.92,33226.951,1775260799999,68139263.40657,51978,19302.131,39585968.01781,0
1775260800000,2052.93,2053.00,2050.47,2051.25,21777.976,1775264399999,44682656.87170,41127,11835.432,24282879.73511,0
1775264400000,2051.25,2052.93,2048.62,2050.52,22801.701,1775267999999,46751205.06472,37210,10186.601,20885429.12372,0
1775268000000,2050.53,2052.70,2046.87,2049.32,33138.435,1775271599999,67895289.49478,43618,16936.800,34702118.59136,0
1775271600000,2049.32,2051.39,2048.70,2049.21,19474.531,1775275199999,39921292.75980,28990,9501.418,19478063.29149,0
1775275200000,2049.21,2050.76,2047.51,2050.14,21001.286,1775278799999,43037759.12650,29189,10019.728,20534589.99656,0
1775278800000,2050.13,2054.22,2049.53,2052.77,39852.391,1775282399999,81771863.33498,47347,22912.257,47015490.91154,0
1775282400000,2052.78,2057.50,2051.96,2055.51,45203.075,1775285999999,92866073.51387,47222,24989.355,51344459.99924,0
1775286000000,2055.51,2056.13,2050.52,2052.72,38445.655,1775289599999,78925578.38962,43055,15116.569,31029862.43750,0
1775289600000,2052.73,2054.50,2048.36,2049.45,35102.459,1775293199999,72007107.08527,41606,16535.000,33925103.96447,0
1775293200000,2049.45,2050.88,2048.10,2049.26,35822.189,1775296799999,73408070.40787,35610,19449.998,39857696.92360,0
1775296800000,2049.27,2053.96,2046.45,2053.27,64744.842,1775300399999,132732394.43802,68996,36301.380,74428208.43313,0
1775300400000,2053.27,2054.24,2050.25,2051.06,31775.327,1775303999999,65191002.42025,43872,14545.877,29843166.22095,0
1775304000000,2051.06,2052.50,2047.00,2048.89,43287.816,1775307599999,88706147.51577,49214,19621.468,40208071.74019,0
1775307600000,2048.90,2053.99,2048.55,2052.31,47507.628,1775311199999,97440521.69800,49266,25434.169,52164226.13566,0
1775311200000,2052.31,2053.62,2043.00,2052.14,83076.177,1775314799999,170234358.50566,81049,39172.329,80276635.97952,0
1775314800000,2052.13,2060.99,2051.39,2055.16,117989.106,1775318399999,242510137.58974,129061,66012.088,135689139.38845,0
1775318400000,2055.16,2061.65,2052.30,2054.65,95783.505,1775321999999,197076902.64334,97717,47264.561,97262958.27120,0
1775322000000,2054.66,2057.22,2051.74,2055.85,43639.891,1775325599999,89659348.69867,55637,21421.524,44013213.94658,0
1775325600000,2055.85,2057.33,2053.75,2054.18,22714.733,1775329199999,46693583.53100,37070,10484.508,21551881.62777,0
1775329200000,2054.17,2083.36,2054.15,2063.77,278409.936,1775332799999,576160824.48668,251683,152086.334,314787821.40846,0
1775332800000,2063.77,2064.03,2058.63,2061.87,47742.563,1775336399999,98410966.54158,59927,21848.942,45035196.84390,0
1775336400000,2061.87,2071.06,2061.66,2067.73,40525.118,1775339999999,83735430.51804,61464,24841.914,51331649.70607,0
1775340000000,2067.73,2071.46,2067.30,2068.04,34621.469,1775343599999,71631978.55364,62630,16313.943,33752475.05365,0
1775343600000,2068.04,2068.24,2061.61,2064.43,41754.651,1775347199999,86196217.87417,54646,20516.909,42354157.16475,0
1775347200000,2064.43,2064.60,2059.20,2061.27,32563.054,1775350799999,67161743.48750,46281,14556.857,30026148.07558,0
1775350800000,2061.28,2061.60,2056.01,2056.40,47393.019,1775354399999,97539632.21572,58705,21037.332,43296502.72110,0
1775354400000,2056.39,2059.20,2052.65,2058.98,52260.899,1775357999999,107458410.36763,65640,28720.238,59060391.27234,0
1775358000000,2058.98,2059.99,2054.25,2055.69,23686.710,1775361599999,48717335.26440,34270,11958.598,24596735.90120,0
1775361600000,2055.69,2057.19,2053.01,2054.25,28251.548,1775365199999,58050158.30010,37862,15135.123,31098619.23353,0
1775365200000,2054.25,2055.88,2046.00,2047.74,70293.915,1775368799999,144129499.97284,80133,29741.275,60988205.18606,0
1775368800000,2047.74,2048.11,2026.32,2037.25,317875.914,1775372399999,646872372.43288,280345,141715.242,288382158.73735,0
1775372400000,2037.24,2041.58,2033.01,2036.00,97584.917,1775375999999,198874486.54992,97882,45820.521,93372553.86440,0
1775376000000,2036.00,2039.04,2034.57,2038.06,34906.922,1775379599999,71109519.83331,50057,19600.753,39931087.46642,0
1775379600000,2038.06,2044.93,2037.72,2043.22,63277.507,1775383199999,129208159.60580,70359,35050.374,71569477.23919,0
1775383200000,2043.23,2051.83,2041.09,2043.65,76394.855,1775386799999,156292951.38109,81621,40233.873,82328121.42910,0
1775386800000,2043.64,2044.88,2039.35,2040.88,41060.478,1775390399999,83848038.03452,54059,17869.363,36492173.54189,0
1775390400000,2040.88,2040.89,2020.61,2026.96,271537.324,1775393999999,550604114.88430,219675,114686.789,232523310.81079,0
1775394000000,2026.95,2036.99,2024.30,2035.44,142006.445,1775397599999,288307044.98368,138331,71925.734,146033302.83647,0
1775397600000,2035.44,2042.30,2033.65,2037.36,116369.376,1775401199999,237209268.81109,122697,59061.684,120402539.99659,0
1775401200000,2037.37,2069.25,2033.07,2053.13,380743.413,1775404799999,782275650.89731,378399,190278.647,390930109.87922,0
1775404800000,2053.12,2058.50,2048.76,2051.24,91914.209,1775408399999,188791600.86915,134311,40694.439,83601628.13866,0
1775408400000,2051.25,2061.45,2047.04,2061.31,115817.577,1775411999999,238209407.09237,127184,72188.179,148502729.64096,0
1775412000000,2061.31,2065.96,2055.84,2061.92,85919.173,1775415599999,177056202.71354,99154,44363.045,91432889.29583,0
1775415600000,2061.92,2068.88,2056.88,2060.99,74283.401,1775419199999,153225421.02667,92455,36704.323,75720336.27971,0
1775419200000,2061.00,2074.58,2060.52,2067.89,91495.197,1775422799999,189233457.40401,112450,50511.946,104476546.86202,0
1775422800000,2067.90,2068.00,2055.81,2059.14,80094.919,1775426399999,165085830.12643,103378,35345.414,72854856.03611,0
1775426400000,2059.15,2087.92,2048.66,2084.99,310664.281,1775429999999,642812776.34375,440943,181551.196,375851320.35219,0
1775430000000,2084.99,2123.23,2081.00,2109.35,486682.415,1775433599999,1024789443.87405,637730,260901.234,549330627.95937,0
1775433600000,2109.36,2135.00,2109.36,2121.14,343516.670,1775437199999,729333596.71982,478920,174352.443,370205075.90393,0
1775437200000,2121.15,2123.85,2111.49,2114.30,157781.650,1775440799999,333993094.83213,243235,75351.587,159498374.08989,0
1775440800000,2114.30,2147.73,2113.64,2132.65,278977.643,1775444399999,595420904.01434,396627,156538.144,334098760.20517,0
1775444400000,2132.64,2136.45,2125.60,2128.38,117307.080,1775447999999,250049156.75286,189695,51025.216,108764714.65889,0
1775448000000,2128.38,2133.90,2124.00,2130.12,100218.817,1775451599999,213367754.70739,145073,54192.825,115392606.19085,0
1775451600000,2130.11,2133.73,2127.24,2130.40,48087.103,1775455199999,102429646.88207,96318,22070.606,47013507.33272,0
1775455200000,2130.39,2138.40,2119.04,2126.34,191264.325,1775458799999,406783510.57322,248743,98168.319,208825943.86844,0
1775458800000,2126.35,2140.50,2121.76,2134.05,138993.256,1775462399999,296309711.49611,175014,74332.084,158472841.95735,0
1775462400000,2134.05,2147.54,2132.52,2137.54,140714.204,1775465999999,301048446.76804,172818,75741.523,162073403.82604,0
1775466000000,2137.55,2174.41,2137.34,2149.90,545896.700,1775469599999,1177324785.34769,501912,304561.321,656880955.27962,0
1775469600000,2149.91,2156.74,2148.11,2152.28,127350.433,1775473199999,274118753.74397,176860,54746.384,117849314.24010,0
1775473200000,2152.28,2153.00,2145.43,2150.55,96913.165,1775476799999,208289010.44240,131882,47382.032,101837074.69324,0
1775476800000,2150.54,2153.80,2141.00,2142.51,130911.342,1775480399999,281141038.93797,164951,63609.275,136613629.55286,0
1775480400000,2142.51,2148.47,2136.42,2145.00,197251.286,1775483999999,422588456.42639,334839,98436.169,210922413.18476,0
1775484000000,2145.00,2164.91,2136.71,2155.35,520575.246,1775487599999,1119528156.14201,616290,266273.606,572830465.01458,0
1775487600000,2155.35,2169.11,2154.00,2163.43,273545.566,1775491199999,591433969.96419,392166,152564.487,329906159.78258,0
1775491200000,2163.43,2167.52,2139.11,2139.26,210564.571,1775494799999,453788162.04527,311836,100173.024,215879105.61792,0
1775494800000,2139.25,2139.86,2122.00,2134.00,347548.638,1775498399999,740936476.23082,427551,172877.374,368538479.50997,0
1775498400000,2134.00,2147.52,2130.55,2143.70,148489.975,1775501999999,317952367.82604,226400,75074.506,160761963.74522,0
1775502000000,2143.71,2145.01,2134.34,2143.29,96893.294,1775505599999,207426494.31383,149575,51577.039,110426770.42069,0
1775505600000,2143.30,2154.42,2139.20,2147.59,90656.987,1775509199999,194760403.53224,116357,50175.367,107806330.45365,0
1775509200000,2147.58,2147.58,2136.46,2138.52,64443.775,1775512799999,138061238.01420,103220,33546.360,71870050.01768,0
1775512800000,2138.52,2140.38,2103.87,2103.90,278902.468,1775516399999,592109616.35697,302945,130523.488,277235532.01314,0
1775516400000,2103.90,2109.42,2086.29,2106.14,494194.065,1775519999999,1036243071.28127,496769,255658.816,536161807.32154,0
1775520000000,2106.14,2119.34,2104.54,2111.50,230936.725,1775523599999,487748494.92139,296404,131266.153,277213474.94138,0
1775523600000,2111.50,2119.78,2096.29,2098.28,213646.657,1775527199999,450404026.00341,290032,97112.565,204684992.31109,0
1775527200000,2098.28,2110.75,2091.93,2105.70,150762.142,1775530799999,316981559.69110,204870,71235.663,149777217.83913,0
1775530800000,2105.69,2109.00,2102.57,2107.19,61146.761,1775534399999,128814763.54201,102509,30202.558,63627835.11943,0
1775534400000,2107.20,2118.25,2102.16,2113.08,102382.228,1775537999999,216054938.67355,144288,54161.244,114320435.98574,0
1775538000000,2113.08,2113.66,2102.46,2104.45,75512.260,1775541599999,159087977.25279,113265,33846.204,71315792.73617,0
1775541600000,2104.45,2106.07,2095.35,2103.01,113028.360,1775545199999,237389169.16708,157831,55993.592,117611795.87015,0
1775545200000,2103.01,2105.31,2097.50,2103.00,65215.119,1775548799999,137046374.97453,112708,35498.554,74608076.35579,0
1775548800000,2102.99,2116.43,2102.35,2113.99,135890.743,1775552399999,286756177.87484,212955,75635.393,159614199.06938,0
1775552400000,2113.99,2132.96,2113.32,2127.26,239504.188,1775555999999,509038260.74570,258589,135897.350,288807370.63632,0
1775556000000,2127.26,2130.78,2085.10,2088.29,419506.668,1775559599999,882805796.24979,462166,181144.565,381169634.94178,0
1775559600000,2088.29,2093.23,2080.57,2088.47,238995.278,1775563199999,498868409.26851,282200,126628.835,264373367.75095,0
1775563200000,2088.48,2092.26,2073.10,2085.77,378939.087,1775566799999,788648498.15642,411338,181692.964,378230167.74598,0
1775566800000,2085.76,2092.61,2073.42,2073.98,225855.451,1775570399999,470241411.03278,380097,113169.173,235663016.51526,0
1775570400000,2073.97,2080.61,2058.01,2068.48,415350.304,1775573999999,859433497.25618,545151,202609.918,419319494.40014,0
1775574000000,2068.49,2082.39,2063.64,2079.26,216787.603,1775577599999,449801146.67807,316407,111162.190,230650827.62709,0
1775577600000,2079.26,2089.36,2076.41,2082.61,195885.892,1775581199999,408063502.02581,270083,101573.107,211604704.14910,0
1775581200000,2082.62,2115.81,2078.60,2098.29,287521.252,1775584799999,602957361.17994,324348,155823.295,326829029.99251,0
1775584800000,2098.29,2100.49,2081.41,2085.32,149893.403,1775588399999,313397307.95613,185175,60949.648,127480223.49933,0
1775588400000,2085.31,2117.00,2083.17,2112.52,318945.138,1775591999999,670304523.50818,464464,173592.744,364746399.98929,0
1775592000000,2112.52,2124.80,2109.43,2114.57,227191.435,1775595599999,481044977.80224,298773,113740.168,240837030.41408,0
1775595600000,2114.56,2152.86,2114.47,2144.25,443345.624,1775599199999,948607132.62672,479925,263920.208,564772817.54454,0
1775599200000,2144.26,2219.69,2144.26,2219.20,975854.175,1775602799999,2128072746.29007,1162210,539031.282,1176184546.87715,0
1775602800000,2219.20,2273.00,2214.23,2239.14,999049.642,1775606399999,2240232347.22730,1398054,497861.398,1116859289.54407,0
1775606400000,2239.14,2250.71,2226.28,2235.33,355862.267,1775609999999,796411748.36434,525550,170416.095,381474574.26465,0
1775610000000,2235.32,2242.59,2229.56,2233.38,141734.388,1775613599999,316872081.42324,261399,72140.857,161288115.09428,0
1775613600000,2233.38,2246.81,2229.37,2236.33,177358.722,1775617199999,396596839.44690,262328,82719.198,185018173.44027,0
1775617200000,2236.34,2238.93,2231.17,2233.89,68780.759,1775620799999,153710642.20032,127641,35979.781,80405011.50478,0
1775620800000,2233.89,2251.98,2233.88,2239.71,181611.372,1775624399999,407617853.95177,242082,86376.933,193869209.38817,0
1775624400000,2239.71,2244.28,2237.18,2239.73,109458.003,1775627999999,245316182.15877,162654,53061.545,118928751.73943,0
1775628000000,2239.73,2253.15,2234.13,2244.71,173457.441,1775631599999,389624976.39718,211235,87649.099,196892360.53156,0
1775631600000,2244.70,2259.72,2243.28,2252.75,174781.462,1775635199999,393670519.02372,210518,95674.543,215527129.43025,0
1775635200000,2252.74,2258.44,2249.00,2255.36,120468.199,1775638799999,271587821.63774,201841,64886.070,146283916.63016,0
1775638800000,2255.37,2262.75,2245.23,2248.64,149005.522,1775642399999,335745774.76154,188492,72099.052,162503597.02107,0
1775642400000,2248.64,2252.89,2240.59,2241.69,97750.465,1775645999999,219532175.40271,154653,43451.989,97601291.18810,0
1775646000000,2241.69,2254.11,2235.83,2246.53,188961.057,1775649599999,424165203.70962,211091,107913.349,242305535.27267,0
1775649600000,2246.53,2258.39,2241.28,2254.64,150775.778,1775653199999,339398543.62314,263065,76652.545,172566796.72679,0
1775653200000,2254.64,2269.65,2230.38,2234.84,560934.643,1775656799999,1261167818.95229,703465,291641.170,655924040.18573,0
1775656800000,2234.83,2240.10,2186.03,2194.73,714975.889,1775660399999,1580320077.48956,858238,338138.914,747523629.95254,0
1775660400000,2194.72,2217.42,2192.87,2214.56,354632.636,1775663999999,782068309.62699,424492,186764.462,411935228.69889,0
1775664000000,2214.56,2224.67,2210.12,2219.74,185669.193,1775667599999,411584581.45798,297699,92158.960,204336601.32958,0
1775667600000,2219.73,2238.66,2212.00,2230.70,227536.840,1775671199999,506645185.88977,326997,124271.834,276747339.54120,0
1775671200000,2230.70,2231.66,2197.65,2200.66,246898.664,1775674799999,546431289.04959,372044,111779.743,247309681.79031,0
1775674800000,2200.65,2211.11,2196.26,2210.01,161450.921,1775678399999,355723191.91773,251374,84158.885,185452932.25853,0
1775678400000,2210.00,2215.97,2204.51,2208.86,77777.850,1775681999999,171965742.06363,127103,36692.097,81136642.35966,0
1775682000000,2208.86,2221.64,2206.77,2213.74,72824.948,1775685599999,161362578.39577,107405,37580.929,83274727.93079,0
1775685600000,2213.73,2214.17,2183.55,2188.71,212231.808,1775689199999,466204014.29058,249189,94420.927,207401711.63938,0
1775689200000,2188.70,2193.16,2177.77,2188.87,161574.093,1775692799999,353141289.09636,269328,80877.802,176802229.01925,0
1775692800000,2188.87,2193.23,2177.58,2182.01,131260.282,1775696399999,286732232.55558,252739,63029.329,137699375.96571,0
1775696400000,2182.02,2184.31,2160.00,2177.75,261139.408,1775699999999,566965723.83917,342356,125067.811,271583594.86531,0
1775700000000,2177.75,2184.71,2172.72,2180.69,119515.682,1775703599999,260525753.07003,192848,63905.748,139317487.05595,0
1775703600000,2180.69,2182.90,2174.29,2181.31,61639.669,1775707199999,134319979.46120,118862,28001.988,61025551.16111,0
1775707200000,2181.31,2181.59,2175.00,2176.66,47492.705,1775710799999,103442675.73076,86004,21509.790,46851073.13897,0
1775710800000,2176.66,2188.57,2174.39,2181.13,122355.351,1775714399999,267009706.70906,149837,70205.968,153245375.38787,0
1775714400000,2181.14,2185.23,2174.48,2180.53,66922.331,1775717999999,145833530.85342,110448,35856.471,78141100.46708,0
1775718000000,2180.53,2184.77,2178.66,2179.96,60250.289,1775721599999,131457429.11372,101167,29838.704,65107213.60074,0
1775721600000,2179.97,2190.27,2175.00,2184.99,116052.687,1775725199999,253338803.26774,162801,61349.659,133946316.74275,0
1775725200000,2184.99,2196.53,2178.13,2192.78,118442.922,1775728799999,259027704.07989,178480,67694.425,148069840.62427,0
1775728800000,2192.77,2196.07,2186.83,2189.50,89055.285,1775732399999,195121038.23594,128457,43725.433,95814627.63461,0
1775732400000,2189.51,2191.91,2177.00,2179.02,117429.079,1775735999999,256247105.63225,164670,50939.146,111134068.33095,0
1775736000000,2179.02,2186.45,2172.42,2182.27,143522.966,1775739599999,312948909.57399,187935,66734.978,145533624.50933,0
1775739600000,2182.27,2185.30,2157.40,2164.21,297504.033,1775743199999,645157713.94047,395921,135358.492,293555583.94042,0
1775743200000,2164.21,2181.42,2156.00,2176.90,264823.135,1775746799999,574542131.42537,412972,141331.441,306713041.56050,0
1775746800000,2176.90,2224.99,2168.20,2217.00,646022.671,1775750399999,1422789072.91529,748303,344777.036,759480286.41497,0
1775750400000,2216.99,2230.00,2192.00,2207.25,401369.368,1775753999999,886799964.20541,466896,195121.517,431187329.86031,0
1775754000000,2207.24,2224.88,2205.13,2221.96,302832.225,1775757599999,671467919.75925,402410,163487.488,362502613.84640,0
1775757600000,2221.97,2222.71,2199.50,2206.02,192285.901,1775761199999,424368555.61468,319126,89593.163,197715971.94497,0
1775761200000,2206.01,2224.00,2203.20,2215.36,187846.019,1775764799999,415916308.83803,249055,96416.256,213488772.23444,0
1775764800000,2215.36,2221.00,2209.21,2212.07,71492.562,1775768399999,158400393.83061,124522,33551.707,74345217.75862,0
1775768400000,2212.08,2226.25,2206.58,2209.63,108119.246,1775771999999,239335035.48016,162754,51719.649,114510900.46996,0
1775772000000,2209.64,2246.15,2196.26,2196.57,335714.842,1775775599999,745328941.59934,365592,180984.356,402056246.51106,0
1775775600000,2196.57,2200.29,2181.70,2188.92,202422.699,1775779199999,443350623.04843,293367,92943.485,203591067.16784,0
1775779200000,2188.92,2196.38,2180.34,2193.96,129828.811,1775782799999,284114102.13345,233989,64460.060,141083084.33477,0
1775782800000,2193.96,2203.19,2173.81,2193.49,214222.249,1775786399999,469533668.92341,296292,102080.288,223831299.71762,0
1775786400000,2193.49,2197.78,2185.64,2187.94,71478.327,1775789999999,156646145.23654,130173,34500.668,75614101.28967,0
1775790000000,2187.94,2191.39,2181.42,2185.16,66724.914,1775793599999,145849508.03511,109911,32408.345,70840731.46959,0
1775793600000,2185.16,2198.32,2184.79,2194.62,72171.175,1775797199999,158075354.66918,105545,38536.887,84405990.65197,0
1775797200000,2194.62,2202.67,2191.44,2196.05,83946.255,1775800799999,184501664.50995,112549,43548.155,95725199.17873,0
1775800800000,2196.04,2197.67,2182.91,2185.26,95348.443,1775804399999,208690252.08081,125217,46907.417,102660417.27234,0
1775804400000,2185.25,2187.50,2175.25,2178.63,126805.079,1775807999999,276756184.21544,138048,58133.408,126875900.29575,0
1775808000000,2178.62,2189.40,2176.04,2184.68,119289.301,1775811599999,260354659.51203,132041,65187.909,142266650.77574,0
1775811600000,2184.68,2197.00,2184.68,2195.19,120859.565,1775815199999,264925092.46735,153368,65103.455,142716492.36412,0
1775815200000,2195.19,2197.26,2189.30,2196.00,74357.620,1775818799999,163070160.96018,95830,40729.718,89320474.54085,0
1775818800000,2195.99,2223.00,2195.83,2214.72,297585.860,1775822399999,658390510.51675,289605,151571.865,335300008.58934,0
1775822400000,2214.71,2227.85,2206.77,2217.86,316106.687,1775825999999,701178037.44422,350111,156081.269,346262436.05694,0
1775826000000,2217.86,2224.23,2207.20,2221.65,178308.846,1775829599999,395039870.74541,307839,87745.613,194427885.82740,0
1775829600000,2221.64,2252.99,2218.69,2241.17,537846.025,1775833199999,1204800970.70476,623037,281802.378,631254912.07540,0
1775833200000,2241.17,2257.55,2219.10,2223.23,363012.847,1775836799999,811891754.57326,432523,172702.079,386444566.64709,0
1775836800000,2223.23,2246.00,2220.03,2244.00,224797.552,1775840399999,502403932.81933,346143,120531.651,269375177.75760,0
1775840400000,2243.99,2248.00,2237.65,2247.18,114317.897,1775843999999,256386029.00538,186838,59637.602,133773346.41104,0
1775844000000,2247.17,2250.62,2237.51,2248.01,90930.905,1775847599999,204141745.98430,151937,46606.626,104646373.83498,0
1775847600000,2248.00,2254.67,2242.00,2251.80,97396.971,1775851199999,219009558.97775,139051,49376.995,111052629.01813,0
1775851200000,2251.80,2255.89,2241.48,2254.04,129834.964,1775854799999,292195911.88529,170911,71555.006,161076507.14846,0
1775854800000,2254.03,2254.55,2240.31,2253.72,84589.717,1775858399999,190163452.87030,118444,38779.235,87168048.85790,0
1775858400000,2253.72,2254.14,2233.74,2241.20,109250.856,1775861999999,244949639.88880,125295,45835.271,102750624.69863,0
1775862000000,2241.21,2244.42,2238.08,2243.90,45295.612,1775865599999,101536108.85998,69393,24127.563,54086164.70831,0
1775865600000,2243.91,2243.91,2234.44,2237.61,53527.764,1775869199999,119814524.16593,78162,22735.956,50884945.51215,0
1775869200000,2237.61,2245.44,2233.33,2243.24,55776.912,1775872799999,124919893.36975,88544,31417.199,70373083.03290,0
1775872800000,2243.24,2251.33,2240.70,2247.00,59749.277,1775876399999,134208105.50251,90958,31981.604,71840530.10124,0
1775876400000,2247.00,2249.47,2233.65,2235.94,94787.246,1775879999999,212396834.90826,93172,44883.722,100586731.03840,0
1775880000000,2235.94,2241.68,2233.92,2239.72,62615.963,1775883599999,140126847.04942,83087,35365.574,79134028.54866,0
1775883600000,2239.73,2240.62,2227.03,2231.43,109417.992,1775887199999,244281541.26332,112714,49272.138,109994332.47714,0
1775887200000,2231.43,2235.45,2228.26,2234.72,85167.183,1775890799999,190059351.56076,87009,46073.337,102816564.28064,0
1775890800000,2234.72,2235.48,2229.71,2231.68,42258.913,1775894399999,94345524.67929,53116,20168.350,45030392.32928,0
1775894400000,2231.68,2234.21,2230.79,2231.51,36793.780,1775897999999,82144199.95348,48550,20108.304,44892366.55649,0
1775898000000,2231.51,2248.28,2230.69,2242.50,163354.858,1775901599999,366256347.71766,148877,101350.957,227215855.70258,0
1775901600000,2242.50,2243.97,2236.19,2239.11,53567.168,1775905199999,119948304.29535,71291,24691.565,55288956.77991,0
1775905200000,2239.11,2246.00,2237.31,2245.00,52905.789,1775908799999,118597216.78418,70665,26965.647,60451987.96565,0
1775908800000,2245.00,2245.74,2239.65,2244.25,42448.718,1775912399999,95228802.46962,61429,21590.829,48437666.03727,0
1775912400000,2244.25,2244.31,2232.20,2238.58,95949.762,1775915999999,214661410.49013,141230,41032.299,91804108.37902,0
1775916000000,2238.58,2243.39,2236.99,2240.85,44847.654,1775919599999,100460430.25740,71205,21847.290,48939543.76506,0
1775919600000,2240.85,2255.85,2239.97,2248.39,111479.283,1775923199999,250574490.52832,146084,62287.082,140020164.87175,0
1775923200000,2248.39,2277.00,2245.22,2257.62,242509.776,1775926799999,548278582.89527,263689,148454.991,335718184.14349,0
1775926800000,2257.61,2264.33,2252.14,2258.50,102307.937,1775930399999,231063282.00841,141558,54482.131,123047999.00808,0
1775930400000,2258.50,2312.99,2255.72,2304.38,502631.385,1775933999999,1150996649.17127,586103,296987.513,679996333.95013,0
1775934000000,2304.38,2329.99,2304.27,2315.24,332160.533,1775937599999,769614433.30018,515432,171381.990,397133177.22228,0
1775937600000,2315.25,2316.48,2287.00,2297.47,180937.478,1775941199999,416239057.60203,308644,85107.346,195813499.07167,0
1775941200000,2297.46,2304.00,2291.20,2298.45,82032.990,1775944799999,188607465.21734,158561,39805.161,91531765.33813,0
1775944800000,2298.45,2307.27,2287.77,2295.84,129317.865,1775948399999,297063946.77122,171718,62777.688,144225368.31793,0
1775948400000,2295.84,2295.84,2275.20,2283.85,138611.880,1775951999999,316501508.86597,171280,61288.220,139949467.24543,0
1775952000000,2283.86,2288.12,2276.06,2284.56,114651.922,1775955599999,261739138.60353,156824,64239.537,146672240.23971,0
1775955600000,2284.56,2287.50,2208.00,2217.93,675305.320,1775959199999,1511680100.24224,757710,301763.606,674613777.86882,0
1775959200000,2217.92,2232.90,2205.52,2222.26,292046.409,1775962799999,648661563.96596,421187,154024.616,342133031.04731,0
1775962800000,2222.26,2226.01,2211.30,2212.71,135610.522,1775966399999,300726649.75982,202760,65439.554,145134552.98261,0
1775966400000,2212.71,2215.39,2208.49,2211.04,94511.699,1775969999999,209061464.77547,137327,44001.994,97340228.29961,0
1775970000000,2211.04,2218.81,2207.00,2216.00,106623.504,1775973599999,236025187.35324,140606,57182.025,126596989.65372,0
1775973600000,2216.00,2219.88,2213.60,2214.92,57486.031,1775977199999,127424812.95705,85493,29368.626,65106653.83453,0
1775977200000,2214.92,2219.44,2211.35,2217.01,56148.014,1775980799999,124395721.88496,83603,29249.215,64807972.58064,0
1775980800000,2217.01,2217.98,2210.42,2212.93,46772.065,1775984399999,103589595.05551,62852,23712.096,52519024.85529,0
1775984400000,2212.94,2215.00,2210.10,2213.00,41855.257,1775987999999,92607777.76866,58503,21494.748,47557988.04309,0
1775988000000,2213.01,2216.54,2192.42,2200.47,218147.709,1775991599999,480400777.41261,186845,96882.861,213328139.28178,0
1775991600000,2200.47,2206.36,2196.01,2203.11,96243.432,1775995199999,211900713.09348,117015,48432.036,106639648.85642,0
1775995200000,2203.11,2207.35,2185.26,2193.39,193560.435,1775998799999,425351996.11369,208038,86643.806,190439196.11808,0
1775998800000,2193.40,2198.15,2183.01,2185.88,246346.550,1776002399999,539696407.53119,315434,115575.184,253212519.51457,0
1776002400000,2185.88,2192.80,2177.00,2179.79,204006.157,1776005999999,445605971.15408,245231,104490.013,228259504.94549,0
1776006000000,2179.80,2188.34,2173.00,2185.27,140378.322,1776009599999,306162404.69338,168550,80469.918,175526132.72563,0
1776009600000,2185.27,2189.56,2181.66,2186.16,88431.153,1776013199999,193252609.52567,115064,44795.856,97895473.75781,0
1776013200000,2186.16,2204.00,2186.16,2201.99,165194.301,1776016799999,362765933.22840,174621,91193.640,200206000.89786,0
1776016800000,2202.00,2206.00,2198.18,2199.24,87195.131,1776020399999,191992981.04980,111650,42804.332,94268070.32112,0
1776020400000,2199.24,2204.12,2196.01,2197.24,42302.317,1776023999999,93072807.11202,61030,16247.811,35756527.50499,0
1776024000000,2197.23,2217.70,2192.08,2212.26,162490.681,1776027599999,358171817.37075,179366,92267.862,203473651.70854,0
1776027600000,2212.25,2216.71,2204.00,2210.07,70729.268,1776031199999,156241216.49045,120710,35297.429,77975288.56282,0
1776031200000,2210.06,2210.36,2182.65,2198.36,292439.748,1776034799999,641119612.12310,462490,146939.942,322175475.12709,0
1776034800000,2198.35,2198.36,2184.95,2190.62,76667.367,1776038399999,167857483.15309,189346,36832.109,80636722.37511,0
1776038400000,2190.61,2207.46,2186.12,2204.09,112764.594,1776041999999,247888709.10126,231254,62360.355,137067330.63191,0
1776042000000,2204.09,2207.90,2199.04,2202.42,69441.368,1776045599999,152998566.81544,144202,33273.664,73313674.65046,0
1776045600000,2202.43,2204.75,2191.38,2193.19,85338.522,1776049199999,187413946.63840,139399,42370.206,93052771.35738,0
1776049200000,2193.19,2195.14,2189.26,2193.27,47673.902,1776052799999,104505751.61710,98610,24656.893,54053633.81168,0
1776052800000,2193.27,2198.31,2186.27,2189.21,73256.276,1776056399999,160609806.06419,103217,37670.965,82612496.77390,0
1776056400000,2189.21,2190.92,2181.02,2190.36,98544.505,1776059999999,215446833.92401,131630,44877.227,98135545.68889,0
1776060000000,2190.36,2201.47,2189.70,2197.54,119709.792,1776063599999,262855879.01518,145444,69174.127,151893853.67437,0
1776063600000,2197.54,2199.00,2181.90,2185.50,126222.849,1776067199999,276070111.50243,146142,62912.825,137595980.22254,0
1776067200000,2185.50,2188.64,2178.64,2184.34,123961.539,1776070799999,270579067.04001,155216,50606.362,110486767.15791,0
1776070800000,2184.33,2194.62,2184.33,2187.08,80700.034,1776074399999,176696069.42506,116141,42890.928,93913860.50911,0
1776074400000,2187.07,2188.00,2178.18,2182.74,89694.766,1776077999999,195816450.02805,119620,42332.295,92417143.87077,0
1776078000000,2182.75,2190.12,2181.49,2186.30,76520.453,1776081599999,167282981.32382,112722,35410.189,77415055.51820,0
1776081600000,2186.29,2198.00,2174.48,2191.48,244120.536,1776085199999,533412174.91255,250939,113689.356,248538991.76294,0
1776085200000,2191.48,2214.78,2180.00,2214.00,441587.217,1776088799999,970469615.74866,580509,232176.055,510356121.88799,0
1776088800000,2214.00,2234.88,2201.66,2232.89,455657.899,1776092399999,1010021831.29363,669616,220826.253,489759788.55549,0
1776092400000,2232.88,2235.41,2198.05,2208.08,337421.854,1776095999999,746702375.05279,481735,148663.946,328889024.61745,0
1776096000000,2208.08,2233.99,2198.57,2224.75,344180.929,1776099599999,764509777.56398,521958,179124.528,397851774.86668,0
1776099600000,2224.74,2243.00,2221.22,2224.11,203247.597,1776103199999,453423492.54357,320436,97716.767,218096322.65207,0
1776103200000,2224.12,2233.00,2217.42,2231.25,155040.783,1776106799999,345148981.79673,208545,86902.023,193486026.48287,0
1776106800000,2231.26,2268.70,2226.84,2261.20,470360.517,1776110399999,1058363371.72604,526505,251667.063,566246077.82028,0
1776110400000,2261.20,2262.53,2246.39,2251.49,224505.933,1776113999999,506138078.63240,245343,110890.542,249960559.46057,0
1776114000000,2251.49,2268.00,2248.76,2259.00,122911.496,1776117599999,277362441.74355,156254,70327.628,158717201.98236,0
1776117600000,2259.01,2363.00,2258.78,2351.96,959949.152,1776121199999,2229365429.24330,1229391,526833.783,1222682804.68881,0
1776121200000,2351.97,2395.85,2340.50,2368.80,737787.353,1776124799999,1748951153.39194,947142,373372.427,885034537.32982,0
1776124800000,2368.80,2374.76,2359.38,2360.38,214324.982,1776128399999,507279381.21201,373202,95968.227,227197601.92392,0
1776128400000,2360.37,2372.65,2353.87,2367.82,169187.234,1776131999999,399862494.27938,276600,90704.621,214436222.46798,0
1776132000000,2367.82,2378.00,2365.56,2366.51,118596.755,1776135599999,281195846.33733,214964,58608.408,138983063.80451,0
1776135600000,2366.51,2369.94,2361.00,2364.68,73588.458,1776139199999,174094008.56730,141089,34020.192,80488071.75031,0
1776139200000,2364.69,2367.51,2361.07,2363.48,62928.287,1776142799999,148772455.37359,131216,30246.646,71513897.86600,0
1776142800000,2363.49,2368.72,2353.87,2354.96,91270.152,1776146399999,215487277.14614,144379,44699.037,105551637.25304,0
1776146400000,2354.97,2376.09,2354.96,2372.14,130884.574,1776149999999,309714419.93213,166000,80434.182,190325736.30606,0
1776150000000,2372.15,2389.00,2369.33,2376.85,241594.820,1776153599999,574592912.75433,327776,132226.361,314512878.59429,0
1776153600000,2376.85,2395.30,2372.92,2386.80,267632.173,1776157199999,638506204.58254,319203,143317.479,341940108.79021,0
1776157200000,2386.80,2393.80,2381.26,2386.39,162320.675,1776160799999,387667974.02403,221544,79525.804,189962535.25777,0
1776160800000,2386.40,2386.97,2372.16,2374.03,122341.190,1776164399999,291068712.44634,160377,59712.419,142032454.24270,0
1776164400000,2374.02,2377.00,2366.62,2373.12,137044.762,1776167999999,325113053.65764,181204,71661.054,170005630.92505,0
1776168000000,2373.13,2377.00,2367.76,2372.85,128201.001,1776171599999,304110940.48501,199656,66838.892,158570980.24293,0
1776171600000,2372.85,2394.99,2371.34,2390.33,413146.273,1776175199999,985229365.17052,585063,219943.400,524430254.10937,0
1776175200000,2390.32,2416.40,2352.00,2352.08,824821.553,1776178799999,1965467620.55450,963598,431416.684,1029045916.31161,0
1776178800000,2352.08,2370.89,2331.46,2363.24,779469.560,1776182399999,1831031393.12833,773228,422699.180,992997408.95663,0
1776182400000,2363.25,2370.29,2328.88,2332.77,337611.302,1776185999999,792843595.15074,429900,143866.888,338138217.68631,0
1776186000000,2332.78,2344.80,2322.61,2337.54,238371.814,1776189599999,555932242.94860,379156,126330.720,294681806.36926,0
1776189600000,2337.53,2343.42,2307.55,2312.79,286003.816,1776193199999,664466308.23350,421739,140013.553,325390094.37549,0
1776193200000,2312.78,2321.98,2301.60,2312.54,196716.921,1776196799999,454854266.03302,322625,105545.119,244126005.79058,0
1776196800000,2312.56,2322.95,2307.42,2313.93,104017.119,1776200399999,240756572.86031,185119,55577.540,128662384.79500,0
1776200400000,2313.93,2325.27,2313.56,2322.51,93601.526,1776203999999,217108462.46991,147818,55569.030,128893886.85107,0
1776204000000,2322.51,2331.66,2310.20,2314.08,151067.656,1776207599999,350536668.26977,241732,78687.652,182628036.60344,0
1776207600000,2314.07,2325.60,2313.08,2321.17,86875.088,1776211199999,201593154.02363,163452,45641.134,105914646.66150,0
1776211200000,2321.16,2342.07,2320.60,2332.51,161145.563,1776214799999,376061193.24480,277355,86234.465,201241044.75913,0
1776214800000,2332.51,2341.53,2330.08,2334.68,89930.034,1776218399999,210042059.04897,197191,48189.316,112559464.25886,0
1776218400000,2334.67,2337.16,2316.43,2323.71,108731.598,1776221999999,252618256.31317,180413,47907.480,111288178.61885,0
1776222000000,2323.71,2328.59,2319.23,2327.60,54693.211,1776225599999,127099449.58050,117137,26452.366,61476838.95725,0
1776225600000,2327.59,2333.33,2326.48,2332.09,66238.201,1776229199999,154359610.39063,120677,32491.357,75722469.30967,0
1776229200000,2332.10,2337.19,2312.79,2318.29,155799.549,1776232799999,361784016.87098,222667,66658.191,154835590.23342,0
1776232800000,2318.30,2320.00,2314.18,2316.32,65793.030,1776236399999,152445229.45833,103562,30226.817,70042736.90945,0
1776236400000,2316.32,2322.95,2306.80,2315.53,148334.103,1776239999999,343164279.73518,190819,72455.979,167645859.57042,0
1776240000000,2315.52,2332.76,2312.78,2326.50,132032.271,1776243599999,306797651.18159,157967,72440.335,168324471.75134,0
1776243600000,2326.49,2328.72,2317.37,2319.01,61708.464,1776247199999,143266481.23553,115635,28546.911,66277269.82162,0
1776247200000,2319.00,2327.78,2310.93,2315.72,127129.261,1776250799999,294777391.47332,192405,61272.963,142082853.62582,0
1776250800000,2315.72,2340.00,2315.41,2336.20,180479.004,1776254399999,420591311.16385,194390,91957.047,214257720.31442,0
1776254400000,2336.21,2339.02,2328.23,2331.64,115779.940,1776257999999,270225171.86229,186730,57678.745,134643480.81666,0
1776258000000,2331.65,2334.05,2316.17,2325.73,195397.174,1776261599999,454302936.91977,356260,97678.084,227119898.13709,0
1776261600000,2325.72,2343.74,2320.74,2337.24,259481.704,1776265199999,605862081.48226,408781,130654.208,305182075.90003,0
1776265200000,2337.24,2348.88,2319.23,2330.60,308292.639,1776268799999,719287901.13132,420586,167330.650,390512873.14483,0
1776268800000,2330.60,2348.99,2327.40,2340.42,200663.626,1776272399999,469694765.29403,355994,96277.779,225390345.12742,0
1776272400000,2340.42,2358.84,2337.83,2347.57,206170.429,1776275999999,483998412.44779,338012,103816.764,243787875.70814,0
1776276000000,2347.57,2358.68,2344.87,2357.12,110711.174,1776279599999,260439249.96534,242950,56157.765,132118793.60590,0
1776279600000,2357.12,2384.67,2356.00,2373.70,338699.955,1776283199999,802573913.36052,403722,191850.796,454526560.24992,0
1776283200000,2373.69,2374.87,2352.52,2361.61,148433.532,1776286799999,350594474.40302,239948,62278.812,147051332.01913,0
1776286800000,2361.62,2362.62,2347.18,2360.09,90194.909,1776290399999,212335763.38195,155029,42466.781,100007498.85938,0
1776290400000,2360.09,2379.90,2358.85,2362.59,187774.389,1776293999999,445045840.08247,287740,103579.406,245566630.17632,0
1776294000000,2362.58,2362.59,2348.28,2358.87,142090.611,1776297599999,334511890.15164,196899,72292.446,170188391.53342,0
1776297600000,2358.86,2362.88,2348.21,2359.21,72567.912,1776301199999,170979553.26368,176035,35411.513,83441345.23852,0
1776301200000,2359.21,2359.22,2343.27,2350.86,86893.401,1776304799999,204202775.02625,190970,39276.254,92308350.78394,0
1776304800000,2350.86,2368.45,2348.53,2355.49,122109.018,1776308399999,288014339.37050,246329,62558.901,147562207.88558,0
1776308400000,2355.49,2364.75,2354.66,2356.52,63601.346,1776311999999,150034845.05429,151756,35090.355,82781087.09073,0
1776312000000,2356.51,2362.91,2346.59,2352.72,93453.625,1776315599999,220017292.40243,172291,40792.893,96044207.50632,0
1776315600000,2352.72,2360.60,2348.70,2355.72,74290.953,1776319199999,174913774.21384,122355,37441.376,88155255.66979,0
1776319200000,2355.72,2359.47,2348.26,2354.57,60535.494,1776322799999,142486505.82402,112234,27852.090,65549195.07331,0
1776322800000,2354.56,2356.00,2334.00,2340.40,160794.130,1776326399999,376740389.22067,168623,70199.756,164486790.20073,0
1776326400000,2340.39,2344.86,2333.29,2337.84,169020.172,1776329999999,395270029.88869,203859,86504.173,202307368.17755,0
1776330000000,2337.84,2347.06,2336.16,2337.02,101391.939,1776333599999,237366248.22126,139728,50788.257,118899379.38892,0
1776333600000,2337.02,2339.06,2327.11,2331.07,180528.342,1776337199999,420927079.95885,225947,86429.738,201534296.56174,0
1776337200000,2331.07,2335.06,2328.50,2334.42,77887.349,1776340799999,181614575.40606,126721,39860.999,92951114.27482,0
1776340800000,2334.43,2347.40,2333.48,2339.28,169067.321,1776344399999,395656748.60479,175734,85714.813,200611533.70585,0
1776344400000,2339.27,2352.00,2288.00,2307.14,603546.910,1776347999999,1398792586.47682,638161,259062.668,600486021.36957,0
1776348000000,2307.14,2314.90,2282.70,2308.49,620218.045,1776351599999,1425685101.81466,708416,301245.523,692708623.29580,0
1776351600000,2308.48,2348.73,2307.00,2337.60,426220.070,1776355199999,992838762.45362,585090,231243.795,538693157.24268,0
1776355200000,2337.59,2347.68,2307.94,2315.33,370900.266,1776358799999,863295220.00011,477266,177096.446,412469856.99736,0
1776358800000,2315.34,2328.36,2309.00,2324.52,200422.135,1776362399999,464814740.23505,338962,101979.883,236574556.65370,0
1776362400000,2324.52,2345.81,2319.00,2342.14,186476.383,1776365999999,434940369.67801,340026,114022.227,265978078.20986,0
1776366000000,2342.15,2361.00,2333.63,2358.39,248939.266,1776369599999,585132368.64344,351344,146266.691,343868238.00943,0
1776369600000,2358.39,2363.67,2340.12,2348.75,151786.930,1776373199999,356874619.29466,264983,69046.518,162321626.95275,0
1776373200000,2348.76,2355.29,2333.45,2340.00,98871.472,1776376799999,231661734.88118,166353,44846.938,105069850.48308,0
1776376800000,2340.00,2349.55,2337.86,2341.44,108661.891,1776380399999,254553071.68184,169535,50840.363,119101744.88696,0
1776380400000,2341.44,2354.03,2340.79,2346.92,79250.967,1776383999999,186032602.24436,141921,41288.977,96939651.12311,0
1776384000000,2346.93,2349.85,2340.00,2343.30,60765.627,1776387599999,142457383.89613,150317,29602.959,69402143.04756,0
1776387600000,2343.29,2348.00,2325.30,2334.00,159136.983,1776391199999,371395349.32549,232325,77945.739,181929778.02887,0
1776391200000,2334.00,2337.73,2323.24,2330.94,74817.261,1776394799999,174273033.99364,134216,36175.818,84268324.99140,0
1776394800000,2330.94,2330.94,2322.35,2324.46,67144.350,1776398399999,156256233.66874,104712,36138.997,84106308.00575,0
1776398400000,2324.45,2333.12,2322.76,2327.81,52399.216,1776401999999,122036784.14907,91203,30197.448,70333596.00090,0
1776402000000,2327.80,2328.12,2314.08,2318.27,91368.414,1776405599999,212002571.06227,146385,40853.939,94800395.68295,0
1776405600000,2318.26,2331.27,2316.52,2329.96,74257.499,1776409199999,172643505.66861,117348,38999.856,90682372.67085,0
1776409200000,2329.96,2340.88,2328.84,2333.24,124492.009,1776412799999,290738914.70953,160051,68796.072,160685947.03878,0
1776412800000,2333.23,2358.46,2331.91,2353.80,244807.592,1776416399999,574594379.51356,284248,141770.600,332748123.19990,0
1776416400000,2353.80,2376.96,2346.45,2357.75,333575.643,1776419999999,786734406.84594,417790,173857.244,410239158.01828,0
1776420000000,2357.75,2359.80,2334.74,2342.53,209868.677,1776423599999,492027480.98314,295553,96994.650,227381685.66826,0
1776423600000,2342.53,2355.69,2341.76,2353.63,105599.000,1776427199999,248128918.96635,149913,56344.132,132388914.07921,0
1776427200000,2353.64,2381.52,2348.00,2370.72,334056.588,1776430799999,790147958.50937,464139,183138.460,433272644.61451,0
1776430800000,2370.73,2439.99,2365.34,2435.86,1377940.960,1776434399999,3319378013.59859,1459652,720381.190,1735600037.24029,0
1776434400000,2435.85,2456.32,2424.45,2445.82,660778.024,1776437999999,1612959318.68563,837448,337460.611,823912429.81159,0
1776438000000,2445.82,2448.73,2431.08,2440.71,301563.006,1776441599999,736113687.17330,532680,140064.001,341955959.51600,0
1776441600000,2440.71,2463.86,2440.00,2450.00,316198.361,1776445199999,775353975.53111,439102,160758.501,394266861.39269,0
1776445200000,2449.99,2451.15,2418.77,2439.02,327288.526,1776448799999,796637103.22874,501205,163956.020,399184930.56242,0
1776448800000,2439.02,2441.32,2414.12,2419.01,225653.505,1776452399999,546824850.59004,385160,119225.302,288937395.73192,0
1776452400000,2419.01,2432.28,2416.24,2426.48,120304.253,1776455999999,291782841.68179,251075,61666.982,149570387.26987,0
1776456000000,2426.48,2434.00,2415.42,2425.31,103251.817,1776459599999,250397880.04560,169354,51561.236,125051642.77494,0
1776459600000,2425.30,2432.37,2417.61,2428.26,70761.586,1776463199999,171675425.09906,112360,36052.634,87470267.00374,0
1776463200000,2428.25,2441.65,2421.59,2431.97,126080.648,1776466799999,306656324.26322,205873,67177.292,163411089.62213,0
1776466800000,2431.98,2432.24,2414.14,2417.66,115516.682,1776470399999,279617318.92276,175062,61850.479,149710463.05444,0
1776470400000,2417.65,2422.49,2408.01,2419.81,96228.759,1776473999999,232506111.56492,177147,54424.095,131517493.76434,0
1776474000000,2419.82,2426.62,2415.48,2420.01,53163.656,1776477599999,128742397.87390,125288,27790.084,67305889.05092,0
1776477600000,2420.01,2423.73,2415.80,2418.29,39259.484,1776481199999,94986141.76127,84979,19243.918,46563364.52331,0
1776481200000,2418.29,2419.18,2397.00,2404.00,159679.159,1776484799999,384525795.28576,166899,62465.114,150444959.55330,0
1776484800000,2404.00,2409.29,2398.00,2406.27,120941.439,1776488399999,290722024.78159,154778,58783.556,141310895.57990,0
1776488400000,2406.27,2412.38,2404.50,2407.60,49734.331,1776491999999,119771479.18546,77403,27420.513,66038095.64896,0
1776492000000,2407.61,2410.74,2403.79,2408.35,37209.869,1776495599999,89605919.14455,66171,20444.914,49236880.43743,0
1776495600000,2408.36,2409.78,2400.41,2402.38,50341.212,1776499199999,121044283.92279,81301,24603.859,59160960.54632,0
1776499200000,2402.38,2403.84,2365.00,2379.29,528853.754,1776502799999,1259594132.84311,471715,229191.394,545788268.41834,0
1776502800000,2379.29,2379.30,2367.16,2374.58,153527.915,1776506399999,364527622.22881,183881,81760.506,194115507.60219,0
1776506400000,2374.59,2374.66,2352.60,2357.97,278199.687,1776509999999,656378397.47779,290764,136753.853,322618615.99655,0
1776510000000,2357.97,2359.18,2341.52,2351.45,236469.782,1776513599999,555975341.42791,311815,111783.853,262842740.81374,0
1776513600000,2351.46,2362.80,2350.10,2356.49,142604.050,1776517199999,335971210.08446,210188,68624.340,161687425.96831,0
1776517200000,2356.49,2358.82,2343.56,2353.94,129500.542,1776520799999,304521235.98915,197861,63881.634,150207302.80224,0
1776520800000,2353.94,2364.98,2347.55,2363.38,124786.692,1776524399999,294176876.93130,164716,63681.838,150144989.88816,0
1776524400000,2363.38,2368.97,2356.80,2361.99,90461.298,1776527999999,213690505.28957,129808,41393.761,97803536.42645,0
1776528000000,2361.98,2374.15,2352.81,2359.17,171011.615,1776531599999,404129038.46387,212127,88991.934,210404212.56102,0
1776531600000,2359.17,2363.40,2351.27,2360.00,73231.040,1776535199999,172742481.88468,115195,35594.359,83969869.85565,0
1776535200000,2359.99,2362.32,2337.00,2346.01,230049.315,1776538799999,539953806.96433,257180,99437.493,233468103.23611,0
1776538800000,2346.01,2354.49,2345.10,2347.04,66577.736,1776542399999,156414853.90134,111156,34059.783,80022302.65905,0
1776542400000,2347.04,2353.45,2343.42,2351.00,52786.114,1776545999999,123972072.38242,101692,30094.069,70678223.33475,0
1776546000000,2350.99,2353.96,2345.84,2353.85,44681.987,1776549599999,105024391.48059,76702,25785.421,60613646.91150,0
1776549600000,2353.84,2358.00,2347.23,2355.00,49307.480,1776553199999,116042275.67461,89367,25994.868,61178544.41496,0
1776553200000,2354.99,2358.57,2348.01,2348.99,35830.133,1776556799999,84322242.45203,58882,14670.814,34531934.64452,0
1776556800000,2348.99,2353.99,2343.00,2347.58,61429.074,1776560399999,144183606.28090,97201,29660.024,69619931.68534,0
1776560400000,2347.59,2351.71,2340.18,2346.29,58376.665,1776563999999,136894223.38553,91839,27784.972,65167991.29397,0
1776564000000,2346.29,2347.92,2332.04,2336.91,116909.611,1776567599999,273435572.73714,173020,57240.188,133898757.19325,0
1776567600000,2336.92,2342.91,2330.15,2338.60,71520.940,1776571199999,167178255.68473,112705,31472.705,73597458.68040,0
1776571200000,2338.61,2344.88,2319.50,2331.99,182715.022,1776574799999,425677316.61422,181919,80457.675,187522317.64354,0
1776574800000,2331.99,2337.36,2327.42,2331.24,62118.388,1776578399999,144872570.22960,92400,31510.594,73496868.80145,0
1776578400000,2331.23,2331.84,2320.00,2326.09,131545.778,1776581999999,306029425.07495,166330,62528.935,145474272.48503,0
1776582000000,2326.08,2326.09,2291.29,2314.27,385669.888,1776585599999,890412176.45576,419278,168038.107,387984202.29183,0
1776585600000,2314.27,2319.50,2309.32,2317.09,88623.642,1776589199999,205144960.45247,146835,45734.392,105872162.32688,0
1776589200000,2317.09,2317.81,2304.23,2308.72,84663.080,1776592799999,195701679.38105,140813,39261.697,90762061.90697,0
1776592800000,2308.72,2318.93,2305.07,2316.38,75927.697,1776596399999,175562106.10006,123892,41636.063,96271683.91809,0
1776596400000,2316.38,2329.99,2315.76,2327.66,143994.314,1776599999999,334735736.93279,196413,78572.236,182640226.05176,0
1776600000000,2327.66,2335.71,2322.44,2329.40,162722.797,1776603599999,378991435.29313,215042,88248.075,205570155.34972,0
1776603600000,2329.39,2348.92,2328.57,2336.84,232818.370,1776607199999,544657967.66255,299504,125745.268,294199032.30676,0
1776607200000,2336.83,2341.66,2325.27,2336.44,141901.706,1776610799999,331129864.49457,227311,70175.935,163788319.50993,0
1776610800000,2336.44,2340.25,2313.39,2329.47,156097.276,1776614399999,363008243.84868,253325,69970.696,162767268.73054,0
1776614400000,2329.46,2330.05,2302.00,2310.36,206141.865,1776617999999,477203896.34498,302491,93989.529,217612739.47960,0
1776618000000,2310.36,2316.27,2292.00,2295.00,287677.313,1776621599999,662439697.95460,390358,123898.362,285407986.46015,0
1776621600000,2294.99,2300.48,2286.30,2294.80,181795.915,1776625199999,416912694.82614,310173,88426.397,202814905.03712,0
1776625200000,2294.80,2304.00,2292.88,2298.63,83554.891,1776628799999,192037465.83397,162134,43482.965,99945786.77781,0
1776628800000,2298.63,2299.04,2271.52,2279.38,200044.159,1776632399999,456891079.11917,291713,85194.478,194625195.58482,0
1776632400000,2279.38,2289.13,2273.30,2274.60,97354.023,1776635999999,222175812.48953,175087,47272.006,107882979.47198,0
1776636000000,2274.58,2274.88,2250.91,2268.76,387875.106,1776639599999,877547588.89756,600225,190013.621,429892938.80945,0
1776639600000,2268.75,2269.72,2255.00,2262.20,132994.379,1776643199999,300948430.82764,256374,65148.661,147433107.20325,0
1776643200000,2262.21,2281.99,2258.30,2278.49,172610.162,1776646799999,392395175.91097,261671,85023.469,193282393.11666,0
1776646800000,2278.49,2292.91,2276.64,2284.73,139416.992,1776650399999,318649084.68871,201576,72071.577,164725731.96660,0
1776650400000,2284.72,2286.79,2270.40,2276.31,120491.209,1776653999999,274437812.92223,159640,64260.899,146367352.40906,0
1776654000000,2276.30,2287.66,2274.65,2285.07,74298.950,1776657599999,169481905.17634,114992,42586.816,97136482.95711,0
1776657600000,2285.08,2285.08,2277.63,2282.19,58835.887,1776661199999,134219320.12969,91346,28958.814,66060390.20606,0
1776661200000,2282.19,2282.19,2262.06,2269.01,127503.388,1776664799999,289336819.39149,165809,55592.555,126126678.77977,0
1776664800000,2269.01,2288.36,2267.60,2284.96,120148.438,1776668399999,273845323.09635,187009,65098.812,148393840.63842,0
1776668400000,2284.96,2331.88,2281.55,2296.82,548302.816,1776671999999,1264172212.03856,599783,282731.222,651968606.63623,0
1776672000000,2296.83,2307.00,2288.13,2292.69,159308.912,1776675599999,365819748.10287,254994,78826.207,181042684.85007,0
1776675600000,2292.68,2312.88,2291.99,2307.78,152057.240,1776679199999,350479763.88339,249755,82560.748,190271328.29995,0
1776679200000,2307.78,2319.19,2301.66,2302.12,123716.295,1776682799999,285876708.20958,202932,60220.200,139185893.99831,0
1776682800000,2302.12,2311.27,2298.22,2306.94,104630.857,1776686399999,241257623.46000,186373,50987.144,117562247.19744,0
1776686400000,2306.95,2322.60,2303.00,2317.63,161915.879,1776689999999,374482451.78864,270320,76076.840,175976291.84843,0
1776690000000,2317.63,2326.00,2300.00,2309.46,285987.178,1776693599999,661301229.89574,458232,139559.484,322836592.93448,0
1776693600000,2309.46,2321.00,2281.28,2289.55,415481.453,1776697199999,955768583.78297,626607,200187.225,460584535.67240,0
1776697200000,2289.56,2318.34,2276.71,2312.71,363041.127,1776700799999,835148985.73828,555483,183771.403,422881069.77685,0
1776700800000,2312.72,2313.59,2297.12,2298.99,125231.601,1776704399999,288515454.36181,256863,59063.483,136074519.44478,0
1776704400000,2298.99,2321.69,2296.51,2316.04,168991.687,1776707999999,390916221.75863,313698,92188.194,213274229.35825,0
1776708000000,2316.04,2343.27,2316.04,2332.89,416589.427,1776711599999,971015523.56139,438044,221213.841,515635660.95936,0
1776711600000,2332.90,2334.84,2325.42,2330.39,117314.177,1776715199999,273303548.94497,177165,52789.854,122979431.95159,0
1776715200000,2330.39,2338.93,2323.58,2336.29,149886.338,1776718799999,349556053.03943,180114,72272.630,168538807.06863,0
1776718800000,2336.29,2346.84,2312.07,2320.09,196116.928,1776722399999,456614028.62121,238177,97787.549,227758366.14048,0
1776722400000,2320.10,2327.44,2315.04,2318.15,63617.056,1776725999999,147630675.66346,140403,31981.059,74223512.96294,0
1776726000000,2318.14,2318.15,2306.01,2312.59,79649.210,1776729599999,184055413.59565,135129,38403.503,88739026.88777,0
1776729600000,2312.59,2323.48,2310.23,2320.67,78045.598,1776733199999,180767568.14310,165120,41963.382,97202194.57616,0
1776733200000,2320.66,2325.42,2311.11,2313.78,72079.488,1776736799999,167163082.65270,135072,35014.095,81215125.58181,0
1776736800000,2313.78,2314.38,2304.47,2307.06,84165.303,1776740399999,194308734.92825,129810,40306.838,93059483.05829,0
1776740400000,2307.05,2311.66,2297.51,2310.14,101094.798,1776743999999,232916705.72285,146359,51558.646,118810324.81016,0
1776744000000,2310.13,2315.00,2302.90,2313.08,77962.667,1776747599999,179991818.48190,108693,40314.354,93086718.52745,0
1776747600000,2313.09,2319.70,2311.38,2312.90,64644.727,1776751199999,149652644.82920,109240,29923.110,69277075.88451,0
1776751200000,2312.89,2327.11,2306.41,2316.12,99754.315,1776754799999,231142014.88007,150515,54669.307,126714077.63663,0
1776754800000,2316.12,2323.47,2310.17,2316.96,92043.709,1776758399999,213280054.26715,166377,51942.802,120361725.95904,0
1776758400000,2316.95,2337.99,2312.61,2322.09,174563.893,1776761999999,405754109.87856,237072,95643.032,222351792.34607,0
1776762000000,2322.09,2326.53,2317.00,2324.32,90114.819,1776765599999,209224980.43689,151325,44268.588,102784901.04732,0
1776765600000,2324.33,2336.00,2323.66,2329.69,114033.026,1776769199999,265715018.78606,171584,60099.610,140051060.51806,0
1776769200000,2329.68,2330.15,2314.07,2318.91,174315.043,1776772799999,404569194.93862,231066,75987.040,176366198.78395,0
1776772800000,2318.91,2323.57,2292.54,2307.01,315607.947,1776776399999,728013244.13964,382460,151715.563,350034572.39102,0
1776776400000,2307.01,2316.18,2299.20,2311.65,177940.511,1776779999999,410530481.64663,359066,84489.690,194958614.10422,0
1776780000000,2311.65,2326.54,2293.31,2297.93,291659.139,1776783599999,674163555.85522,500221,139026.303,321465975.72226,0
1776783600000,2297.92,2310.00,2288.79,2309.31,248110.686,1776787199999,570766522.96389,449317,119148.348,274183787.45089,0
1776787200000,2309.30,2323.83,2305.02,2306.15,206039.179,1776790799999,476759168.38910,331313,110055.768,254702694.12214,0
1776790800000,2306.15,2318.54,2280.82,2305.13,363372.063,1776794399999,836335086.02454,529181,179773.023,413878586.07632,0
1776794400000,2305.13,2312.45,2299.15,2311.47,111955.663,1776797999999,258072329.29784,269267,55488.441,127918993.57332,0
1776798000000,2311.47,2330.00,2285.58,2297.04,415212.564,1776801599999,957675844.11502,540352,199228.043,459773044.54098,0
1776801600000,2297.04,2324.99,2293.50,2313.31,336128.837,1776805199999,778107853.78931,389945,192652.131,446063354.07979,0
1776805200000,2313.30,2317.10,2308.47,2311.25,45466.217,1776808799999,105124779.09317,91559,21175.000,48961628.12398,0
1776808800000,2311.25,2315.88,2299.53,2310.06,87264.685,1776812399999,201289557.80514,159382,34986.874,80726855.23879,0
1776812400000,2310.06,2328.69,2309.61,2326.13,97415.583,1776815999999,226135795.05128,178731,51731.358,120087433.61366,0
1776816000000,2326.12,2329.55,2321.27,2324.23,83052.903,1776819599999,193103202.59617,167860,40423.448,93987262.94546,0
1776819600000,2324.23,2327.67,2311.41,2321.42,108729.954,1776823199999,252172988.01881,175123,55769.987,129361564.24910,0
1776823200000,2321.42,2375.22,2318.93,2369.68,575961.768,1776826799999,1354289027.97111,686663,328138.683,771486987.72485,0
1776826800000,2369.68,2379.19,2357.24,2362.69,267201.690,1776830399999,632779448.65857,390614,126542.584,299703399.29098,0
1776830400000,2362.69,2368.60,2357.26,2362.79,89099.031,1776833999999,210507263.42703,164631,45463.439,107429003.09806,0
1776834000000,2362.80,2414.35,2360.73,2395.84,820209.730,1776837599999,1964200899.37906,818221,448448.481,1073509885.33306,0
1776837600000,2395.84,2396.38,2388.56,2392.40,150577.121,1776841199999,360102140.69913,205905,84018.636,200921558.30529,0
1776841200000,2392.40,2396.75,2382.14,2389.24,152919.747,1776844799999,365403573.90628,197550,69378.981,165829747.27984,0
1776844800000,2389.25,2392.97,2382.15,2387.23,105617.197,1776848399999,252083049.44116,172753,54192.946,129348982.46635,0
1776848400000,2387.22,2393.28,2383.51,2386.64,78897.633,1776851999999,188483361.17986,146677,42054.942,100479512.86382,0
1776852000000,2386.64,2392.84,2384.01,2389.18,49463.132,1776855599999,118174855.28240,107674,24510.599,58561530.21017,0
1776855600000,2389.18,2399.84,2385.50,2397.59,115653.190,1776859199999,276738960.71002,182712,58577.102,140182550.74730,0
1776859200000,2397.59,2406.27,2395.01,2403.85,187643.324,1776862799999,450360150.78647,281476,106451.015,255516889.83568,0
1776862800000,2403.85,2423.00,2400.02,2416.31,360331.004,1776866399999,868680901.80189,560084,195369.279,471049696.49805,0
1776866400000,2416.32,2422.55,2390.69,2402.03,362159.344,1776869999999,871340232.04535,538242,172985.612,416205831.41977,0
1776870000000,2402.03,2412.88,2388.76,2402.69,306803.133,1776873599999,737347444.51937,394045,168963.430,406135613.09145,0
1776873600000,2402.69,2412.82,2383.29,2385.36,220111.273,1776877199999,527312578.01906,351900,106448.972,255081315.75826,0
1776877200000,2385.37,2401.82,2385.36,2398.33,146793.558,1776880799999,351424032.68047,272823,76871.247,184022026.74724,0
1776880800000,2398.32,2403.76,2393.86,2396.10,107223.848,1776884399999,257285214.96446,180312,56009.803,134397571.50188,0
1776884400000,2396.10,2406.57,2388.00,2396.75,161118.423,1776887999999,386199238.53509,257014,86285.567,206813268.25730,0
1776888000000,2396.76,2401.49,2389.80,2390.97,95702.044,1776891599999,229253473.30579,148848,43390.264,103944772.37603,0
1776891600000,2390.97,2405.20,2390.69,2401.71,50823.741,1776895199999,121934954.25988,88210,29485.137,70725100.57617,0
1776895200000,2401.72,2404.60,2393.09,2398.95,55444.010,1776898799999,132996506.32453,128130,30742.318,73740029.20658,0
1776898800000,2398.96,2399.63,2372.60,2373.04,207936.870,1776902399999,495289789.24530,240263,102350.686,243796211.95246,0
1776902400000,2373.05,2381.85,2340.26,2371.89,412972.697,1776905999999,976305337.90760,643609,208944.507,494202968.28031,0
1776906000000,2371.90,2372.00,2359.48,2365.94,103520.854,1776909599999,244836907.24669,230123,52317.469,123743071.51886,0
1776909600000,2365.95,2366.23,2342.08,2350.78,242091.610,1776913199999,569461448.18486,343899,106882.435,251408134.86842,0
1776913200000,2350.78,2352.40,2330.00,2339.62,260236.659,1776916799999,608568221.39832,325827,136881.494,320065747.10285,0
1776916800000,2339.62,2347.50,2336.00,2346.38,106582.430,1776920399999,249663255.24859,157077,57108.807,133788742.89129,0
1776920400000,2346.38,2351.27,2338.96,2347.52,132762.737,1776923999999,311470008.72848,179902,64300.454,150895311.92227,0
1776924000000,2347.52,2357.72,2347.52,2353.24,125930.384,1776927599999,296365618.91395,169234,66460.434,156410047.96756,0
1776927600000,2353.24,2355.69,2338.91,2342.81,152332.023,1776931199999,357515767.89506,193821,62821.309,147451591.77713,0
1776931200000,2342.81,2343.72,2333.33,2338.55,189658.197,1776934799999,443502880.37818,236183,81989.230,191723354.35301,0
1776934800000,2338.55,2338.55,2310.00,2314.77,458078.463,1776938399999,1063080525.89241,362237,213503.831,495372623.10994,0
1776938400000,2314.77,2317.91,2303.90,2312.89,247929.404,1776941999999,572743075.54646,273385,113430.920,262071954.46993,0
1776942000000,2312.89,2331.39,2312.89,2327.93,204651.132,1776945599999,475225406.48757,212025,106303.229,246823895.19518,0
1776945600000,2327.92,2334.27,2318.77,2327.88,217542.547,1776949199999,506107949.52028,230722,96779.638,225202841.64564,0
1776949200000,2327.87,2331.56,2314.08,2318.51,158321.232,1776952799999,367563911.83553,270080,78296.560,181774650.92379,0
1776952800000,2318.50,2333.83,2315.00,2332.87,171718.276,1776956399999,399507316.30197,306532,94081.388,218878522.65867,0
1776956400000,2332.87,2343.36,2322.28,2332.17,229958.202,1776959999999,536585850.39834,307225,110571.057,258043448.10785,0
1776960000000,2332.17,2334.88,2322.03,2325.07,100615.144,1776963599999,234361331.15687,183620,51151.741,119153523.17584,0
1776963600000,2325.06,2328.24,2283.31,2308.87,547414.435,1776967199999,1260894176.34194,699514,256425.033,590583487.87685,0
1776967200000,2308.87,2318.00,2302.95,2303.92,215939.433,1776970799999,499093563.92340,307853,99575.913,230177208.88465,0
1776970800000,2303.93,2317.82,2299.00,2311.78,136422.300,1776974399999,315026408.08830,193741,67442.583,155739770.75272,0
1776974400000,2311.77,2328.70,2311.42,2324.07,122815.412,1776977999999,285200503.79742,144007,61499.657,142800514.06306,0
1776978000000,2324.08,2328.00,2319.45,2320.12,68296.620,1776981599999,158705169.01034,80888,32859.821,76357202.44243,0
1776981600000,2320.12,2337.76,2320.08,2330.53,109046.351,1776985199999,254251726.51947,162442,57297.739,133592697.35516,0
1776985200000,2330.53,2332.21,2322.24,2328.94,62451.074,1776988799999,145367917.05633,91019,26780.287,62336957.14370,0
1776988800000,2328.94,2336.46,2325.50,2331.34,67904.885,1776992399999,158337080.81268,126272,36142.439,84281239.81176,0
1776992400000,2331.35,2333.29,2317.28,2331.76,112935.117,1776995999999,262551243.92228,158211,49955.086,116153026.15228,0
1776996000000,2331.76,2334.36,2312.95,2318.48,117097.321,1776999599999,272086799.26885,147928,46572.533,108255517.38452,0
1776999600000,2318.47,2321.81,2298.54,2307.14,173595.989,1777003199999,400576033.85882,214609,80455.326,185662813.17432,0
1777003200000,2307.15,2310.33,2298.44,2304.89,92868.869,1777006799999,214099913.55364,127632,47786.814,110186619.81603,0
1777006800000,2304.90,2316.19,2298.51,2313.80,98374.901,1777010399999,226954068.22449,144912,55144.292,127249776.57998,0
1777010400000,2313.80,2316.13,2306.99,2307.91,71145.360,1777013999999,164439378.78065,108562,32618.209,75404816.62935,0
1777014000000,2307.90,2315.32,2307.18,2310.49,93346.510,1777017599999,215773091.85582,99717,41361.344,95606419.89834,0
1777017600000,2310.49,2321.94,2305.92,2313.81,121891.939,1777021199999,282073126.51627,150227,70164.492,162396909.83338,0
1777021200000,2313.82,2314.54,2301.66,2308.69,101203.755,1777024799999,233463321.33624,143620,47409.228,109371846.44186,0
1777024800000,2308.69,2318.07,2304.47,2314.55,74781.148,1777028399999,172898457.50464,122499,39023.238,90234314.07585,0
1777028400000,2314.54,2331.00,2314.54,2326.70,270818.116,1777031999999,629998398.80841,303148,156839.259,364840471.26806,0
1777032000000,2326.71,2330.36,2316.59,2323.82,168518.450,1777035599999,391820152.14780,192496,86466.621,201095634.80748,0
1777035600000,2323.83,2330.03,2309.10,2315.70,209490.591,1777039199999,486024589.78588,311892,96338.298,223587047.52317,0
1777039200000,2315.70,2317.17,2302.21,2312.17,254681.612,1777042799999,588286056.54247,340924,122240.230,282405120.42229,0
1777042800000,2312.17,2328.79,2300.00,2322.72,241130.239,1777046399999,558146276.18337,295148,125642.852,290925793.13418,0
1777046400000,2322.73,2323.39,2308.33,2315.47,124779.080,1777049999999,288898375.39152,179604,62377.646,144411002.53677,0
1777050000000,2315.48,2321.11,2307.27,2318.53,98261.139,1777053599999,227473475.34644,162366,53603.837,124096839.49258,0
1777053600000,2318.53,2320.33,2308.00,2318.73,74208.375,1777057199999,171758581.76547,133854,33993.704,78688015.20238,0
1777057200000,2318.73,2324.00,2317.85,2320.37,53236.544,1777060799999,123542439.86356,99334,27617.727,64091936.35253,0
1777060800000,2320.36,2327.11,2313.47,2325.27,77242.083,1777064399999,179320995.23378,95402,40014.720,92903877.44667,0
1777064400000,2325.27,2326.62,2309.00,2313.69,129318.722,1777067999999,299644932.37318,97864,64287.445,148918739.95294,0
1777068000000,2313.69,2314.86,2305.20,2310.73,52289.910,1777071599999,120819018.08985,80851,20742.534,47927332.74025,0
1777071600000,2310.74,2315.37,2310.74,2313.88,24466.276,1777075199999,56596422.22626,38586,11859.294,27431639.48467,0
1777075200000,2313.87,2314.94,2310.00,2314.86,26114.136,1777078799999,60385248.18132,42247,12692.870,29352933.12612,0
1777078800000,2314.87,2320.00,2314.29,2316.78,35811.288,1777082399999,82995002.31430,48513,20038.158,46439809.62042,0
1777082400000,2316.79,2318.23,2313.07,2316.42,29568.014,1777085999999,68467907.70447,42557,14571.647,33740515.21014,0
1777086000000,2316.42,2319.46,2314.32,2317.51,19313.903,1777089599999,44745175.54421,39268,8896.984,20612891.42307,0
1777089600000,2317.52,2318.17,2315.00,2315.52,17894.414,1777093199999,41453145.38154,29533,8567.998,19849083.29132,0
1777093200000,2315.52,2315.53,2312.05,2314.93,23869.936,1777096799999,55224431.82771,35653,11254.686,26038510.13088,0
1777096800000,2314.93,2316.50,2313.52,2314.99,19742.006,1777100399999,45705400.30283,29685,10330.254,23915331.71112,0
1777100400000,2314.99,2317.99,2313.00,2315.14,25871.519,1777103999999,59887664.98371,33242,14100.036,32642022.05375,0
1777104000000,2315.13,2319.83,2314.71,2318.23,31765.739,1777107599999,73628436.79835,39045,17354.471,40224942.18801,0
1777107600000,2318.24,2322.22,2315.52,2317.80,57137.566,1777111199999,132508065.86002,59184,29420.455,68239256.80279,0
1777111200000,2317.80,2321.50,2317.12,2319.22,35584.025,1777114799999,82522041.05751,44066,18060.426,41884617.78782,0
1777114800000,2319.23,2319.23,2309.51,2312.47,69231.219,1777118399999,160161023.99990,71633,28816.661,66667472.89706,0
1777118400000,2312.47,2315.90,2310.10,2312.06,49494.102,1777121999999,114484996.17337,51218,23378.450,54079754.63421,0
1777122000000,2312.07,2316.77,2312.07,2315.01,24738.176,1777125599999,57274941.38569,36764,13927.440,32244550.81298,0
1777125600000,2315.01,2317.94,2313.78,2314.80,34368.458,1777129199999,79587957.58978,47456,16076.548,37230488.28274,0
1777129200000,2314.80,2317.33,2298.98,2306.65,128160.627,1777132799999,295778639.52649,111623,49727.335,114762282.33522,0
1777132800000,2306.64,2310.00,2298.98,2308.64,121107.598,1777136399999,279318334.53431,120734,57002.019,131481282.77478,0
1777136400000,2308.63,2312.85,2306.00,2307.86,74478.659,1777139999999,171993970.86793,64645,48478.865,111963789.64259,0
1777140000000,2307.85,2312.95,2307.20,2310.49,32633.053,1777143599999,75389266.19285,46305,14432.109,33344154.20705,0
1777143600000,2310.48,2311.26,2306.00,2308.88,29824.632,1777147199999,68860696.19225,41527,13061.015,30156128.63025,0
1777147200000,2308.89,2312.07,2307.80,2311.93,25721.981,1777150799999,59417834.83828,33641,11625.521,26854903.11163,0
1777150800000,2311.92,2316.48,2311.31,2314.60,35115.627,1777154399999,81271482.11376,48131,19204.425,44448732.14023,0
1777154400000,2314.60,2319.59,2313.89,2316.57,31709.677,1777157999999,73472560.23215,50653,16466.315,38154906.25280,0
1777158000000,2316.57,2318.55,2315.65,2318.21,25102.863,1777161599999,58177800.37666,36498,14052.565,32567999.35927,0
1777161600000,2318.21,2318.58,2310.00,2314.00,40770.893,1777165199999,94362750.18458,48437,15927.840,36866972.72083,0
1777165200000,2314.00,2316.86,2312.00,2312.69,29009.652,1777168799999,67136398.01491,41743,12473.813,28868537.96218,0
1777168800000,2312.70,2317.51,2312.19,2313.98,23980.952,1777172399999,55523453.13737,35535,11447.602,26506559.49461,0
1777172400000,2313.98,2315.37,2305.07,2308.64,58771.598,1777175999999,135699760.14716,58281,24999.580,57721567.31897,0
1777176000000,2308.64,2318.63,2307.38,2316.22,66498.586,1777179599999,153894497.55554,70378,36872.832,85340396.03467,0
1777179600000,2316.23,2336.63,2316.13,2326.78,259205.286,1777183199999,603398651.03993,231188,132781.316,309088239.28122,0
1777183200000,2326.78,2332.80,2325.85,2328.89,67025.687,1777186799999,156106933.91660,73025,33223.335,77389136.53919,0
1777186800000,2328.90,2331.25,2327.04,2330.23,34940.429,1777190399999,81369771.99012,45406,17617.923,41031315.36386,0
1777190400000,2330.23,2336.99,2329.25,2331.29,84689.060,1777193999999,197535106.02570,80954,46028.736,107366800.32221,0
1777194000000,2331.30,2334.38,2328.05,2333.35,44578.179,1777197599999,103913683.72293,53148,21180.223,49374776.13896,0
1777197600000,2333.34,2335.50,2330.35,2331.66,33149.651,1777201199999,77329332.86417,42696,16113.021,37589878.59282,0
1777201200000,2331.66,2336.56,2331.30,2334.78,48234.233,1777204799999,112593455.75558,54983,25461.983,59440856.96064,0
1777204800000,2334.78,2335.00,2321.97,2327.88,84096.892,1777208399999,195837245.93866,84532,33035.912,76941573.48916,0
1777208400000,2327.87,2334.94,2326.71,2333.90,67345.550,1777211999999,157001511.92074,72896,38944.791,90792518.92337,0
1777212000000,2333.89,2351.60,2332.08,2345.02,262328.413,1777215599999,615342573.23140,232631,151549.006,355483948.05087,0
1777215600000,2345.01,2347.88,2342.67,2347.00,65853.088,1777219199999,154441931.80336,76896,32233.956,75597827.69562,0
1777219200000,2347.00,2348.50,2341.59,2341.60,80715.694,1777222799999,189272992.62545,72123,40411.391,94765716.97354,0
1777222800000,2341.59,2348.70,2339.11,2348.14,48773.846,1777226399999,114335604.44546,67661,22752.325,53347145.82483,0
1777226400000,2348.15,2367.85,2346.00,2360.41,237632.272,1777229999999,560815626.10865,223271,140845.867,332370942.32544,0
1777230000000,2360.41,2376.51,2357.86,2366.18,158930.191,1777233599999,376306775.62827,181441,89436.554,211784718.32999,0
1777233600000,2366.19,2371.80,2360.69,2360.89,83444.086,1777237199999,197499862.62550,81931,44364.018,105033924.33269,0
1777237200000,2360.89,2369.93,2347.00,2363.11,169164.705,1777240799999,398926090.97510,205860,77341.868,182435942.77502,0
1777240800000,2363.11,2379.99,2351.81,2360.31,181489.856,1777244399999,429368519.49880,271858,92033.813,217794763.14549,0
1777244400000,2360.31,2377.67,2355.40,2368.32,153325.323,1777247999999,362940163.67762,210271,86271.344,204211467.53206,0
1777248000000,2368.32,2392.00,2356.12,2389.82,236512.125,1777251599999,562027930.59503,271673,134673.306,320297902.27275,0
1777251600000,2389.87,2403.99,2376.19,2393.56,285311.074,1777255199999,681979677.77739,389186,142783.882,341397506.83945,0
1777255200000,2393.56,2396.00,2386.01,2391.01,86025.820,1777258799999,205678811.96198,154806,41771.865,99875479.60669,0
1777258800000,2391.00,2399.87,2389.34,2393.68,94283.164,1777262399999,225851418.14760,146670,50606.341,121231814.91727,0
1777262400000,2393.68,2394.92,2379.46,2381.92,107191.044,1777265999999,255879628.01703,146546,45513.300,108642994.09205,0
1777266000000,2381.92,2382.73,2317.00,2321.55,835771.078,1777269599999,1955483759.62499,765561,401275.290,938033977.94344,0
1777269600000,2321.54,2327.58,2310.09,2319.41,261132.931,1777273199999,605716673.35298,277959,128740.437,298721515.50269,0
1777273200000,2319.40,2322.58,2313.47,2314.50,110191.406,1777276799999,255388207.85943,152400,59433.825,137754321.80963,0
1777276800000,2314.50,2318.54,2307.42,2318.29,179870.753,1777280399999,416045564.38184,218716,88554.715,204854560.04456,0
1777280400000,2318.29,2324.29,2314.00,2320.61,103726.633,1777283999999,240642740.18746,129525,56249.289,130505415.01619,0
1777284000000,2320.60,2322.50,2317.17,2318.58,47993.613,1777287599999,111322158.36030,77848,22072.964,51200705.32025,0
1777287600000,2318.58,2321.52,2315.38,2318.77,43289.624,1777291199999,100363648.42461,75705,21083.502,48883154.29281,0
1777291200000,2318.76,2319.66,2311.16,2312.88,77486.743,1777294799999,179381518.93958,111724,34256.897,79313695.40251,0
1777294800000,2312.87,2319.67,2301.11,2311.01,218081.565,1777298399999,503650653.12789,273088,101040.572,233408543.61322,0
1777298400000,2311.01,2328.72,2307.31,2313.82,244700.827,1777301999999,567461472.31487,322541,122029.207,283030638.13162,0
1777302000000,2313.82,2314.12,2263.88,2273.52,787891.783,1777305599999,1800239162.91075,657345,350197.605,799976592.21542,0
1777305600000,2273.52,2279.52,2268.48,2276.49,149193.299,1777309199999,339355266.46685,197798,74242.200,168897420.55597,0
1777309200000,2276.50,2291.00,2276.49,2285.20,163402.348,1777312799999,373435073.12214,186069,89152.055,203727756.09734,0
1777312800000,2285.19,2290.39,2282.76,2287.10,68199.200,1777316399999,155943580.23238,104486,31562.524,72178397.97617,0
1777316400000,2287.09,2289.80,2273.23,2287.76,111037.295,1777319999999,253371624.29363,131561,51063.796,116531134.14691,0
1777320000000,2287.77,2295.00,2287.55,2290.00,75099.545,1777323599999,172062410.52545,91831,38633.498,88516069.32977,0
1777323600000,2289.99,2291.04,2285.29,2285.90,36325.847,1777327199999,83108325.87998,58888,16102.284,36840156.14988,0
1777327200000,2285.89,2294.44,2283.05,2293.15,56280.398,1777330799999,128871522.71310,88688,30794.763,70520386.41842,0
1777330800000,2293.16,2307.26,2289.79,2302.28,97439.664,1777334399999,224007766.20170,109736,54984.169,126423504.19733,0
1777334400000,2302.28,2309.73,2297.88,2305.08,97852.953,1777337999999,225367463.57905,146758,45818.845,105540164.02658,0
1777338000000,2305.08,2307.22,2296.00,2297.35,73986.202,1777341599999,170286840.67813,119203,33322.460,76697757.29450,0
1777341600000,2297.34,2299.56,2278.52,2287.60,141742.923,1777345199999,324350195.87474,174313,58356.390,133543064.63994,0
1777345200000,2287.60,2289.75,2280.26,2289.47,67745.154,1777348799999,154787688.54724,97256,34075.585,77872631.09202,0
1777348800000,2289.47,2293.67,2281.68,2287.25,108626.377,1777352399999,248471207.66455,106622,66856.896,152939742.71253,0
1777352400000,2287.25,2295.77,2285.02,2286.64,97981.780,1777355999999,224399422.66173,112632,63087.121,144498482.15504,0
1777356000000,2286.65,2289.60,2266.54,2276.29,159570.752,1777359599999,363270859.10706,175360,69178.645,157520172.61905,0
1777359600000,2276.29,2287.38,2268.86,2286.49,117962.304,1777363199999,268739690.56369,158202,67022.080,152703427.28813,0
1777363200000,2286.50,2290.32,2282.04,2285.90,81803.774,1777366799999,186965348.49274,120782,34946.699,79883954.71596,0
1777366800000,2285.91,2287.51,2275.45,2281.40,89662.855,1777370399999,204638335.78402,95507,34273.775,78214537.76059,0
1777370400000,2281.40,2286.57,2279.55,2283.44,83680.813,1777373999999,191065622.94177,82360,36510.545,83365525.73827,0
1777374000000,2283.45,2284.46,2269.30,2274.39,137308.902,1777377599999,312255204.42770,188787,66090.378,150294771.84064,0
1777377600000,2274.39,2279.93,2270.50,2277.15,102577.936,1777381199999,233420499.24575,173137,56197.606,127878451.62258,0
1777381200000,2277.16,2284.97,2256.03,2275.34,356202.334,1777384799999,808614882.55851,422097,168667.527,383004294.92399,0
1777384800000,2275.34,2275.60,2259.11,2272.46,204594.564,1777388399999,463772064.15222,339270,104276.276,236407275.00534,0
1777388400000,2272.45,2279.77,2268.00,2278.52,123259.201,1777391999999,280320713.35633,207901,63594.691,144654765.87456,0
1777392000000,2278.53,2287.99,2273.00,2284.81,105034.460,1777395599999,239481743.03188,167433,58143.283,132587214.54119,0
1777395600000,2284.81,2292.24,2277.60,2289.30,123821.995,1777399199999,283053088.58030,158970,62669.044,143276805.12077,0
1777399200000,2289.30,2297.40,2286.40,2295.91,110931.483,1777402799999,254255662.36035,141307,67853.253,155543352.66528,0
1777402800000,2295.91,2304.93,2289.21,2300.87,130388.293,1777406399999,299621328.60844,141418,74234.137,170582050.38336,0
1777406400000,2300.86,2304.83,2294.04,2294.29,59131.229,1777409999999,135902933.15150,89010,24868.738,57170636.01739,0
1777410000000,2294.30,2296.62,2284.22,2289.22,67354.114,1777413599999,154188194.18472,93558,29876.387,68396960.52500,0
1777413600000,2289.22,2293.82,2284.28,2285.18,38325.179,1777417199999,87720134.96041,65603,18091.325,41414516.51115,0
1777417200000,2285.17,2289.21,2282.76,2288.37,36625.365,1777420799999,83727781.18990,56134,20539.908,46958017.86277,0
1777420800000,2288.36,2293.60,2284.50,2291.61,52164.374,1777424399999,119378845.53045,83446,30489.223,69779373.59869,0
1777424400000,2291.61,2296.86,2278.02,2291.60,119919.088,1777427999999,274172885.42310,163417,62179.101,142208620.38457,0
1777428000000,2291.61,2294.65,2283.13,2288.03,80045.983,1777431599999,183189020.59492,96733,37852.131,86620816.95764,0
1777431600000,2288.04,2315.72,2286.68,2310.55,248533.845,1777435199999,572979822.85336,284898,140737.064,324458131.63348,0
1777435200000,2310.54,2342.15,2308.04,2325.86,413398.863,1777438799999,962061948.92463,398822,207608.246,483108833.93628,0
1777438800000,2325.86,2331.36,2321.20,2327.84,138006.683,1777442399999,320998731.42353,161356,68539.317,159437800.98143,0
1777442400000,2327.84,2336.19,2318.61,2323.81,225551.315,1777445999999,525134756.09271,190548,97730.055,227665646.09347,0
1777446000000,2323.81,2329.74,2320.62,2322.82,83248.817,1777449599999,193492464.03116,111854,43397.013,100870355.21032,0
1777449600000,2322.83,2328.16,2319.67,2324.32,82414.461,1777453199999,191486408.94612,119991,42059.032,97721235.10590,0
1777453200000,2324.32,2346.48,2321.69,2338.80,215915.000,1777456799999,504480221.41572,262971,123431.191,288410137.77059,0
1777456800000,2338.81,2346.00,2327.53,2332.37,186191.813,1777460399999,435325392.29901,230972,87309.363,204183625.42988,0
1777460400000,2332.37,2335.00,2327.61,2330.57,95199.983,1777463999999,221904092.93078,134762,46267.531,107853559.37289,0
1777464000000,2330.56,2331.00,2306.06,2315.14,293540.187,1777467599999,679788927.90365,291493,137681.274,318821584.65589,0
1777467600000,2315.14,2317.48,2288.07,2301.91,336447.076,1777471199999,774166971.70012,397959,166074.228,382122139.25864,0
1777471200000,2301.91,2307.04,2292.88,2298.23,160180.315,1777474799999,368375624.60154,248557,80921.501,186111799.01992,0
1777474800000,2298.24,2300.08,2261.88,2271.57,475752.848,1777478399999,1084093217.83056,499757,221520.119,504865734.52932,0
1777478400000,2271.57,2278.19,2260.66,2266.21,241055.115,1777481999999,547254818.32654,269029,112930.648,256435473.93315,0
1777482000000,2266.22,2282.61,2265.01,2282.00,146449.179,1777485599999,332737318.01460,203975,83190.606,189032953.47942,0
1777485600000,2281.97,2284.86,2218.83,2237.85,996933.455,1777489199999,2230696276.59482,939297,474568.599,1061543510.71126,0
1777489200000,2237.86,2241.49,2223.88,2232.35,205590.374,1777492799999,458844572.46979,265761,88695.266,197928565.99488,0
1777492800000,2232.34,2247.74,2229.06,2239.39,199339.880,1777496399999,446367686.05498,253999,92097.371,206226326.57755,0
1777496400000,2239.39,2263.75,2237.34,2251.58,160450.451,1777499999999,360806339.26568,179400,86001.192,193430399.66182,0
1777500000000,2251.57,2257.88,2248.33,2256.38,79162.954,1777503599999,178404710.77155,114576,36573.518,82425889.75762,0
1777503600000,2256.38,2259.33,2248.75,2251.52,74049.825,1777507199999,166908079.74334,131153,30335.390,68379759.78407,0
1777507200000,2251.53,2274.14,2247.65,2271.01,179563.109,1777510799999,406410252.91529,246529,99413.259,225028801.64172,0
1777510800000,2271.00,2277.92,2265.45,2268.09,124776.514,1777514399999,283445957.77875,194625,55312.454,125663621.35249,0
1777514400000,2268.08,2272.27,2234.16,2244.17,237181.513,1777517999999,533358208.15290,338377,111170.996,249954609.66371,0
1777518000000,2244.17,2255.74,2242.70,2251.81,89673.550,1777521599999,201659295.97797,150561,45720.780,102829037.94666,0
1777521600000,2251.82,2252.99,2235.42,2237.89,128795.253,1777525199999,288843009.42736,174536,63580.717,142577860.69544,0
1777525200000,2237.88,2247.40,2230.10,2241.77,116133.568,1777528799999,260189377.26002,152967,62728.581,140584430.01627,0
1777528800000,2241.78,2251.51,2240.85,2246.81,81251.543,1777532399999,182489249.47504,124747,38197.250,85801590.48065,0
1777532400000,2246.81,2261.41,2241.30,2258.99,180728.319,1777535999999,407195300.07195,175862,96068.156,216485325.89193,0
1777536000000,2259.00,2261.00,2253.44,2255.26,95060.228,1777539599999,214566420.28517,134987,41395.860,93443216.89791,0
1777539600000,2255.26,2270.00,2254.54,2260.60,118664.878,1777543199999,268569327.29105,154407,63108.300,142871328.44938,0
1777543200000,2260.59,2264.55,2255.32,2260.52,71465.843,1777546799999,161496726.92383,114020,32825.865,74178536.69153,0
1777546800000,2260.53,2273.00,2250.87,2257.05,170124.853,1777550399999,384633295.49969,179806,80041.706,180969514.55188,0
1777550400000,2257.05,2269.83,2256.47,2264.12,107741.012,1777553999999,243905582.79186,151772,52766.058,119450536.42736,0
1777554000000,2264.11,2271.36,2253.33,2262.47,147597.259,1777557599999,334022001.38615,272014,67125.211,151916711.73145,0
1777557600000,2262.48,2269.69,2244.96,2260.83,229082.039,1777561199999,516942748.46464,349864,108912.381,245777024.03586,0
1777561200000,2260.83,2274.80,2256.21,2264.61,121432.481,1777564799999,275144528.68674,196589,63738.990,144444535.98745,0
1777564800000,2264.60,2266.09,2254.01,2255.80,59625.110,1777568399999,134744618.79387,121241,25948.104,58643993.95350,0
1777568400000,2255.81,2259.50,2250.05,2256.88,82845.179,1777571999999,186803167.70071,138286,40511.168,91351708.85806,0
1777572000000,2256.88,2264.70,2253.40,2258.57,61458.363,1777575599999,138820300.90396,109625,38444.189,86841927.07719,0
1777575600000,2258.58,2265.91,2256.80,2260.70,50829.400,1777579199999,114987377.72858,101831,26043.473,58916579.44218,0
1777579200000,2260.71,2266.35,2259.20,2262.83,33570.374,1777582799999,75962841.79901,67883,15059.578,34078225.58261,0
1777582800000,2262.83,2263.50,2252.45,2255.09,43573.036,1777586399999,98357558.29587,68014,15081.716,34049403.79841,0
1777586400000,2255.10,2260.32,2250.98,2253.10,32176.470,1777589999999,72572289.66547,60946,14769.564,33320163.07327,0
1777590000000,2253.09,2258.00,2252.61,2256.49,27132.284,1777593599999,61195507.44225,52582,14049.228,31686909.23682,0
1777593600000,2256.50,2264.97,2256.03,2258.84,53395.836,1777597199999,120745053.98520,83724,29762.192,67300141.19231,0
1777597200000,2258.84,2269.57,2258.55,2266.54,64623.659,1777600799999,146387959.80438,88302,30197.696,68401179.18798,0
1777600800000,2266.54,2268.91,2262.99,2265.70,47198.776,1777604399999,106926303.46389,66297,21215.583,48068187.05296,0
1777604400000,2265.69,2294.99,2264.79,2281.60,325167.503,1777607999999,742401734.05058,302752,182674.224,416978873.39640,0
1777608000000,2281.60,2284.69,2276.25,2278.75,87987.622,1777611599999,200635135.26040,106160,39541.959,90172139.72570,0
1777611600000,2278.75,2285.80,2277.04,2282.21,50883.213,1777615199999,116143808.56727,70433,29158.281,66558937.55365,0
1777615200000,2282.22,2285.86,2270.62,2276.14,109870.258,1777618799999,250365376.34179,117281,55086.908,125546477.09254,0
1777618800000,2276.14,2280.18,2272.00,2278.54,65697.135,1777622399999,149537619.87968,81017,32468.685,73908514.55599,0
1777622400000,2278.55,2287.49,2276.16,2285.69,99353.706,1777625999999,226920549.10075,116051,50946.253,116354711.30349,0
1777626000000,2285.69,2285.91,2278.60,2280.75,57322.434,1777629599999,130817473.41404,69184,27087.457,61818907.99213,0
1777629600000,2280.76,2284.98,2275.68,2281.31,54040.027,1777633199999,123216663.85950,69936,28584.581,65181036.12427,0
1777633200000,2281.31,2292.33,2280.50,2285.32,78666.108,1777636799999,179804086.92145,96816,43454.301,99331216.24094,0
1777636800000,2285.32,2311.50,2282.68,2300.05,450630.067,1777640399999,1036929552.24854,365238,234810.039,540283456.48029,0
1777640400000,2300.06,2323.25,2300.05,2317.06,363493.654,1777643999999,840380006.45805,367431,198276.422,458471824.56160,0
1777644000000,2317.05,2324.64,2300.10,2306.80,276377.663,1777647599999,639016445.73005,304821,128252.413,296587560.48481,0
1777647600000,2306.80,2315.94,2297.00,2306.86,178466.574,1777651199999,411567858.88440,241629,87849.796,202650917.94719,0
1777651200000,2306.86,2313.33,2297.04,2300.82,163102.502,1777654799999,375710593.79408,219949,82376.013,189799395.78509,0
1777654800000,2300.81,2312.78,2297.58,2310.69,98383.902,1777658399999,226774713.01018,135109,57998.392,133680416.86598,0
1777658400000,2310.70,2311.49,2302.41,2303.48,62356.705,1777661999999,143860967.00056,108353,33520.752,77335712.86242,0
1777662000000,2303.47,2306.79,2301.11,2303.88,40874.827,1777665599999,94188450.52929,75965,22414.945,51649805.18558,0
1777665600000,2303.89,2305.10,2278.00,2283.87,206711.796,1777669199999,473462691.12926,174536,86463.497,198024977.96446,0
1777669200000,2283.87,2293.20,2282.40,2291.43,97238.020,1777672799999,222451308.33814,102896,53375.881,122120720.15460,0
1777672800000,2291.42,2298.27,2289.41,2292.17,49785.833,1777676399999,114233112.04198,69522,25391.015,58257917.94618,0
1777676400000,2292.16,2295.38,2287.79,2294.34,36543.572,1777679999999,83738091.45212,54225,19440.346,44546742.65819,0
1777680000000,2294.34,2298.42,2291.41,2296.40,45702.884,1777683599999,104898799.44115,64640,24224.297,55601319.99197,0
1777683600000,2296.40,2299.41,2294.35,2297.52,41372.968,1777687199999,95036602.96588,62814,19799.742,45482619.21557,0
1777687200000,2297.51,2308.09,2294.04,2302.20,67397.581,1777690799999,155050134.06025,82611,40010.349,92066613.94871,0
1777690800000,2302.20,2307.00,2299.59,2303.06,45690.817,1777694399999,105242218.23054,68624,22316.613,51409061.67095,0
1777694400000,2303.06,2303.91,2298.30,2300.06,39671.952,1777697999999,91271452.19756,53807,12738.279,29308393.58560,0
1777698000000,2300.07,2300.57,2295.13,2298.18,37170.474,1777701599999,85428938.55671,53599,16487.214,37894011.22920,0
1777701600000,2298.19,2305.35,2295.96,2304.24,43679.796,1777705199999,100480719.87888,52126,23918.945,55029559.00012,0
1777705200000,2304.25,2305.12,2299.66,2299.77,31014.006,1777708799999,71415084.76830,40026,14312.096,32957162.17364,0
1777708800000,2299.78,2303.40,2297.51,2302.19,26272.829,1777712399999,60453700.25974,36725,14284.984,32871400.32982,0
1777712400000,2302.19,2306.90,2302.17,2304.13,27811.747,1777715999999,64091803.69963,37754,15398.075,35485453.86080,0
1777716000000,2304.13,2305.00,2301.00,2302.36,25972.019,1777719599999,59808014.20867,36205,10433.935,24027250.31435,0
1777719600000,2302.35,2304.08,2299.04,2301.00,32488.697,1777723199999,74759215.81318,43031,15332.065,35280131.08880,0
1777723200000,2300.99,2304.54,2299.84,2302.38,23059.825,1777726799999,53095628.06763,33925,12432.642,28626517.03891,0
1777726800000,2302.39,2311.09,2302.39,2307.14,77125.341,1777730399999,177972468.47597,77715,49096.638,113291715.18349,0
1777730400000,2307.13,2307.82,2304.00,2305.28,30111.318,1777733999999,69424112.03202,47426,17222.447,39708186.87478,0
1777734000000,2305.28,2308.84,2304.12,2307.86,24212.536,1777737599999,55846472.52254,36941,14529.398,33513967.82787,0
1777737600000,2307.86,2312.94,2306.61,2308.18,51711.439,1777741199999,119426527.35997,71730,30503.682,70453977.00143,0
1777741200000,2308.17,2309.61,2304.16,2304.74,30937.778,1777744799999,71353586.85312,39600,11126.137,25662340.52874,0
1777744800000,2304.74,2310.73,2302.32,2308.88,43477.727,1777748399999,100281799.63149,53786,23407.810,53994455.71408,0
1777748400000,2308.87,2311.64,2307.75,2310.15,20976.337,1777751999999,48456940.02860,32905,12118.301,27995369.12722,0
1777752000000,2310.15,2310.72,2308.41,2310.33,17688.586,1777755599999,40853193.11221,26805,8397.694,19395473.06089,0
1777755600000,2310.32,2342.00,2309.53,2324.56,240905.268,1777759199999,560840862.68073,210604,155869.730,362873263.36893,0
1777759200000,2324.57,2327.43,2316.49,2325.98,83468.712,1777762799999,193850804.37329,120318,43030.305,99938554.84936,0
1777762800000,2325.99,2325.99,2313.12,2315.90,70776.401,1777766399999,164096589.93535,76264,28849.020,66886005.62511,0
1777766400000,2315.91,2316.62,2307.46,2313.01,91497.223,1777769999999,211596839.49604,101212,46826.080,108289279.12135,0
1777770000000,2313.01,2313.39,2301.87,2302.67,95706.212,1777773599999,220658237.73531,110602,45602.464,105140256.76193,0
1777773600000,2302.68,2305.66,2298.02,2302.22,85826.076,1777777199999,197488899.54554,91529,38534.534,88675119.48990,0
1777777200000,2302.23,2303.00,2298.42,2300.65,47392.771,1777780799999,109027899.83856,50131,22947.534,52792497.42178,0
1777780800000,2300.65,2303.42,2296.01,2300.43,51305.195,1777784399999,118004326.54160,61701,27206.020,62581948.83023,0
1777784400000,2300.43,2304.19,2300.20,2302.88,25222.407,1777787999999,58067884.82951,37186,13664.419,31459413.88125,0
1777788000000,2302.89,2305.80,2298.34,2303.40,38184.863,1777791599999,87881739.72968,42909,17508.572,40303962.02955,0
1777791600000,2303.40,2312.98,2303.27,2308.20,74390.280,1777795199999,171771162.72024,87740,40363.368,93201289.82473,0
1777795200000,2308.20,2311.53,2306.37,2307.13,26313.940,1777798799999,60753395.43780,38542,11951.924,27597644.84222,0
1777798800000,2307.13,2321.94,2306.25,2315.56,112242.902,1777802399999,259779968.82459,101779,69340.018,160497851.25325,0
1777802400000,2315.57,2315.78,2310.18,2310.53,39077.042,1777805999999,90359967.64330,50002,15824.797,36590058.87267,0
1777806000000,2310.53,2327.29,2309.25,2318.87,143320.649,1777809599999,332550187.02761,146930,82270.164,190909768.99492,0
1777809600000,2318.88,2332.17,2318.88,2324.58,119894.328,1777813199999,278837225.87161,133930,69240.409,161044514.19236,0
1777813200000,2324.57,2327.93,2319.34,2320.99,61463.853,1777816799999,142808144.96925,77907,26117.319,60687792.55840,0
1777816800000,2320.99,2328.90,2320.00,2327.27,52130.667,1777820399999,121163822.56562,76021,26811.696,62318757.35204,0
1777820400000,2327.26,2333.00,2323.67,2327.23,70857.136,1777823999999,164963586.25012,93740,35260.343,82101969.89111,0
1777824000000,2327.23,2334.27,2321.24,2327.26,69621.402,1777827599999,162048646.71355,92194,34781.606,80965884.40679,0
1777827600000,2327.26,2334.42,2322.72,2330.63,66451.477,1777831199999,154833045.56226,85305,31483.574,73354123.96627,0
1777831200000,2330.63,2332.70,2326.94,2329.79,32388.549,1777834799999,75457662.61636,45771,14647.456,34127429.20182,0
1777834800000,2329.79,2337.16,2327.15,2334.60,43003.923,1777838399999,100318430.01549,61305,22305.469,52038633.68977,0
1777838400000,2334.60,2344.25,2326.80,2328.39,123711.769,1777841999999,289000311.16417,159280,67131.038,156870501.91770,0
1777842000000,2328.39,2333.22,2313.11,2323.22,105309.483,1777845599999,244678335.91889,141619,48981.801,113846057.09659,0
1777845600000,2323.23,2356.75,2323.16,2342.88,351490.210,1777849199999,823429302.88575,400859,205282.894,480939688.79412,0
1777849200000,2342.89,2346.66,2318.14,2321.67,157159.307,1777852799999,365998888.79136,233293,67005.973,156041412.10525,0
1777852800000,2321.67,2321.67,2308.10,2318.01,177404.423,1777856399999,410573213.80087,241786,83460.207,193156027.99851,0
1777856400000,2318.02,2353.63,2311.55,2350.48,285706.588,1777859999999,666710192.37768,365022,153949.719,359335461.37977,0
1777860000000,2350.48,2387.00,2343.87,2373.81,611284.367,1777863599999,1447053786.70735,687794,332430.632,786893201.96134,0
1777863600000,2373.81,2391.62,2370.66,2384.08,225147.367,1777867199999,536149790.92752,297036,119582.509,284848309.93030,0
1777867200000,2384.07,2398.88,2383.39,2389.23,252665.444,1777870799999,604146781.54753,287818,140797.467,336771095.63590,0
1777870800000,2389.22,2390.42,2374.21,2375.23,160612.055,1777874399999,382373435.71501,175884,74608.013,177595455.75584,0
1777874400000,2375.23,2377.63,2353.00,2367.31,246157.369,1777877999999,582083259.39247,270668,120616.540,285211606.10012,0
1777878000000,2367.32,2372.74,2361.42,2361.79,91513.442,1777881599999,216623771.99052,130131,45428.640,107548126.59680,0
1777881600000,2361.79,2364.20,2356.50,2359.05,118524.599,1777885199999,279706245.34229,135762,65971.550,155684860.54611,0
1777885200000,2359.05,2369.82,2357.00,2367.43,89544.928,1777888799999,211709448.81604,124178,51280.607,121251128.03294,0
1777888800000,2367.43,2368.99,2313.05,2337.17,932864.217,1777892399999,2175968110.91157,828945,450066.032,1049502843.54538,0
1777892400000,2337.16,2342.55,2331.20,2336.20,129105.086,1777895999999,301671502.36257,200401,63661.847,148750209.40770,0
1777896000000,2336.20,2342.80,2331.99,2334.15,87654.642,1777899599999,204916437.49409,146253,39462.920,92262216.65628,0
1777899600000,2334.16,2343.71,2324.20,2335.49,198099.647,1777903199999,462499447.83270,298409,97789.570,228334023.48793,0
1777903200000,2335.48,2382.00,2326.05,2370.10,523610.915,1777906799999,1233826043.19886,559159,266686.744,628396614.90374,0
1777906800000,2370.11,2373.07,2334.42,2348.62,541063.058,1777910399999,1273322992.10715,641201,249276.836,586547422.66340,0
1777910400000,2348.63,2364.10,2334.99,2354.02,321072.736,1777913999999,754910902.15445,425816,136939.570,322018438.20996,0
1777914000000,2354.01,2378.85,2352.66,2368.91,258286.095,1777917599999,611173430.68705,322028,124031.280,293576496.99646,0
1777917600000,2368.91,2374.15,2355.66,2360.26,222898.378,1777921199999,527192146.91664,210431,112706.455,266700739.60416,0
1777921200000,2360.26,2363.26,2352.49,2355.36,94392.884,1777924799999,222439737.16234,148606,50810.611,119739524.45659,0
1777924800000,2355.36,2358.52,2346.24,2348.73,59220.670,1777928399999,139236523.83563,94714,30272.194,71184642.82020,0
1777928400000,2348.74,2363.69,2348.57,2359.44,47724.497,1777931999999,112532531.44796,73790,25989.779,61281864.03911,0
1777932000000,2359.43,2364.97,2352.68,2353.34,60703.964,1777935599999,143188438.77841,95878,33633.605,79332476.59858,0
1777935600000,2353.33,2353.34,2343.61,2346.11,65477.433,1777939199999,153734398.28282,95895,33299.317,78179373.92500,0
1777939200000,2346.12,2358.00,2344.00,2357.64,65567.123,1777942799999,154193787.28855,106218,32209.803,75747417.38369,0
1777942800000,2357.64,2363.38,2353.75,2360.68,59185.844,1777946399999,139619992.45199,98049,26925.702,63529516.18710,0
1777946400000,2360.68,2376.62,2357.77,2366.59,170506.898,1777949999999,403836435.05773,200446,88494.130,209601458.05557,0
1777950000000,2366.59,2388.42,2363.34,2380.96,176481.763,1777953599999,419846683.98687,209862,96111.234,228649950.93435,0
1777953600000,2380.96,2384.50,2374.07,2379.75,105866.145,1777957199999,251926906.00333,130257,45372.409,107980247.67173,0
1777957200000,2379.75,2389.97,2375.93,2378.94,141260.774,1777960799999,336503320.36188,173027,74124.203,176600436.45028,0
1777960800000,2378.93,2380.21,2365.77,2377.77,133445.898,1777964399999,316600620.18237,145165,63235.780,150043338.58269,0
1777964400000,2377.77,2387.50,2374.75,2379.17,132244.726,1777967999999,314991139.87894,154759,62085.062,147889078.14134,0
1777968000000,2379.16,2383.25,2371.36,2375.50,88431.923,1777971599999,210147743.00791,100084,45026.453,106992457.35970,0
1777971600000,2375.51,2375.57,2365.14,2368.61,106395.367,1777975199999,252058097.87111,124996,46939.154,111199729.35160,0
1777975200000,2368.62,2378.34,2366.11,2377.17,107950.318,1777978799999,256183477.21057,118292,60887.647,144497401.67234,0
1777978800000,2377.16,2383.57,2371.35,2378.65,88471.274,1777982399999,210341094.59102,119634,46077.586,109565526.66542,0
1777982400000,2378.65,2389.44,2374.95,2387.13,138925.860,1777985999999,331327216.17082,169576,73641.858,175643968.50070,0
1777986000000,2387.13,2398.88,2381.64,2387.09,336019.678,1777989599999,803540482.31977,372055,174462.045,417302307.27215,0
1777989600000,2387.09,2391.48,2366.96,2377.28,424037.183,1777993199999,1008023416.84875,410610,196444.486,467038680.21066,0
1777993200000,2377.28,2386.71,2374.00,2379.84,156413.901,1777996799999,372518289.73146,187594,73798.474,175772648.97909,0
1777996800000,2379.84,2381.98,2358.70,2364.49,268302.154,1778000399999,635303700.14843,249308,123972.327,293569785.97798,0
1778000400000,2364.48,2369.15,2358.16,2361.74,155366.752,1778003999999,367178785.29209,148246,79138.770,187077956.55314,0
1778004000000,2361.74,2373.59,2361.74,2370.88,111669.524,1778007599999,264561392.63741,122976,61433.512,145527652.85408,0
1778007600000,2370.88,2375.00,2368.00,2370.58,73345.080,1778011199999,173900738.17371,92957,36816.151,87299693.42183,0
1778011200000,2370.58,2386.36,2370.01,2381.37,182181.734,1778014799999,433660156.39600,168245,97912.972,233058881.63242,0
1778014800000,2381.38,2387.88,2367.50,2374.27,89581.342,1778018399999,212875682.37899,127264,49049.580,116578183.04468,0
1778018400000,2374.27,2381.18,2352.79,2366.19,241128.775,1778021999999,570430459.85966,267461,108982.855,257896310.53356,0
1778022000000,2366.20,2368.62,2353.04,2359.47,131442.121,1778025599999,310209827.32280,163113,59090.759,139469864.54822,0
1778025600000,2359.47,2366.99,2352.42,2362.99,112860.308,1778029199999,266348209.90401,177678,61709.735,145654268.61481,0
1778029200000,2362.99,2375.63,2361.14,2371.84,98294.885,1778032799999,232945644.24539,148638,50061.229,118642728.05064,0
1778032800000,2371.84,2372.29,2358.15,2368.15,83895.814,1778036399999,198415495.18777,120701,39424.781,93233819.97845,0
1778036400000,2368.15,2379.88,2366.31,2375.32,98538.226,1778039999999,233884263.60108,139323,49739.451,118051517.87109,0
1778040000000,2375.33,2378.11,2359.19,2364.56,114928.701,1778043599999,272181719.94263,133058,45063.983,106732194.71150,0
1778043600000,2364.56,2365.66,2352.50,2363.69,153358.172,1778047199999,361838688.63952,158913,67856.127,160096991.19778,0
1778047200000,2363.69,2370.26,2359.41,2369.31,72397.521,1778050799999,171232593.20012,109041,36914.461,87313276.60843,0
1778050800000,2369.31,2374.00,2367.31,2370.54,83593.805,1778054399999,198187257.96007,110671,44680.969,105935861.29702,0
1778054400000,2370.54,2395.99,2368.06,2393.55,269252.616,1778057999999,641846901.66589,297181,145153.048,346014368.20833,0
1778058000000,2393.54,2417.90,2383.28,2411.55,739244.750,1778061599999,1775035473.17953,528463,432442.203,1038371535.90536,0
1778061600000,2411.56,2413.01,2404.44,2408.55,308883.379,1778065199999,744446558.28726,277817,157829.073,380405595.50257,0
1778065200000,2408.56,2422.52,2405.22,2408.99,370521.272,1778068799999,894195562.89358,358405,184042.540,444231751.80368,0
1778068800000,2408.99,2412.55,2397.22,2404.01,238975.987,1778072399999,574960866.17655,256811,122953.596,295862365.25962,0
1778072400000,2404.01,2404.01,2363.56,2367.36,643100.191,1778075999999,1530916110.09150,599404,301100.198,716827272.62752,0
1778076000000,2367.36,2371.84,2343.27,2358.19,654460.773,1778079599999,1544052118.71506,559203,312992.478,738583602.57380,0
1778079600000,2358.19,2365.00,2353.00,2357.72,198435.434,1778083199999,468002781.78679,234025,105148.560,247981340.82703,0
1778083200000,2357.71,2368.58,2349.23,2356.70,231284.706,1778086799999,545260359.93191,225382,117361.830,276752393.91402,0
1778086800000,2356.71,2359.82,2346.05,2348.35,161698.955,1778090399999,380259726.96323,161952,80971.534,190427076.24536,0
1778090400000,2348.36,2351.59,2335.17,2343.84,250921.915,1778093999999,588270773.37210,223470,106771.016,250334928.62430,0
1778094000000,2343.83,2348.72,2341.00,2347.14,76737.403,1778097599999,179910607.08075,112324,45365.520,106364998.82432,0
1778097600000,2347.15,2356.00,2343.66,2349.67,123914.117,1778101199999,291253360.83241,128929,55984.750,131567198.76281,0
1778101200000,2349.67,2356.03,2344.30,2353.08,60651.473,1778104799999,142608704.98653,83686,22017.132,51778604.94292,0
1778104800000,2353.07,2353.94,2343.50,2346.00,65067.899,1778108399999,152802371.29588,99841,33283.837,78173388.90966,0
1778108400000,2346.01,2350.34,2337.00,2349.70,119767.790,1778111999999,280563759.36203,120008,43480.222,101904261.19876,0
1778112000000,2349.69,2351.29,2327.25,2327.89,213677.641,1778115599999,499272479.79617,224906,80231.663,187569496.08064,0
1778115600000,2327.88,2333.50,2311.48,2325.48,295576.594,1778119199999,686974162.60206,339320,137176.275,318894545.97697,0
1778119200000,2325.49,2325.95,2311.86,2320.49,225779.879,1778122799999,523187806.06776,246686,110232.183,255464391.20835,0
1778122800000,2320.49,2324.54,2313.66,2320.86,89730.256,1778126399999,208143501.49779,137484,41462.252,96183436.78158,0
1778126400000,2320.86,2326.64,2316.00,2326.32,87462.252,1778129999999,203185547.61462,110130,44762.451,104000172.12793,0
1778130000000,2326.31,2332.81,2325.81,2330.19,85434.537,1778133599999,199037271.05838,96712,45269.109,105464140.85089,0
1778133600000,2330.20,2337.34,2318.22,2335.92,179983.592,1778137199999,418809907.36216,198968,82361.008,191736310.84708,0
1778137200000,2335.93,2345.83,2335.20,2343.33,173042.655,1778140799999,405105763.69426,171432,82455.409,193034070.95542,0
1778140800000,2343.32,2345.60,2330.51,2332.75,146396.893,1778144399999,342108149.76508,162854,75064.916,175403778.69748,0
1778144400000,2332.75,2336.29,2325.83,2327.86,123859.859,1778147999999,288645663.78771,138322,55382.105,129077041.13653,0
1778148000000,2327.87,2330.70,2316.11,2325.68,149995.685,1778151599999,348492799.19495,155383,73732.199,171306089.54366,0
1778151600000,2325.68,2330.85,2324.36,2329.02,73902.192,1778155199999,172067181.84889,103944,37658.596,87686575.67959,0
1778155200000,2329.01,2335.88,2328.00,2331.95,118152.500,1778158799999,275594004.12105,127790,60585.010,141315841.11132,0
1778158800000,2331.94,2331.95,2303.00,2313.27,355802.440,1778162399999,823870881.76771,378887,159849.256,370218805.13326,0
1778162400000,2313.27,2317.82,2287.00,2297.87,603127.265,1778165999999,1387185255.87178,509397,271237.762,624021069.02124,0
1778166000000,2297.86,2303.80,2284.06,2293.46,258239.138,1778169599999,592233167.02536,326167,124744.159,286147831.01257,0
1778169600000,2293.47,2297.43,2284.31,2290.87,166723.905,1778173199999,381938996.59318,254272,88037.747,201695053.18298,0
1778173200000,2290.87,2300.33,2278.00,2298.56,205491.030,1778176799999,470339793.76399,298178,102907.275,235643180.55087,0
1778176800000,2298.56,2303.20,2289.00,2294.69,150407.816,1778180399999,345638809.04646,220994,69713.193,160225545.99205,0
1778180400000,2294.69,2295.92,2286.67,2294.93,123174.114,1778183999999,282268112.31523,181012,56749.320,130037278.62480,0
1778184000000,2294.94,2301.55,2286.60,2288.11,153939.681,1778187599999,352822374.51454,170294,82526.683,189115366.09406,0
1778187600000,2288.11,2293.55,2280.11,2286.67,102419.935,1778191199999,234296338.96473,117900,45339.922,103695173.67937,0
1778191200000,2286.67,2289.29,2278.74,2285.94,208753.390,1778194799999,476775027.50858,198605,80865.756,184680003.27760,0
1778194800000,2285.95,2292.34,2285.01,2289.91,41608.733,1778198399999,95242175.92658,73566,22548.833,51615124.42475,0
1778198400000,2289.92,2293.28,2282.28,2285.98,65952.384,1778201999999,150929913.40577,103676,33598.981,76891716.98280,0
1778202000000,2285.98,2288.28,2278.64,2284.00,78855.539,1778205599999,180044377.99077,102446,36130.759,82502611.86526,0
1778205600000,2284.00,2284.60,2266.01,2278.03,224714.482,1778209199999,511141096.09982,260180,104516.264,237811009.22123,0
1778209200000,2278.03,2280.64,2263.43,2277.71,187104.919,1778212799999,425161524.08751,208499,79922.874,181651533.24466,0
1778212800000,2277.71,2283.60,2275.03,2280.50,62068.004,1778216399999,141488225.63307,85422,33857.709,77184932.63109,0
1778216400000,2280.50,2282.99,2275.05,2275.06,51245.218,1778219999999,116812262.14280,73942,26104.440,59503953.74662,0
1778220000000,2275.05,2277.54,2267.21,2274.29,125370.976,1778223599999,284923427.05556,151975,62624.265,142339766.52651,0
1778223600000,2274.30,2281.20,2266.00,2279.88,126843.059,1778227199999,288375908.84197,145938,69755.869,158610868.46681,0
1778227200000,2279.88,2288.84,2278.45,2282.41,107183.410,1778230799999,244676539.86388,112010,61566.993,140558054.50366,0
1778230800000,2282.42,2291.18,2279.09,2283.13,149016.011,1778234399999,340593556.51188,120240,68023.982,155464369.11645,0
1778234400000,2283.14,2289.83,2279.81,2286.68,97574.711,1778237999999,223020059.03310,109352,44969.940,102786718.74175,0
1778238000000,2286.68,2297.14,2286.68,2293.85,130692.573,1778241599999,299474636.56562,140546,70111.061,160644386.87192,0
1778241600000,2293.85,2301.85,2281.23,2283.62,195750.768,1778245199999,448386470.22274,207589,93538.600,214328291.08208,0
1778245200000,2283.62,2286.05,2268.32,2275.27,230272.492,1778248799999,524026269.25967,313183,113231.025,257677741.22990,0
1778248800000,2275.26,2291.66,2272.00,2284.72,199371.020,1778252399999,455145852.22414,309352,101446.943,231603455.97948,0
1778252400000,2284.72,2293.69,2273.70,2292.39,174300.460,1778255999999,397975287.25112,251721,92325.706,210850839.09543,0
1778256000000,2292.40,2293.48,2285.17,2288.89,108661.114,1778259599999,248780670.06822,156015,56536.192,129442198.99462,0
1778259600000,2288.88,2314.76,2288.31,2303.80,311683.566,1778263199999,718130751.54844,340678,149047.090,343437817.96318,0
1778263200000,2303.80,2320.66,2303.79,2312.62,244583.430,1778266799999,566050951.43346,256928,133084.466,308021856.89946,0
1778266800000,2312.62,2319.59,2311.24,2315.20,107581.703,1778270399999,249068977.67283,129418,51003.201,118078420.18293,0
1778270400000,2315.21,2315.84,2304.45,2306.00,90997.886,1778273999999,210150664.78382,99013,32556.594,75195089.39716,0
1778274000000,2306.00,2314.00,2303.20,2313.49,62002.580,1778277599999,143185894.40435,74517,36673.731,84697729.71502,0
1778277600000,2313.48,2318.30,2309.66,2309.93,70927.983,1778281199999,164153861.24700,92824,39106.985,90528171.73433,0
1778281200000,2309.93,2310.13,2302.30,2306.17,58916.719,1778284799999,135850500.67100,65495,27953.592,64452235.08581,0
1778284800000,2306.17,2311.41,2303.38,2307.68,54769.553,1778288399999,126398621.03219,68195,28247.317,65190329.27402,0
1778288400000,2307.68,2317.28,2307.42,2313.27,58434.082,1778291999999,135167548.17650,80681,34408.743,79593925.03454,0
1778292000000,2313.28,2319.70,2312.81,2316.00,53226.352,1778295599999,123297501.64861,69429,29139.851,67506155.60058,0
1778295600000,2316.00,2319.72,2311.72,2314.24,72522.750,1778299199999,167906122.85551,73559,39214.246,90789020.38841,0
1778299200000,2314.24,2324.51,2310.24,2311.59,114313.499,1778302799999,264883503.57866,136465,55180.373,127878125.38274,0
1778302800000,2311.58,2317.55,2309.90,2313.70,40929.844,1778306399999,94701267.62970,51249,20826.216,48181056.90288,0
1778306400000,2313.69,2318.00,2311.53,2313.34,56257.252,1778309999999,130232910.44765,61829,28482.642,65937941.51130,0
1778310000000,2313.33,2317.52,2310.00,2313.51,51772.176,1778313599999,119771420.84601,51661,23988.227,55498943.95052,0
1778313600000,2313.50,2319.38,2313.20,2316.16,60052.178,1778317199999,139156637.45702,62858,29822.706,69104867.26524,0
1778317200000,2316.17,2316.53,2310.08,2312.21,54205.986,1778320799999,125354945.70086,58732,27978.606,64698561.90376,0
1778320800000,2312.20,2314.45,2309.14,2311.71,36445.908,1778324399999,84240221.94904,43323,16342.447,37778102.64442,0
1778324400000,2311.71,2315.00,2311.25,2313.68,30299.508,1778327999999,70104196.37390,32166,19396.167,44877992.47965,0
1778328000000,2313.69,2317.50,2312.39,2315.62,30263.669,1778331599999,70064437.19374,40866,14608.839,33823496.24360,0
1778331600000,2315.62,2315.71,2310.80,2313.53,33321.225,1778335199999,77073808.26503,39279,14368.975,33236891.91459,0
1778335200000,2313.52,2314.43,2303.67,2307.09,129929.982,1778338799999,299776392.01233,107976,47328.305,109216053.19151,0
1778338800000,2307.09,2316.94,2296.66,2316.52,251307.520,1778342399999,579979822.03985,178351,127638.705,294680275.31399,0
1778342400000,2316.52,2324.32,2314.06,2318.95,240079.294,1778345999999,556783177.34897,182664,103543.823,240144947.05232,0
1778346000000,2318.94,2332.95,2318.94,2328.74,253092.720,1778349599999,589356508.23206,230239,151916.018,353751214.62931,0
1778349600000,2328.73,2337.79,2327.63,2329.23,90808.712,1778353199999,211828151.29964,124072,49082.546,114508536.51498,0
1778353200000,2329.23,2332.95,2325.56,2331.13,54439.288,1778356799999,126786986.58118,71006,31835.422,74153053.70589,0
1778356800000,2331.14,2332.00,2326.29,2328.31,30160.266,1778360399999,70230073.42321,47307,14251.554,33184097.64906,0
1778360400000,2328.31,2331.06,2327.76,2329.93,27876.594,1778363999999,64934332.70461,43228,14538.680,33865673.94556,0
1778364000000,2329.93,2332.61,2326.26,2328.90,29143.631,1778367599999,67893623.31257,55279,14826.462,34540230.61924,0
1778367600000,2328.89,2331.00,2323.47,2325.22,37517.418,1778371199999,87275097.69403,52848,15803.582,36764849.17210,0
1778371200000,2325.23,2329.18,2319.36,2323.04,52114.690,1778374799999,121145747.04076,74408,24466.463,56885315.22017,0
1778374800000,2323.04,2324.37,2317.02,2322.79,52953.498,1778378399999,122879313.41725,79762,27064.669,62808715.20081,0
1778378400000,2322.78,2327.35,2319.12,2326.99,38068.966,1778381999999,88463263.33077,60815,21901.159,50894734.15839,0
1778382000000,2326.99,2333.95,2322.67,2326.79,56769.613,1778385599999,132182206.19963,73117,31523.768,73411921.26752,0
1778385600000,2326.79,2330.00,2325.10,2327.29,31830.386,1778389199999,74084026.98902,54885,15021.268,34962980.25462,0
1778389200000,2327.29,2329.43,2325.50,2326.23,22101.907,1778392799999,51440532.41428,46090,10900.143,25370016.95087,0
1778392800000,2326.22,2329.84,2325.80,2328.32,31555.463,1778396399999,73446642.73170,46412,17589.885,40941893.41587,0
1778396400000,2328.33,2331.12,2326.30,2326.31,22151.389,1778399999999,51577479.41719,39981,11413.914,26576262.12476,0
1778400000000,2326.30,2331.00,2325.29,2329.22,32679.143,1778403599999,76085770.45993,47843,17048.825,39696556.12733,0
1778403600000,2329.23,2333.10,2325.82,2327.20,49227.252,1778407199999,114626184.28217,56782,27188.398,63312309.77592,0
1778407200000,2327.20,2327.84,2322.14,2324.47,54118.053,1778410799999,125780940.90860,67885,22437.651,52154170.73929,0
1778410800000,2324.47,2326.74,2317.68,2321.50,73737.427,1778414399999,171159138.16798,74745,30328.243,70407417.91351,0
1778414400000,2321.51,2324.37,2319.70,2322.94,43532.615,1778417999999,101095223.46856,52391,23053.594,53534201.04676,0
1778418000000,2322.94,2331.07,2322.21,2328.79,76085.051,1778421599999,177126220.92529,79874,44265.215,103051692.81998,0
1778421600000,2328.79,2334.87,2325.79,2330.00,78537.318,1778425199999,182964601.95348,86213,44783.514,104338178.22174,0
1778425200000,2330.00,2352.00,2329.99,2346.78,260076.674,1778428799999,608856029.03914,259890,150071.808,351372931.75292,0
1778428800000,2346.79,2350.46,2338.90,2348.94,201592.291,1778432399999,473089845.34335,178890,107945.790,253375146.79394,0
1778432400000,2348.94,2367.66,2344.13,2363.42,427616.532,1778435999999,1006654842.96851,350513,269095.169,633333339.60063,0
1778436000000,2363.42,2366.11,2355.69,2357.41,145063.744,1778439599999,342553036.19711,120833,51489.101,121589145.58530,0
1778439600000,2357.40,2366.13,2350.05,2364.58,110271.832,1778443199999,260257617.21335,130336,62385.641,147266193.21755,0
1778443200000,2364.59,2369.46,2310.01,2327.17,513541.215,1778446799999,1200468840.52911,495078,223957.817,523548323.40305,0
1778446800000,2327.17,2335.36,2322.73,2329.63,199182.384,1778450399999,464163647.43352,214813,109886.602,256064062.18158,0
1778450400000,2329.63,2377.00,2326.57,2372.96,542972.987,1778453999999,1278603077.15620,541459,291043.894,684992922.66132,0
1778454000000,2372.97,2381.88,2366.50,2370.21,231576.073,1778457599999,550060695.71529,312342,105227.806,249996037.31617,0
1778457600000,2370.21,2373.91,2343.37,2351.43,356993.529,1778461199999,841214936.28908,403570,137576.369,324132908.00792,0
1778461200000,2351.44,2364.84,2344.21,2357.69,130639.321,1778464799999,307864667.19301,223183,67096.901,158096912.15696,0
1778464800000,2357.70,2360.00,2341.30,2344.39,111544.364,1778468399999,261909018.16529,189497,50450.236,118470724.16893,0
1778468400000,2344.40,2344.41,2318.39,2329.23,328199.095,1778471999999,764252217.53129,312129,151243.154,352130667.02553,0
1778472000000,2329.24,2334.97,2325.34,2331.79,97388.471,1778475599999,226963516.35775,109081,53328.556,124288404.73975,0
1778475600000,2331.78,2339.40,2330.86,2334.01,64932.083,1778479199999,151623908.71072,80666,34139.872,79723109.67745,0
1778479200000,2334.00,2343.00,2328.89,2332.54,93756.787,1778482799999,218968304.21283,112049,49843.584,116448399.18500,0
1778482800000,2332.54,2332.55,2327.06,2329.53,54687.534,1778486399999,127396098.04108,84232,26767.498,62358493.47183,0
1778486400000,2329.53,2333.75,2325.47,2329.42,73732.461,1778489999999,171802243.77146,103650,36457.501,84950424.45742,0
1778490000000,2329.41,2337.74,2329.20,2335.01,49792.161,1778493599999,116241405.23893,76672,26700.870,62333031.40523,0
1778493600000,2335.00,2339.00,2328.48,2328.78,59521.921,1778497199999,138929395.75086,90315,28316.888,66102804.47624,0
1778497200000,2328.78,2334.91,2326.29,2334.72,46787.474,1778500799999,109095725.56258,73632,22652.712,52821699.68773,0
1778500800000,2334.72,2338.29,2327.37,2328.52,99279.443,1778504399999,231556347.37168,128612,48318.799,112698757.48140,0
1778504400000,2328.51,2331.94,2313.28,2321.01,254828.259,1778507999999,591789756.54242,295224,119946.543,278594409.54305,0
1778508000000,2321.01,2327.84,2302.51,2315.21,344759.692,1778511599999,797385354.25505,372066,167819.679,388189625.04623,0
1778511600000,2315.20,2334.78,2312.21,2332.39,207231.299,1778515199999,482109924.81670,260761,103955.008,241814408.74760,0
1778515200000,2332.40,2341.09,2326.00,2328.56,219492.129,1778518799999,512356640.19467,250536,99688.800,232747694.58437,0
1778518800000,2328.56,2343.31,2322.33,2335.48,127259.618,1778522399999,296835383.25626,171504,70346.628,164097840.55709,0
1778522400000,2335.48,2343.31,2333.20,2334.25,111263.263,1778525999999,260259471.34628,137574,54130.197,126615546.17377,0
1778526000000,2334.25,2343.00,2330.65,2339.38,60557.107,1778529599999,141564750.45378,102850,32565.446,76135183.33024,0
1778529600000,2339.39,2344.59,2334.88,2336.99,55698.610,1778533199999,130287650.75256,94064,27751.397,64922204.94990,0
1778533200000,2337.00,2341.55,2335.12,2339.65,41443.872,1778536799999,96907470.01695,67065,21189.855,49546084.88829,0
1778536800000,2339.65,2344.88,2335.33,2340.24,58531.951,1778540399999,136975940.06950,84463,30398.709,71143000.81118,0
1778540400000,2340.24,2341.21,2333.86,2338.61,38093.281,1778543999999,89059128.19116,61191,18872.989,44122254.37541,0
1778544000000,2338.62,2339.80,2330.75,2332.54,71027.648,1778547599999,165799309.39668,94439,34493.788,80526020.35190,0
1778547600000,2332.54,2334.58,2292.94,2310.15,393219.071,1778551199999,908590904.82978,379744,163706.933,378327857.49558,0
1778551200000,2310.15,2316.00,2305.69,2314.49,87329.683,1778554799999,201861153.11054,138497,43953.016,101599467.79358,0
1778554800000,2314.50,2316.17,2305.58,2308.26,66596.561,1778558399999,153873266.16305,100370,30517.778,70520414.61895,0
1778558400000,2308.26,2313.48,2304.36,2309.76,65665.151,1778561999999,151655121.65364,89234,34247.623,79105876.24234,0
1778562000000,2309.77,2312.93,2308.54,2309.01,37186.133,1778565599999,85934536.36826,62378,16792.138,38806021.88791,0
1778565600000,2309.00,2312.79,2301.02,2302.74,103461.741,1778569199999,238601667.90958,99994,42493.721,98024640.82847,0
1778569200000,2302.74,2303.86,2290.00,2294.01,197777.336,1778572799999,454393407.94735,200952,95334.549,219056687.75305,0
1778572800000,2294.01,2295.50,2278.41,2287.00,263246.558,1778576399999,601993344.42699,247364,122815.546,280879322.90790,0
1778576400000,2286.99,2294.59,2280.02,2291.70,170768.129,1778579999999,390756625.79912,173650,83081.083,190115829.38405,0
1778580000000,2291.70,2292.87,2280.00,2285.37,102051.850,1778583599999,233348165.46167,122254,44459.750,101665731.95971,0
1778583600000,2285.38,2286.43,2276.31,2285.91,116518.402,1778587199999,265924219.05894,142523,56383.328,128703056.51277,0
1778587200000,2285.91,2294.09,2280.01,2287.87,179733.223,1778590799999,411060010.16366,229480,86882.699,198730929.08523,0
1778590800000,2287.87,2291.38,2267.69,2271.09,266108.774,1778594399999,606210842.81984,328973,125444.549,285821326.06412,0
1778594400000,2271.09,2280.98,2261.00,2267.82,313345.871,1778597999999,711613181.95717,392988,146857.773,333560916.27480,0
1778598000000,2267.82,2273.57,2255.22,2260.90,261668.704,1778601599999,592061990.33543,322365,122354.981,276850069.69937,0
1778601600000,2260.91,2270.78,2255.15,2263.19,182921.877,1778605199999,413912048.05250,249588,100071.287,226456023.11954,0
1778605200000,2263.19,2276.97,2263.19,2275.70,122008.290,1778608799999,277228350.18256,162305,64862.305,147376779.92157,0
1778608800000,2275.69,2284.00,2273.58,2278.27,108062.686,1778612399999,246286771.54685,127062,53479.635,121888361.70650,0
1778612400000,2278.26,2286.64,2277.96,2284.11,84475.922,1778615999999,192853649.62519,112609,37854.289,86427916.22755,0
1778616000000,2284.12,2286.27,2279.80,2283.75,47933.938,1778619599999,109439239.39348,68223,17444.690,39830958.31708,0
1778619600000,2283.76,2286.45,2281.54,2284.28,32078.035,1778623199999,73273641.40862,59091,13869.647,31681825.32387,0
1778623200000,2284.28,2291.16,2281.00,2281.18,64920.521,1778626799999,148439694.63397,93665,31684.680,72450238.94824,0
1778626800000,2281.18,2283.00,2272.59,2273.62,82737.632,1778630399999,188387096.81575,95900,33906.265,77201997.72960,0
1778630400000,2273.61,2286.13,2271.60,2280.52,89471.809,1778633999999,204021730.39406,128552,43881.830,100052255.42227,0
1778634000000,2280.51,2294.44,2279.86,2288.81,134810.130,1778637599999,308593829.76186,178460,67169.603,153765801.16936,0
1778637600000,2288.80,2299.84,2286.00,2292.85,99444.627,1778641199999,228075240.64907,142054,51766.021,118748927.24130,0
1778641200000,2292.84,2302.80,2291.04,2300.48,83871.929,1778644799999,192753176.66731,106018,42816.935,98401229.05889,0
1778644800000,2300.47,2308.76,2297.30,2305.90,108990.965,1778648399999,251056748.12098,116666,59807.241,137785482.71710,0
1778648400000,2305.90,2306.66,2294.34,2296.60,93087.303,1778651999999,214049086.42983,93539,36011.026,82797854.58156,0
1778652000000,2296.60,2304.30,2296.37,2300.89,47504.429,1778655599999,109319090.19255,70475,24890.131,57274556.69359,0
1778655600000,2300.89,2301.99,2295.65,2300.12,44280.528,1778659199999,101791446.05716,61166,19409.479,44620023.09586,0
1778659200000,2300.12,2316.49,2299.52,2315.57,157493.689,1778662799999,363809368.13574,164730,82338.648,190210057.65697,0
1778662800000,2315.58,2322.68,2313.20,2320.19,182088.082,1778666399999,422295807.23735,159680,89898.447,208483986.75612,0
1778666400000,2320.20,2320.71,2304.15,2307.41,139774.181,1778669999999,323008152.30467,135444,57867.863,133712335.04255,0
1778670000000,2307.41,2307.96,2298.00,2300.74,130923.749,1778673599999,301349067.04750,144851,58117.314,133767959.58738,0
1778673600000,2300.74,2306.91,2268.85,2283.08,445202.800,1778677199999,1017127644.44349,419218,205582.479,469805952.96485,0
1778677200000,2283.08,2287.54,2257.47,2261.13,443515.616,1778680799999,1006421551.55256,435678,203300.703,461254784.48931,0
1778680800000,2261.14,2269.80,2248.00,2266.43,351836.442,1778684399999,795241685.24824,352673,156275.933,353365335.25777,0
1778684400000,2266.43,2269.30,2233.00,2235.38,364909.073,1778687999999,820594677.73582,379321,152887.835,343912463.26614,0
1778688000000,2235.39,2252.77,2233.86,2249.84,249854.822,1778691599999,560894710.50892,258286,127016.060,285161939.78490,0
1778691600000,2249.85,2261.06,2249.85,2257.24,121797.402,1778695199999,274736863.26925,140738,59970.552,135284397.92747,0
1778695200000,2257.24,2267.98,2257.24,2258.30,93262.572,1778698799999,210986265.42406,125267,44279.703,100181013.53699,0
1778698800000,2258.30,2259.77,2249.25,2255.60,64109.110,1778702399999,144514594.39131,96303,30389.782,68507968.10420,0
1778702400000,2255.61,2263.50,2255.49,2262.71,42902.207,1778705999999,96933358.99649,61521,24135.863,54532091.53573,0
1778706000000,2262.71,2263.00,2252.38,2254.90,43913.825,1778709599999,99079155.20128,65821,19964.774,45040195.31118,0
1778709600000,2254.90,2259.75,2249.63,2258.24,45952.828,1778713199999,103587419.20649,85461,23343.095,52627817.28183,0
1778713200000,2258.23,2260.79,2253.51,2257.54,49739.577,1778716799999,112273799.34844,78008,19347.741,43673547.88389,0
1778716800000,2257.53,2268.75,2256.77,2265.27,71367.399,1778720399999,161600095.41131,130029,38866.003,88004308.29333,0
1778720400000,2265.27,2268.40,2258.54,2264.01,56902.198,1778723999999,128767501.04335,108873,25623.079,57982146.84316,0
1778724000000,2264.00,2265.87,2246.19,2250.51,139904.067,1778727599999,315587633.76328,138522,52965.309,119417471.23079,0
1778727600000,2250.51,2254.18,2237.05,2241.03,197467.904,1778731199999,443247411.77453,245449,98799.902,221831052.48683,0
1778731200000,2241.03,2257.61,2238.17,2255.61,84960.693,1778734799999,191173729.57636,130265,50210.114,112984235.45098,0
1778734800000,2255.60,2272.92,2254.33,2267.23,163768.532,1778738399999,370769176.86698,176104,93420.602,211527373.77157,0
1778738400000,2267.23,2274.52,2265.48,2266.66,177594.784,1778741999999,403104152.02570,150269,76052.140,172580334.62467,0
1778742000000,2266.66,2269.99,2262.70,2264.23,68404.767,1778745599999,155018959.28776,93297,34232.267,77587766.42683,0
1778745600000,2264.23,2269.99,2260.57,2265.17,69387.910,1778749199999,157220848.23624,110229,29749.835,67416005.48965,0
1778749200000,2265.17,2266.78,2251.25,2256.65,136659.996,1778752799999,308709651.62641,150344,70242.578,158695199.24099,0
1778752800000,2256.66,2264.42,2254.41,2261.20,105659.047,1778756399999,238799349.41407,120327,44493.648,100552160.05901,0
1778756400000,2261.20,2263.27,2251.47,2252.81,93515.270,1778759999999,210963474.76157,99244,51496.297,116159429.23922,0
1778760000000,2252.80,2262.44,2246.84,2260.48,165659.638,1778763599999,373559686.35856,162530,78662.426,177338837.38398,0
1778763600000,2260.48,2264.39,2246.49,2248.01,229024.815,1778767199999,516600382.39563,288925,112662.456,254132114.40049,0
1778767200000,2248.01,2288.04,2245.01,2285.99,458404.915,1778770799999,1040602905.65326,471697,242736.352,551259846.89419,0
1778770800000,2285.99,2298.95,2279.34,2297.36,420191.007,1778774399999,961715576.67261,376567,213757.270,489288774.50026,0
1778774400000,2297.37,2317.81,2292.52,2315.14,492504.822,1778777999999,1134897400.51416,458122,246967.176,569181351.63603,0
1778778000000,2315.13,2318.60,2295.00,2307.28,362224.262,1778781599999,835544087.31487,373460,189773.420,437680660.02740,0
1778781600000,2307.27,2316.11,2301.78,2308.49,175114.985,1778785199999,404559903.18178,197888,82183.679,189841044.75802,0
1778785200000,2308.49,2311.38,2296.13,2297.42,143280.941,1778788799999,329910543.22975,158102,66566.186,153259344.79954,0
1778788800000,2297.43,2300.49,2287.01,2297.22,136158.981,1778792399999,312087009.53777,149289,70006.567,160467201.22525,0
1778792400000,2297.22,2299.22,2288.55,2295.97,67269.299,1778795999999,154331404.37558,78728,38057.031,87306518.28680,0
1778796000000,2295.97,2300.59,2294.00,2296.87,39345.748,1778799599999,90380770.60087,71855,21975.535,50480926.65783,0
1778799600000,2296.87,2296.87,2278.87,2282.06,127711.290,1778803199999,291952058.65138,125621,56906.098,130082480.68512,0
1778803200000,2282.06,2299.36,2280.41,2290.07,156579.735,1778806799999,358555427.87395,176957,80884.307,185157587.82057,0
1778806800000,2290.07,2293.72,2273.43,2274.64,158620.781,1778810399999,361928979.37140,205757,74503.879,169982556.51823,0
1778810400000,2274.65,2278.59,2259.56,2275.70,294570.770,1778813999999,668262982.64414,310716,149898.794,340137855.26672,0
1778814000000,2275.69,2278.68,2266.94,2272.36,87014.778,1778817599999,197744157.46822,131576,43858.699,99673222.67370,0
1778817600000,2272.36,2273.70,2261.42,2262.03,76272.659,1778821199999,172908085.08674,107215,34508.738,78250986.69736,0
1778821200000,2262.04,2266.05,2236.25,2243.97,429095.897,1778824799999,964672332.88909,350362,199239.884,447753746.57636,0
1778824800000,2243.97,2255.68,2242.35,2253.96,132389.725,1778828399999,297899217.69562,154787,69835.621,157151731.89941,0
1778828400000,2253.96,2270.64,2252.19,2263.90,200121.690,1778831999999,452989293.74160,167456,97925.080,221648882.02822,0
1778832000000,2263.90,2264.21,2248.42,2256.35,126040.056,1778835599999,284327370.41010,169795,57392.702,129464714.75719,0
1778835600000,2256.35,2259.00,2249.31,2253.49,74979.402,1778839199999,169021361.38159,128297,33055.052,74523701.46541,0
1778839200000,2253.48,2263.60,2250.95,2261.31,106019.520,1778842799999,239245813.10800,132343,61957.118,139794203.87980,0
1778842800000,2261.31,2262.90,2256.19,2256.32,57932.933,1778846399999,130849562.49731,89092,23902.041,53987070.40730,0
1778846400000,2256.33,2259.67,2249.91,2253.06,105978.861,1778849999999,238881077.34967,132271,53604.695,120832173.44252,0
1778850000000,2253.07,2253.07,2208.96,2212.67,759070.003,1778853599999,1691993861.13484,655735,327289.751,729673785.21440,0
1778853600000,2212.67,2223.11,2203.55,2212.34,497025.738,1778857199999,1099886326.79233,537861,251623.896,556907243.53564,0
1778857200000,2212.34,2223.23,2208.80,2221.91,164474.435,1778860799999,364628476.06502,248642,92300.504,204629293.61464,0
1778860800000,2221.92,2230.57,2217.55,2223.69,168060.496,1778864399999,373732980.78588,207888,80466.669,178953262.58378,0
1778864400000,2223.68,2232.00,2223.01,2228.41,91907.373,1778867999999,204711812.48588,139497,50791.739,113130168.37421,0
1778868000000,2228.40,2231.80,2223.42,2226.90,68950.011,1778871599999,153606263.25908,130380,32586.474,72595979.41000,0
1778871600000,2226.90,2227.66,2221.21,2222.31,59490.745,1778875199999,132293307.48343,110566,31077.582,69113083.80533,0
1778875200000,2222.30,2225.12,2215.71,2218.97,102470.021,1778878799999,227491047.94961,117511,41653.221,92484384.11611,0
1778878800000,2218.96,2224.14,2213.09,2216.09,47436.263,1778882399999,105248404.11455,79603,23414.599,51956483.71015,0
1778882400000,2216.09,2223.70,2215.89,2223.01,31432.653,1778885999999,69800341.22303,54268,19149.319,42522765.77614,0
1778886000000,2223.01,2225.31,2221.71,2223.66,26730.459,1778889599999,59435752.93240,47195,15173.399,33737587.90541,0
1778889600000,2223.65,2230.79,2222.76,2226.14,65440.385,1778893199999,145786079.76408,78460,35061.892,78111577.19641,0
1778893200000,2226.13,2229.99,2222.37,2228.63,54978.013,1778896799999,122379011.69950,73719,27622.627,61495964.75745,0
1778896800000,2228.63,2230.56,2225.87,2228.84,32599.458,1778900399999,72639225.73732,56485,18053.153,40226855.18617,0
1778900400000,2228.84,2229.63,2225.67,2226.63,28637.170,1778903999999,63802472.04607,42903,13616.958,30338566.76533,0
1778904000000,2226.63,2227.90,2216.54,2224.99,67324.300,1778907599999,149589968.63145,80985,30962.726,68805004.54686,0
1778907600000,2225.00,2226.20,2221.82,2224.43,29952.709,1778911199999,66633904.15520,50896,15223.262,33865844.44827,0
1778911200000,2224.42,2225.99,2208.00,2214.38,134063.986,1778914799999,297034637.52802,144421,53444.791,118434610.56157,0
1778914800000,2214.39,2214.79,2180.12,2193.52,551124.238,1778918399999,1208872149.45929,485140,244788.327,536937538.42510,0
1778918400000,2193.51,2196.06,2190.69,2192.24,76830.080,1778921999999,168542389.19850,91918,38122.694,83633313.58747,0
1778922000000,2192.25,2192.89,2160.50,2172.50,429359.431,1778925599999,933326954.46026,411339,186891.927,406190994.51147,0
1778925600000,2172.50,2174.31,2161.20,2172.99,203139.608,1778929199999,440591694.13171,227282,94037.303,203979435.59718,0
1778929200000,2173.00,2180.46,2173.00,2175.33,95273.154,1778932799999,207418212.57859,111581,55575.409,120992524.52889,0
1778932800000,2175.33,2178.56,2172.53,2175.41,65146.061,1778936399999,141742981.46248,89938,33730.383,73392107.15073,0
1778936400000,2175.40,2179.95,2171.11,2176.16,77528.915,1778939999999,168632524.12610,103290,40204.054,87456834.91812,0
1778940000000,2176.16,2187.42,2172.60,2178.97,123126.343,1778943599999,268278129.99961,137036,67529.160,147149564.63523,0
1778943600000,2178.96,2182.90,2175.82,2178.95,52089.569,1778947199999,113531264.76503,81231,28706.352,62573055.39671,0
1778947200000,2178.94,2182.79,2169.00,2173.29,94700.181,1778950799999,205966969.10923,115634,45796.819,99626049.86450,0
1778950800000,2173.29,2179.99,2173.29,2177.87,46239.632,1778954399999,100673424.43204,59031,24477.693,53293128.51407,0
1778954400000,2177.86,2184.33,2175.22,2180.59,43369.551,1778957999999,94545907.60002,56076,24534.185,53487751.65472,0
1778958000000,2180.59,2182.00,2178.11,2178.71,25739.171,1778961599999,56107145.50391,35923,11170.859,24351535.90331,0
1778961600000,2178.72,2182.23,2178.72,2180.40,18856.149,1778965199999,41119723.28824,35034,10600.285,23115695.04917,0
1778965200000,2180.39,2182.77,2179.87,2181.47,19845.354,1778968799999,43291016.24959,34210,11149.568,24321252.74621,0
1778968800000,2181.47,2182.38,2178.59,2179.37,23806.905,1778972399999,51908389.17454,42160,10897.130,23759152.13878,0
1778972400000,2179.36,2182.00,2178.16,2179.66,24064.784,1778975999999,52465616.61250,34361,10601.868,23112960.90876,0
1778976000000,2179.67,2184.79,2172.61,2176.64,73041.040,1778979599999,159205412.31144,79745,31634.946,68960988.35846,0
1778979600000,2176.63,2182.78,2166.66,2168.22,147592.716,1778983199999,320736937.65435,178979,68876.009,149703259.55645,0
1778983200000,2168.22,2175.47,2168.21,2173.34,46905.512,1778986799999,101912645.71208,81350,29176.090,63390092.88179,0
1778986800000,2173.34,2183.71,2173.30,2180.57,57361.193,1778990399999,124997971.44415,75537,32550.349,70935007.22074,0
1778990400000,2180.57,2188.98,2180.00,2186.30,105024.871,1778993999999,229529645.83385,103463,53621.496,117191765.60620,0
1778994000000,2186.30,2194.90,2184.39,2184.90,92433.170,1778997599999,202367887.42157,93407,48612.076,106445958.46465,0
1778997600000,2184.90,2187.00,2180.50,2184.04,44963.582,1779001199999,98166470.88825,58096,21907.119,47833460.08299,0
1779001200000,2184.03,2187.50,2181.35,2185.19,38878.198,1779004799999,84935353.17569,51746,21655.806,47311643.66862,0
1779004800000,2185.18,2186.00,2181.84,2185.16,29826.657,1779008399999,65148902.33235,43904,14600.277,31890759.93033,0
1779008400000,2185.16,2190.57,2184.83,2189.09,38437.642,1779011999999,84095764.46158,49735,23799.283,52070070.00717,0
1779012000000,2189.09,2197.63,2189.02,2193.27,125228.119,1779015599999,274696333.61276,134045,71181.642,156147152.80657,0
1779015600000,2193.26,2193.92,2186.67,2191.13,57961.968,1779019199999,126960962.27767,74829,27219.536,59624747.66251,0
1779019200000,2191.13,2197.41,2190.23,2193.37,59714.202,1779022799999,131024876.37622,69585,31822.498,69821705.02048,0
1779022800000,2193.36,2194.18,2186.41,2191.10,69148.106,1779026399999,151480348.87561,88547,32036.540,70182946.84852,0
1779026400000,2191.09,2191.52,2176.09,2185.57,124294.759,1779029999999,271427636.22977,149407,49897.700,108978611.09527,0
1779030000000,2185.58,2187.65,2180.00,2185.49,47633.801,1779033599999,104038139.83898,79126,26082.622,56973350.93867,0
1779033600000,2185.50,2188.43,2181.18,2181.51,35251.060,1779037199999,77015750.00539,63753,15946.355,34843056.33383,0
1779037200000,2181.52,2184.21,2175.04,2182.69,78882.350,1779040799999,171933347.16252,104457,37176.141,81035707.02230,0
1779040800000,2182.69,2187.83,2178.00,2187.59,53323.544,1779044399999,116438760.36800,79791,29053.391,63442967.86518,0
1779044400000,2187.60,2192.87,2186.38,2191.40,43286.270,1779047999999,94780265.04280,68895,22846.318,50029501.90395,0
1779048000000,2191.40,2192.85,2185.46,2188.20,30011.275,1779051599999,65682328.49020,50203,15055.091,32947532.31166,0
1779051600000,2188.20,2194.00,2186.00,2190.99,34246.077,1779055199999,75018487.82172,47561,19614.054,42971144.78773,0
1779055200000,2190.99,2190.99,2172.63,2178.64,134084.146,1779058799999,292348110.57443,195595,64072.817,139716392.23706,0
1779058800000,2178.65,2178.92,2085.00,2129.88,917342.011,1779062399999,1954705743.37922,793199,391141.095,833438606.40076,0
1779062400000,2129.88,2131.00,2102.93,2114.39,391913.529,1779065999999,828951628.96420,520022,188546.442,398804150.26274,0
1779066000000,2114.40,2120.62,2105.18,2116.67,208201.081,1779069599999,439733013.12665,315016,94359.661,199355192.29607,0
1779069600000,2116.66,2123.28,2111.55,2115.74,139112.743,1779073199999,294645429.85177,174054,60532.677,128191888.02333,0
1779073200000,2115.75,2123.00,2114.69,2117.63,113667.345,1779076799999,240816147.51597,139532,61074.138,129380600.06852,0
1779076800000,2117.62,2124.58,2113.00,2123.69,93604.045,1779080399999,198260967.16324,119939,55958.420,118510782.28846,0
1779080400000,2123.69,2124.80,2115.51,2117.27,68180.231,1779083999999,144567702.53244,107358,30705.214,65116014.64150,0
1779084000000,2117.26,2120.43,2108.33,2117.95,138979.099,1779087599999,293895169.78528,173672,62443.024,132051101.57180,0
1779087600000,2117.95,2122.84,2110.83,2119.46,96762.832,1779091199999,204935304.90029,134061,49748.457,105354279.54101,0
1779091200000,2119.46,2123.00,2116.25,2120.26,71059.707,1779094799999,150625174.19557,94323,38128.597,80821960.60619,0
1779094800000,2120.26,2120.79,2114.70,2115.75,38784.070,1779098399999,82101375.67307,67772,19513.931,41308490.17589,0
1779098400000,2115.75,2116.65,2111.12,2113.50,80720.868,1779101999999,170655598.98106,94450,46676.478,98685557.73102,0
1779102000000,2113.51,2139.18,2109.40,2132.98,262310.452,1779105599999,558052512.70249,249505,140542.285,298972827.12157,0
1779105600000,2132.98,2156.52,2132.98,2149.99,338522.187,1779109199999,726530362.35290,376828,173213.888,371762509.80848,0
1779109200000,2150.00,2150.41,2118.37,2130.07,425821.950,1779112799999,908404636.63394,475239,211410.387,451050771.04976,0
1779112800000,2130.08,2130.18,2097.00,2109.49,457547.700,1779116399999,966818808.86675,555299,213711.730,451677232.82213,0
1779116400000,2109.50,2110.39,2092.60,2106.66,350235.729,1779119999999,735899564.28942,440674,180707.967,379775084.39824,0
1779120000000,2106.66,2110.81,2089.01,2096.56,286847.791,1779123599999,602030368.23311,304042,151112.710,317213347.56050,0
1779123600000,2096.56,2109.46,2094.24,2107.01,115555.998,1779127199999,243142019.94866,188921,61137.935,128635019.12211,0
1779127200000,2107.00,2108.22,2074.26,2080.36,330620.269,1779130799999,689846549.44439,356648,147349.813,307502295.83600,0
1779130800000,2080.37,2127.96,2078.00,2124.48,496001.840,1779134399999,1046059935.77853,524702,248596.154,524175264.84568,0
1779134400000,2124.50,2130.27,2114.03,2116.56,166888.913,1779137999999,354207415.39202,164910,85563.043,181596660.39626,0
1779138000000,2116.57,2141.97,2113.52,2136.40,197728.648,1779141599999,421621542.21122,189199,98661.414,210297335.16818,0
1779141600000,2136.40,2141.66,2129.09,2134.82,164732.987,1779145199999,351834135.19315,141982,77162.150,164809596.94352,0
1779145200000,2134.82,2138.27,2126.50,2128.99,70877.868,1779148799999,151116358.60024,92654,32232.706,68729782.41409,0
1779148800000,2128.99,2146.99,2127.40,2135.09,121121.883,1779152399999,258867049.82480,183760,67735.462,144795664.27857,0
1779152400000,2135.09,2137.74,2122.75,2123.84,134393.412,1779155999999,286034744.83558,201659,65286.636,138958490.03149,0
1779156000000,2123.83,2135.00,2118.40,2122.47,149122.851,1779159599999,317037185.88328,187299,78688.843,167329879.13294,0
1779159600000,2122.46,2133.90,2121.02,2130.46,88880.485,1779163199999,189219514.74462,107113,43185.170,91929602.71631,0
1779163200000,2130.46,2135.90,2127.19,2132.97,75746.661,1779166799999,161467009.66698,102675,33013.782,70385262.31273,0
1779166800000,2132.96,2136.89,2122.27,2134.26,136440.167,1779170399999,290739777.72133,150761,77109.173,164371442.68207,0
1779170400000,2134.27,2139.36,2131.50,2136.39,66353.235,1779173999999,141691281.39812,106816,39192.543,83700210.76252,0
1779174000000,2136.39,2144.22,2134.26,2139.98,78383.993,1779177599999,167699402.52257,117131,40921.965,87563698.50921,0
1779177600000,2139.98,2140.45,2129.64,2132.59,107930.543,1779181199999,230437138.18555,118647,47311.097,101014537.16512,0
1779181200000,2132.58,2133.65,2109.40,2113.38,314968.789,1779184799999,667123224.42703,250145,156647.467,331835167.38932,0
1779184800000,2113.38,2121.47,2105.73,2117.40,191478.258,1779188399999,404684116.26036,200351,90543.169,191404724.44991,0
1779188400000,2117.40,2119.47,2108.19,2109.74,82958.923,1779191999999,175364007.31305,113629,35060.234,74110126.06498,0
1779192000000,2109.73,2118.73,2107.69,2117.40,95960.964,1779195599999,202872797.46742,100281,43537.953,92055819.19059,0
1779195600000,2117.39,2126.95,2106.50,2118.17,293413.314,1779199199999,621207985.85748,339432,146623.213,310480513.17433,0
1779199200000,2118.17,2123.26,2093.16,2105.34,508026.765,1779202799999,1069693900.64037,521990,227820.162,479767229.43636,0
1779202800000,2105.34,2112.90,2102.61,2109.37,135593.036,1779206399999,285892407.45242,201210,66349.062,139898359.36667,0
1779206400000,2109.38,2121.79,2106.27,2120.26,121642.932,1779209999999,257157663.17728,165404,67265.869,142190344.71849,0
1779210000000,2120.26,2124.50,2111.65,2114.86,133588.455,1779213599999,283086229.13695,151642,79491.652,168478940.65372,0
1779213600000,2114.86,2118.83,2109.65,2114.23,83848.613,1779217199999,177307230.12033,106320,35061.334,74147482.94177,0
1779217200000,2114.23,2122.45,2108.82,2112.27,72091.511,1779220799999,152437871.91065,108573,35109.506,74242884.67604,0
1779220800000,2112.26,2118.07,2111.41,2117.48,24303.816,1779224399999,51409520.11338,43889,13356.984,28251221.38903,0
1779224400000,2117.48,2119.79,2115.57,2116.00,26028.073,1779227999999,55121135.24844,42930,13409.309,28398927.83845,0
1779228000000,2116.00,2116.00,2101.21,2105.24,98702.810,1779231599999,207972038.01902,124525,44359.832,93475541.71935,0
1779231600000,2105.24,2117.76,2103.50,2111.00,59991.673,1779235199999,126729246.29082,87576,30025.913,63427561.48262,0
1779235200000,2110.99,2115.29,2102.31,2110.61,89338.735,1779238799999,188322787.24426,165524,45954.922,96879505.24737,0
1779238800000,2110.60,2118.50,2101.79,2114.29,118272.963,1779242399999,249506302.79197,195849,65388.650,137952421.78595,0
1779242400000,2114.30,2116.36,2105.01,2108.58,65475.450,1779245999999,138120768.39039,121491,34715.417,73218965.64631,0
1779246000000,2108.57,2115.43,2104.93,2110.62,56332.331,1779249599999,118877158.27090,91131,27642.650,58328213.50592,0
1779249600000,2110.63,2113.78,2106.01,2112.39,41883.798,1779253199999,88407570.10997,70562,18828.515,39742099.39179,0
1779253200000,2112.38,2129.85,2112.38,2124.56,204819.533,1779256799999,434925400.81686,200095,116478.034,247326240.07631,0
1779256800000,2124.55,2134.00,2124.31,2132.99,124093.864,1779260399999,264294405.03196,124425,72072.940,153512459.94814,0
1779260400000,2133.00,2135.54,2127.36,2128.79,93168.291,1779263999999,198546325.58401,105670,40588.187,86506608.16652,0
1779264000000,2128.80,2138.00,2127.80,2130.81,123838.238,1779267599999,264138139.65456,125341,72558.132,154769901.29241,0
1779267600000,2130.81,2132.22,2126.71,2128.55,63186.111,1779271199999,134548077.44777,76488,31689.018,67479424.53333,0
1779271200000,2128.56,2136.38,2128.56,2129.76,87443.884,1779274799999,186481394.00255,94611,48095.498,102564936.79637,0
1779274800000,2129.76,2131.27,2123.18,2127.38,72809.069,1779278399999,154862463.13350,84197,33198.704,70615477.49480,0
1779278400000,2127.38,2139.25,2125.99,2133.19,125690.965,1779281999999,268016029.25598,106981,64099.915,136701473.25428,0
1779282000000,2133.19,2134.72,2114.15,2119.74,274356.721,1779285599999,582287131.32169,275343,135245.907,287074836.49245,0
1779285600000,2119.74,2138.88,2112.50,2134.05,324258.457,1779289199999,690537957.57434,393375,170762.393,363664882.48316,0
1779289200000,2134.04,2148.60,2127.67,2135.70,261995.621,1779292799999,560504020.99088,306395,136276.229,291546455.32186,0
1779292800000,2135.70,2139.55,2122.87,2134.35,156357.036,1779296399999,333216618.58925,204767,79458.490,169347245.18107,0
1779296400000,2134.35,2147.92,2131.01,2139.56,152461.307,1779299999999,326442128.07678,191173,76225.350,163227562.39733,0
1779300000000,2139.56,2140.00,2130.04,2131.15,82076.901,1779303599999,175242434.80719,115127,40032.037,85478359.13291,0
1779303600000,2131.15,2140.72,2127.92,2138.17,73644.816,1779307199999,157241963.43411,101224,38073.678,81300064.44138,0
1779307200000,2138.16,2139.87,2128.21,2135.01,66743.932,1779310799999,142463683.21038,105250,34499.822,73632386.30527,0
1779310800000,2135.01,2137.92,2129.37,2129.59,31446.693,1779314399999,67071923.87064,47844,15688.440,33463401.70373,0
1779314400000,2129.58,2129.59,2117.41,2127.16,94751.518,1779317999999,201142695.94600,135775,44265.571,93970947.85337,0
1779318000000,2127.15,2129.77,2121.58,2128.60,37813.437,1779321599999,80381275.44674,65591,21523.576,45754996.43151,0
1779321600000,2128.59,2144.53,2127.67,2141.83,111287.372,1779325199999,237801606.68499,148997,61996.827,132479723.00894,0
1779325200000,2141.83,2157.00,2138.13,2140.11,223517.657,1779328799999,479750431.55213,227842,118109.943,253587068.24578,0
1779328800000,2140.12,2147.42,2138.20,2140.60,86637.778,1779332399999,185724178.97506,103477,42397.883,90885185.47105,0
1779332400000,2140.60,2146.00,2139.71,2144.77,38489.620,1779335999999,82498924.99917,60591,20290.476,43489960.13551,0
1779336000000,2144.77,2147.80,2141.44,2143.81,44062.679,1779339599999,94492023.51464,62432,19083.401,40929987.61004,0
1779339600000,2143.81,2147.43,2132.04,2135.41,96396.740,1779343199999,206175298.21757,102153,41663.257,89122467.23471,0
1779343200000,2135.40,2137.69,2126.53,2127.61,119331.326,1779346799999,254347098.46006,126843,53351.790,113729235.17305,0
1779346800000,2127.61,2136.23,2123.33,2134.07,117899.368,1779350399999,251020663.92320,118308,60412.889,128639685.45676,0
1779350400000,2134.06,2147.51,2134.02,2137.05,155941.744,1779353999999,333835388.09307,157095,82711.165,177073731.01263,0
1779354000000,2137.04,2140.05,2126.50,2127.08,117954.245,1779357599999,251427055.52144,107490,56636.462,120712387.44569,0
1779357600000,2127.08,2129.34,2108.29,2113.44,334200.928,1779361199999,707450998.48163,284642,147633.195,312541778.49880,0
1779361200000,2113.44,2118.85,2110.76,2114.08,95206.913,1779364799999,201392390.18498,109054,48719.640,103065778.63350,0
1779364800000,2114.08,2118.76,2111.03,2116.19,92710.383,1779368399999,196084063.09476,127491,46215.246,97755020.35022,0
1779368400000,2116.19,2123.36,2103.51,2119.54,258187.860,1779371999999,545449099.36310,287297,135236.212,285780541.91525,0
1779372000000,2119.54,2124.70,2109.47,2120.98,196074.611,1779375599999,415445805.15902,260051,98591.380,208887643.87722,0
1779375600000,2120.97,2137.44,2118.25,2131.38,256088.009,1779379199999,545555785.27646,271394,130860.020,278778365.04850,0
1779379200000,2131.38,2135.55,2121.60,2126.87,107100.250,1779382799999,227960305.62809,140792,53306.982,113453166.29616,0
1779382800000,2126.87,2152.78,2124.90,2145.67,381914.729,1779386399999,818466872.22830,386682,199037.586,426538684.36237,0
1779386400000,2145.67,2147.31,2120.03,2125.89,233940.387,1779389999999,499146568.46912,247830,102646.330,219049353.29602,0
1779390000000,2125.88,2144.84,2125.37,2142.09,125018.676,1779393599999,266979893.55323,145161,67003.096,143112211.11322,0
1779393600000,2142.09,2142.56,2135.96,2137.75,50596.194,1779397199999,108234756.75883,65667,22298.922,47702833.69357,0
1779397200000,2137.76,2140.00,2132.96,2134.49,27579.534,1779400799999,58921355.29784,46776,13473.683,28786269.81827,0
1779400800000,2134.50,2136.09,2130.00,2130.99,34283.966,1779404399999,73118621.19780,68819,17696.573,37743171.35911,0
1779404400000,2131.00,2135.93,2125.90,2132.78,45673.561,1779407999999,97355935.88050,73000,21584.677,46021934.57761,0
1779408000000,2132.78,2134.29,2128.18,2128.19,49393.577,1779411599999,105254089.94869,97752,21666.316,46169393.34763,0
1779411600000,2128.19,2136.41,2124.05,2135.08,85071.513,1779415199999,181181107.54387,108852,47731.197,101651437.95831,0
1779415200000,2135.09,2139.33,2133.04,2136.88,69617.010,1779418799999,148708246.83629,97118,30545.665,65257467.41402,0
1779418800000,2136.88,2140.75,2134.14,2136.87,32384.548,1779422399999,69220727.09749,56774,17924.990,38317796.37819,0
1779422400000,2136.87,2140.45,2131.50,2132.79,44352.202,1779425999999,94735206.41468,57893,19207.600,41027033.52402,0
1779426000000,2132.79,2135.28,2126.28,2128.34,87641.616,1779429599999,186760721.06441,84743,38577.043,82240123.23531,0
1779429600000,2128.34,2130.28,2122.86,2124.79,89866.063,1779433199999,191100057.39558,105892,43966.688,93504854.93363,0
1779433200000,2124.79,2131.65,2121.00,2127.49,80442.910,1779436799999,171099842.83599,93149,38208.425,81273250.43795,0
1779436800000,2127.48,2132.67,2118.42,2121.49,112004.423,1779440399999,237975788.81340,136312,50509.286,107354943.40701,0
1779440400000,2121.49,2124.58,2117.76,2122.86,83123.384,1779443999999,176325584.87625,90025,45247.983,95989959.51895,0
1779444000000,2122.87,2124.58,2120.02,2122.10,39643.770,1779447599999,84142873.75062,61076,19157.007,40661052.02465,0
1779447600000,2122.10,2129.99,2119.00,2129.65,62372.700,1779451199999,132560771.12997,80913,33045.197,70243881.53721,0
1779451200000,2129.64,2137.33,2128.34,2134.21,127225.637,1779454799999,271335058.78557,127240,62949.661,134266800.83473,0
1779454800000,2134.22,2134.79,2122.69,2129.29,144806.144,1779458399999,308227214.66263,189745,71765.340,152769002.77010,0
1779458400000,2129.29,2129.29,2111.00,2115.95,237106.512,1779461999999,502424858.91299,257348,107790.094,228418622.05231,0
1779462000000,2115.95,2124.72,2111.34,2118.50,140289.220,1779465599999,297146918.57678,175427,69575.680,147377192.99233,0
1779465600000,2118.51,2123.17,2117.00,2121.99,65598.501,1779469199999,139054089.87065,102456,33536.199,71090683.38024,0
1779469200000,2121.99,2129.39,2118.22,2118.62,139377.544,1779472799999,295997546.79527,156534,64896.488,137845957.36372,0
1779472800000,2118.63,2120.88,2082.51,2098.96,459811.722,1779476399999,965949085.21496,349357,207091.849,434980509.37492,0
1779476400000,2098.95,2102.30,2056.39,2064.60,674315.140,1779479999999,1397191839.20346,578504,328460.417,680507247.33707,0
1779480000000,2064.60,2078.20,2063.24,2072.24,197523.629,1779483599999,409192165.16903,219031,99512.963,206168935.52316,0
1779483600000,2072.24,2078.80,2070.00,2077.39,94913.685,1779487199999,196856110.14841,111790,41296.764,85675479.36984,0
1779487200000,2077.39,2078.81,2065.58,2071.91,90078.328,1779490799999,186636931.09117,122596,43611.217,90369195.79434,0
1779490800000,2071.91,2076.46,2056.05,2064.98,147138.743,1779494399999,303977743.74704,169068,67169.149,138799835.38866,0
1779494400000,2064.99,2069.91,2051.49,2063.76,206798.338,1779497999999,426596932.99337,256793,97702.257,201614729.87544,0
1779498000000,2063.76,2069.32,2061.75,2068.12,73432.834,1779501599999,151739229.52390,115008,41818.181,86420875.41798,0
1779501600000,2068.11,2069.80,2064.03,2067.35,40901.644,1779505199999,84535412.53525,67479,21529.239,44497215.79439,0
1779505200000,2067.36,2071.10,2067.06,2069.87,37822.004,1779508799999,78263481.80381,55425,19030.870,39379328.65903,0
1779508800000,2069.88,2070.24,2064.45,2066.34,39115.698,1779512399999,80854737.95745,49476,18247.418,37714891.50889,0
1779512400000,2066.35,2067.00,2060.94,2064.00,53573.852,1779515999999,110561345.53568,67780,21516.815,44404326.48430,0
1779516000000,2064.01,2064.88,2059.18,2060.93,48618.923,1779519599999,100246804.14141,59778,21098.923,43505705.14656,0
1779519600000,2060.93,2062.20,2007.00,2027.47,817337.854,1779523199999,1660536088.24718,572968,357634.848,726508331.67993,0
1779523200000,2027.48,2031.40,2020.17,2029.33,271741.699,1779526799999,550596972.50285,262185,142497.913,288753300.45792,0
1779526800000,2029.33,2030.48,2026.18,2026.46,107511.201,1779530399999,218080262.56032,102488,56246.757,114100620.53047,0
1779530400000,2026.46,2032.99,2026.05,2030.56,58292.057,1779533999999,118307255.17928,58355,28473.676,57786070.11433,0
1779534000000,2030.55,2035.00,2029.61,2030.46,73359.729,1779537599999,149091613.23929,68021,42886.172,87168154.11260,0
1779537600000,2030.46,2031.07,2026.10,2030.17,60655.356,1779541199999,123064718.50634,63876,29761.878,60384712.52486,0
1779541200000,2030.18,2045.50,2030.12,2043.96,259988.693,1779544799999,530526159.96524,216360,150591.581,307334986.16643,0
1779544800000,2043.96,2064.53,2040.09,2060.64,285692.228,1779548399999,586179652.10651,231574,153553.255,314997190.37141,0
1779548400000,2060.65,2067.84,2054.60,2059.43,253946.304,1779551999999,523418823.84976,203173,113117.621,233152386.04754,0
1779552000000,2059.43,2064.48,2056.40,2060.80,111680.429,1779555599999,230113936.34804,113825,47436.802,97747481.20232,0
1779555600000,2060.80,2065.00,2058.24,2063.14,75678.753,1779559199999,156031988.64148,90584,38544.063,79475486.32801,0
1779559200000,2063.14,2083.00,2062.74,2073.00,262906.868,1779562799999,545528773.08804,241570,145231.127,301333877.61119,0
1779562800000,2072.99,2081.85,2067.84,2076.51,103943.771,1779566399999,215718245.35902,112360,64127.261,133125020.57950,0
1779566400000,2076.50,2147.00,2073.52,2145.59,881759.965,1779569999999,1865361315.71770,771008,463135.007,978719687.31657,0
1779570000000,2145.60,2149.86,2105.00,2115.84,416700.826,1779573599999,885471040.68885,448773,189062.780,401799109.87199,0
1779573600000,2115.85,2119.50,2102.03,2115.75,153550.920,1779577199999,324224386.55825,190884,76438.891,161432759.25252,0
1779577200000,2115.75,2121.30,2113.35,2116.82,75152.171,1779580799999,159150662.04385,109914,42273.686,89530296.21732,0
1779580800000,2116.82,2120.73,2112.00,2118.59,74286.956,1779584399999,157214665.32835,105255,36617.582,77506314.93275,0
1779584400000,2118.59,2125.58,2117.26,2121.46,77162.450,1779587999999,163666993.42794,97129,44028.800,93392673.53470,0
1779588000000,2121.45,2124.63,2117.26,2121.61,69025.652,1779591599999,146426370.70241,87917,33733.193,71570335.07015,0
1779591600000,2121.61,2126.73,2115.21,2118.09,64923.306,1779595199999,137613114.74741,81109,24407.420,51756637.47322,0
1779595200000,2118.09,2123.01,2118.09,2119.14,37570.987,1779598799999,79683954.03904,54324,21091.498,44736059.37759,0
1779598800000,2119.14,2120.60,2112.80,2119.06,53406.275,1779602399999,113019908.65897,68811,25139.840,53210873.64487,0
1779602400000,2119.05,2129.55,2116.63,2127.24,71013.139,1779605999999,150764346.15424,96506,42775.390,90815845.79441,0
1779606000000,2127.23,2128.96,2118.30,2120.25,51994.369,1779609599999,110362444.25809,71376,23027.437,48881881.62929,0
1779609600000,2120.25,2122.56,2118.30,2119.44,42618.436,1779613199999,90353209.73714,57269,18266.596,38725846.87305,0
1779613200000,2119.43,2123.95,2118.03,2122.47,59819.391,1779616799999,126887845.96070,63093,33352.359,70751877.68543,0
1779616800000,2122.47,2131.10,2118.14,2121.20,111016.411,1779620399999,235692575.58019,117694,58243.162,123698012.10113,0
1779620400000,2121.20,2126.63,2121.12,2125.07,54731.652,1779623999999,116273089.51838,76981,26412.746,56110598.99413,0
1779624000000,2125.08,2125.50,2115.61,2118.91,77367.974,1779627599999,163967200.23095,87601,29553.888,62646525.69742,0
1779627600000,2118.91,2120.39,2104.49,2109.34,172753.550,1779631199999,364982790.29083,143646,78387.199,165626336.02793,0
1779631200000,2109.33,2112.67,2075.60,2097.22,520280.548,1779634799999,1089351525.32006,441884,232792.066,487461416.42230,0
1779634800000,2097.22,2099.40,2093.01,2095.10,79096.598,1779638399999,165781201.66273,92403,39437.692,82670124.81073,0
1779638400000,2095.11,2108.59,2094.11,2102.82,148100.621,1779641999999,311178650.06333,148643,84958.154,178521760.97268,0
1779642000000,2102.83,2106.21,2100.43,2101.93,48833.599,1779645599999,102710783.34877,71648,27128.979,57064903.96714,0
1779645600000,2101.93,2104.13,2096.68,2099.01,50182.780,1779649199999,105415499.63918,63139,25045.675,52615237.76129,0
1779649200000,2099.01,2101.77,2095.27,2099.87,30995.843,1779652799999,65037495.12780,57706,17352.650,36412720.33944,0
1779652800000,2099.87,2101.12,2090.25,2091.94,80047.334,1779656399999,167652090.81805,91080,32825.585,68747555.40846,0
1779656400000,2091.94,2097.87,2061.26,2069.47,263053.226,1779659999999,545819725.93493,268571,120610.252,250165622.23745,0
1779660000000,2069.48,2098.68,2069.37,2091.38,246539.725,1779663599999,514993636.19249,309060,131930.662,275616041.78255,0
1779663600000,2091.37,2107.49,2090.51,2098.99,111821.738,1779667199999,234765636.02461,155381,62820.565,131915726.51610,0
1779667200000,2098.99,2108.74,2098.84,2104.26,99733.487,1779670799999,209857281.63820,141754,54279.638,114221069.50324,0
1779670800000,2104.26,2107.46,2092.32,2093.33,64186.305,1779674399999,134871270.69621,110333,24898.194,52342030.56516,0
1779674400000,2093.34,2112.67,2093.34,2097.30,131591.388,1779677999999,276719361.37957,174652,72756.410,153037621.74550,0
1779678000000,2097.31,2099.20,2090.84,2094.55,54387.885,1779681599999,113949311.58068,94012,24620.101,51586233.67876,0
1779681600000,2094.56,2107.29,2090.96,2104.86,111645.706,1779685199999,234426901.35805,97020,60107.980,126209973.55030,0
1779685200000,2104.86,2110.84,2103.19,2107.21,109739.672,1779688799999,231307489.95198,105358,49120.277,103524228.68802,0
1779688800000,2107.21,2110.80,2098.08,2108.00,95865.080,1779692399999,201735563.26082,123534,49997.545,105224974.85857,0
1779692400000,2108.00,2117.60,2105.49,2115.38,161734.708,1779695999999,341503776.03658,156445,91193.966,192591641.76278,0
1779696000000,2115.38,2116.93,2110.85,2115.76,67137.566,1779699599999,141905295.16663,77678,31197.384,65946478.34857,0
1779699600000,2115.77,2123.72,2115.00,2115.84,121491.829,1779703199999,257412051.98971,120195,64242.511,136124867.92965,0
1779703200000,2115.84,2120.34,2113.76,2116.09,57204.696,1779706799999,121053379.54801,72291,26952.570,57041135.42722,0
1779706800000,2116.10,2119.41,2112.77,2113.89,59892.266,1779710399999,126725506.97763,75121,27742.921,58703865.52859,0
1779710400000,2113.88,2118.71,2111.04,2116.12,68474.769,1779713999999,144814383.92975,86906,33333.662,70497552.06891,0
1779714000000,2116.12,2119.22,2113.24,2115.35,41618.792,1779717599999,88042992.06436,66069,19315.599,40864676.09441,0
1779717600000,2115.36,2129.61,2114.69,2127.54,171809.915,1779721199999,364840447.86699,164205,92554.740,196552886.47711,0
1779721200000,2127.55,2137.99,2121.63,2126.00,173938.582,1779724799999,370374728.34369,175476,95531.578,203484886.65260,0
1779724800000,2126.01,2141.60,2123.88,2135.50,141021.006,1779728399999,300692229.14504,142708,76259.946,162650898.46048,0
1779728400000,2135.49,2139.99,2127.22,2127.82,92340.726,1779731999999,197033481.17844,109099,45411.946,96923242.53557,0
1779732000000,2127.82,2133.12,2125.52,2125.90,50108.703,1779735599999,106665332.82974,60885,23065.157,49103208.55654,0
1779735600000,2125.90,2126.05,2115.42,2120.41,83520.747,1779739199999,177125746.85261,94238,33790.140,71668532.50766,0
1779739200000,2120.41,2122.45,2105.81,2107.49,128311.788,1779742799999,271057298.80790,114312,41947.927,88651270.19123,0
1779742800000,2107.49,2111.92,2106.62,2109.85,57858.905,1779746399999,122060964.18015,74263,31261.010,65949565.13701,0
1779746400000,2109.85,2114.75,2101.09,2102.59,124471.588,1779749999999,262321671.60353,146860,61976.939,130648276.33271,0
1779750000000,2102.59,2112.76,2101.26,2111.64,62112.285,1779753599999,130977107.32199,82475,34564.129,72889078.79135,0
1779753600000,2111.64,2112.95,2083.43,2096.58,230122.777,1779757199999,482470579.29780,238167,104407.964,218923886.08965,0
1779757200000,2096.58,2099.44,2086.56,2093.36,159000.661,1779760799999,332822887.15349,188796,93316.168,195323272.45341,0
1779760800000,2093.36,2094.87,2083.39,2088.00,109412.336,1779764399999,228597319.14958,140727,51626.215,107865070.55059,0
1779764400000,2088.00,2093.59,2083.48,2092.48,73685.768,1779767999999,153936968.77643,98557,45647.653,95371159.57385,0
1779768000000,2092.49,2095.66,2087.80,2092.74,66856.742,1779771599999,139875743.48232,71587,31767.112,66466798.19852,0
1779771600000,2092.74,2102.72,2090.90,2099.82,82241.568,1779775199999,172593902.82765,87253,50765.802,106537773.18524,0
1779775200000,2099.82,2103.90,2093.88,2100.81,69774.962,1779778799999,146488485.27833,85506,31491.772,66121032.89466,0
1779778800000,2100.81,2101.62,2088.63,2094.40,168219.002,1779782399999,352361995.50252,127358,77420.496,162132534.22018,0
1779782400000,2094.40,2099.39,2094.00,2096.23,36589.102,1779785999999,76720453.28643,64591,18247.564,38260742.86052,0
1779786000000,2096.24,2098.82,2092.94,2095.67,46668.111,1779789599999,97795783.37790,74752,23858.783,49996881.09217,0
1779789600000,2095.67,2136.84,2093.00,2126.79,469037.419,1779793199999,995741608.15457,404404,269515.519,571997744.11077,0
1779793200000,2126.79,2130.00,2117.43,2120.00,199279.485,1779796799999,422942498.34347,182973,90012.638,191064683.39894,0
1779796800000,2119.99,2126.40,2110.03,2125.47,182325.324,1779800399999,385979197.03850,173408,89397.449,189274842.02168,0
1779800400000,2125.46,2130.82,2108.30,2124.48,248297.388,1779803999999,526207862.25080,276191,115381.668,244551068.49700,0
1779804000000,2124.48,2139.66,2104.00,2108.17,535764.715,1779807599999,1136511411.88346,509667,248301.432,526846905.43510,0
1779807600000,2108.18,2111.39,2076.46,2086.14,554919.846,1779811199999,1161520856.01961,502368,265666.108,556107461.55738,0
1779811200000,2086.14,2089.00,2072.27,2078.53,349817.373,1779814799999,727479517.73629,319913,186139.014,387118138.27413,0
1779814800000,2078.54,2083.00,2053.00,2069.90,470899.915,1779818399999,972822188.78028,408321,236145.826,487935353.54735,0
1779818400000,2069.90,2081.25,2065.73,2067.89,157837.088,1779821999999,327089377.41817,202421,86776.164,179846610.56580,0
1779822000000,2067.89,2076.19,2064.56,2073.65,64939.733,1779825599999,134476653.33698,108109,36079.299,74715691.40311,0
1779825600000,2073.65,2077.80,2072.83,2077.48,46261.164,1779829199999,96003780.75981,73842,23971.454,49746886.71589,0
1779829200000,2077.48,2077.90,2068.19,2072.00,52082.872,1779832799999,107999478.85159,71888,22485.258,46625727.56592,0
1779832800000,2072.00,2075.74,2064.59,2068.00,58551.088,1779836399999,121152769.66261,105812,26042.025,53889080.86429,0
1779836400000,2068.00,2076.09,2067.99,2072.99,43867.727,1779839999999,90937308.52307,71574,24539.118,50869139.43318,0
1779840000000,2073.00,2083.54,2072.79,2082.31,88130.491,1779843599999,183183162.59843,120501,48220.053,100229732.89846,0
1779843600000,2082.31,2083.05,2070.78,2073.48,56732.481,1779847199999,117738767.62102,102145,26120.337,54201951.47298,0
1779847200000,2073.48,2075.28,2067.80,2075.28,71595.230,1779850799999,148280757.96181,97918,39097.808,80981756.56348,0
1779850800000,2075.28,2079.40,2067.48,2068.80,76500.165,1779854399999,158574567.16105,97816,38043.357,78852867.81360,0
1779854400000,2068.79,2072.25,2055.00,2071.17,157717.350,1779857999999,325450350.04069,178312,73455.168,151638950.69000,0
1779858000000,2071.17,2078.30,2070.53,2076.34,77115.208,1779861599999,159946868.76947,102951,38819.061,80519405.64005,0
1779861600000,2076.34,2080.57,2073.74,2078.80,62343.897,1779865199999,129526256.26174,87809,32718.941,67983052.39479,0
1779865200000,2078.80,2083.34,2075.00,2082.66,64169.752,1779868799999,133430643.61469,87602,35179.932,73160462.84062,0
1779868800000,2082.67,2096.13,2082.54,2083.99,208209.260,1779872399999,434890473.72260,199170,105464.577,220316454.29679,0
1779872400000,2083.98,2086.84,2077.10,2082.32,112675.632,1779875999999,234556755.92710,119617,52993.673,110320014.56233,0
1779876000000,2082.33,2087.03,2078.27,2078.61,60419.709,1779879599999,125799029.60924,73856,29796.523,62046394.10913,0
1779879600000,2078.61,2084.34,2077.50,2079.58,74087.848,1779883199999,154179160.17572,90686,35694.344,74289000.05814,0
1779883200000,2079.57,2096.61,2072.39,2077.74,245529.503,1779886799999,511607647.47931,242811,125016.763,260566524.94091,0
1779886800000,2077.73,2079.73,2051.00,2063.74,484558.763,1779890399999,999599368.18644,468211,231211.537,476995279.35033,0
1779890400000,2063.74,2071.20,2053.55,2061.66,237078.237,1779893999999,488782449.20685,338532,112547.026,232022548.52301,0
1779894000000,2061.65,2079.60,2060.25,2070.86,246669.915,1779897599999,510914031.90965,261016,116219.866,240743195.59167,0
1779897600000,2070.86,2073.79,2059.10,2069.32,130654.581,1779901199999,269928358.11520,175825,57165.341,118102300.89105,0
1779901200000,2069.33,2069.56,2043.43,2051.35,279493.405,1779904799999,574092001.04806,273447,114367.626,235006649.85645,0
1779904800000,2051.35,2056.09,2041.64,2055.77,168538.217,1779908399999,345438665.52532,195706,92787.545,190206919.35143,0
1779908400000,2055.77,2060.67,2053.56,2056.84,69704.542,1779911999999,143380794.89432,104432,32574.091,67008931.86181,0
1779912000000,2056.85,2065.99,2056.30,2062.38,82478.129,1779915599999,170006053.47255,100966,40719.290,83933157.54795,0
1779915600000,2062.38,2062.38,2013.98,2020.09,442588.392,1779919199999,898680681.12433,440645,175126.496,355506512.57430,0
1779919200000,2020.09,2034.08,2015.00,2024.34,249829.706,1779922799999,505997966.18777,347502,111384.490,225639305.70104,0
1779922800000,2024.33,2029.29,2016.93,2023.70,174494.926,1779926399999,352883801.05599,223036,84223.782,170335915.00185,0
1779926400000,2023.70,2028.47,2019.71,2027.22,95231.315,1779929999999,192792000.73562,159940,52207.037,105693449.89416,0
1779930000000,2027.22,2028.26,2010.25,2019.46,202620.510,1779933599999,409054031.55706,273662,86646.798,174981036.52079,0
1779933600000,2019.47,2021.18,2013.88,2016.70,89150.920,1779937199999,179865054.40078,157055,45660.068,92128974.56861,0
1779937200000,2016.71,2020.00,1970.00,1980.66,972726.874,1779940799999,1933573864.07069,739521,432287.016,859009970.27576,0
1779940800000,1980.65,1985.75,1965.48,1981.21,434004.248,1779944399999,857870574.15969,429472,213369.895,421854779.28111,0
1779944400000,1981.22,1982.57,1974.27,1977.73,140457.780,1779947999999,277787931.65444,173750,65526.191,129600147.71707,0
1779948000000,1977.73,1983.70,1971.42,1983.21,156350.152,1779951599999,309264337.95138,165299,82836.151,163872938.10650,0
1779951600000,1983.21,1995.59,1981.46,1994.24,179965.424,1779955199999,358108405.40519,167625,94019.594,187063751.24167,0
1779955200000,1994.24,1994.96,1983.80,1987.33,119700.003,1779958799999,238073035.03093,124393,59543.326,118424785.62166,0
1779958800000,1987.34,1994.55,1983.60,1992.92,79449.285,1779962399999,158134118.76758,116282,43002.163,85595510.17123,0
1779962400000,1992.92,1997.95,1987.41,1989.15,102330.840,1779965999999,203899599.67098,127731,48145.318,95951537.65665,0
1779966000000,1989.16,1991.80,1985.29,1988.73,94401.003,1779969599999,187709414.28903,114352,36198.228,71981526.56195,0
1779969600000,1988.73,1993.95,1980.32,1991.05,138572.426,1779973199999,275310205.26426,171841,70595.275,140278652.10353,0
1779973200000,1991.06,1994.26,1974.29,1980.78,282046.109,1779976799999,558846593.54303,334368,130198.170,258004010.99815,0
1779976800000,1980.77,2002.21,1966.15,1992.69,616423.153,1779980399999,1224568029.34690,686566,307840.919,611683218.32370,0
1779980400000,1992.68,1998.55,1982.65,1989.69,176716.574,1779983999999,351771622.88355,264521,97267.231,193635493.68610,0
1779984000000,1989.70,2014.80,1984.11,2012.50,312536.360,1779987599999,625802596.03037,353854,182443.152,365427744.92757,0
1779987600000,2012.49,2026.82,2008.26,2018.42,247769.309,1779991199999,499845359.08025,266544,129194.334,260712033.27195,0
1779991200000,2018.43,2029.50,2017.05,2024.17,145298.824,1779994799999,294001679.88872,192716,68914.258,139461323.85600,0
1779994800000,2024.17,2024.28,2013.08,2013.86,130593.262,1779998399999,263664443.00506,142415,53633.538,108280892.76691,0
1779998400000,2013.87,2019.40,2005.34,2013.16,126190.543,1780001999999,254008348.33164,146766,64767.426,130387893.23385,0
1780002000000,2013.16,2023.50,2012.53,2019.05,71986.782,1780005599999,145392574.83585,85990,44138.834,89136256.97022,0
1780005600000,2019.05,2022.16,2004.43,2004.89,91532.975,1780009199999,184043791.05184,117276,41114.102,82661391.93469,0
1780009200000,2004.89,2011.61,2004.88,2008.92,59623.634,1780012799999,119726624.64969,75946,31148.916,62547922.74159,0
1780012800000,2008.92,2016.29,2008.92,2011.71,81467.394,1780016399999,164038463.39523,114861,41522.092,83601664.45768,0
1780016400000,2011.71,2015.70,2005.09,2007.25,68717.221,1780019999999,138043755.37575,113668,36289.218,72900824.72343,0
1780020000000,2007.26,2010.12,1995.74,1998.51,128485.110,1780023599999,257218086.75469,151141,58495.314,117127471.39899,0
1780023600000,1998.51,2007.27,1998.51,2002.06,60776.532,1780027199999,121749988.23716,88295,32740.129,65582494.40402,0
1780027200000,2002.05,2007.90,1997.53,2007.63,70410.471,1780030799999,141051719.99054,90692,39335.692,78818342.01332,0
1780030800000,2007.64,2014.84,2006.84,2013.63,99724.779,1780034399999,200541833.26818,105797,53805.146,108204778.87195,0
1780034400000,2013.63,2020.76,2011.33,2017.20,80579.279,1780037999999,162415672.13575,102819,43472.245,87637210.07362,0
1780038000000,2017.21,2019.00,2002.31,2006.54,184236.922,1780041599999,370107775.05209,130839,81039.641,162785525.80994,0
1780041600000,2006.53,2013.00,2004.53,2005.43,95442.407,1780045199999,191760443.91174,96534,49021.205,98508371.35982,0
1780045200000,2005.43,2015.40,2005.20,2013.79,69277.530,1780048799999,139403874.63879,81750,33126.679,66654363.69639,0
1780048800000,2013.80,2014.15,2008.75,2010.14,39179.698,1780052399999,78810430.23388,58500,17044.361,34284625.55850,0
1780052400000,2010.13,2013.62,2001.29,2006.62,89082.353,1780055999999,178776719.19661,108830,41125.832,82549222.94390,0
1780056000000,2006.63,2006.63,1993.57,1998.61,192530.348,1780059599999,385055116.27521,189982,82939.095,165862511.88562,0
1780059600000,1998.62,2005.60,1986.39,1998.75,283691.359,1780063199999,566074294.27105,310601,143449.927,286298540.19416,0
1780063200000,1998.75,2004.00,1975.37,2000.92,492151.141,1780066799999,979532129.33272,535278,244785.344,487366505.86324,0
1780066800000,2000.92,2046.00,1998.34,2030.83,992851.497,1780070399999,2012619141.74976,747151,533038.171,1080235614.25854,0
1780070400000,2030.83,2042.81,2021.23,2039.65,345343.654,1780073999999,702493855.41085,378655,173560.852,353043930.98194,0
1780074000000,2039.65,2043.69,2025.16,2027.57,201912.284,1780077599999,411070801.11610,242426,97929.860,199387327.70247,0
1780077600000,2027.57,2030.99,2003.00,2010.45,297522.502,1780081199999,600115986.62717,280908,128697.979,259681803.16582,0
1780081200000,2010.45,2021.19,2003.65,2016.03,156790.589,1780084799999,315779934.73011,176420,83360.633,167889827.92804,0
1780084800000,2016.02,2023.00,2013.78,2017.48,87732.326,1780088399999,177162948.07423,102873,41157.537,83116139.36387,0
1780088400000,2017.48,2023.31,2007.03,2008.61,106332.776,1780091999999,214012302.13225,99407,48041.739,96687087.89364,0
1780092000000,2008.62,2016.24,2006.61,2012.80,82244.844,1780095599999,165471925.06582,91291,43709.874,87939226.63611,0
1780095600000,2012.81,2014.99,2005.79,2013.35,98471.087,1780099199999,197978014.19081,107384,54259.121,109101852.83158,0
1780099200000,2013.36,2015.37,2009.47,2013.90,55028.087,1780102799999,110782735.26579,76873,27471.328,55302867.74670,0
1780102800000,2013.90,2020.63,2012.50,2018.73,66043.431,1780106399999,133280312.67250,84714,35080.540,70793810.00534,0
1780106400000,2018.73,2020.75,2016.06,2020.62,36868.522,1780109999999,74433015.09207,55099,21051.405,42501117.00917,0
1780110000000,2020.63,2022.69,2013.95,2015.90,64131.298,1780113599999,129418948.50872,72426,27812.351,56132272.30728,0
1780113600000,2015.90,2017.50,2000.83,2010.00,166123.328,1780117199999,333525830.10820,162831,73018.787,146639224.37780,0
1780117200000,2010.00,2023.30,2007.00,2015.04,116282.565,1780120799999,234231556.31791,93394,76981.912,155078751.12348,0
1780120800000,2015.03,2019.79,2011.89,2016.01,53499.116,1780124399999,107871035.64830,68193,28412.950,57292036.79325,0
1780124400000,2016.00,2017.20,2012.73,2015.33,37814.308,1780127999999,76185670.28957,48860,21045.788,42404235.41020,0
1780128000000,2015.33,2015.44,2012.88,2013.39,22764.410,1780131599999,45849882.71514,32479,11218.864,22595326.24709,0
1780131600000,2013.39,2016.50,2012.96,2015.82,24854.720,1780135199999,50082264.52501,37807,14779.716,29781594.56702,0
1780135200000,2015.81,2021.88,2015.47,2017.14,81200.292,1780138799999,163924765.04647,66499,47342.406,95594429.54616,0
1780138800000,2017.13,2018.33,2014.38,2016.54,26552.868,1780142399999,53540499.86149,35761,11787.733,23768428.98984,0
1780142400000,2016.54,2019.73,2016.20,2019.02,25063.543,1780145999999,50573124.12523,31930,13133.735,26502057.39482,0
1780146000000,2019.01,2021.63,2016.16,2019.82,44693.998,1780149599999,90248062.81754,50566,22166.029,44762344.51315,0
1780149600000,2019.81,2029.99,2019.49,2025.89,151178.810,1780153199999,306187197.60950,142316,87997.600,178219209.66505,0
1780153200000,2025.88,2031.51,2023.39,2025.95,94178.772,1780156799999,190839582.05571,102816,48186.805,97664155.68872,0
1780156800000,2025.95,2027.59,2023.63,2026.27,40487.362,1780160399999,82003855.96517,55940,22044.524,44648709.40937,0
1780160400000,2026.28,2028.34,2018.13,2026.42,72753.952,1780163999999,147218611.23431,86958,28925.995,58538183.21437,0
1780164000000,2026.41,2029.72,2023.72,2026.82,48508.469,1780167599999,98312197.38697,56432,27006.111,54737622.64078,0
1780167600000,2026.81,2028.27,2023.74,2027.96,32054.924,1780171199999,64957568.40966,41128,14360.666,29099324.65429,0
1780171200000,2027.97,2028.80,2025.00,2026.30,25254.140,1780174799999,51193069.11466,33534,10677.388,21644534.01599,0
1780174800000,2026.30,2030.79,2026.30,2027.54,40078.802,1780178399999,81319718.17444,37166,22154.085,44954124.67356,0
1780178400000,2027.55,2027.55,2019.71,2022.51,53041.207,1780181999999,107295722.74886,68363,22109.394,44720946.91473,0
1780182000000,2022.51,2025.38,2019.24,2021.58,33895.973,1780185599999,68515974.07781,51748,17656.864,35692467.62750,0
1780185600000,2021.59,2027.23,2019.85,2026.00,35455.023,1780189199999,71759519.65663,56048,20131.281,40747562.20640,0
1780189200000,2026.00,2033.94,2025.78,2028.38,95610.610,1780192799999,194114787.64342,97283,58011.675,117778203.23649,0
1780192800000,2028.38,2037.55,2026.50,2033.51,134029.023,1780196399999,272287977.68439,123481,67846.134,137877241.51874,0
1780196400000,2033.52,2036.06,2031.22,2032.66,39717.826,1780199999999,80779582.92161,58488,18546.680,37721820.94555,0
1780200000000,2032.66,2034.20,2030.30,2032.85,26380.815,1780203599999,53607251.96526,44376,12986.215,26390355.42678,0
1780203600000,2032.85,2033.01,2028.20,2029.27,29475.926,1780207199999,59849154.20900,47049,11986.047,24339048.43854,0
1780207200000,2029.27,2030.20,2027.54,2028.99,26681.749,1780210799999,54133292.21211,39482,14159.278,28728159.04150,0
1780210800000,2028.99,2028.99,2021.53,2023.14,57455.335,1780214399999,116306595.94277,68640,25620.522,51861311.54459,0
1780214400000,2023.14,2028.40,2022.01,2026.77,71201.950,1780217999999,144213190.01455,70789,41689.566,84431781.76068,0
1780218000000,2026.78,2027.61,2016.90,2020.15,79978.541,1780221599999,161694756.41847,72676,26162.418,52920909.82882,0
1780221600000,2020.14,2020.89,2014.40,2019.92,101111.860,1780225199999,203999063.11720,100999,43716.919,88203030.90122,0
1780225200000,2019.93,2023.37,2019.92,2022.23,29643.933,1780228799999,59931293.97363,45326,15012.656,30350373.59730,0
1780228800000,2022.22,2024.46,2018.17,2021.35,34896.372,1780232399999,70542320.55192,52056,18545.834,37491280.58355,0
1780232400000,2021.35,2025.70,2018.60,2019.44,34689.474,1780235999999,70148132.67256,52199,16662.263,33696703.25066,0
1780236000000,2019.43,2020.73,2004.53,2006.84,343928.846,1780239599999,691198659.79585,269957,150355.592,302184013.88657,0
1780239600000,2006.85,2014.40,2006.22,2009.51,125030.789,1780243199999,251379130.23691,109469,73517.353,147809055.44757,0
1780243200000,2009.50,2011.50,1996.99,2001.13,213503.715,1780246799999,427515228.27692,174162,85871.193,171999828.18642,0
1780246800000,2001.13,2007.00,1995.42,2005.03,125542.570,1780250399999,251382865.43011,102360,67484.992,135154888.22995,0
1780250400000,2005.04,2005.37,1998.20,1999.83,61666.589,1780253999999,123435447.19998,64934,30933.611,61922800.36213,0
1780254000000,1999.83,2001.76,1992.84,1998.76,73884.921,1780257599999,147484317.48449,85459,31467.492,62821962.02858,0
1780257600000,1998.76,2007.77,1998.76,2006.35,56788.629,1780261199999,113731579.01860,65580,35776.833,71653780.67766,0
1780261200000,2006.36,2013.50,2004.10,2011.44,108295.484,1780264799999,217617489.96885,123275,60921.363,122420660.09859,0
1780264800000,2011.43,2013.40,2003.67,2011.67,70564.259,1780268399999,141820247.09531,122970,35891.153,72132221.01773,0
1780268400000,2011.68,2022.27,1999.05,2006.31,142053.406,1780271999999,285516140.97696,181197,74307.237,149409177.99629,0
1780272000000,2006.30,2020.90,2005.15,2014.83,141927.406,1780275599999,285784910.50672,201986,69634.572,140220049.92147,0
1780275600000,2014.82,2016.17,1993.08,1994.02,158089.225,1780279199999,316602799.80402,234415,74305.451,148831062.64153,0
1780279200000,1994.01,2017.46,1990.09,2010.81,188932.398,1780282799999,378931071.56704,235350,102433.829,205431281.05604,0
1780282800000,2010.80,2017.61,2007.72,2008.48,112140.890,1780286399999,225755997.18546,147676,51913.662,104523569.74703,0
1780286400000,2008.47,2011.38,1992.85,1998.83,176836.439,1780289999999,353547777.89806,193135,83445.505,166844707.40039,0
1780290000000,1998.83,2000.54,1990.36,1993.61,101417.521,1780293599999,202359270.33237,125021,36540.591,72914928.50488,0
1780293600000,1993.61,1994.38,1979.00,1987.09,257876.429,1780297199999,512143774.86130,255784,114888.642,228210356.91270,0
1780297200000,1987.09,1989.77,1970.30,1975.46,218443.309,1780300799999,432439290.98597,247249,106453.703,210802353.62690,0
1780300800000,1975.45,1984.51,1971.10,1983.29,192792.924,1780304399999,381247545.88318,219635,95062.828,188045166.25906,0
1780304400000,1983.28,1989.46,1983.02,1986.94,128714.268,1780307999999,255662953.60511,148945,67764.214,134589894.10661,0
1780308000000,1986.95,1988.20,1980.28,1983.86,92595.652,1780311599999,183705401.43813,127016,42207.747,83732312.13552,0
1780311600000,1983.87,1986.19,1976.38,1980.73,90216.772,1780315199999,178754773.37722,122179,38163.715,75636490.79585,0
1780315200000,1980.73,1993.59,1965.89,1988.67,394763.750,1780318799999,781828058.89097,401604,193904.048,384037485.58893,0
1780318800000,1988.67,1989.46,1954.42,1970.61,634030.791,1780322399999,1249621390.21659,647585,279543.633,551251507.88760,0
1780322400000,1970.62,1976.79,1963.78,1967.61,298622.173,1780325999999,588007756.23586,374773,138032.689,271812947.82547,0
1780326000000,1967.61,1979.50,1959.10,1967.60,306401.490,1780329599999,603113617.91898,305780,147084.117,289534784.84641,0
1780329600000,1967.61,1978.08,1957.47,1977.25,243651.954,1780333199999,479565742.00760,268943,132003.548,259848364.51914,0
1780333200000,1977.25,1996.42,1976.87,1989.86,335153.338,1780336799999,666179975.89922,343274,178905.361,355640946.27252,0
1780336800000,1989.86,1995.00,1982.56,1991.80,114487.357,1780340399999,227721668.44047,156364,54209.732,107821214.80198,0
1780340400000,1991.80,2008.25,1991.04,2003.92,182138.443,1780343999999,364497778.14036,174145,88644.988,177367067.68510,0
1780344000000,2003.92,2008.25,2000.60,2005.01,104167.263,1780347599999,208762537.79368,104774,48926.604,98061596.77065,0
1780347600000,2005.01,2009.42,1991.83,1993.86,168679.084,1780351199999,337113739.42747,185330,78087.682,156090890.38015,0
1780351200000,1993.86,2005.49,1983.51,2003.82,176797.715,1780354799999,352678816.50993,212833,88994.747,177541925.39951,0
1780354800000,2003.81,2008.19,1997.34,2006.00,117483.001,1780358399999,235411098.34826,159362,63280.766,126790853.12977,0
1780358400000,2006.01,2006.44,1994.32,1995.84,86923.888,1780361999999,173923614.17494,142030,37031.915,74082226.07404,0
1780362000000,1995.84,1998.42,1978.40,1979.30,157068.677,1780365599999,312204463.66966,247208,75060.287,149186582.97034,0
1780365600000,1979.30,1996.56,1961.31,1996.44,446048.408,1780369199999,883139216.65134,462801,215441.333,426591905.34805,0
1780369200000,1996.45,2004.53,1994.46,2003.32,173932.833,1780372799999,347870935.11269,188334,95590.240,191194528.41016,0
1780372800000,2003.32,2005.92,1995.08,1996.09,132819.773,1780376399999,265741495.46054,141722,66805.971,133685407.96586,0
1780376400000,1996.09,2000.64,1983.45,1984.08,200528.667,1780379999999,399206581.92207,236042,93924.283,187015925.45147,0
1780380000000,1984.08,1988.00,1977.07,1981.51,212027.575,1780383599999,420376328.51676,256707,103869.888,205951772.21826,0
1780383600000,1981.52,1989.65,1972.60,1980.90,181923.624,1780387199999,360495924.29302,257333,102808.025,203764625.11029,0
1780387200000,1980.89,1988.80,1976.05,1978.61,152282.518,1780390799999,301797201.27639,237675,87048.115,172525883.85765,0
1780390800000,1978.61,1979.21,1965.52,1974.34,230043.066,1780394399999,453600209.88473,298963,102900.838,202921875.33984,0
1780394400000,1974.35,1983.25,1970.76,1982.77,114063.818,1780397999999,225564092.59975,168547,61679.938,121989744.74201,0
1780398000000,1982.77,1983.00,1974.89,1977.52,67906.452,1780401599999,134379886.00014,123253,32991.454,65286455.00311,0
1780401600000,1977.53,1982.07,1971.60,1975.57,129998.246,1780405199999,256981330.22473,210970,61947.547,122460637.13242,0
1780405200000,1975.56,1981.00,1968.39,1973.44,232741.509,1780408799999,459726601.25452,339850,109538.220,216420020.37007,0
1780408800000,1973.43,1974.48,1924.00,1940.66,1084489.519,1780412399999,2109434952.86743,1022199,508099.292,988216292.96404,0
1780412400000,1940.65,1940.92,1888.00,1914.11,1160396.578,1780415999999,2219391248.72108,1095282,537968.973,1028691123.96463,0
1780416000000,1914.11,1944.65,1908.59,1919.87,600863.473,1780419599999,1157899102.71863,616850,309627.541,596507223.34940,0
1780419600000,1919.87,1930.99,1918.60,1923.49,142677.555,1780423199999,274649177.60796,258554,81882.390,157635225.07307,0
1780423200000,1923.50,1927.39,1902.50,1912.41,206586.908,1780426799999,395215091.25877,289396,95558.133,182853286.60736,0
1780426800000,1912.41,1917.16,1879.24,1911.40,474285.861,1780430399999,900495087.56430,525340,215570.861,409440170.33102,0
1780430400000,1911.40,1918.00,1894.35,1905.57,307483.696,1780433999999,585801269.30366,414846,141469.661,269546536.67192,0
1780434000000,1905.58,1910.66,1896.13,1899.53,137521.716,1780437599999,261925277.01497,223125,56594.233,107780691.86196,0
1780437600000,1899.53,1909.00,1860.00,1867.81,671533.051,1780441199999,1265547680.36242,768973,290100.247,547412817.29228,0
1780441200000,1867.82,1872.91,1837.01,1858.96,688739.089,1780444799999,1277967189.91665,922626,331997.014,616160344.19391,0
1780444800000,1858.96,1873.72,1853.55,1866.42,280207.902,1780448399999,522780453.61669,384775,145376.016,271265294.92399,0
1780448400000,1866.41,1869.23,1848.42,1863.77,220656.674,1780451999999,410251597.44955,361760,105405.460,195993455.67618,0
1780452000000,1863.77,1864.15,1850.34,1853.42,163192.396,1780455599999,302909177.40977,243987,71475.880,132670982.18764,0
1780455600000,1853.41,1856.08,1816.00,1827.22,563547.794,1780459199999,1033552210.44466,599905,246046.590,451331030.46590,0
1780459200000,1827.22,1851.53,1826.85,1850.30,336867.722,1780462799999,620558929.90695,383276,177418.674,326787853.01187,0
1780462800000,1850.30,1875.88,1849.19,1872.66,437614.011,1780466399999,816481198.42783,492040,246506.459,459932014.25455,0
1780466400000,1872.66,1883.64,1869.10,1871.02,410344.846,1780469999999,769668622.97763,339284,193879.617,363680062.94559,0
1780470000000,1871.02,1879.54,1866.91,1877.56,142349.993,1780473599999,266802367.62686,195621,74689.921,140000260.53562,0
1780473600000,1877.55,1882.87,1872.60,1879.34,204233.729,1780477199999,383374929.13677,199554,87682.978,164586625.28883,0
1780477200000,1879.34,1886.28,1869.21,1875.51,259223.994,1780480799999,486721258.17856,252299,119566.531,224530300.03583,0
1780480800000,1875.52,1892.39,1874.18,1884.03,173583.988,1780484399999,327218602.94770,252938,91482.070,172455539.17773,0
1780484400000,1884.03,1887.81,1875.70,1877.60,105127.214,1780487999999,197821821.68725,157779,53170.107,100070868.91817,0
1780488000000,1877.61,1879.62,1867.30,1875.82,186586.358,1780491599999,349443883.73812,250428,94417.194,176824157.73059,0
1780491600000,1875.82,1879.15,1860.44,1866.78,269447.595,1780495199999,503441428.95962,404515,129654.982,242265558.44521,0
1780495200000,1866.77,1868.00,1851.68,1857.96,264538.162,1780498799999,491517268.40647,446981,137755.094,255945973.99597,0
1780498800000,1857.95,1859.21,1835.17,1835.99,359153.209,1780502399999,662860559.63269,493007,151940.725,280574176.87575,0
1780502400000,1835.99,1843.26,1810.09,1831.77,726693.274,1780505999999,1326642015.56238,719412,338632.037,618152580.91326,0
1780506000000,1831.78,1838.60,1817.02,1827.40,249582.928,1780509599999,456223360.49452,367811,129115.986,236072462.46801,0
1780509600000,1827.41,1833.76,1820.63,1831.65,123768.649,1780513199999,226162065.87338,227733,63574.558,116192231.77642,0
1780513200000,1831.66,1833.06,1794.20,1802.41,448916.170,1780516799999,812542936.34896,447542,202083.302,365797685.58728,0
1780516800000,1802.42,1812.60,1767.71,1780.43,554469.094,1780520399999,993134223.66528,647920,248701.999,445797095.10703,0
1780520400000,1780.44,1849.88,1776.60,1849.64,555763.393,1780523999999,1010541693.67764,631746,332414.505,604549309.24367,0
1780524000000,1849.63,1851.58,1822.22,1828.45,318429.757,1780527599999,584173743.11788,550967,147681.395,270839881.13497,0
1780527600000,1828.44,1830.27,1811.70,1812.46,249746.131,1780531199999,454351150.75764,443441,116618.522,212193961.90173,0
1780531200000,1812.45,1819.90,1781.50,1793.15,589680.654,1780534799999,1059954344.15819,846227,259630.312,466762573.29593,0
1780534800000,1793.16,1800.63,1754.16,1759.18,638266.843,1780538399999,1132131556.93557,1030296,277608.057,492816779.18885,0
1780538400000,1759.17,1778.00,1712.52,1766.11,945659.172,1780541999999,1654200394.13778,1093406,456579.999,799509076.71048,0
1780542000000,1766.11,1812.00,1765.75,1808.50,516669.984,1780545599999,928711458.91357,599454,271656.361,488122169.20733,0
1780545600000,1808.50,1817.30,1801.55,1804.63,245324.582,1780549199999,443765543.01221,365219,116771.697,211266922.12768,0
1780549200000,1804.64,1804.64,1779.58,1783.37,348072.528,1780552799999,622821739.90884,481083,162878.020,291405720.11825,0
1780552800000,1783.37,1801.44,1781.26,1789.28,227980.744,1780556399999,408738179.36762,355993,118451.660,212388479.89393,0
1780556400000,1789.28,1789.90,1772.29,1776.45,264216.879,1780559999999,470160552.33165,390134,121344.602,215937978.29826,0
1780560000000,1776.45,1782.63,1762.86,1772.66,300153.106,1780563599999,531630560.31525,467919,153272.640,271560021.29522,0
1780563600000,1772.66,1773.40,1743.59,1765.87,464536.516,1780567199999,815382132.13201,640754,217024.469,381003247.98498,0
1780567200000,1765.88,1766.49,1728.88,1736.12,583344.038,1780570799999,1018830416.78693,651370,285339.758,498571464.68726,0
1780570800000,1736.12,1754.18,1731.58,1750.67,331152.597,1780574399999,577019538.28938,494596,163788.931,285460718.60351,0
1780574400000,1750.67,1782.45,1743.27,1777.51,477968.594,1780577999999,844244746.27855,677878,277172.409,489697657.63380,0
1780578000000,1777.50,1789.52,1754.28,1784.91,489587.069,1780581599999,868671890.01465,794158,255765.885,453939786.10637,0
1780581600000,1784.90,1793.66,1765.21,1773.67,324684.117,1780585199999,577844134.66654,555800,162767.944,289749802.63342,0
1780585200000,1773.66,1790.63,1769.54,1775.90,233724.355,1780588799999,415848935.21667,446894,121075.610,215444205.79307,0
1780588800000,1775.90,1780.79,1765.02,1771.45,161411.916,1780592399999,286066930.08855,355543,81853.091,145105576.22327,0
1780592400000,1771.44,1775.49,1752.66,1767.05,282871.819,1780595999999,498974276.41837,421732,134142.830,236705768.73886,0
1780596000000,1767.04,1783.03,1759.00,1775.33,205558.492,1780599599999,364338441.82303,366379,117198.783,207792769.16932,0
1780599600000,1775.33,1787.38,1770.10,1776.24,154558.676,1780603199999,274927659.88966,283370,79056.903,140639303.85854,0
1780603200000,1776.23,1776.70,1763.48,1774.09,137889.657,1780606799999,244037102.52344,256700,67080.609,118717363.33262,0
1780606800000,1774.08,1782.29,1755.72,1760.17,150879.514,1780610399999,266989717.60707,263878,74349.941,131610198.86259,0
1780610400000,1760.17,1769.63,1751.60,1767.70,187857.594,1780613999999,330440867.05949,489429,96004.040,168879002.62119,0
1780614000000,1767.70,1776.22,1756.44,1769.86,141817.927,1780617599999,250627050.16779,305000,76103.976,134491299.57307,0
1780617600000,1769.85,1774.34,1757.56,1758.53,163445.902,1780621199999,288685565.37824,341283,73010.089,128966363.53363,0
1780621200000,1758.52,1763.60,1745.43,1752.47,221743.078,1780624799999,388761297.86182,445720,108584.127,190410946.80478,0
1780624800000,1752.48,1754.18,1726.45,1729.52,409119.458,1780628399999,711324569.00738,568117,176524.369,307020122.02780,0
1780628400000,1729.52,1738.98,1721.26,1729.05,286470.823,1780631999999,495524845.76539,487165,141968.573,245633785.87431,0
1780632000000,1729.05,1745.67,1717.58,1743.67,476289.760,1780635599999,823307615.72614,540173,254864.348,440817459.06029,0
1780635600000,1743.67,1747.00,1680.10,1683.37,953447.789,1780639199999,1628352672.73355,922861,402581.122,687914359.65600,0
1780639200000,1683.36,1688.61,1622.31,1655.46,1566842.512,1780642799999,2597459039.30857,1714154,720900.566,1195153361.85904,0
1780642800000,1655.46,1679.34,1632.26,1678.28,699998.417,1780646399999,1159528035.59051,1051120,361741.616,599520555.32484,0
1780646400000,1678.29,1678.63,1658.35,1663.02,286917.537,1780649999999,478590746.10650,546216,139738.613,233075693.88905,0
1780650000000,1663.02,1689.23,1661.75,1681.88,335921.888,1780653599999,564110777.59511,523223,182742.063,306909835.58848,0
1780653600000,1681.88,1684.29,1671.15,1676.03,203928.897,1780657199999,341843663.72468,349712,104373.923,174982672.64201,0
1780657200000,1676.03,1680.88,1662.06,1662.39,259455.376,1780660799999,433541982.47905,407342,123767.684,206818329.74069,0
1780660800000,1662.39,1670.71,1645.01,1656.32,484448.506,1780664399999,803117023.58695,749744,239434.296,397025806.25979,0
1780664400000,1656.31,1677.00,1611.51,1614.19,820357.999,1780667999999,1349256119.73936,995824,382466.798,629726631.68469,0
1780668000000,1614.19,1623.88,1590.69,1599.86,1219821.426,1780671599999,1961472153.43895,1527071,614739.650,988769855.84018,0
1780671600000,1599.86,1603.77,1571.21,1582.20,951084.293,1780675199999,1508995849.50774,1262623,476913.388,756941368.00557,0
1780675200000,1582.20,1612.00,1546.00,1607.65,1563781.094,1780678799999,2473523133.99690,1703352,813041.799,1286971508.55922,0
1780678800000,1607.65,1612.14,1586.67,1593.22,355163.070,1780682399999,566955226.04838,654546,168070.372,268282819.13845,0
1780682400000,1593.22,1597.98,1544.11,1551.98,717803.345,1780685999999,1123336550.97033,1026062,339080.143,530715168.83244,0
1780686000000,1551.99,1579.69,1538.13,1573.01,706886.191,1780689599999,1100576277.20736,1086211,363476.809,565977880.71682,0
1780689600000,1573.03,1607.44,1556.11,1602.40,601484.189,1780693199999,955542528.17691,850741,351087.625,557955829.02670,0
1780693200000,1602.39,1618.85,1601.46,1608.92,310328.234,1780696799999,499876900.36998,491575,154499.887,248904158.77574,0
1780696800000,1608.92,1609.45,1587.94,1596.57,314244.494,1780700399999,501836457.53242,666719,152486.432,243496574.25925,0
1780700400000,1596.57,1603.30,1559.58,1582.35,409854.313,1780703999999,646781629.46821,552572,188267.214,297066861.52720,0
1780704000000,1582.35,1600.56,1581.35,1592.10,224645.255,1780707599999,358082403.32036,396107,105258.416,167717420.72589,0
1780707600000,1592.10,1595.77,1577.05,1582.13,148346.954,1780711199999,235245053.01393,309747,71923.612,114034662.07273,0
1780711200000,1582.13,1584.68,1565.44,1575.13,208815.625,1780714799999,329030965.06339,403548,104198.129,164200505.79356,0
1780714800000,1575.14,1575.76,1554.00,1562.32,235759.786,1780718399999,368747685.63896,443273,112782.583,176449080.37561,0
1780718400000,1562.33,1568.67,1508.29,1521.55,875999.707,1780721999999,1342078106.92685,1207972,447226.358,685189960.61809,0
1780722000000,1521.56,1568.88,1503.60,1566.09,810240.122,1780725599999,1249972303.27989,1104351,429207.256,662189197.34455,0
1780725600000,1566.09,1581.43,1555.34,1559.49,447084.954,1780729199999,701992858.91757,650915,216188.090,339501280.66810,0
1780729200000,1559.49,1579.70,1555.50,1574.54,254737.601,1780732799999,400046526.07847,419016,139665.728,219343203.61308,0
1780732800000,1574.54,1592.80,1569.43,1581.86,270538.326,1780736399999,428078067.58952,423140,144537.743,228779387.33590,0
1780736400000,1581.86,1587.99,1564.91,1569.97,262595.469,1780739999999,414040055.07634,396444,107581.361,169611276.61810,0
1780740000000,1569.97,1570.00,1533.33,1547.23,576622.531,1780743599999,892263081.25665,717781,250921.432,388359655.29409,0
1780743600000,1547.22,1566.24,1546.31,1557.73,246126.688,1780747199999,383478671.24314,405950,130225.210,202877594.35592,0
1780747200000,1557.74,1574.99,1550.52,1570.57,343942.697,1780750799999,537287979.86108,428861,172046.569,268840543.13289,0
1780750800000,1570.57,1572.69,1553.33,1556.51,200933.716,1780754399999,313853975.50431,363070,96192.317,150214059.00568,0
1780754400000,1556.52,1566.34,1555.42,1557.03,147817.928,1780757999999,230826840.01728,325697,74195.743,115874572.69130,0
1780758000000,1557.04,1565.28,1542.72,1559.71,245064.576,1780761599999,380923544.30839,440236,120517.949,187385586.34867,0
1780761600000,1559.71,1565.05,1552.41,1562.86,165294.413,1780765199999,257737324.34219,320823,85998.529,134096745.72885,0
1780765200000,1562.87,1565.80,1545.79,1552.56,214737.861,1780768799999,333990197.10873,297439,107967.542,167964559.80349,0
1780768800000,1552.56,1565.31,1548.72,1555.78,167857.551,1780772399999,261344405.38889,251863,85890.398,133729717.32126,0
1780772400000,1555.77,1562.67,1552.56,1553.71,79391.449,1780775999999,123615426.11314,167853,42075.605,65508543.81814,0
1780776000000,1553.71,1559.10,1550.07,1556.67,95608.125,1780779599999,148548154.20835,185093,47842.056,74330740.34784,0
1780779600000,1556.67,1564.40,1556.66,1557.26,77020.394,1780783199999,120203512.43524,119008,36456.852,56899501.63449,0
1780783200000,1557.26,1561.35,1550.56,1557.43,104264.278,1780786799999,162207706.94911,216873,55305.095,86029251.01349,0
1780786800000,1557.44,1569.00,1555.83,1568.60,135596.791,1780790399999,212105352.43534,175723,73306.351,114700463.53602,0
1780790400000,1568.60,1572.00,1563.00,1564.07,130142.693,1780793999999,204047233.63104,201168,73741.672,115644624.50997,0
1780794000000,1564.08,1595.70,1563.00,1589.21,423907.445,1780797599999,671874184.68957,535404,247006.847,391329487.74067,0
1780797600000,1589.20,1594.00,1581.17,1591.61,174174.853,1780801199999,276583047.58085,291462,93775.404,148948513.60754,0
1780801200000,1591.62,1599.99,1588.71,1593.97,158559.077,1780804799999,252725877.02765,249607,89748.136,143067034.89493,0
1780804800000,1593.98,1598.30,1583.69,1595.92,140561.319,1780808399999,223685392.97596,223130,69571.801,110737301.50918,0
1780808400000,1595.92,1608.80,1592.27,1602.99,272324.889,1780811999999,436436256.33154,343513,155003.099,248431207.50049,0
1780812000000,1603.00,1622.95,1597.33,1610.48,506631.086,1780815599999,816886353.14809,448840,297806.311,480117559.19042,0
1780815600000,1610.48,1615.94,1606.33,1614.19,193047.818,1780819199999,311014635.52484,215789,90417.843,145664751.04408,0
1780819200000,1614.20,1642.16,1607.41,1640.65,480230.696,1780822799999,781045074.22610,453633,257525.529,418872959.91010,0
1780822800000,1640.65,1648.00,1628.14,1632.46,315626.866,1780826399999,517005052.08002,403488,155549.688,254929534.44555,0
1780826400000,1632.46,1634.95,1623.64,1624.99,153822.633,1780829999999,250499788.67023,283795,72905.521,118741123.35643,0
1780830000000,1624.98,1633.36,1621.66,1629.39,126974.239,1780833599999,206693879.50140,237824,67137.984,109300591.18425,0
1780833600000,1629.39,1630.59,1605.46,1619.24,451180.384,1780837199999,728425321.14389,622646,216891.499,350162717.56753,0
1780837200000,1619.25,1622.79,1612.68,1616.62,139852.733,1780840799999,226121095.96774,272238,65048.979,105199008.62266,0
1780840800000,1616.62,1639.59,1615.92,1627.16,290748.007,1780844399999,473236140.63262,445821,157787.328,256803142.02063,0
1780844400000,1627.17,1635.33,1619.86,1629.20,157777.596,1780847999999,256874496.43331,310924,77341.992,125949114.93643,0
1780848000000,1629.19,1632.58,1622.34,1627.64,107498.724,1780851599999,174955307.73289,263150,51702.871,84154529.58703,0
1780851600000,1627.65,1636.99,1626.59,1630.09,99275.652,1780855199999,162122610.68971,243690,48169.783,78668381.18878,0
1780855200000,1630.08,1635.68,1627.70,1629.28,63451.940,1780858799999,103545757.69645,163887,33418.177,54533066.65225,0
1780858800000,1629.29,1629.52,1601.99,1611.91,386227.978,1780862399999,622597160.05523,498532,179901.314,289960270.92345,0
1780862400000,1611.90,1630.87,1608.09,1627.00,141077.998,1780865999999,228838215.98336,275027,78686.578,127622676.73965,0
1780866000000,1627.00,1633.81,1622.47,1633.78,74368.166,1780869599999,121076208.60997,149171,35324.775,57523869.15002,0
1780869600000,1633.78,1721.57,1628.00,1671.79,979845.761,1780873199999,1644315516.82707,1255615,528510.015,886276567.83393,0
1780873200000,1671.79,1690.88,1669.92,1689.66,217898.879,1780876799999,366024897.30970,474690,114385.089,192171412.94720,0
1780876800000,1689.66,1710.97,1682.14,1696.66,385206.743,1780880399999,653510436.31183,616939,196489.623,333439410.88139,0
1780880400000,1696.66,1699.35,1670.14,1686.40,311619.624,1780883999999,524125331.56821,615093,146640.174,246603759.62353,0
1780884000000,1686.40,1688.65,1676.80,1682.73,132042.404,1780887599999,222154146.79533,324501,62590.832,105308892.78306,0
1780887600000,1682.74,1691.92,1675.82,1678.93,125343.462,1780891199999,210848213.12204,259351,63521.074,106874512.05726,0
1780891200000,1678.93,1680.31,1655.20,1656.02,284652.358,1780894799999,473604221.93826,420197,121904.265,202813584.09446,0
1780894800000,1656.02,1659.15,1643.65,1652.65,286802.510,1780898399999,473611575.93686,437225,132446.907,218750333.44871,0
1780898400000,1652.65,1669.18,1651.66,1665.70,230584.340,1780901999999,383317728.95762,355482,127761.827,212332318.39063,0
1780902000000,1665.70,1678.63,1660.70,1672.70,182106.382,1780905599999,304374502.89975,330125,93507.801,156312611.42577,0
1780905600000,1672.71,1672.71,1657.74,1660.44,150616.496,1780909199999,250641358.92212,264800,63700.472,106012364.52187,0
1780909200000,1660.43,1671.36,1656.07,1670.23,220162.294,1780912799999,366306113.29660,346349,112966.967,188009704.92399,0
1780912800000,1670.23,1676.57,1662.48,1671.67,163753.034,1780916399999,273319220.96079,262928,79125.155,132077806.50728,0
1780916400000,1671.67,1696.22,1666.85,1682.93,405912.236,1780919999999,684023656.42822,481924,220502.805,371516024.39325,0
1780920000000,1682.93,1698.00,1664.92,1694.50,472234.119,1780923599999,793301599.87365,610837,236086.001,396739378.12702,0
1780923600000,1694.50,1696.07,1677.54,1680.60,283763.679,1780927199999,478674740.49351,597861,149272.359,251797143.18469,0
1780927200000,1680.60,1693.81,1675.50,1690.51,192692.730,1780930799999,324714853.91503,446436,99884.890,168369124.18783,0
1780930800000,1690.50,1705.77,1687.38,1690.62,339672.919,1780934399999,576101242.57572,509239,172029.350,291835709.67764,0
1780934400000,1690.62,1702.99,1681.28,1681.47,251839.742,1780937999999,426240494.63265,396888,114620.628,194087842.26276,0
1780938000000,1681.47,1686.86,1674.01,1685.68,210093.364,1780941599999,353075537.44381,361889,104823.371,176189525.15069,0
1780941600000,1685.68,1691.71,1677.41,1683.54,118060.113,1780945199999,199009439.20947,230281,58795.570,99111844.61174,0
1780945200000,1683.54,1689.99,1680.00,1683.75,146690.059,1780948799999,247319006.33242,246477,79109.997,133435278.63276,0
1780948800000,1683.75,1688.66,1678.01,1688.66,104901.304,1780952399999,176623834.24414,191320,54430.030,91643428.60371,0
1780952400000,1688.66,1713.72,1688.66,1702.64,305534.866,1780955999999,521182402.15914,296754,162420.152,276870775.14494,0
1780956000000,1702.64,1703.40,1687.28,1702.49,216216.223,1780959599999,366524174.45040,310767,93994.911,159367229.81850,0
1780959600000,1702.50,1714.22,1685.80,1689.21,220574.198,1780963199999,374901045.17187,378955,102678.433,174515038.22255,0
1780963200000,1689.20,1695.77,1658.05,1662.00,546596.042,1780966799999,914956827.41368,642573,243379.890,407479482.33637,0
1780966800000,1662.00,1673.16,1657.08,1667.84,185284.084,1780970399999,308763381.78080,378485,96857.193,161414032.06754,0
1780970400000,1667.84,1671.25,1653.09,1667.21,194365.195,1780973999999,322933788.65097,321840,99135.061,164768965.60339,0
1780974000000,1667.20,1670.86,1662.81,1668.61,92411.467,1780977599999,154047153.21407,214362,50667.371,84470179.94593,0
1780977600000,1668.61,1696.00,1663.39,1685.66,321090.334,1780981199999,540050244.52938,376623,192649.069,323960869.99296,0
1780981200000,1685.66,1694.48,1680.58,1687.61,131712.405,1780984799999,222357162.34054,255991,65260.534,110163898.01963,0
1780984800000,1687.61,1694.85,1683.36,1685.36,113600.285,1780988399999,191814998.29608,210259,50301.992,84939968.21609,0
1780988400000,1685.35,1690.90,1673.76,1679.19,200380.962,1780991999999,336611388.20387,237952,87313.768,146714332.77603,0
1780992000000,1679.19,1679.88,1667.27,1674.10,198791.742,1780995599999,332630412.84112,274245,95213.861,159338286.58914,0
1780995600000,1674.11,1679.37,1663.75,1669.46,144141.006,1780999199999,240808355.84154,202756,67450.699,112727201.90470,0
1780999200000,1669.46,1675.90,1665.85,1673.69,102431.065,1781002799999,171179719.91595,182875,56891.711,95094213.64558,0
1781002800000,1673.68,1674.81,1665.20,1670.74,95263.953,1781006399999,159060733.72343,176533,48562.889,81091286.80799,0
1781006400000,1670.73,1684.09,1669.81,1675.93,186914.384,1781009999999,313488413.68478,263634,108054.479,181239700.47097,0
1781010000000,1675.93,1679.84,1662.63,1665.86,264822.755,1781013599999,442421980.14577,469305,133216.449,222596264.85196,0
1781013600000,1665.86,1670.26,1632.84,1644.90,759988.162,1781017199999,1251010014.61740,1012183,346274.614,569974410.84018,0
1781017200000,1644.91,1653.00,1633.42,1635.42,413138.752,1781020799999,678876457.27547,619126,203662.730,334696453.65863,0
1781020800000,1635.42,1638.63,1613.10,1631.35,740559.526,1781024399999,1204246764.00401,844138,343492.818,558675707.69896,0
1781024400000,1631.36,1648.99,1631.29,1642.09,323413.679,1781027999999,530953030.19418,482226,161112.254,264511928.19119,0
1781028000000,1642.10,1654.93,1638.71,1651.32,163920.464,1781031599999,270256636.28433,327380,88664.860,146179825.76073,0
1781031600000,1651.32,1657.76,1646.76,1656.56,129095.725,1781035199999,213296666.91807,301294,69226.689,114412499.72289,0
1781035200000,1656.56,1662.98,1654.46,1659.79,112406.758,1781038799999,186408637.75525,175450,62156.331,103084607.96694,0
1781038800000,1659.79,1660.91,1646.26,1649.49,101460.033,1781042399999,167664521.48033,122093,35878.041,59285334.01132,0
1781042400000,1649.49,1654.48,1638.50,1638.99,144213.809,1781045999999,237228583.27831,200624,66219.732,108965191.19773,0
1781046000000,1638.99,1641.85,1628.90,1638.64,155246.036,1781049599999,254043063.14742,256551,70971.415,116153481.45864,0
1781049600000,1638.64,1646.00,1628.63,1644.80,124759.328,1781053199999,204360873.45005,309208,64392.728,105503794.60158,0
1781053200000,1644.80,1646.27,1632.49,1638.14,170318.512,1781056799999,279383911.22512,375524,85343.025,139988746.95791,0
1781056800000,1638.14,1641.76,1620.63,1623.31,171052.797,1781060399999,278305405.77067,333352,78172.831,127196350.82548,0
1781060400000,1623.31,1635.71,1622.60,1629.88,99436.562,1781063999999,162015684.59132,218857,53742.971,87562325.20026,0
1781064000000,1629.87,1632.21,1621.07,1625.19,92934.864,1781067599999,151114998.29044,193396,41865.677,68083189.99487,0
1781067600000,1625.20,1629.48,1615.34,1627.26,139365.655,1781071199999,226070497.56846,238412,65824.309,106806558.50644,0
1781071200000,1627.27,1633.54,1621.64,1631.17,117029.664,1781074799999,190586865.43710,187123,63702.358,103739697.14579,0
1781074800000,1631.17,1642.99,1629.76,1639.32,190124.107,1781078399999,311343544.94712,228248,103610.931,169683228.97012,0
1781078400000,1639.32,1640.08,1617.29,1620.46,226600.229,1781081999999,368730651.63263,314468,104510.040,170040467.80853,0
1781082000000,1620.47,1625.78,1605.00,1622.92,300890.995,1781085599999,486289666.52499,394093,141383.494,228571604.12736,0
1781085600000,1622.93,1629.24,1617.09,1627.46,110395.018,1781089199999,179238326.61570,200069,59895.026,97254919.68919,0
1781089200000,1627.47,1629.54,1610.54,1619.18,286989.606,1781092799999,464533641.16974,407162,136403.117,220811451.57629,0
1781092800000,1619.17,1644.90,1615.01,1634.41,470415.320,1781096399999,768337989.78111,542396,242998.766,396837516.71668,0
1781096400000,1634.41,1667.31,1630.66,1650.96,578585.115,1781099999999,955181264.13223,663808,314049.905,518322106.73223,0
1781100000000,1650.97,1654.94,1636.31,1645.76,347406.575,1781103599999,571540267.17236,540595,172800.220,284381417.94191,0
1781103600000,1645.77,1665.00,1634.54,1657.09,471403.426,1781107199999,777287131.64407,653094,243534.117,401831565.36408,0
1781107200000,1657.10,1658.12,1631.40,1641.31,290053.006,1781110799999,477219553.49092,463154,140181.858,230698058.72253,0
1781110800000,1641.31,1647.06,1621.46,1631.45,342023.328,1781114399999,558199662.92248,484350,163412.441,266786693.35241,0
1781114400000,1631.44,1636.40,1621.17,1630.28,162380.749,1781117999999,264562021.55322,302011,82011.412,133644580.97079,0
1781118000000,1630.27,1632.89,1622.05,1629.22,122936.725,1781121599999,200176146.40267,283225,64733.405,105411154.06985,0
1781121600000,1629.22,1635.45,1622.00,1629.60,127908.896,1781125199999,208282021.87325,241609,64554.920,105130510.37770,0
1781125200000,1629.60,1629.60,1602.05,1610.54,284703.540,1781128799999,459758873.33386,304900,114450.213,184844437.01114,0
1781128800000,1610.54,1621.71,1603.52,1615.71,202528.639,1781132399999,326541530.65055,339909,107787.049,173806947.91354,0
1781132400000,1615.71,1624.50,1608.28,1620.72,143769.621,1781135999999,232532252.54711,248732,76489.159,123710841.95079,0
1781136000000,1620.72,1633.80,1620.72,1627.62,153353.868,1781139599999,249689861.42435,265187,83797.107,136417656.75534,0
1781139600000,1627.62,1646.92,1627.49,1642.22,176336.764,1781143199999,289039278.67712,263110,91372.912,149776469.31654,0
1781143200000,1642.22,1644.83,1629.74,1640.08,136928.124,1781146799999,224206904.24844,209905,67668.611,110800665.04334,0
1781146800000,1640.09,1662.07,1635.28,1653.19,286231.894,1781150399999,472186786.40303,278338,174779.486,288443018.54051,0
1781150400000,1653.20,1658.98,1649.20,1656.08,154225.273,1781153999999,254969353.79607,196414,74395.922,123003807.18734,0
1781154000000,1656.09,1656.19,1646.59,1647.09,118891.920,1781157599999,196191185.11951,149394,54033.883,89161008.30977,0
1781157600000,1647.09,1662.72,1645.36,1654.06,253373.690,1781161199999,419797863.03380,241675,141664.530,234734963.37608,0
1781161200000,1654.05,1657.70,1650.52,1653.67,105269.559,1781164799999,174080591.29834,119809,49361.483,81630239.07896,0
1781164800000,1653.67,1663.94,1653.65,1659.31,165704.248,1781168399999,275025005.27167,153177,70799.544,117506173.35525,0
1781168400000,1659.30,1661.36,1655.08,1658.27,87336.576,1781171999999,144822177.38578,109034,42133.674,69877100.38703,0
1781172000000,1658.27,1660.88,1653.34,1657.95,97566.555,1781175599999,161712273.47543,128686,50398.644,83540683.09516,0
1781175600000,1657.94,1673.59,1655.41,1665.76,269578.651,1781179199999,448808560.76984,236621,154042.508,256464938.27728,0
1781179200000,1665.77,1665.94,1641.00,1650.82,452104.329,1781182799999,746806911.39178,479854,214891.823,355001308.56926,0
1781182800000,1650.83,1658.60,1643.40,1652.44,200321.138,1781186399999,330790624.19661,357989,95612.229,157878050.59564,0
1781186400000,1652.45,1654.79,1638.01,1642.25,298476.175,1781189999999,491451124.92968,465548,151045.309,248786515.86734,0
1781190000000,1642.25,1650.00,1635.20,1644.64,226482.842,1781193599999,371991872.95032,349352,103467.272,169983937.83989,0
1781193600000,1644.64,1648.70,1637.29,1638.82,131536.063,1781197199999,216082487.82183,254063,64057.624,105220234.50461,0
1781197200000,1638.82,1693.38,1631.32,1688.07,877399.542,1781200799999,1463235517.29411,970098,497748.722,830454580.74712,0
1781200800000,1688.06,1691.42,1676.13,1683.31,310433.341,1781204399999,522434869.82713,433170,155153.301,261236963.04644,0
1781204400000,1683.32,1693.27,1675.12,1680.29,225539.276,1781207999999,379732554.65040,369240,100352.047,169034105.44380,0
1781208000000,1680.29,1682.05,1666.00,1671.49,161560.896,1781211599999,270286765.93521,184527,70636.430,118172559.71003,0
1781211600000,1671.49,1682.79,1671.38,1676.28,97088.068,1781215199999,162901094.18520,119330,46581.197,78145766.25412,0
1781215200000,1676.29,1682.51,1674.31,1675.25,74653.027,1781218799999,125277638.06663,155679,41344.441,69394552.40203,0
1781218800000,1675.26,1678.45,1669.38,1672.57,99284.601,1781222399999,166096857.11191,154779,47808.645,79992433.90291,0
1781222400000,1672.57,1676.99,1668.72,1671.85,96934.996,1781225999999,162178455.53495,166609,48150.701,80566260.78162,0
1781226000000,1671.86,1671.96,1658.88,1666.47,137846.733,1781229599999,229523926.75101,211680,66427.666,110647609.55205,0
1781229600000,1666.47,1678.16,1665.83,1674.72,86205.772,1781233199999,144261548.90246,148378,49840.635,83404833.24496,0
1781233200000,1674.72,1675.81,1667.71,1672.39,46977.392,1781236799999,78519394.04119,107696,22909.867,38294575.18839,0
1781236800000,1672.40,1681.84,1668.21,1676.57,114276.904,1781240399999,191534651.85277,163841,69499.788,116484544.04851,0
1781240400000,1676.58,1677.01,1661.05,1663.29,154708.714,1781243999999,257953064.42626,183577,76484.338,127517388.94857,0
1781244000000,1663.29,1665.88,1651.17,1656.49,201709.386,1781247599999,334280165.89665,245706,92682.826,153612877.09001,0
1781247600000,1656.50,1664.26,1655.24,1661.21,111631.984,1781251199999,185256883.86118,136314,60987.466,101227517.35057,0
1781251200000,1661.23,1677.32,1661.21,1672.44,200958.010,1781254799999,335773654.44710,216398,99983.398,167040349.26116,0
1781254800000,1672.43,1684.99,1670.33,1679.35,203227.638,1781258399999,341305539.03402,231408,107169.846,179974844.26126,0
1781258400000,1679.35,1682.50,1670.70,1674.03,130707.959,1781261999999,219021551.95976,158632,57299.393,96016070.36495,0
1781262000000,1674.03,1677.89,1671.05,1672.85,71801.915,1781265599999,120238862.10451,132600,35232.103,58998821.50665,0
1781265600000,1672.86,1672.86,1661.91,1665.83,143824.309,1781269199999,239782220.58199,202559,65359.806,108981897.21028,0
1781269200000,1665.84,1668.15,1652.50,1656.77,252978.777,1781272799999,419893266.65301,357736,127433.090,211541511.27384,0
1781272800000,1656.78,1685.71,1655.34,1684.89,379182.863,1781276399999,634187839.79557,553206,201640.876,337338128.89187,0
1781276400000,1684.89,1690.51,1657.22,1658.98,617075.532,1781279999999,1035471382.84236,644929,297077.674,498780462.77318,0
1781280000000,1658.98,1674.99,1656.26,1671.99,288957.423,1781283599999,481606605.93574,399671,141625.611,236037015.23134,0
1781283600000,1672.00,1677.50,1666.35,1668.02,105090.212,1781287199999,175585472.35412,210279,47828.702,79935309.96297,0
1781287200000,1668.02,1672.80,1662.55,1666.19,112640.936,1781290799999,187815698.72734,186129,53308.107,88881285.55289,0
1781290800000,1666.18,1671.90,1664.00,1665.08,62161.911,1781294399999,103637316.51302,139765,32688.992,54502777.96432,0
1781294400000,1665.08,1667.14,1660.85,1664.05,46429.084,1781297999999,77286821.36417,94067,22970.031,38242611.01778,0
1781298000000,1664.05,1667.32,1662.10,1663.42,38282.621,1781301599999,63738913.37419,58584,21014.904,34991782.07638,0
1781301600000,1663.43,1666.60,1660.50,1661.73,36520.403,1781305199999,60730244.78017,84987,20992.620,34912406.32035,0
1781305200000,1661.73,1665.57,1657.80,1665.48,48030.208,1781308799999,79792266.42142,79714,22444.430,37294901.94047,0
1781308800000,1665.49,1668.45,1664.49,1666.62,46046.449,1781312399999,76734645.73273,75846,22503.780,37501028.94462,0
1781312400000,1666.63,1675.98,1665.77,1673.33,88194.834,1781315999999,147444114.39777,101045,53541.960,89516743.82995,0
1781316000000,1673.34,1673.86,1664.72,1667.23,59051.845,1781319599999,98565607.23573,85500,26752.868,44648105.56213,0
1781319600000,1667.24,1668.84,1662.62,1664.40,58886.037,1781323199999,98052266.27846,72024,26744.913,44532479.76252,0
1781323200000,1664.39,1667.39,1662.78,1663.70,39566.319,1781326799999,65882432.43733,53921,23007.760,38314531.76164,0
1781326800000,1663.69,1664.85,1661.20,1664.47,44752.736,1781330399999,74439051.08436,63433,21652.623,36017029.61472,0
1781330400000,1664.47,1669.60,1663.09,1669.10,41684.885,1781333999999,69455812.43425,68534,24806.357,41331510.90590,0
1781334000000,1669.11,1677.29,1667.63,1675.51,148051.213,1781337599999,247755411.39488,111154,73395.982,122814538.03875,0
1781337600000,1675.51,1679.33,1672.72,1673.72,121145.022,1781341199999,202973621.22175,112822,62599.340,104894010.37514,0
1781341200000,1673.72,1675.69,1672.10,1672.97,40001.893,1781344799999,66951917.60183,59622,18409.555,30814330.47040,0
1781344800000,1672.97,1675.75,1671.99,1673.35,38897.481,1781348399999,65093676.59678,57636,22628.034,37868569.74393,0
1781348400000,1673.35,1678.25,1672.50,1677.53,68416.101,1781351999999,114689141.59836,70834,33028.021,55368533.22332,0
1781352000000,1677.54,1683.49,1676.01,1679.81,80901.350,1781355599999,135830970.97422,93153,47997.428,80591291.01352,0
1781355600000,1679.81,1680.76,1675.66,1677.09,82809.001,1781359199999,138968494.12105,95253,41280.624,69278667.00022,0
1781359200000,1677.10,1680.81,1676.78,1679.23,50503.593,1781362799999,84790441.03818,79385,24759.832,41571279.50807,0
1781362800000,1679.24,1685.98,1677.69,1681.44,151416.151,1781366399999,254636560.23435,158003,86781.730,145953491.46658,0
1781366400000,1681.44,1681.94,1670.50,1676.00,231624.459,1781369999999,387886183.71712,201711,123518.563,206865633.26974,0
1781370000000,1675.99,1677.88,1672.24,1673.45,73589.284,1781373599999,123258226.07693,95726,34673.985,58072691.35214,0
1781373600000,1673.46,1681.85,1673.30,1677.43,57553.585,1781377199999,96596717.40598,77149,28152.541,47252387.92909,0
1781377200000,1677.42,1679.34,1674.88,1677.51,33618.921,1781380799999,56387923.27084,54033,17530.710,29405550.67337,0
1781380800000,1677.50,1677.59,1674.14,1675.65,26459.813,1781384399999,44342219.11947,44416,15272.860,25594750.48254,0
1781384400000,1675.66,1698.10,1674.00,1685.68,162423.453,1781387999999,274096569.84919,165177,92550.706,156219201.68800,0
1781388000000,1685.67,1685.79,1680.72,1680.72,53997.877,1781391599999,90885980.11557,98039,28617.611,48169950.87393,0
1781391600000,1680.73,1683.48,1677.30,1680.41,49201.978,1781395199999,82667530.26921,70258,23245.924,39057208.95549,0
1781395200000,1680.42,1682.80,1678.00,1681.20,31193.771,1781398799999,52422222.27438,66250,16656.230,27990957.97407,0
1781398800000,1681.21,1689.90,1679.32,1682.97,71770.628,1781402399999,120955224.93744,100276,37683.412,63514614.60521,0
1781402400000,1682.97,1685.00,1680.72,1681.57,42142.313,1781405999999,70902438.20649,60516,16815.649,28292693.54706,0
1781406000000,1681.57,1682.60,1678.85,1680.98,42089.591,1781409599999,70750687.17086,57436,20117.112,33816681.93486,0
1781409600000,1680.99,1682.01,1675.34,1677.05,51063.016,1781413199999,85678501.85022,58323,22405.673,37597361.58461,0
1781413200000,1677.06,1678.35,1673.11,1677.38,51590.355,1781416799999,86468709.08430,66257,24252.173,40651673.65064,0
1781416800000,1677.37,1681.75,1674.35,1675.56,91804.288,1781420399999,153987037.44580,98099,46967.758,78786663.17892,0
1781420400000,1675.57,1676.70,1672.67,1674.92,58784.852,1781423999999,98441302.15698,58738,27391.753,45874656.70606,0
1781424000000,1674.92,1677.98,1673.71,1674.80,44560.337,1781427599999,74679491.18643,52171,22854.110,38304822.29449,0
1781427600000,1674.80,1678.40,1667.57,1677.61,134796.949,1781431199999,225436494.02187,123105,59985.318,100357503.68577,0
1781431200000,1677.61,1677.82,1672.17,1672.20,44143.697,1781434799999,73949547.96354,55981,17453.794,29239767.61162,0
1781434800000,1672.19,1676.26,1671.35,1672.74,45803.665,1781438399999,76660718.01501,54334,22019.719,36854154.53228,0
1781438400000,1672.74,1673.88,1664.15,1666.07,115464.544,1781441999999,192603693.32010,106352,49155.340,82007599.82677,0
1781442000000,1666.07,1668.21,1663.28,1665.58,81396.146,1781445599999,135601690.88545,98509,38782.125,64614303.73531,0
1781445600000,1665.58,1669.49,1653.36,1658.74,241034.842,1781449199999,399994397.23570,247733,104753.316,173877715.43017,0
1781449200000,1658.73,1664.00,1658.64,1662.04,109403.257,1781452799999,181820308.03283,119846,60313.843,100239872.25272,0
1781452800000,1662.05,1667.95,1659.00,1660.71,101089.002,1781456399999,168209986.37848,113593,47430.465,78941034.30573,0
1781456400000,1660.70,1666.00,1660.01,1661.42,71628.183,1781459999999,119123571.67975,100425,34828.346,57929837.79806,0
1781460000000,1661.42,1662.70,1658.08,1661.30,51491.998,1781463599999,85489088.10650,70080,28717.788,47683036.88614,0
1781463600000,1661.30,1667.32,1660.26,1664.64,43009.872,1781467199999,71594090.25715,57937,26343.028,43847104.99826,0
1781467200000,1664.64,1673.54,1661.63,1669.51,90219.383,1781470799999,150496893.54802,94518,46125.066,76958824.06234,0
1781470800000,1669.52,1732.00,1669.08,1717.90,775836.462,1781474399999,1321850559.79152,754473,451178.861,768364193.95444,0
1781474400000,1717.90,1728.36,1711.34,1721.66,322078.396,1781477999999,554219511.63727,484417,156128.883,268657503.15056,0
1781478000000,1721.67,1725.69,1715.71,1724.74,173073.313,1781481599999,297996608.27154,267039,76949.112,132503866.74720,0
1781481600000,1724.74,1731.76,1718.85,1720.05,193610.882,1781485199999,333888592.25892,264968,93342.760,161008198.41242,0
1781485200000,1720.05,1721.40,1708.45,1714.96,183697.236,1781488799999,314999359.11817,247076,84990.113,145753815.92176,0
1781488800000,1714.96,1726.26,1713.24,1715.85,103820.215,1781492399999,178560155.60847,162471,55196.772,94938912.54094,0
1781492400000,1715.84,1723.59,1714.50,1720.12,105370.240,1781495999999,181239683.60508,136943,55270.072,95062269.99094,0
1781496000000,1720.11,1720.11,1715.15,1716.29,127529.390,1781499599999,219068786.06844,123185,67805.362,116481959.02284,0
1781499600000,1716.28,1722.00,1715.04,1719.88,84153.393,1781503199999,144587628.07853,99258,41630.629,71527371.18406,0
1781503200000,1719.88,1722.40,1717.35,1719.11,67366.397,1781506799999,115895387.15220,88419,34815.499,59894169.00053,0
1781506800000,1719.12,1723.09,1715.43,1715.58,99531.153,1781510399999,171049054.89932,107090,45148.619,77592879.50878,0
1781510400000,1715.57,1721.00,1714.20,1719.51,79805.724,1781513999999,137136004.52344,90412,39840.269,68468183.78648,0
1781514000000,1719.51,1726.53,1711.27,1717.65,209652.884,1781517599999,360252205.90962,144801,108425.984,186353468.74407,0
1781517600000,1717.64,1750.00,1717.26,1736.79,436275.986,1781521199999,757069817.98109,276326,274399.260,476258783.92857,0
1781521200000,1736.78,1770.00,1733.14,1763.78,656671.138,1781524799999,1152362264.80917,570863,380870.221,668590636.40052,0
1781524800000,1763.78,1777.37,1759.35,1776.60,382090.810,1781528399999,676026484.80849,361688,188010.362,332716646.55373,0
1781528400000,1776.60,1826.86,1773.47,1813.30,1159833.055,1781531999999,2095701417.80841,1027348,595617.319,1075508074.97276,0
1781532000000,1813.30,1817.75,1804.02,1813.66,281443.101,1781535599999,509630297.96942,399563,136468.938,247155883.72138,0
1781535600000,1813.65,1848.78,1812.36,1844.55,582265.708,1781539199999,1067213724.18299,563125,317232.700,581438798.59627,0
1781539200000,1844.55,1846.89,1836.66,1841.89,307025.880,1781542799999,565324994.03427,369833,150227.549,276651337.06738,0
1781542800000,1841.88,1841.89,1822.74,1828.30,297538.819,1781546399999,544364892.72736,326538,131528.986,240644839.87198,0
1781546400000,1828.31,1834.92,1824.75,1827.05,116551.232,1781549999999,213206424.23567,197413,68254.094,124871669.94595,0
1781550000000,1827.06,1833.72,1810.50,1820.94,257353.641,1781553599999,468606099.84130,343802,115419.113,210205975.68049,0
1781553600000,1820.94,1825.87,1814.17,1816.10,86876.109,1781557199999,158086684.02827,177759,44571.921,81115975.51872,0
1781557200000,1816.10,1821.47,1808.62,1810.56,98328.955,1781560799999,178433506.23827,153850,47877.841,86910591.12920,0
1781560800000,1810.57,1812.80,1786.01,1788.79,302944.668,1781564399999,543920362.16834,357335,137208.627,246313359.73169,0
1781564400000,1788.79,1796.96,1781.87,1795.16,183958.159,1781567999999,329192552.96608,262959,103573.217,185393777.98162,0
1781568000000,1795.15,1801.86,1787.96,1788.60,153069.038,1781571599999,274777116.96113,221679,72502.530,130211802.28206,0
1781571600000,1788.61,1796.45,1788.19,1791.25,79754.917,1781575199999,142995205.24760,154988,44192.689,79239426.65819,0
1781575200000,1791.26,1793.26,1766.20,1769.36,341617.146,1781578799999,606954801.71656,341628,142772.011,253668540.06075,0
1781578800000,1769.36,1779.83,1763.87,1778.22,213798.985,1781582399999,379291203.93679,237660,121120.805,214925359.40090,0
1781582400000,1778.21,1782.37,1757.36,1759.71,290434.165,1781585999999,513321050.39492,265069,140166.521,247821521.81404,0
1781586000000,1759.71,1765.28,1759.21,1761.22,160622.915,1781589599999,283089894.04030,176302,81602.550,143837260.44414,0
1781589600000,1761.22,1773.19,1761.22,1770.39,166030.743,1781593199999,293522010.15754,178261,97209.242,171846489.81795,0
1781593200000,1770.39,1775.89,1768.18,1773.23,104862.543,1781596799999,185808944.56684,155634,53530.066,94864981.00739,0
1781596800000,1773.23,1807.32,1772.20,1802.25,379151.915,1781600399999,678429181.76971,372688,224716.525,402119569.78652,0
1781600400000,1802.26,1804.97,1786.12,1788.83,233454.600,1781603999999,418870003.12494,290014,103162.121,185091612.59436,0
1781604000000,1788.83,1799.82,1787.55,1793.09,151659.947,1781607599999,272032106.76493,190151,78028.089,139980559.18214,0
1781607600000,1793.09,1799.76,1790.12,1798.73,91771.197,1781611199999,164698195.94447,153193,48247.353,86608058.83272,0
1781611200000,1798.73,1839.54,1795.78,1814.05,631172.437,1781614799999,1147970332.04871,660076,318719.123,579622361.36269,0
1781614800000,1814.04,1816.44,1790.39,1797.12,462233.465,1781618399999,833059854.32360,593990,213207.927,384309274.94416,0
1781618400000,1797.11,1805.00,1762.17,1779.51,648216.598,1781621999999,1153883054.09421,721177,290398.331,517005356.66382,0
1781622000000,1779.52,1787.72,1773.32,1781.41,260232.376,1781625599999,463421888.85784,386039,135671.478,241642424.94923,0
1781625600000,1781.41,1784.75,1771.79,1776.96,170323.959,1781629199999,302719963.84366,245211,91218.455,162148723.12344,0
1781629200000,1776.97,1798.82,1776.29,1794.24,179806.625,1781632799999,321782554.64608,249844,104091.928,186283655.16027,0
1781632800000,1794.24,1807.71,1791.77,1798.48,231005.188,1781636399999,415740317.20036,306011,120455.984,216813236.32741,0
1781636400000,1798.47,1800.37,1789.01,1794.63,134387.750,1781639999999,241113680.40455,237570,61716.047,110744294.27181,0
1781640000000,1794.63,1798.10,1788.30,1797.12,83392.594,1781643599999,149532244.62526,139378,40842.874,73249327.50357,0
1781643600000,1797.12,1799.82,1789.65,1795.41,61696.551,1781647199999,110722230.78545,104179,28224.671,50651286.26461,0
1781647200000,1795.42,1798.66,1790.00,1795.29,65538.836,1781650799999,117559390.83574,111916,32682.424,58622076.51790,0
1781650800000,1795.30,1798.00,1790.26,1792.32,51548.305,1781654399999,92460819.76881,100551,21925.502,39331336.46310,0
1781654400000,1792.33,1798.28,1791.04,1793.36,61156.469,1781657999999,109751391.91682,118963,29740.016,53372485.56678,0
1781658000000,1793.36,1798.25,1778.48,1796.95,185840.332,1781661599999,332256106.32546,266923,89169.019,159485554.98650,0
1781661600000,1796.95,1809.67,1787.51,1794.63,183598.429,1781665199999,330276508.12878,265377,97867.136,176154238.74968,0
1781665200000,1794.63,1796.51,1786.38,1792.83,87754.465,1781668799999,157182058.21659,145986,34187.094,61245004.33450,0
1781668800000,1792.83,1801.41,1791.15,1793.50,65848.604,1781672399999,118248971.80392,110214,37755.029,67814622.32542,0
1781672400000,1793.50,1798.62,1788.18,1793.21,84950.017,1781675999999,152309930.93838,124060,37681.104,67563279.51555,0
1781676000000,1793.20,1796.45,1785.27,1789.46,106965.655,1781679599999,191447137.44984,152903,49192.160,88059544.33843,0
1781679600000,1789.46,1791.79,1777.52,1784.40,156456.727,1781683199999,279159508.48120,209404,73158.998,130582100.20333,0
1781683200000,1784.39,1785.68,1759.14,1764.57,326946.764,1781686799999,578499970.93064,377593,152044.705,269018563.88408,0
1781686800000,1764.56,1777.00,1764.18,1772.29,177613.018,1781690399999,314502758.53103,210084,95172.006,168510857.68954,0
1781690400000,1772.29,1775.44,1766.21,1767.67,94376.399,1781693999999,167098673.16688,169708,46807.685,82884811.20229,0
1781694000000,1767.66,1770.00,1758.00,1763.22,206353.795,1781697599999,364014067.94054,274554,103762.652,183065444.42212,0
1781697600000,1763.22,1765.28,1741.31,1758.25,457970.678,1781701199999,802422957.80753,457560,207271.477,363189202.75321,0
1781701200000,1758.25,1771.35,1753.75,1760.14,294785.128,1781704799999,519576541.62498,391367,161781.127,285218973.81312,0
1781704800000,1760.13,1764.73,1740.36,1754.10,303836.343,1781708399999,532791826.01467,475030,143536.399,251765516.42925,0
1781708400000,1754.10,1776.50,1750.31,1772.54,252001.036,1781711999999,444741281.80779,386063,150273.608,265263462.75431,0
1781712000000,1772.54,1791.39,1768.51,1770.99,309649.472,1781715599999,550454526.85553,398238,153488.761,272931743.11404,0
1781715600000,1771.00,1795.58,1766.37,1788.48,198986.129,1781719199999,354199543.34590,296105,108732.468,193546883.63334,0
1781719200000,1788.45,1788.58,1745.16,1769.25,823431.500,1781722799999,1455256984.35034,1015100,391139.868,691436106.33160,0
1781722800000,1769.25,1774.74,1728.24,1734.02,674590.162,1781726399999,1177367245.21920,899549,309032.699,539564407.66323,0
1781726400000,1734.02,1747.26,1732.28,1746.54,199348.066,1781729999999,346829678.88355,287220,121570.385,211515705.02570,0
1781730000000,1746.54,1747.47,1735.66,1738.26,92577.358,1781733599999,161255736.75274,147015,43799.470,76307773.32126,0
1781733600000,1738.25,1745.91,1724.22,1739.62,159966.496,1781737199999,277652489.29778,234209,78594.464,136472997.04874,0
1781737200000,1739.63,1751.14,1739.25,1749.56,84341.970,1781740799999,147324833.60871,144817,45976.332,80304113.23852,0
1781740800000,1749.57,1758.74,1749.03,1752.13,113012.790,1781744399999,198210978.78056,192697,57547.983,100934385.36840,0
1781744400000,1752.13,1762.34,1751.82,1754.21,101246.379,1781747999999,177962863.81423,175305,48955.336,86071106.71167,0
1781748000000,1754.22,1758.50,1749.21,1754.94,75886.133,1781751599999,133181397.52039,141879,35785.659,62813183.83014,0
1781751600000,1754.94,1755.31,1740.22,1743.27,156644.596,1781755199999,273540362.89214,199523,69353.225,121087593.37077,0
1781755200000,1743.27,1745.00,1728.77,1729.71,197202.015,1781758799999,342013311.15988,287083,88137.745,152861366.72585,0
1781758800000,1729.71,1732.26,1720.90,1730.07,208815.466,1781762399999,360609679.13898,285700,104022.467,179681633.53465,0
1781762400000,1730.07,1736.31,1724.52,1734.70,158600.053,1781765999999,274580865.81565,204011,96097.047,166397976.26057,0
1781766000000,1734.71,1752.70,1732.04,1748.89,217208.616,1781769599999,378881268.79110,222888,114958.178,200535763.15409,0
1781769600000,1748.89,1752.74,1745.37,1747.13,169531.667,1781773199999,296533405.47675,182389,78686.546,137644477.30371,0
1781773200000,1747.13,1751.20,1741.50,1745.56,115439.320,1781776799999,201572893.98709,147536,53548.878,93511613.80463,0
1781776800000,1745.55,1752.47,1738.62,1746.10,150307.196,1781780399999,262055050.94589,183875,74713.716,130269617.26852,0
1781780400000,1746.10,1748.59,1738.08,1742.32,108676.897,1781783999999,189409125.07236,174227,48967.650,85357466.14986,0
1781784000000,1742.33,1752.47,1740.83,1749.35,118650.747,1781787599999,207407776.78650,183156,61107.551,106823833.21520,0
1781787600000,1749.35,1751.47,1728.33,1735.88,280389.754,1781791199999,487357332.56410,370085,135735.644,235946548.28342,0
1781791200000,1735.87,1744.67,1728.66,1738.96,293857.619,1781794799999,510303048.73892,446014,143808.044,249759769.75701,0
1781794800000,1738.95,1739.37,1678.05,1681.21,1037209.354,1781798399999,1768426538.92907,1029369,441582.457,753117984.51793,0
1781798400000,1681.20,1692.28,1679.07,1686.12,410007.823,1781801999999,691510390.25019,481987,229766.274,387529828.10280,0
1781802000000,1686.13,1686.97,1670.56,1678.59,358459.090,1781805599999,601913998.83393,391344,173593.552,291520063.62334,0
1781805600000,1678.59,1688.53,1675.52,1684.48,158963.083,1781809199999,267490136.84761,275216,83221.338,140034683.10540,0
1781809200000,1684.48,1706.86,1682.00,1704.79,235484.468,1781812799999,399550759.52033,256354,134209.049,227756877.62456,0
1781812800000,1704.80,1716.64,1704.80,1709.81,185951.890,1781816399999,318257980.14147,220589,100301.789,171675378.19095,0
1781816400000,1709.82,1711.29,1700.74,1707.68,111883.299,1781819999999,190864554.40782,132462,50723.498,86544374.01010,0
1781820000000,1707.67,1707.92,1699.11,1706.01,65025.816,1781823599999,110780514.94812,98279,29882.974,50916975.20064,0
1781823600000,1706.00,1711.88,1702.00,1710.18,67011.386,1781827199999,114422257.13985,100944,37171.266,63474373.51807,0
1781827200000,1710.18,1715.42,1708.00,1712.99,73082.970,1781830799999,125142123.97062,110409,41917.678,71785887.12657,0
1781830800000,1713.00,1718.83,1705.19,1712.79,111796.772,1781834399999,191325844.61652,163219,58099.585,99456081.73197,0
1781834400000,1712.79,1714.61,1700.05,1706.28,108559.198,1781837999999,185185998.46799,150292,47877.874,81680957.98966,0
1781838000000,1706.29,1707.59,1680.03,1696.62,346621.457,1781841599999,586429900.08076,359401,163252.894,276149325.49692,0
1781841600000,1696.63,1702.00,1684.66,1688.70,175498.793,1781845199999,297010360.54336,246847,78372.638,132729556.31759,0
1781845200000,1688.70,1696.97,1688.54,1696.61,97452.885,1781848799999,165095318.76131,165988,57294.670,97066391.07646,0
1781848800000,1696.62,1702.88,1695.19,1699.42,109057.284,1781852399999,185230329.59485,151930,63371.393,107643562.15454,0
1781852400000,1699.42,1700.27,1689.07,1695.14,124498.463,1781855999999,210905901.91988,172740,66812.610,113183817.40433,0
1781856000000,1695.15,1698.47,1692.79,1697.32,79345.617,1781859599999,134551659.97354,129153,38572.165,65407956.58310,0
1781859600000,1697.31,1699.17,1687.81,1688.51,118684.044,1781863199999,200739334.42386,160594,49158.344,83152395.33642,0
1781863200000,1688.50,1693.92,1686.23,1691.83,80566.231,1781866799999,136109751.70861,144241,46197.506,78051505.21736,0
1781866800000,1691.82,1693.50,1687.82,1691.05,47962.315,1781870399999,81115550.48009,101620,25437.734,43021421.55542,0
1781870400000,1691.05,1695.53,1678.17,1694.47,208565.610,1781873999999,351849586.26474,273126,106727.315,180115624.13394,0
1781874000000,1694.48,1711.60,1686.64,1702.38,280589.321,1781877599999,476799802.18038,363390,159122.388,270440292.92206,0
1781877600000,1702.38,1709.29,1695.36,1706.07,158376.025,1781881199999,269616171.81697,241231,83966.839,142959250.87645,0
1781881200000,1706.06,1711.65,1697.12,1706.92,152740.653,1781884799999,260337534.92144,234417,74115.994,126343446.84747,0
1781884800000,1706.92,1711.00,1693.83,1695.82,141271.179,1781888399999,240651705.15368,229906,67962.784,115822514.38878,0
1781888400000,1695.82,1705.95,1692.43,1703.82,128130.763,1781891999999,217653352.37428,212612,76532.949,130010913.10639,0
1781892000000,1703.82,1704.70,1697.25,1701.86,51724.874,1781895599999,88016810.08679,104965,26041.369,44314157.80817,0
1781895600000,1701.85,1703.86,1697.26,1700.44,39018.652,1781899199999,66336151.23240,89738,19048.223,32384292.58927,0
1781899200000,1700.44,1708.65,1697.82,1708.00,54392.449,1781902799999,92655880.15550,102174,30310.988,51638003.74049,0
1781902800000,1707.99,1708.00,1700.37,1701.14,44352.992,1781906399999,75607570.32278,75120,20370.690,34718331.96888,0
1781906400000,1701.13,1709.68,1699.51,1707.00,67338.504,1781909999999,114870452.86469,87860,37257.104,63557099.75786,0
1781910000000,1707.00,1714.70,1704.19,1710.31,63233.201,1781913599999,108072392.38821,90265,35252.657,60263432.72630,0
1781913600000,1710.30,1717.72,1707.56,1708.01,94208.024,1781917199999,161207811.51078,153314,51557.223,88239387.10104,0
1781917200000,1708.00,1712.70,1705.78,1709.18,56164.343,1781920799999,95956567.73309,96594,28335.671,48408786.44669,0
1781920800000,1709.18,1709.90,1703.13,1703.95,53977.352,1781924399999,92067202.99149,95387,24107.681,41119891.13412,0
1781924400000,1703.95,1708.84,1703.80,1707.37,24729.567,1781927999999,42199163.18112,53681,13782.133,23518666.29072,0
1781928000000,1707.37,1714.98,1705.59,1712.69,73654.948,1781931599999,126085581.81068,88562,36042.087,61691517.54024,0
1781931600000,1712.70,1733.00,1711.50,1725.26,326909.253,1781935199999,563952257.98591,285333,194938.447,336277992.58446,0
1781935200000,1725.26,1729.00,1723.13,1726.89,80535.830,1781938799999,139015685.67791,108237,39826.523,68742868.28888,0
1781938800000,1726.88,1728.75,1722.10,1725.16,61979.361,1781942399999,106958532.48282,82144,31001.599,53506589.93971,0
1781942400000,1725.17,1726.29,1720.30,1722.18,77540.081,1781945999999,133601245.71874,86549,33822.280,58280171.10111,0
1781946000000,1722.18,1729.41,1722.18,1727.66,82027.173,1781949599999,141611192.81856,94368,47184.948,81463855.54534,0
1781949600000,1727.66,1728.80,1724.54,1726.91,44333.978,1781953199999,76538336.73759,59691,19455.966,33590077.77087,0
1781953200000,1726.90,1731.10,1725.00,1726.37,50383.182,1781956799999,87033308.35369,61189,26157.773,45193007.84490,0
1781956800000,1726.38,1729.75,1722.72,1725.96,65198.642,1781960399999,112544208.41262,85433,29551.133,51013198.91260,0
1781960400000,1725.97,1726.26,1711.54,1716.56,198643.645,1781963999999,341107140.65960,196682,86911.970,149207165.89802,0
1781964000000,1716.56,1746.63,1707.11,1732.76,416740.426,1781967599999,719234787.79277,403591,226544.771,391023215.89093,0
1781967600000,1732.76,1749.13,1728.15,1739.89,321456.652,1781971199999,559127352.27580,356863,174234.129,303071527.16231,0
1781971200000,1739.90,1740.27,1729.92,1733.06,93850.456,1781974799999,162724507.12620,148556,45086.224,78173795.22642,0
1781974800000,1733.07,1733.07,1720.01,1726.10,122825.892,1781978399999,212015840.26727,164321,58542.012,101060164.45532,0
1781978400000,1726.10,1731.51,1725.18,1725.78,52226.577,1781981999999,90245117.51163,80840,27208.503,47017412.29770,0
1781982000000,1725.79,1729.42,1724.23,1728.37,68460.940,1781985599999,118204923.13798,102949,36170.621,62459064.51733,0
1781985600000,1728.37,1730.48,1725.51,1729.99,30227.146,1781989199999,52249883.62581,56272,14268.549,24665753.08764,0
1781989200000,1729.98,1737.49,1729.44,1734.55,95828.982,1781992799999,166148214.87751,107909,55199.587,95699953.28986,0
1781992800000,1734.55,1745.72,1732.23,1742.49,147707.509,1781996399999,256957533.96546,199978,79828.846,138892597.68346,0
1781996400000,1742.50,1742.94,1739.55,1740.00,63640.170,1781999999999,110790385.15693,98110,28215.441,49121861.25884,0
1782000000000,1740.00,1740.08,1735.29,1737.00,60996.742,1782003599999,105952878.77779,85549,25013.624,43450257.82784,0
1782003600000,1737.00,1739.36,1733.36,1736.13,42357.210,1782007199999,73523447.53977,69828,22173.012,38490580.87405,0
1782007200000,1736.13,1737.36,1734.78,1735.34,23354.519,1782010799999,40543933.84887,49953,13484.638,23410144.77932,0
1782010800000,1735.35,1740.57,1732.62,1737.03,58224.291,1782014399999,101130306.99673,99804,31778.528,55201277.99381,0
1782014400000,1737.03,1740.68,1730.73,1732.06,63433.973,1782017999999,110089605.75081,89058,26625.302,46212699.39922,0
1782018000000,1732.06,1735.54,1728.49,1732.57,57036.841,1782021599999,98801996.88404,81191,27154.331,47042900.68384,0
1782021600000,1732.57,1737.86,1731.66,1735.23,42780.874,1782025199999,74214730.89192,67933,24751.502,42933741.17027,0
1782025200000,1735.23,1735.45,1730.88,1731.45,37569.865,1782028799999,65109200.44111,50397,18030.194,31246059.51192,0
1782028800000,1731.45,1732.36,1722.82,1728.29,97139.653,1782032399999,167785658.47234,110308,42545.522,73486230.51674,0
1782032400000,1728.29,1733.63,1725.00,1731.98,69855.672,1782035999999,120804424.03978,88424,34718.301,60037646.73616,0
1782036000000,1731.99,1736.31,1730.04,1730.56,63342.178,1782039599999,109767613.49028,79713,31963.674,55398200.46879,0
1782039600000,1730.57,1733.94,1717.19,1724.66,169410.642,1782043199999,292163903.96408,181036,79397.780,136943930.84307,0
1782043200000,1724.66,1726.29,1716.00,1725.14,186239.962,1782046799999,320547739.91183,187541,94069.099,161910501.04386,0
1782046800000,1725.14,1727.82,1721.08,1724.23,85955.700,1782050399999,148228434.17858,101683,43157.836,74427624.70601,0
1782050400000,1724.22,1727.93,1721.00,1727.81,48607.306,1782053999999,83795273.06964,73968,25482.807,43936888.54713,0
1782054000000,1727.81,1731.86,1726.10,1729.85,90393.767,1782057599999,156341913.49975,106453,46790.437,80933474.47564,0
1782057600000,1729.85,1729.85,1721.13,1727.44,89543.358,1782061199999,154573658.70306,120460,44737.762,77218926.21271,0
1782061200000,1727.44,1730.85,1725.21,1726.49,44642.457,1782064799999,77134740.70313,72435,26004.291,44934455.11353,0
1782064800000,1726.48,1737.13,1720.82,1734.55,118519.695,1782068399999,205100300.41368,150945,67804.998,117350935.30443,0
1782068400000,1734.54,1738.42,1732.68,1733.31,49926.773,1782071999999,86627357.91789,72955,27949.484,48505878.95492,0
1782072000000,1733.31,1734.60,1716.01,1720.56,116866.778,1782075599999,201393760.78112,150440,51930.527,89471846.28686,0
1782075600000,1720.57,1723.96,1700.37,1717.59,303444.945,1782079199999,519354515.08017,307564,149878.709,256603656.80451,0
1782079200000,1717.58,1720.63,1707.35,1717.01,139419.072,1782082799999,239024194.39839,211917,81762.502,140180646.99712,0
1782082800000,1717.00,1717.00,1703.44,1706.31,119294.198,1782086399999,203833427.68147,253390,57772.344,98720601.83176,0
1782086400000,1706.30,1731.92,1706.10,1726.19,214879.243,1782089999999,369672360.41780,332677,118750.633,204287182.49886,0
1782090000000,1726.19,1759.35,1723.68,1742.90,417011.069,1782093599999,727364713.62581,519919,232013.829,404772515.57828,0
1782093600000,1742.91,1744.57,1736.35,1736.36,106471.805,1782097199999,185284357.23304,203457,47932.651,83425336.66898,0
1782097200000,1736.35,1740.42,1725.57,1729.31,177321.823,1782100799999,307162956.94436,253726,82370.335,142679472.02514,0
1782100800000,1729.31,1735.21,1726.77,1734.39,82849.033,1782104399999,143493495.75976,142766,39710.013,68779437.06438,0
1782104400000,1734.40,1738.88,1733.25,1736.10,110092.303,1782107999999,191155835.89026,122820,53987.075,93746852.63869,0
1782108000000,1736.10,1739.62,1732.28,1734.15,65068.002,1782111599999,112932284.42776,112448,31076.499,53937631.38641,0
1782111600000,1734.15,1750.93,1733.94,1745.76,184888.893,1782115199999,322707286.62424,191786,101046.411,176375189.06626,0
1782115200000,1745.76,1752.00,1742.56,1746.91,94636.173,1782118799999,165341931.72459,165724,49057.966,85727763.82384,0
1782118800000,1746.92,1749.80,1742.78,1745.35,59356.666,1782122399999,103656625.04867,110930,29724.815,51909680.37583,0
1782122400000,1745.34,1750.85,1744.45,1748.01,58528.020,1782125999999,102323545.30934,88935,28439.938,49717625.52428,0
1782126000000,1748.00,1774.19,1746.51,1766.94,350846.087,1782129599999,617837929.70972,346416,207044.549,364606202.69388,0
1782129600000,1766.95,1771.34,1760.34,1763.26,200774.035,1782133199999,354342153.40571,245207,96999.414,171217545.77358,0
1782133200000,1763.27,1779.00,1761.02,1776.92,298667.896,1782136799999,528979791.68649,367229,163626.789,289854652.75551,0
1782136800000,1776.92,1777.35,1749.23,1753.74,414905.756,1782140399999,730063082.06253,432140,189583.171,333517925.15073,0
1782140400000,1753.75,1757.29,1741.13,1744.02,212437.857,1782143999999,371675035.77828,294329,90385.714,158207246.21177,0
1782144000000,1744.02,1745.55,1732.60,1739.39,276681.195,1782147599999,481098316.68314,326941,133516.315,232194643.46371,0
1782147600000,1739.40,1742.48,1730.20,1740.38,150520.971,1782151199999,261387467.92279,181470,79049.326,137288827.10358,0
1782151200000,1740.38,1746.99,1728.30,1732.61,241967.653,1782154799999,420474850.02821,197560,115119.209,200030547.05026,0
1782154800000,1732.62,1736.20,1727.41,1733.69,144349.681,1782158399999,250018631.00160,191151,73767.655,127786303.82096,0
1782158400000,1733.69,1739.60,1730.13,1733.81,85422.301,1782161999999,148179456.32190,104374,43112.581,74796213.73956,0
1782162000000,1733.81,1736.84,1725.76,1732.15,72383.306,1782165599999,125307551.97507,98107,40281.067,69741299.30202,0
1782165600000,1732.14,1735.28,1716.01,1723.48,186932.315,1782169199999,321949926.27130,243971,89739.055,154551593.36929,0
1782169200000,1723.48,1729.94,1720.51,1727.32,110861.668,1782172799999,191261029.88536,136961,59790.890,103181508.05264,0
1782172800000,1727.32,1731.30,1718.61,1730.42,92509.059,1782176399999,159638733.63551,144964,50093.502,86460219.01568,0
1782176400000,1730.41,1735.63,1720.24,1729.82,117095.942,1782179999999,202462831.22514,181399,63174.804,109245682.60778,0
1782180000000,1729.82,1734.36,1725.40,1731.91,49996.008,1782183599999,86514615.82858,108860,26914.154,46578723.73028,0
1782183600000,1731.91,1732.38,1725.02,1729.10,53511.602,1782187199999,92459263.66542,91847,25193.454,43528134.78649,0
1782187200000,1729.09,1730.49,1716.61,1718.44,112850.198,1782190799999,194398765.71605,137511,46355.289,79853914.43201,0
1782190800000,1718.44,1720.64,1709.09,1712.78,222335.224,1782194399999,381107937.58733,263554,106485.685,182535550.36768,0
1782194400000,1712.78,1713.02,1680.00,1691.29,544347.734,1782197999999,921321643.89846,516081,246446.449,416824513.53884,0
1782198000000,1691.29,1695.67,1681.01,1681.96,170294.206,1782201599999,287656665.19579,187932,75178.013,127021247.64393,0
1782201600000,1681.97,1683.88,1633.33,1647.36,907983.564,1782205199999,1503326352.31769,787266,423922.036,701538734.88757,0
1782205200000,1647.35,1653.50,1647.15,1649.94,134610.075,1782208799999,222171406.80108,154492,67537.242,111475427.02655,0
1782208800000,1649.95,1657.96,1648.30,1651.75,130714.005,1782212399999,216076714.18542,149447,75995.647,125626863.86958,0
1782212400000,1651.75,1662.91,1651.66,1659.93,159570.231,1782215999999,264721536.66088,172045,85662.694,142137708.58516,0
1782216000000,1659.93,1661.57,1652.75,1653.63,115281.098,1782219599999,190983938.16957,150279,55994.261,92768688.38981,0
1782219600000,1653.65,1663.33,1643.66,1662.06,391789.402,1782223199999,648235163.79966,452127,195972.360,324278877.08155,0
1782223200000,1662.06,1672.00,1657.05,1661.26,299639.605,1782226799999,498511891.09935,431416,151336.664,251853820.27750,0
1782226800000,1661.27,1662.74,1650.30,1658.90,164913.272,1782230399999,273057628.48366,265096,84286.434,139567404.45479,0
1782230400000,1658.90,1673.60,1656.85,1658.55,214387.869,1782233999999,357045456.29806,243069,114320.612,190403250.38673,0
1782234000000,1658.55,1664.21,1653.57,1656.03,88778.942,1782237599999,147220488.61474,161451,44037.837,73038512.51963,0
1782237600000,1656.03,1659.85,1649.03,1654.65,103501.653,1782241199999,171205122.55846,170157,50653.289,83789665.48754,0
1782241200000,1654.65,1663.30,1654.59,1661.96,71873.202,1782244799999,119271846.14997,152830,40014.132,66401656.27630,0
1782244800000,1661.97,1666.99,1660.46,1663.40,57686.585,1782248399999,95978628.73750,103830,29944.321,49823163.06280,0
1782248400000,1663.40,1667.80,1662.77,1666.05,45334.764,1782251999999,75507133.39380,74457,23643.426,39381424.16647,0
1782252000000,1666.04,1672.12,1662.22,1663.84,75774.663,1782255599999,126254300.54380,109921,33610.958,56014662.43723,0
1782255600000,1663.83,1668.75,1659.27,1666.40,90889.198,1782259199999,151141447.08841,120689,47396.195,78823685.55401,0
1782259200000,1666.40,1674.09,1665.77,1670.55,88933.459,1782262799999,148513023.09487,166420,45155.442,75413470.82028,0
1782262800000,1670.55,1679.92,1665.14,1671.97,134222.520,1782266399999,224649020.86884,202074,68702.403,115006106.63686,0
1782266400000,1671.96,1672.86,1662.51,1663.01,94862.923,1782269999999,158157427.34125,145589,46294.976,77194956.23216,0
1782270000000,1663.00,1669.19,1657.04,1666.03,118977.150,1782273599999,197874532.57069,132274,46537.310,77421296.21217,0
1782273600000,1666.02,1670.43,1657.19,1668.12,86462.876,1782277199999,143896400.58071,111792,45727.074,76112379.32164,0
1782277200000,1668.12,1678.98,1666.95,1673.76,124575.225,1782280799999,208431841.41713,127965,68856.186,115207092.11359,0
1782280800000,1673.76,1676.33,1669.66,1674.22,61096.605,1782284399999,102228720.63284,87177,29112.915,48714632.23983,0
1782284400000,1674.22,1678.00,1670.03,1672.38,94504.143,1782287999999,158139166.11703,127652,46525.368,77859197.86025,0
1782288000000,1672.39,1674.55,1668.37,1672.56,62198.650,1782291599999,103964882.59552,93875,33639.975,56235325.91722,0
1782291600000,1672.56,1672.56,1664.49,1666.46,63403.935,1782295199999,105739417.63741,88475,29391.587,49017022.14075,0
1782295200000,1666.46,1667.59,1662.17,1662.90,91756.140,1782298799999,152744779.85431,117653,46621.458,77618333.30118,0
1782298800000,1662.90,1692.00,1654.53,1678.65,371485.766,1782302399999,621681359.77979,350828,203444.587,340687486.63012,0
1782302400000,1678.64,1680.67,1669.27,1670.82,146957.431,1782305999999,246261212.06295,217937,70651.545,118399672.15010,0
1782306000000,1670.83,1671.56,1640.01,1644.54,656574.699,1782309599999,1085001695.56280,816878,315769.017,521841144.13217,0
1782309600000,1644.54,1656.70,1637.00,1646.69,396273.174,1782313199999,652200607.20277,600653,204981.439,337441892.07184,0
1782313200000,1646.69,1650.66,1616.00,1617.46,556988.914,1782316799999,908387826.79787,649609,251101.149,409514348.18465,0
1782316800000,1617.46,1636.00,1583.80,1589.07,943790.806,1782320399999,1517368124.99870,783470,438265.294,704956417.38115,0
1782320400000,1589.06,1596.84,1551.00,1559.30,884030.140,1782323999999,1389982794.57143,987249,383723.556,603596300.27796,0
1782324000000,1559.30,1583.90,1555.36,1571.42,433718.214,1782327599999,681678223.10482,585125,234654.331,368896367.86308,0
1782327600000,1571.42,1584.69,1565.80,1583.72,220043.835,1782331199999,346852885.88987,344426,130731.513,206094973.57912,0
1782331200000,1583.72,1621.38,1579.00,1613.00,454713.377,1782334799999,730440389.60642,595801,245768.214,394657444.48866,0
1782334800000,1613.00,1621.15,1605.12,1620.44,133343.406,1782338399999,215012755.08559,195362,69476.374,112069572.25222,0
1782338400000,1620.44,1629.15,1612.77,1614.75,116799.682,1782341999999,189208305.03872,193193,58188.645,94291340.90378,0
1782342000000,1614.75,1622.89,1612.90,1621.54,59919.271,1782345599999,96975502.11123,126823,30217.976,48916008.92612,0
1782345600000,1621.55,1625.98,1615.63,1618.23,113248.167,1782349199999,183540690.00323,199125,53888.666,87348914.62685,0
1782349200000,1618.23,1623.40,1613.67,1619.95,86783.423,1782352799999,140463662.32732,160944,46807.839,75757953.48984,0
1782352800000,1619.96,1620.77,1614.09,1620.07,70338.733,1782356399999,113765451.26279,111840,34429.918,55689871.73056,0
1782356400000,1620.06,1623.46,1615.31,1618.89,80048.729,1782359999999,129570228.15259,114425,33832.365,54766087.61616,0
1782360000000,1618.89,1636.10,1616.22,1634.25,157565.502,1782363599999,256326762.67348,176957,94697.345,154068467.77633,0
1782363600000,1634.25,1651.90,1632.79,1645.00,437138.816,1782367199999,718970350.84603,379989,238350.338,392055654.86158,0
1782367200000,1645.01,1660.56,1643.32,1653.21,191278.288,1782370799999,315872906.96642,228735,103669.468,171261605.45660,0
1782370800000,1653.22,1659.00,1650.35,1656.44,148110.812,1782374399999,245064615.20570,194536,73678.559,121937527.09417,0
1782374400000,1656.44,1658.33,1650.16,1652.09,110145.725,1782377999999,182059320.55812,120620,50304.777,83151989.45838,0
1782378000000,1652.09,1654.49,1645.71,1648.10,126805.662,1782381599999,209072054.22617,126715,53941.952,88946139.45372,0
1782381600000,1648.10,1649.06,1632.08,1635.87,200739.088,1782385199999,329259565.22901,172260,86698.807,142199381.54032,0
1782385200000,1635.88,1638.48,1627.07,1632.26,236887.093,1782388799999,386571655.61573,213637,123255.675,201138776.11266,0
1782388800000,1632.26,1649.69,1623.00,1634.91,349011.209,1782392399999,570999932.08913,437097,180155.259,294845906.65429,0
1782392400000,1634.91,1640.07,1530.00,1537.01,1237875.315,1782395999999,1956490898.81008,1081684,539168.011,853859869.73507,0
1782396000000,1537.00,1593.65,1537.00,1567.44,1259824.837,1782399599999,1971510103.41237,1571615,682461.161,1067988548.14131,0
1782399600000,1567.44,1572.86,1543.27,1569.43,541925.496,1782403199999,845032529.58365,795666,287194.931,448016793.85827,0
1782403200000,1569.42,1587.00,1557.24,1561.24,385922.138,1782406799999,606335796.37172,568467,198181.162,311383488.03783,0
1782406800000,1561.24,1574.74,1556.56,1574.22,219763.294,1782410399999,344541734.05794,394393,118837.083,186296593.48702,0
1782410400000,1574.22,1576.77,1559.35,1566.92,214267.554,1782413999999,335815564.81058,349539,118525.841,185743146.67122,0
1782414000000,1566.92,1567.18,1553.81,1558.82,171814.225,1782417599999,267815197.61876,263953,77219.036,120364905.77039,0
1782417600000,1558.83,1569.95,1556.00,1559.56,155407.874,1782421199999,243071028.48243,233822,77754.607,121613260.89764,0
1782421200000,1559.57,1582.55,1559.43,1579.87,137135.274,1782424799999,215440200.03200,171665,71032.900,111634296.02756,0
1782424800000,1579.86,1583.00,1565.63,1569.48,140082.942,1782428399999,220262238.70840,197892,63950.890,100581018.76564,0
1782428400000,1569.47,1579.00,1563.55,1566.97,133764.857,1782431999999,210240723.50811,190640,63525.156,99859022.47519,0
1782432000000,1566.98,1571.12,1562.41,1563.79,86655.759,1782435599999,135833851.48172,179245,47714.183,74802430.32429,0
1782435600000,1563.79,1567.96,1554.33,1559.28,123880.282,1782439199999,193246256.93833,227043,57450.371,89624517.94166,0
1782439200000,1559.28,1560.22,1518.27,1523.68,690544.721,1782442799999,1057164974.95889,813290,306430.970,469013210.02357,0
1782442800000,1523.69,1563.27,1510.87,1557.07,654733.667,1782446399999,1005030081.58477,787924,322243.202,494990292.89554,0
1782446400000,1557.07,1560.39,1546.51,1548.99,182099.917,1782449999999,282726915.54929,306505,89045.131,138275295.97147,0
1782450000000,1549.00,1558.79,1547.63,1554.89,132137.096,1782453599999,205291926.00963,226059,67015.610,104122448.96530,0
1782453600000,1554.89,1573.32,1542.28,1570.15,344493.032,1782457199999,536587088.31009,379762,178450.156,278173121.25189,0
1782457200000,1570.15,1585.55,1569.86,1579.82,296656.925,1782460799999,468360217.68802,340386,152017.689,239985660.83757,0
1782460800000,1579.81,1581.34,1562.78,1565.92,252624.991,1782464399999,397004985.03878,250650,114683.230,180176264.71098,0
1782464400000,1565.93,1566.74,1548.42,1552.08,257262.589,1782467999999,400837944.81552,309933,122521.303,190929743.33720,0
1782468000000,1552.09,1555.25,1544.00,1547.50,224207.022,1782471599999,347463159.48355,298487,94523.115,146515558.87940,0
1782471600000,1547.50,1554.49,1540.00,1544.40,192800.953,1782475199999,298176753.79195,282891,96448.188,149227447.48670,0
1782475200000,1544.40,1559.75,1526.74,1535.54,568803.092,1782478799999,877130065.66773,619672,291812.838,450144559.90080,0
1782478800000,1535.55,1570.97,1520.34,1568.81,672662.922,1782482399999,1038394569.97115,905878,349542.576,539740499.34381,0
1782482400000,1568.81,1574.80,1552.79,1559.32,491733.589,1782485999999,768737778.79941,735119,248139.581,387975326.44166,0
1782486000000,1559.32,1587.65,1558.81,1579.32,471355.047,1782489599999,743172620.34732,553912,242076.880,381707207.60859,0
1782489600000,1579.32,1594.89,1571.50,1577.07,347882.620,1782493199999,550180338.61719,399972,177466.719,280740746.24867,0
1782493200000,1577.07,1588.92,1575.85,1581.16,161400.429,1782496799999,255506134.25322,270159,79802.706,126339926.30720,0
1782496800000,1581.16,1584.99,1569.67,1572.63,106666.214,1782500399999,168174241.81052,194998,47147.974,74339463.77115,0
1782500400000,1572.63,1583.54,1569.66,1573.82,119235.685,1782503999999,188116271.45457,230906,61982.350,97790355.18102,0
1782504000000,1573.92,1582.67,1567.12,1570.15,151325.908,1782507599999,238068023.09674,228241,70990.099,111694401.69765,0
1782507600000,1570.15,1578.78,1567.59,1574.47,54142.599,1782511199999,85181623.95353,83699,28758.617,45246931.98399,0
1782511200000,1574.47,1578.95,1568.53,1577.21,59328.775,1782514799999,93367146.03445,94868,28843.890,45386273.24732,0
1782514800000,1577.20,1580.24,1573.47,1577.86,54892.817,1782518399999,86595053.83138,71467,25839.091,40767321.09884,0
1782518400000,1577.85,1581.39,1570.66,1575.93,75303.457,1782521999999,118625993.24497,96691,38424.979,60519652.71361,0
1782522000000,1575.92,1576.96,1573.08,1575.06,25819.184,1782525599999,40664204.11327,50115,12307.690,19383183.00874,0
1782525600000,1575.06,1586.42,1573.79,1582.29,94076.729,1782529199999,148871336.16723,124452,51209.974,81031963.64429,0
1782529200000,1582.28,1584.31,1577.56,1579.77,57029.529,1782532799999,90131556.61353,94281,29119.193,46020763.06387,0
1782532800000,1579.77,1584.71,1578.19,1578.85,50260.644,1782536399999,79503987.16958,75625,21724.566,34369295.52272,0
1782536400000,1578.85,1580.50,1576.27,1577.84,43358.728,1782539999999,68439928.07367,65875,21153.557,33391897.23682,0
1782540000000,1577.84,1584.00,1574.39,1582.00,66609.284,1782543599999,105217880.03755,86129,35295.109,55763495.46488,0
1782543600000,1581.99,1585.70,1579.84,1584.75,66810.990,1782547199999,105728037.10959,68988,33275.953,52667532.51893,0
1782547200000,1584.75,1585.19,1580.76,1583.31,40067.145,1782550799999,63425815.96128,57074,19784.628,31320316.52699,0
1782550800000,1583.31,1584.13,1578.55,1582.00,38893.262,1782554399999,61477170.93561,53612,18580.842,29371569.79267,0
1782554400000,1581.99,1584.18,1581.32,1583.41,34112.381,1782557999999,53995005.95809,40693,16581.093,26246285.07716,0
1782558000000,1583.40,1584.41,1578.08,1583.13,56587.975,1782561599999,89475948.61694,68398,26979.588,42660675.30144,0
1782561600000,1583.13,1585.77,1580.55,1585.18,54849.249,1782565199999,86838619.76496,54302,29804.062,47184924.16090,0
1782565200000,1585.19,1592.37,1584.17,1591.41,116353.808,1782568799999,184819423.45508,123235,66647.602,105875353.43438,0
1782568800000,1591.40,1598.63,1588.65,1593.84,130432.153,1782572399999,207910616.70363,137356,75808.031,120868016.48916,0
1782572400000,1593.85,1610.44,1593.20,1604.87,265155.645,1782575999999,425270112.34244,226233,151040.928,242238061.43104,0
1782576000000,1604.86,1607.30,1600.74,1606.31,79906.190,1782579599999,128148044.99605,89915,38318.822,61459904.76828,0
1782579600000,1606.31,1606.40,1587.73,1590.40,257375.464,1782583199999,410213714.85162,207240,108921.535,173586963.51163,0
1782583200000,1590.41,1593.89,1588.30,1593.12,50224.932,1782586799999,79921910.72288,75667,24211.275,38533963.11643,0
1782586800000,1593.12,1594.44,1571.98,1577.52,254694.895,1782590399999,402335817.27649,223297,106746.015,168585146.32294,0
1782590400000,1577.52,1582.56,1577.52,1580.61,53846.020,1782593999999,85096573.71926,65548,28507.844,45053616.39826,0
1782594000000,1580.61,1584.61,1573.27,1574.49,81657.723,1782597599999,129015312.42186,95387,40842.912,64549922.28057,0
1782597600000,1574.49,1578.78,1561.69,1578.16,163572.133,1782601199999,256906797.11801,195663,76042.587,119494145.16427,0
1782601200000,1578.17,1580.85,1569.41,1573.10,99922.058,1782604799999,157290683.37168,127409,49004.705,77134401.86636,0
1782604800000,1573.10,1577.47,1571.81,1574.00,62750.597,1782608399999,98818469.36856,80463,32753.434,51581022.90574,0
1782608400000,1574.01,1576.25,1569.02,1574.35,52615.714,1782611999999,82770950.09002,77116,25370.698,39916703.46794,0
1782612000000,1574.36,1579.28,1568.27,1571.12,67359.177,1782615599999,105972876.05457,92006,35054.400,55162790.71133,0
1782615600000,1571.13,1575.44,1571.13,1574.27,33811.904,1782619199999,53198144.74136,51800,17483.049,27507834.63765,0
1782619200000,1574.27,1576.65,1569.56,1573.45,45151.115,1782622799999,71042406.17515,61284,21769.474,34253361.23894,0
1782622800000,1573.44,1573.61,1563.05,1568.31,130618.950,1782626399999,204754887.24426,137162,64795.244,101574097.59910,0
1782626400000,1568.31,1569.74,1561.59,1566.91,107052.374,1782629999999,167584933.06585,113504,58513.957,91592608.12023,0
1782630000000,1566.91,1576.34,1566.91,1575.02,85692.036,1782633599999,134786603.59004,98763,49918.264,78525156.56999,0
1782633600000,1575.03,1584.67,1572.70,1580.51,136163.851,1782637199999,215083541.58247,137113,84850.744,134039977.24521,0
1782637200000,1580.51,1585.69,1577.46,1578.02,72048.852,1782640799999,113904088.87909,85209,31118.512,49214303.24854,0
1782640800000,1578.03,1580.80,1571.38,1576.46,87630.929,1782644399999,138082116.53897,98102,37836.986,59620686.40344,0
1782644400000,1576.47,1583.29,1575.13,1582.10,68017.602,1782647999999,107452585.41505,92979,38025.309,60078637.45315,0
1782648000000,1582.10,1588.27,1577.26,1582.79,99251.774,1782651599999,157058762.41066,114516,52007.366,82321487.43354,0
1782651600000,1582.78,1582.93,1574.01,1578.82,101454.869,1782655199999,160167443.02334,135329,50019.994,78969454.49035,0
1782655200000,1578.82,1585.67,1577.32,1580.63,83102.978,1782658799999,131471081.56685,120087,42817.275,67747566.87728,0
1782658800000,1580.63,1584.63,1576.24,1580.00,100861.856,1782662399999,159407742.72335,148355,47900.533,75703892.04701,0
1782662400000,1580.00,1581.14,1565.77,1572.21,187760.941,1782665999999,295123924.83050,231966,91019.579,143058388.27913,0
1782666000000,1572.20,1576.81,1562.74,1571.58,151399.608,1782669599999,237559872.15822,180883,77972.835,122364666.52019,0
1782669600000,1571.57,1574.72,1568.43,1571.01,66136.820,1782673199999,103934507.82425,91686,37123.587,58344265.26222,0
1782673200000,1571.02,1573.82,1555.62,1563.78,162187.656,1782676799999,253401003.85316,171643,74218.381,115982421.54875,0
1782676800000,1563.78,1575.88,1563.51,1572.49,104309.571,1782680399999,163850218.91407,118967,58413.203,91750483.46746,0
1782680400000,1572.49,1573.24,1558.13,1562.76,93056.063,1782683999999,145695070.69918,118753,43335.805,67843147.85074,0
1782684000000,1562.77,1582.00,1547.00,1556.09,338749.778,1782687599999,529709415.02143,472802,162819.525,254862149.45633,0
1782687600000,1556.09,1579.57,1554.35,1571.10,182826.366,1782691199999,286772928.69793,264054,98401.939,154297587.42252,0
1782691200000,1571.11,1574.25,1551.00,1572.65,258274.001,1782694799999,403578357.05544,423467,130195.731,203503232.65109,0
1782694800000,1572.65,1573.75,1559.11,1567.81,134769.362,1782698399999,211212026.39290,286088,65325.408,102348688.37144,0
1782698400000,1567.82,1578.55,1549.08,1575.83,309467.425,1782701999999,484690429.89995,392157,153836.822,240942474.80383,0
1782702000000,1575.84,1588.92,1575.84,1583.97,218003.886,1782705599999,344966522.67232,270739,115956.358,183505058.33353,0
1782705600000,1583.98,1584.23,1573.68,1574.77,91895.819,1782709199999,145057985.03547,131826,42774.575,67523068.95226,0
1782709200000,1574.77,1582.40,1561.16,1582.38,224841.425,1782712799999,353189898.20231,271317,110177.465,173110534.57703,0
1782712800000,1582.39,1588.58,1579.09,1582.25,163925.419,1782716399999,259643483.47883,194481,80914.677,128173431.71857,0
1782716400000,1582.26,1584.33,1577.06,1579.36,68966.520,1782719999999,108958574.97171,123688,34396.423,54344900.73836,0
1782720000000,1579.36,1581.63,1569.28,1572.27,142906.987,1782723599999,225029246.85172,186735,65832.426,103671283.76295,0
1782723600000,1572.27,1579.87,1569.58,1575.46,96099.755,1782727199999,151322311.31494,165575,50433.587,79424630.49833,0
1782727200000,1575.47,1586.55,1575.47,1577.68,124438.054,1782730799999,196726713.72274,152261,60286.583,95307190.50673,0
1782730800000,1577.67,1581.89,1569.44,1574.16,174193.540,1782734399999,274128758.60178,190723,90896.923,143040148.09667,0
1782734400000,1574.16,1597.00,1565.44,1575.27,650818.622,1782737999999,1029913334.29598,631432,332940.101,526906131.44885,0
1782738000000,1575.27,1588.04,1564.00,1572.21,462115.207,1782741599999,727559825.35770,655476,243633.036,383541718.18932,0
1782741600000,1572.23,1578.62,1556.54,1572.37,384202.357,1782745199999,601995576.99549,689503,194082.261,304136897.89591,0
1782745200000,1572.36,1585.42,1560.57,1579.48,381415.317,1782748799999,600860298.75512,459125,209193.086,329677933.69404,0
1782748800000,1579.49,1587.04,1573.33,1584.63,190693.905,1782752399999,301500216.69190,232553,94814.656,149920670.11647,0
1782752400000,1584.63,1637.20,1584.63,1627.37,781611.158,1782755999999,1264652628.80194,744223,425615.440,688191223.53903,0
1782756000000,1627.38,1628.20,1617.79,1620.45,160630.521,1782759599999,260727343.74107,216100,72642.518,117906000.70088,0
1782759600000,1620.46,1626.84,1615.50,1624.73,121315.922,1782763199999,196744116.19490,184267,61990.793,100542473.56920,0
1782763200000,1624.74,1626.00,1616.48,1616.90,86256.368,1782766799999,139846118.86517,115383,35891.983,58212070.03009,0
1782766800000,1616.89,1622.55,1610.75,1619.34,126235.277,1782770399999,204011775.29938,115334,54039.912,87359692.21849,0
1782770400000,1619.34,1621.28,1611.63,1612.18,64732.761,1782773999999,104603521.18178,99842,29302.814,47357312.17461,0
1782774000000,1612.18,1613.25,1606.74,1612.12,84806.256,1782777599999,136565995.41916,109597,41399.045,66669234.91273,0
1782777600000,1612.12,1613.56,1591.60,1593.77,234649.445,1782781199999,375387719.30980,271306,101435.354,162181400.06437,0
1782781200000,1593.77,1599.31,1588.12,1593.21,169738.789,1782784799999,270396653.90728,186317,81977.778,130605700.58320,0
1782784800000,1593.21,1593.24,1585.64,1589.95,116616.518,1782788399999,185372081.14005,107251,55561.918,88337870.44687,0
1782788400000,1589.94,1595.68,1585.72,1586.26,81355.860,1782791999999,129373684.89445,96840,44645.215,71003630.94381,0
1782792000000,1586.26,1590.35,1578.64,1587.26,220855.227,1782795599999,350048097.53416,179276,104485.594,165643125.82003,0
1782795600000,1587.25,1591.39,1584.29,1590.92,110181.473,1782799199999,174970082.22216,100832,62357.971,99035044.91298,0
1782799200000,1590.92,1594.25,1588.10,1592.98,75109.089,1782802799999,119516161.65332,84083,43624.542,69427439.03726,0
1782802800000,1592.97,1595.79,1589.21,1591.64,64201.273,1782806399999,102213459.94842,86986,30588.126,48693740.90321,0
1782806400000,1591.65,1593.59,1578.42,1583.27,178243.632,1782809999999,282231504.48529,201281,81464.755,128978361.26277,0
1782810000000,1583.27,1586.47,1580.54,1584.77,83072.287,1782813599999,131565578.22228,107209,42337.423,67059528.62873,0
1782813600000,1584.76,1586.33,1581.47,1583.80,48248.750,1782817199999,76429727.25851,88800,25402.320,40242736.63114,0
1782817200000,1583.81,1585.53,1574.55,1577.87,165772.439,1782820799999,261784445.95236,184395,68808.244,108674955.98224,0
1782820800000,1577.88,1577.88,1550.00,1551.81,486788.512,1782824399999,761111269.23613,418364,193286.966,302344532.77642,0
1782824400000,1551.81,1566.92,1549.16,1566.58,477991.061,1782827999999,744684690.10166,578044,249046.259,388078150.64699,0
1782828000000,1566.58,1577.46,1560.55,1562.85,345138.991,1782831599999,541758045.29288,505265,173580.053,272488896.19295,0
1782831600000,1562.85,1576.36,1556.51,1564.56,238749.206,1782835199999,373774655.54619,344377,126572.840,198178109.95075,0
1782835200000,1564.56,1574.43,1561.21,1571.74,141130.761,1782838799999,221169934.15958,209421,76620.481,120097371.91295,0
1782838800000,1571.74,1576.60,1567.80,1570.26,87916.643,1782842399999,138163318.42531,147053,37490.699,58930572.86363,0
1782842400000,1570.26,1581.62,1568.85,1578.45,124605.291,1782845999999,196354873.04081,173870,67943.718,107087577.69147,0
1782846000000,1578.45,1581.37,1574.86,1579.78,77573.341,1782849599999,122441487.15024,151026,39745.840,62738343.57011,0
1782849600000,1579.77,1582.23,1572.35,1575.37,75951.505,1782853199999,119806775.39658,115168,35232.939,55580392.43529,0
1782853200000,1575.36,1576.57,1568.81,1571.10,66951.048,1782856799999,105216900.69455,99757,28521.704,44824684.00599,0
1782856800000,1571.10,1574.63,1565.82,1566.61,82208.122,1782860399999,128978566.97420,109734,35793.740,56169716.59650,0
1782860400000,1566.61,1572.43,1565.29,1571.47,74598.124,1782863999999,117065213.83555,105044,44014.024,69077542.29677,0
