timestamp,open,high,low,close,volume,close_time,quote_volume,trades,taker_buy_base,taker_buy_quote,ignore
1692403200000,1660.76,1671.43,1655.17,1658.85,205422.907,1692417599999,341389865.74621,190801,96009.778,159551109.76857,0
1692417600000,1658.86,1662.78,1653.36,1660.29,172300.562,1692431999999,285579617.92559,167271,78539.882,130177495.74713,0
1692432000000,1660.30,1665.15,1658.24,1659.02,144840.053,1692446399999,240615633.70222,134870,64537.284,107222300.40863,0
1692446400000,1659.03,1685.53,1657.12,1682.39,289605.493,1692460799999,483406435.42515,256230,152918.891,255304983.90504,0
1692460800000,1682.39,1696.14,1673.54,1676.40,393223.635,1692475199999,661503859.60643,336930,191904.211,322900756.50009,0
1692475200000,1676.40,1677.37,1662.30,1668.69,169561.662,1692489599999,283015777.70256,165048,75549.490,126105894.79554,0
1692489600000,1668.70,1674.43,1664.00,1667.09,156676.522,1692503999999,261341831.46967,162434,74391.796,124099306.63483,0
1692504000000,1667.09,1669.49,1660.22,1664.99,127625.746,1692518399999,212439489.87288,134087,58849.378,97969784.30620,0
1692518400000,1665.00,1674.98,1662.56,1674.01,164967.818,1692532799999,275424350.24904,150229,85489.730,142730799.66348,0
1692532800000,1674.02,1679.33,1663.07,1670.47,308997.621,1692547199999,516478581.53380,231365,142068.304,237471759.16024,0
1692547200000,1670.47,1679.24,1664.51,1677.42,155835.765,1692561599999,260683479.91730,154967,79899.013,133667735.91261,0
1692561600000,1677.42,1694.36,1677.37,1684.16,251745.108,1692575999999,424250267.32720,226347,129151.385,217657110.94715,0
1692576000000,1684.15,1685.12,1674.28,1676.13,173444.046,1692590399999,291412639.38177,165115,79996.347,134414766.44312,0
1692590400000,1676.13,1687.78,1668.53,1670.96,227371.581,1692604799999,380963439.74308,191884,109948.955,184245986.63986,0
1692604800000,1670.96,1674.88,1658.25,1672.20,325165.839,1692619199999,542442634.52959,246723,162364.216,270930712.86355,0
1692619200000,1672.20,1683.53,1647.22,1656.59,582838.998,1692633599999,970588047.32532,430476,283893.085,472867821.67263,0
1692633600000,1656.59,1674.88,1656.07,1671.55,269316.264,1692647999999,448152893.16309,217267,137719.875,229184688.06570,0
1692648000000,1671.55,1676.46,1665.48,1666.79,138470.953,1692662399999,231354412.92526,141977,65640.585,109670683.65597,0
1692662400000,1666.80,1668.57,1660.50,1663.34,121587.960,1692676799999,202396218.42039,116328,64740.490,107775739.13814,0
1692676800000,1663.35,1666.19,1659.92,1665.57,118031.381,1692691199999,196260232.37480,111877,63207.084,105106128.68735,0
1692691200000,1665.57,1666.89,1658.98,1661.52,141722.019,1692705599999,235729050.79431,349575,65380.380,108756281.14009,0
1692705600000,1661.53,1666.66,1642.00,1649.16,419629.430,1692719999999,694985228.20322,541069,201207.623,333294836.22781,0
1692720000000,1649.15,1650.40,1616.00,1624.20,956010.820,1692734399999,1562402847.50113,714696,462105.057,755328543.78112,0
1692734400000,1624.20,1639.91,1575.00,1634.50,871668.550,1692748799999,1405479542.01759,628181,425509.979,686401277.15727,0
1692748800000,1634.49,1642.00,1628.50,1631.06,267097.142,1692763199999,436506177.18086,397739,125797.579,205596193.89856,0
1692763200000,1631.06,1658.37,1629.92,1644.53,371236.308,1692777599999,609920760.31731,518502,202099.477,332070051.35185,0
1692777600000,1644.53,1648.16,1638.85,1641.60,226776.929,1692791999999,372612519.46624,417411,108102.990,177620470.39686,0
1692792000000,1641.60,1659.86,1633.19,1656.53,552905.641,1692806399999,910986937.74184,645189,279669.358,460846071.99472,0
1692806400000,1656.54,1703.85,1654.84,1686.37,957686.113,1692820799999,1610138535.96062,932654,501171.722,842650085.93184,0
1692820800000,1686.37,1692.44,1657.83,1678.80,434269.044,1692835199999,728312859.01501,409293,209570.480,351487523.08758,0
1692835200000,1678.79,1682.88,1671.72,1674.70,173898.881,1692849599999,291520280.92126,157917,84867.754,142262598.82018,0
1692849600000,1674.70,1678.44,1671.73,1673.63,115796.387,1692863999999,193954983.11040,117171,61214.582,102533064.41277,0
1692864000000,1673.63,1677.16,1665.13,1666.80,234584.385,1692878399999,391869077.65863,192371,115147.450,192354754.20113,0
1692878400000,1666.79,1668.96,1641.04,1642.79,544972.852,1692892799999,900895553.15110,454066,264437.047,437105949.39448,0
1692892800000,1642.79,1655.70,1631.66,1649.05,451788.953,1692907199999,744205917.45196,362039,226460.140,373111439.31135,0
1692907200000,1649.05,1665.38,1642.36,1660.22,218833.781,1692921599999,361748098.50337,202262,115165.271,190403754.33404,0
1692921600000,1660.23,1663.63,1643.05,1654.61,217636.118,1692935999999,360297157.48902,206912,100506.305,166402279.20867,0
1692936000000,1654.61,1655.14,1646.00,1650.53,170617.669,1692950399999,281594922.50572,175300,86876.049,143386749.88230,0
1692950400000,1650.54,1658.34,1650.22,1653.51,127152.342,1692964799999,210275913.08973,120789,67205.773,111139176.03007,0
1692964800000,1653.51,1676.73,1635.01,1645.23,853378.453,1692979199999,1411512225.47903,726560,426675.819,705897769.69354,0
1692979200000,1645.23,1655.11,1634.43,1646.15,324867.204,1692993599999,534464612.00812,322854,168536.028,277302666.42098,0
1692993600000,1646.15,1654.40,1645.01,1653.24,148900.488,1693007999999,245742209.41930,141269,82369.965,135938109.64210,0
1693008000000,1653.25,1654.77,1650.68,1653.67,78919.033,1693022399999,130426628.38311,91644,39381.719,65084426.30477,0
1693022400000,1653.67,1653.98,1649.88,1652.12,51510.620,1693036799999,85096701.56692,70291,25111.245,41484462.03259,0
1693036800000,1652.11,1652.92,1645.47,1649.61,134458.892,1693051199999,221628297.08848,102895,63513.328,104679411.59396,0
1693051200000,1649.60,1652.38,1645.85,1650.60,74781.565,1693065599999,123346573.86270,79637,36619.570,60406184.70256,0
1693065600000,1650.60,1651.00,1643.01,1645.30,100831.539,1693079999999,165938822.09080,98442,50001.702,82281488.03818,0
1693080000000,1645.30,1649.81,1644.13,1646.28,59309.480,1693094399999,97683343.35704,73759,28268.168,46556443.79521,0
1693094400000,1646.29,1649.77,1645.38,1646.45,68476.100,1693108799999,112795653.44325,69042,35773.883,58926038.16191,0
1693108800000,1646.46,1654.89,1646.45,1647.81,97167.980,1693123199999,160348302.93233,89754,48614.326,80228017.36230,0
1693123200000,1647.81,1651.89,1646.35,1648.50,86006.058,1693137599999,141861854.89222,77068,45152.249,74474988.21480,0
1693137600000,1648.50,1659.57,1647.93,1654.68,175418.928,1693151999999,290276934.85058,167294,88796.462,146932495.33155,0
1693152000000,1654.69,1659.48,1648.93,1655.05,136833.953,1693166399999,226388628.05566,142413,68402.425,113170819.83906,0
1693166400000,1655.04,1658.44,1650.25,1657.59,93437.254,1693180799999,154630947.87272,111616,47553.291,78696449.29657,0
1693180800000,1657.59,1657.60,1647.06,1649.09,151055.912,1693195199999,249321726.35352,154238,75390.914,124423530.75175,0
1693195200000,1649.09,1650.94,1635.00,1640.91,255671.412,1693209599999,419833516.73942,206159,122015.040,200349552.55095,0
1693209600000,1640.91,1642.91,1618.00,1639.54,334238.409,1693223999999,545859690.12388,269932,165246.740,269976525.54688,0
1693224000000,1639.53,1663.88,1639.01,1647.99,541803.192,1693238399999,894877632.97271,467435,285671.643,471854597.13880,0
1693238400000,1647.98,1654.29,1637.00,1645.82,262436.996,1693252799999,432229860.10326,245924,131987.867,217425432.25876,0
1693252800000,1645.82,1656.77,1643.26,1652.51,127197.053,1693267199999,209840513.90229,140018,63263.853,104378714.50274,0
1693267200000,1652.50,1661.95,1650.02,1651.60,196035.632,1693281599999,324481737.09417,181834,94739.655,156829982.11902,0
1693281600000,1651.61,1653.00,1644.19,1646.57,174915.414,1693295999999,288311412.28758,147922,85797.199,141425333.60146,0
1693296000000,1646.58,1647.24,1639.01,1641.20,184654.508,1693310399999,303511032.14667,165399,94846.240,155897600.79600,0
1693310400000,1641.20,1736.92,1639.35,1715.65,1778037.866,1693324799999,3022297774.64860,1273497,920830.471,1564635003.36800,0
1693324800000,1715.66,1747.15,1708.00,1734.41,879683.570,1693339199999,1523324669.57755,810696,444125.432,769157238.27242,0
1693339200000,1734.41,1741.47,1720.60,1728.51,266029.351,1693353599999,460372255.18647,280390,133508.709,231076077.44209,0
1693353600000,1728.52,1730.37,1712.14,1717.92,263190.671,1693367999999,452524640.36016,275163,128599.660,221094093.50802,0
1693368000000,1717.92,1721.96,1715.26,1716.91,124601.695,1693382399999,214106596.25741,130820,65200.234,112046418.81494,0
1693382400000,1716.91,1719.99,1710.00,1715.16,186988.276,1693396799999,320828234.82775,172256,92817.476,159252949.38781,0
1693396800000,1715.16,1721.69,1688.00,1702.89,637542.848,1693411199999,1089578996.53868,605994,313997.155,536772108.69408,0
1693411200000,1702.88,1704.60,1694.67,1700.77,213062.101,1693425599999,362289086.59811,218681,108413.905,184361312.42356,0
1693425600000,1700.77,1708.00,1700.34,1704.39,113848.450,1693439999999,193967255.95802,114915,57561.300,98076653.07107,0
1693440000000,1704.39,1704.39,1696.16,1698.53,98004.617,1693454399999,166616137.53770,87172,46242.595,78613529.14829,0
1693454400000,1698.52,1706.98,1698.35,1705.64,108061.768,1693468799999,184010667.48650,95759,61932.578,105452268.54976,0
1693468800000,1705.64,1730.00,1702.44,1712.87,339928.732,1693483199999,582455511.40624,270623,178558.076,306054806.80585,0
1693483200000,1712.86,1713.30,1674.05,1688.10,563343.493,1693497599999,956069959.76015,492932,266986.256,453166475.69208,0
1693497600000,1688.11,1688.33,1641.33,1656.25,969034.741,1693511999999,1610457163.60247,823820,471399.743,783348408.92534,0
1693512000000,1656.23,1656.66,1628.30,1645.27,410521.188,1693526399999,674820699.44946,387861,197005.151,323897486.68067,0
1693526400000,1645.26,1653.89,1644.29,1651.36,153134.759,1693540799999,252669998.04228,144167,76937.307,126939640.55536,0
1693540800000,1651.35,1652.28,1642.01,1645.45,122119.284,1693555199999,201101139.22691,115776,51659.020,85065984.39971,0
1693555200000,1645.45,1647.84,1640.20,1646.26,151900.221,1693569599999,249749250.29971,132377,81915.800,134688243.14868,0
1693569600000,1646.27,1651.97,1621.00,1633.75,671584.366,1693583999999,1098921022.58228,597174,328915.028,538244638.49814,0
1693584000000,1633.76,1637.00,1601.22,1618.64,750211.457,1693598399999,1212647686.32250,669833,369994.153,598019827.06667,0
1693598400000,1618.66,1637.96,1615.38,1628.19,240604.855,1693612799999,391578507.68287,221334,122933.244,200073293.34330,0
1693612800000,1628.20,1633.72,1627.05,1631.50,100954.346,1693627199999,164553218.05678,112089,47951.730,78158082.57989,0
1693627200000,1631.50,1636.54,1629.25,1630.67,110763.975,1693641599999,180771547.46649,109856,56629.363,92434480.93869,0
1693641600000,1630.68,1636.48,1629.24,1633.88,114906.312,1693655999999,187600915.05561,125223,55810.238,91124815.64593,0
1693656000000,1633.88,1644.99,1632.51,1637.97,194875.070,1693670399999,319221736.72690,191411,97498.719,159724253.05888,0
1693670400000,1637.97,1640.18,1627.52,1632.81,159696.729,1693684799999,260888472.34214,158815,73695.887,120394598.06478,0
1693684800000,1632.82,1639.14,1631.98,1636.24,73429.490,1693699199999,120087948.29019,81914,37022.756,60542841.40039,0
1693699200000,1636.24,1636.84,1630.55,1635.45,91742.054,1693713599999,149872470.27440,80234,41130.144,67194146.55327,0
1693713600000,1635.44,1638.34,1632.90,1634.95,67361.534,1693727999999,110156109.08913,72586,36504.771,59698605.23367,0
1693728000000,1634.95,1635.22,1630.08,1633.49,79460.250,1693742399999,129709288.06794,70472,40342.985,65853075.42279,0
1693742400000,1633.49,1640.51,1627.19,1632.18,228104.850,1693756799999,372695835.59622,204147,120226.542,196466736.92117,0
1693756800000,1632.19,1642.97,1623.93,1638.08,221275.558,1693771199999,361295134.58937,212070,112626.952,183954980.48201,0
1693771200000,1638.09,1648.24,1632.21,1635.02,150999.728,1693785599999,247526664.72867,154748,77970.099,127836094.66788,0
1693785600000,1635.03,1644.50,1631.15,1636.86,135923.571,1693799999999,222487576.90725,140068,67005.190,109684623.03007,0
1693800000000,1636.86,1639.59,1633.71,1638.06,96752.321,1693814399999,158371269.50732,90693,47375.214,77547874.25351,0
1693814400000,1638.07,1639.95,1630.25,1631.46,128286.140,1693828799999,209745366.26661,117404,60384.632,98722954.95544,0
1693828800000,1631.46,1634.18,1617.04,1625.33,339044.866,1693843199999,551700396.09853,312670,163943.738,266805245.53717,0
1693843200000,1625.33,1635.43,1624.62,1630.41,131931.871,1693857599999,214969106.39555,152021,69981.021,114036358.59465,0
1693857600000,1630.42,1634.00,1614.76,1630.09,255885.396,1693871999999,415720457.36876,236848,135370.623,219999118.46517,0
1693872000000,1630.08,1630.70,1608.45,1617.25,254663.884,1693886399999,412103862.89826,235095,120672.304,195252549.85118,0
1693886400000,1617.24,1627.52,1617.24,1624.33,180714.300,1693900799999,293128164.13377,141466,94340.910,153036109.13296,0
1693900800000,1624.32,1638.47,1620.00,1634.64,236327.932,1693915199999,385202590.79118,210450,121931.861,198778490.10741,0
1693915200000,1634.64,1648.00,1624.85,1636.03,448773.106,1693929599999,733798778.00886,420162,223772.181,365942422.05685,0
1693929600000,1636.02,1642.92,1631.31,1631.55,196698.018,1693943999999,321900147.56904,200047,96619.413,158126531.37045,0
1693944000000,1631.54,1633.76,1625.76,1633.63,127204.713,1693958399999,207320657.15160,113010,66051.769,107651596.48821,0
1693958400000,1633.63,1639.73,1630.86,1632.63,127773.547,1693972799999,208893830.29961,110037,59339.349,97002830.50317,0
1693972800000,1632.62,1633.07,1626.98,1628.41,132311.640,1693987199999,215614496.97498,117306,65867.545,107334821.31877,0
1693987200000,1628.41,1635.74,1628.11,1632.02,123061.309,1694001599999,200793178.80907,94611,62210.446,101511515.69512,0
1694001600000,1632.02,1634.91,1618.50,1622.49,342414.321,1694015999999,556604436.43396,303326,168506.780,273908216.10186,0
1694016000000,1622.50,1680.00,1606.74,1630.68,1017228.288,1694030399999,1664788719.68144,779757,522007.850,854523441.12599,0
1694030400000,1630.68,1634.46,1626.78,1632.33,92492.648,1694044799999,150886102.86289,100373,47359.993,77254130.20964,0
1694044800000,1632.33,1639.68,1631.01,1639.45,172504.370,1694059199999,282055680.75662,143013,92943.125,151982224.14476,0
1694059200000,1639.44,1642.10,1634.66,1635.16,152208.888,1694073599999,249339449.19836,125739,72961.570,119532924.79786,0
1694073600000,1635.17,1635.32,1625.00,1626.83,168231.347,1694087999999,274319532.13218,138137,71165.896,116039080.52928,0
1694088000000,1626.82,1633.30,1622.61,1629.85,315940.136,1694102399999,514488747.91613,257147,172328.969,280639753.19575,0
1694102400000,1629.85,1640.96,1629.21,1636.33,250989.714,1694116799999,410458029.06831,222199,125185.229,204726091.36702,0
1694116800000,1636.32,1659.70,1635.01,1647.27,511006.153,1694131199999,842172223.14787,425803,263653.325,434540842.34978,0
1694131200000,1647.25,1658.77,1643.19,1645.65,218046.577,1694145599999,359415515.85298,192148,108244.442,178410240.90934,0
1694145600000,1645.66,1653.00,1642.21,1646.10,201941.755,1694159999999,332708981.97555,193837,100504.379,165593968.17911,0
1694160000000,1646.10,1647.13,1615.00,1625.23,542264.370,1694174399999,882628208.54333,428820,257104.467,418368798.00026,0
1694174400000,1625.22,1634.28,1623.47,1627.89,238590.778,1694188799999,388769852.22767,203141,123039.221,200492005.69003,0
1694188800000,1627.89,1634.75,1623.83,1633.70,181393.986,1694203199999,295437462.55127,172244,94471.404,153878343.48945,0
1694203200000,1633.70,1638.17,1632.34,1635.78,99878.319,1694217599999,163347086.08606,107814,48660.284,79582557.13506,0
1694217600000,1635.77,1636.24,1632.59,1633.57,58333.081,1694231999999,95347504.68114,67336,27433.658,44841345.31104,0
1694232000000,1633.56,1635.20,1631.13,1633.73,61898.151,1694246399999,101080636.29856,65497,31342.496,51183435.17885,0
1694246400000,1633.73,1635.57,1632.50,1634.45,66474.294,1694260799999,108607099.02457,61912,34705.445,56705912.72090,0
1694260800000,1634.45,1636.92,1629.00,1634.47,129256.676,1694275199999,211031126.79546,120287,65094.114,106279791.20304,0
1694275200000,1634.48,1636.86,1631.42,1633.18,51532.356,1694289599999,84185774.51361,60489,24454.755,39949334.10976,0
1694289600000,1633.17,1636.50,1632.86,1634.80,43672.369,1694303999999,71388118.36565,49728,22791.551,37257303.50902,0
1694304000000,1634.81,1635.05,1625.70,1630.21,116874.753,1694318399999,190507642.13769,100941,55354.925,90230950.30762,0
1694318400000,1630.22,1630.38,1617.16,1624.14,245262.852,1694332799999,398145127.06058,197046,113037.149,183510800.84203,0
1694332800000,1624.14,1625.87,1618.10,1623.60,130313.428,1694347199999,211490751.20092,110916,67586.733,109700749.44173,0
1694347200000,1623.61,1627.99,1607.66,1618.90,269535.476,1694361599999,436466587.98549,217480,126185.673,204387578.94063,0
1694361600000,1618.90,1619.47,1590.00,1616.47,497412.855,1694375999999,800013994.47466,408758,240046.975,386217624.85615,0
1694376000000,1616.47,1627.86,1613.52,1616.47,273247.475,1694390399999,442967458.18708,239708,140083.776,227100946.52484,0
1694390400000,1616.46,1618.35,1602.06,1611.92,222466.737,1694404799999,358175293.25039,202142,115495.785,185957656.43102,0
1694404800000,1611.92,1617.56,1606.52,1611.60,175241.677,1694419199999,282542494.46457,150033,79102.383,127556499.44862,0
1694419200000,1611.59,1612.08,1573.78,1585.86,764628.969,1694433599999,1217294890.71552,601341,352215.909,560653474.65081,0
1694433600000,1585.87,1597.90,1547.78,1561.68,1228122.236,1694447999999,1927806053.92193,964115,601760.712,944859325.01352,0
1694448000000,1561.69,1567.52,1533.00,1538.60,550112.528,1694462399999,853713706.77091,539871,249042.065,386644104.26235,0
1694462400000,1538.60,1551.57,1528.61,1551.03,332760.501,1694476799999,513202149.67780,337272,168957.128,260631165.91339,0
1694476800000,1551.02,1594.37,1548.70,1584.08,622996.193,1694491199999,979788417.51571,513205,325848.196,512434752.40784,0
1694491200000,1584.08,1592.83,1573.34,1579.17,435324.355,1694505599999,688558390.10526,377471,221083.950,349688552.23804,0
1694505600000,1579.16,1626.78,1575.00,1608.79,658453.876,1694519999999,1055372548.78886,489819,356831.208,571823994.14661,0
1694520000000,1608.79,1613.03,1593.28,1602.95,504192.397,1694534399999,808236130.90006,477038,244991.133,392786133.64844,0
1694534400000,1602.95,1622.16,1583.45,1597.73,619876.654,1694548799999,991253781.38687,588915,307718.220,492268647.00573,0
1694548800000,1597.72,1603.79,1589.49,1592.29,146298.882,1694563199999,233563365.80550,179956,69903.174,111604941.65257,0
1694563200000,1592.29,1600.67,1585.75,1588.90,206740.886,1694577599999,329602682.34745,212009,97327.334,155207526.53613,0
1694577600000,1588.90,1602.77,1580.46,1583.69,346458.736,1694591999999,550565406.22067,335915,174480.421,277313741.90784,0
1694592000000,1583.69,1606.91,1582.00,1603.83,292082.084,1694606399999,466388302.06817,289649,156387.677,249727511.75522,0
1694606400000,1603.84,1620.00,1590.51,1607.31,588517.937,1694620799999,943385167.79601,546948,303038.953,485930752.50163,0
1694620800000,1607.31,1615.44,1594.50,1598.62,337342.079,1694635199999,541068655.51336,329075,167937.055,269387480.04034,0
1694635200000,1598.62,1609.24,1598.34,1606.68,98735.794,1694649599999,158437361.64646,100023,50978.456,81802268.50005,0
1694649600000,1606.69,1639.00,1606.02,1619.37,626482.320,1694663999999,1017787686.30387,512303,334692.262,543715476.81590,0
1694664000000,1619.36,1625.21,1611.36,1620.67,178326.375,1694678399999,288376461.22590,194869,89834.841,145289289.90290,0
1694678400000,1620.67,1626.69,1616.39,1623.90,177396.585,1694692799999,287562169.81793,192534,90269.797,146343841.99447,0
1694692800000,1623.89,1644.45,1615.85,1634.02,681465.642,1694707199999,1109581313.22864,609089,335830.476,546983687.75140,0
1694707200000,1634.02,1644.16,1625.40,1635.14,305100.062,1694721599999,498259620.29722,298807,160249.030,261719459.68448,0
1694721600000,1635.15,1637.42,1622.64,1625.65,149496.287,1694735999999,243469747.27262,173770,69249.337,112773563.04322,0
1694736000000,1625.65,1635.05,1621.14,1633.72,208759.791,1694750399999,340139293.26688,215670,111483.957,181660257.75498,0
1694750400000,1633.72,1635.19,1625.99,1627.18,117608.822,1694764799999,191702084.95160,148857,53501.596,87217193.63542,0
1694764800000,1627.19,1631.13,1616.66,1620.09,194025.403,1694779199999,315353908.76599,190595,92696.869,150686079.35324,0
1694779200000,1620.08,1625.05,1610.00,1618.62,297272.010,1694793599999,481035237.65024,304978,152898.505,247432546.38075,0
1694793600000,1618.61,1623.00,1616.60,1620.60,139740.654,1694807999999,226396591.00766,136097,73293.329,118748230.13765,0
1694808000000,1620.60,1653.91,1618.37,1640.67,469559.522,1694822399999,769475813.28788,436455,262299.717,429785750.38559,0
1694822400000,1640.66,1652.97,1637.55,1640.99,212896.226,1694836799999,349994727.54036,224570,101038.704,166130681.48004,0
1694836800000,1640.99,1641.60,1633.66,1636.21,151100.136,1694851199999,247459922.43122,149695,71928.905,117809484.01832,0
1694851200000,1636.21,1638.05,1630.37,1634.93,146138.139,1694865599999,238859336.78758,133346,73100.146,119494479.31826,0
1694865600000,1634.93,1638.61,1630.50,1633.71,103686.577,1694879999999,169498141.44157,111847,52743.678,86228149.87555,0
1694880000000,1633.71,1638.94,1630.67,1632.74,105867.153,1694894399999,173091442.92026,105014,51148.817,83638638.80289,0
1694894400000,1632.74,1637.27,1631.90,1633.68,59111.808,1694908799999,96622855.15303,67037,29221.522,47763160.09718,0
1694908800000,1633.68,1633.84,1618.00,1628.33,264209.789,1694923199999,429449748.16224,232246,129461.317,210439662.83188,0
1694923200000,1628.33,1630.95,1626.43,1626.85,80946.743,1694937599999,131840649.17356,87190,37741.626,61479563.43818,0
1694937600000,1626.85,1634.43,1626.33,1628.62,116029.008,1694951999999,189264956.40679,115591,57557.436,93890319.55810,0
1694952000000,1628.63,1631.41,1626.63,1628.61,86127.284,1694966399999,140322672.72629,94033,45815.239,74647083.66995,0
1694966400000,1628.61,1628.77,1616.68,1624.93,171680.652,1694980799999,278698291.56986,164730,78706.452,127776065.82442,0
1694980800000,1624.94,1626.16,1610.81,1621.62,227082.128,1694995199999,367395113.13164,218777,109004.111,176373059.52205,0
1694995200000,1621.63,1636.05,1598.58,1629.35,425319.859,1695009599999,689244580.85006,399090,211048.909,342175992.64031,0
1695009600000,1629.36,1638.00,1625.90,1633.22,237580.367,1695023999999,387665090.41699,218501,124367.112,202954632.74530,0
1695024000000,1633.21,1658.88,1629.98,1655.16,499928.954,1695038399999,822012535.36917,467201,264186.776,434421845.16527,0
1695038400000,1655.17,1668.64,1649.65,1654.70,538835.996,1695052799999,894007187.32221,506439,270045.814,448104625.13681,0
1695052800000,1654.69,1659.94,1632.00,1640.06,533676.226,1695067199999,876572650.51070,450613,256597.275,421522314.92465,0
1695067200000,1640.06,1641.52,1634.28,1635.63,134588.310,1695081599999,220427705.07530,140109,61565.441,100832424.92435,0
1695081600000,1635.63,1639.40,1625.02,1633.93,232471.852,1695095999999,379480652.92365,212110,110929.048,181100869.87048,0
1695096000000,1633.94,1637.88,1631.51,1635.42,106974.047,1695110399999,174957744.09343,104824,56140.849,91826795.09371,0
1695110400000,1635.41,1660.69,1635.12,1647.06,456373.820,1695124799999,751633772.79655,394379,229685.471,378233713.49623,0
1695124800000,1647.06,1658.96,1633.27,1656.32,527545.411,1695139199999,868143516.46439,474239,265909.751,437691921.05202,0
1695139200000,1656.31,1658.91,1639.21,1643.39,291435.931,1695153599999,480308184.57316,296841,141518.719,233253114.98745,0
1695153600000,1643.38,1643.98,1636.01,1642.49,161816.615,1695167999999,265447167.94138,174678,86392.347,141727300.54539,0
1695168000000,1642.48,1648.68,1635,1636.78,196632.094,1695182399999,322741255.24792,195838,90214.215,148100182.97067,0
1695182400000,1636.78,1638.62,1629.59,1633.84,209573.737,1695196799999,342487625.97471,210540,102433.539,167409569.16863,0
1695196800000,1633.84,1637.51,1616.33,1629.03,389816.926,1695211199999,634281713.49609,334038,185559.697,301958592.20217,0
1695211200000,1629.04,1633.70,1619.69,1628.41,305414.606,1695225599999,497046220.92924,307870,159312.121,259295081.57681,0
1695225600000,1628.40,1640,1602,1615.37,565773.854,1695239999999,918056893.80455,541887,266638.173,432870783.73313,0
1695240000000,1615.38,1629.36,1614.07,1621.60,205607.583,1695254399999,333539808.94760,225821,106531.795,172806541.25290,0
1695254400000,1621.60,1624.81,1612.50,1622.71,199369.571,1695268799999,322599047.93452,219086,101705.596,164577791.86788,0
1695268800000,1622.72,1624.05,1616.11,1617.48,126661.553,1695283199999,205270206.60120,144937,62063.328,100589556.81300,0
1695283200000,1617.47,1622.18,1585.81,1594.09,701473.426,1695297599999,1124761947.88287,623452,313457.158,502743564.98001,0
1695297600000,1594.08,1596.36,1565.50,1583,696870.051,1695311999999,1102001249.78650,624401,327369.547,517789937.10524,0
1695312000000,1583,1592.70,1581.26,1588.91,213601.411,1695326399999,339122887.64493,201534,105989.285,168281966.52102,0
1695326400000,1588.92,1589.62,1582.03,1583,111756.615,1695340799999,177165997.84402,122525,55457.981,87918484.60064,0
1695340800000,1583,1595.77,1575.46,1593.91,250544.405,1695355199999,397863424.90967,243037,129197.345,205210983.80501,0
1695355200000,1593.92,1597,1586.01,1595,166322.124,1695369599999,264838427.69709,143677,85916.297,136829436.83793,0
1695369600000,1595,1602.28,1592.13,1596.37,189526.660,1695383999999,302575248.86230,174491,93530.826,149325421.54607,0
1695384000000,1596.37,1600,1592.03,1592.65,209118.527,1695398399999,333726381.32769,203751,100956.030,161120937.96997,0
1695398400000,1592.65,1598.55,1585.80,1591.60,219868.851,1695412799999,349917238.24093,225890,105552.425,167998704.70325,0
1695412800000,1591.59,1594.54,1588.35,1592.28,86050.475,1695427199999,136995144.75269,93427,43392.877,69078141.82988,0
1695427200000,1592.28,1597.60,1589.50,1590.20,122691.197,1695441599999,195551328.50541,101396,60861.007,97000014.67581,0
1695441600000,1590.20,1594.86,1588.96,1593.73,78211.538,1695455999999,124542190.38203,64194,39861.104,63471619.82088,0
1695456000000,1593.73,1594.30,1590.24,1592.62,61433.749,1695470399999,97810190.07983,56453,31087.644,49494025.44526,0
1695470400000,1592.62,1594.50,1586.53,1589.75,99671.873,1695484799999,158511051.87732,92248,49270.624,78359512.40946,0
1695484800000,1589.75,1594.87,1588.08,1593.93,98350.339,1695499199999,156550665.91034,87201,52903.948,84204098.36528,0
1695499200000,1593.92,1594.85,1589.26,1592.97,52319.539,1695513599999,83282878.72411,56963,24398.075,38832837.16459,0
1695513600000,1592.97,1594.36,1589.95,1591.51,51742.304,1695527999999,82402123.66203,51792,26102.936,41570681.35947,0
1695528000000,1591.50,1592.36,1590.42,1591,40604.057,1695542399999,64610264.69057,46051,19272.989,30667003.13249,0
1695542400000,1590.99,1595.65,1590.99,1593.31,69824.561,1695556799999,111260871.17488,65534,39130.050,62351518.27636,0
1695556800000,1593.32,1595.98,1587.04,1589.87,114617.465,1695571199999,182528002.28763,93412,55882.180,89004643.08160,0
1695571200000,1589.87,1600.95,1576.48,1585.23,393457.299,1695585599999,625131480.65052,342177,196514.614,312291966.09332,0
1695585600000,1585.23,1590.75,1568.28,1579.99,214159.026,1695599999999,338604319.47718,211734,102869.801,162712772.91643,0
1695600000000,1579.99,1587.69,1562,1577,386165.249,1695614399999,608568433.26738,352049,192082.331,302763956.74124,0
1695614400000,1577,1581.33,1571.56,1580.51,182373.565,1695628799999,287556673.69302,186544,95967.292,151330754.54441,0
1695628800000,1580.52,1582.61,1565,1567.96,212934.819,1695643199999,334862798.67046,199524,99629.425,156700537.91840,0
1695643200000,1567.96,1589.47,1563,1583.88,377295.912,1695657599999,595033382.93142,338092,198475.926,313018584.39497,0
1695657600000,1583.88,1597.13,1583.88,1590.90,335216.867,1695671999999,533388569.40418,287047,179748.977,285993375.92383,0
1695672000000,1590.90,1595.99,1583.47,1587.69,130111.367,1695686399999,206750683.58693,124656,65503.085,104071634.08912,0
1695686400000,1587.68,1593.97,1585.32,1591.03,132671.672,1695700799999,210908107.93712,144216,67408.731,107166771.87851,0
1695700800000,1591.03,1594.56,1586,1588.21,125957.611,1695715199999,200226971.84190,132525,52115.563,82848844.79334,0
1695715200000,1588.20,1599.40,1584.89,1590.85,256722.741,1695729599999,408310422.46799,242172,135476.177,215497272.79967,0
1695729600000,1590.84,1593.20,1578.61,1582.17,307080.588,1695743999999,486823695.12763,286413,149641.194,237272213.19751,0
1695744000000,1582.18,1592.45,1581.04,1588.71,206746.629,1695758399999,328109815.48463,199097,111817.086,177452781.84675,0
1695758400000,1588.71,1595,1583.23,1593.30,157509.851,1695772799999,250344602.77025,162156,83490.828,132705022.47362,0
1695772800000,1593.30,1597.71,1588.54,1594.92,161406.693,1695787199999,257099938.73001,160062,82485.253,131406849.99428,0
1695787200000,1594.92,1596.95,1590,1591.71,134849.973,1695801599999,214735845.95588,137311,60373.653,96139836.70573,0
1695801600000,1591.70,1633.98,1589.35,1628.91,738095.431,1695815999999,1191124476.89538,611913,417378.260,673530733.78043,0
1695816000000,1628.91,1630.80,1591.10,1600.99,792379.074,1695830399999,1276317479.34187,652248,376591.989,606547073.21667,0
1695830400000,1600.98,1602.45,1582.64,1597,367147.947,1695844799999,585128309.94350,326234,167531.826,267023021.36860,0
1695844800000,1597,1599.04,1592.32,1597.89,111956.792,1695859199999,178657136.46065,126419,55924.738,89242296.24558,0
1695859200000,1597.89,1614.99,1597.17,1605.36,319739.911,1695873599999,513187497.81699,296567,167760.203,269261969.33675,0
1695873600000,1605.37,1621.20,1603.78,1618.44,268984.571,1695887999999,434068927.56183,249650,145288.236,234448403.10021,0
1695888000000,1618.44,1638.06,1613.59,1622.94,481270.041,1695902399999,782520429.60657,418348,249071.342,405093791.49661,0
1695902400000,1622.95,1654.51,1620.78,1652.02,830184.599,1695916799999,1358977383.47571,714011,445275.312,729033656.72468,0
1695916800000,1652.01,1668,1644,1657.59,735517.841,1695931199999,1219036575.00441,673828,369872.078,613081253.07029,0
1695931200000,1657.60,1660.71,1642.03,1652.13,197223.133,1695945599999,325733066.14207,228353,93320.842,154137632.89608,0
1695945600000,1652.13,1658.24,1647.50,1650.82,213840.986,1695959999999,353362634.49501,245343,106014.679,175196776.16308,0
1695960000000,1650.82,1687.65,1648,1685.59,483664.775,1695974399999,808061256.87825,393308,264580.114,442055097.13945,0
1695974400000,1685.60,1686,1666,1668.28,344565.830,1695988799999,576891454.30956,355267,162526.170,272068285.76989,0
1695988800000,1668.29,1683.99,1654.62,1671.38,598950.395,1696003199999,1000116429.92705,591677,302241.137,504767113.72577,0
1696003200000,1671.37,1672.60,1656,1664.61,254752.975,1696017599999,423890328.90836,251060,125274.118,208432647.30973,0
1696017600000,1664.60,1670.77,1663.18,1666.61,100329.544,1696031999999,167200964.13016,118307,52178.336,86967411.73076,0
1696032000000,1666.61,1671.99,1665.27,1669.63,97809.600,1696046399999,163214482.30843,121950,51507.191,85957372.46190,0
1696046400000,1669.63,1674.99,1668.94,1671.07,102472.720,1696060799999,171282034.17019,103692,51892.020,86733484.22233,0
1696060800000,1671.07,1678.86,1670.52,1675.06,130313.424,1696075199999,218243547.25030,125136,68152.666,114143871.59738,0
1696075200000,1675.06,1694.11,1672.02,1682.53,388099.452,1696089599999,652775467.75660,339828,210313.544,353821725.29102,0
1696089600000,1682.53,1685.61,1671,1678.27,203311.734,1696103999999,341268348.14902,203081,94853.330,159227706.20442,0
1696104000000,1678.28,1682.82,1666,1670.18,141580.383,1696118399999,236876479.14643,157129,60456.220,101188025.48552,0
1696118400000,1670.17,1677.90,1669.49,1673.69,94754.908,1696132799999,158550411.42269,107128,52877.296,88490394.56197,0
1696132800000,1673.69,1679.89,1672.56,1677.52,104335.311,1696147199999,174995657.84972,121432,52959.512,88819626.77896,0
1696147200000,1677.51,1692,1675.55,1687.88,294985.218,1696161599999,497107179.53471,271371,144833.230,244110622.74630,0
1696161600000,1687.89,1690.44,1676.68,1683.13,201983.821,1696175999999,340133130.19144,227625,96220.117,162032481.39719,0
1696176000000,1683.13,1683.94,1670.01,1675.51,189478.139,1696190399999,317590868.53826,189512,88691.176,148646361.94854,0
1696190400000,1675.52,1780,1666.69,1733.39,877202.031,1696204799999,1508796889.76433,895149,498885.158,858381898.87923,0
1696204800000,1733.40,1734.80,1717.66,1728.43,295626.655,1696219199999,510259161.85539,329329,147422.754,254475437.48762,0
1696219200000,1728.43,1733.94,1710,1729.48,337351.091,1696233599999,581501639.53811,345636,169200.825,291734590.97493,0
1696233600000,1729.48,1743.99,1723.85,1724.37,370461.249,1696247999999,641656315.37084,351612,178481.054,309206954.83388,0
1696248000000,1724.36,1733.80,1686.82,1690.96,813029.739,1696262399999,1392150066.67485,722783,396707.759,679551488.34845,0
1696262400000,1690.96,1693.08,1619.99,1673.59,889932.647,1696276799999,1485724256.82963,864811,422634.083,705993454.51752,0
1696276800000,1673.58,1673.59,1632.51,1661.49,433657.741,1696291199999,718546080.33931,487882,208947.756,346208280.45342,0
1696291200000,1661.49,1667.97,1659.19,1665,186844.164,1696305599999,310913037.57543,210513,92684.059,154243045.09871,0
1696305600000,1665,1669.94,1660.87,1661.64,156696.241,1696319999999,260949902.19501,181947,76431.506,127300097.81046,0
1696320000000,1661.64,1666.94,1649.05,1655.77,271405.024,1696334399999,449920108.57468,281426,140334.239,232630647.44469,0
1696334400000,1655.77,1662.85,1642.03,1647.60,472396.534,1696348799999,780290586.21445,511054,232759.261,384542513.39413,0
1696348800000,1647.61,1658,1645.43,1649.72,265359.259,1696363199999,438376641.96101,288987,138643.818,229057737.28569,0
1696363200000,1649.72,1659.47,1645,1656.18,221485.595,1696377599999,366270653.97866,239707,110758.147,183168190.34862,0
1696377600000,1656.19,1657.05,1615,1641.11,427049.885,1696391999999,699789772.98800,434158,194110.611,318213475.91410,0
1696392000000,1641.11,1644.26,1635.05,1644.25,158606.937,1696406399999,260014486.59674,164564,79803.865,130845758.16208,0
1696406400000,1644.25,1652.32,1642.80,1645.99,189275.766,1696420799999,311730629.31737,190821,98634.998,162463232.51553,0
1696420800000,1645.98,1649.59,1626.22,1631.90,406743.036,1696435199999,665696474.44743,399973,194192.965,317845479.52403,0
1696435200000,1631.90,1654.20,1631,1642.08,398754.437,1696449599999,655102779.17687,401470,208338.520,342286218.32860,0
1696449600000,1642.09,1652.11,1639.68,1645.75,180229.297,1696463999999,296650428.35338,209194,96236.845,158416731.30421,0
1696464000000,1645.76,1655.13,1641.10,1641.38,181290.086,1696478399999,298549332.68374,226207,90268.114,148676600.12064,0
1696478400000,1641.38,1645.51,1631.12,1635.36,184088.352,1696492799999,301485987.41412,188369,82428.652,135000348.71938,0
1696492800000,1635.37,1641.52,1634.03,1635.70,155826.685,1696507199999,255194934.67271,154363,83577.660,136887253.53330,0
1696507200000,1635.70,1648.85,1601.28,1617.40,882588.319,1696521599999,1438896275.97355,773913,412647.429,673104367.48774,0
1696521600000,1617.40,1620.85,1605.13,1616.01,395844.724,1696535999999,639339118.09628,429406,201969.960,326250367.87557,0
1696536000000,1616,1618.93,1609.07,1611.23,129425.707,1696550399999,208952373.31892,174588,65336.289,105486716.52911,0
1696550400000,1611.24,1624.77,1611.18,1623.59,174804.060,1696564799999,283172438.38199,193766,88876.128,143948519.48786,0
1696564800000,1623.59,1632.19,1618,1630.34,194175.043,1696579199999,315461720.64977,197531,103689.896,168485596.67189,0
1696579200000,1630.34,1639.45,1627.61,1634,314011.498,1696593599999,512854845.76527,288191,148952.267,243289556.73911,0
1696593600000,1633.99,1649,1610.59,1642.16,805454.725,1696607999999,1313852226.89287,758716,414517.543,676305610.36324,0
1696608000000,1642.16,1656.09,1633.42,1645.50,364558.827,1696622399999,599426526.98793,400284,185579.126,305235745.02267,0
1696622400000,1645.52,1664.60,1642.10,1644.33,225436.792,1696636799999,372080936.69780,262684,113769.598,187829635.60180,0
1696636800000,1644.32,1647.16,1638.93,1640.63,133752.367,1696651199999,219760497.19070,143269,61616.681,101246074.83365,0
1696651200000,1640.64,1642.61,1635.15,1636,104659.018,1696665599999,171493590.21023,122875,47903.208,78498248.82097,0
1696665600000,1636,1642.59,1635.09,1637.89,139626.926,1696679999999,228869656.83308,152661,72208.744,118359697.78591,0
1696680000000,1637.88,1642.74,1634,1637.83,122317.388,1696694399999,200445966.00186,143090,62900.282,103087785.01882,0
1696694400000,1637.83,1638.81,1629.03,1630.05,152625.134,1696708799999,249450962.01029,155166,78774.496,128770899.60434,0
1696708800000,1630.06,1635.51,1629.50,1633.18,76990.671,1696723199999,125700733.53598,86113,41260.226,67359127.25027,0
1696723200000,1633.17,1640.90,1632.73,1638.47,113024.320,1696737599999,184994076.04363,130364,59710.046,97733030.62113,0
1696737600000,1638.46,1639.20,1622.65,1628.14,187092.044,1696751999999,304910208.33504,189462,83860.871,136633600.22039,0
1696752000000,1628.13,1628.95,1615.19,1617.25,246887.258,1696766399999,400322788.43890,228086,117487.988,190484030.76526,0
1696766400000,1617.25,1637.42,1616.51,1630.63,315376.672,1696780799999,513388830.37371,309886,165687.787,269744327.66489,0
1696780800000,1630.64,1638.76,1628.49,1634.86,163052.035,1696795199999,266235518.09903,180906,89232.575,145716705.69314,0
1696795200000,1634.86,1637.72,1626.61,1632.02,127908.383,1696809599999,208733401.21476,158553,60502.137,98728967.64313,0
1696809600000,1632.03,1635.81,1622.63,1632.98,191777.461,1696823999999,312409190.62192,217532,92880.325,151326634.62750,0
1696824000000,1632.97,1634.19,1616.16,1620,190143.387,1696838399999,308849903.04126,199553,85459.888,138807446.59400,0
1696838400000,1620,1621.23,1580.09,1589.76,825601.566,1696852799999,1321082661.32138,654884,386709.669,618764115.98139,0
1696852800000,1589.76,1596.96,1582.36,1585.64,412331.203,1696867199999,655336092.47297,338391,200061.109,317997139.98725,0
1696867200000,1585.63,1586.55,1544.30,1580.79,1185750.230,1696881599999,1861425691.83965,906566,554319.209,870594436.36428,0
1696881600000,1580.79,1583.36,1572.81,1579.40,144520.202,1696895999999,228059760.94557,151838,76892.476,121351492.65554,0
1696896000000,1579.39,1592.34,1575.27,1584.10,226016.675,1696910399999,357724438.55484,207779,117053.994,185286943.51848,0
1696910400000,1584.11,1593.71,1581.89,1589.52,203758.033,1696924799999,323557972.14662,177619,111172.319,176548349.73357,0
1696924800000,1589.52,1594.40,1577.25,1578.70,283620.702,1696939199999,449884670.25189,248582,126735.986,201074324.94147,0
1696939200000,1578.70,1587.98,1562.71,1567.25,670948.182,1696953599999,1056510277.74870,547112,329536.367,519012219.70561,0
1696953600000,1567.26,1572.23,1556.56,1565.25,450559.102,1696967999999,704466378.66335,449515,228056.565,356601177.41764,0
1696968000000,1565.26,1569.68,1545.60,1566.89,241972.313,1696982399999,377625650.26149,247296,113209.537,176749389.94196,0
1696982400000,1566.89,1575.38,1541.78,1555.76,451897.652,1696996799999,705125292.81923,395335,218817.601,341553390.17633,0
1696996800000,1555.75,1561,1547.20,1556.16,276379.058,1697011199999,429934648.15003,249073,138898.718,216113901.51473,0
1697011200000,1556.15,1577.89,1555.55,1572.04,446811.709,1697025599999,701637080.79147,387153,231976.877,364221233.21597,0
1697025600000,1572.05,1575.98,1553.05,1558.77,550276.382,1697039999999,861459606.11193,483981,271343.096,424836042.37433,0
1697040000000,1558.78,1566.32,1547.99,1562.43,496772.635,1697054399999,772884507.14285,469425,256018.946,398383592.79646,0
1697054400000,1562.43,1568.88,1560.17,1566.07,159683.547,1697068799999,249750446.42978,165051,70172.676,109764069.55404,0
1697068800000,1566.08,1568.06,1555.37,1560.99,215436.416,1697083199999,336282529.46536,210156,110200.019,172018742.60506,0
1697083200000,1560.99,1566.27,1557.12,1558.64,177288.551,1697097599999,276876404.95407,161270,81028.848,126555339.01213,0
1697097600000,1558.64,1560.35,1533.21,1551.49,584323.924,1697111999999,904062530.50883,431041,279385.672,432319113.63626,0
1697112000000,1551.49,1553.42,1537.28,1540.96,468601.054,1697126399999,724344940.62714,432619,220175.277,340366248.53062,0
1697126400000,1540.96,1544.60,1514.50,1530.74,702776.099,1697140799999,1075167852.92980,578157,333146.285,509815191.16446,0
1697140800000,1530.74,1539.77,1529.65,1538.81,150764.079,1697155199999,231528312.52319,156113,75838.842,116455112.86620,0
1697155200000,1538.82,1546.96,1537.27,1538.25,201039.824,1697169599999,309989061.50682,189138,95144.766,146709393.57569,0
1697169600000,1538.25,1554.25,1538.06,1548.67,232456.720,1697183999999,359168462.63357,204346,129111.460,199506263.43581,0
1697184000000,1548.66,1551.79,1541.83,1546.01,203435.653,1697198399999,314669280.49471,178139,96754.156,149655220.19074,0
1697198400000,1546.01,1553.19,1536.65,1538.76,334945.091,1697212799999,517610700.20788,302473,161642.269,249827752.60981,0
1697212800000,1538.77,1548.53,1538.44,1545.26,200369.330,1697227199999,309393293.67111,200916,102509.976,158291867.44794,0
1697227200000,1545.26,1575.53,1542.74,1551.55,623234.810,1697241599999,971140156.90152,497017,314237.896,489676851.53360,0
1697241600000,1551.55,1555.95,1548.64,1552.96,158178.357,1697255999999,245631222.42176,131776,83047.805,128975920.18061,0
1697256000000,1552.96,1553.84,1544.22,1547.34,144184.778,1697270399999,223283664.54419,135944,67967.530,105267572.82913,0
1697270400000,1547.35,1549.04,1543.83,1546.58,87560.958,1697284799999,135447844.88679,98581,45386.954,70212974.82489,0
1697284800000,1546.59,1557.76,1545.42,1555.66,153666.839,1697299199999,238349438.23363,133428,90647.970,140637142.75861,0
1697299200000,1555.65,1558.40,1551.81,1554.55,138381.335,1697313599999,215168496.86726,124484,67573.925,105084163.48520,0
1697313600000,1554.55,1561.70,1552.60,1554.15,109755.035,1697327999999,170785255.26486,110919,54693.273,85110395.13012,0
1697328000000,1554.15,1557,1548.74,1553.79,111621.864,1697342399999,173434022.93506,110983,54919.430,85339201.54297,0
1697342400000,1553.79,1554.51,1551.59,1554.29,49263.759,1697356799999,76507733.63079,59114,23641.943,36717567.72739,0
1697356800000,1554.29,1559.71,1553.20,1554.75,101309.142,1697371199999,157664535.66732,103560,51304.316,79849903.97840,0
1697371200000,1554.75,1559.97,1546.14,1553.13,228037.037,1697385599999,354264319.38289,202962,113517.029,176388412.56418,0
1697385600000,1553.12,1564.99,1549.51,1559.76,200287.315,1697399999999,312177152.23917,186760,104008.558,162099936.73988,0
1697400000000,1559.77,1567,1552,1557.25,309994.153,1697414399999,483361861.57325,266410,157851.334,246118015.61738,0
1697414400000,1557.25,1566.50,1554.10,1562.25,160951.377,1697428799999,251224368.23484,182567,77574.083,121084940.92986,0
1697428800000,1562.25,1588.51,1559.72,1578.02,668085.234,1697443199999,1055038007.27755,508465,342067.988,540020858.38046,0
1697443200000,1578.02,1586.56,1574.14,1582,243832.534,1697457599999,385474295.47565,213917,128768.637,203580373.03451,0
1697457600000,1582,1642,1565,1577.04,1709516.661,1697471999999,2733040761.23460,1340705,877290.946,1402856793.23325,0
1697472000000,1577.05,1601.93,1572.34,1589.17,433978.770,1697486399999,688321935.21868,386423,215619.374,341949707.16847,0
1697486400000,1589.16,1604.30,1576.78,1598.61,297542.753,1697500799999,473881973.59577,272631,151857.154,241868121.13559,0
1697500800000,1598.61,1599.83,1587.50,1588.51,190582.859,1697515199999,303715719.69328,190106,87332.738,139178305.01307,0
1697515200000,1588.51,1591.67,1581.73,1589.66,232663.709,1697529599999,369052938.10625,195069,119907.848,190209837.52101,0
1697529600000,1589.66,1593.75,1581.53,1583.59,240671.152,1697543999999,381931502.81165,197932,116170.789,184381772.48235,0
1697544000000,1583.58,1585.24,1562,1574.67,574140.825,1697558399999,903739207.99390,488259,279563.246,440078899.25677,0
1697558400000,1574.66,1579.70,1541,1563.48,421605.404,1697572799999,658871466.03802,380128,200476.991,313362413.75242,0
1697572800000,1563.48,1565.39,1556.62,1563.99,161498.532,1697587199999,252264000.58267,162302,80801.927,126218825.76794,0
1697587200000,1564,1571.46,1561.30,1567.41,190236.668,1697601599999,297893194.80070,187134,91053.515,142593250.77413,0
1697601600000,1567.41,1581.97,1565.44,1571.60,393866.754,1697615999999,619419343.68559,339078,204047.810,320955586.05848,0
1697616000000,1571.60,1584.90,1568,1578.03,363084.187,1697630399999,572709251.04271,299679,178528.212,281602722.08531,0
1697630400000,1578.02,1581.15,1567.81,1569.48,323464.180,1697644799999,509099864.26178,284363,165201.789,260034807.33124,0
1697644800000,1569.48,1574.31,1561.98,1562.25,220837.723,1697659199999,346386508.98365,206195,112698.474,176781294.64514,0
1697659200000,1562.25,1565.33,1554.70,1562.65,231228.340,1697673599999,360921634.29178,198305,115671.454,180568970.83528,0
1697673600000,1562.66,1566.66,1539,1548.53,426544.639,1697687999999,661610530.73637,332262,197183.457,305861057.77337,0
1697688000000,1548.53,1552.83,1544.90,1551.08,172882.892,1697702399999,267947449.28210,148279,85764.244,132931361.44552,0
1697702400000,1551.07,1554.87,1540.53,1553.12,299924.034,1697716799999,464609688.36087,236417,148250.594,229694731.94592,0
1697716800000,1553.13,1565,1550.02,1560.34,388501.783,1697731199999,604876064.17059,353628,198973.902,309809087.00535,0
1697731200000,1560.34,1574.34,1559,1567.26,438585.724,1697745599999,686384422.84211,371508,230634.461,360965917.20689,0
1697745600000,1567.26,1572.95,1562.24,1565.89,187755.739,1697759999999,294085331.75278,159986,88960.616,139353136.44468,0
1697760000000,1565.90,1594.59,1560.37,1586.11,506280.576,1697774399999,799977458.29921,446983,270812.587,427851352.13210,0
1697774400000,1586.12,1589,1578.11,1582.76,294109.098,1697788799999,465523208.73573,267737,148593.364,235217087.62728,0
1697788800000,1582.77,1630.01,1582.15,1612.52,980131.757,1697803199999,1579708712.74059,813455,512881.262,826543579.07102,0
1697803200000,1612.52,1615.81,1596.62,1604.81,478610.681,1697817599999,768613756.75706,440665,242639.832,389666176.77468,0
1697817600000,1604.81,1609.43,1596.31,1606.25,198838.804,1697831999999,319098296.69845,227009,97015.538,155699427.83215,0
1697832000000,1606.24,1609.47,1601.36,1603.14,133342.719,1697846399999,214152207.86765,153895,65933.087,105892011.27865,0
1697846400000,1603.15,1605.78,1591.25,1596.75,202411.901,1697860799999,323300825.51398,187695,91461.339,146073846.53751,0
1697860800000,1596.75,1606.50,1596.38,1605.67,154266.856,1697875199999,247011358.40601,151968,85631.348,137110569.04127,0
1697875200000,1605.67,1609.33,1601.91,1608.08,163950.895,1697889599999,263211607.35488,154250,79114.098,127029989.70304,0
1697889600000,1608.07,1628.98,1601.87,1627.63,403003.736,1697903999999,651423127.15604,366128,211363.651,341686161.59459,0
1697904000000,1627.64,1643.84,1619.15,1634.16,554273.766,1697918399999,904286643.96741,484522,283535.938,462701295.71799,0
1697918400000,1634.16,1635.29,1625.15,1628.29,152711.655,1697932799999,248762700.66115,161410,71917.483,117148496.98971,0
1697932800000,1628.29,1640.96,1622.27,1628.72,256639.843,1697947199999,418334432.52129,240863,123357.278,201113314.20961,0
1697947200000,1628.72,1650.41,1622.32,1629.43,468795.340,1697961599999,767501667.60383,424279,231155.670,378532436.15720,0
1697961600000,1629.43,1635.24,1623.53,1627.76,236444.208,1697975999999,385328006.44997,258095,118712.899,193487127.81930,0
1697976000000,1627.75,1636.87,1620,1625.05,286206.289,1697990399999,466019695.58264,261039,140068.252,228096904.66719,0
1697990400000,1625.04,1640.70,1623.41,1634.34,218992.224,1698004799999,357650735.34666,216227,119253.789,194745187.29310,0
1698004800000,1634.33,1667.50,1633.18,1662.83,455480.072,1698019199999,752979116.16940,432598,246362.471,407278959.99946,0
1698019200000,1662.82,1702.11,1656.25,1693.62,791863.340,1698033599999,1329505444.60823,777206,410578.103,689508147.83102,0
1698033600000,1693.62,1705.25,1670.34,1675.52,614746.748,1698047999999,1039116210.84304,570023,287466.292,485993764.29962,0
1698048000000,1675.52,1683.72,1661.20,1675.99,430465.593,1698062399999,720354101.68398,369469,211211.621,353488549.44181,0
1698062400000,1675.99,1684.80,1662.50,1675.63,478265.353,1698076799999,801162484.08026,458228,233198.930,390703505.27890,0
1698076800000,1675.62,1712,1670,1707.85,923667.574,1698091199999,1562052549.67231,896232,473584.336,801079334.11688,0
1698091200000,1707.85,1803,1702.50,1766.35,1801476.038,1698105599999,3149948527.37015,1825961,932685.406,1630879591.85186,0
1698105600000,1766.35,1850,1757.73,1808.74,1414124.126,1698119999999,2550927714.34034,1677507,713935.441,1287855221.00406,0
1698120000000,1808.73,1837,1800.02,1809.82,609467.835,1698134399999,1106229867.74423,768759,301106.482,546641403.04153,0
1698134400000,1809.82,1846.08,1806.77,1845.79,616035.821,1698148799999,1126200689.02039,678413,299869.606,548266312.60348,0
1698148800000,1845.78,1854.87,1761.29,1777.67,1395068.523,1698163199999,2523766336.53735,1443919,659702.671,1193338992.78923,0
1698163200000,1777.66,1800.18,1755.28,1776.60,661614.353,1698177599999,1176827697.22933,809657,334390.509,594919793.43192,0
1698177600000,1776.60,1796.07,1762.72,1784.31,452001.837,1698191999999,805172837.51136,534509,228424.020,406919589.32634,0
1698192000000,1784.30,1806.38,1776.58,1788.46,429227.657,1698206399999,769196526.34775,507342,211264.471,378650590.32191,0
1698206400000,1788.47,1795.27,1760.12,1768.85,381358.177,1698220799999,679023436.36669,458487,178491.524,317788578.34379,0
1698220800000,1768.85,1794,1759.16,1785.76,438120.847,1698235199999,779165021.75134,493461,232610.151,413737941.29512,0
1698235200000,1785.76,1818.55,1778.22,1806.36,697685.236,1698249599999,1254505246.48294,865303,356092.202,640416293.37871,0
1698249600000,1806.35,1815.40,1778.74,1789.46,468302.259,1698263999999,839785175.32076,672686,227418.116,407872749.45358,0
1698264000000,1789.48,1796.27,1774.94,1786.71,291491.779,1698278399999,520946296.94684,393270,136569.731,244086893.53102,0
1698278400000,1786.70,1817.32,1778.67,1816.01,378673.579,1698292799999,680140526.82935,460816,199955.551,359323402.80179,0
1698292800000,1816.01,1859,1790.20,1850.56,776192.317,1698307199999,1417657873.62293,733531,397700.103,726369529.25546,0
1698307200000,1850.57,1872.64,1802.91,1812.89,1025849.405,1698321599999,1884107580.99725,1049934,500734.974,919745488.04061,0
1698321600000,1812.90,1825.59,1763.50,1778.04,1062369.209,1698335999999,1904810688.48959,1033967,511323.434,916939314.77798,0
1698336000000,1778.05,1794.42,1757.25,1792.51,528813.248,1698350399999,940025909.45157,544528,260053.759,462408860.94559,0
1698350400000,1792.50,1811.85,1790.26,1803.30,274506.672,1698364799999,494468456.24439,301646,133121.985,239813609.94536,0
1698364800000,1803.31,1803.92,1772,1791.26,414316.763,1698379199999,741264307.57539,439040,195898.316,350486951.51554,0
1698379200000,1791.25,1796.94,1776,1776.80,304133.844,1698393599999,544199207.53334,326515,149882.897,268260882.57052,0
1698393600000,1776.79,1791.62,1774.88,1781.44,293819.315,1698407999999,524068618.62399,276312,145075.709,258764880.66310,0
1698408000000,1781.43,1797.75,1770.30,1783.32,605533.371,1698422399999,1080179867.57535,555739,305198.934,544455592.22945,0
1698422400000,1783.33,1785.30,1735.50,1774.60,636568.053,1698436799999,1122318958.79618,593216,301035.170,530882368.49726,0
1698436800000,1774.61,1785.06,1773.99,1780.02,185736.635,1698451199999,330541443.49471,201613,90204.241,160535856.58460,0
1698451200000,1780.03,1795,1779.09,1790.69,191112.094,1698465599999,341365293.70845,212272,98383.771,175755720.58440,0
1698465600000,1790.70,1796.60,1785.80,1788.23,135124.360,1698479999999,241844920.68940,159152,66788.495,119544147.80810,0
1698480000000,1788.24,1806.23,1785.90,1788.39,239976.202,1698494399999,430396713.52062,248659,118876.216,213225439.60921,0
1698494400000,1788.39,1792.63,1775.39,1791.37,257328.693,1698508799999,459404502.12876,247624,132057.067,235776855.34716,0
1698508800000,1791.36,1791.76,1777.06,1777.70,117355.120,1698523199999,209410603.73979,137548,52938.456,94454280.58626,0
1698523200000,1777.71,1784.15,1767.37,1776.76,133647.255,1698537599999,237542093.77742,157875,63903.189,113600329.06850,0
1698537600000,1776.76,1782.50,1762.49,1775.41,189883.625,1698551999999,336820856.68218,209970,94566.222,167760171.14761,0
1698552000000,1775.41,1784.68,1773.15,1783.47,114903.654,1698566399999,204442845.25332,128764,61761.762,109900344.03833,0
1698566400000,1783.48,1794,1783.32,1789.50,206191.273,1698580799999,368814316.14701,206351,110601.655,197839189.59888,0
1698580800000,1789.50,1802,1788.36,1792.62,287532.374,1698595199999,516127544.66792,293297,139213.345,249907412.87214,0
1698595200000,1792.62,1809.39,1786.48,1793.67,291517.525,1698609599999,523954169.44945,297189,144256.895,259294313.24304,0
1698609600000,1793.66,1813.10,1791.57,1795.49,225087.997,1698623999999,405398214.24123,244076,111401.564,200652159.30619,0
1698624000000,1795.48,1798.96,1778.45,1783.19,280040.170,1698638399999,500985699.29663,294675,130316.108,233165878.23744,0
1698638400000,1783.19,1792.85,1778.03,1787.32,235330.559,1698652799999,420199552.60194,240151,127598.296,227864127.82524,0
1698652800000,1787.32,1829.12,1784.47,1816.29,680834.742,1698667199999,1235648838.23033,575253,350123.081,635357650.03127,0
1698667200000,1816.29,1832.65,1805.68,1820.84,465167.475,1698681599999,845836036.16094,458726,236363.171,429868104.66416,0
1698681600000,1820.83,1820.84,1776.94,1802.64,455783.838,1698695999999,819415904.99975,446866,214208.534,385129754.45659,0
1698696000000,1802.65,1817.86,1797.37,1809.81,217660.720,1698710399999,393424258.27771,209945,108193.087,195586197.17231,0
1698710400000,1809.82,1820.91,1793.88,1795.81,320997.836,1698724799999,580063091.82586,306492,147230.708,266088435.60769,0
1698724800000,1795.80,1805.44,1786.24,1791.26,294137.580,1698739199999,528458298.63956,297951,143165.777,257245847.25269,0
1698739200000,1791.20,1815,1782.75,1810.16,353932.970,1698753599999,637389201.99220,358181,174822.510,314909057.49965,0
1698753600000,1810.23,1813.63,1781,1792.26,618873.505,1698767999999,1111467598.88780,587954,301245.968,541005270.94931,0
1698768000000,1792.26,1816.09,1788.34,1812.43,335603.376,1698782399999,605445631.24842,318678,172003.517,310309149.70973,0
1698782400000,1812.43,1818.95,1802.68,1815.67,232319.849,1698796799999,420935241.63123,242443,118040.080,213897773.54346,0
1698796800000,1815.66,1831.28,1808.61,1810.90,351662.639,1698811199999,639489560.46010,331127,176869.847,321696959.72827,0
1698811200000,1810.90,1811.38,1798.01,1805.44,246551.954,1698825599999,445038132.63903,234677,127524.201,230201337.47032,0
1698825600000,1805.44,1809.14,1792.81,1800.71,270791.843,1698839999999,487555311.97383,242394,135978.395,244835213.01971,0
1698840000000,1800.71,1829,1782.73,1792.94,1027875.186,1698854399999,1853836372.90367,853502,489867.844,883627980.66210,0
1698854400000,1792.95,1853.32,1792.55,1836.87,938996.225,1698868799999,1711008015.39236,838449,474893.104,865643520.64625,0
1698868800000,1836.86,1861.63,1836.67,1848.20,760792.298,1698883199999,1406379296.82028,691250,386078.780,713724531.44344,0
1698883200000,1848.20,1876.26,1841.20,1859.71,619816.965,1698897599999,1153138636.09484,600758,316709.850,589305299.03677,0
1698897600000,1859.72,1861.38,1828.55,1836.13,516741.933,1698911999999,952123451.57238,459617,244901.037,451200017.05508,0
1698912000000,1836.13,1841.78,1821.10,1837.14,339677.431,1698926399999,622426542.36431,318290,162509.574,297798238.42489,0
1698926400000,1837.14,1844.29,1800.27,1803.51,733560.486,1698940799999,1335403443.84082,655225,346366.727,630755908.52581,0
1698940800000,1803.51,1812.74,1784,1812.49,479663.124,1698955199999,863337967.86516,452316,223397.781,402192313.19918,0
1698955200000,1812.49,1813.72,1791.84,1800.68,213307.127,1698969599999,384287321.84766,258863,100126.427,180370854.31549,0
1698969600000,1800.68,1803.10,1775.36,1798.29,418584.738,1698983999999,749221334.40832,472310,200739.017,359407031.97384,0
1698984000000,1798.28,1802.01,1787.37,1798.74,245848.268,1698998399999,441471596.94912,272376,122538.385,220066431.84888,0
1698998400000,1798.74,1804.82,1780.51,1789.95,368799.658,1699012799999,660603544.15961,397655,179972.182,322399414.35145,0
1699012800000,1789.95,1814.37,1784.79,1812.79,467407.058,1699027199999,842584814.49862,460665,240264.272,433141957.64037,0
1699027200000,1812.79,1824.37,1798.14,1816.89,509072.354,1699041599999,922947307.77875,454625,250210.991,453702757.85815,0
1699041600000,1816.90,1834.32,1814.68,1832.49,274934.853,1699055999999,502628893.49614,275454,141191.330,258117969.09049,0
1699056000000,1832.49,1840,1823.32,1834.72,235618.582,1699070399999,431614630.16441,235952,117785.660,215803732.93398,0
1699070400000,1834.71,1840,1825.56,1833.77,229271.499,1699084799999,420275278.35233,223421,110641.214,202836691.48585,0
1699084800000,1833.77,1847.99,1830.46,1837.38,288994.594,1699099199999,532045518.64304,289492,140892.914,259417958.23092,0
1699099200000,1837.37,1840.99,1827.92,1832.01,174032.403,1699113599999,319262670.66184,188060,85138.781,156186638.05859,0
1699113600000,1832.01,1840.97,1831.21,1835.72,113608.693,1699127999999,208656604.12826,131701,61887.967,113666947.28505,0
1699128000000,1835.73,1870.68,1834.26,1856.08,327208.877,1699142399999,606894405.12542,311063,171961.400,318983491.58529,0
1699142400000,1856.08,1896.50,1846.21,1889.85,466949.436,1699156799999,871314088.02748,408447,259870.605,485121084.51946,0
1699156800000,1889.84,1895.37,1876.70,1885.81,419964.908,1699171199999,791755167.79212,374704,207200.490,390656648.06480,0
1699171200000,1885.82,1898.96,1878.40,1888.80,367536.877,1699185599999,693746631.03209,326573,181029.099,341773103.29698,0
1699185600000,1888.87,1902.72,1865,1874.91,650285.055,1699199999999,1224744638.42324,575031,321679.552,606084140.25128,0
1699200000000,1874.91,1914.96,1873.51,1889.17,553524.404,1699214399999,1050166967.70478,489969,282055.095,535125836.76669,0
1699214400000,1889.18,1912.97,1852.91,1892.49,590739.965,1699228799999,1112974994.71763,505896,292871.721,552051650.47405,0
1699228800000,1892.49,1901.40,1880.99,1887.98,288320.674,1699243199999,544973536.53330,298081,143591.177,271417099.46793,0
1699243200000,1888,1890.54,1869.13,1879,289098.448,1699257599999,542831259.52915,280211,139501.648,261959826.77204,0
1699257600000,1879,1899.87,1873.43,1899.39,334308.081,1699271999999,631861132.71967,315349,171270.472,323691668.56081,0
1699272000000,1899.39,1916.80,1888.77,1901.88,728950.760,1699286399999,1388277296.89185,665378,357746.654,681399233.92892,0
1699286400000,1901.89,1904.98,1886.08,1902.62,438171.782,1699300799999,830547941.65997,368895,215414.057,408346206.77070,0
1699300800000,1902.62,1907.87,1881.30,1901.71,281268.828,1699315199999,533255029.94535,278122,135451.723,256808279.08964,0
1699315200000,1901.72,1904.69,1877.94,1891,373267.364,1699329599999,705636888.19826,371560,178487.608,337463412.73183,0
1699329600000,1890.99,1897.54,1886.33,1892.59,177849.840,1699343999999,336508639.45827,191010,85522.727,161826785.90071,0
1699344000000,1892.59,1895.72,1866.83,1873.98,477169.815,1699358399999,896035940.84037,432387,224005.630,420667619.32709,0
1699358400000,1873.99,1880.78,1857.04,1863.85,452829.725,1699372799999,847147376.65903,413478,221519.242,414529831.30421,0
1699372800000,1863.85,1901.76,1850.10,1895.18,835708.661,1699387199999,1570441501.51372,666286,425086.191,798985004.60549,0
1699387200000,1895.19,1908.47,1872.31,1885.79,430829.069,1699401599999,814635568.76251,384781,214392.333,405460748.88277,0
1699401600000,1885.79,1893.61,1880.53,1883.09,182590.974,1699415999999,344532572.09031,186471,87324.936,164774509.20807,0
1699416000000,1883.09,1887.59,1873.13,1875.46,180523.413,1699430399999,339345343.65406,179170,90317.306,169799024.66951,0
1699430400000,1875.46,1889.82,1874.04,1881.10,198227.724,1699444799999,373282401.08889,196092,98862.872,186160566.71716,0
1699444800000,1881.11,1893.51,1880.10,1889.62,270656.319,1699459199999,510526048.22697,251812,128568.234,242528512.70162,0
1699459200000,1889.62,1906.20,1887.09,1900.04,382568.059,1699473599999,725916160.19657,371362,190582.030,361660064.15480,0
1699473600000,1900.04,1906.01,1883.02,1888.42,457153.988,1699487999999,865346113.43583,414589,224002.968,424048467.57992,0
1699488000000,1888.42,1930,1881.79,1919.66,793914.083,1699502399999,1516179283.33694,639314,415932.554,794505848.14428,0
1699502400000,1919.65,1930.70,1910.01,1912.50,467067.497,1699516799999,897344134.49168,425620,226201.666,434646710.58707,0
1699516800000,1912.49,1920.64,1904.49,1913.91,441923.817,1699531199999,845370063.79777,368358,223944.252,428442896.67781,0
1699531200000,1913.91,2065,1908.45,2039.56,2914946.118,1699545599999,5825380885.11345,2037487,1541972.335,3080178326.49600,0
1699545600000,2039.55,2053.36,1973,2019.79,1861948.334,1699559999999,3749188885.39655,1569076,923465.323,1859819895.36192,0
1699560000000,2019.78,2134.30,2012.05,2122.92,1622328.636,1699574399999,3372544367.00511,1374631,852769.396,1773353409.70262,0
1699574400000,2122.92,2130.99,2096.06,2123,735290.833,1699588799999,1554774713.14516,737273,361757.554,764988291.08715,0
1699588800000,2122.99,2139.60,2102.40,2104.64,643767.867,1699603199999,1365340082.24879,658981,317016.073,672478751.71053,0
1699603200000,2104.64,2111.02,2084.31,2098.14,647710.691,1699617599999,1359071352.56577,666521,319566.643,670703351.44281,0
1699617600000,2098.14,2100.70,2066,2085.32,687986.329,1699631999999,1432621114.62163,684746,328511.015,684163839.79798,0
1699632000000,2091.11,2105.07,2086.50,2089.42,430091.142,1699646399999,902074711.17938,441693,220205.156,461925757.10554,0
1699646400000,2089.42,2101.30,2070.31,2079.10,365354.816,1699660799999,762222937.97128,355631,178724.851,372939182.06777,0
1699660800000,2079.10,2086.29,2021,2047.79,685502.348,1699675199999,1407765516.95454,605949,315826.674,648910408.09453,0
1699675200000,2047.79,2062.48,2035.52,2056.58,283103.224,1699689599999,580947485.91423,296498,143709.572,294943129.97501,0
1699689600000,2056.60,2068.48,2047.25,2059.53,252346.825,1699703999999,519719884.52400,255178,127036.638,261676027.71378,0
1699704000000,2059.52,2091.40,2054.02,2069.32,469529.979,1699718399999,972613784.30679,427669,239306.516,495716738.53682,0
1699718400000,2069.34,2091.97,2067.91,2077.46,351480.193,1699732799999,730347887.98837,343643,174435.237,362429493.16964,0
1699732800000,2077.47,2077.76,2032,2054.52,442086.381,1699747199999,906475116.57967,409383,202396.676,414993218.27381,0
1699747200000,2054.53,2056.60,2011.50,2052.89,477904.376,1699761599999,973636006.89240,442135,227185.612,462964017.77114,0
1699761600000,2052.88,2061.88,2045.08,2058.90,202198.667,1699775999999,415232595.63419,219441,96039.124,197239450.43110,0
1699776000000,2058.90,2060.38,2047.40,2049.37,177338.887,1699790399999,364163280.90913,206976,80941.370,166212723.92098,0
1699790400000,2049.37,2068.96,2036.60,2058.35,336260.808,1699804799999,689878702.66185,360191,164904.632,338390778.51687,0
1699804800000,2058.36,2061.39,2046.05,2050.68,190486.284,1699819199999,391127371.50747,254137,92787.968,190530657.47302,0
1699819200000,2050.69,2068.50,2030,2046.08,335106.974,1699833599999,687152491.55585,342950,159695.957,327637474.32865,0
1699833600000,2046.07,2076,2037.05,2041.16,579130.371,1699847999999,1191680676.21888,572382,283759.477,583936468.32267,0
1699848000000,2041.16,2057.98,2030,2049.36,393475.893,1699862399999,803866468.99321,384012,190029.936,388262128.75928,0
1699862400000,2049.37,2062.72,2040,2048.38,336015.377,1699876799999,689968157.45367,335010,159346.757,327225039.09567,0
1699876800000,2048.38,2109.89,2040,2106.67,1176063.349,1699891199999,2441193392.17062,1021681,590106.549,1225351655.03457,0
1699891200000,2106.67,2120,2066,2101.30,802430.549,1699905599999,1680547179.09665,786046,394675.986,826727359.21890,0
1699905600000,2101.30,2104.20,2044.60,2055.18,720492.118,1699919999999,1490394530.07175,709751,335444.216,694031469.45495,0
1699920000000,2055.18,2060,2032.34,2056.99,464898.863,1699934399999,951318186.00783,475450,220489.066,451276660.24174,0
1699934400000,2056.98,2065.71,2048.72,2061.50,192221.595,1699948799999,395807391.97825,234162,89398.568,184104989.39966,0
1699948800000,2061.50,2066.39,2026.38,2033.21,442556.163,1699963199999,905353570.39559,446505,207775.479,425121776.74843,0
1699963200000,2033.21,2055.96,2018.90,2039.61,877571.413,1699977599999,1790265932.40727,846600,415155.119,847132519.56511,0
1699977600000,2039.60,2055.75,1920,1979.76,1436662.140,1699991999999,2865826080.33266,1160412,643834.857,1284703358.56911,0
1699992000000,1979.75,1995.83,1969.03,1980.11,390026.838,1700006399999,773150828.77620,373602,190737.854,378117204.49376,0
1700006400000,1980.11,1992.63,1967.85,1968.77,302893.302,1700020799999,599452330.19282,300419,145765.903,288509835.79329,0
1700020800000,1968.77,1988.58,1968.18,1984.15,225803.939,1700035199999,447409383.58993,237298,110676.056,219276224.95753,0
1700035200000,1984.15,2015.96,1982.01,2013.96,469032.367,1700049599999,936608532.40175,407120,241247.391,481884042.43912,0
1700049600000,2013.97,2024.68,2005.97,2022.05,483838.999,1700063999999,974810892.35466,458660,241991.252,487569311.14251,0
1700064000000,2022.06,2055.18,2001.28,2052.78,1037456.072,1700078399999,2104171824.44776,860687,525902.986,1066949712.47901,0
1700078400000,2052.78,2064.08,2036.61,2059.29,525692.685,1700092799999,1078278260.72301,510223,262181.397,537871163.04398,0
1700092800000,2059.30,2082.80,2052,2054.52,464359.282,1700107199999,958684220.54378,457211,225280.160,465156015.19532,0
1700107200000,2054.52,2066.52,2049.14,2054.71,242607.301,1700121599999,498976144.48195,253220,122802.569,252589772.36122,0
1700121600000,2054.71,2093,2037.03,2070.03,766103.942,1700135999999,1579012321.09687,650740,392730.487,809464280.43911,0
1700136000000,2070.03,2070.80,1980.10,1996.43,1333428.229,1700150399999,2703585195.08206,1091068,619744.407,1256733395.81380,0
1700150400000,1996.43,2015.96,1938.40,1966.07,1092242.338,1700164799999,2160621352.51559,887089,519209.895,1027503673.88581,0
1700164800000,1966.07,1971.15,1945.65,1962.13,449593.537,1700179199999,881194937.83709,461591,218558.035,428376741.69479,0
1700179200000,1962.14,1992.26,1959.91,1984.59,351064.735,1700193599999,695106933.62442,344093,182878.080,362111788.43711,0
1700193600000,1984.59,1987.82,1968.14,1971.11,285677.755,1700207999999,565582580.16775,281035,133594.364,264495776.89026,0
1700208000000,1971.12,1982.99,1955,1966.73,437882.075,1700222399999,861951067.98443,444817,216004.410,425218670.38514,0
1700222400000,1966.73,1972,1913.01,1919.44,959716.570,1700236799999,1863239353.44393,861175,447681.846,869273734.69181,0
1700236800000,1919.45,1949.96,1903.81,1939.79,833428.689,1700251199999,1609118042.42643,729981,411688.471,795125990.31330,0
1700251200000,1939.78,1970.11,1938.05,1961.21,360615.694,1700265599999,704861724.55830,342263,185859.055,363248111.73016,0
1700265600000,1961.21,1962.20,1940.52,1942.10,221271.650,1700279999999,431912680.43381,217746,99544.965,194292455.01077,0
1700280000000,1942.09,1946.92,1916,1936.61,337511.431,1700294399999,652304198.54301,316325,161212.383,311639263.70178,0
1700294400000,1936.61,1946,1931.42,1935.99,213735.878,1700308799999,414847994.47588,218867,105937.999,205632554.39699,0
1700308800000,1935.99,1955.62,1931.35,1953.42,294354.208,1700323199999,572138271.33369,290840,154899.214,301126692.82915,0
1700323200000,1953.41,1972.06,1952.87,1964.61,406469.031,1700337599999,798042502.97277,375254,199700.222,392110964.67886,0
1700337600000,1964.61,1966.96,1950.50,1963.19,169811.961,1700351999999,332865134.04057,181340,82561.741,161866174.77790,0
1700352000000,1963.19,1963.85,1943.44,1956.17,252544.464,1700366399999,492844142.13870,241251,129172.319,252076705.73432,0
1700366400000,1956.18,1967.74,1953.13,1962.52,158089.846,1700380799999,309948131.70302,174557,82558.729,161872815.75479,0
1700380800000,1962.52,1967.26,1945.72,1952.25,234293.735,1700395199999,458467917.06409,215426,110511.739,216256006.68093,0
1700395200000,1952.24,1969.80,1945.05,1967.22,250948.116,1700409599999,491090490.66774,238284,133736.278,261763019.98800,0
1700409600000,1967.22,1985.71,1966,1984.03,347036.233,1700423999999,685380492.70842,328742,183719.678,362879254.20963,0
1700424000000,1984.03,2016.45,1976.17,2012.46,483357.178,1700438399999,963976038.00044,408477,261806.691,522304669.92541,0
1700438400000,2012.45,2013.96,1995.81,2000.69,297954.723,1700452799999,597135194.74994,290213,139561.586,279710967.65475,0
1700452800000,2000.68,2028.20,1993.85,2020.20,285271.130,1700467199999,572518122.17383,260687,151514.310,304196233.32563,0
1700467200000,2020.23,2044.33,2009.46,2025.14,566795.266,1700481599999,1149239698.82042,501560,274582.524,556772320.82947,0
1700481600000,2025.14,2051.56,1981.96,2043.11,816428.871,1700495999999,1653485997.67068,684595,404081.781,818713478.44351,0
1700496000000,2043.11,2068.80,2010.78,2037.36,1004199.079,1700510399999,2049203290.34435,831923,500633.427,1021798631.82839,0
1700510400000,2037.36,2040.55,2015,2022.41,310196.726,1700524799999,628829749.69715,308805,155148.085,314533993.02242,0
1700524800000,2022.41,2036.06,2007.63,2019.78,348918.219,1700539199999,705550392.99759,329595,174374.232,352629381.68763,0
1700539200000,2019.77,2020.54,2003.72,2004.89,221436.916,1700553599999,445750147.00840,209645,106633.309,214694181.00843,0
1700553600000,2004.89,2018.75,2001.98,2004.81,268026.857,1700567999999,538823348.46986,243757,132395.965,266178681.63658,0
1700568000000,2004.80,2016.40,1952,1988.84,1323882.273,1700582399999,2625228723.83036,967037,643496.614,1276005310.24622,0
1700582400000,1988.82,2025,1960.43,1986.54,1169636.002,1700596799999,2325763313.19721,976706,579756.609,1153023793.74811,0
1700596800000,1986.56,2007.64,1929.85,1933.44,773206.765,1700611199999,1520340951.61145,684256,362001.043,712251673.80200,0
1700611200000,1933.44,1980.80,1928.74,1978.76,394736.916,1700625599999,773690949.54179,355540,203859.934,399576665.24378,0
1700625600000,1978.76,2002.62,1977.48,1993.97,355225.690,1700639999999,706985552.63214,309126,174396.285,347120258.96003,0
1700640000000,1993.97,2030,1992.13,2015.45,517357.440,1700654399999,1041349334.36927,475275,256674.909,516683590.12841,0
1700654400000,2015.45,2046.61,2011.22,2033.87,678034.979,1700668799999,1373822617.09312,616649,344946.731,698999523.49319,0
1700668800000,2033.87,2084.40,2028.02,2077.35,963075.933,1700683199999,1978268005.68446,801838,502766.958,1032809957.25454,0
1700683200000,2077.34,2093.78,2058.04,2063.91,617253.134,1700697599999,1281214533.06208,539114,306199.482,635593930.53129,0
1700697600000,2063.92,2072.21,2053.64,2060.12,289788.846,1700711999999,597588980.47300,300894,143296.327,295521231.02089,0
1700712000000,2060.11,2070.64,2058.20,2066.45,182098.075,1700726399999,375919231.60862,196745,97051.442,200360786.11872,0
1700726400000,2066.45,2089.75,2033.50,2063.25,628385.739,1700740799999,1299084203.77091,529194,302987.335,626546918.08508,0
1700740800000,2063.26,2071.46,2040.21,2042.49,521821.877,1700755199999,1072614657.67494,463142,252997.952,520140964.62865,0
1700755200000,2042.50,2067.72,2040.45,2062.55,261730.768,1700769599999,538174935.14947,256955,134365.885,276319767.24455,0
1700769600000,2062.55,2078.41,2059.81,2062.68,217457.022,1700783999999,449719739.64720,219769,108899.803,225228043.28382,0
1700784000000,2062.67,2078,2059.63,2064.06,207603.782,1700798399999,429573110.54773,216828,103459.678,214103388.78711,0
1700798400000,2064.05,2085,2062.54,2080.50,242857.988,1700812799999,503116604.17418,220225,127040.412,263204207.02110,0
1700812800000,2080.50,2129.96,2075.14,2097.92,942621.699,1700827199999,1983029351.40214,773597,484849.208,1020211364.29700,0
1700827200000,2097.95,2135,2096.44,2117.46,692058.732,1700841599999,1463092273.37750,574278,347943.331,735675225.68792,0
1700841600000,2117.45,2126.50,2079.03,2088.01,720346.090,1700855999999,1512776112.76406,571318,334976.184,703402518.88564,0
1700856000000,2088.01,2096.45,2057.77,2081.16,426481.525,1700870399999,886683571.04500,382487,199817.555,415546134.36280,0
1700870400000,2081.16,2089.80,2072.96,2086.95,220871.324,1700884799999,459953334.20005,228392,105723.815,220171001.14686,0
1700884800000,2086.95,2090.49,2080.34,2088.47,126282.941,1700899199999,263344198.17670,140094,64346.587,134194066.36349,0
1700899200000,2088.47,2090.79,2065.59,2070.92,231095.820,1700913599999,480073894.66828,225514,109781.682,228044357.36475,0
1700913600000,2070.93,2079.70,2067.32,2078,188754.699,1700927999999,391599337.75394,192603,97925.611,203167430.68218,0
1700928000000,2078,2084.63,2074,2082.50,152065.667,1700942399999,316290856.14844,155543,82639.061,171892504.61911,0
1700942400000,2082.49,2086.94,2080.04,2082.87,108388.242,1700956799999,225816212.59848,114783,52131.780,108613814.60899,0
1700956800000,2082.87,2084.24,2067.04,2076.36,180592.329,1700971199999,374838371.98186,167069,83241.540,172779672.44910,0
1700971200000,2076.36,2093.46,2070.77,2089.19,255391.494,1700985599999,532380164.89852,201863,135792.055,283064408.85594,0
1700985600000,2089.19,2094.96,2081.16,2085.06,189812.892,1700999999999,396419854.04440,183486,92030.859,192216882.06655,0
1701000000000,2085.06,2090.77,2060,2064.50,612356.309,1701014399999,1270030822.66203,519712,276936.815,574426859.47260,0
1701014400000,2064.50,2069.42,2035,2056.63,609762.358,1701028799999,1249093227.95884,496567,291137.814,596434459.52731,0
1701028800000,2056.63,2082.79,2055.17,2061.97,417636.668,1701043199999,864839351.61958,353656,218281.331,452055222.63843,0
1701043200000,2061.97,2071,2037.68,2048.06,315901.412,1701057599999,649118142.28378,308323,147176.171,302399792.99707,0
1701057600000,2048.06,2054.66,2027.70,2045.10,345865.078,1701071999999,706813233.10406,323210,164323,335898277.61818,0
1701072000000,2045.10,2052.87,2016.40,2024.91,592363.824,1701086399999,1202846814.97669,532536,284690.264,578138406.07483,0
1701086400000,2024.92,2029.54,1998,2003.15,645575.475,1701100799999,1302807545.24706,601450,309515.594,624790787.45274,0
1701100800000,2003.15,2024.70,1985,1994.64,637379.303,1701115199999,1279629141.73679,548684,304242.616,610966169.77256,0
1701115200000,1994.64,2029.96,1987,2027.57,358316.382,1701129599999,720389420.73478,344138,183285.180,368459793.92145,0
1701129600000,2027.57,2041.36,2020.01,2027.25,281689.510,1701143999999,571628630.18813,254959,142465.953,289171278.04718,0
1701144000000,2027.25,2029.72,1994.85,2014.17,481377.541,1701158399999,967045550.31519,400400,235741.023,473578219.35394,0
1701158400000,2014.18,2029,2005.42,2027.98,290678.793,1701172799999,586298042.33934,305663,152402.380,307416335.21457,0
1701172800000,2027.99,2042.51,2019.18,2036.30,422885.095,1701187199999,859027337.96903,401625,212937.551,432595711.58396,0
1701187200000,2036.31,2075.87,2034.93,2059.13,842731.644,1701201599999,1735260647.03413,713941,431443.648,888339175.17781,0
1701201600000,2059.12,2065.40,2042.40,2048.20,282216.864,1701215999999,579914537.88024,298937,137958.744,283538702.75169,0
1701216000000,2048.21,2057.87,2039,2053.45,261715.726,1701230399999,536310110.34133,271014,135510.401,277720895.27131,0
1701230400000,2053.45,2063.80,2047.18,2057.55,206181.208,1701244799999,423882541.26439,220255,104557.546,214987082.51103,0
1701244800000,2057.55,2077,2044.41,2052.58,453012.170,1701259199999,933119783.02282,430232,218403.065,449986249.68719,0
1701259200000,2052.58,2062.08,2020,2031.53,592840.800,1701273599999,1209698504.66699,510132,276112.465,563467389.70221,0
1701273600000,2031.52,2042.21,2018.56,2038.47,362655.319,1701287999999,736052763.77136,323979,182483.549,370405937.38383,0
1701288000000,2038.48,2039.87,2018.97,2028.41,213894.032,1701302399999,433757630.34468,208970,100666.497,204122679.10992,0
1701302400000,2028.41,2040.75,2022,2040.08,220258.416,1701316799999,447296932.54990,214099,111337.452,226119338.38469,0
1701316800000,2040.09,2043.70,2031.03,2035.51,258658.752,1701331199999,526794646.74093,222366,125915.496,256462242.42193,0
1701331200000,2035.52,2046.97,2020.40,2045.23,286015.669,1701345599999,581022508.43383,276078,147165.292,299044413.23975,0
1701345600000,2045.23,2052.78,2024.24,2033.29,543955.518,1701359999999,1108249539.19840,466838,269366.031,548899897.00310,0
1701360000000,2033.29,2044,2028.29,2041.24,203466.981,1701374399999,414552058.44844,208338,101706.432,207234019.06808,0
1701374400000,2041.25,2054.97,2039.23,2051.76,190546.076,1701388799999,389872370.91520,206731,99220.123,203013615.16220,0
1701388800000,2051.77,2093.77,2044.35,2092.10,609016.778,1701403199999,1264713205.20840,528365,308013.130,639547198.23531,0
1701403200000,2092.11,2108.83,2086.73,2092.29,467770.866,1701417599999,980379095.50695,388972,237583.808,498000811.04228,0
1701417600000,2092.30,2111.50,2086.08,2092.21,503870.139,1701431999999,1056871652.73312,413393,242267.979,508209507.58187,0
1701432000000,2092.21,2094.31,2070.30,2079.43,451366.064,1701446399999,939597584.35411,407948,218916.933,455706944.41378,0
1701446400000,2079.44,2110,2077.45,2089.64,717819.984,1701460799999,1503643707.31405,543635,364833.137,764252543.54615,0
1701460800000,2089.65,2096.68,2081.86,2086.99,158892.721,1701475199999,331991815.54425,173864,78615.704,164288098.72104,0
1701475200000,2086.99,2097,2085.63,2092.47,149105.269,1701489599999,311869466.45259,149896,73794.671,154344541.35176,0
1701489600000,2092.46,2106.47,2089.52,2095.65,193430.506,1701503999999,405789926.97324,185113,100179.421,210180029.21222,0
1701504000000,2095.66,2107.52,2095.65,2098.52,192052.435,1701518399999,403553407.74241,178423,96040.628,201832408.45627,0
1701518400000,2098.53,2108.99,2091.81,2103.59,306671.594,1701532799999,644540863.21380,268566,150456.585,316253869.44267,0
1701532800000,2103.59,2199.99,2097,2159.10,1453676.249,1701547199999,3121464867.27207,931123,781028.199,1676753765.89331,0
1701547200000,2159.09,2177.91,2152.86,2165.28,408936.664,1701561599999,884058771.18729,356010,206526.200,446553156.76606,0
1701561600000,2165.26,2177.94,2155.90,2162.38,285178.927,1701575999999,617645275.44013,267952,142276.897,308135976.79112,0
1701576000000,2162.39,2165.80,2152.81,2165.07,197469.573,1701590399999,426457023.41176,183082,98765.817,213304208.52863,0
1701590400000,2165.07,2168.85,2156.59,2159.28,181298.833,1701604799999,392272240.15298,173432,86728.072,187673631.48965,0
1701604800000,2159.27,2165.91,2148.17,2160.35,428689.929,1701619199999,924739397.80701,338844,209481.990,451896895.69806,0
1701619200000,2160.36,2169.24,2149.14,2167.59,269799.669,1701633599999,582519201.47457,236856,132234.976,285529910.28717,0
1701633600000,2167.60,2219.17,2165.09,2193.24,775939.098,1701647999999,1704095634.53693,583262,405111.626,889709973.22921,0
1701648000000,2193.25,2230,2191.52,2210.77,576404.774,1701662399999,1275449887.38120,471841,291336.664,644699996.48785,0
1701662400000,2210.78,2267,2210.38,2247.57,773423.271,1701676799999,1735602686.02287,642519,394350.653,884836057.10988,0
1701676800000,2247.58,2276.84,2213.60,2238.45,954995.577,1701691199999,2145520370.08542,774011,461323.609,1036683996.01676,0
1701691200000,2238.46,2256.70,2200.90,2212.52,719905.399,1701705599999,1604856551.86554,604634,345786.626,770907268.42677,0
1701705600000,2212.52,2236.17,2210.17,2234.82,384288.485,1701719999999,854158968.86177,333481,203564.112,452485771.77722,0
1701720000000,2234.81,2254.80,2220.20,2243.66,374361.371,1701734399999,836867089.12677,332468,187303.191,418725734.09023,0
1701734400000,2243.67,2253.60,2223,2231.36,337431.554,1701748799999,754748722.15074,317262,167985.462,375707551.55279,0
1701748800000,2231.36,2238.33,2186,2200.19,527088.409,1701763199999,1167351088.00761,399746,240256.944,532317656.32109,0
1701763200000,2200.19,2210.62,2190.03,2204.67,421792.902,1701777599999,928922868.41467,353908,208489.674,459209868.89480,0
1701777600000,2204.67,2234.81,2199.19,2228.43,562206.983,1701791999999,1245411797.35529,461449,288264.446,638643539.84015,0
1701792000000,2228.44,2311.51,2219.53,2273.75,1698959.103,1701806399999,3860405451.34758,1182244,860436.623,1955362646.96343,0
1701806400000,2273.76,2299.91,2252.18,2293.97,574240.609,1701820799999,1307157294.30294,444758,295365.809,672372116.44684,0
1701820800000,2293.97,2314.98,2275,2282.93,582540.880,1701835199999,1336581362.48545,470016,289242.138,663725612.27583,0
1701835200000,2282.94,2285.67,2258.83,2266.41,367888.006,1701849599999,835504082.84585,306622,176199.333,400159296.99112,0
1701849600000,2266.41,2288.88,2232.82,2253.48,643729.108,1701863999999,1457974662.96933,518062,312710.800,708565354.03368,0
1701864000000,2253.47,2269.66,2247.05,2252.84,492994.374,1701878399999,1113702808.31369,432129,241281.161,545094682.44461,0
1701878400000,2252.85,2285.82,2250.63,2263.72,397902.216,1701892799999,903226992.54811,341502,201865.387,458259713.62135,0
1701892800000,2263.72,2266,2218.49,2233.29,450122.357,1701907199999,1009016454.37773,365622,201183.822,451081022.16635,0
1701907200000,2233.32,2250.73,2230.79,2249.78,204892.151,1701921599999,459619066.96556,204693,108121.803,242529709.62707,0
1701921600000,2249.77,2270,2248.37,2261.96,245048.103,1701935999999,554576997.73944,229561,117642.448,266218480.63208,0
1701936000000,2261.96,2269.79,2222.08,2236.98,625541.757,1701950399999,1401815942.51239,538467,302946.149,678924251.48285,0
1701950400000,2236.97,2332.89,2232.68,2322.81,937989.435,1701964799999,2144842418.80230,744606,492018.824,1125122201.57596,0
1701964800000,2322.82,2359.05,2317.50,2337.55,983448.148,1701979199999,2300950855.83623,817534,494900.334,1157975861.71757,0
1701979200000,2337.56,2387.20,2336.87,2357.04,595148.552,1701993599999,1405371489.34890,494360,302143.183,713660005.91201,0
1701993600000,2357.05,2389.95,2353.21,2376.35,389349.374,1702007999999,922966101.82607,350996,203256.946,481930155.34302,0
1702008000000,2376.35,2397.44,2354.21,2354.99,451042.630,1702022399999,1070659047.31833,377344,217989.889,517662529.08137,0
1702022400000,2355,2374.97,2345.71,2367.11,434054.610,1702036799999,1023802625.50751,376564,217822.960,513836336.05486,0
1702036800000,2367.08,2380,2333.36,2347.44,734574.211,1702051199999,1731508013.97074,600738,352541.229,831128752.20568,0
1702051200000,2347.43,2363.30,2340.54,2354.44,348181.711,1702065599999,819205125.89453,295328,175846.099,413763826.52540,0
1702065600000,2354.43,2379.56,2353.40,2360.82,334778.687,1702079999999,792132859.30744,293446,165801.577,392338378.62938,0
1702080000000,2360.82,2368.43,2350.08,2361.79,193163.889,1702094399999,455690312.74606,197539,96292.525,227168818.44071,0
1702094400000,2361.79,2390.20,2361.01,2385.40,339423.349,1702108799999,806284193.65889,289832,173626.493,412456475.57900,0
1702108800000,2385.27,2407.63,2350,2358.68,809273.194,1702123199999,1920689600.46399,615527,392627.141,932059926.61733,0
1702123200000,2358.67,2371.85,2336.90,2364.54,509660.270,1702137599999,1200653230.13493,451660,250183.475,589573911.39298,0
1702137600000,2364.55,2367.35,2343.52,2359.46,272059.592,1702151999999,640681473.06630,268036,127859.829,301072666.73397,0
1702152000000,2359.46,2364.30,2328,2342.40,298675.076,1702166399999,700965506.34962,272705,142147.196,333640596.44527,0
1702166400000,2342.41,2357,2341.48,2353.03,188367.925,1702180799999,442522231.40482,204877,93536.088,219721291.65884,0
1702180800000,2353.03,2360.69,2346,2355.38,145715.904,1702195199999,342911857.21253,166679,73279.863,172452173.61899,0
1702195200000,2355.31,2357.96,2323,2339.44,369614.608,1702209599999,864311368.40099,330916,174081.687,407065123.99808,0
1702209600000,2339.44,2357.77,2338.79,2353.52,260494.320,1702223999999,611882334.74185,247458,132787.844,311927655.82228,0
1702224000000,2353.53,2364.56,2342.11,2357.12,228159.845,1702238399999,537115181.25914,217453,108055.039,254370634.15828,0
1702238400000,2357.12,2379.98,2344.31,2353.97,317436.102,1702252799999,750410824.85055,312269,163532.714,386677271.25524,0
1702252800000,2353.99,2356.73,2114.63,2251.31,1538054.207,1702267199999,3467514280.99177,1176228,682998.806,1539495183.46423,0
1702267200000,2251.32,2254.89,2225.66,2237.15,554825.985,1702281599999,1243294728.88844,505936,260215.405,583097071.03032,0
1702281600000,2237.16,2253.80,2230.40,2249.97,337372.377,1702295999999,757141721.37293,311505,164567.159,369332257.24721,0
1702296000000,2249.96,2252.54,2199.50,2220.05,624065.860,1702310399999,1390684363.59317,534564,304053.970,677616431.19795,0
1702310400000,2220.05,2223.45,2156,2188.61,1242424.752,1702324799999,2723260034.83721,963297,602780.488,1321665822.28956,0
1702324800000,2188.60,2227.99,2181.98,2225.56,418443.199,1702339199999,923343547.41289,353998,219294.103,483904110.26455,0
1702339200000,2225.55,2245.37,2222.10,2232.23,375176.065,1702353599999,838700598.95048,333396,186283.486,416438730.55201,0
1702353600000,2232.24,2239.96,2213.12,2233.92,363018.884,1702367999999,808477218.43648,337650,182270.768,405957155.43963,0
1702368000000,2233.92,2239.17,2208.01,2209.51,303088.406,1702382399999,674584235.73325,298867,145554.418,323975155.45139,0
1702382400000,2209.52,2234.80,2186.42,2194.71,719106.242,1702396799999,1591088367.65430,640402,363549.258,804463924.55297,0
1702396800000,2194.70,2200.31,2168.38,2180.44,655406.420,1702411199999,1432128127.22416,577842,320601.468,700638167.28200,0
1702411200000,2180.44,2207.91,2164.82,2204.70,446111.875,1702425599999,975226151.44561,373391,227536.755,497599175.15869,0
1702425600000,2204.71,2208.47,2146,2167.28,649575.324,1702439999999,1414333902.87795,532199,312932.727,681463721.80837,0
1702440000000,2167.29,2181.86,2145.33,2174.44,522111.695,1702454399999,1130629692.53640,439664,264635.021,573223103.15548,0
1702454400000,2174.45,2187.89,2168.90,2173.04,351478.385,1702468799999,765610160.95113,302174,171131.945,372806666.83751,0
1702468800000,2173.05,2227,2170.53,2218.78,604239.767,1702483199999,1329826365.20425,481002,304059.812,669213048.53322,0
1702483200000,2218.78,2257.13,2202.27,2253.77,682902.217,1702497599999,1520367523.54176,583189,344496.094,767023413.71936,0
1702497600000,2253.78,2285.91,2246.04,2261.44,590511.344,1702511999999,1336213148.12711,501335,295457.618,668713646.37592,0
1702512000000,2261.45,2263.57,2246.13,2252.34,256341.771,1702526399999,578000210.80153,262503,118799.594,267867819.36984,0
1702526400000,2252.35,2284.27,2246.89,2283.20,402436.972,1702540799999,912731055.68646,338377,200170.217,453957599.64931,0
1702540800000,2283.20,2309,2271.79,2308.57,665420.375,1702555199999,1520830350.26466,484396,333125.740,761531850.62017,0
1702555200000,2308.57,2319,2212.04,2275.95,1162576.991,1702569599999,2647745275.46678,983398,570135.001,1298864573.20380,0
1702569600000,2275.94,2315,2275.05,2293.19,495573.557,1702583999999,1137528209.72848,469243,251428.154,577080814.48001,0
1702584000000,2293.19,2333.29,2283.27,2316.54,296692.626,1702598399999,685490100.60222,313150,151777.772,350636145.97843,0
1702598400000,2316.53,2319.32,2273,2281.72,374281.190,1702612799999,859304427.79210,347138,173346.624,398127362.13137,0
1702612800000,2281.73,2284.44,2256.75,2272.50,456745.655,1702627199999,1036988082.91675,365118,229681.572,521523001.97434,0
1702627200000,2272.49,2288.17,2266.18,2274.31,366099.905,1702641599999,833596839.99929,314179,186367.694,424361188.91263,0
1702641600000,2274.31,2275,2225.57,2233.19,692447.533,1702655999999,1556745490.81240,621725,319546.725,718402060.83000,0
1702656000000,2233.18,2250.38,2228.94,2243.24,340607.728,1702670399999,763120671.22712,340579,175768.553,393796378.94328,0
1702670400000,2243.24,2253.77,2195.28,2221.71,389403.022,1702684799999,868142361.95764,353561,178215.025,397407426.56324,0
1702684800000,2221.71,2261,2211.16,2255.57,429075.150,1702699199999,960704997.42046,402018,226904.370,508106624.27569,0
1702699200000,2255.57,2256.62,2238.60,2242.54,183624.911,1702713599999,412764200.04254,204130,80394.698,180732577.62627,0
1702713600000,2242.54,2254.92,2240.48,2254.91,176271.271,1702727999999,396277675.83263,197556,86865.876,195296965.48084,0
1702728000000,2254.90,2260.73,2240.03,2257.82,292117.136,1702742399999,657338155.00508,287222,141156.402,317669384.89690,0
1702742400000,2257.83,2264.95,2230.65,2236.02,304888.383,1702756799999,685349993.19772,312728,146255.812,328813405.03490,0
1702756800000,2236.04,2242.60,2220,2229.64,229420.603,1702771199999,511996690.89449,235718,113552.049,253439895.79003,0
1702771200000,2229.63,2234.98,2212.50,2217.74,239378.712,1702785599999,532478700.86301,256117,115833.383,257712616.47289,0
1702785600000,2217.72,2225.39,2201.28,2209.79,280614.916,1702799999999,621089781.70875,273683,136805.944,302837301.54803,0
1702800000000,2209.79,2221.99,2206.08,2217.29,219244.903,1702814399999,485785257.14170,222533,113568.862,251656250.93012,0
1702814400000,2217.29,2227.99,2200,2223.55,331498.630,1702828799999,733819157.35960,322767,169212.399,374654982.02162,0
1702828800000,2223.56,2244.16,2211.85,2236.24,395652.531,1702843199999,882618954.69594,398626,196226.137,437740502.96251,0
1702843200000,2236.24,2251.24,2190,2197.93,422386.558,1702857599999,937538496.37739,381474,186546.946,414319583.48619,0
1702857600000,2197.93,2206.89,2161.57,2175.75,594198.160,1702871999999,1297235136.67114,521388,284787.409,621787250.00861,0
1702872000000,2175.75,2185.80,2165.53,2170.05,276694.828,1702886399999,601951488.36236,267115,142689.046,310463426.30414,0
1702886400000,2170.05,2179.31,2116.56,2143.05,883549.562,1702900799999,1896112356.42648,758410,406588.512,872612545.76470,0
1702900800000,2143.05,2175.03,2128.39,2156.17,505795.963,1702915199999,1089931796.09308,500789,245340.574,528618915.08016,0
1702915200000,2156.17,2177.10,2150.31,2175.42,309469.641,1702929599999,669876925.84973,328446,159031.635,344278405.88940,0
1702929600000,2175.42,2226.52,2167.87,2220.48,534081.824,1702943999999,1178240345.29126,533009,282609.016,623395547.82177,0
1702944000000,2220.49,2255.48,2212.69,2237.72,523121.136,1702958399999,1168396280.17538,519408,270129.022,603409913.54128,0
1702958400000,2237.72,2254.67,2232.42,2248.57,218562.364,1702972799999,490344403.42440,257899,107612.031,241454168.24342,0
1702972800000,2248.57,2256.64,2235.26,2237.41,302606.429,1702987199999,679604426.13479,335119,133426.129,299668360.58016,0
1702987200000,2237.41,2242.37,2180.02,2192.85,723793.880,1703001599999,1597996192.77431,662571,349260.118,770880331.96679,0
1703001600000,2192.85,2207.96,2135.03,2177.82,880617.903,1703015999999,1909668419.23579,810521,429904.468,932426817.52435,0
1703016000000,2177.83,2187.62,2166.01,2179.02,274085.813,1703030399999,596703976.83750,281518,130796.912,284781318.80513,0
1703030400000,2179.01,2192.31,2171.30,2187.48,256004.805,1703044799999,558817759.45581,292053,130037.466,283879780.12726,0
1703044800000,2187.49,2224.69,2184.57,2217.69,427369.257,1703059199999,943995330.02164,408153,227792.336,503158750.06781,0
1703059200000,2217.70,2226.00,2205.30,2212.70,348124.955,1703073599999,771073451.64548,365024,169004.332,374414568.98211,0
1703073600000,2212.70,2269.56,2204.19,2249.11,922909.712,1703087999999,2069617505.20301,886944,484177.115,1085730240.66114,0
1703088000000,2249.12,2251.60,2193.26,2206.27,655285.802,1703102399999,1458558472.31897,619488,313506.743,697929608.53155,0
1703102400000,2206.28,2209.22,2156.00,2203.95,654909.783,1703116799999,1430669057.75698,627952,317222.158,693132167.91246,0
1703116800000,2203.95,2205.15,2184.90,2202.21,287667.409,1703131199999,631850691.88068,327190,141867.668,311619519.34486,0
1703131200000,2202.20,2221.89,2193.81,2216.81,284065.118,1703145599999,627183476.59500,292681,149629.045,330413777.74140,0
1703145600000,2216.81,2260.17,2205.00,2255.72,563095.698,1703159999999,1257324094.28290,516945,286458.792,639836252.70002,0
1703160000000,2255.72,2282.41,2200.00,2234.50,1054820.251,1703174399999,2368143683.17553,925405,512201.878,1150238691.05160,0
1703174400000,2234.50,2248.63,2220.00,2227.51,554606.967,1703188799999,1238539497.58416,522944,281041.671,627717178.67738,0
1703188800000,2227.50,2266.00,2220.00,2241.35,421605.538,1703203199999,945184124.98377,391702,214817.220,481698875.09220,0
1703203200000,2241.47,2263.81,2232.56,2250.98,379070.980,1703217599999,851869147.80119,379313,187511.501,421417438.40100,0
1703217600000,2250.99,2302.31,2246.92,2275.27,1045739.756,1703231999999,2380171776.99994,896948,527271.921,1200318430.70505,0
1703232000000,2275.27,2334.77,2270.11,2315.06,1104227.576,1703246399999,2549777973.05014,913230,566251.636,1307435857.55263,0
1703246400000,2315.06,2345.95,2292.43,2321.74,797408.426,1703260799999,1848318737.32318,726048,397323.141,921230062.70068,0
1703260800000,2321.73,2343.00,2307.13,2311.40,504724.396,1703275199999,1173809680.54511,488552,245384.422,570670105.24090,0
1703275200000,2311.41,2329.60,2303.98,2326.53,267886.511,1703289599999,620740944.47998,268968,133551.518,309497232.35608,0
1703289600000,2326.54,2332.75,2265.00,2274.28,589268.709,1703303999999,1352308537.85184,504831,266033.624,610647506.51943,0
1703304000000,2274.29,2296.97,2266.46,2285.36,319892.836,1703318399999,730662765.85487,280218,160477.181,366469209.75945,0
1703318400000,2285.35,2295.53,2282.36,2288.93,196059.862,1703332799999,448768172.46332,202650,96599.244,221131910.05802,0
1703332800000,2288.93,2299.99,2286.01,2287.09,239298.602,1703347199999,548866029.29622,225571,113502.443,260359363.70738,0
1703347200000,2287.09,2314.60,2284.30,2293.54,298515.010,1703361599999,686181128.17168,272571,154519.047,355210204.36384,0
1703361600000,2293.54,2317.95,2285.77,2309.86,222875.449,1703375999999,512768031.45716,233025,109185.842,251230378.76531,0
1703376000000,2309.86,2328.79,2295.60,2318.57,345184.864,1703390399999,798837945.64223,343953,180285.659,417288108.89111,0
1703390400000,2318.58,2323.83,2275.70,2296.11,438944.491,1703404799999,1007172459.99102,402447,207972.509,477109977.35997,0
1703404800000,2296.12,2300.25,2275.00,2290.56,272334.017,1703419199999,623467176.93346,280538,124981.242,286185736.43204,0
1703419200000,2290.56,2309.13,2285.76,2294.60,259685.190,1703433599999,596293427.48593,270879,126916.097,291448545.25734,0
1703433600000,2294.61,2299.47,2283.09,2290.23,217465.083,1703447999999,498280596.63306,206944,105895.706,242670004.43378,0
1703448000000,2290.24,2290.85,2241.20,2265.43,528536.337,1703462399999,1197345982.79998,467485,249641.807,565532347.89028,0
1703462400000,2265.42,2278.79,2254.38,2277.82,268695.726,1703476799999,609612029.71816,306467,142634.872,323641936.90263,0
1703476800000,2277.82,2291.98,2276.74,2282.15,203406.220,1703491199999,464463479.20002,220691,97190.008,221949069.97743,0
1703491200000,2282.16,2289.00,2264.96,2280.47,244761.669,1703505599999,557661296.94169,260720,115357.546,262846714.18101,0
1703505600000,2280.47,2308.00,2275.18,2288.73,531214.023,1703519999999,1217520358.77420,467606,275383.802,631303217.27318,0
1703520000000,2288.50,2291.11,2270.97,2275.83,310867.670,1703534399999,708669656.49806,328397,146660.507,334372743.42939,0
1703534400000,2275.83,2289.14,2258.04,2273.07,335390.481,1703548799999,762049827.86148,322288,157865.233,358720868.78143,0
1703548800000,2273.08,2277.51,2265.47,2270.99,181997.121,1703563199999,413567081.13639,224499,85719.343,194815381.75327,0
1703563200000,2270.99,2274.06,2219.03,2242.50,687970.293,1703577599999,1541713855.75565,612073,310448.375,695612179.43345,0
1703577600000,2242.50,2246.23,2216.86,2244.82,450193.230,1703591999999,1005448141.28814,383860,209770.110,468531237.06297,0
1703592000000,2244.82,2253.00,2225.55,2230.64,386071.629,1703606399999,865723198.51844,336441,179856.958,403387034.54738,0
1703606400000,2230.64,2234.57,2178.84,2213.70,816653.749,1703620799999,1803291945.07156,693328,387190.864,855101844.72557,0
1703620800000,2213.71,2234.40,2211.00,2232.44,194520.540,1703635199999,432694939.81744,213578,96085.472,213735881.59062,0
1703635200000,2232.45,2236.43,2213.68,2219.68,226801.269,1703649599999,504853413.27350,271805,109106.601,242877454.40120,0
1703649600000,2219.68,2233.47,2218.92,2230.45,172675.473,1703663999999,384415712.09401,214026,92234.490,205344599.02212,0
1703664000000,2230.45,2294.00,2228.72,2287.72,681083.134,1703678399999,1543942997.92238,615369,359720.809,815208144.00690,0
1703678400000,2287.72,2358.80,2277.44,2345.01,1221748.684,1703692799999,2832141575.02959,1047236,642187.312,1488758115.27393,0
1703692800000,2345.01,2379.00,2335.64,2348.61,778138.916,1703707199999,1834179933.33667,731825,369664.340,871522325.87610,0
1703707200000,2348.61,2395.00,2346.21,2380.31,490275.570,1703721599999,1161312333.89389,496156,251836.903,596674608.68130,0
1703721600000,2380.32,2455.52,2377.59,2415.86,865230.459,1703735999999,2094643741.81817,795025,431109.135,1043735485.66120,0
1703736000000,2415.86,2427.38,2365.00,2383.06,646792.886,1703750399999,1546409085.06309,589373,310862.879,743166487.86426,0
1703750400000,2383.06,2414.73,2375.00,2403.92,470645.486,1703764799999,1126505620.36676,438078,241111.226,577170268.73023,0
1703764800000,2403.92,2416.75,2345.00,2360.81,1286077.054,1703779199999,3062295770.87126,1040276,606993.625,1445736729.78639,0
1703779200000,2360.82,2385.91,2350.30,2364.65,576520.221,1703793599999,1364503580.36345,506545,294800.176,697909174.11422,0
1703793600000,2364.65,2365.84,2336.02,2345.96,415196.952,1703807999999,976210983.40020,396494,198763.161,467418133.49491,0
1703808000000,2345.98,2366.61,2311.07,2354.15,842768.350,1703822399999,1971717713.06372,679557,415353.978,972334401.94355,0
1703822400000,2354.15,2363.05,2333.45,2335.43,361975.176,1703836799999,851215608.97397,341107,171633.591,403675455.63128,0
1703836800000,2335.43,2381.05,2334.10,2374.65,416447.994,1703851199999,983027437.69222,388730,218638.100,516012022.36644,0
1703851200000,2374.66,2388.74,2318.00,2328.84,751827.212,1703865599999,1771716971.56102,628081,354779.917,836229273.61615,0
1703865600000,2328.84,2335.56,2286.34,2318.84,919233.527,1703879999999,2122926384.21531,796833,454162.158,1049075407.13638,0
1703880000000,2318.84,2319.61,2254.72,2300.60,574499.720,1703894399999,1314224871.07043,512938,262763.583,601336696.44450,0
1703894400000,2300.61,2311.62,2289.11,2300.16,239228.940,1703908799999,550472999.52913,241043,115906.891,266714288.18724,0
1703908800000,2300.17,2311.00,2295.61,2297.92,160941.270,1703923199999,370823033.47850,178378,78515.679,180933194.12460,0
1703923200000,2297.91,2298.98,2269.15,2289.89,438284.239,1703937599999,1000970250.21190,386463,220049.371,502589233.44273,0
1703937600000,2289.89,2318.94,2284.19,2314.41,367229.330,1703951999999,844300668.39108,326124,184327.897,423852608.87870,0
1703952000000,2314.39,2325.00,2297.40,2301.98,362316.211,1703966399999,837112593.22475,335128,175866.291,406350662.94616,0
1703966400000,2301.97,2307.58,2273.86,2293.26,241956.541,1703980799999,555557770.38378,235177,116309.919,267110093.40159,0
1703980800000,2293.26,2306.51,2278.84,2285.71,205219.422,1703995199999,470380287.52454,224436,103274.284,236668158.36877,0
1703995200000,2285.71,2306.83,2280.91,2296.94,196927.492,1704009599999,451341017.59042,210740,99833.863,228803817.63750,0
1704009600000,2296.95,2318.00,2291.43,2310.66,324174.135,1704023999999,748143629.70442,305117,163449.808,377221883.87348,0
1704024000000,2310.66,2324.78,2291.86,2300.60,358689.484,1704038399999,827175859.29820,326032,175640.014,405123509.04449,0
1704038400000,2300.59,2311.74,2292.56,2296.86,226419.616,1704052799999,521137440.76115,237696,116348.137,267772927.79951,0
1704052800000,2296.85,2296.91,2258.00,2283.85,360287.848,1704067199999,822364204.79091,355151,164301.401,375107569.98188,0
1704067200000,2283.84,2308.74,2272.04,2275.59,267355.434,1704081599999,613027773.83249,268049,132387.702,303564759.95634,0
1704081600000,2275.59,2289.82,2266.67,2286.46,213716.910,1704095999999,487206868.07536,224297,106995.341,243939266.40029,0
1704096000000,2286.46,2307.45,2281.82,2306.72,213613.116,1704110399999,490854855.26397,226949,102643.608,235880586.81822,0
1704110400000,2306.71,2321.00,2296.51,2316.97,252804.721,1704124799999,583472146.35656,260781,130338.011,300866866.09572,0
1704124800000,2316.97,2343.43,2308.36,2339.71,372935.888,1704139199999,866775332.33102,363762,198869.343,462318367.52179,0
1704139200000,2339.71,2354.95,2325.56,2354.62,338137.349,1704153599999,792270667.81963,351043,173434.992,406424239.11421,0
1704153600000,2354.63,2402.64,2349.57,2388.45,681513.539,1704167999999,1622325605.68453,644322,355644.922,846678520.29614,0
1704168000000,2388.46,2394.99,2375.66,2387.83,281134.425,1704182399999,670444231.73277,299452,133773.893,319045979.88201,0
1704182400000,2387.84,2434.49,2382.01,2394.28,703837.633,1704196799999,1696770110.75873,670204,349452.802,842565278.52372,0
1704196800000,2394.28,2407.81,2353.47,2359.60,816155.372,1704211199999,1943252346.40550,740098,392571.432,935124299.32249,0
1704211200000,2359.61,2374.99,2352.32,2371.24,455049.226,1704225599999,1075449487.70553,473653,229409.698,542231122.30891,0
1704225600000,2371.22,2382.65,2335.00,2356.93,438483.535,1704239999999,1035834980.04118,433981,202464.324,478435168.75873,0
1704240000000,2356.92,2387.28,2348.46,2370.36,291981.576,1704254399999,691987627.83677,320892,150791.741,357391550.22067,0
1704254400000,2370.36,2382.99,2357.99,2362.82,269634.774,1704268799999,639979132.80582,281098,132461.561,314458733.92638,0
1704268800000,2362.82,2387.48,2298.01,2309.86,837245.939,1704283199999,1964010478.79616,702729,379765.510,891772551.77079,0
1704283200000,2309.46,2310.39,2067.16,2241.02,2478511.836,1704297599999,5465782918.45867,2213259,1157586.655,2552593835.42685,0
1704297600000,2241.23,2246.62,2188.88,2206.79,834705.935,1704311999999,1855083710.15380,816604,403360.834,896525450.67457,0
1704312000000,2206.79,2228.69,2196.15,2210.39,284839.618,1704326399999,630502255.64396,338295,137228.287,303756360.45525,0
1704326400000,2210.39,2241.19,2202.10,2231.78,311199.686,1704340799999,690547981.65929,347442,148716.951,330016659.14274,0
1704340800000,2231.79,2245.94,2222.04,2222.99,293875.170,1704355199999,656840675.54580,321521,140543.197,314139840.96436,0
1704355200000,2223.00,2232.00,2205.42,2229.13,353624.841,1704369599999,785244507.14074,417519,178047.046,395407399.07199,0
1704369600000,2229.13,2286.99,2223.58,2277.86,695169.509,1704383999999,1568749342.37486,695877,355559.636,802520166.06598,0
1704384000000,2277.86,2295.36,2260.00,2274.89,491010.572,1704398399999,1117996815.18288,527953,243777.210,555210592.63003,0
1704398400000,2274.89,2295.55,2261.70,2267.85,367920.478,1704412799999,838536630.65154,403439,184494.588,420539011.97344,0
1704412800000,2267.85,2275.60,2207.03,2242.89,523904.108,1704427199999,1175165710.20964,561086,249576.648,559793784.35548,0
1704427200000,2242.89,2265.95,2234.34,2252.39,261566.900,1704441599999,588477624.64025,323386,128377.952,288856285.08298,0
1704441600000,2252.40,2270.09,2233.23,2242.15,373469.369,1704455999999,841444501.26800,421638,181779.472,409608789.43184,0
1704456000000,2242.15,2253.94,2216.20,2225.23,596894.707,1704470399999,1335376863.56899,673411,294573.500,659085476.39652,0
1704470400000,2225.22,2241.00,2206.00,2234.30,402773.708,1704484799999,896076720.10849,487125,205250.954,456691911.82881,0
1704484800000,2234.30,2278.16,2233.60,2268.93,482133.175,1704499199999,1087078667.53496,451312,247330.475,557660947.12130,0
1704499200000,2268.92,2270.34,2250.26,2253.67,179651.993,1704513599999,405726831.21834,232590,86070.131,194387461.82252,0
1704513600000,2253.67,2255.99,2215.56,2233.09,352007.914,1704527999999,785890501.57060,389477,174638.344,389848232.65070,0
1704528000000,2233.09,2239.67,2228.58,2238.84,156209.265,1704542399999,349104215.88139,237841,76819.912,171685123.53827,0
1704542400000,2238.85,2248.59,2228.18,2246.27,198819.079,1704556799999,445274357.35773,267309,102479.047,229542932.64237,0
1704556800000,2246.28,2254.64,2237.10,2244.28,158916.953,1704571199999,356920575.47065,231208,74346.940,167000879.62040,0
1704571200000,2244.29,2247.63,2230.03,2240.36,155705.540,1704585599999,348456737.97648,216634,74472.613,166673009.19615,0
1704585600000,2240.36,2254.00,2235.08,2241.99,176010.711,1704599999999,395158034.62624,263787,87212.946,195790830.64930,0
1704600000000,2241.99,2251.70,2240.46,2248.89,146176.705,1704614399999,328403079.94849,190439,72059.222,161893334.83202,0
1704614400000,2248.89,2253.15,2230.00,2236.64,253159.263,1704628799999,566966874.96156,298152,123023.575,275524794.37050,0
1704628800000,2236.64,2257.98,2221.21,2229.90,396513.704,1704643199999,888590290.81763,436821,189124.293,423945388.13839,0
1704643200000,2229.90,2250.10,2220.09,2248.25,272663.034,1704657599999,609473109.41900,310558,142815.935,319260270.14521,0
1704657600000,2248.26,2251.23,2201.06,2220.87,365273.280,1704671999999,811897612.59493,427672,170777.014,379618199.48063,0
1704672000000,2220.87,2224.29,2165.43,2190.23,652208.531,1704686399999,1430300826.51621,761223,314716.198,690269198.66563,0
1704686400000,2190.23,2230.16,2187.15,2223.51,446093.252,1704700799999,985815799.56003,511897,229701.215,507665708.86990,0
1704700800000,2223.50,2242.66,2204.16,2240.23,354442.824,1704715199999,788493040.69840,459351,176460.035,392645220.51139,0
1704715200000,2240.23,2285.27,2239.00,2269.94,742091.863,1704729599999,1678861943.57212,854655,374071.738,846388712.76933,0
1704729600000,2269.94,2359.63,2259.17,2355.24,942398.861,1704743999999,2180704064.88233,1013119,490004.334,1134186020.47091,0
1704744000000,2355.24,2358.37,2324.34,2331.11,341704.185,1704758399999,799531178.93781,395424,167225.584,391282062.27217,0
1704758400000,2331.12,2337.00,2288.01,2309.45,447994.898,1704772799999,1034726601.61452,505547,209451.452,483724082.58818,0
1704772800000,2309.44,2319.00,2296.80,2306.10,217304.737,1704787199999,501382937.95360,273586,107692.470,248473334.33023,0
1704787200000,2306.09,2311.68,2285.09,2298.75,319719.264,1704801599999,733997797.60299,401354,157831.150,362395579.19885,0
1704801600000,2298.75,2304.95,2222.44,2256.91,984152.310,1704815999999,2231250551.27475,1051182,470657.485,1067273062.78801,0
1704816000000,2256.91,2278.00,2243.27,2270.87,393754.092,1704830399999,891009363.59396,512187,196278.326,444196433.33136,0
1704830400000,2270.87,2377.36,2243.26,2344.44,2007585.632,1704844799999,4647297667.12563,2071724,1027646.157,2378897109.87470,0
1704844800000,2344.33,2402.60,2340.00,2361.65,777385.971,1704859199999,1843903821.80231,830337,388536.476,921782931.34258,0
1704859200000,2361.65,2394.16,2357.21,2369.42,448580.175,1704873599999,1066573677.86372,511205,230089.677,547115604.63459,0
1704873600000,2369.42,2431.80,2362.50,2402.97,866672.147,1704887999999,2081805772.90668,953801,442225.697,1062420452.55328,0
1704888000000,2402.97,2463.37,2336.28,2450.01,1702081.243,1704902399999,4085266834.99867,1782904,868567.244,2086073636.47120,0
1704902400000,2450.01,2483.00,2401.21,2478.06,1284675.818,1704916799999,3135923003.08076,1471016,644115.711,1572853456.76260,0
1704916800000,2478.06,2645.65,2408.95,2585.82,2661500.242,1704931199999,6708553456.93233,2671571,1333168.649,3361175542.63313,0
1704931200000,2585.81,2617.00,2565.69,2613.07,726666.556,1704945599999,1879729323.97320,913391,359494.822,930265928.61891,0
1704945600000,2613.10,2630.60,2573.48,2590.00,623696.044,1704959999999,1620068329.28075,784514,301434.777,782921701.29024,0
1704960000000,2590.01,2666.66,2586.76,2658.18,701014.855,1704974399999,1843800870.07679,905595,372223.243,979259651.85332,0
1704974400000,2658.18,2691.90,2595.35,2614.66,1725954.564,1704988799999,4570327322.61286,2072374,839868.719,2224707887.83570,0
1704988800000,2614.65,2626.95,2571.28,2623.37,951193.498,1705003199999,2471690098.21357,1304736,474747.022,1233837634.91462,0
1705003200000,2623.36,2633.72,2588.40,2618.59,432901.502,1705017599999,1130119827.68578,600220,212335.990,554303134.90358,0
1705017600000,2618.60,2625.10,2581.09,2590.28,348147.349,1705031999999,905468665.54927,538573,169221.986,440117211.16473,0
1705032000000,2590.29,2627.90,2586.25,2597.22,417244.567,1705046399999,1087520967.16238,578835,209532.271,546173245.14620,0
1705046400000,2597.23,2669.69,2585.01,2648.23,784214.904,1705060799999,2058722156.78464,941729,416990.917,1094922605.07768,0
1705060800000,2648.23,2719.89,2634.44,2648.40,1744103.923,1705075199999,4665991618.35191,2065173,879396.318,2353423165.56957,0
1705075200000,2648.40,2691.23,2560.00,2585.80,1708572.850,1705089599999,4472950529.88432,1815206,820180.840,2148188427.69967,0
1705089600000,2585.80,2600.20,2458.38,2523.30,1482713.373,1705103999999,3740532273.32012,1551962,711753.215,1795464745.34899,0
1705104000000,2523.30,2557.86,2497.79,2548.98,571510.116,1705118399999,1446590029.41135,862316,286533.453,725382315.65938,0
1705118400000,2548.98,2562.00,2539.31,2550.91,287268.266,1705132799999,732321995.65062,447749,135335.223,345037023.16003,0
1705132800000,2550.91,2561.04,2521.24,2543.12,390818.991,1705147199999,993249996.99165,542438,187219.170,475814254.89853,0
1705147200000,2543.12,2567.00,2531.84,2564.29,456280.581,1705161599999,1162342492.37391,573831,234980.524,598647970.35934,0
1705161600000,2564.30,2581.35,2548.87,2572.41,574077.074,1705175999999,1471591992.22908,641317,290955.022,745901135.05240,0
1705176000000,2572.44,2591.29,2563.00,2578.50,229242.559,1705190399999,590655812.02469,368311,115305.598,297118569.59541,0
1705190400000,2578.51,2579.13,2550.54,2551.84,281883.438,1705204799999,722648460.71068,401870,132736.899,340297770.75393,0
1705204800000,2551.84,2557.14,2543.01,2551.63,236423.058,1705219199999,603066593.22483,340603,123020.454,313816192.03403,0
1705219200000,2551.63,2555.00,2535.29,2538.22,223347.426,1705233599999,568615337.18612,338958,107079.142,272639689.10985,0
1705233600000,2538.22,2547.56,2524.82,2538.16,305294.926,1705247999999,774739582.47400,376779,154295.473,391603844.96738,0
1705248000000,2538.17,2544.86,2500.04,2502.03,411835.902,1705262399999,1039780159.35938,529353,192784.050,486809651.67716,0
1705262400000,2502.02,2534.30,2470.00,2474.36,667514.138,1705276799999,1668276925.67915,856452,320203.964,800413881.71361,0
1705276800000,2474.30,2515.05,2472.04,2504.74,456383.199,1705291199999,1141012113.24865,569928,233919.609,584784070.08625,0
1705291200000,2504.74,2522.42,2504.22,2514.32,173970.610,1705305599999,437246318.30136,299907,87067.812,218847481.15080,0
1705305600000,2514.32,2543.60,2507.93,2539.90,226844.402,1705319999999,573721727.70718,411253,115302.553,291614462.87032,0
1705320000000,2539.90,2549.79,2505.39,2515.02,417464.298,1705334399999,1055307772.44600,676595,191119.322,483164264.61552,0
1705334400000,2515.01,2555.00,2514.57,2535.22,321383.107,1705348799999,815117946.07145,491040,163840.741,415587350.76507,0
1705348800000,2535.22,2539.99,2500.00,2512.21,222513.223,1705363199999,560565998.80807,320861,109459.508,275737903.84207,0
1705363200000,2512.20,2539.23,2505.01,2538.00,266286.416,1705377599999,670714402.06643,386128,141213.295,355769547.19465,0
1705377600000,2537.99,2543.00,2522.47,2528.57,194352.136,1705391999999,492164869.27921,310416,87982.043,222820538.87820,0
1705392000000,2528.57,2549.88,2520.60,2530.83,281565.584,1705406399999,714176844.58616,438374,133035.341,337456541.22157,0
1705406400000,2530.83,2572.00,2500.00,2559.43,844215.672,1705420799999,2142309937.63670,1061230,419768.303,1065357091.45647,0
1705420800000,2559.43,2579.88,2547.21,2574.57,426484.907,1705435199999,1093983611.80104,619236,220233.500,565025767.14760,0
1705435200000,2574.57,2613.80,2571.46,2587.40,443725.354,1705449599999,1151264501.58321,616419,215484.739,559067105.13390,0
1705449600000,2587.40,2593.01,2570.99,2571.60,276757.292,1705463999999,714665860.19639,388581,127012.955,328010403.73178,0
1705464000000,2571.60,2575.63,2551.25,2552.14,259880.485,1705478399999,666226908.51180,394423,124114.928,318217719.17571,0
1705478400000,2552.13,2554.12,2535.19,2543.08,321233.439,1705492799999,817692002.68656,480029,162897.538,414679561.93359,0
1705492800000,2543.08,2575.26,2532.00,2539.31,740260.674,1705507199999,1888000566.64137,888455,373752.053,953448567.77164,0
1705507200000,2539.32,2545.53,2515.00,2533.46,408030.231,1705521599999,1033172332.88277,581501,199882.899,506190783.09128,0
1705521600000,2533.47,2545.56,2505.76,2530.62,293367.166,1705535999999,741941182.66061,405255,152199.728,384954241.28339,0
1705536000000,2530.61,2534.28,2509.25,2530.23,240844.981,1705550399999,608275962.34178,369573,117007.767,295503462.51004,0
1705550400000,2530.24,2540.00,2525.02,2538.88,237979.920,1705564799999,602863100.67588,348501,122817.672,311137059.92931,0
1705564800000,2538.87,2549.99,2515.00,2522.72,372957.115,1705579199999,944677041.82066,519352,178675.519,452626960.20922,0
1705579200000,2522.73,2535.89,2503.00,2526.12,449084.596,1705593599999,1131603319.99568,617542,225820.415,569103429.62643,0
1705593600000,2526.12,2526.73,2429.50,2439.37,1207148.699,1705607999999,2990150373.29092,1292630,545271.097,1350950377.01072,0
1705608000000,2439.36,2472.90,2428.22,2471.29,420734.339,1705622399999,1032009351.31050,578352,215977.508,529742758.11204,0
1705622400000,2471.29,2474.96,2442.98,2460.77,302167.817,1705636799999,743175984.60510,406055,147974.778,363970076.56231,0
1705636800000,2460.76,2474.94,2456.86,2465.48,211664.668,1705651199999,522204938.20096,298643,103973.497,256511708.50312,0
1705651200000,2465.48,2495.74,2460.40,2488.83,313574.666,1705665599999,778142572.49779,448904,164154.087,407329742.93231,0
1705665600000,2488.83,2500.95,2460.37,2463.66,498228.078,1705679999999,1234997436.92957,661104,237436.633,588512616.50285,0
1705680000000,2463.67,2505.16,2415.55,2493.58,1021609.432,1705694399999,2509910449.38486,1242319,510473.397,1254459527.83378,0
1705694400000,2493.58,2504.91,2480.53,2492.46,247230.114,1705708799999,615826975.33735,364520,121703.796,303167666.45440,0
1705708800000,2492.46,2492.46,2475.40,2481.82,181043.843,1705723199999,449621536.11245,251154,83981.500,208564908.48497,0
1705723200000,2481.82,2487.11,2475.43,2479.00,108541.965,1705737599999,269329009.80387,154708,51639.104,128149436.69916,0
1705737600000,2478.99,2480.52,2463.33,2471.10,192329.964,1705751999999,475362015.85128,268986,92600.885,228882745.93682,0
1705752000000,2471.10,2477.16,2457.60,2464.34,192808.113,1705766399999,475920398.13955,245067,96951.874,239339823.47356,0
1705766400000,2464.34,2468.34,2453.79,2461.94,150131.252,1705780799999,369378289.97365,195369,72383.804,178110443.75786,0
1705780800000,2461.95,2474.73,2460.45,2472.27,114041.025,1705795199999,281657757.48321,165110,60089.155,148398541.16748,0
1705795200000,2472.26,2481.92,2465.16,2475.35,118832.028,1705809599999,293862305.03386,166980,62618.454,154852592.72582,0
1705809600000,2475.35,2476.11,2466.07,2475.84,75209.322,1705823999999,185936845.99820,114339,35557.444,87910270.56379,0
1705824000000,2475.85,2482.70,2471.68,2473.77,111586.382,1705838399999,276402076.39263,165127,51866.056,128476710.51053,0
1705838400000,2473.77,2481.43,2463.66,2468.00,145322.134,1705852799999,359561473.60842,212454,74739.245,184928147.93845,0
1705852800000,2468.01,2478.66,2464.00,2474.41,113500.175,1705867199999,280613952.26142,169496,57570.720,142330020.59920,0
1705867200000,2474.41,2475.69,2451.00,2457.02,143841.328,1705881599999,354224053.37074,203089,64534.569,158932845.69239,0
1705881600000,2457.02,2466.46,2424.00,2437.91,417284.261,1705895999999,1019447020.53288,484050,208198.894,508734946.57210,0
1705896000000,2437.90,2439.05,2401.20,2420.98,426637.323,1705910399999,1033237618.57552,523846,195590.491,473760206.70805,0
1705910400000,2420.98,2420.99,2360.51,2381.00,757334.642,1705924799999,1810281640.94923,922003,345572.979,826290944.00408,0
1705924800000,2380.99,2405.22,2352.64,2380.00,706601.955,1705939199999,1678665809.70459,903187,347124.965,824966962.23220,0
1705939200000,2379.99,2386.30,2303.50,2321.89,850459.381,1705953599999,1998828058.27532,954038,401878.227,944986054.06099,0
1705953600000,2321.89,2351.58,2302.21,2314.33,486795.399,1705967999999,1133266343.15147,658863,237488.018,552912616.98180,0
1705968000000,2314.33,2343.10,2312.44,2339.01,287432.248,1705982399999,669774892.58337,378934,142470.794,332009488.43388,0
1705982400000,2339.01,2351.76,2315.92,2323.57,279166.472,1705996799999,653080825.57569,319992,130484.599,305310656.02471,0
1705996800000,2323.56,2327.19,2202.95,2218.28,1455094.669,1706011199999,3275481188.90572,1444408,678626.482,1527426910.44288,0
1706011200000,2218.28,2232.96,2167.50,2219.07,1241118.075,1706025599999,2732343930.80302,1303432,619306.522,1363766571.53447,0
1706025600000,2219.06,2231.51,2180.41,2185.00,736192.403,1706039999999,1624147553.06818,794944,361546.484,797659942.46014,0
1706040000000,2185.01,2247.31,2182.21,2241.67,380157.327,1706054399999,842068708.63366,487448,191457.936,424102242.18892,0
1706054400000,2241.67,2255.00,2211.31,2213.04,424503.200,1706068799999,947119617.95986,511627,197908.130,441557376.27057,0
1706068800000,2213.04,2245.00,2212.51,2233.83,269004.837,1706083199999,599327802.80929,365703,147035.581,327540860.75385,0
1706083200000,2233.83,2264.44,2228.18,2243.22,364868.648,1706097599999,819141597.68185,493506,183130.933,411178344.04904,0
1706097600000,2243.22,2247.57,2217.18,2233.95,475170.902,1706111999999,1060716848.07513,598295,232634.716,519370473.17248,0
1706112000000,2233.95,2244.32,2202.02,2212.47,405929.001,1706126399999,902398286.55232,483199,196870.753,437686257.79371,0
1706126400000,2212.46,2239.29,2195.00,2234.62,316596.412,1706140799999,701278687.90870,412981,157673.042,349277929.69158,0
1706140800000,2234.62,2239.40,2205.07,2216.14,250803.681,1706155199999,557089318.57125,345821,121847.862,270640408.83381,0
1706155200000,2216.14,2227.47,2202.41,2226.94,200579.330,1706169599999,444332595.46963,302625,103178.817,228603751.68272,0
1706169600000,2226.94,2242.55,2216.17,2231.10,305642.172,1706183999999,681522496.59843,408157,150916.338,336577253.27712,0
1706184000000,2231.09,2233.91,2181.03,2187.61,553263.217,1706198399999,1219266275.58297,726131,262723.936,579058921.05289,0
1706198400000,2187.61,2225.00,2169.04,2217.96,541829.539,1706212799999,1191804320.52291,678898,289981.871,637970581.51158,0
1706212800000,2217.96,2231.10,2211.40,2218.02,230708.765,1706227199999,512149122.22778,329327,116771.802,259251755.71747,0
1706227200000,2218.01,2237.98,2210.25,2222.95,214986.538,1706241599999,478152887.37722,317824,109476.479,243526712.81519,0
1706241600000,2222.95,2228.88,2195.15,2196.99,261576.860,1706255999999,578712585.55481,326904,113385.690,250899086.74201,0
1706256000000,2196.98,2260.36,2195.29,2253.11,612712.867,1706270399999,1366873954.52679,744809,326398.478,728062981.06331,0
1706270400000,2253.11,2264.92,2232.72,2256.62,475273.923,1706284799999,1069468799.80890,599979,235879.208,530830510.79098,0
1706284800000,2256.62,2281.96,2249.58,2257.29,502404.021,1706299199999,1139419389.26717,623378,249768.296,566530836.57547,0
1706299200000,2257.28,2270.89,2251.34,2266.72,194655.738,1706313599999,439972367.95405,277145,104925.220,237150133.49441,0
1706313600000,2266.73,2283.35,2263.75,2273.36,186547.578,1706327999999,424052184.44319,271514,86475.180,196595383.92299,0
1706328000000,2273.36,2275.75,2252.31,2257.80,171416.957,1706342399999,388013392.08191,242091,81624.659,184753448.62071,0
1706342400000,2257.80,2271.46,2250.33,2264.87,194580.501,1706356799999,440004534.10533,277444,99205.107,224335405.65619,0
1706356800000,2264.86,2274.45,2261.01,2269.29,119268.982,1706371199999,270488907.39093,184217,58469.271,132603289.64295,0
1706371200000,2269.29,2276.95,2260.11,2272.00,148185.169,1706385599999,336120767.23912,216100,74536.450,169081691.08278,0
1706385600000,2271.99,2275.04,2260.04,2266.99,124834.374,1706399999999,283091777.26359,195211,57170.751,129647944.38646,0
1706400000000,2267.00,2288.71,2261.94,2285.99,227732.782,1706414399999,518707547.39296,306075,123006.769,280213865.39691,0
1706414400000,2285.98,2308.00,2280.41,2281.84,327366.623,1706428799999,750419945.61215,415424,163228.485,374229226.65067,0
1706428800000,2281.83,2301.81,2275.70,2280.19,254058.150,1706443199999,581139331.82858,327484,127176.673,290971056.38867,0
1706443200000,2280.20,2285.59,2260.57,2269.16,299935.421,1706457599999,681797303.51495,379026,143529.084,326318698.02643,0
1706457600000,2269.16,2275.31,2245.04,2253.09,258073.261,1706471999999,583487476.61894,333766,121624.833,275068171.34003,0
1706472000000,2253.08,2265.71,2236.56,2256.00,229502.885,1706486399999,517094226.64618,297613,114887.136,258929713.47107,0
1706486400000,2256.00,2277.49,2249.58,2270.98,228033.770,1706500799999,516607836.32790,295002,113065.403,256154606.56294,0
1706500800000,2270.97,2273.55,2256.94,2258.50,136514.590,1706515199999,309257006.11148,206797,64791.202,146810718.65759,0
1706515200000,2258.50,2276.80,2253.19,2263.88,237705.188,1706529599999,538714027.22649,335665,125563.071,284559645.13259,0
1706529600000,2263.89,2275.50,2232.00,2274.99,466786.787,1706543999999,1051112361.07994,582212,232530.583,523779688.47900,0
1706544000000,2274.99,2314.75,2264.57,2292.40,662999.399,1706558399999,1520933783.99068,814866,333308.633,764737226.14979,0
1706558400000,2292.41,2322.53,2291.20,2316.52,227221.656,1706572799999,524567275.29074,321430,119279.162,275386246.16065,0
1706572800000,2316.53,2327.68,2302.70,2310.35,278792.806,1706587199999,645454818.96180,377483,133978.095,310212443.37526,0
1706587200000,2310.35,2313.65,2299.57,2308.27,186782.714,1706601599999,430974857.88316,249591,85894.040,198222318.62721,0
1706601600000,2308.26,2316.84,2301.25,2313.10,169456.706,1706615999999,391289504.03896,241851,85236.287,196851007.52674,0
1706616000000,2313.10,2347.67,2295.10,2340.43,714846.962,1706630399999,1656642936.54754,755488,367185.409,851317135.44922,0
1706630400000,2340.43,2381.47,2334.51,2373.75,646660.942,1706644799999,1528145349.36352,747192,327870.437,774889442.30863,0
1706644800000,2373.75,2392.84,2336.05,2341.95,387395.741,1706659199999,916186174.24871,464855,185167.153,438208141.54133,0
1706659200000,2341.96,2351.23,2326.11,2342.32,328989.609,1706673599999,769100335.76134,408060,168695.929,394424204.03136,0
1706673600000,2342.31,2344.00,2328.80,2339.73,167489.124,1706687999999,391453821.17233,240137,81430.221,190320425.20306,0
1706688000000,2339.72,2342.58,2279.24,2299.12,549884.319,1706702399999,1267710721.75784,621824,255323.203,588389168.00996,0
1706702400000,2299.11,2333.02,2290.37,2328.49,560006.907,1706716799999,1293821975.88687,651006,278970.446,644704119.41648,0
1706716800000,2328.49,2349.95,2308.20,2322.34,512309.112,1706731199999,1194234346.53939,653251,237195.210,552998320.14574,0
1706731200000,2322.35,2323.74,2261.88,2282.00,489230.297,1706745599999,1119415768.70126,620694,230410.498,527213489.38743,0
1706745600000,2281.99,2289.25,2237.00,2256.12,431115.094,1706759999999,974099142.07090,497137,204883.179,462936946.61930,0
1706760000000,2256.12,2276.88,2250.65,2270.92,206951.518,1706774399999,469132471.56951,290095,102577.031,232468609.27924,0
1706774400000,2270.92,2277.57,2263.97,2265.62,179365.423,1706788799999,407047563.80908,252947,86309.831,195887002.04224,0
1706788800000,2265.62,2307.92,2261.76,2288.28,485286.228,1706803199999,1109556856.12638,543663,251312.817,574665305.54590,0
1706803200000,2288.29,2311.51,2267.08,2303.96,419169.698,1706817599999,961692366.68727,496560,210047.216,482017843.04879,0
1706817600000,2303.97,2309.72,2285.11,2303.33,172349.462,1706831999999,396305542.71945,257566,85305.626,196188270.19212,0
1706832000000,2303.32,2320.00,2297.05,2300.36,214771.237,1706846399999,495718496.24272,267570,100039.504,230957236.36488,0
1706846400000,2300.36,2318.90,2295.45,2312.51,190490.742,1706860799999,439449633.28059,230559,99461.934,229452366.80968,0
1706860800000,2312.51,2318.59,2304.07,2317.48,154813.168,1706875199999,357727614.13675,208323,79374.467,183450001.76645,0
1706875200000,2317.48,2324.90,2280.05,2313.01,530869.979,1706889599999,1221446981.01246,561606,259049.141,596164612.98933,0
1706889600000,2313.00,2323.52,2285.29,2300.66,307301.269,1706903999999,707313530.14509,359218,143036.351,329263539.88064,0
1706904000000,2300.65,2309.82,2293.88,2307.99,115969.456,1706918399999,267016801.07111,179408,59758.461,137613616.20874,0
1706918400000,2308.00,2330.45,2305.73,2320.41,223636.633,1706932799999,519001268.44554,280377,119037.258,276277845.50745,0
1706932800000,2320.42,2324.49,2312.21,2313.44,110039.172,1706947199999,255176538.02805,205012,49186.941,114063044.52787,0
1706947200000,2313.45,2315.61,2298.58,2302.72,182812.943,1706961599999,422020659.54140,214759,82868.385,191294354.80038,0
1706961600000,2302.72,2309.12,2291.00,2302.83,184544.395,1706975999999,424756056.04974,220175,91902.899,211566880.01622,0
1706976000000,2302.83,2312.77,2295.41,2302.49,151317.533,1706990399999,348755227.79475,200110,75395.691,173805033.37134,0
1706990400000,2302.49,2304.91,2292.12,2295.42,85931.597,1707004799999,197491463.48514,136715,40509.133,93104075.15343,0
1707004800000,2295.41,2305.78,2290.00,2302.07,106967.812,1707019199999,245858886.69558,173536,56463.587,129782930.52808,0
1707019200000,2302.07,2303.49,2285.00,2289.66,152391.290,1707033599999,349587548.77264,191843,72904.894,167261749.49417,0
1707033600000,2289.67,2309.58,2285.35,2304.62,161890.555,1707047999999,372197318.60408,215338,81721.587,187881190.83330,0
1707048000000,2304.61,2308.70,2296.14,2300.89,120995.059,1707062399999,278604264.51650,154350,57619.615,132681481.80091,0
1707062400000,2300.88,2307.89,2261.51,2278.82,311738.026,1707076799999,712666139.85432,311079,143514.253,328188290.73718,0
1707076800000,2278.81,2311.00,2272.74,2288.66,339818.913,1707091199999,779439160.61784,373148,179471.609,411648860.49030,0
1707091200000,2288.66,2298.01,2267.62,2295.51,199872.714,1707105599999,456139324.88642,281936,106746.519,243666993.51029,0
1707105600000,2295.50,2311.96,2288.36,2309.74,202828.745,1707119999999,466480790.78121,279970,105366.010,242386296.65687,0
1707120000000,2309.74,2332.62,2309.73,2328.56,346925.833,1707134399999,805269630.37481,394268,171069.787,397110143.35427,0
1707134400000,2328.57,2338.00,2292.75,2297.21,421057.816,1707148799999,975640414.28334,459471,202121.514,468444059.40220,0
1707148800000,2297.21,2312.31,2288.85,2303.68,290684.220,1707163199999,668001254.58891,364135,148846.774,342109068.84319,0
1707163200000,2303.67,2305.03,2282.00,2300.83,227864.036,1707177599999,522145555.08571,298601,111586.161,255724265.53867,0
1707177600000,2300.83,2329.30,2297.74,2315.79,263003.630,1707191999999,608838584.49581,314045,134752.411,311936728.74903,0
1707192000000,2315.79,2326.98,2307.00,2326.05,206489.972,1707206399999,478125466.53034,253059,108871.417,252138771.09477,0
1707206400000,2326.05,2344.45,2316.17,2324.58,443629.101,1707220799999,1033508592.34332,473079,223831.877,521519853.60541,0
1707220800000,2324.59,2350.00,2308.16,2342.85,576082.248,1707235199999,1344541526.97990,530207,288862.751,674423236.30247,0
1707235200000,2342.84,2378.99,2340.00,2377.85,418908.059,1707249599999,987660844.62833,499285,218396.111,514991108.85787,0
1707249600000,2377.86,2392.00,2370.59,2371.74,289394.840,1707263999999,689107499.26760,360516,136974.516,326205515.70442,0
1707264000000,2371.74,2389.96,2362.00,2363.79,222060.421,1707278399999,527765098.33467,303643,108780.422,258621125.05900,0
1707278400000,2363.79,2368.17,2355.89,2362.07,184762.801,1707292799999,436487999.86317,258009,92288.572,218044574.39969,0
1707292800000,2362.07,2377.11,2352.06,2360.72,265579.609,1707307199999,627532249.26842,309099,128968.758,304816470.02305,0
1707307200000,2360.71,2385.00,2359.91,2368.69,367551.552,1707321599999,871248327.20066,448319,185672.524,440152226.79746,0
1707321600000,2368.69,2424.92,2367.29,2418.66,728985.777,1707335999999,1754670567.97440,731210,391032.439,940939645.00195,0
1707336000000,2418.66,2445.00,2418.66,2424.22,385562.793,1707350399999,937207028.88498,421503,207691.054,504935198.16758,0
1707350400000,2424.21,2443.43,2422.69,2432.45,276366.729,1707364799999,672508555.04444,348668,141835.448,345165457.49884,0
1707364800000,2432.45,2434.32,2410.16,2420.20,213459.900,1707379199999,516931015.43686,263053,104413.652,252814518.75885,0
1707379200000,2420.20,2429.88,2415.00,2424.19,190476.695,1707393599999,461466871.60347,255070,99829.690,241887285.73612,0
1707393600000,2424.19,2463.28,2415.50,2452.52,590845.102,1707407999999,1440949918.99944,607259,306480.081,747556010.43467,0
1707408000000,2452.47,2454.56,2412.00,2420.66,453011.538,1707422399999,1100199006.07568,498471,208367.708,506008807.16062,0
1707422400000,2420.66,2433.48,2417.01,2418.76,185918.868,1707436799999,450832050.58601,244592,95491.652,231578340.35516,0
1707436800000,2418.77,2466.00,2418.26,2447.52,414269.374,1707451199999,1012219590.70816,456671,217775.837,531911551.17478,0
1707451200000,2447.52,2462.94,2438.44,2452.86,285823.019,1707465599999,700311235.92705,347170,142475.990,349125066.12065,0
1707465600000,2452.86,2507.00,2452.46,2501.82,531773.332,1707479999999,1317221534.39057,555809,298740.247,740294078.80012,0
1707480000000,2501.83,2528.66,2475.30,2494.24,889319.123,1707494399999,2225880746.19215,880179,435008.322,1088914435.11509,0
1707494400000,2494.24,2522.56,2477.13,2484.65,562571.125,1707508799999,1405235481.53898,587812,292537.149,730827008.07677,0
1707508800000,2484.66,2505.80,2482.57,2485.24,224769.007,1707523199999,560268511.22469,306057,115080.724,286874672.64336,0
1707523200000,2485.24,2513.83,2481.65,2511.14,212078.045,1707537599999,529689385.55791,290792,111525.596,278577195.48979,0
1707537600000,2511.13,2515.20,2493.14,2494.06,154992.828,1707551999999,388075416.44543,222576,70171.381,175703060.12312,0
1707552000000,2494.06,2498.28,2470.04,2482.38,280137.983,1707566399999,695654861.57101,343337,135206.924,335727258.48270,0
1707566400000,2482.37,2496.00,2479.59,2489.42,192624.622,1707580799999,479288111.19307,246568,97758.583,243256399.37394,0
1707580800000,2489.43,2496.97,2482.24,2496.73,162773.909,1707595199999,405200181.24158,225597,83073.879,206809430.90793,0
1707595200000,2496.74,2516.12,2491.05,2499.20,317454.801,1707609599999,794658733.22650,387245,156095.710,390804698.23609,0
1707609600000,2499.20,2528.98,2492.47,2528.28,307350.638,1707623999999,771625768.39068,354633,163612.470,410905635.45827,0
1707624000000,2528.28,2538.46,2513.50,2526.93,296459.370,1707638399999,748908299.16487,357061,149977.124,378908733.40146,0
1707638400000,2526.93,2539.20,2510.03,2530.13,243530.369,1707652799999,614707159.82593,306524,118449.838,299029676.25889,0
1707652800000,2530.13,2531.36,2503.37,2507.64,277562.945,1707667199999,697948271.50921,349309,124962.343,314151437.43789,0
1707667200000,2507.65,2519.47,2495.08,2506.67,244910.567,1707681599999,614105290.25352,332800,124672.869,312629933.50703,0
1707681600000,2506.67,2513.63,2492.16,2506.10,152149.786,1707695999999,380581857.22312,228681,77320.770,193420876.21362,0
1707696000000,2506.11,2525.00,2492.02,2498.97,307935.799,1707710399999,772338375.38879,378527,161461.108,405036052.81070,0
1707710400000,2498.98,2504.00,2479.36,2500.89,221481.552,1707724799999,552225460.14139,293033,108796.389,271329132.90831,0
1707724800000,2500.89,2504.83,2470.05,2487.17,306279.329,1707739199999,760804166.01247,395185,141878.225,352402861.50763,0
1707739200000,2487.17,2563.37,2480.09,2557.33,740296.427,1707753599999,1869118665.42482,760493,402078.370,1015049489.20014,0
1707753600000,2557.33,2639.98,2535.56,2610.91,1106241.276,1707767999999,2870436661.88798,1137586,565447.941,1467226698.97405,0
1707768000000,2610.91,2667.74,2610.90,2660.91,490165.854,1707782399999,1295797639.74001,579227,253695.112,670727921.74867,0
1707782400000,2660.91,2688.80,2637.46,2642.41,462739.242,1707796799999,1233529343.51230,580570,222110.090,592302354.12101,0
1707796800000,2642.40,2655.85,2640.00,2650.26,207564.434,1707811199999,549847242.71455,257389,113469.886,300586872.96722,0
1707811200000,2650.26,2688.14,2648.22,2683.15,441983.507,1707825599999,1180286342.81903,597731,223242.924,596172237.33592,0
1707825600000,2683.15,2687.98,2585.70,2632.72,1348262.718,1707839999999,3555740613.57643,1318386,638989.502,1685370290.19273,0
1707840000000,2632.72,2641.99,2593.00,2612.16,561308.474,1707854399999,1469812053.04152,688249,269495.918,705853159.07067,0
1707854400000,2612.16,2651.24,2611.41,2640.83,298113.199,1707868799999,784735099.24029,371559,152008.943,400153066.42667,0
1707868800000,2640.88,2645.21,2619.12,2638.08,203684.464,1707883199999,536117655.63420,325578,101169.423,266305224.95319,0
1707883200000,2638.08,2656.13,2621.12,2653.63,238951.662,1707897599999,631140654.17589,353813,124100.698,327841664.49886,0
1707897600000,2653.62,2763.60,2648.36,2758.06,1030418.618,1707911999999,2808704600.09381,1132454,537356.743,1463986801.10973,0
1707912000000,2758.14,2775.00,2731.00,2751.37,681074.672,1707926399999,1875282673.65828,832985,335408.346,923679245.71302,0
1707926400000,2751.36,2767.87,2728.09,2762.91,380743.588,1707940799999,1045370217.11905,544667,189582.367,520604731.28475,0
1707940800000,2762.90,2788.88,2756.25,2776.14,310746.639,1707955199999,861307512.35657,416176,158421.839,439172152.53582,0
1707955200000,2776.14,2829.41,2772.63,2803.24,661323.806,1707969599999,1850976718.27066,769886,343318.604,960984328.19855,0
1707969600000,2803.24,2805.62,2758.57,2773.93,386470.988,1707983999999,1074935225.69978,490418,183097.564,509312322.60192,0
1707984000000,2773.92,2804.00,2770.02,2794.72,306607.122,1707998399999,855775939.18726,442256,156019.153,435452714.95252,0
1707998400000,2794.71,2870.98,2776.19,2828.35,1152420.604,1708012799999,3258483209.04404,1220058,591013.162,1671194912.65083,0
1708012800000,2828.34,2843.31,2803.88,2836.11,511441.390,1708027199999,1444808405.90219,658266,246790.654,697227208.20144,0
1708027200000,2836.11,2848.54,2787.03,2824.54,426152.941,1708041599999,1201308365.50913,540907,200370.313,564936510.60973,0
1708041600000,2824.53,2859.83,2821.34,2848.03,322105.317,1708055999999,916145312.47817,484200,170915.347,486165368.67987,0
1708056000000,2848.03,2854.69,2813.50,2817.09,317646.783,1708070399999,900670219.57588,467322,145272.661,412037723.95724,0
1708070400000,2817.08,2837.66,2795.50,2825.21,451252.883,1708084799999,1271950726.21887,564320,226869.922,639579009.35822,0
1708084800000,2825.20,2849.44,2732.70,2777.45,930177.706,1708099199999,2607103540.87480,1018956,431320.327,1209277644.27946,0
1708099200000,2777.44,2809.78,2756.75,2764.05,476148.952,1708113599999,1325191276.92571,641889,239406.937,666439023.56159,0
1708113600000,2764.05,2812.14,2759.03,2803.69,239491.129,1708127999999,667875471.53894,369759,120473.311,336003569.97082,0
1708128000000,2803.70,2806.09,2778.39,2794.90,198467.391,1708142399999,554311992.15589,299117,97905.492,273410549.16534,0
1708142400000,2794.90,2800.73,2780.31,2797.20,166025.497,1708156799999,463389351.41822,257266,84418.552,235635508.74817,0
1708156800000,2797.20,2797.21,2766.04,2782.83,316656.316,1708171199999,880003008.48583,418049,150925.876,419461127.70118,0
1708171200000,2782.83,2789.98,2718.35,2756.35,662004.304,1708185599999,1819843769.43118,782863,319508.126,878322515.79918,0
1708185600000,2756.35,2778.97,2744.35,2776.11,220168.747,1708199999999,608468263.54313,337718,107491.573,297066289.31267,0
1708200000000,2776.12,2804.33,2773.17,2787.43,213590.495,1708214399999,595387435.63493,330597,107084.594,298528597.30787,0
1708214400000,2787.44,2799.95,2764.80,2783.89,223875.400,1708228799999,622756986.05526,328749,104835.542,291657620.58242,0
1708228800000,2783.90,2808.99,2780.21,2802.29,314874.279,1708243199999,880800404.77658,431244,156500.786,437842626.03118,0
1708243200000,2802.28,2825.00,2798.22,2804.97,289368.852,1708257599999,813676178.21028,404481,144116.908,405293358.48109,0
1708257600000,2804.97,2814.88,2786.41,2808.60,318256.217,1708271999999,891336635.84113,424578,159330.302,446283883.91247,0
1708272000000,2808.60,2846.97,2794.97,2829.03,393587.929,1708286399999,1110498705.21537,530714,204909.826,578218261.34424,0
1708286400000,2829.03,2899.00,2817.34,2883.58,571705.842,1708300799999,1640246022.10713,722429,297235.319,852853237.34188,0
1708300800000,2883.56,2895.95,2856.40,2888.82,325183.126,1708315199999,936091794.02246,479693,161680.611,465456853.82031,0
1708315200000,2888.82,2934.00,2882.27,2927.89,527930.036,1708329599999,1536734678.67046,724614,277563.441,808149424.62619,0
1708329600000,2927.89,2929.66,2891.09,2914.46,396398.829,1708343999999,1154622064.52926,557166,193903.452,564807010.89403,0
1708344000000,2914.45,2922.80,2888.20,2910.38,381915.435,1708358399999,1109879017.84669,594016,198008.690,575515115.66435,0
1708358400000,2910.37,2957.00,2888.57,2935.49,779381.729,1708372799999,2281418482.69461,935219,385528.657,1128715157.02352,0
1708372800000,2935.49,2988.22,2928.64,2946.55,482435.783,1708387199999,1427704520.64768,674502,241885.112,715994773.07044,0
1708387200000,2946.55,2958.30,2905.14,2908.89,497151.822,1708401599999,1456053673.51351,649778,234743.921,687590900.32459,0
1708401600000,2908.89,2938.12,2905.00,2923.32,253164.184,1708415999999,740601405.23455,372224,126282.363,369441422.59450,0
1708416000000,2923.32,2944.23,2873.60,2937.20,655918.733,1708430399999,1910156139.19133,799998,318433.944,927744345.26883,0
1708430400000,2937.19,3009.68,2901.06,2926.95,1765561.549,1708444799999,5221506901.24469,1779063,865151.017,2559406932.83067,0
1708444800000,2926.94,2989.49,2885.00,2988.23,813734.430,1708459199999,2383080014.48290,934767,421269.256,1234356278.63881,0
1708459200000,2988.23,3036.83,2967.83,3017.21,612586.697,1708473599999,1837221953.07660,735990,315410.516,946409774.66334,0
1708473600000,3017.22,3020.00,2990.50,3007.88,342698.643,1708487999999,1030078708.20894,505950,164236.769,493678202.50964,0
1708488000000,3007.88,3012.45,2922.60,2941.89,626768.678,1708502399999,1860040330.31687,745407,289984.508,860232062.97246,0
1708502400000,2941.88,2958.56,2888.01,2900.32,926280.864,1708516799999,2702361342.91900,1078960,454630.821,1326727228.00920,0
1708516800000,2900.32,2929.80,2867.87,2915.62,1032709.758,1708531199999,2997102774.85270,1262213,507555.653,1473554564.80201,0
1708531200000,2915.61,2938.99,2886.00,2913.65,593944.014,1708545599999,1729459020.61601,753953,287051.864,835903678.33087,0
1708545600000,2913.65,2982.24,2900.55,2969.65,547336.807,1708559999999,1607788590.74342,652768,273881.970,804713755.08914,0
1708560000000,2969.65,2970.35,2907.16,2936.45,468289.780,1708574399999,1374627429.54901,628804,226379.159,664462039.33980,0
1708574400000,2936.45,2999.96,2921.19,2995.94,554186.505,1708588799999,1639859518.61210,669671,298510.582,883391851.71966,0
1708588800000,2995.95,3036.00,2972.22,2992.83,915439.835,1708603199999,2753000315.71552,1083981,459117.782,1380892314.50153,0
1708603200000,2992.83,3007.62,2932.42,2988.33,946390.433,1708617599999,2808968411.17651,1108928,462077.367,1371726886.34079,0
1708617600000,2988.33,3006.00,2962.02,2989.89,452548.660,1708631999999,1350360427.74949,583878,218099.867,650979227.97526,0
1708632000000,2989.88,3044.00,2969.12,2972.80,715949.042,1708646399999,2148230379.60357,810900,360684.336,1082737064.25817,0
1708646400000,2972.80,2996.00,2934.67,2956.97,449613.439,1708660799999,1333030542.43300,639704,216278.782,641201086.77349,0
1708660800000,2956.97,2969.82,2923.17,2935.00,415644.423,1708675199999,1225690269.94104,551528,200671.153,591897228.74566,0
1708675200000,2935.00,2950.05,2913.28,2945.30,406531.635,1708689599999,1192905848.87247,581661,198892.080,583683716.37550,0
1708689600000,2945.30,2964.10,2913.28,2916.80,608181.985,1708703999999,1786595313.55998,882918,297233.364,873310994.94821,0
1708704000000,2916.81,2953.62,2906.62,2947.00,389554.454,1708718399999,1141549069.14304,616216,192572.104,564362038.92925,0
1708718400000,2947.00,2955.41,2907.00,2923.35,231758.546,1708732799999,679449896.36854,357438,112446.011,329627305.02248,0
1708732800000,2923.36,2938.55,2907.16,2932.37,237255.068,1708747199999,693525299.77546,382498,115941.265,338905956.42849,0
1708747200000,2932.37,2968.00,2930.89,2965.18,273498.200,1708761599999,806990753.31779,406521,142236.836,419775217.38492,0
1708761600000,2965.18,2968.36,2949.10,2962.75,192631.927,1708775999999,570075584.85770,306777,93225.020,275919267.02912,0
1708776000000,2962.76,2970.65,2954.41,2956.51,159914.116,1708790399999,473513166.75769,247661,77055.463,228191289.40603,0
1708790400000,2956.51,3009.29,2956.36,2989.27,440462.534,1708804799999,1316291322.55133,575429,237800.100,710646139.42823,0
1708804800000,2989.27,2997.97,2980.71,2994.39,146592.373,1708819199999,438189105.79030,244275,76322.557,228152650.53122,0
1708819200000,2994.39,3055.19,2985.23,3027.29,537515.171,1708833599999,1624912856.35058,673755,277874.881,840090761.78083,0
1708833600000,3027.30,3051.16,3014.52,3032.50,318491.087,1708847999999,966145651.37986,439802,166104.385,503913811.51960,0
1708848000000,3032.49,3043.84,3012.00,3042.93,313441.298,1708862399999,949024366.38940,428655,154060.761,466589017.94309,0
1708862400000,3042.94,3078.00,3027.39,3045.54,660573.727,1708876799999,2017192134.86884,777317,338523.401,1034008111.20925,0
1708876800000,3045.54,3093.23,3028.57,3084.57,550030.075,1708891199999,1683742045.59785,633925,292547.217,895775057.04200,0
1708891200000,3084.57,3131.00,3084.36,3115.24,575645.209,1708905599999,1789273999.37149,720382,304566.656,946567324.17197,0
1708905600000,3115.24,3141.83,3087.02,3109.81,433048.287,1708919999999,1347333556.71976,579956,215999.048,672257117.69923,0
1708920000000,3109.80,3119.44,3087.99,3089.35,309196.472,1708934399999,959628611.01499,407603,145000.258,450137489.56345,0
1708934400000,3089.34,3105.17,3037.25,3059.43,721088.642,1708948799999,2209435718.94016,848820,349806.714,1071847540.14909,0
1708948800000,3059.42,3151.00,3039.42,3149.10,845049.071,1708963199999,2617361660.52216,1045406,445096.377,1379331102.33243,0
1708963200000,3149.10,3188.00,3129.04,3181.20,1051161.983,1708977599999,3318750235.38383,1210400,523067.852,1651772576.41040,0
1708977600000,3181.20,3200.00,3167.50,3178.60,468840.061,1708991999999,1492570404.00719,621128,232747.023,741074429.43747,0
1708992000000,3178.60,3295.57,3168.29,3222.13,933627.696,1709006399999,3018708167.39747,1195132,497812.970,1609743727.48138,0
1709006400000,3222.12,3241.38,3205.26,3219.57,401860.915,1709020799999,1296068895.35286,620520,194599.912,627643214.25459,0
1709020800000,3219.57,3272.79,3218.78,3258.88,394646.935,1709035199999,1282683474.16231,631388,196343.285,638079909.28578,0
1709035200000,3258.87,3292.46,3220.80,3231.74,852298.255,1709049599999,2779244660.56794,1113137,418058.874,1363657431.87873,0
1709049600000,3231.73,3264.00,3205.00,3253.64,563893.318,1709063999999,1825084925.69497,773076,285098.473,922987159.09377,0
1709064000000,3253.65,3273.00,3235.69,3244.98,260265.891,1709078399999,846279570.58771,402071,130706.922,425021586.14742,0
1709078400000,3244.99,3261.53,3233.05,3251.70,198684.667,1709092799999,644895718.58354,348543,98586.483,320003598.37375,0
1709092800000,3251.69,3309.99,3246.43,3306.43,432020.966,1709107199999,1415573897.65544,633283,228501.062,748920308.67493,0
1709107200000,3306.44,3375.61,3280.00,3299.52,1338828.471,1709121599999,4455206806.97104,1591294,678516.546,2258437921.82254,0
1709121600000,3299.52,3381.11,3287.50,3350.30,1183347.801,1709135999999,3954140040.02949,1364652,599756.370,2004163078.18486,0
1709136000000,3350.31,3502.07,3152.94,3302.23,2856789.527,1709150399999,9590635149.14383,3036704,1392489.784,4679254322.06137,0
1709150400000,3302.24,3388.40,3255.12,3387.07,585966.652,1709164799999,1945706557.84772,946767,299765.651,995467511.68456,0
1709164800000,3387.07,3475.68,3379.80,3411.47,745191.998,1709179199999,2552613295.94741,1109293,351006.690,1202389065.83377,0
1709179200000,3411.48,3499.00,3401.48,3471.58,598729.253,1709193599999,2072611548.57460,1046619,296263.672,1025504703.45850,0
1709193600000,3471.59,3531.00,3445.80,3520.55,755221.325,1709207999999,2633893120.05008,1161998,382275.204,1333484416.46858,0
1709208000000,3520.55,3524.76,3447.02,3470.42,803887.142,1709222399999,2794789262.20885,1182080,390107.592,1356278333.91872,0
1709222400000,3470.42,3473.93,3352.00,3408.27,1142824.401,1709236799999,3894286350.58345,1502494,536001.186,1826489708.24352,0
1709236800000,3408.39,3419.67,3300.39,3343.15,695412.788,1709251199999,2331482374.78189,1014706,328073.941,1099688326.83206,0
1709251200000,3343.16,3393.22,3342.18,3371.36,320876.078,1709265599999,1082020826.55312,589974,163063.129,549865201.83844,0
1709265600000,3371.36,3402.36,3366.14,3367.73,277371.894,1709279999999,938299513.78735,557806,132079.655,446852782.67375,0
1709280000000,3367.73,3441.99,3355.24,3414.27,487627.822,1709294399999,1665304527.96261,814754,249268.990,851297594.57493,0
1709294400000,3414.27,3454.19,3380.00,3393.63,608035.219,1709308799999,2080233495.67272,971769,288636.624,987854898.27162,0
1709308800000,3393.63,3439.49,3383.52,3431.14,347205.533,1709323199999,1185423824.83488,590589,175586.795,599450472.33097,0
1709323200000,3431.15,3456.00,3424.30,3435.82,255958.453,1709337599999,880104534.81682,458633,124361.007,427609223.29793,0
1709337600000,3435.83,3464.96,3428.12,3445.79,273485.134,1709351999999,942037428.71263,522302,132619.362,456845496.37794,0
1709352000000,3445.80,3475.00,3390.00,3433.71,336917.439,1709366399999,1156234553.65064,569501,165516.139,568201845.72648,0
1709366400000,3433.71,3439.65,3397.12,3407.88,233734.342,1709380799999,798176759.01268,497938,111147.087,379563153.39146,0
1709380800000,3407.87,3432.00,3397.07,3421.37,243538.946,1709395199999,832034073.85947,467717,117367.487,400964252.11142,0
1709395200000,3421.37,3435.75,3413.42,3429.71,140710.899,1709409599999,482168623.58186,293087,67504.796,231316925.33345,0
1709409600000,3429.71,3435.00,3405.10,3424.43,157853.855,1709423999999,538981124.61631,284390,75123.510,256488173.02408,0
1709424000000,3424.43,3437.64,3412.00,3434.84,178219.429,1709438399999,610736470.73632,359372,87043.218,298312114.92259,0
1709438400000,3434.83,3450.00,3355.88,3394.76,481275.947,1709452799999,1638745404.42650,727235,225972.699,769559686.94037,0
1709452800000,3394.76,3417.79,3377.55,3416.31,232141.849,1709467199999,789762915.48887,489259,115182.152,391853311.12356,0
1709467200000,3416.31,3452.74,3406.08,3424.31,388467.002,1709481599999,1332749679.80112,657240,190329.109,653023357.46518,0
1709481600000,3424.31,3489.63,3421.21,3468.03,379985.948,1709495999999,1317496702.25691,660294,195361.094,677285746.03752,0
1709496000000,3468.04,3496.78,3462.00,3491.77,229146.361,1709510399999,797252071.87092,424852,116606.890,405774766.22775,0
1709510400000,3491.78,3538.19,3420.22,3475.49,672105.493,1709524799999,2346693788.41925,1062891,338163.197,1181169021.49498,0
1709524800000,3475.50,3490.95,3457.64,3480.36,280992.385,1709539199999,976029002.65105,507009,122985.900,427278005.14863,0
1709539200000,3480.37,3549.00,3479.99,3510.35,661112.661,1709553599999,2324257156.41956,1171329,326463.211,1147750999.10680,0
1709553600000,3510.36,3577.00,3460.00,3562.65,832231.307,1709567999999,2933304810.26755,1104864,418083.373,1474158618.15161,0
1709568000000,3562.64,3616.78,3531.21,3596.91,882568.251,1709582399999,3150570256.93969,1313449,428959.924,1531626801.97845,0
1709582400000,3596.91,3644.77,3561.00,3629.72,579118.255,1709596799999,2087159081.76594,872003,297165.491,1071033410.60701,0
1709596800000,3629.72,3705.60,3610.12,3695.86,637890.641,1709611199999,2324317089.97949,944957,317168.100,1155997334.61986,0
1709611200000,3695.86,3751.11,3645.91,3678.00,1110965.925,1709625599999,4120179637.50535,1373277,544072.068,2017806839.49062,0
1709625600000,3678.00,3750.00,3656.00,3737.96,528324.769,1709639999999,1958550866.91185,756691,267880.728,993275235.96118,0
1709640000000,3737.95,3827.93,3737.06,3786.85,1273552.054,1709654399999,4820379730.10049,1604221,640160.118,2423164958.30763,0
1709654400000,3786.85,3800.30,3205.00,3377.73,3035589.731,1709668799999,10877107615.94545,2915599,1396429.550,5011946110.19517,0
1709668800000,3377.53,3583.26,3326.04,3555.43,1844483.822,1709683199999,6367771819.90497,1961135,916292.115,3164199345.84391,0
1709683200000,3555.43,3593.82,3501.00,3540.44,570315.793,1709697599999,2022716100.37710,831924,278045.547,986206644.09494,0
1709697600000,3540.44,3793.56,3538.79,3789.84,1045903.699,1709711999999,3881418962.63139,1274830,538345.043,1997731688.99026,0
1709712000000,3789.85,3902.72,3781.70,3883.07,965149.565,1709726399999,3709458531.84860,1319195,491691.617,1889918375.84907,0
1709726400000,3883.06,3906.42,3725.00,3793.55,1384452.306,1709740799999,5280550029.54174,1871819,663821.325,2532348548.61434,0
1709740800000,3793.57,3884.58,3766.67,3855.68,606009.384,1709755199999,2321081842.96506,903842,313125.434,1199474268.09784,0
1709755200000,3855.68,3896.96,3796.48,3822.36,398819.507,1709769599999,1535387390.34138,573024,198047.832,762639081.09473,0
1709769600000,3822.35,3857.60,3767.50,3779.03,442527.558,1709783999999,1685118844.53128,775237,219784.115,836958080.39555,0
1709784000000,3778.88,3806.95,3736.44,3792.06,452361.655,1709798399999,1708873266.85394,658662,222077.979,839217659.69203,0
1709798400000,3792.07,3819.31,3773.60,3791.67,368237.375,1709812799999,1397555666.13317,632159,180766.999,686092404.99296,0
1709812800000,3791.66,3858.00,3767.98,3840.37,690496.698,1709827199999,2634243674.02320,1010361,342669.570,1307376429.32425,0
1709827200000,3840.37,3888.00,3816.36,3874.31,398880.394,1709841599999,1538043513.36755,670402,201813.246,778305714.00933,0
1709841600000,3874.31,3939.00,3841.28,3871.69,500039.521,1709855999999,1947502988.54602,722902,254704.705,992195389.03076,0
1709856000000,3871.69,3947.36,3866.61,3905.18,385360.053,1709870399999,1507477555.08261,664989,196458.242,768376714.54569,0
1709870400000,3905.19,3954.43,3883.11,3913.52,357182.224,1709884799999,1398684406.50486,543095,177540.754,695286961.54034,0
1709884800000,3913.52,3959.98,3913.27,3954.66,365315.951,1709899199999,1440617259.27515,595515,186485.306,735353927.35453,0
1709899200000,3954.66,4003.33,3889.29,3904.01,1036610.002,1709913599999,4100528204.46657,1377599,513103.785,2030224071.79345,0
1709913600000,3904.02,3983.43,3826.08,3932.00,1068155.021,1709927999999,4164545053.56207,1356485,527762.230,2058128345.18663,0
1709928000000,3932.01,3955.73,3872.79,3886.04,393244.283,1709942399999,1540155946.33617,589108,187404.924,734050305.06068,0
1709942400000,3886.04,3932.80,3880.35,3926.30,171062.577,1709956799999,668791277.13843,336938,87378.931,341621643.97823,0
1709956800000,3926.30,3945.88,3915.00,3928.92,145653.908,1709971199999,572564284.69672,272311,67883.480,266856042.66766,0
1709971200000,3928.91,3939.85,3890.01,3915.99,208743.168,1709985599999,817382259.72516,358018,100255.701,392603541.01415,0
1709985600000,3915.98,3931.07,3904.00,3920.24,154627.565,1709999999999,605903525.13912,300872,76393.119,299344136.54766,0
1710000000000,3920.23,3924.35,3871.46,3884.64,267039.782,1710014399999,1039210821.21229,437699,130488.395,507879228.35681,0
1710014400000,3884.64,3916.24,3884.64,3908.15,109869.982,1710028799999,428966772.56330,212836,56586.553,220916693.68355,0
1710028800000,3908.16,3945.62,3902.29,3938.31,256112.259,1710043199999,1006162253.65624,463055,125523.396,493123050.20112,0
1710043200000,3938.32,3956.48,3932.61,3948.47,173643.895,1710057599999,685183128.00276,308769,86811.443,342590398.80970,0
1710057600000,3948.48,3970.84,3923.35,3936.92,298656.968,1710071999999,1178646531.22774,516383,143082.714,564734854.58818,0
1710072000000,3936.93,3951.63,3860.00,3886.00,465536.918,1710086399999,1817064103.46329,725499,223428.655,872050764.93073,0
1710086400000,3886.00,3929.93,3884.44,3901.17,205461.127,1710100799999,803378105.15445,384559,102207.315,399645084.15261,0
1710100800000,3901.17,3907.60,3791.19,3881.22,418566.637,1710115199999,1611969600.92242,671185,195671.913,753620296.81100,0
1710115200000,3881.32,3891.99,3719.00,3870.31,704888.925,1710129599999,2695204222.34063,1072084,337843.522,1292026989.14241,0
1710129600000,3870.32,4027.20,3836.12,4013.37,964749.577,1710143999999,3811553514.35702,1253577,478689.746,1890756532.84148,0
1710144000000,4013.37,4061.91,3992.24,4038.51,745104.710,1710158399999,3000911654.12565,1059156,381564.935,1537009201.15084,0
1710158400000,4038.52,4072.21,4017.41,4020.68,625968.588,1710172799999,2531094895.61579,923614,295097.867,1193396105.36854,0
1710172800000,4020.69,4095.16,4001.49,4036.12,531525.091,1710187199999,2150924580.95896,771014,261822.310,1059793625.54905,0
1710187200000,4036.12,4089.08,4032.18,4070.52,225030.839,1710201599999,913616892.38741,355535,114371.008,464227281.09364,0
1710201600000,4070.52,4098.64,4024.30,4033.31,378708.736,1710215999999,1538232424.72040,578093,178751.892,726225814.81890,0
1710216000000,4033.31,4056.52,4002.10,4030.09,302708.725,1710230399999,1219932938.89774,523355,147709.293,595302282.50857,0
1710230400000,4030.07,4072.00,3968.00,4024.82,539978.382,1710244799999,2165915301.73579,835868,269240.038,1080171142.37545,0
1710244800000,4024.81,4061.83,3950.00,3992.53,898580.203,1710259199999,3601204703.79385,1316339,446994.114,1791862978.51332,0
1710259200000,3992.53,3996.28,3831.95,3984.96,1225077.987,1710273599999,4809565667.00134,1711140,592992.691,2328800439.83739,0
1710273600000,3984.96,3985.36,3929.60,3984.18,296696.721,1710287999999,1173781278.71566,448843,148617.701,587979350.20092,0
1710288000000,3984.18,4050.00,3976.94,4047.93,295059.069,1710302399999,1185414820.90408,522601,146277.207,587676961.94918,0
1710302400000,4047.92,4085.90,4033.13,4043.28,300471.295,1710316799999,1217990756.51232,496047,151206.731,613134370.86941,0
1710316800000,4043.29,4091.65,4043.29,4053.74,326396.550,1710331199999,1326396323.70237,543779,157074.400,638311881.35727,0
1710331200000,4053.74,4058.00,3935.00,3965.66,929714.395,1710345599999,3707787947.88073,1435518,443656.075,1769294481.03797,0
1710345600000,3965.67,4015.66,3955.50,4004.13,352382.129,1710359999999,1405022241.55131,639481,177554.201,707998004.29108,0
1710360000000,4004.12,4025.84,3977.49,4008.76,241778.061,1710374399999,967018087.39539,417801,121162.776,484695603.67146,0
1710374400000,4008.76,4015.45,3955.62,3997.37,289180.444,1710388799999,1152841942.63226,494883,139112.850,554684031.44367,0
1710388800000,3997.38,4011.97,3942.01,3966.68,372367.152,1710403199999,1480111992.91106,627393,175281.199,696788035.29150,0
1710403200000,3966.68,4002.89,3946.66,3959.21,304526.172,1710417599999,1210127863.50201,511192,148769.981,591145785.00657,0
1710417600000,3959.22,3971.94,3820.00,3848.40,1148129.960,1710431999999,4468657760.72940,1625882,541929.004,2109892127.48260,0
1710432000000,3848.41,3900.51,3725.03,3789.88,1241835.955,1710446399999,4738171322.06051,1583611,598457.109,2284469891.00390,0
1710446400000,3789.87,3894.00,3784.40,3884.99,466679.323,1710460799999,1798842607.64247,661723,238835.562,920568340.41989,0
1710460800000,3884.99,3938.16,3623.00,3724.84,1356202.376,1710475199999,5106707473.72403,1713235,653772.730,2463779971.15861,0
1710475200000,3724.84,3784.00,3656.38,3756.08,806102.435,1710489599999,2992398972.43100,1195873,406631.052,1509942999.50087,0
1710489600000,3756.09,3765.00,3566.00,3692.96,1295205.345,1710503999999,4743536371.28128,1715123,636099.053,2330437463.81576,0
1710504000000,3692.97,3746.80,3674.33,3691.94,587698.656,1710518399999,2178016819.25168,992110,293582.047,1088235887.48836,0
1710518400000,3691.94,3811.10,3661.83,3690.00,782421.828,1710532799999,2916022784.70877,1057748,389295.960,1451112521.73436,0
1710532800000,3690.00,3751.57,3606.00,3745.00,565844.080,1710547199999,2078239528.82492,806948,279797.272,1028277365.81487,0
1710547200000,3745.01,3784.87,3725.19,3738.41,314443.847,1710561599999,1180814438.08102,558317,153663.242,577018582.58939,0
1710561600000,3738.41,3746.68,3692.90,3743.39,217801.755,1710575999999,810779797.98756,451264,107307.310,399522549.01761,0
1710576000000,3743.40,3744.54,3666.00,3695.24,289614.412,1710590399999,1073018788.58548,529680,139325.347,516187031.17039,0
1710590400000,3695.24,3715.20,3640.39,3681.49,383157.034,1710604799999,1406663420.82440,766902,195097.743,716296069.61032,0
1710604800000,3681.49,3683.53,3571.21,3603.01,664551.404,1710619199999,2407157883.92251,1031371,321793.144,1165760513.41017,0
1710619200000,3603.02,3637.42,3468.84,3525.58,867640.901,1710633599999,3079508064.66679,1167416,412806.636,1465751951.68244,0
1710633600000,3525.57,3585.40,3507.10,3574.37,411288.042,1710647999999,1460661397.78597,731879,207940.756,738392525.45129,0
1710648000000,3574.38,3575.23,3414.72,3474.33,655549.363,1710662399999,2281350238.06000,975782,310994.209,1082024068.89665,0
1710662400000,3474.32,3610.25,3462.35,3582.47,644373.183,1710676799999,2291491300.01068,929461,328168.791,1166723880.36501,0
1710676800000,3582.47,3650.00,3531.77,3629.96,559185.576,1710691199999,2007666009.93988,801510,282587.368,1014614373.61891,0
1710691200000,3629.95,3658.98,3604.30,3653.38,277869.220,1710705599999,1008990932.12524,540944,137975.944,501106536.41406,0
1710705600000,3653.39,3682.95,3627.26,3646.99,209288.500,1710719999999,764193578.72342,416616,104181.290,380372242.82518,0
1710720000000,3646.99,3648.78,3560.00,3603.58,401928.482,1710734399999,1448055166.41478,742471,194215.864,699640669.81314,0
1710734400000,3603.58,3645.87,3580.00,3628.97,257002.346,1710748799999,930986622.17175,514381,122882.735,445122973.29182,0
1710748800000,3628.96,3629.47,3552.07,3600.76,463533.858,1710763199999,1662657312.86119,890743,225767.934,809794058.34291,0
1710763200000,3600.77,3616.21,3489.00,3528.17,756968.872,1710777599999,2681477700.76332,1253831,375561.037,1330295392.45729,0
1710777600000,3528.17,3568.00,3454.72,3482.09,644795.749,1710791999999,2258382088.22252,1084443,308118.366,1079406617.11117,0
1710792000000,3482.09,3550.00,3482.09,3523.43,278389.741,1710806399999,980490370.77977,470948,144264.191,508105431.68305,0
1710806400000,3523.44,3551.99,3363.51,3421.68,1083876.271,1710820799999,3715850764.73338,1464950,509181.898,1746200394.74271,0
1710820800000,3421.68,3430.69,3306.45,3361.60,838583.864,1710835199999,2823968593.35686,1263541,405886.942,1367130390.31966,0
1710835200000,3361.60,3361.66,3205.03,3278.91,1501516.445,1710849599999,4892301824.55248,1949478,717847.801,2338758826.26905,0
1710849600000,3278.91,3327.39,3225.00,3304.63,940414.205,1710863999999,3082231085.10167,1394674,460479.907,1509316286.30250,0
1710864000000,3304.63,3363.27,3282.00,3335.56,695769.542,1710878399999,2312542705.20086,1028423,355336.890,1181083152.00800,0
1710878400000,3335.55,3341.25,3153.00,3161.00,834165.126,1710892799999,2694586741.05243,1159237,394670.186,1275107464.02770,0
1710892800000,3160.99,3266.31,3154.14,3162.24,900044.125,1710907199999,2883203524.91345,1265610,430452.065,1378919222.55539,0
1710907200000,3162.28,3228.03,3055.00,3219.73,1325402.808,1710921599999,4157065043.44183,1615331,646554.269,2030086805.65416,0
1710921600000,3219.73,3298.92,3207.02,3294.54,635863.145,1710935999999,2062468543.81994,981438,321227.597,1042236675.63979,0
1710936000000,3294.55,3399.58,3277.00,3295.09,1393414.016,1710950399999,4656723483.27239,1611330,667244.466,2230441641.17196,0
1710950400000,3295.08,3409.70,3142.00,3380.82,2044079.057,1710964799999,6708123244.92625,2261734,1042992.076,3424632689.92634,0
1710964800000,3380.82,3539.16,3372.33,3517.80,846373.114,1710979199999,2947795526.80064,1120847,440649.114,1534723641.86117,0
1710979200000,3517.80,3564.61,3495.70,3513.01,565303.422,1710993599999,1993807156.97482,886430,272166.548,959947948.66855,0
1710993600000,3513.18,3541.11,3450.00,3518.79,544121.847,1711007999999,1905034357.76411,945410,266417.661,933191774.84702,0
1711008000000,3518.80,3590.53,3518.79,3533.33,508284.603,1711022399999,1804721212.18961,903036,253900.866,901703596.81506,0
1711022400000,3533.38,3577.00,3480.05,3500.83,706439.687,1711036799999,2493090120.13855,1142532,351201.104,1239702599.81756,0
1711036800000,3500.82,3549.46,3414.06,3443.60,696349.452,1711051199999,2415626495.62534,1084806,339627.925,1178564159.00855,0
1711051200000,3443.58,3524.99,3414.32,3495.16,428850.446,1711065599999,1493143949.39789,692602,222653.119,775258665.82234,0
1711065600000,3495.16,3531.68,3455.17,3524.94,428083.863,1711079999999,1495385409.03050,758873,222037.010,775853399.51506,0
1711080000000,3524.94,3545.36,3502.80,3514.52,302160.252,1711094399999,1064598764.95022,556669,156070.952,549989762.24352,0
1711094400000,3514.53,3527.19,3400.00,3407.74,570646.861,1711108799999,1972479778.50971,883463,255056.146,881997992.69778,0
1711108800000,3407.74,3429.00,3282.77,3351.21,1335648.538,1711123199999,4478685565.96077,1797288,627311.291,2103455870.40743,0
1711123200000,3351.21,3364.56,3290.53,3343.61,630352.431,1711137599999,2099545140.92204,919506,306506.714,1020986080.32717,0
1711137600000,3343.62,3348.16,3250.10,3339.00,583687.235,1711151999999,1924683292.39481,778794,282210.844,930910621.72136,0
1711152000000,3338.99,3364.44,3271.38,3305.32,377668.706,1711166399999,1255289076.93143,610661,177160.222,588959021.23536,0
1711166400000,3305.33,3386.81,3300.28,3367.61,329913.526,1711180799999,1103578018.94379,544292,176506.325,590483356.61986,0
1711180800000,3367.61,3385.00,3330.08,3367.32,346643.232,1711195199999,1163106973.49442,544890,169387.533,568496492.88922,0
1711195200000,3367.32,3425.93,3346.10,3407.57,475661.505,1711209599999,1611953832.34974,685778,241857.286,819879639.61269,0
1711209600000,3407.58,3438.00,3386.09,3388.67,265874.486,1711223999999,906503463.54946,483928,131706.585,449128901.04657,0
1711224000000,3388.66,3403.79,3328.00,3330.96,269582.440,1711238399999,909488300.77904,448414,122598.839,413923690.37569,0
1711238400000,3330.96,3370.91,3307.68,3310.68,253160.708,1711252799999,845134809.30691,471253,123932.454,413818108.89703,0
1711252800000,3310.69,3345.57,3301.46,3344.30,215394.966,1711267199999,715841790.47747,407702,115789.734,384882450.23820,0
1711267200000,3344.30,3395.66,3337.78,3389.88,291253.425,1711281599999,981975672.41541,474471,153252.396,516809141.05847,0
1711281600000,3389.87,3417.64,3379.13,3399.94,289283.048,1711295999999,983085752.56759,513323,143225.480,486844985.87204,0
1711296000000,3399.94,3411.94,3334.31,3385.09,464328.586,1711310399999,1565120775.12060,684606,227634.927,767550776.54155,0
1711310400000,3385.09,3474.16,3377.68,3457.16,351146.979,1711324799999,1205904259.70076,609633,187478.226,643850538.15363,0
1711324800000,3457.16,3463.68,3422.18,3457.06,234904.798,1711339199999,807971234.89309,461351,113181.244,389364102.91116,0
1711339200000,3457.05,3508.80,3443.16,3446.71,315427.498,1711353599999,1096202394.79541,601559,153843.785,534734162.80728,0
1711353600000,3446.72,3474.98,3433.81,3438.40,240645.307,1711367999999,830723856.66141,511142,117480.374,405592610.12633,0
1711368000000,3438.39,3591.31,3430.41,3584.48,801470.971,1711382399999,2824579575.27827,1283965,414551.204,1460955376.49835,0
1711382400000,3584.48,3665.10,3569.17,3642.53,602880.109,1711396799999,2183716756.06032,1021514,315228.499,1141843689.26418,0
1711396800000,3642.53,3651.44,3568.07,3592.94,335562.429,1711411199999,1211078955.52269,611633,163598.172,590527135.02276,0
1711411200000,3592.94,3645.13,3584.00,3626.56,325464.782,1711425599999,1176876779.25962,553028,164417.022,594620813.37458,0
1711425600000,3626.55,3684.45,3622.08,3637.91,348759.066,1711439999999,1272435837.45401,567744,180404.116,658385504.78306,0
1711440000000,3637.91,3674.00,3630.44,3634.47,330573.018,1711454399999,1207364756.38394,603905,165864.737,605823276.35305,0
1711454400000,3634.44,3657.08,3545.63,3596.00,801604.546,1711468799999,2885631033.43168,1238134,400354.573,1441810991.61905,0
1711468800000,3595.99,3607.64,3545.80,3563.68,415686.550,1711483199999,1485665600.30164,830121,208347.298,744573236.44621,0
1711483200000,3563.67,3617.30,3561.21,3589.64,211322.144,1711497599999,758330751.13685,420098,104590.165,375336150.64068,0
1711497600000,3589.65,3631.00,3578.78,3605.42,224270.015,1711511999999,809838260.06501,443081,113901.118,411309707.17581,0
1711512000000,3605.43,3619.46,3561.16,3567.55,248290.735,1711526399999,891812295.69967,449417,112581.778,404438125.64110,0
1711526400000,3567.55,3594.75,3535.00,3588.90,347782.044,1711540799999,1241217707.70558,611276,172580.771,616103790.37202,0
1711540800000,3588.89,3671.94,3500.45,3517.30,1372928.908,1711555199999,4903218032.46877,1875759,678561.718,2423155423.60292,0
1711555200000,3517.30,3535.00,3461.18,3494.54,508165.129,1711569599999,1778651320.47229,845648,245996.428,861187660.47997,0
1711569600000,3494.54,3525.19,3491.94,3504.99,207160.339,1711583999999,727343192.29514,375682,104740.951,367748312.49799,0
1711584000000,3504.99,3536.31,3466.97,3499.57,337290.216,1711598399999,1181403520.77239,558659,171575.066,601037049.28835,0
1711598400000,3499.57,3583.00,3498.50,3577.28,340865.013,1711612799999,1209002550.30448,556857,169451.738,600885501.19518,0
1711612800000,3577.32,3597.61,3566.52,3583.25,299104.490,1711627199999,1072037402.22980,571162,145957.735,523175919.65288,0
1711627200000,3583.24,3615.83,3554.95,3581.60,558347.137,1711641599999,2002576591.83731,976954,278833.061,1000290730.87766,0
1711641600000,3581.60,3584.06,3535.22,3566.14,274607.414,1711655999999,978761395.06462,477475,131411.018,468463530.88688,0
1711656000000,3566.13,3583.54,3545.40,3563.99,160970.080,1711670399999,573827477.52432,303829,82623.400,294584572.60145,0
1711670400000,3564.00,3588.93,3552.50,3564.98,182078.213,1711684799999,649390410.68521,368419,90755.065,323745886.65555,0
1711684800000,3564.98,3584.10,3515.00,3522.38,335644.928,1711699199999,1192450343.62664,482571,159910.180,568111996.31098,0
1711699200000,3522.38,3567.64,3519.39,3553.47,330529.689,1711713599999,1170728993.12427,529183,170200.037,602983766.22445,0
1711713600000,3553.47,3561.73,3481.01,3490.25,444838.472,1711727999999,1569060464.39025,714816,206445.550,728459903.27286,0
1711728000000,3490.25,3504.94,3475.00,3502.58,242030.124,1711742399999,844957680.62800,456992,117710.873,411011154.03289,0
1711742400000,3502.57,3527.85,3477.77,3512.46,195518.722,1711756799999,685624001.58434,324292,96732.459,339174067.49619,0
1711756800000,3512.47,3524.15,3488.26,3492.18,168846.662,1711771199999,592278252.21621,311958,82732.761,290254486.90455,0
1711771200000,3492.18,3536.91,3489.27,3495.20,237856.185,1711785599999,835147791.71549,429548,123457.171,433488243.57338,0
1711785600000,3495.20,3568.71,3493.98,3563.47,276146.121,1711799999999,974870764.92919,418222,143165.647,505301644.94153,0
1711800000000,3563.48,3569.97,3533.19,3539.97,200206.932,1711814399999,710349870.17455,331767,92749.734,329076404.45985,0
1711814400000,3539.98,3551.74,3486.51,3511.43,237852.197,1711828799999,837203903.88078,386595,111503.378,392512632.65299,0
1711828800000,3511.44,3522.81,3496.96,3508.66,137871.361,1711843199999,483689019.88417,269987,65911.012,231275707.84356,0
1711843200000,3508.66,3547.99,3507.39,3540.00,172241.898,1711857599999,607999431.20048,315992,90870.733,320756993.48682,0
1711857600000,3539.99,3638.85,3534.68,3630.17,454870.998,1711871999999,1637010802.10064,670142,246027.703,884939823.49000,0
1711872000000,3630.18,3638.00,3603.16,3613.39,208122.875,1711886399999,752858985.19189,327854,99247.382,359064889.23601,0
1711886400000,3613.38,3645.50,3610.05,3621.04,265269.555,1711900799999,961690843.96212,362812,136060.923,493363132.37695,0
1711900800000,3621.04,3661.08,3616.42,3643.35,254561.066,1711915199999,926029171.50734,394092,133978.562,487455621.38717,0
1711915200000,3643.36,3654.91,3621.19,3648.79,180335.678,1711929599999,656376203.91057,302075,91401.539,332719114.27042,0
1711929600000,3648.80,3649.67,3604.00,3614.45,229422.519,1711943999999,830789238.22865,364589,108091.087,391382417.43965,0
1711944000000,3614.46,3617.66,3500.00,3548.69,715938.691,1711958399999,2539506482.83411,892934,339973.148,1205790450.67293,0
1711958400000,3548.69,3563.25,3521.52,3540.60,273290.439,1711972799999,967987418.38356,454042,127758.697,452578145.97046,0
1711972800000,3540.60,3574.30,3438.88,3446.04,827610.506,1711987199999,2899475643.34658,1098660,379674.637,1331105551.31157,0
1711987200000,3446.03,3491.78,3413.00,3488.78,499248.181,1712001599999,1722110119.53338,742493,253138.803,873327071.24487,0
1712001600000,3488.79,3518.75,3472.86,3506.52,208990.173,1712015999999,731008522.22501,333044,100514.859,351612003.59645,0
1712016000000,3506.52,3508.44,3315.45,3367.81,910685.829,1712030399999,3096426340.09531,1128651,409474.846,1392899326.62466,0
1712030400000,3367.80,3390.97,3338.64,3364.82,382484.066,1712044799999,1288711755.05973,609071,189434.004,638266775.10124,0
1712044800000,3364.81,3374.22,3278.45,3311.10,777925.063,1712059199999,2586753280.42373,1100341,370583.571,1232596416.43639,0
1712059200000,3311.11,3326.71,3232.67,3241.97,931600.107,1712073599999,3057833462.16682,1233722,430225.603,1412781935.62771,0
1712073600000,3241.97,3286.52,3212.00,3279.26,620453.590,1712087999999,2019350818.31533,851898,301812.703,982605708.71953,0
1712088000000,3279.19,3307.74,3241.60,3280.76,348564.409,1712102399999,1142611869.86267,474717,163341.377,535537916.10116,0
1712102400000,3280.67,3327.75,3203.12,3317.32,609390.087,1712116799999,1993383107.65731,838896,302329.422,989209772.36366,0
1712116800000,3317.32,3326.70,3280.88,3307.19,265803.026,1712131199999,879275898.07609,405809,117956.673,390250296.20439,0
1712131200000,3307.20,3359.36,3291.04,3320.03,550195.476,1712145599999,1830400273.46837,701433,265823.501,884388884.26070,0
1712145600000,3320.04,3366.38,3294.18,3330.77,514282.160,1712159999999,1714496006.73149,804853,249702.956,832357245.68981,0
1712160000000,3330.78,3370.00,3282.07,3315.80,507322.545,1712174399999,1688038124.69276,727403,248508.303,826914511.85497,0
1712174400000,3315.80,3327.64,3290.04,3313.29,213191.378,1712188799999,705785800.00808,383913,106708.566,353261861.31114,0
1712188800000,3313.28,3335.64,3264.01,3276.35,349305.618,1712203199999,1150891917.44567,510780,169388.549,558053429.10809,0
1712203200000,3276.35,3336.88,3252.59,3324.80,343090.151,1712217599999,1130710521.67942,480354,170397.662,561491116.05555,0
1712217600000,3324.80,3358.00,3320.91,3342.38,214631.796,1712231999999,716927183.00436,379534,105900.494,353773598.95319,0
1712232000000,3342.37,3398.00,3340.60,3366.11,430743.251,1712246399999,1451968853.33023,666983,208741.608,703754297.62351,0
1712246400000,3366.11,3446.48,3361.67,3367.84,517686.391,1712260799999,1758441206.16176,738707,266165.742,904146135.71878,0
1712260800000,3367.83,3372.00,3277.55,3329.65,591097.825,1712275199999,1960719493.75013,778669,298436.487,989860501.84783,0
1712275200000,3329.65,3337.80,3252.59,3310.00,432659.826,1712289599999,1424727091.07197,667667,211076.693,695212022.00547,0
1712289600000,3310.00,3321.94,3241.71,3289.18,408897.427,1712303999999,1341730391.91153,609002,199305.327,654178112.09268,0
1712304000000,3289.18,3315.15,3237.21,3245.50,428213.637,1712318399999,1401898245.28102,704054,204435.432,669513128.35842,0
1712318400000,3245.49,3332.25,3208.00,3328.52,864196.400,1712332799999,2827568154.95872,1254098,420676.813,1376847814.36910,0
1712332800000,3328.53,3352.07,3307.73,3322.46,337904.008,1712347199999,1124089746.26019,554783,168079.450,559282167.82656,0
1712347200000,3322.46,3348.27,3312.50,3319.66,145520.810,1712361599999,484493671.96083,288426,70936.942,236222275.01512,0
1712361600000,3319.66,3349.05,3308.00,3333.26,184732.496,1712375999999,614651491.02348,349154,92504.042,307795851.53230,0
1712376000000,3333.26,3355.44,3322.78,3331.72,162370.538,1712390399999,542092857.44367,328479,78850.944,263272564.25988,0
1712390400000,3331.73,3354.14,3325.29,3332.05,150469.432,1712404799999,502282027.11368,294831,71855.945,239908336.19883,0
1712404800000,3332.04,3363.59,3315.01,3336.70,221652.353,1712419199999,739593468.39856,377243,104702.463,349336020.22813,0
1712419200000,3336.69,3359.43,3332.56,3350.79,166739.354,1712433599999,557701173.43185,288595,90982.404,304293700.29420,0
1712433600000,3350.78,3402.72,3345.33,3353.15,245755.350,1712447999999,828310171.74065,418492,119469.290,402714547.11335,0
1712448000000,3353.16,3417.11,3345.51,3389.65,281025.302,1712462399999,950803654.66857,465149,140682.521,475988048.29290,0
1712462400000,3389.66,3409.00,3375.38,3386.99,150704.740,1712476799999,511070934.02125,276985,77384.181,262487295.37525,0
1712476800000,3386.98,3397.23,3377.76,3391.29,116402.918,1712491199999,394482639.89765,258158,55997.953,189783040.01488,0
1712491200000,3391.29,3422.77,3385.83,3391.37,298398.374,1712505599999,1015704596.31216,530834,150452.675,512150348.69858,0
1712505600000,3391.38,3414.90,3368.14,3383.31,272683.119,1712519999999,924506590.00533,513924,133880.346,453906883.43292,0
1712520000000,3383.31,3462.19,3379.73,3455.99,324880.085,1712534399999,1112157095.23090,552109,171076.882,585819495.20984,0
1712534400000,3456.00,3459.50,3407.33,3424.77,241505.897,1712548799999,828624098.27716,541061,119228.727,409042740.56794,0
1712548800000,3424.76,3482.80,3414.50,3476.16,271806.748,1712563199999,937449253.85105,506111,145150.505,500607986.26178,0
1712563200000,3476.17,3648.00,3472.09,3636.17,954739.651,1712577599999,3426332067.08669,1490487,507323.646,1819681683.02438,0
1712577600000,3636.18,3675.42,3598.00,3631.65,668815.417,1712591999999,2435931315.95644,1147194,320960.428,1169671604.86284,0
1712592000000,3631.64,3714.98,3629.93,3705.66,443820.983,1712606399999,1631362457.86431,817631,231580.579,851384358.03966,0
1712606400000,3705.73,3735.31,3684.00,3697.60,265245.933,1712620799999,982803497.66327,521359,138845.227,514547206.56279,0
1712620800000,3697.59,3730.00,3667.30,3694.99,398271.599,1712635199999,1472935828.49387,782531,189054.966,699348720.60129,0
1712635200000,3695.00,3704.66,3632.40,3644.11,547007.985,1712649599999,2004913751.93086,863213,257843.040,945007722.30280,0
1712649600000,3644.10,3650.00,3580.00,3635.68,622113.842,1712663999999,2251464676.14288,963734,308480.268,1116465152.11812,0
1712664000000,3635.68,3646.40,3480.88,3532.12,1101753.135,1712678399999,3918454339.99015,1554043,528458.066,1879779661.22317,0
1712678400000,3532.12,3535.34,3452.30,3519.64,564363.473,1712692799999,1974844431.67551,872912,269046.638,941745463.89456,0
1712692800000,3519.63,3530.00,3490.00,3508.45,214572.803,1712707199999,753066690.45281,374376,106245.797,372988561.09837,0
1712707200000,3508.46,3541.00,3467.56,3515.10,478594.126,1712721599999,1675207331.16221,843269,236489.804,828083548.77397,0
1712721600000,3515.09,3556.97,3508.32,3538.91,260203.954,1712735999999,919888916.96411,552152,131901.078,466368055.00291,0
1712736000000,3538.92,3543.94,3494.00,3523.81,350811.165,1712750399999,1233866356.58312,754374,168842.846,593937724.56350,0
1712750400000,3523.82,3531.25,3413.20,3481.08,972201.421,1712764799999,3366616601.13891,1557147,464433.283,1608443632.06110,0
1712764800000,3481.08,3550.60,3471.00,3524.00,499629.159,1712779199999,1754032932.63916,959049,257359.930,903626866.29813,0
1712779200000,3523.99,3567.18,3496.62,3547.64,270917.552,1712793599999,957726051.24399,553902,142238.273,503060938.11912,0
1712793600000,3547.64,3580.00,3525.97,3578.53,246252.597,1712807999999,874700877.69977,546563,123065.370,437198786.83169,0
1712808000000,3578.55,3609.00,3555.20,3585.41,266847.013,1712822399999,954959256.31334,572828,135498.749,485028586.42632,0
1712822400000,3585.42,3621.74,3516.16,3524.85,420313.936,1712836799999,1502045666.57900,782727,199948.929,714899650.31462,0
1712836800000,3524.85,3578.46,3488.00,3509.94,783212.512,1712851199999,2761166964.44529,1368958,380912.111,1343295675.04505,0
1712851200000,3509.94,3524.97,3475.03,3519.89,353039.708,1712865599999,1237760880.31082,671261,176211.372,617904620.92799,0
1712865600000,3519.88,3534.48,3491.60,3504.43,165318.475,1712879999999,580683863.46644,368809,83476.648,293249903.40540,0
1712880000000,3504.42,3539.87,3503.14,3536.00,176349.201,1712894399999,621239783.00206,421242,89950.553,316922194.82159,0
1712894400000,3536.01,3555.00,3509.46,3518.79,212029.090,1712908799999,749266617.76671,421270,103469.540,365678692.68065,0
1712908800000,3518.79,3545.00,3510.64,3534.16,254545.132,1712923199999,897760554.95998,477654,132361.551,466893753.55957,0
1712923200000,3534.16,3534.77,3440.44,3442.42,648673.388,1712937599999,2254216532.16436,1017541,296468.864,1030067916.15956,0
1712937600000,3442.42,3456.13,3062.04,3206.98,2144196.135,1712951999999,7026683496.68557,2496555,956157.475,3133098609.34868,0
1712952000000,3206.93,3257.36,3201.58,3238.30,461072.885,1712966399999,1488045280.22401,741634,224663.641,725050886.03823,0
1712966400000,3238.31,3238.31,3143.30,3232.06,570348.417,1712980799999,1823452647.27821,877884,279642.687,894142551.98089,0
1712980800000,3232.06,3273.84,3223.87,3258.55,347649.096,1712995199999,1131107215.83300,596315,169926.495,552924730.89088,0
1712995200000,3258.56,3305.42,3248.46,3269.39,329155.842,1713009599999,1077550310.87444,572307,160023.867,523884128.64012,0
1713009600000,3269.39,3298.77,3251.34,3273.12,350335.169,1713023999999,1147186710.44351,561780,179348.273,587418995.71139,0
1713024000000,3273.12,3281.00,2971.10,3083.37,1245588.279,1713038399999,3951340917.03738,1639877,560710.257,1782178455.28707,0
1713038400000,3083.37,3092.48,2791.61,3005.46,2465440.014,1713052799999,7273152857.40297,2844623,1142742.281,3373266496.19708,0
1713052800000,3005.47,3019.09,2903.00,2969.27,897106.534,1713067199999,2659133694.98768,1319400,420828.579,1247628794.58852,0
1713067200000,2969.26,3102.84,2963.94,3083.33,588117.410,1713081599999,1796850835.49381,844572,284113.937,867663280.35245,0
1713081600000,3083.33,3098.95,3006.85,3026.33,482752.913,1713095999999,1471862363.79700,694923,236505.341,721267293.63820,0
1713096000000,3026.32,3074.14,3005.06,3055.19,570786.388,1713110399999,1735000750.73240,882061,295089.812,897100053.28170,0
1713110400000,3055.18,3099.90,2976.60,3072.38,866542.873,1713124799999,2646228461.02701,1106794,421534.589,1287562542.39202,0
1713124800000,3072.38,3173.32,3045.81,3153.16,544898.639,1713139199999,1702385302.80842,715674,276188.772,862856026.32581,0
1713139200000,3153.16,3155.44,3097.95,3145.02,414705.872,1713153599999,1296752356.70289,708707,202307.973,632702871.07000,0
1713153600000,3145.03,3254.29,3120.88,3240.96,607992.486,1713167999999,1947466994.06454,806520,308902.374,989525189.27105,0
1713168000000,3240.97,3277.74,3225.25,3228.47,429391.221,1713182399999,1395196496.80665,586578,210930.621,685577398.61603,0
1713182400000,3228.47,3242.99,3101.09,3162.26,904230.569,1713196799999,2869255099.51929,1208457,436039.276,1383576591.07832,0
1713196800000,3162.26,3179.00,3022.08,3098.88,1132955.575,1713211199999,3514120531.55840,1493231,547105.783,1697627004.21166,0
1713211200000,3098.88,3127.19,3055.00,3100.75,365761.208,1713225599999,1132466825.47618,563339,175557.111,543721850.68077,0
1713225600000,3100.76,3119.52,3048.41,3071.74,468983.659,1713239999999,1445279020.20308,775164,226123.629,696956029.81901,0
1713240000000,3071.73,3127.41,2976.43,3105.87,686162.143,1713254399999,2094641555.04930,958078,340881.107,1041240924.67701,0
1713254400000,3105.87,3110.38,2999.03,3091.79,701146.680,1713268799999,2142783407.26074,1052307,338058.858,1033443519.68437,0
1713268800000,3091.79,3094.28,3007.00,3007.61,737850.246,1713283199999,2254568266.61218,1288127,354508.023,1083580643.62941,0
1713283200000,3007.62,3084.00,2991.14,3056.04,588948.682,1713297599999,1793167227.65748,1038480,295358.213,899356762.51354,0
1713297600000,3056.04,3119.30,3049.34,3082.85,268868.087,1713311999999,829603600.01845,414366,140748.532,434381046.95494,0
1713312000000,3082.84,3106.00,3065.74,3093.68,261576.394,1713326399999,806963585.37235,478040,125680.199,387760373.92859,0
1713326400000,3093.69,3123.12,3061.00,3074.66,329905.340,1713340799999,1020424398.38337,526984,164095.421,507743379.19204,0
1713340800000,3074.66,3086.61,3035.03,3038.97,318702.273,1713355199999,976489926.13800,484989,153701.719,471012337.84502,0
1713355200000,3039.00,3063.24,2924.00,2945.77,1256223.224,1713369599999,3750473065.58133,1720642,601247.668,1795536339.21063,0
1713369600000,2945.60,3042.82,2912.45,3000.44,867409.521,1713383999999,2589395382.89201,1231107,447102.841,1334901745.01725,0
1713384000000,3000.44,3014.14,2962.29,2983.25,277912.955,1713398399999,831426059.60948,497007,140890.034,421546497.13338,0
1713398400000,2983.26,3034.35,2949.54,3023.94,382511.738,1713412799999,1145687863.64743,673520,184555.044,552908634.96303,0
1713412800000,3023.94,3033.34,2954.77,2973.66,404508.102,1713427199999,1208961728.77161,620725,196178.700,586183566.21143,0
1713427200000,2973.66,3064.56,2952.00,3045.00,506860.130,1713441599999,1527060157.58545,807007,261414.928,787605245.54912,0
1713441600000,3045.00,3093.59,2982.93,3066.99,819207.532,1713455999999,2496397568.35883,1223794,406756.132,1239650950.39900,0
1713456000000,3066.99,3081.95,3016.41,3063.07,397607.728,1713470399999,1212901082.56638,690384,201351.021,614282465.57752,0
1713470400000,3062.95,3080.58,3054.05,3062.85,164850.390,1713484799999,505352141.25046,302379,85851.374,263225197.18170,0
1713484800000,3062.85,3069.00,2861.76,2978.30,1294060.765,1713499199999,3817731264.58256,1742599,610127.106,1800092953.88117,0
1713499200000,2978.30,3128.52,2977.63,3082.60,895061.802,1713513599999,2730269695.41992,1237430,446123.043,1360835225.43113,0
1713513600000,3082.57,3123.41,3075.24,3100.94,520400.989,1713527999999,1613457302.14840,845583,266401.925,826049600.38065,0
1713528000000,3100.94,3120.00,3053.00,3079.32,514164.869,1713542399999,1588096066.91821,891531,254236.627,785360901.75723,0
1713542400000,3079.31,3107.29,3042.42,3103.36,405937.384,1713556799999,1246658327.05829,680171,204010.643,626676316.67922,0
1713556800000,3103.41,3104.89,3018.14,3054.91,378176.977,1713571199999,1158791240.27526,584589,180421.385,552860098.66243,0
1713571200000,3054.91,3070.45,3016.40,3054.48,309015.414,1713585599999,940895472.73575,546047,152032.650,462958551.62677,0
1713585600000,3054.49,3069.81,3047.77,3059.77,144864.579,1713599999999,443371972.31715,260241,69285.032,212059585.02302,0
1713600000000,3059.79,3060.25,3027.88,3045.84,218610.341,1713614399999,665042960.06622,381699,107763.290,327833276.90424,0
1713614400000,3045.83,3113.88,3038.34,3108.48,265004.358,1713628799999,814694177.01826,420965,138728.498,426678914.55824,0
1713628800000,3108.48,3165.00,3086.14,3147.00,486033.557,1713643199999,1520809244.71172,707883,245718.525,768968567.91351,0
1713643200000,3147.01,3173.83,3139.01,3154.31,201540.454,1713657599999,635447765.25024,335609,99287.838,313071435.42093,0
1713657600000,3154.30,3196.41,3124.78,3165.01,328995.230,1713671999999,1040956259.42187,526161,167529.644,530115971.72295,0
1713672000000,3165.01,3189.99,3150.02,3177.92,258929.890,1713686399999,821565319.96642,405708,119647.161,379652948.23774,0
1713686400000,3177.92,3185.81,3152.04,3167.02,217631.578,1713700799999,689566319.08333,378485,109588.638,347255031.78307,0
1713700800000,3167.01,3175.73,3134.79,3158.23,264033.314,1713715199999,832555412.51755,442371,129576.814,408611382.99110,0
1713715200000,3158.22,3160.69,3114.15,3135.73,314690.181,1713729599999,987277804.33553,491537,151383.200,474957815.37493,0
1713729600000,3135.72,3168.49,3127.75,3145.73,190885.646,1713743999999,601278685.01068,335950,95378.177,300430515.65075,0
1713744000000,3145.74,3210.90,3127.14,3189.23,489670.009,1713758399999,1548585486.90507,781839,253177.561,800828300.34592,0
1713758400000,3189.15,3235.00,3182.61,3202.57,361532.776,1713772799999,1160865898.82469,615699,178959.591,574779301.21369,0
1713772800000,3202.56,3222.96,3186.01,3193.04,283133.022,1713787199999,907733886.92392,446981,138550.599,444279703.62281,0
1713787200000,3193.04,3210.48,3164.16,3182.04,384412.817,1713801599999,1225435198.17962,642127,187541.523,597852200.52548,0
1713801600000,3182.04,3216.78,3167.17,3186.56,309177.337,1713815999999,987147172.16141,502443,151514.969,483792920.53293,0
1713816000000,3186.56,3223.00,3182.06,3198.66,219514.901,1713830399999,703176598.83782,360737,110293.634,353335134.31602,0
1713830400000,3198.66,3221.85,3179.32,3182.19,200051.812,1713844799999,640515187.05029,362940,93868.021,300567479.52109,0
1713844800000,3182.18,3192.32,3150.31,3158.93,258093.198,1713859199999,818968300.84021,439469,122016.820,387276303.40092,0
1713859200000,3158.93,3184.38,3151.02,3178.63,197215.139,1713873599999,624950689.40592,372869,99333.081,314768862.62612,0
1713873600000,3178.63,3266.91,3171.49,3224.48,604715.946,1713887999999,1948693508.93342,948049,318291.189,1025882947.12077,0
1713888000000,3224.48,3245.86,3211.50,3217.27,210317.904,1713902399999,679151031.32829,414591,106965.538,345448608.57914,0
1713902400000,3217.27,3222.12,3184.40,3218.04,192712.379,1713916799999,617803928.65988,343637,95659.777,306765654.15873,0
1713916800000,3218.03,3247.50,3208.55,3236.60,216687.186,1713931199999,700044960.20532,415507,104468.660,337546413.83133,0
1713931200000,3236.60,3274.00,3235.25,3248.40,268500.237,1713945599999,874270726.31082,448039,133652.185,435242060.52490,0
1713945600000,3248.40,3286.00,3240.06,3280.15,295761.940,1713959999999,964775599.73253,503217,151926.449,495663649.62510,0
1713960000000,3280.15,3293.38,3165.00,3174.60,818163.903,1713974399999,2635671100.85511,1222276,398059.484,1282906127.30319,0
1713974400000,3174.59,3192.27,3102.50,3133.25,601815.740,1713988799999,1897632842.86870,855397,270467.409,853259977.27203,0
1713988800000,3133.25,3151.34,3110.11,3138.84,281898.273,1714003199999,882920447.10876,484846,140761.225,440881983.26420,0
1714003200000,3138.84,3169.98,3125.00,3145.68,281290.791,1714017599999,886364008.25905,475727,139364.031,439113310.46214,0
1714017600000,3145.69,3166.48,3124.26,3134.99,256937.603,1714031999999,808393801.75959,413599,123872.148,389805963.05703,0
1714032000000,3134.99,3151.95,3070.16,3110.35,547821.522,1714046399999,1701855212.70786,813377,252130.084,783402791.57692,0
1714046400000,3110.35,3168.00,3080.06,3158.83,753653.836,1714060799999,2353870021.95909,1170398,388491.403,1213938200.30662,0
1714060800000,3158.84,3174.81,3144.11,3164.83,391626.628,1714075199999,1236641550.90605,572422,193478.083,611126968.89602,0
1714075200000,3164.83,3189.97,3150.92,3154.44,216745.538,1714089599999,686769173.67648,334652,106882.445,338731655.42340,0
1714089600000,3154.44,3163.30,3122.68,3140.41,265219.131,1714103999999,833852192.68061,473181,133254.290,419018127.05219,0
1714104000000,3140.42,3152.62,3127.04,3133.48,224812.531,1714118399999,705560985.50901,374442,112899.175,354347764.43109,0
1714118400000,3133.48,3156.68,3120.01,3127.57,249190.800,1714132799999,781499885.35740,396204,130165.615,408267439.45418,0
1714132800000,3127.54,3167.20,3100.38,3116.44,634145.074,1714147199999,1985397143.43072,938067,309442.188,968983671.78951,0
1714147200000,3116.45,3154.45,3103.52,3132.67,258819.926,1714161599999,811168067.84536,410697,125000.456,391785066.19462,0
1714161600000,3132.67,3152.80,3118.17,3129.98,132128.654,1714175999999,414260772.77338,232076,68828.508,215818411.96528,0
1714176000000,3129.98,3137.64,3062.80,3120.72,509645.395,1714190399999,1580473163.83392,760779,247729.004,768327412.92796,0
1714190400000,3120.72,3132.00,3104.70,3119.12,166719.481,1714204799999,520174968.01884,283838,79356.495,247645069.88405,0
1714204800000,3119.15,3127.00,3106.12,3123.35,164525.300,1714219199999,512705074.78180,274929,82413.825,256850960.56303,0
1714219200000,3123.36,3165.44,3120.16,3143.30,351881.359,1714233599999,1106481015.88576,492933,173427.112,545356391.26880,0
1714233600000,3143.29,3283.54,3141.01,3235.83,799319.906,1714247999999,2578459729.77676,949413,422134.539,1361220180.41721,0
1714248000000,3235.83,3262.30,3220.46,3253.97,207722.046,1714262399999,673570427.23428,321273,107541.144,348768286.09978,0
1714262400000,3253.97,3329.00,3248.80,3307.65,415020.728,1714276799999,1366096399.09021,564798,220107.740,724601277.39522,0
1714276800000,3307.65,3340.86,3298.17,3316.27,268685.492,1714291199999,890434799.43803,399103,136301.198,451831813.77337,0
1714291200000,3316.26,3323.76,3272.56,3285.03,342423.193,1714305599999,1128989482.19585,504050,162272.153,535035894.25027,0
1714305600000,3285.03,3327.78,3282.27,3319.24,330067.611,1714319999999,1091657433.02749,497944,166114.913,549441956.81480,0
1714320000000,3319.23,3365.69,3306.15,3315.37,306127.355,1714334399999,1018443606.88346,455561,158823.555,528556909.67031,0
1714334400000,3315.36,3319.93,3251.00,3262.28,337556.885,1714348799999,1108342789.61753,526214,154716.150,508060860.65300,0
1714348800000,3262.29,3286.29,3166.75,3176.94,658172.203,1714363199999,2126688957.84256,897810,303812.110,981911626.95941,0
1714363200000,3176.95,3208.99,3150.00,3186.93,535850.023,1714377599999,1706245001.13692,794846,268699.986,855818432.31076,0
1714377600000,3186.93,3194.56,3144.80,3158.24,382203.455,1714391999999,1211658397.83783,609352,181615.144,575892791.29946,0
1714392000000,3158.23,3185.12,3113.02,3181.07,754828.042,1714406399999,2379655082.12573,1079546,366204.567,1154764454.28149,0
1714406400000,3181.06,3188.71,3153.32,3184.68,293632.392,1714420799999,930804690.48940,493968,144008.629,456547005.95869,0
1714420800000,3184.69,3234.52,3162.22,3215.27,335449.234,1714435199999,1074422341.87533,491371,168436.124,539440271.32540,0
1714435200000,3215.28,3250.00,3148.00,3179.62,575220.348,1714449599999,1839082434.58778,764425,272199.533,870282650.77703,0
1714449600000,3179.62,3184.56,3150.60,3155.66,225450.424,1714463999999,714000400.67053,375715,106538.163,337404912.62257,0
1714464000000,3155.66,3160.69,3002.17,3005.93,1111346.130,1714478399999,3405670736.39767,1502291,499872.631,1531485176.33970,0
1714478400000,3005.94,3037.17,2963.33,2992.67,998305.999,1714492799999,2995884744.25209,1321668,488604.266,1466693659.43594,0
1714492800000,2992.66,2997.45,2918.33,2927.60,880790.789,1714507199999,2610488142.41053,1240862,421809.167,1250809275.73106,0
1714507200000,2927.61,3027.91,2926.44,3012.58,487374.746,1714521599999,1455771159.43489,719236,249754.576,746202684.16939,0
1714521600000,3012.57,3021.94,2958.00,3002.93,392606.123,1714535999999,1174921980.23399,650537,192247.858,575324065.60420,0
1714536000000,3002.93,3012.89,2851.00,2868.49,889746.134,1714550399999,2599513347.26517,1107394,400739.665,1170366680.46112,0
1714550400000,2868.48,2904.83,2814.44,2904.19,861732.875,1714564799999,2467436830.98948,1100016,419442.608,1201360483.37676,0
1714564800000,2904.19,2932.70,2864.16,2884.31,637099.994,1714579199999,1846099805.78597,972952,307984.927,892582367.80734,0
1714579200000,2884.32,3014.94,2866.78,2924.80,1136833.287,1714593599999,3349072588.37428,1518367,565852.589,1667107928.41842,0
1714593600000,2924.79,2983.98,2912.34,2970.61,359368.894,1714607999999,1061863127.44731,547334,184286.325,544404292.86442,0
1714608000000,2970.61,2980.67,2890.00,2928.00,412116.661,1714622399999,1206472112.23401,601712,208363.233,609926680.80915,0
1714622400000,2928.00,2937.36,2896.28,2919.88,255425.615,1714636799999,745695764.57290,441157,127491.229,372233496.06743,0
1714636800000,2919.89,3007.64,2915.09,2994.44,508371.841,1714651199999,1509072754.24871,683660,288099.887,855432944.68630,0
1714651200000,2994.44,3012.00,2951.08,2988.65,571301.544,1714665599999,1704220242.57966,907616,274113.411,817739394.13088,0
1714665600000,2988.66,3006.00,2970.00,2998.45,297277.992,1714679999999,887912264.56704,513329,152327.121,455105919.52040,0
1714680000000,2998.44,3016.38,2967.54,2984.80,248519.124,1714694399999,743950413.22041,425952,126244.025,377971258.88624,0
1714694400000,2984.80,3035.00,2976.00,3008.32,294218.824,1714708799999,885373413.59917,524449,147200.696,443042359.85421,0
1714708800000,3008.31,3015.96,2957.20,2967.83,260623.350,1714723199999,778212899.30482,413888,124982.540,373295373.09883,0
1714723200000,2967.83,2989.63,2956.86,2978.40,274563.505,1714737599999,816176465.22027,492802,140820.601,418658588.43957,0
1714737600000,2978.39,3085.57,2967.77,3074.12,905376.008,1714751999999,2752937545.57958,1305416,467703.573,1422311842.96311,0
1714752000000,3074.12,3086.97,3060.89,3070.69,245421.370,1714766399999,754221393.97840,436327,120702.561,370921132.25964,0
1714766400000,3070.69,3126.44,3066.91,3100.83,375358.775,1714780799999,1164769456.29939,516469,199534.671,619141573.32373,0
1714780800000,3100.83,3129.00,3090.75,3110.96,219044.181,1714795199999,681141205.07903,349934,108828.152,338488313.68823,0
1714795200000,3110.96,3122.26,3093.37,3094.79,161959.214,1714809599999,503525538.99390,284910,76834.521,238909492.48838,0
1714809600000,3094.80,3167.45,3094.37,3129.40,388807.652,1714823999999,1218855730.77510,534697,209666.838,657256585.48207,0
1714824000000,3129.40,3158.02,3113.22,3125.23,267154.602,1714838399999,836566689.22998,398708,132074.398,413638137.47625,0
1714838400000,3125.24,3139.46,3112.00,3136.02,156716.249,1714852799999,489582780.51000,272256,80046.147,250141535.54370,0
1714852800000,3136.03,3146.13,3102.66,3115.46,177972.072,1714867199999,555547412.41015,265264,82802.099,258492213.07095,0
1714867200000,3115.46,3125.68,3071.10,3085.60,333030.474,1714881599999,1029918036.14057,478294,161539.001,499603168.54728,0
1714881600000,3085.60,3113.79,3078.83,3103.98,159673.229,1714895999999,494223871.41982,261941,82219.949,254510533.42022,0
1714896000000,3103.97,3171.15,3101.99,3136.56,385969.311,1714910399999,1212355782.00998,527305,194589.543,611163657.51028,0
1714910400000,3136.56,3166.98,3125.00,3159.07,341780.466,1714924799999,1074608357.22537,490517,168280.881,529165174.72383,0
1714924800000,3159.08,3164.85,3128.06,3141.23,213183.107,1714939199999,671171599.91302,319690,98507.540,310141721.25895,0
1714939200000,3141.23,3144.99,3120.20,3135.24,136641.930,1714953599999,428207118.28471,230496,69119.652,216629460.84457,0
1714953600000,3135.24,3165.00,3123.00,3133.74,198610.998,1714967999999,624463551.25119,357471,96481.028,303385653.44579,0
1714968000000,3133.73,3191.55,3126.67,3179.10,361101.332,1714982399999,1144176236.34365,518252,193843.651,614218157.44155,0
1714982400000,3179.10,3221.95,3128.53,3147.89,666513.740,1714996799999,2117285232.02282,890600,328169.450,1042815621.06731,0
1714996800000,3147.89,3153.50,3054.67,3088.29,861610.502,1715011199999,2668738564.21107,1125524,407825.194,1263244243.51836,0
1715011200000,3088.29,3096.26,3043.92,3069.32,396892.735,1715025599999,1219005463.67645,586493,187586.592,576308109.78366,0
1715025600000,3069.31,3087.87,3059.42,3061.50,153977.717,1715039999999,473513106.96554,259660,71510.762,219919707.15878,0
1715040000000,3061.50,3096.13,3018.00,3048.00,414472.641,1715054399999,1268747426.30356,577474,197720.174,605226573.76329,0
1715054400000,3047.99,3081.69,3042.45,3076.19,240113.334,1715068799999,736086313.32331,401154,124517.413,381777072.60533,0
1715068800000,3076.20,3128.59,3057.00,3061.91,515131.677,1715083199999,1597142267.32081,719245,249321.270,773119910.83364,0
1715083200000,3061.92,3105.67,3044.03,3070.20,425428.981,1715097599999,1307104102.49506,692976,212230.314,652171414.30318,0
1715097600000,3070.21,3078.43,3025.22,3048.66,252828.170,1715111999999,771344903.43554,468673,122294.039,373116548.27112,0
1715112000000,3048.75,3060.98,2996.53,3004.55,353561.903,1715126399999,1071430964.55430,533583,160716.388,487229616.58676,0
1715126400000,3004.55,3037.52,2993.00,3030.73,234879.234,1715140799999,709276482.13077,418145,117884.635,355993947.46630,0
1715140800000,3030.72,3034.99,2987.24,2994.23,336086.474,1715155199999,1011118104.21324,521543,156047.421,469518222.35844,0
1715155200000,2994.22,3011.62,2976.14,2989.63,388937.456,1715169599999,1164458951.98546,629682,196049.706,587047571.37812,0
1715169600000,2989.63,3031.98,2983.73,3006.00,514728.656,1715183999999,1547819761.40341,819606,256773.753,772235993.10061,0
1715184000000,3005.99,3024.32,2984.80,2998.36,213706.706,1715198399999,642196898.31876,393937,104668.900,314521061.36883,0
1715198400000,2998.36,3002.82,2930.64,2972.93,507271.073,1715212799999,1502265336.77386,762777,236028.319,698921293.07871,0
1715212800000,2972.94,3004.39,2971.03,2996.90,178045.340,1715227199999,532627070.38218,361514,88851.851,265791279.20236,0
1715227200000,2996.90,3014.94,2974.01,2982.37,220454.291,1715241599999,660659323.46434,363607,115250.402,345473572.64834,0
1715241600000,2982.37,2990.98,2949.00,2976.22,319766.591,1715255999999,950096774.74109,540413,164118.334,487788630.55916,0
1715256000000,2976.22,3019.88,2954.52,3004.82,435456.827,1715270399999,1300827486.74788,725390,217584.593,649981799.13377,0
1715270400000,3004.83,3025.00,2988.00,3020.23,300601.478,1715284799999,904593853.51452,490557,154135.119,463884603.69932,0
1715284800000,3020.23,3058.23,3013.87,3034.75,255191.447,1715299199999,774256400.78458,415733,136517.241,414222695.83824,0
1715299200000,3034.75,3041.86,3015.56,3027.60,157795.357,1715313599999,477798461.95257,311229,75252.530,227879672.41616,0
1715313600000,3027.60,3053.52,3020.06,3040.39,186874.878,1715327999999,567726530.89208,350645,93532.573,284143798.74206,0
1715328000000,3040.40,3044.00,3020.73,3036.44,153788.224,1715342399999,466146995.08473,294147,77408.189,234656964.34468,0
1715342400000,3036.44,3043.06,2905.00,2917.03,973610.383,1715356799999,2884461805.63223,1254735,455294.031,1348747247.61050,0
1715356800000,2917.02,2933.70,2877.00,2900.47,615667.383,1715371199999,1787725039.26844,917273,289598.206,841195621.41373,0
1715371200000,2900.47,2914.56,2885.95,2908.85,176431.210,1715385599999,511697352.76946,325051,88305.613,256126914.95198,0
1715385600000,2908.85,2935.00,2903.03,2910.12,185437.159,1715399999999,541085302.46046,333729,88818.906,259207440.62654,0
1715400000000,2910.12,2926.56,2904.71,2920.90,107357.338,1715414399999,313150281.57149,218679,51810.678,151130396.20346,0
1715414400000,2920.89,2924.00,2884.60,2902.70,214371.314,1715428799999,622497174.15869,343712,103975.965,301938403.56138,0
1715428800000,2902.70,2946.60,2894.30,2924.50,310326.461,1715443199999,905407215.90817,449295,166707.527,486502415.42864,0
1715443200000,2924.50,2940.00,2915.70,2929.59,173346.090,1715457599999,507237652.41664,293067,87050.873,254779866.89881,0
1715457600000,2929.59,2930.02,2905.16,2911.27,124393.543,1715471999999,362781567.34483,205172,57272.749,167036154.33035,0
1715472000000,2911.27,2924.30,2907.57,2919.42,103896.388,1715486399999,303098264.15887,199258,53567.803,156281360.28187,0
1715486400000,2919.42,2931.94,2898.97,2906.54,157040.586,1715500799999,457778296.08731,234373,67140.782,195765635.28375,0
1715500800000,2906.53,2943.38,2901.00,2927.10,247279.362,1715515199999,722824660.78835,340262,134682.781,393737359.65881,0
1715515200000,2927.09,2943.00,2923.81,2936.82,163381.130,1715529599999,478979422.11649,248624,81067.118,237687031.09451,0
1715529600000,2936.82,2954.94,2919.84,2928.66,226856.729,1715543999999,666131801.32424,343327,118497.067,347985976.09129,0
1715544000000,2928.66,2935.36,2911.13,2927.73,104987.186,1715558399999,307127318.12013,199101,49698.245,145410413.20607,0
1715558400000,2927.73,2942.00,2863.80,2889.31,595245.497,1715572799999,1722518423.36791,751804,274562.286,794529698.76878,0
1715572800000,2889.31,2958.21,2867.70,2953.09,504188.455,1715587199999,1467243457.38063,680930,267553.415,779151475.45957,0
1715587200000,2953.08,2996.44,2946.66,2964.59,584721.787,1715601599999,1737370422.90054,829163,287392.540,853987136.94934,0
1715601600000,2964.60,2985.76,2948.08,2960.20,356790.716,1715615999999,1057934572.97692,640905,191967.139,569299192.30910,0
1715616000000,2960.21,2977.09,2925.06,2955.69,343547.092,1715630399999,1014055117.94069,609715,174526.003,515219575.13143,0
1715630400000,2955.69,2959.00,2937.14,2949.71,105011.181,1715644799999,309627347.69707,227458,51571.916,152052150.75904,0
1715644800000,2949.72,2959.79,2935.28,2939.33,245286.111,1715659199999,722791891.92896,420972,113887.010,335631658.64430,0
1715659200000,2939.34,2948.43,2880.00,2918.75,438107.878,1715673599999,1276435336.22245,602554,207287.700,603891179.86005,0
1715673600000,2918.75,2920.24,2896.21,2906.82,186062.439,1715687999999,541189124.87291,335542,90841.338,264231850.04104,0
1715688000000,2906.82,2925.00,2868.14,2897.53,776376.609,1715702399999,2249553107.81892,1041628,382501.184,1108471370.63595,0
1715702400000,2897.53,2899.48,2858.14,2893.11,310507.570,1715716799999,894919000.25120,515135,148061.649,426813634.73969,0
1715716800000,2893.11,2902.24,2877.16,2880.87,130666.736,1715731199999,377699331.37608,266633,66193.544,191342601.26276,0
1715731200000,2880.87,2901.94,2861.71,2901.44,233803.855,1715745599999,673939968.07387,383858,121486.463,350086544.21781,0
1715745600000,2901.44,2920.00,2896.39,2914.55,217659.338,1715759999999,632543265.77167,338909,104906.921,304916230.81793,0
1715760000000,2914.56,2932.99,2885.25,2897.74,377475.224,1715774399999,1097752617.88090,570287,186329.397,541908337.91502,0
1715774400000,2897.74,2992.00,2891.13,2975.54,1025166.460,1715788799999,3029466280.93764,1254448,521615.897,1541442013.36459,0
1715788800000,2975.54,3025.43,2968.40,3023.44,438473.977,1715803199999,1312633967.61758,698684,227381.583,680850287.32523,0
1715803200000,3023.43,3039.52,3008.32,3030.66,246362.520,1715817599999,744225199.70056,436224,130023.679,392783004.84848,0
1715817600000,3030.67,3039.95,2989.32,3012.25,365776.634,1715831999999,1103389783.65724,457301,174748.448,527125924.19066,0
1715832000000,3012.25,3020.38,3002.94,3015.06,165185.380,1715846399999,497528949.26982,249972,87426.600,263323390.03684,0
1715846400000,3015.07,3026.94,2984.50,3005.21,279982.143,1715860799999,840581134.23506,391305,139004.054,417418803.98054,0
1715860800000,3005.20,3009.28,2929.14,2955.53,699591.227,1715875199999,2075496567.78374,963064,332382.601,986460956.57584,0
1715875200000,2955.53,2959.68,2923.00,2943.37,354868.626,1715889599999,1044972416.29894,551371,173508.733,510950065.12166,0
1715889600000,2943.37,2944.80,2920.93,2943.22,166150.926,1715903999999,487581824.59831,301755,81053.832,237884193.71925,0
1715904000000,2943.22,2955.18,2931.36,2948.84,170690.716,1715918399999,502863960.90391,313762,88258.936,260043287.71244,0
1715918400000,2948.84,3032.71,2938.56,3023.58,514260.014,1715932799999,1539707873.23481,619869,269072.823,805296136.01229,0
1715932800000,3023.59,3060.00,3016.15,3029.21,511777.104,1715947199999,1552638570.19258,672208,265097.928,804354547.89732,0
1715947200000,3029.21,3116.90,3018.31,3109.85,888119.100,1715961599999,2732189148.38241,1038623,460706.111,1417596638.17269,0
1715961600000,3109.85,3119.00,3066.00,3083.52,368488.100,1715975999999,1138619636.95983,523632,176640.915,545803836.12100,0
1715976000000,3083.53,3094.83,3079.18,3090.48,120537.204,1715990399999,372243462.75856,218872,62864.386,194132776.53741,0
1715990400000,3090.47,3125.70,3081.59,3112.93,282128.405,1716004799999,875090901.98082,411799,142274.767,441375454.64200,0
1716004800000,3112.94,3117.64,3088.80,3100.26,176821.595,1716019199999,548120458.29269,319163,79474.241,246376360.19998,0
1716019200000,3100.25,3146.36,3099.05,3132.84,324588.891,1716033599999,1015233100.61985,494215,172193.517,538636616.03646,0
1716033600000,3132.85,3134.24,3093.62,3109.26,336369.994,1716047999999,1046923966.29293,515525,158631.593,493701508.31991,0
1716048000000,3109.26,3119.99,3104.40,3118.41,112567.765,1716062399999,350395437.35209,225495,56636.828,176318135.01486,0
1716062400000,3118.40,3125.96,3103.99,3121.59,103032.937,1716076799999,321221072.61153,209869,49731.239,155049538.77845,0
1716076800000,3121.60,3135.58,3111.50,3127.69,132198.593,1716091199999,413137149.56155,254935,67910.293,212249842.08345,0
1716091200000,3127.70,3129.29,3101.99,3114.17,151692.891,1716105599999,472296611.62147,293695,72199.048,224785119.77805,0
1716105600000,3114.16,3124.20,3080.00,3101.62,317993.548,1716119999999,986014553.74281,485141,149740.427,464422894.77217,0
1716120000000,3101.62,3102.00,3061.00,3076.14,325874.681,1716134399999,1003019031.91454,527260,159154.442,489916200.69261,0
1716134400000,3076.14,3083.36,3056.14,3063.67,261241.101,1716148799999,801376799.03071,434376,122541.690,375974285.61516,0
1716148800000,3063.68,3081.13,3051.30,3069.98,159684.902,1716163199999,490243299.80671,286099,77972.145,239417148.14251,0
1716163200000,3069.98,3099.59,3045.06,3085.57,318851.852,1716177599999,980282674.05501,528735,157650.222,484785881.51119,0
1716177600000,3085.57,3138.14,3061.44,3090.39,521794.171,1716191999999,1618812242.80519,763124,252168.132,782338958.41775,0
1716192000000,3090.39,3113.04,3084.39,3092.91,247742.477,1716206399999,768305312.15369,448491,122558.126,380142497.00516,0
1716206400000,3092.92,3120.00,3075.00,3116.95,340408.207,1716220799999,1053068413.73589,596569,174103.343,538708519.44784,0
1716220800000,3116.96,3459.61,3109.08,3438.29,1849895.619,1716235199999,6085227484.08407,2126215,1010035.578,3320884857.15469,0
1716235200000,3438.29,3698.86,3420.20,3664.39,2115680.641,1716249599999,7542325644.83852,2580251,1086400.541,3872733785.22213,0
1716249600000,3664.39,3725.69,3639.81,3698.85,878009.612,1716263999999,3234103320.15818,1346904,455110.852,1676668612.54226,0
1716264000000,3698.85,3703.00,3628.00,3663.29,529104.872,1716278399999,1939189567.91332,729080,257837.479,944842931.29147,0
1716278400000,3663.29,3830.53,3651.59,3779.64,1058781.883,1716292799999,3962832672.96849,1327842,552015.589,2066164805.52872,0
1716292800000,3779.63,3842.17,3749.62,3779.08,1535889.588,1716307199999,5819511199.60651,1965472,748839.014,2838430781.48181,0
1716307200000,3779.09,3849.26,3677.40,3715.14,1151283.391,1716321599999,4326225432.49841,1375302,549992.500,2067690603.30155,0
1716321600000,3715.14,3824.36,3711.89,3792.32,476072.954,1716335999999,1796625576.75869,720355,244488.114,922396507.44691,0
1716336000000,3792.33,3816.84,3776.29,3795.98,320600.434,1716350399999,1216321801.64117,591955,163941.737,622047923.53764,0
1716350400000,3795.99,3797.80,3722.58,3749.24,472880.786,1716364799999,1776559840.48973,771841,232785.202,874458501.61386,0
1716364800000,3749.24,3782.34,3690.00,3692.71,488219.209,1716379199999,1825671204.66948,752822,230562.395,862869904.10850,0
1716379200000,3692.51,3775.93,3655.00,3763.31,1260256.032,1716393599999,4676130743.55848,1639504,634524.746,2354825820.81503,0
1716393600000,3763.32,3799.92,3701.98,3738.35,668635.483,1716407999999,2505788890.99468,970249,316539.827,1186119206.48050,0
1716408000000,3738.35,3784.69,3725.27,3740.25,416251.427,1716422399999,1562306987.78596,649975,203402.520,763539531.80957,0
1716422400000,3740.25,3792.60,3738.20,3784.56,322638.624,1716436799999,1215241289.94348,567906,168761.607,635693424.33645,0
1716436800000,3784.57,3838.00,3761.16,3815.79,498673.243,1716451199999,1892717145.35157,756995,258229.519,980256963.61188,0
1716451200000,3815.79,3930.00,3792.69,3921.00,899905.420,1716465599999,3464269274.33754,1285718,465648.119,1793525772.95440,0
1716465600000,3921.01,3952.89,3732.00,3815.09,2131833.248,1716479999999,8171299737.50488,2733701,1033375.223,3960965177.81466,0
1716480000000,3815.08,3830.61,3693.73,3793.56,1060547.633,1716494399999,3999487711.86084,1529869,522829.817,1972193297.80921,0
1716494400000,3793.58,3908.00,3524.55,3784.80,2721576.143,1716508799999,10273045750.33859,3138557,1327111.248,5015038142.24789,0
1716508800000,3784.79,3832.00,3744.03,3805.31,370071.220,1716523199999,1406650759.88174,664556,180999.185,687998834.24880,0
1716523200000,3805.30,3817.20,3651.73,3681.26,842319.990,1716537599999,3129395249.36793,1190747,409688.911,1521110511.27167,0
1716537600000,3681.26,3720.00,3627.00,3714.35,576212.699,1716551999999,2119859396.48473,873888,303295.044,1116696451.05524,0
1716552000000,3714.34,3734.90,3672.63,3695.69,649355.598,1716566399999,2408892484.44053,967494,314855.523,1168419460.59241,0
1716566400000,3695.70,3761.94,3655.34,3745.28,581506.663,1716580799999,2157003813.11982,882212,295820.376,1097353788.26237,0
1716580800000,3745.29,3756.50,3724.78,3729.61,196348.059,1716595199999,734193818.56260,374109,91816.812,343325360.99196,0
1716595200000,3729.61,3749.97,3710.14,3746.88,189544.804,1716609599999,706802781.10877,369693,98551.585,367591760.84320,0
1716609600000,3746.88,3782.82,3745.00,3747.90,247552.152,1716623999999,930560279.03711,440799,125369.066,471317238.15539,0
1716624000000,3747.91,3776.91,3737.80,3740.68,227862.564,1716638399999,855821252.87693,393332,110658.437,415663587.38528,0
1716638400000,3740.69,3760.00,3721.00,3746.01,264853.539,1716652799999,990628606.09314,437040,132260.501,494775215.94519,0
1716652800000,3746.01,3768.40,3738.19,3759.03,126493.964,1716667199999,474857142.03497,261818,64788.027,243214709.01804,0
1716667200000,3759.02,3762.80,3730.00,3751.15,90927.239,1716681599999,340617446.06644,203058,45389.583,170046298.48205,0
1716681600000,3751.16,3773.96,3732.06,3773.44,178108.151,1716695999999,668421982.01092,335794,86161.139,323422212.54043,0
1716696000000,3773.43,3797.94,3742.24,3787.58,243276.653,1716710399999,917150720.08289,411433,128960.546,486303127.60622,0
1716710400000,3787.58,3824.84,3778.63,3815.36,382468.468,1716724799999,1454990832.30332,620317,196642.788,748173114.15871,0
1716724800000,3815.36,3878.69,3792.36,3834.53,547989.381,1716739199999,2103624357.58935,760485,279160.281,1071842054.81729,0
1716739200000,3834.54,3887.26,3833.37,3881.51,328167.019,1716753599999,1265908835.94753,564667,169016.664,652049379.23222,0
1716753600000,3881.52,3883.05,3820.00,3827.53,223377.858,1716767999999,858595900.95693,384618,107595.532,413529426.86723,0
1716768000000,3827.54,3946.05,3824.70,3922.39,520497.348,1716782399999,2030478074.25093,790309,282033.583,1100373772.38179,0
1716782400000,3922.39,3937.54,3891.02,3915.43,319588.051,1716796799999,1250224805.36257,528821,162539.263,635890944.60109,0
1716796800000,3915.43,3959.62,3886.00,3902.78,444465.625,1716811199999,1741821607.06775,656238,225624.503,884537898.42105,0
1716811200000,3902.78,3980.00,3893.36,3966.13,666736.236,1716825599999,2626974820.86873,905684,340419.212,1341495828.94825,0
1716825600000,3966.12,3977.08,3856.00,3874.91,479309.845,1716839999999,1880507745.67996,690204,219863.786,862943806.55052,0
1716840000000,3874.91,3908.21,3860.84,3896.09,334532.178,1716854399999,1301094051.44696,476082,175822.546,683929109.51365,0
1716854400000,3896.09,3914.41,3830.00,3852.32,514446.578,1716868799999,1987879461.98523,790049,244995.451,946964409.69115,0
1716868800000,3852.31,3867.75,3823.00,3850.52,269051.046,1716883199999,1035219599.72032,486586,133759.262,514707588.54323,0
1716883200000,3850.52,3934.42,3841.35,3906.56,410328.898,1716897599999,1597946932.81751,663806,212980.422,829444581.63146,0
1716897600000,3906.56,3915.00,3833.33,3863.32,746847.291,1716911999999,2892559503.94341,975952,357631.731,1385318600.02732,0
1716912000000,3863.33,3872.18,3775.42,3844.02,575839.501,1716926399999,2199202148.57004,838800,262984.202,1004931564.49429,0
1716926400000,3844.09,3875.00,3825.05,3847.00,226955.691,1716940799999,874203209.12872,375978,108360.612,417408990.17974,0
1716940800000,3847.01,3865.00,3837.28,3853.70,271810.894,1716955199999,1046990041.87563,398684,135088.593,520404191.26811,0
1716955200000,3853.71,3891.79,3822.60,3824.72,360058.339,1716969599999,1390579280.74487,523277,163792.676,632960436.85391,0
1716969600000,3824.71,3832.30,3783.20,3813.81,431147.816,1716983999999,1642609608.22008,697491,220435.909,839879961.43971,0
1716984000000,3813.81,3842.29,3753.10,3763.04,653488.042,1716998399999,2478429997.47017,1022980,312131.496,1184299947.63342,0
1716998400000,3763.03,3783.50,3746.41,3752.83,312184.265,1717012799999,1174328926.40651,571616,153670.433,578175926.92885,0
1717012800000,3752.82,3796.66,3746.84,3770.00,293374.861,1717027199999,1107263483.26521,483634,147079.774,555098133.53684,0
1717027200000,3770.01,3801.38,3753.06,3794.21,262058.929,1717041599999,990227713.18340,433633,129504.843,489397258.96289,0
1717041600000,3794.21,3805.00,3713.13,3722.15,448968.512,1717055999999,1685786016.36849,684477,208997.951,784837789.02449,0
1717056000000,3722.16,3761.93,3704.70,3739.56,422165.631,1717070399999,1574896871.94997,680994,214441.748,800157428.62744,0
1717070400000,3739.58,3800.96,3736.35,3778.40,523718.413,1717084799999,1975825713.59914,815343,263601.271,994507937.77585,0
1717084800000,3778.40,3828.74,3752.01,3763.91,428199.118,1717099199999,1625285760.39444,644108,213284.333,809859185.57499,0
1717099200000,3763.90,3764.33,3720.72,3750.39,252462.804,1717113599999,945067959.92171,422741,124902.619,467614166.44946,0
1717113600000,3750.38,3773.29,3742.17,3762.76,196335.700,1717127999999,737808253.37893,364967,102514.170,385263330.18227,0
1717128000000,3762.77,3769.43,3726.93,3731.89,180772.053,1717142399999,677085357.04713,346901,88234.043,330478020.88083,0
1717142400000,3731.88,3817.00,3729.50,3805.47,380521.147,1717156799999,1435849860.36481,619630,207967.389,784866437.77061,0
1717156800000,3805.47,3859.53,3745.87,3747.25,839079.981,1717171199999,3188405216.17548,1169779,403937.936,1535259398.53396,0
1717171200000,3747.25,3797.00,3725.16,3788.41,402915.029,1717185599999,1515056614.13759,648094,204941.983,770682803.97090,0
1717185600000,3788.46,3804.34,3743.29,3764.35,245878.341,1717199999999,928231339.81027,410105,112339.418,424215543.11540,0
1717200000000,3764.35,3784.99,3754.36,3781.01,159177.750,1717214399999,600426977.15332,282076,83899.320,316515381.72438,0
1717214400000,3781.01,3796.86,3772.04,3775.61,173301.115,1717228799999,656206214.67466,278930,86394.554,327168241.37341,0
1717228800000,3775.61,3812.81,3775.10,3790.39,216069.134,1717243199999,819849915.10608,336729,112896.494,428372187.54056,0
1717243200000,3790.39,3817.00,3788.85,3801.38,184197.893,1717257599999,701119599.36385,311047,94923.257,361307369.23394,0
1717257600000,3801.39,3812.84,3792.13,3806.65,106424.417,1717271999999,404692732.92782,227149,53730.907,204353446.49981,0
1717272000000,3806.65,3837.20,3801.73,3817.49,151800.689,1717286399999,579960979.91927,277488,80162.540,306282424.42505,0
1717286400000,3817.49,3841.70,3798.59,3809.00,280046.271,1717300799999,1069583535.20447,393453,137296.286,524447428.62245,0
1717300800000,3809.00,3826.03,3793.61,3795.13,186157.356,1717315199999,709215830.47654,325577,89740.525,341975411.51449,0
1717315200000,3795.13,3812.00,3772.35,3806.26,344857.843,1717329599999,1306902167.56947,486386,174476.567,661298291.90098,0
1717329600000,3806.27,3812.29,3778.40,3801.48,199578.713,1717343999999,757978694.70556,339031,96340.609,365912195.69570,0
1717344000000,3801.53,3806.16,3753.80,3784.00,238652.826,1717358399999,900749097.82054,407514,116648.754,440269483.13914,0
1717358400000,3784.00,3799.80,3769.14,3783.98,150704.595,1717372799999,570633802.72215,287142,79347.721,300451813.58459,0
1717372800000,3783.98,3824.82,3763.00,3802.13,283057.393,1717387199999,1075101723.34481,468307,140082.627,532031288.38250,0
1717387200000,3802.13,3847.42,3797.33,3819.99,294648.170,1717401599999,1126860058.95535,467086,142770.175,546012368.93098,0
1717401600000,3820.00,3842.73,3806.84,3811.61,201453.175,1717415999999,769844021.06508,355130,101361.104,387412366.28876,0
1717416000000,3811.61,3854.00,3760.00,3798.22,708133.607,1717430399999,2696265778.22369,950915,348781.360,1328409351.50299,0
1717430400000,3798.22,3800.00,3760.44,3775.79,265517.400,1717444799999,1002877648.56301,458297,128896.144,486861373.66213,0
1717444800000,3775.80,3787.57,3761.25,3769.15,163970.380,1717459199999,618656211.27954,309555,79859.735,301358207.26167,0
1717459200000,3769.14,3787.78,3720.00,3775.27,306764.804,1717473599999,1154494047.73660,465937,143819.758,541583077.73938,0
1717473600000,3775.27,3781.20,3754.09,3777.00,159331.896,1717487999999,600468942.90523,296132,77526.645,292215192.73897,0
1717488000000,3777.00,3785.50,3743.15,3767.02,243088.901,1717502399999,914567220.00186,407950,121675.146,457793065.32624,0
1717502400000,3767.02,3821.91,3755.13,3813.10,519010.963,1717516799999,1965400946.25044,822549,266722.966,1010062548.99677,0
1717516800000,3813.11,3835.11,3777.77,3802.53,399039.305,1717531199999,1521651973.66312,601400,194605.858,742297303.69668,0
1717531200000,3802.53,3825.10,3795.10,3813.12,130274.453,1717545599999,496664277.98224,248633,67041.498,255616470.67902,0
1717545600000,3813.11,3845.00,3800.01,3813.01,244966.867,1717559999999,935827351.19804,426248,125282.547,478654461.58256,0
1717560000000,3813.01,3823.40,3778.91,3811.35,358610.492,1717574399999,1362940260.61138,474176,172801.431,656693827.22109,0
1717574400000,3811.36,3816.14,3790.03,3806.87,176254.598,1717588799999,670248833.33779,335446,88246.931,335635177.03802,0
1717588800000,3806.86,3827.47,3783.21,3816.63,391004.047,1717603199999,1489124556.50428,626111,193781.649,738131384.10418,0
1717603200000,3816.62,3881.77,3798.21,3880.00,546796.450,1717617599999,2103719101.08033,779483,289213.452,1112596456.55806,0
1717617600000,3880.01,3892.06,3844.43,3868.61,221527.808,1717631999999,856392518.09817,365216,111598.572,431433649.14537,0
1717632000000,3868.60,3881.99,3856.12,3864.01,149346.084,1717646399999,577858484.91905,276813,75700.820,292941090.45232,0
1717646400000,3864.00,3868.41,3843.00,3854.43,187240.831,1717660799999,721435166.31200,306398,88678.200,341691182.18782,0
1717660800000,3854.43,3859.93,3845.02,3852.74,118708.049,1717675199999,457272346.59083,263845,59649.679,229782276.01645,0
1717675200000,3852.73,3869.86,3817.72,3847.10,392779.172,1717689599999,1509709964.59721,632383,181956.600,699572964.49199,0
1717689600000,3847.10,3857.00,3790.00,3793.50,396287.511,1717703999999,1515613574.72429,568611,181528.328,694480920.09886,0
1717704000000,3793.50,3817.93,3760.00,3815.76,306399.846,1717718399999,1161333519.76002,463601,148828.930,564444571.21259,0
1717718400000,3815.77,3816.45,3793.10,3808.66,138128.809,1717732799999,525713778.69306,272044,63390.233,241273889.91270,0
1717732800000,3808.66,3828.32,3807.94,3819.25,132658.486,1717747199999,506660131.33668,248516,67499.336,257792955.95147,0
1717747200000,3819.25,3843.89,3803.51,3838.30,192547.942,1717761599999,735597156.23979,297882,96666.420,369356273.25177,0
1717761600000,3838.30,3844.32,3774.30,3802.96,668039.495,1717775999999,2544738125.98448,945683,330353.954,1258641313.49693,0
1717776000000,3802.96,3810.88,3555.02,3689.08,1280269.841,1717790399999,4724543893.07416,1587467,557055.282,2055832887.43468,0
1717790400000,3688.89,3702.41,3670.83,3679.82,205954.212,1717804799999,759189991.72258,340040,100105.079,369044873.18737,0
1717804800000,3679.82,3693.76,3675.00,3690.84,98423.195,1717819199999,362876141.68458,206311,45321.120,167085796.14066,0
1717819200000,3690.85,3711.28,3678.35,3710.26,138815.901,1717833599999,512660020.09475,232933,73301.912,270736138.24535,0
1717833600000,3710.26,3710.67,3680.20,3684.55,144294.002,1717847999999,532764249.21111,266750,68174.546,251710678.58920,0
1717848000000,3684.55,3699.20,3659.00,3689.33,217397.085,1717862399999,801021943.45085,351901,103730.921,382256905.38960,0
1717862400000,3689.33,3696.30,3672.70,3683.31,103447.358,1717876799999,381368780.87126,214424,48414.835,178489651.09635,0
1717876800000,3683.31,3685.95,3671.00,3682.11,91184.414,1717891199999,335345591.33242,186486,47489.838,174647333.26055,0
1717891200000,3682.12,3686.08,3666.71,3675.06,95235.960,1717905599999,350117779.51243,207902,46818.695,172120745.07127,0
1717905600000,3675.07,3693.01,3670.44,3687.26,112395.646,1717919999999,413995185.31562,203745,56002.407,206266179.68255,0
1717920000000,3687.30,3696.30,3684.10,3695.15,71350.077,1717934399999,263337400.50795,135972,36777.426,135741190.19991,0
1717934400000,3695.15,3714.93,3682.05,3691.63,213114.486,1717948799999,787837718.35625,311903,105956.256,391711617.19210,0
1717948800000,3691.62,3711.85,3690.41,3702.72,105347.256,1717963199999,390050829.86078,185864,58221.333,215578879.19652,0
1717963200000,3702.71,3724.73,3695.00,3707.67,117756.761,1717977599999,436876042.58248,208984,60608.798,224889139.81411,0
1717977600000,3707.67,3708.08,3681.56,3685.73,112623.528,1717991999999,416055027.12348,192314,53356.850,197117957.61730,0
1717992000000,3685.72,3694.38,3642.60,3649.16,209683.418,1718006399999,769847490.98686,307700,100959.165,370848030.85177,0
1718006400000,3649.16,3683.19,3648.00,3677.14,191884.145,1718020799999,704382879.99592,280737,101582.605,372845493.33154,0
1718020800000,3677.14,3715.49,3663.74,3703.59,276268.223,1718035199999,1017848771.06863,382959,137241.067,505690842.19451,0
1718035200000,3703.59,3707.00,3665.46,3670.07,209454.011,1718049599999,772243345.90303,354370,101776.382,375345535.08323,0
1718049600000,3670.07,3679.11,3651.35,3669.66,149123.339,1718063999999,546918922.70793,284066,77982.205,286023064.83121,0
1718064000000,3669.65,3675.00,3560.00,3596.75,634157.852,1718078399999,2292111451.92206,791379,295160.201,1067138646.83544,0
1718078400000,3596.75,3596.75,3501.12,3535.24,664066.198,1718092799999,2359052470.90339,840778,297108.684,1055517856.71094,0
1718092800000,3535.34,3550.37,3503.33,3530.87,503013.122,1718107199999,1774499922.63988,732844,241928.398,853680900.67868,0
1718107200000,3530.86,3547.26,3427.09,3448.47,781554.809,1718121599999,2733514060.70936,975560,357092.947,1249892902.86295,0
1718121600000,3448.47,3504.47,3432.30,3498.50,462461.480,1718135999999,1604749854.54450,689741,235125.035,816066531.37625,0
1718136000000,3498.49,3510.00,3485.00,3498.16,116801.728,1718150399999,408556667.90715,221916,55799.697,195200496.55774,0
1718150400000,3498.17,3514.99,3462.09,3510.47,274987.434,1718164799999,960195714.92306,418814,134616.440,470113212.26165,0
1718164800000,3510.47,3533.95,3507.41,3526.99,200548.825,1718179199999,706020329.02021,287603,106155.270,373703182.10359,0
1718179200000,3527.00,3564.54,3516.70,3531.38,295712.364,1718193599999,1047115984.15835,356915,149672.019,530049064.75269,0
1718193600000,3531.38,3657.77,3531.18,3617.62,1023218.476,1718207999999,3701285596.47963,1073300,502030.842,1815345158.17024,0
1718208000000,3617.61,3626.16,3512.07,3528.55,851121.476,1718222399999,3044380947.63513,1076164,419207.426,1499892584.39672,0
1718222400000,3528.77,3574.93,3521.38,3560.45,215917.807,1718236799999,767729082.30069,317427,111296.042,395729771.51510,0
1718236800000,3560.44,3562.33,3476.26,3503.35,369548.331,1718251199999,1299708183.27529,537720,173463.160,610117595.73656,0
1718251200000,3503.35,3517.53,3485.00,3507.48,212202.659,1718265599999,743387540.92294,324987,105543.796,369795002.37407,0
1718265600000,3507.48,3511.91,3472.21,3496.50,273216.604,1718279999999,954542949.42572,395426,133224.993,465485680.88480,0
1718280000000,3496.50,3540.70,3433.34,3442.08,927306.523,1718294399999,3238668203.17224,1076959,438671.262,1532860761.74239,0
1718294400000,3442.08,3492.48,3426.01,3481.59,338873.771,1718308799999,1173080275.54537,473323,176285.352,610327199.02740,0
1718308800000,3481.64,3491.80,3460.86,3469.18,136293.485,1718323199999,473639282.11067,243596,65544.763,227793865.34772,0
1718323200000,3469.18,3508.95,3457.29,3490.70,225733.834,1718337599999,786511800.11534,393277,111508.921,388497295.01093,0
1718337600000,3490.70,3533.82,3490.56,3515.83,242060.478,1718351999999,851018141.14942,364151,131322.841,461698125.89938,0
1718352000000,3515.84,3530.54,3505.20,3515.14,165263.496,1718366399999,581352708.04255,277988,77757.327,273518911.75048,0
1718366400000,3515.13,3525.20,3461.01,3461.79,428675.196,1718380799999,1496098525.12597,584259,214646.558,749195763.81377,0
1718380800000,3461.79,3467.00,3361.05,3405.21,911244.324,1718395199999,3101223682.65783,1018984,422533.723,1438220320.04907,0
1718395200000,3405.21,3529.00,3403.06,3480.51,550057.056,1718409599999,1908317464.46466,655600,288412.853,999894850.24086,0
1718409600000,3480.50,3503.36,3472.34,3503.35,189367.244,1718423999999,660643320.18395,277340,95247.625,332341633.63899,0
1718424000000,3503.36,3557.54,3497.07,3528.92,413457.243,1718438399999,1459671405.73643,487988,197328.183,696697725.68538,0
1718438400000,3528.91,3541.89,3518.00,3538.17,180192.324,1718452799999,636562716.45116,257963,93522.795,330405331.60950,0
1718452800000,3538.16,3594.99,3536.72,3565.31,432034.123,1718467199999,1539397014.85531,484549,224020.332,798353123.95259,0
1718467200000,3565.31,3574.98,3551.16,3557.90,210946.844,1718481599999,751333008.10933,289408,115152.399,410162867.42731,0
1718481600000,3557.90,3574.88,3534.58,3567.87,150532.301,1718495999999,535207509.61096,230288,75363.720,267998493.99602,0
1718496000000,3567.88,3572.95,3546.89,3554.00,125574.926,1718510399999,447112464.99591,200098,58863.180,209576577.71387,0
1718510400000,3554.00,3573.68,3540.00,3561.37,133039.310,1718524799999,473578003.76543,212536,67816.549,241423821.04232,0
1718524800000,3561.37,3569.39,3545.73,3553.86,173736.720,1718539199999,617845810.88661,253564,85514.364,304154108.72647,0
1718539200000,3553.86,3611.10,3551.63,3591.07,399465.139,1718553599999,1432541137.11657,485175,208809.960,748803488.60014,0
1718553600000,3591.06,3608.29,3585.84,3598.57,182017.924,1718567999999,654552938.08091,264009,90306.846,324755597.16810,0
1718568000000,3598.56,3653.73,3587.38,3622.96,321825.238,1718582399999,1166715769.83443,413637,165888.123,601557332.46954,0
1718582400000,3622.96,3637.47,3574.20,3581.00,388293.070,1718596799999,1398851748.66297,488343,190000.872,684620294.49293,0
1718596800000,3581.00,3595.29,3536.40,3551.56,437079.717,1718611199999,1558053546.11850,502183,210365.120,750032545.30656,0
1718611200000,3551.57,3560.31,3489.31,3525.99,559402.279,1718625599999,1969413461.57909,692181,265038.268,933298841.79175,0
1718625600000,3525.99,3546.23,3480.55,3495.81,586999.159,1718639999999,2064415276.29229,761204,289114.522,1017017188.77360,0
1718640000000,3495.81,3576.54,3464.00,3552.47,688765.531,1718654399999,2429059655.88323,823872,352310.402,1242605086.91355,0
1718654400000,3552.48,3554.89,3498.39,3509.56,273962.169,1718668799999,964106191.47575,424511,133911.808,471221211.29944,0
1718668800000,3509.56,3515.87,3341.85,3439.88,1032245.176,1718683199999,3537823737.51257,1261166,480941.648,1648881241.07713,0
1718683200000,3439.88,3462.90,3426.93,3442.50,282532.787,1718697599999,973527095.44832,432138,138889.176,478685882.58848,0
1718697600000,3442.50,3450.63,3390.00,3412.41,357639.188,1718711999999,1223119772.76369,499535,167399.326,572613252.39399,0
1718712000000,3412.41,3439.96,3367.73,3422.77,825010.340,1718726399999,2808234996.83119,1139347,404818.615,1378326563.34284,0
1718726400000,3422.76,3434.94,3385.38,3421.85,416649.991,1718740799999,1420430919.40953,654749,199119.049,679015586.43910,0
1718740800000,3421.84,3488.80,3410.84,3482.34,398864.786,1718755199999,1380031812.40274,546168,207542.249,718084647.83479,0
1718755200000,3482.33,3572.93,3463.91,3564.21,636612.573,1718769599999,2244174982.99185,828773,335489.689,1182926262.31609,0
1718769600000,3564.22,3585.00,3531.52,3543.07,380702.721,1718783999999,1353860843.97005,485833,191247.215,680228303.87626,0
1718784000000,3543.07,3563.40,3516.29,3535.26,420684.674,1718798399999,1487259725.16174,557008,209999.316,742579481.52609,0
1718798400000,3535.26,3549.60,3510.03,3527.79,293387.515,1718812799999,1035115192.01974,475744,142676.191,503445243.98996,0
1718812800000,3527.79,3587.63,3521.09,3544.84,418359.289,1718827199999,1487594772.15461,538777,207229.679,736863529.86634,0
1718827200000,3544.84,3575.00,3530.57,3558.85,194469.656,1718841599999,691627309.89551,297969,104043.978,370022439.89371,0
1718841600000,3558.84,3594.60,3531.44,3551.85,339130.527,1718855999999,1205996941.33855,497083,172609.878,613966058.82633,0
1718856000000,3551.85,3614.68,3543.20,3606.02,367178.619,1718870399999,1316067880.81189,517711,193051.746,691976268.57621,0
1718870400000,3606.02,3625.00,3570.07,3597.49,431081.705,1718884799999,1550566016.39303,604434,220888.313,794591320.59706,0
1718884800000,3597.49,3610.00,3489.46,3504.37,854218.094,1718899199999,3023763768.54509,1116015,395760.652,1400843330.76806,0
1718899200000,3504.37,3541.63,3483.63,3534.68,400365.616,1718913599999,1406373905.74127,567965,200407.249,704155694.07681,0
1718913600000,3534.68,3537.41,3509.03,3511.26,112196.371,1718927999999,394861242.01576,198654,55313.894,194677373.23978,0
1718928000000,3511.27,3534.89,3490.03,3499.13,262880.075,1718942399999,922516295.01090,405409,124294.433,436319588.08445,0
1718942400000,3499.14,3520.55,3466.31,3473.55,282188.676,1718956799999,986531232.77284,378109,127576.497,446151919.42185,0
1718956800000,3473.54,3531.50,3443.80,3502.11,689799.317,1718971199999,2408811369.57056,828831,342831.122,1197430592.56425,0
1718971200000,3502.11,3519.00,3453.47,3491.55,704893.952,1718985599999,2459774004.29576,921391,343227.845,1198055995.66453,0
1718985600000,3491.54,3536.41,3469.35,3533.49,367693.965,1718999999999,1286258036.06284,569127,189826.535,664419190.56124,0
1719000000000,3533.49,3546.66,3498.00,3517.18,197406.814,1719014399999,695277167.24733,301082,89625.920,315721313.87829,0
1719014400000,3517.18,3520.00,3493.07,3505.48,148137.664,1719028799999,519144975.93118,242747,73052.506,255992378.76256,0
1719028800000,3505.49,3508.24,3486.77,3492.53,142974.624,1719043199999,500159339.59915,199158,69244.390,242244062.87230,0
1719043200000,3492.53,3497.38,3472.57,3491.64,180592.023,1719057599999,629515520.24161,244077,83984.609,292764475.62852,0
1719057600000,3491.64,3509.54,3485.18,3504.60,173837.707,1719071999999,608024150.43482,231292,88076.234,308081758.62248,0
1719072000000,3504.59,3507.43,3483.00,3490.22,117567.084,1719086399999,410927711.81266,186257,54300.639,189800255.55369,0
1719086400000,3490.22,3506.88,3483.97,3494.26,80973.700,1719100799999,283211145.33688,145699,41565.644,145373042.44258,0
1719100800000,3494.25,3517.48,3493.33,3517.23,118947.007,1719115199999,417237847.07052,178683,59687.675,209377887.77387,0
1719115200000,3517.24,3519.70,3505.39,3510.79,90610.412,1719129599999,318215893.91910,134836,41946.868,147313323.98189,0
1719129600000,3510.80,3511.71,3486.06,3496.89,149127.755,1719143999999,521703238.37043,201381,72686.953,254305637.52981,0
1719144000000,3496.88,3503.09,3470.07,3473.00,428390.828,1719158399999,1494278542.12540,369308,201128.553,701624592.04613,0
1719158400000,3472.99,3481.20,3460.00,3478.87,164436.319,1719172799999,570842754.22655,232149,82434.482,286208956.48309,0
1719172800000,3478.87,3479.11,3397.87,3419.38,456636.395,1719187199999,1565413892.79065,564742,199911.163,685321326.83267,0
1719187200000,3419.38,3434.75,3383.00,3401.59,400700.735,1719201599999,1368034537.12493,542342,195234.768,666798321.35908,0
1719201600000,3401.60,3412.89,3352.47,3367.68,536205.979,1719215999999,1810365722.85470,694252,253890.335,857312728.86640,0
1719216000000,3367.68,3393.38,3213.00,3319.40,1106864.230,1719230399999,3669834684.36199,1216944,501051.277,1662282012.09509,0
1719230400000,3319.39,3335.69,3260.18,3278.80,618140.957,1719244799999,2042902955.34840,752098,289231.839,956001817.48614,0
1719244800000,3278.80,3314.09,3241.00,3292.51,839624.129,1719259199999,2752955364.75019,1055125,413584.420,1356319295.91312,0
1719259200000,3292.51,3363.11,3250.00,3352.00,679797.545,1719273599999,2257657194.75362,754715,346945.142,1152549524.70547,0
1719273600000,3351.99,3385.00,3335.58,3370.38,369009.327,1719287999999,1239456490.21928,469595,181803.492,610609691.57702,0
1719288000000,3370.38,3393.98,3356.00,3360.49,278922.211,1719302399999,941421812.21407,371655,135074.557,455962563.73307,0
1719302400000,3360.49,3395.24,3345.00,3375.03,268799.752,1719316799999,905918429.89905,420882,139524.179,470321348.94274,0
1719316800000,3375.02,3423.50,3357.00,3417.63,482078.565,1719331199999,1635968489.80825,683666,241752.650,820629158.16507,0
1719331200000,3417.63,3431.27,3380.20,3414.29,426711.080,1719345599999,1452604920.69405,567238,221606.282,754405701.96685,0
1719345600000,3414.30,3417.84,3387.20,3393.06,147938.858,1719359999999,503438334.61760,240232,77102.100,262378816.32372,0
1719360000000,3393.07,3425.00,3384.00,3393.93,242728.180,1719374399999,825993138.62943,374304,119318.361,406058707.20159,0
1719374400000,3393.94,3405.42,3375.00,3400.37,203353.706,1719388799999,689199924.43930,339111,104065.593,352765510.02432,0
1719388800000,3400.37,3401.94,3365.10,3380.30,221589.549,1719403199999,748716446.57518,360189,107136.583,361969526.95020,0
1719403200000,3380.31,3395.00,3345.26,3360.75,364814.787,1719417599999,1229533778.39203,554826,182041.874,613544984.79665,0
1719417600000,3360.76,3409.78,3325.54,3407.34,511990.824,1719431999999,1721857206.24400,651535,263128.052,885089137.10863,0
1719432000000,3407.32,3416.95,3366.00,3370.76,250335.924,1719446399999,847985543.03376,326824,121166.445,410478897.47195,0
1719446400000,3370.78,3392.00,3360.22,3382.89,205954.546,1719460799999,695458918.46932,311050,101689.776,343421019.63454,0
1719460800000,3382.89,3387.99,3364.53,3374.47,198338.223,1719475199999,669271135.74816,293024,95756.024,323156196.29395,0
1719475200000,3374.47,3412.00,3367.68,3402.59,271818.995,1719489599999,922936198.24968,366773,137806.934,467881416.68726,0
1719489600000,3402.59,3476.60,3402.22,3451.77,745851.464,1719503999999,2569116641.25117,876539,377333.195,1299470119.60726,0
1719504000000,3451.77,3467.46,3438.46,3448.90,197326.959,1719518399999,681377718.26972,307481,98730.355,340962882.77436,0
1719518400000,3448.89,3454.87,3439.73,3450.34,105384.501,1719532799999,363298888.77930,174856,55590.698,191648582.18917,0
1719532800000,3450.34,3487.98,3435.64,3459.99,401018.893,1719547199999,1388699954.54381,486567,195442.694,676801812.96615,0
1719547200000,3460.00,3460.60,3424.82,3431.27,191141.261,1719561599999,658288887.30940,273938,97696.364,336456428.71965,0
1719561600000,3431.27,3460.34,3417.39,3451.61,236597.755,1719575999999,813408243.71321,343914,119739.185,411763440.73234,0
1719576000000,3451.60,3475.00,3400.07,3411.79,649099.725,1719590399999,2229863941.75699,809800,305932.917,1051106898.22023,0
1719590400000,3411.80,3415.65,3362.00,3379.54,447167.644,1719604799999,1515029801.38594,582358,210690.043,713938032.60865,0
1719604800000,3379.54,3393.63,3367.56,3379.51,157726.179,1719619199999,533189646.32496,248806,77813.118,263044588.82147,0
1719619200000,3379.50,3399.42,3378.87,3385.07,178833.263,1719633599999,605927782.13218,252494,89096.673,301867678.31568,0
1719633600000,3385.07,3407.00,3380.09,3398.18,137415.067,1719647999999,465969746.81295,182542,69592.031,235971375.63440,0
1719648000000,3398.18,3405.00,3385.16,3398.69,121122.427,1719662399999,411233550.74369,185317,58129.324,197373340.75966,0
1719662400000,3398.69,3401.99,3381.21,3393.46,131734.802,1719676799999,446576473.48282,217195,63367.511,214817468.10969,0
1719676800000,3393.46,3395.57,3375.00,3386.20,80895.488,1719691199999,273840248.08019,179376,42080.416,142464977.74974,0
1719691200000,3386.20,3388.71,3369.07,3377.62,85882.740,1719705599999,290249661.28997,177762,41426.148,140023409.89614,0
1719705600000,3377.63,3388.72,3348.50,3370.31,225728.241,1719719999999,760278153.18272,295426,106557.142,358982865.55576,0
1719720000000,3370.31,3399.39,3357.04,3393.06,193820.051,1719734399999,655321322.80843,271163,99214.352,335443394.64489,0
1719734400000,3393.07,3398.53,3384.51,3387.95,129818.913,1719748799999,440355024.80996,192613,60987.977,206880818.98680,0
1719748800000,3387.95,3404.24,3377.90,3398.87,177952.327,1719763199999,603743984.51478,252249,97745.926,331699877.29734,0
1719763200000,3398.87,3432.95,3390.55,3427.22,192638.124,1719777599999,657676265.08285,281881,110036.752,375744798.64408,0
1719777600000,3427.22,3459.77,3406.89,3436.73,254786.711,1719791999999,875609664.69346,337367,123249.036,423563456.50235,0
1719792000000,3436.72,3524.16,3430.93,3497.27,523593.068,1719806399999,1827335920.64725,596712,269057.978,938817101.37764,0
1719806400000,3497.27,3498.46,3483.01,3489.25,167290.464,1719820799999,583616788.43544,226439,86367.618,301313603.01074,0
1719820800000,3489.25,3494.18,3456.71,3459.06,236751.457,1719835199999,822689910.07735,324791,114251.827,397024649.28231,0
1719835200000,3459.07,3481.00,3451.34,3473.86,316839.261,1719849599999,1098277740.57859,471892,167434.059,580462607.22611,0
1719849600000,3473.87,3498.91,3460.79,3470.09,257342.728,1719863999999,895054702.06606,366449,126895.844,441413021.26665,0
1719864000000,3470.09,3475.00,3420.00,3440.46,223079.342,1719878399999,768557552.59059,282262,98999.111,341040135.63506,0
1719878400000,3440.47,3463.84,3432.66,3455.68,132332.441,1719892799999,456231161.07708,227575,72178.900,248835218.70592,0
1719892800000,3455.68,3463.65,3433.08,3438.35,174446.007,1719907199999,601763502.49734,225602,83904.838,289463236.36706,0
1719907200000,3438.35,3454.32,3431.68,3452.13,167987.995,1719921599999,578707520.73252,219958,89142.449,307081585.82713,0
1719921600000,3452.13,3463.07,3399.22,3414.68,481508.738,1719935999999,1649007517.96948,600496,217107.343,743672961.76821,0
1719936000000,3414.68,3433.32,3407.40,3414.95,171960.986,1719950399999,588305217.76512,231198,89717.981,307000056.71642,0
1719950400000,3414.94,3428.00,3412.39,3420.43,86157.147,1719964799999,294772717.10609,148713,46163.502,157941423.95512,0
1719964800000,3420.43,3431.36,3328.01,3359.36,541135.235,1719979199999,1827903802.61067,616365,238622.320,805956946.88060,0
1719979200000,3359.36,3372.09,3351.05,3351.11,198967.338,1719993599999,668661300.44023,247948,95489.711,320920020.18352,0
1719993600000,3351.10,3356.09,3281.00,3306.07,592338.880,1720007999999,1965120544.33548,683376,276048.842,915874829.68278,0
1720008000000,3306.07,3325.54,3272.92,3302.59,519932.722,1720022399999,1716492618.06659,609460,251172.130,829236206.21897,0
1720022400000,3302.59,3321.31,3251.01,3265.24,428352.496,1720036799999,1409144286.64527,497564,201108.087,662010659.98962,0
1720036800000,3265.24,3305.48,3250.10,3294.75,239626.064,1720051199999,785821206.26247,324991,116393.077,381666608.68274,0
1720051200000,3294.75,3312.59,3152.54,3241.92,925458.463,1720065599999,2990531946.70999,972053,439020.191,1419300485.43917,0
1720065600000,3241.91,3245.25,3168.46,3181.17,408230.697,1720079999999,1309241911.65428,487137,186041.595,596646607.51877,0
1720080000000,3181.17,3195.38,3123.00,3158.90,794262.399,1720094399999,2508163093.58209,924206,385767.453,1218428911.95517,0
1720094400000,3158.91,3159.90,3088.05,3137.87,929254.941,1720108799999,2899803975.04373,1075459,455047.818,1420215695.01730,0
1720108800000,3137.86,3151.40,3111.35,3132.59,298648.817,1720123199999,935770416.79020,469229,144617.769,453146149.76777,0
1720123200000,3132.59,3168.98,3049.39,3059.31,506189.605,1720137599999,1572666356.85445,608915,234956.829,730599412.04619,0
1720137600000,3059.30,3108.28,2862.00,2919.91,1920006.266,1720151999999,5749468449.57499,2019862,868373.881,2603994447.35790,0
1720152000000,2919.91,2927.94,2800.00,2880.99,1379346.346,1720166399999,3964061808.34305,1403720,656448.365,1887221363.06683,0
1720166400000,2880.98,2955.00,2821.84,2946.04,875347.981,1720180799999,2533207700.78769,1057895,443868.619,1284895971.02503,0
1720180800000,2946.04,3007.86,2921.01,2989.98,946159.945,1720195199999,2800614531.92754,1156997,462782.895,1370250476.30831,0
1720195200000,2989.97,3000.50,2956.52,2986.52,443461.264,1720209599999,1321852734.77211,645163,215638.796,642807278.89352,0
1720209600000,2986.51,2992.52,2962.22,2980.43,188748.392,1720223999999,562131619.32813,336157,98612.627,293700368.86419,0
1720224000000,2980.37,3026.40,2953.45,2978.95,369681.547,1720238399999,1102781745.17371,563411,185216.174,552611660.46476,0
1720238400000,2978.94,3014.82,2960.67,3002.82,251465.721,1720252799999,751555884.90508,353586,129421.143,386726410.60347,0
1720252800000,3002.81,3013.67,2983.73,3004.44,230332.720,1720267199999,691095316.27297,310819,123401.982,370293447.07642,0
1720267200000,3004.45,3029.40,2988.00,3018.44,264947.185,1720281599999,797189547.56151,383083,136436.784,410652313.69142,0
1720281600000,3018.44,3064.83,3015.00,3056.87,291319.604,1720295999999,887347390.27783,388876,152866.758,465636306.61124,0
1720296000000,3056.87,3080.00,3054.89,3065.50,188072.047,1720310399999,576689855.48669,278823,99713.399,305793085.47929,0
1720310400000,3065.49,3072.00,3037.81,3049.52,246578.263,1720324799999,752726468.05344,317961,114756.747,350292645.39673,0
1720324800000,3049.54,3049.76,2991.52,3002.98,303825.067,1720339199999,917638115.97501,393183,148259.967,447815017.52041,0
1720339200000,3002.98,3031.83,3002.32,3013.97,185778.240,1720353599999,559646000.89475,314323,96003.872,289235582.46892,0
1720353600000,3013.96,3022.91,2954.08,2969.61,441264.415,1720367999999,1313732031.81509,586977,212050.323,631244094.58707,0
1720368000000,2969.60,3008.84,2962.51,2984.31,223431.813,1720382399999,667552469.23570,359548,117269.529,350412287.60039,0
1720382400000,2984.31,2999.60,2922.00,2930.24,399592.810,1720396799999,1179026570.81301,517501,191252.775,564375743.55557,0
1720396800000,2930.23,2951.07,2821.26,2877.90,1051063.322,1720411199999,3019063097.37798,1323919,496614.171,1426672888.95091,0
1720411200000,2877.90,2931.44,2873.76,2925.86,396753.544,1720425599999,1154672924.18711,593474,203790.503,593128316.13557,0
1720425600000,2925.85,3098.00,2921.22,3052.85,1115000.692,1720439999999,3378679183.48260,1294223,568950.017,1723968589.43928,0
1720440000000,3052.85,3062.79,2886.62,2968.22,1334705.833,1720454399999,3984538804.96495,1541837,647938.971,1934881130.73825,0
1720454400000,2968.22,3008.99,2943.45,3003.18,419064.233,1720468799999,1247327185.86723,627523,210617.042,627017707.54809,0
1720468800000,3003.18,3044.77,2982.60,3017.51,277232.520,1720483199999,835638214.87808,438051,135691.969,409045083.34192,0
1720483200000,3017.51,3075.95,3002.56,3062.99,470203.769,1720497599999,1429588001.53780,735314,242341.538,736998314.34975,0
1720497600000,3063.00,3088.96,3052.40,3061.01,315956.582,1720511999999,969831527.15034,502234,146520.097,449856890.57133,0
1720512000000,3061.00,3115.80,3053.30,3081.84,370517.707,1720526399999,1142685448.74640,534857,191942.187,592181023.20633,0
1720526400000,3081.84,3108.17,3034.58,3065.75,595913.537,1720540799999,1827219743.63040,839773,296174.351,908314404.35650,0
1720540800000,3065.75,3087.90,3045.11,3067.30,304324.171,1720555199999,932851313.19617,509684,147757.363,452892871.37925,0
1720555200000,3067.31,3077.98,3045.30,3065.06,163343.279,1720569599999,500076877.91036,269889,83208.648,254746834.95014,0
1720569600000,3065.05,3081.75,3022.57,3078.31,303806.580,1720583999999,927548651.78654,484222,155139.505,473695873.41311,0
1720584000000,3078.30,3129.00,3078.30,3095.63,473212.693,1720598399999,1468973792.14065,659934,236490.645,734239387.95100,0
1720598400000,3095.63,3108.28,3077.07,3101.28,245980.619,1720612799999,760434729.28315,414674,120650.761,373013082.17142,0
1720612800000,3101.28,3128.75,3075.84,3120.76,571962.918,1720627199999,1775693304.46824,787967,300440.710,932938297.09292,0
1720627200000,3120.75,3150.00,3089.18,3105.82,392916.490,1720641599999,1225740158.53005,554379,200748.485,626226522.71699,0
1720641600000,3105.82,3110.97,3078.00,3099.12,169493.974,1720655999999,524833991.50324,275057,82496.713,255484682.11220,0
1720656000000,3099.12,3129.15,3052.75,3075.70,341380.984,1720670399999,1054997403.21207,524064,163129.666,504127301.52190,0
1720670400000,3075.71,3123.34,3072.61,3117.00,232243.109,1720684799999,719752988.10951,334675,123162.777,381741845.16450,0
1720684800000,3117.00,3156.00,3113.06,3145.55,362796.168,1720699199999,1137648763.04175,528404,186468.047,584782522.22013,0
1720699200000,3145.55,3216.60,3103.00,3116.66,1105895.358,1720713599999,3499088990.18318,1343267,563622.087,1784506015.72994,0
1720713600000,3116.66,3146.70,3095.51,3105.97,321801.062,1720727999999,1005261377.72359,479171,156695.033,489626188.85210,0
1720728000000,3105.97,3120.48,3084.06,3098.25,237222.714,1720742399999,735652482.15377,391125,114395.665,354830833.25700,0
1720742400000,3098.24,3116.92,3053.84,3084.08,371884.156,1720756799999,1148199993.82038,587565,175142.542,540823464.09481,0
1720756800000,3084.07,3097.50,3056.37,3070.64,237484.261,1720771199999,730862923.28756,373901,111774.648,344026898.38629,0
1720771200000,3070.65,3084.52,3044.51,3069.22,314993.499,1720785599999,965330843.17796,452872,157426.514,482583534.96796,0
1720785600000,3069.22,3139.18,3055.09,3130.18,486229.706,1720799999999,1508430077.48032,700606,242756.196,752961905.26246,0
1720800000000,3130.03,3156.60,3111.68,3114.95,322552.817,1720814399999,1011176659.65203,528418,161908.536,507717041.02177,0
1720814400000,3114.95,3134.75,3088.19,3133.24,199527.869,1720828799999,620892854.01704,317743,104607.123,325602767.89440,0
1720828800000,3133.24,3138.91,3119.01,3119.83,96165.440,1720843199999,300825405.05638,196188,46200.808,144528129.52356,0
1720843200000,3119.84,3141.87,3112.12,3139.08,158959.065,1720857599999,497361847.64349,268453,91197.579,285351589.99272,0
1720857600000,3139.08,3170.99,3127.50,3155.59,241596.395,1720871999999,761699418.14030,353892,119026.125,375293589.71162,0
1720872000000,3155.59,3163.94,3140.40,3153.92,160911.350,1720886399999,507192713.15120,281334,79285.275,249933354.07692,0
1720886400000,3153.92,3164.35,3145.00,3162.63,99679.292,1720900799999,314406191.64047,193033,49270.395,155408647.60361,0
1720900800000,3162.64,3200.72,3142.81,3174.01,292173.895,1720915199999,928113113.49210,400577,145469.579,462247041.19873,0
1720915200000,3174.00,3192.94,3162.06,3171.15,186314.338,1720929599999,591916278.95204,312134,93293.981,296408242.49586,0
1720929600000,3171.16,3206.09,3169.82,3194.34,248644.863,1720943999999,793791253.31863,381813,122447.371,390906650.82508,0
1720944000000,3194.33,3224.00,3193.95,3201.59,228833.978,1720958399999,734072487.98758,354143,118093.684,378904217.32213,0
1720958400000,3201.60,3202.80,3171.47,3188.56,243807.956,1720972799999,777173667.33421,358699,114076.941,363641483.09905,0
1720972800000,3188.56,3196.77,3181.61,3189.56,87349.391,1720987199999,278545688.09951,158906,46097.188,146982355.31539,0
1720987200000,3189.56,3268.66,3188.72,3243.56,371764.291,1721001599999,1204141771.37344,490232,200261.374,648467768.92628,0
1721001600000,3243.52,3341.95,3231.03,3328.17,613594.946,1721015999999,2022676262.09892,802613,335439.132,1105861181.50564,0
1721016000000,3328.16,3368.64,3319.00,3354.39,362631.903,1721030399999,1212222081.56169,516926,180798.152,604541581.03605,0
1721030400000,3354.39,3371.98,3325.69,3338.85,295098.210,1721044799999,987923461.13342,459140,144847.377,484977003.29280,0
1721044800000,3338.84,3392.96,3332.00,3365.72,365760.589,1721059199999,1229175864.00143,597007,185786.272,624441712.48788,0
1721059200000,3365.71,3434.00,3356.29,3404.40,595785.909,1721073599999,2022428204.59762,867475,302744.173,1028023013.36760,0
1721073600000,3404.39,3493.94,3401.79,3481.62,490741.413,1721087999999,1694228720.87353,731797,263840.755,911169864.80879,0
1721088000000,3481.62,3497.74,3452.22,3467.53,296152.995,1721102399999,1028020595.38797,506142,149792.596,520066839.31209,0
1721102400000,3467.53,3476.80,3371.00,3375.67,652166.409,1721116799999,2227250759.61560,842636,304366.846,1039483063.51135,0
1721116800000,3375.67,3423.60,3345.00,3417.78,503950.845,1721131199999,1707400389.65726,695569,252888.933,857086662.69624,0
1721131200000,3417.78,3484.23,3374.41,3474.54,664935.046,1721145599999,2274690367.28625,931460,336068.145,1150058204.97696,0
1721145600000,3474.53,3493.00,3440.00,3472.87,451555.713,1721159999999,1563758288.97062,655846,223857.970,775339692.00560,0
1721160000000,3472.87,3473.74,3412.85,3442.83,277002.908,1721174399999,952489225.34699,430248,133041.297,457467252.68725,0
1721174400000,3442.84,3517.14,3440.36,3478.87,443423.258,1721188799999,1544561350.60520,585123,224791.420,783022185.79066,0
1721188800000,3478.88,3514.94,3470.28,3484.53,354787.280,1721203199999,1239396962.32413,460641,181238.956,633178841.75750,0
1721203200000,3484.52,3499.82,3440.24,3448.13,392083.986,1721217599999,1361307037.29130,573315,188127.014,653237089.92110,0
1721217600000,3448.12,3474.33,3431.00,3436.17,397982.526,1721231999999,1374395118.54970,655447,194628.552,672187090.44301,0
1721232000000,3436.17,3437.90,3374.53,3415.68,481696.102,1721246399999,1640348366.84080,636602,235548.943,802251761.24841,0
1721246400000,3415.72,3427.80,3383.54,3386.00,201201.864,1721260799999,684652584.37119,326784,99556.925,338798316.85441,0
1721260800000,3386.01,3440.00,3381.83,3429.99,269858.152,1721275199999,921624792.94458,449313,140199.257,478826222.36659,0
1721275200000,3430.00,3452.50,3407.56,3431.90,306392.698,1721289599999,1051134316.31590,354822,147197.187,505021673.47089,0
1721289600000,3431.90,3459.76,3429.64,3457.34,191625.896,1721303999999,660339391.13471,323445,95896.030,330492463.23100,0
1721304000000,3457.34,3487.99,3382.90,3387.26,629202.546,1721318399999,2161717722.24873,832330,304883.796,1047627443.48490,0
1721318400000,3387.25,3422.67,3364.62,3404.34,382877.984,1721332799999,1301358602.53301,554866,191307.360,650339928.86638,0
1721332800000,3404.34,3435.90,3395.61,3424.99,133203.955,1721347199999,455799193.31041,216447,64539.093,220802525.64834,0
1721347200000,3424.99,3431.74,3381.61,3428.51,309305.724,1721361599999,1054979680.91292,425070,155778.995,531397354.39294,0
1721361600000,3428.50,3449.47,3385.00,3390.59,328377.412,1721375999999,1122669635.87927,405078,154754.966,529064567.70300,0
1721376000000,3390.59,3409.92,3375.25,3402.84,321709.558,1721390399999,1091451383.25381,454629,162128.049,550152069.93133,0
1721390400000,3402.84,3473.98,3395.08,3463.59,631888.514,1721404799999,2174392419.85333,791502,315633.171,1086105922.26832,0
1721404800000,3463.44,3539.38,3463.00,3520.90,561410.638,1721419199999,1965320660.39542,759353,302146.591,1057766084.75243,0
1721419200000,3520.90,3525.66,3489.00,3502.18,236611.587,1721433599999,829795905.29662,343031,109253.565,383244842.39547,0
1721433600000,3502.18,3507.00,3478.01,3493.78,165843.252,1721447999999,578920215.07513,259474,84793.806,296030423.38731,0
1721448000000,3493.77,3506.94,3485.70,3485.99,118544.182,1721462399999,414682836.25141,171817,59372.945,207737628.19007,0
1721462400000,3485.99,3493.40,3478.84,3483.39,146155.297,1721476799999,509307137.03216,201896,74068.682,258131290.15726,0
1721476800000,3483.39,3507.07,3479.03,3501.82,167214.638,1721491199999,584076224.94039,244950,86691.028,302876925.73696,0
1721491200000,3501.83,3538.38,3489.01,3513.21,332593.116,1721505599999,1169230000.22594,466178,164132.704,577070165.87997,0
1721505600000,3513.21,3525.26,3497.35,3516.03,117808.507,1721519999999,413923438.01228,214480,54834.041,192686184.30011,0
1721520000000,3516.03,3527.90,3502.13,3508.86,96479.764,1721534399999,339050210.11411,182049,47631.229,167415574.75197,0
1721534400000,3508.86,3512.03,3472.54,3482.87,201289.697,1721548799999,702615739.52822,282763,90854.890,317137111.61596,0
1721548800000,3482.87,3506.89,3481.72,3497.37,128561.608,1721563199999,449228910.78341,201953,70746.907,247216524.50626,0
1721563200000,3497.37,3515.75,3481.00,3498.64,215182.805,1721577599999,753296521.23005,321559,105174.817,368272881.83354,0
1721577600000,3498.63,3524.00,3408.13,3489.00,750382.026,1721591999999,2601604245.11857,1000477,359689.954,1247319885.32926,0
1721592000000,3489.01,3547.84,3480.92,3534.29,366214.034,1721606399999,1288588177.87467,554257,192188.368,676226496.66377,0
1721606400000,3534.30,3562.33,3513.57,3515.48,270315.259,1721620799999,955437145.60467,447558,131175.382,463776060.88201,0
1721620800000,3515.48,3522.54,3457.26,3477.02,325900.162,1721635199999,1136423702.14002,464844,148788.550,518973212.29690,0
1721635200000,3477.01,3502.61,3467.05,3498.60,190207.597,1721649599999,662777015.65441,295065,95663.368,333435749.78066,0
1721649600000,3498.61,3505.88,3433.33,3455.70,481000.102,1721663999999,1667806595.26734,688078,226229.657,784487303.53292,0
1721664000000,3455.70,3497.65,3442.65,3497.36,238788.453,1721678399999,828537179.17009,407718,121559.753,421842951.09964,0
1721678400000,3497.37,3498.37,3421.00,3438.08,439828.813,1721692799999,1518847877.44158,569208,201259.097,694964820.25729,0
1721692800000,3438.09,3489.86,3434.00,3473.57,335092.706,1721707199999,1163300644.46717,503055,176886.568,613918607.19871,0
1721707200000,3473.57,3482.53,3423.36,3453.30,394410.132,1721721599999,1359649221.06438,600458,190198.132,655685819.09538,0
1721721600000,3453.30,3540.94,3450.78,3514.54,754394.806,1721735999999,2648078298.16842,995189,382280.852,1341842851.09951,0
1721736000000,3514.54,3517.28,3427.75,3452.96,1219702.782,1721750399999,4231488210.84643,1470955,591326.600,2051785257.46694,0
1721750400000,3452.96,3495.81,3384.61,3455.74,843951.294,1721764799999,2902527279.61790,1100954,414191.578,1424953885.28619,0
1721764800000,3455.74,3500.00,3453.16,3481.01,438210.147,1721779199999,1523935007.96072,555762,228799.035,795642030.20396,0
1721779200000,3481.01,3486.73,3425.76,3447.02,295328.730,1721793599999,1019422167.39184,432596,142625.741,492196251.86137,0
1721793600000,3447.01,3450.68,3428.01,3445.74,172463.058,1721807999999,593217603.14671,288168,83843.721,288442814.95988,0
1721808000000,3445.74,3471.32,3441.35,3458.40,210703.734,1721822399999,728925650.43585,324915,104352.441,361001251.17928,0
1721822400000,3458.39,3470.68,3407.03,3413.50,523152.664,1721836799999,1799700329.33276,680694,252831.055,869864971.59998,0
1721836800000,3413.50,3431.66,3355.05,3362.22,513911.127,1721851199999,1744817852.79188,710678,237587.713,806876200.21756,0
1721851200000,3362.22,3375.39,3285.69,3334.24,580741.028,1721865599999,1935850315.51301,744827,269177.599,897714427.50863,0
1721865600000,3334.23,3342.02,3148.78,3166.40,1359729.202,1721879999999,4374311711.09654,1529681,612791.117,1971188843.80161,0
1721880000000,3166.41,3192.85,3125.37,3170.22,482674.828,1721894399999,1530309593.25612,622056,239389.242,759224537.19620,0
1721894400000,3170.22,3186.58,3151.16,3170.88,357295.109,1721908799999,1132123563.45258,494191,179943.181,570211102.09947,0
1721908800000,3170.89,3182.56,3103.50,3140.81,923701.405,1721923199999,2907661829.08111,1139598,455095.715,1433089602.83653,0
1721923200000,3140.81,3171.00,3096.54,3122.04,548225.216,1721937599999,1719301473.45295,750359,264880.278,830953181.26820,0
1721937600000,3122.04,3198.00,3085.57,3173.67,532657.093,1721951999999,1677806652.37472,673174,273370.661,861283326.06234,0
1721952000000,3173.67,3258.35,3169.14,3235.15,571093.062,1721966399999,1836174793.43040,733750,291098.967,935632379.18717,0
1721966400000,3235.16,3274.95,3231.03,3249.62,383617.462,1721980799999,1249599015.85481,441118,189357.835,616891476.87944,0
1721980800000,3249.62,3262.72,3232.26,3245.36,272858.589,1721995199999,886184872.57573,333455,131514.727,427166398.16297,0
1721995200000,3245.36,3269.98,3218.00,3253.84,590842.526,1722009599999,1916842217.50369,762802,293510.050,952370244.08231,0
1722009600000,3253.83,3284.45,3241.16,3272.89,265977.185,1722023999999,866919909.96775,391274,142531.769,464648637.45470,0
1722024000000,3272.89,3284.93,3249.19,3272.82,173004.963,1722038399999,565171383.74782,252936,86679.062,283192363.48071,0
1722038400000,3272.81,3273.46,3241.52,3243.80,200065.377,1722052799999,651056084.15298,258116,96659.711,314538721.57600,0
1722052800000,3243.74,3276.41,3243.00,3270.41,136819.777,1722067199999,446336813.88638,193051,69210.917,225750100.99197,0
1722067200000,3270.41,3281.91,3261.00,3277.00,165703.197,1722081599999,542195621.30076,223163,80453.069,263286052.14145,0
1722081600000,3277.00,3326.90,3267.91,3279.79,519004.211,1722095999999,1712087540.90276,631376,248344.001,819377567.97455,0
1722096000000,3279.79,3290.58,3226.03,3259.99,447633.269,1722110399999,1458992220.41208,564257,216699.137,706503305.08074,0
1722110400000,3259.99,3293.95,3188.89,3248.17,712284.829,1722124799999,2311786343.35881,891331,343557.283,1115419138.11766,0
1722124800000,3248.16,3255.41,3224.06,3236.80,185400.523,1722139199999,601164841.11478,272863,97163.728,315067322.08570,0
1722139200000,3236.79,3242.89,3195.84,3226.29,249534.847,1722153599999,803308814.63844,315347,122191.896,393377447.80803,0
1722153600000,3226.64,3264.00,3214.36,3255.00,196929.228,1722167999999,638843090.25684,263589,99956.143,324339027.79862,0
1722168000000,3255.00,3278.52,3252.60,3267.56,230731.240,1722182399999,753671490.36864,311054,110033.442,359461906.09669,0
1722182400000,3267.56,3284.57,3261.00,3270.36,124848.553,1722196799999,408520056.97170,207823,64554.497,211255511.43684,0
1722196800000,3270.36,3272.34,3250.00,3268.03,126998.078,1722211199999,414121656.53460,199439,60073.125,195909688.86292,0
1722211200000,3268.03,3356.64,3265.18,3348.01,508447.609,1722225599999,1683407356.03677,696403,263679.339,872974424.55504,0
1722225600000,3348.01,3388.00,3338.63,3366.01,398132.172,1722239999999,1339582975.68012,486049,209984.609,706552856.29566,0
1722240000000,3366.00,3396.07,3360.39,3374.03,265318.006,1722254399999,897194925.79426,364915,126463.345,427659830.85518,0
1722254400000,3374.03,3385.82,3288.40,3306.88,772027.074,1722268799999,2573674273.73136,940673,372870.743,1242990896.12309,0
1722268800000,3306.88,3323.47,3256.56,3310.13,664589.431,1722283199999,2187868189.72344,761221,325021.889,1070223261.19296,0
1722283200000,3310.13,3351.71,3307.97,3316.87,288759.033,1722297599999,961137584.36127,396249,150121.175,499680710.32762,0
1722297600000,3316.86,3336.95,3280.17,3319.43,397220.590,1722311999999,1314219909.74003,561062,194593.745,643943818.00202,0
1722312000000,3319.42,3354.05,3296.07,3339.51,249889.485,1722326399999,830165391.54075,341121,126998.466,422014513.23223,0
1722326400000,3339.50,3354.81,3325.70,3333.35,208059.374,1722340799999,694435988.13195,325145,95694.325,319446843.71317,0
1722340800000,3333.34,3365.00,3290.01,3319.26,496094.833,1722355199999,1650142406.84663,703046,246911.815,821435146.66451,0
1722355200000,3319.25,3326.67,3258.63,3271.36,383715.063,1722369599999,1262164062.60159,547109,173089.843,569477457.08414,0
1722369600000,3271.39,3284.00,3230.10,3278.17,265851.130,1722383999999,867440398.88935,390120,126785.779,413828963.85741,0
1722384000000,3278.17,3303.64,3260.22,3292.92,186752.295,1722398399999,613213767.89542,326246,96230.708,316042665.24250,0
1722398400000,3292.92,3331.42,3261.21,3316.25,358288.439,1722412799999,1182251547.88411,472355,178132.298,587701329.51627,0
1722412800000,3316.25,3326.00,3304.97,3321.85,183016.020,1722427199999,606879849.50059,285220,94941.068,314878235.83003,0
1722427200000,3321.85,3348.74,3294.50,3301.20,441804.890,1722441599999,1467572212.70048,628583,211516.844,702689587.77288,0
1722441600000,3301.20,3329.37,3243.26,3265.02,589805.814,1722455999999,1941622966.50207,836850,289295.060,952801393.09962,0
1722456000000,3265.01,3270.50,3212.32,3231.48,413917.625,1722470399999,1338599523.16283,632792,197602.357,639185625.89187,0
1722470400000,3231.49,3241.83,3169.15,3177.01,458292.503,1722484799999,1467831032.55657,720442,208679.527,668577556.26678,0
1722484800000,3177.00,3189.53,3134.03,3165.35,468973.645,1722499199999,1484304009.95923,637336,230525.919,729756364.22947,0
1722499200000,3165.35,3192.85,3163.93,3187.13,189268.585,1722513599999,602368853.84671,311424,93563.592,297819901.40961,0
1722513600000,3187.14,3206.35,3100.84,3115.67,689499.334,1722527999999,2170870928.55197,882969,329998.592,1039049353.82698,0
1722528000000,3115.68,3134.71,3078.40,3130.30,621522.981,1722542399999,1928929925.32885,913582,313942.516,974515412.84339,0
1722542400000,3130.29,3219.20,3120.00,3201.67,412529.800,1722556799999,1310866145.88347,568401,203590.208,646924050.51059,0
1722556800000,3201.66,3217.06,3134.93,3166.72,373574.209,1722571199999,1184842777.85292,542289,179664.141,569749335.22915,0
1722571200000,3166.73,3174.43,3125.00,3146.02,304703.470,1722585599999,959467532.17263,470353,151343.311,476599393.87137,0
1722585600000,3146.03,3165.61,3132.82,3152.10,193766.287,1722599999999,610801392.89822,354674,99987.113,315235288.82164,0
1722600000000,3152.10,3181.99,2983.57,3037.51,1454047.316,1722614399999,4477130193.93660,1650960,672704.149,2071763342.87025,0
1722614400000,3037.50,3047.25,2990.64,3010.53,501041.059,1722628799999,1514896598.41196,753667,241843.764,731339511.27139,0
1722628800000,3010.53,3041.74,2965.27,2988.11,582165.043,1722643199999,1744108965.94757,776598,275835.230,826653592.78519,0
1722643200000,2988.10,3002.49,2912.50,2980.78,545475.512,1722657599999,1611457232.29371,770656,259159.176,766112855.72956,0
1722657600000,2980.77,2995.88,2958.87,2982.42,189860.543,1722671999999,565333815.88343,288959,94419.711,281197031.11519,0
1722672000000,2982.42,3004.46,2973.02,2995.44,163709.703,1722686399999,489029419.54688,280028,79942.755,238837643.40326,0
1722686400000,2995.43,3016.61,2937.06,2940.49,385083.132,1722700799999,1149353550.55219,527248,170127.288,508023092.31141,0
1722700800000,2940.52,2954.45,2875.22,2892.38,898902.720,1722715199999,2622015774.22784,1126882,433980.551,1266260623.30032,0
1722715200000,2892.37,2921.42,2855.00,2901.94,438860.969,1722729599999,1270931769.16413,607506,210379.152,609440342.12715,0
1722729600000,2901.95,2934.66,2875.01,2914.21,252916.495,1722743999999,735206697.58140,411280,127246.911,370015337.18997,0
1722744000000,2914.22,2920.69,2886.32,2891.55,165433.212,1722758399999,480563898.72753,272252,74737.965,217127753.73970,0
1722758400000,2891.53,2924.80,2874.12,2912.80,219092.513,1722772799999,636455649.62296,339018,114123.238,331627586.24147,0
1722772800000,2912.80,2924.59,2818.00,2826.06,667290.185,1722787199999,1912712521.83774,790648,309418.289,887269661.01262,0
1722787200000,2826.08,2837.96,2613.30,2755.84,1885496.206,1722801599999,5155805954.58236,1840657,872218.334,2385746644.50036,0
1722801600000,2755.84,2771.34,2680.00,2687.60,519065.184,1722815999999,1416819593.77265,680516,247781.551,676566941.00009,0
1722816000000,2687.60,2695.93,2112.00,2311.67,4616994.853,1722830399999,10959455953.00359,4498151,2131352.117,5055096135.68207,0
1722830400000,2311.64,2384.97,2150.37,2356.42,2760223.013,1722844799999,6314032439.76997,2998140,1358338.923,3109082923.67981,0
1722844800000,2356.42,2361.99,2222.31,2289.89,1646831.896,1722859199999,3765587518.76700,1978422,802327.070,1834696256.37950,0
1722859200000,2289.89,2460.00,2181.61,2448.97,2627102.621,1722873599999,6104550389.56155,2739993,1317944.852,3064675704.22014,0
1722873600000,2448.96,2518.27,2363.00,2403.94,1335817.422,1722887999999,3262833347.51268,1526025,663332.069,1620782945.54035,0
1722888000000,2403.87,2473.81,2399.79,2418.60,570754.292,1722902399999,1389830430.73785,801117,288894.104,703555587.21728,0
1722902400000,2418.60,2545.91,2414.63,2490.40,773192.838,1722916799999,1937011298.25974,1086828,396574.726,993273079.79734,0
1722916800000,2490.40,2533.94,2476.94,2522.19,549155.664,1722931199999,1377127294.28491,866935,279917.900,702024628.76744,0
1722931200000,2522.18,2523.50,2438.41,2457.07,673184.180,1722945599999,1658127628.21312,1088936,324238.038,798587937.94162,0
1722945600000,2457.08,2558.24,2412.35,2526.09,1158026.702,1722959999999,2879096830.91711,1596051,588774.852,1464093275.19856,0
1722960000000,2526.10,2549.08,2479.48,2491.36,651803.080,1722974399999,1637303579.61290,876883,326533.791,820266109.75664,0
1722974400000,2491.40,2512.55,2445.00,2459.87,551324.461,1722988799999,1365169211.80163,733803,272036.457,673632153.00094,0
1722988800000,2459.86,2529.60,2423.50,2506.07,806971.796,1723003199999,2000897049.77211,1014820,410809.770,1019063058.72247,0
1723003200000,2506.08,2533.56,2483.53,2509.78,510017.106,1723017599999,1280288125.23134,699701,250311.506,628402290.20733,0
1723017600000,2509.78,2549.85,2470.16,2471.82,692917.958,1723031999999,1739203186.42860,863554,343201.593,861679852.21967,0
1723032000000,2471.83,2486.95,2363.24,2411.71,1457574.964,1723046399999,3532895515.39511,1592943,717391.061,1739419412.75897,0
1723046400000,2411.71,2414.79,2324.89,2349.68,863756.303,1723060799999,2046373086.04069,1161740,420448.663,996225337.27531,0
1723060800000,2349.71,2368.92,2307.00,2341.41,575550.918,1723075199999,1348484570.89336,808218,283173.605,663614031.18756,0
1723075200000,2341.40,2464.28,2318.64,2429.21,840214.466,1723089599999,2024671752.14781,1039165,422552.578,1017899682.51571,0
1723089600000,2429.21,2444.25,2410.04,2413.04,354507.174,1723103999999,860160543.22365,558642,185280.153,449718474.81664,0
1723104000000,2413.07,2459.48,2407.08,2446.11,404197.391,1723118399999,984341402.28899,625021,206119.574,502022843.45185,0
1723118400000,2446.11,2526.00,2410.29,2505.83,1430730.843,1723132799999,3540327611.80558,1610676,728434.635,1803177311.33356,0
1723132800000,2505.87,2609.25,2501.99,2572.31,938501.216,1723147199999,2411299736.11530,1109625,478324.241,1228766407.02432,0
1723147200000,2572.50,2723.77,2566.00,2681.59,852819.260,1723161599999,2263004659.92346,1041737,469718.532,1245971980.64762,0
1723161600000,2681.59,2700.00,2644.44,2692.90,514465.929,1723175999999,1374737295.18560,727126,255916.936,684137523.33721,0
1723176000000,2692.90,2708.80,2647.35,2668.97,455019.581,1723190399999,1218728769.62808,651230,218618.240,585797239.27394,0
1723190400000,2668.98,2681.08,2616.69,2633.46,504319.424,1723204799999,1334150141.02411,752329,250507.888,662998521.46027,0
1723204800000,2633.45,2663.27,2555.25,2557.33,1025691.719,1723219199999,2668124787.99692,1424972,502584.981,1307761657.84225,0
1723219200000,2557.33,2608.49,2551.23,2589.17,358718.301,1723233599999,927211727.56270,582541,186765.194,482768049.84680,0
1723233600000,2589.18,2612.55,2560.40,2597.90,293466.200,1723247999999,759524878.05770,496498,143188.804,370557428.30873,0
1723248000000,2597.89,2644.43,2574.54,2601.31,358644.779,1723262399999,933823353.31054,572281,184770.453,481231195.31583,0
1723262400000,2601.31,2637.28,2586.60,2633.06,203888.207,1723276799999,532916017.58953,362368,104491.902,273183927.91658,0
1723276800000,2633.06,2642.02,2621.18,2635.52,200206.103,1723291199999,526798490.16324,327747,99426.296,261663157.02771,0
1723291200000,2635.53,2636.72,2595.08,2598.45,229165.884,1723305599999,599312903.51933,356237,108085.210,282686747.34195,0
1723305600000,2598.48,2622.28,2587.85,2601.60,221622.954,1723319999999,577242204.13126,364084,114683.213,298775341.93084,0
1723320000000,2601.61,2616.99,2594.67,2608.76,97951.477,1723334399999,255236059.13130,193519,48114.083,125381383.73777,0
1723334400000,2608.77,2674.29,2604.50,2645.46,261141.110,1723348799999,688561801.49239,401015,135875.480,358292349.59884,0
1723348800000,2645.46,2682.00,2632.03,2676.16,255575.463,1723363199999,679330909.04040,389669,128021.616,340338297.70106,0
1723363200000,2676.20,2720.78,2643.48,2651.60,545395.315,1723377599999,1461522214.42766,711138,260813.736,699163174.50178,0
1723377600000,2651.58,2654.87,2592.50,2612.63,547612.966,1723391999999,1438358076.32016,740104,265246.427,696855925.69931,0
1723392000000,2612.63,2645.00,2595.00,2597.94,374763.417,1723406399999,982226584.84343,547303,189125.843,495709521.93014,0
1723406400000,2597.95,2601.93,2537.76,2554.65,645000.959,1723420799999,1653526762.68959,922250,314349.959,805828084.08925,0
1723420800000,2554.66,2577.25,2506.13,2540.19,464609.446,1723435199999,1180470954.12993,735632,226730.950,576321678.37054,0
1723435200000,2540.18,2581.93,2514.68,2565.84,389333.624,1723449599999,992338645.89343,609243,192566.547,491056576.42434,0
1723449600000,2565.83,2682.55,2556.62,2672.31,783744.651,1723463999999,2054049001.21445,1067148,397346.884,1041778739.91113,0
1723464000000,2672.31,2721.96,2590.80,2687.76,1520110.799,1723478399999,4053101683.54014,1818396,750592.599,2001467016.88907,0
1723478400000,2687.76,2697.44,2626.26,2658.96,450333.402,1723492799999,1198785434.80475,705464,222066.902,591211963.07495,0
1723492800000,2659.00,2749.97,2657.00,2721.15,518865.298,1723507199999,1402219297.71656,742330,277085.021,749117718.10637,0
1723507200000,2721.15,2737.38,2647.31,2655.04,624340.775,1723521599999,1680554649.94753,872227,291013.515,783281694.85958,0
1723521600000,2655.04,2662.90,2633.51,2647.14,304386.032,1723535999999,806821590.93937,504644,150989.391,400324966.74335,0
1723536000000,2647.14,2656.77,2610.04,2642.95,385954.277,1723550399999,1016074610.12857,611452,180764.691,476077140.76701,0
1723550400000,2642.94,2673.70,2630.00,2650.75,616504.442,1723564799999,1634368182.96327,955031,300294.949,796259653.44115,0
1723564800000,2650.75,2729.05,2648.39,2710.17,838299.071,1723579199999,2262069332.48024,950932,416730.943,1124295341.77376,0
1723579200000,2710.16,2733.32,2691.59,2701.01,246965.005,1723593599999,669430359.71271,383693,124149.202,336572698.94616,0
1723593600000,2701.01,2724.60,2684.14,2707.99,272766.878,1723607999999,737733029.10940,473368,142478.030,385403595.02771,0
1723608000000,2707.98,2749.00,2706.34,2726.46,341253.171,1723622399999,930695598.27721,490772,178244.525,486143595.31391,0
1723622400000,2726.46,2763.32,2712.71,2748.60,467331.101,1723636799999,1279756174.76674,681382,236941.282,649071396.08174,0
1723636800000,2748.59,2788.88,2631.00,2672.73,1412380.207,1723651199999,3799196535.78035,1682126,688241.149,1851739946.33607,0
1723651200000,2672.72,2672.80,2640.06,2667.71,388444.094,1723665599999,1032192953.85982,599020,193352.908,513856309.48794,0
1723665600000,2667.68,2678.79,2639.69,2659.82,214353.242,1723679999999,570881632.81841,341968,99826.590,265916586.35033,0
1723680000000,2659.82,2672.26,2632.23,2651.49,346052.098,1723694399999,917905739.71581,516410,172140.333,456559127.57115,0
1723694400000,2651.50,2655.56,2586.50,2613.82,470351.003,1723708799999,1233605612.02511,657996,217451.258,570572863.06026,0
1723708800000,2613.83,2643.00,2604.29,2636.54,298537.830,1723723199999,783059583.54932,456710,156710.865,411111892.58300,0
1723723200000,2636.53,2674.17,2631.86,2667.05,652125.793,1723737599999,1730892976.20571,888737,319420.054,847870371.41471,0
1723737600000,2666.94,2673.69,2520.00,2548.09,1001327.964,1723751999999,2578752630.76106,1233985,467430.525,1203384972.83209,0
1723752000000,2548.02,2588.42,2513.65,2568.73,450873.052,1723766399999,1150726885.46847,641815,225080.247,574594580.50921,0
1723766400000,2568.73,2609.04,2551.00,2578.62,356114.616,1723780799999,918602225.35047,503982,171342.568,441989057.75493,0
1723780800000,2578.62,2627.65,2576.48,2616.00,293288.303,1723795199999,764359274.86695,414986,149796.723,390299796.35341,0
1723795200000,2616.01,2625.49,2604.82,2611.17,258243.129,1723809599999,675654422.89838,372660,128322.544,335796045.23281,0
1723809600000,2611.17,2619.00,2549.15,2567.50,928113.985,1723823999999,2398782600.02270,1152333,453136.860,1171341412.67689,0
1723824000000,2567.50,2630.73,2562.54,2619.10,606405.927,1723838399999,1578328283.08309,775044,325351.781,846923353.65229,0
1723838400000,2619.12,2625.14,2585.49,2591.52,224329.896,1723852799999,584284371.87505,313040,102059.491,265830889.26640,0
1723852800000,2591.53,2606.81,2585.81,2594.48,143645.382,1723867199999,373036300.83096,261715,77056.231,200128033.95351,0
1723867200000,2594.48,2602.29,2588.94,2598.88,96026.150,1723881599999,249366273.12260,162168,43659.078,113390322.77113,0
1723881600000,2598.89,2606.47,2591.20,2597.90,119991.959,1723895999999,311768418.39019,188065,55979.498,145472324.32771,0
1723896000000,2597.88,2618.29,2595.44,2605.56,186906.583,1723910399999,487216967.28494,269652,95483.237,248929871.87504,0
1723910400000,2605.55,2628.00,2605.49,2613.79,176955.061,1723924799999,462842896.53178,243026,97794.371,255797738.49273,0
1723924800000,2613.79,2617.04,2598.54,2613.18,97083.433,1723939199999,253177256.76299,162430,45998.066,119966623.15508,0
1723939200000,2613.18,2638.36,2603.36,2605.09,263026.290,1723953599999,688492339.25745,348629,133335.686,349164195.19590,0
1723953600000,2605.09,2609.46,2593.00,2606.75,141987.111,1723967999999,369518078.32849,205381,69831.627,181751827.82007,0
1723968000000,2606.74,2666.91,2604.17,2648.01,403254.104,1723982399999,1065089211.69656,451483,207670.546,548466243.10604,0
1723982400000,2648.01,2688.25,2641.42,2671.00,349381.267,1723996799999,931723983.71302,398350,184765.601,492810970.59587,0
1723996800000,2671.00,2677.33,2641.62,2666.70,199003.843,1724011199999,529025981.57582,268635,91900.280,244310496.01634,0
1724011200000,2666.70,2669.52,2608.05,2610.67,259123.274,1724025599999,683284055.46640,331923,121504.265,320404727.03908,0
1724025600000,2610.67,2646.55,2601.80,2643.32,349573.280,1724039999999,917586931.21591,463647,193356.045,507656062.28504,0
1724040000000,2643.33,2647.29,2609.93,2612.59,257446.693,1724054399999,675852989.72621,311222,121008.238,317743878.42138,0
1724054400000,2612.59,2620.85,2565.00,2586.45,475628.786,1724068799999,1230306907.38205,563779,224481.872,580560605.51305,0
1724068800000,2586.46,2603.00,2560.90,2583.05,425511.632,1724083199999,1098797202.76806,584469,210065.513,542444008.43955,0
1724083200000,2583.05,2629.97,2572.22,2605.32,422776.620,1724097599999,1099808389.29278,547261,220801.748,574538124.24232,0
1724097600000,2605.33,2639.98,2602.92,2635.15,191311.274,1724111999999,501515663.43480,315712,95006.914,249072926.50144,0
1724112000000,2635.16,2676.19,2617.05,2660.97,412466.009,1724126399999,1094245111.31329,540103,207172.519,549806986.05425,0
1724126400000,2660.98,2694.96,2656.21,2673.67,362835.485,1724140799999,970705909.29532,461266,181132.757,484641833.39904,0
1724140800000,2673.67,2674.75,2637.12,2641.03,244919.187,1724155199999,650294778.61080,340353,110412.502,293237921.82384,0
1724155200000,2641.03,2654.68,2552.50,2573.34,904290.500,1724169599999,2352964320.04785,1010699,446406.871,1161906861.02937,0
1724169600000,2573.35,2605.67,2563.83,2600.67,348882.962,1724183999999,901558731.82161,445312,185791.969,480200758.39535,0
1724184000000,2600.67,2608.78,2562.04,2571.51,231115.270,1724198399999,597044082.52086,322639,107903.663,278803289.30554,0
1724198400000,2571.51,2596.93,2554.33,2590.09,219863.136,1724212799999,566820276.40249,339888,109244.729,281777970.77811,0
1724212800000,2590.09,2605.59,2587.05,2599.22,155485.180,1724227199999,403785897.49189,244895,73545.387,191008157.11737,0
1724227200000,2599.22,2606.65,2566.03,2576.40,271022.071,1724241599999,699918202.06692,387998,131032.934,338421509.72836,0
1724241600000,2576.40,2616.88,2533.51,2600.44,937315.458,1724255999999,2422136574.36871,1106341,449974.714,1163316497.76728,0
1724256000000,2600.45,2649.33,2591.01,2645.01,518281.955,1724270399999,1361129186.89582,681059,260363.069,683810326.15208,0
1724270400000,2645.01,2663.55,2618.00,2629.38,312423.775,1724284799999,824088388.14470,415844,154462.241,407485621.97956,0
1724284800000,2629.37,2639.28,2582.27,2615.18,334724.588,1724299199999,874158855.61734,432045,166483.465,434719277.61546,0
1724299200000,2615.18,2641.95,2612.32,2635.00,179109.410,1724313599999,469974091.47776,273320,92884.664,243784921.51593,0
1724313600000,2634.99,2644.00,2618.36,2640.42,227465.256,1724327999999,598912146.69590,339315,113122.577,297928370.94655,0
1724328000000,2640.42,2643.87,2588.39,2598.30,483013.258,1724342399999,1262206688.12379,650907,228887.564,598068967.24439,0
1724342400000,2598.29,2618.86,2596.06,2605.44,252410.050,1724356799999,658147153.72928,371527,122972.287,320651080.95757,0
1724356800000,2605.45,2631.27,2605.18,2622.00,154913.077,1724371199999,405733873.33628,215673,84202.460,220549341.61227,0
1724371200000,2622.00,2652.82,2619.86,2634.64,227541.378,1724385599999,600113784.44936,307443,109597.914,289103745.29963,0
1724385600000,2634.65,2688.86,2632.80,2668.07,437034.101,1724399999999,1166045672.05789,506750,234672.142,626037634.16254,0
1724400000000,2668.07,2679.97,2650.00,2651.94,272661.015,1724414399999,726468787.12140,349835,132180.649,352261962.98117,0
1724414400000,2651.95,2698.69,2631.01,2669.45,992910.044,1724428799999,2645777336.46492,1026581,493019.031,1313768352.04388,0
1724428800000,2669.46,2749.22,2661.62,2744.58,860588.811,1724443199999,2334649175.12583,915331,457024.738,1240045965.01154,0
1724443200000,2744.58,2798.88,2743.00,2761.58,498138.254,1724457599999,1378694032.97040,620362,255178.948,706427400.88236,0
1724457600000,2761.58,2768.44,2741.12,2745.58,214773.382,1724471999999,591272206.24978,307576,104892.543,288769391.02101,0
1724472000000,2745.57,2764.20,2736.92,2757.23,172196.611,1724486399999,473932668.78751,259757,91008.904,250523162.46343,0
1724486400000,2757.23,2785.78,2753.66,2755.35,314643.990,1724500799999,871067003.70661,356505,161342.021,446745543.46097,0
1724500800000,2755.36,2763.07,2750.00,2759.79,247078.684,1724515199999,681146388.82220,304500,109616.110,302211407.09202,0
1724515200000,2759.79,2819.35,2758.64,2791.25,747545.742,1724529599999,2089454179.38392,713572,375441.052,1049230452.46092,0
1724529600000,2791.25,2806.62,2729.15,2766.40,428110.908,1724543999999,1183113825.55159,500470,200922.060,555775018.65961,0
1724544000000,2766.40,2782.62,2747.00,2763.42,256524.878,1724558399999,708732081.44359,356883,131385.017,363130207.75806,0
1724558400000,2763.43,2769.66,2731.63,2742.05,210190.053,1724572799999,578078605.80656,301762,101130.364,278180607.89557,0
1724572800000,2742.05,2759.96,2735.90,2749.68,171894.234,1724587199999,472822177.15594,254186,85655.633,235629831.76785,0
1724587200000,2749.69,2772.00,2744.73,2762.79,196302.589,1724601599999,541903364.83954,270404,97813.614,270049663.15531,0
1724601600000,2762.78,2773.42,2758.56,2764.77,115228.884,1724615999999,318661738.58159,199051,59253.845,163882724.53680,0
1724616000000,2764.77,2791.66,2738.00,2744.47,277915.260,1724630399999,769511191.79722,371624,138406.127,383415776.45186,0
1724630400000,2744.48,2760.97,2715.07,2743.01,306420.497,1724644799999,840174274.64700,413937,149084.959,408910546.93125,0
1724644800000,2743.00,2751.00,2727.08,2731.92,186649.400,1724659199999,511452576.44175,296304,89748.034,245951929.64689,0
1724659200000,2731.92,2747.96,2705.37,2735.81,276464.036,1724673599999,755710621.23905,382764,132800.021,363120796.72637,0
1724673600000,2735.81,2741.18,2700.62,2720.53,460861.478,1724687999999,1253467391.58253,608485,224591.755,611018645.31248,0
1724688000000,2720.52,2731.35,2673.66,2679.96,439624.004,1724702399999,1186141536.37927,539588,208874.401,563730759.48129,0
1724702400000,2679.96,2692.28,2665.00,2679.25,237692.658,1724716799999,637104786.91935,312370,109916.913,294644573.74111,0
1724716800000,2679.26,2693.10,2665.16,2684.50,246068.313,1724731199999,659501836.83149,341325,122658.546,328796833.53522,0
1724731200000,2684.49,2699.11,2671.70,2686.91,265165.914,1724745599999,712457880.85309,314742,138778.516,372869113.23554,0
1724745600000,2686.91,2691.00,2618.00,2625.59,522738.133,1724759999999,1385732567.60476,598154,233843.450,619885478.49245,0
1724760000000,2625.59,2628.13,2556.00,2577.64,929014.833,1724774399999,2411968183.24083,970869,450738.300,1170480610.65488,0
1724774400000,2577.63,2590.96,2561.90,2582.85,418599.384,1724788799999,1078757169.69449,441182,209422.680,539691095.60116,0
1724788800000,2582.85,2587.48,2388.00,2455.98,1454986.852,1724803199999,3598083750.34892,1431664,633655.908,1566045133.54431,0
1724803200000,2455.98,2478.76,2416.56,2476.76,563536.659,1724817599999,1379378502.64877,687415,282046.566,690571047.44039,0
1724817600000,2476.76,2484.59,2431.18,2435.92,416509.072,1724831999999,1026064732.10648,468984,195679.773,482175116.40733,0
1724832000000,2435.92,2549.30,2427.65,2521.50,708608.143,1724846399999,1773129018.36026,774391,372419.485,931677221.78556,0
1724846400000,2521.49,2538.00,2467.00,2494.70,741724.193,1724860799999,1855690390.79987,915616,357127.359,893597688.76411,0
1724860800000,2494.71,2545.20,2455.04,2503.75,820236.569,1724875199999,2052601390.63486,940974,405996.740,1015853290.54486,0
1724875200000,2503.75,2554.19,2503.33,2527.31,424093.800,1724889599999,1072457753.50078,582468,213815.296,540804897.99312,0
1724889600000,2527.32,2536.87,2509.12,2522.13,248879.394,1724903999999,628099800.17152,357697,116065.809,292955310.47498,0
1724904000000,2522.16,2559.14,2517.10,2546.05,260758.777,1724918399999,662789363.34653,355871,133260.322,338821182.76133,0
1724918400000,2546.05,2573.82,2536.16,2553.72,284677.497,1724932799999,726488956.62422,406167,148185.400,378269004.93710,0
1724932800000,2553.71,2594.00,2550.59,2574.51,567522.454,1724947199999,1459210590.71464,762681,289568.457,744637840.15191,0
1724947200000,2574.51,2584.68,2508.84,2527.54,576158.540,1724961599999,1466445643.45332,740737,276150.838,702989614.45706,0
1724961600000,2527.53,2542.79,2504.11,2526.28,218752.066,1724975999999,552630731.56893,355533,108184.231,273397526.92580,0
1724976000000,2526.28,2534.28,2503.00,2515.83,251072.417,1724990399999,632496637.95518,373559,125984.786,317382539.47585,0
1724990400000,2515.83,2531.89,2502.84,2515.91,247076.955,1725004799999,622303352.95081,337971,124333.651,313166193.89394,0
1725004800000,2515.91,2527.41,2506.14,2511.45,170283.107,1725019199999,428521797.46660,274239,86098.352,216688061.77276,0
1725019200000,2511.45,2552.32,2433.75,2448.04,1095222.140,1725033599999,2720801010.06296,1224901,534724.972,1329046173.58341,0
1725033600000,2448.03,2540.00,2431.00,2505.79,801638.475,1725047999999,1995856354.91484,889475,411722.564,1024410927.32673,0
1725048000000,2505.80,2529.69,2505.01,2524.99,140103.037,1725062399999,352815061.53872,249928,73505.130,185074123.68864,0
1725062400000,2524.99,2533.29,2517.79,2522.42,104881.303,1725076799999,264725423.92347,199900,51402.206,129751976.51404,0
1725076800000,2522.42,2528.50,2517.00,2519.78,84453.677,1725091199999,213086113.13038,146890,42381.061,106940580.36941,0
1725091200000,2519.79,2528.76,2510.16,2524.56,141711.895,1725105599999,356932105.31674,211413,73668.018,185562493.24130,0
1725105600000,2524.55,2526.83,2512.85,2518.02,119290.818,1725119999999,300708659.80968,197977,59400.127,149748125.09233,0
1725120000000,2518.02,2518.72,2490.62,2498.36,202170.011,1725134399999,506025678.26574,291886,96705.659,242066730.50825,0
1725134400000,2498.36,2527.50,2492.42,2511.91,133325.097,1725148799999,334908333.55227,200785,74424.334,186922862.19637,0
1725148800000,2511.91,2514.97,2475.01,2487.76,230390.661,1725163199999,573905891.71883,338922,109061.096,271689785.26432,0
1725163200000,2487.76,2490.00,2457.50,2485.62,316204.521,1725177599999,782128054.95065,390835,152227.922,376547375.10221,0
1725177600000,2485.63,2491.96,2457.60,2476.44,243047.192,1725191999999,601620073.22388,299018,114536.420,283531298.07478,0
1725192000000,2476.45,2488.99,2436.54,2479.49,501767.483,1725206399999,1234787926.80344,607095,249026.963,612978300.10388,0
1725206400000,2479.49,2513.52,2455.60,2500.14,380062.908,1725220799999,944355235.97464,476729,186794.637,464240174.10150,0
1725220800000,2500.14,2514.77,2397.23,2424.55,624327.593,1725235199999,1522638507.01142,742944,296852.143,723751152.31968,0
1725235200000,2424.55,2454.66,2421.80,2449.15,361594.994,1725249599999,882228539.82808,502419,192933.716,470691086.91640,0
1725249600000,2449.15,2465.96,2432.00,2439.94,304017.150,1725263999999,743663420.68894,381738,143381.400,350703577.74401,0
1725264000000,2439.94,2537.57,2437.26,2514.75,697141.280,1725278399999,1741842106.67304,760883,365708.973,913424627.31994,0
1725278400000,2514.75,2527.22,2491.28,2512.29,446515.773,1725292799999,1122106445.89729,509236,224856.000,565153983.28114,0
1725292800000,2512.29,2530.00,2504.22,2523.39,178235.833,1725307199999,448717153.58866,283712,91266.922,229818986.87064,0
1725307200000,2523.39,2564.49,2521.00,2536.74,302494.089,1725321599999,769564313.78066,399366,163488.718,415949184.00472,0
1725321600000,2536.76,2552.55,2513.11,2514.79,266136.046,1725335999999,674154025.65437,365671,127120.494,322076277.93855,0
1725336000000,2514.79,2524.14,2511.25,2518.89,176322.668,1725350399999,443814586.78838,252879,82847.480,208550857.18861,0
1725350400000,2518.89,2519.64,2492.00,2508.19,254917.235,1725364799999,638199376.69502,325741,123211.559,308486323.01505,0
1725364800000,2508.19,2518.00,2434.50,2442.93,722146.867,1725379199999,1781363719.14423,816852,350196.247,863762622.02546,0
1725379200000,2442.92,2469.86,2434.50,2446.70,349606.512,1725393599999,856105607.13109,483992,180794.988,442804875.91817,0
1725393600000,2446.70,2470.40,2405.14,2424.05,282906.405,1725407999999,691575150.83616,368955,135982.872,332775568.88480,0
1725408000000,2424.05,2448.00,2304.87,2371.93,1209681.026,1725422399999,2857916695.18825,1213199,569821.192,1346814664.24876,0
1725422400000,2371.92,2414.66,2362.18,2400.10,401937.787,1725436799999,956645079.63825,468376,197414.610,470012482.59222,0
1725436800000,2400.11,2409.70,2385.84,2397.68,288863.904,1725451199999,692440364.81559,399215,147092.121,352642724.89080,0
1725451200000,2397.67,2457.90,2391.50,2453.88,830362.095,1725465599999,2009423792.38897,983070,430115.900,1041205114.07136,0
1725465600000,2453.87,2489.34,2437.37,2451.00,499034.389,1725479999999,1228548349.07819,614863,254709.023,627128265.56738,0
1725480000000,2451.00,2468.40,2442.00,2449.67,161250.508,1725494399999,395991394.93660,252882,78606.938,193034556.50301,0
1725494400000,2449.67,2465.23,2402.80,2404.43,374011.446,1725508799999,909732866.96624,444339,176046.206,428337399.08429,0
1725508800000,2404.43,2417.75,2375.36,2411.50,442350.254,1725523199999,1062633653.15393,475681,219616.073,527698756.59387,0
1725523200000,2411.49,2415.24,2382.17,2388.44,275605.167,1725537599999,660138532.92870,358280,129470.695,310134745.27247,0
1725537600000,2388.44,2413.87,2354.01,2370.16,911654.899,1725551999999,2172865588.25659,995740,443107.613,1056309646.38183,0
1725552000000,2370.16,2395.00,2346.05,2362.71,378239.583,1725566399999,897733787.65395,508942,185614.394,440649427.92438,0
1725566400000,2362.68,2377.44,2348.69,2367.37,229220.477,1725580799999,542446265.47426,324934,108114.451,255866462.94185,0
1725580800000,2367.33,2407.75,2356.17,2391.56,337526.609,1725595199999,805631282.38169,454433,174186.029,415630723.49067,0
1725595200000,2391.55,2396.42,2319.63,2343.14,548616.980,1725609599999,1290180722.26902,569481,263421.472,619435566.72478,0
1725609600000,2343.14,2378.95,2337.28,2372.16,389416.775,1725623999999,918798672.17013,443395,189343.062,446765847.65500,0
1725624000000,2372.16,2409.34,2264.40,2289.02,1686809.069,1725638399999,3947928689.16557,1600387,806834.956,1889787642.86862,0
1725638400000,2289.03,2292.00,2206.50,2221.51,1414464.723,1725652799999,3175424243.41660,1310980,653841.375,1468644198.63470,0
1725652800000,2221.50,2229.33,2150.00,2223.70,1099184.282,1725667199999,2409561632.60157,981771,506842.125,1111469261.79516,0
1725667200000,2223.70,2242.00,2220.76,2237.23,254746.094,1725681599999,568380469.92120,334878,120885.420,269719442.32012,0
1725681600000,2237.23,2292.99,2236.26,2287.03,433463.571,1725695999999,982446863.46887,488249,231147.368,523682023.33372,0
1725696000000,2287.03,2298.96,2274.03,2282.71,282154.620,1725710399999,644906955.88930,345863,136733.596,312574569.85120,0
1725710400000,2282.70,2310.00,2281.04,2299.17,288406.879,1725724799999,661972195.38106,370046,148735.999,341494996.01498,0
1725724800000,2299.18,2303.31,2262.01,2289.03,366666.468,1725739199999,836935403.17807,394312,174451.573,398251542.60959,0
1725739200000,2289.03,2290.00,2255.00,2272.21,207332.611,1725753599999,470493749.12848,277480,96681.293,219353651.31802,0
1725753600000,2272.21,2287.56,2262.00,2284.77,173741.482,1725767999999,395652072.98798,225076,88967.818,202635131.52799,0
1725768000000,2284.77,2303.90,2282.22,2293.69,192889.606,1725782399999,442118526.70515,253160,98365.993,225492358.37076,0
1725782400000,2293.70,2309.00,2286.33,2295.27,211658.841,1725796799999,486679167.32435,274708,100234.043,230506885.87984,0
1725796800000,2295.28,2298.16,2238.88,2244.67,493900.026,1725811199999,1121355756.09614,507053,229848.407,521910169.11693,0
1725811200000,2244.68,2282.59,2242.17,2270.63,328959.884,1725825599999,744506407.24439,355850,175105.599,396250671.42395,0
1725825600000,2270.64,2333.98,2266.46,2295.89,532674.915,1725839999999,1225408129.41856,540751,280546.359,645422110.07470,0
1725840000000,2295.90,2320.00,2286.59,2303.34,307641.889,1725854399999,708519956.08795,472759,143543.287,330649234.40471,0
1725854400000,2303.33,2315.95,2281.04,2313.03,302602.442,1725868799999,695133350.29548,368350,156967.778,360673097.45769,0
1725868800000,2313.03,2338.74,2308.00,2314.10,426393.758,1725883199999,989724161.60394,470310,219214.569,508966511.26391,0
1725883200000,2314.09,2324.47,2271.22,2291.59,684741.510,1725897599999,1572793756.84102,744737,336817.254,773636537.19823,0
1725897600000,2291.61,2352.67,2290.00,2349.27,784118.243,1725911999999,1828835935.05694,807968,397647.027,927448836.15071,0
1725912000000,2349.32,2382.51,2335.58,2358.19,428077.676,1725926399999,1010909347.32229,456630,228215.002,538932705.29095,0
1725926400000,2358.19,2359.19,2333.00,2339.58,281784.089,1725940799999,660343397.73823,308820,126450.645,296320123.02381,0
1725940800000,2339.57,2366.00,2325.83,2362.21,243463.668,1725955199999,571388569.92192,305018,130490.374,306325376.02840,0
1725955200000,2362.20,2371.34,2337.80,2349.65,260355.838,1725969599999,612428865.66287,344826,129209.863,303987762.55015,0
1725969600000,2349.65,2363.00,2319.09,2323.64,558127.091,1725983999999,1304828238.30075,672485,275128.230,643337553.94688,0
1725984000000,2323.64,2391.54,2323.00,2379.59,525329.899,1725998399999,1240770095.10294,579133,264773.062,625344008.51086,0
1725998400000,2379.60,2399.99,2370.72,2387.63,279040.790,1726012799999,665236175.20252,355301,142519.072,339809089.39622,0
1726012800000,2387.63,2388.39,2337.30,2347.13,436909.963,1726027199999,1030039375.58237,508336,216511.334,510417266.12135,0
1726027200000,2347.14,2347.14,2317.48,2340.42,371226.436,1726041599999,865407848.63871,439269,185519.689,432518183.49208,0
1726041600000,2340.41,2340.73,2305.23,2326.68,352704.710,1726055999999,819028285.03757,415224,166195.468,386028371.66393,0
1726056000000,2326.67,2354.70,2275.80,2324.87,1200982.865,1726070399999,2776819367.60987,1160477,570885.245,1320442594.07873,0
1726070400000,2324.86,2368.00,2323.74,2339.44,636190.743,1726084799999,1491939290.84796,672004,322741.244,756965518.50408,0
1726084800000,2339.45,2351.08,2331.58,2339.22,138133.396,1726099199999,323444778.60279,214089,67218.841,157403693.59283,0
1726099200000,2339.18,2392.00,2338.26,2366.64,394578.513,1726113599999,933365360.01057,494673,205351.581,485678505.75926,0
1726113600000,2366.65,2378.50,2351.39,2358.48,248986.393,1726127999999,587955003.85813,328155,123439.555,291527277.15449,0
1726128000000,2358.47,2365.50,2341.67,2347.44,246179.786,1726142399999,579017633.24835,299465,122592.061,288377262.00330,0
1726142400000,2347.44,2366.21,2313.16,2321.76,657002.938,1726156799999,1536224784.92584,730690,314985.230,736592990.35607,0
1726156800000,2321.76,2360.72,2321.00,2359.99,348596.460,1726171199999,817048638.43687,420122,179443.076,420531104.01928,0
1726171200000,2360.00,2372.99,2340.50,2360.79,246322.121,1726185599999,580330739.58811,272300,120891.244,284802174.45726,0
1726185600000,2360.79,2363.80,2348.61,2355.31,139683.251,1726199999999,329172603.12072,221774,68715.406,161942910.02099,0
1726200000000,2355.31,2358.45,2336.20,2347.63,177387.116,1726214399999,416167815.86717,212888,93374.600,219075708.20529,0
1726214400000,2347.63,2375.74,2340.05,2353.22,291631.314,1726228799999,687850352.73000,333849,140261.246,330846003.43852,0
1726228800000,2353.23,2412.19,2340.94,2406.83,825337.405,1726243199999,1959913503.86466,816113,444576.513,1055914344.97324,0
1726243200000,2406.83,2427.66,2395.00,2419.93,491868.573,1726257599999,1187277999.65036,604936,249613.381,602601005.99102,0
1726257600000,2419.94,2463.77,2411.60,2438.15,389071.378,1726271999999,949685383.79392,478441,211850.626,517089197.54891,0
1726272000000,2438.16,2439.61,2420.74,2431.67,230015.276,1726286399999,558759706.65085,269103,92478.608,224652742.02480,0
1726286400000,2431.67,2432.40,2412.27,2419.23,150696.872,1726300799999,364679484.96087,202058,72650.314,175805112.12081,0
1726300800000,2419.23,2420.68,2406.72,2415.88,148659.935,1726315199999,358812828.31973,199847,70222.140,169504730.64324,0
1726315200000,2415.87,2422.59,2411.12,2417.37,153026.845,1726329599999,370013464.18414,202876,74497.189,180148387.53839,0
1726329600000,2417.37,2420.04,2373.82,2407.57,285668.673,1726343999999,685540408.63956,333488,136623.331,328010151.81555,0
1726344000000,2407.56,2421.76,2405.86,2416.65,106969.444,1726358399999,258214696.57303,160458,54262.949,130988154.54012,0
1726358400000,2416.65,2429.44,2415.31,2419.28,94060.846,1726372799999,227868617.41340,156469,47167.628,114275021.93696,0
1726372800000,2419.28,2423.67,2412.65,2421.60,74978.264,1726387199999,181319069.89247,123308,38559.562,93253239.12216,0
1726387200000,2421.61,2422.20,2401.03,2405.90,130910.915,1726401599999,315422894.26951,176215,62186.978,149833156.42288,0
1726401600000,2405.89,2418.24,2395.13,2407.60,207938.700,1726415999999,500542927.09597,257203,103546.923,249316325.91967,0
1726416000000,2407.59,2407.98,2361.09,2371.14,413433.867,1726430399999,984475588.68087,465281,193917.398,461784043.42119,0
1726430400000,2371.14,2371.15,2282.00,2314.85,742996.719,1726444799999,1730730955.26610,676504,330317.038,769727091.48250,0
1726444800000,2314.85,2321.36,2251.06,2277.11,705066.871,1726459199999,1607912402.40126,775556,346251.436,789795686.62790,0
1726459200000,2277.11,2311.95,2275.10,2309.23,311776.261,1726473599999,714105711.28871,386301,168684.704,386416049.46442,0
1726473600000,2309.24,2334.90,2286.31,2306.66,428529.689,1726487999999,989281060.26504,517755,204009.815,470962294.25462,0
1726488000000,2306.67,2311.50,2268.00,2286.71,625608.180,1726502399999,1432711552.74382,708471,296633.666,679301591.50154,0
1726502400000,2286.71,2310.37,2268.08,2274.00,494516.324,1726516799999,1131399087.02951,570210,252397.305,577543188.19921,0
1726516800000,2274.00,2300.98,2266.14,2294.61,256562.100,1726531199999,585282711.87587,320475,133498.662,304601639.76816,0
1726531200000,2294.61,2298.07,2262.00,2282.92,263274.191,1726545599999,599925492.61376,330918,122264.522,278630343.16893,0
1726545600000,2282.92,2309.88,2281.20,2308.09,196360.161,1726559999999,451192218.70976,254125,102845.044,236309435.60550,0
1726560000000,2308.09,2322.91,2301.15,2307.29,318568.186,1726574399999,736206302.86179,374506,153750.567,355395142.62912,0
1726574400000,2307.29,2392.62,2300.76,2382.68,1033617.175,1726588799999,2428959036.53464,997941,541067.314,1271549389.97300,0
1726588800000,2382.68,2388.88,2326.20,2352.03,569856.157,1726603199999,1344424126.45926,675565,272835.353,643683044.84404,0
1726603200000,2352.02,2361.27,2327.60,2340.59,234745.668,1726617599999,550359344.37655,321765,121248.666,284257706.50196,0
1726617600000,2340.59,2343.90,2308.15,2333.92,283667.191,1726631999999,659927603.10189,402597,146534.170,340973274.66161,0
1726632000000,2333.92,2335.15,2311.18,2328.65,223400.840,1726646399999,519407991.14750,302661,110244.486,256356421.23262,0
1726646400000,2328.65,2328.66,2275.25,2299.43,462100.581,1726660799999,1063621999.23853,502372,206606.987,475461020.66396,0
1726660800000,2299.44,2317.48,2285.81,2295.04,424638.776,1726675199999,976655866.77122,558508,214875.101,494330681.37261,0
1726675200000,2295.05,2363.89,2286.72,2313.81,1070959.012,1726689599999,2490008320.22380,1160981,533856.816,1241276816.30206,0
1726689600000,2313.78,2376.00,2288.20,2373.93,397142.283,1726703999999,925558985.09502,480892,209002.507,487335261.54078,0
1726704000000,2373.93,2412.25,2371.37,2402.79,719870.317,1726718399999,1721001599.34706,702869,363050.901,868055005.94495,0
1726718400000,2402.79,2442.24,2398.50,2436.61,411620.079,1726732799999,995108167.98396,466151,220726.346,533701433.37681,0
1726732800000,2436.61,2441.25,2421.45,2434.01,295603.421,1726747199999,718755141.07362,396252,149484.983,363500837.69997,0
1726747200000,2434.00,2451.83,2419.50,2439.00,523218.030,1726761599999,1273596926.13329,705074,265560.506,646525946.45166,0
1726761600000,2439.00,2494.68,2432.01,2459.79,753487.672,1726775999999,1859326905.31732,770732,381750.719,941984675.31552,0
1726776000000,2459.79,2478.24,2452.18,2464.56,244755.484,1726790399999,603287501.22057,329203,116629.875,287507179.27249,0
1726790400000,2464.55,2521.70,2436.11,2519.90,525580.264,1726804799999,1298539694.56167,529607,281351.146,695565651.04832,0
1726804800000,2519.90,2572.18,2515.56,2559.63,862737.365,1726819199999,2196057048.72788,844227,454306.263,1156682813.69000,0
1726819200000,2559.63,2563.91,2537.60,2543.97,356806.628,1726833599999,908983735.56502,455612,175031.477,445908318.48947,0
1726833600000,2543.97,2569.45,2515.31,2559.18,786062.703,1726847999999,1997389015.95220,928791,378691.189,962615418.98428,0
1726848000000,2559.19,2568.48,2523.75,2540.00,371168.112,1726862399999,944625133.60148,540186,177831.979,452616219.73232,0
1726862400000,2540.01,2561.38,2537.23,2560.29,159903.047,1726876799999,407493784.03487,235990,83836.133,213676781.83971,0
1726876800000,2560.30,2586.91,2532.21,2542.80,413712.537,1726891199999,1058418699.84299,500030,209934.281,537174272.94894,0
1726891200000,2542.80,2557.97,2527.69,2554.54,208526.831,1726905599999,530299368.28081,281938,101364.786,257789460.95796,0
1726905600000,2554.55,2556.26,2543.49,2555.33,121748.795,1726919999999,310410290.60691,182210,56637.546,144407284.59418,0
1726920000000,2555.34,2575.74,2549.10,2558.54,285240.954,1726934399999,730710423.09274,377977,140447.938,359817089.50798,0
1726934400000,2558.53,2577.79,2555.00,2570.44,153006.804,1726948799999,392733972.66614,262451,82827.644,212613416.76086,0
1726948800000,2570.45,2623.85,2558.51,2611.40,322980.450,1726963199999,837636514.11659,364163,174554.480,452789493.21582,0
1726963200000,2611.40,2633.30,2586.48,2593.62,418488.426,1726977599999,1091324405.67196,516469,213869.414,557744914.97027,0
1726977600000,2593.61,2603.88,2575.00,2586.74,202435.690,1726991999999,523631803.85933,291039,101222.813,261863746.69337,0
1726992000000,2586.73,2595.00,2568.58,2579.58,248455.101,1727006399999,641268192.48716,329027,111185.898,286983109.07529,0
1727006400000,2579.59,2586.97,2553.07,2569.57,315362.278,1727020799999,810232887.85281,402006,155566.794,399703448.90167,0
1727020800000,2569.57,2591.31,2550.08,2577.00,291767.673,1727035199999,750284447.76101,410768,143052.733,367912203.27075,0
1727035200000,2576.99,2593.00,2522.57,2579.94,492936.026,1727049599999,1262765310.78435,618539,248472.050,636746141.13458,0
1727049600000,2579.95,2686.50,2538.24,2675.37,1027984.344,1727063999999,2698650339.58092,1106213,550333.525,1445378597.98384,0
1727064000000,2675.37,2680.00,2635.00,2645.28,396303.025,1727078399999,1052888721.07035,518458,191864.320,509740808.72569,0
1727078400000,2645.27,2661.92,2632.01,2645.11,304605.136,1727092799999,806082750.53967,450466,149225.970,394983218.30182,0
1727092800000,2645.11,2685.00,2630.04,2674.07,605764.058,1727107199999,1608624848.22674,793676,301815.300,801690870.21735,0
1727107200000,2674.07,2702.00,2656.41,2671.80,487034.395,1727121599999,1303993410.08076,680072,246376.308,659779271.50810,0
1727121600000,2671.80,2681.52,2637.42,2645.84,297144.237,1727135999999,788623550.96210,395788,133202.535,353592535.56473,0
1727136000000,2645.84,2650.63,2607.74,2626.50,502438.055,1727150399999,1319623711.60680,604897,243529.588,639725190.10818,0
1727150400000,2626.50,2649.16,2617.03,2645.99,230922.359,1727164799999,608337042.45868,321383,111042.382,292620639.37783,0
1727164800000,2645.99,2667.21,2633.58,2636.28,368695.953,1727179199999,976867365.93076,450680,173828.857,460580638.57041,0
1727179200000,2636.27,2645.40,2590.10,2611.82,779650.585,1727193599999,2040322417.42050,834377,379643.775,993562800.43232,0
1727193600000,2611.82,2656.21,2609.94,2649.38,444533.478,1727207999999,1172278982.78695,597523,234904.366,619436979.17027,0
1727208000000,2649.39,2669.94,2638.85,2652.00,391845.278,1727222399999,1039932405.07355,477458,194264.119,515575200.93088,0
1727222400000,2652.00,2673.06,2631.06,2645.51,364656.468,1727236799999,965806453.99495,456616,181973.687,482094778.82695,0
1727236800000,2645.51,2645.88,2609.04,2620.44,334064.790,1727251199999,876211164.48364,417217,165190.803,433323624.60083,0
1727251200000,2620.44,2629.90,2612.51,2626.31,241444.968,1727265599999,632982691.88249,330604,120064.942,314764377.28650,0
1727265600000,2626.30,2628.64,2593.67,2599.90,400244.388,1727279999999,1046426420.27152,565863,182594.031,477522292.80199,0
1727280000000,2599.91,2608.43,2561.17,2569.69,516284.783,1727294399999,1334226871.48079,624533,250360.670,647167478.86414,0
1727294400000,2569.68,2583.69,2552.44,2578.90,276639.126,1727308799999,711370960.81589,403100,130096.954,334681834.17847,0
1727308800000,2578.90,2606.00,2557.50,2601.65,463855.491,1727323199999,1198079958.55085,564449,237157.161,612598991.09848,0
1727323200000,2601.64,2634.01,2590.12,2628.59,274091.899,1727337599999,716092069.00203,372371,141510.336,369826681.31655,0
1727337600000,2628.59,2638.77,2611.68,2627.91,366710.312,1727351999999,962849620.81704,449737,181143.476,475689098.09035,0
1727352000000,2627.91,2663.05,2606.60,2651.05,810570.490,1727366399999,2134635819.64432,952708,402394.189,1059844867.22408,0
1727366400000,2651.05,2666.17,2625.51,2647.99,469421.903,1727380799999,1242460260.70623,613717,231430.676,612604058.95516,0
1727380800000,2648.05,2654.36,2616.00,2631.11,256415.035,1727395199999,675756060.28226,375812,128232.205,338004768.91452,0
1727395200000,2631.16,2644.02,2614.22,2637.74,248051.699,1727409599999,652001452.71125,384008,128234.972,337078046.67297,0
1727409600000,2637.74,2667.99,2635.30,2656.06,337383.053,1727423999999,895057947.28348,456971,174211.257,462220150.76145,0
1727424000000,2656.05,2676.83,2639.63,2650.28,411778.070,1727438399999,1093520844.85856,518417,198987.643,528500367.28822,0
1727438400000,2650.29,2698.80,2640.76,2682.17,605965.876,1727452799999,1620270774.78453,828793,302318.087,808420323.55078,0
1727452800000,2682.16,2727.66,2677.00,2700.49,624690.160,1727467199999,1687710111.16841,745003,324027.630,875525499.22836,0
1727467200000,2700.49,2707.74,2688.54,2693.53,145956.765,1727481599999,393619600.46547,255908,71245.118,192112425.80992,0
1727481600000,2693.52,2703.30,2686.68,2689.28,172706.529,1727495999999,465332292.57961,274488,84602.386,227972540.76509,0
1727496000000,2689.27,2699.30,2672.76,2677.00,235938.438,1727510399999,633194095.06617,310049,107144.567,287571620.02583,0
1727510400000,2676.99,2677.64,2648.32,2674.24,325140.949,1727524799999,867069584.45667,397205,152530.345,406782662.75293,0
1727524800000,2674.24,2675.00,2650.37,2668.78,332664.424,1727539199999,886155802.31161,356366,172853.693,460539671.89624,0
1727539200000,2668.78,2683.84,2661.11,2676.83,180219.304,1727553599999,481563277.21298,253438,91071.594,243368448.40238,0
1727553600000,2676.82,2681.71,2653.85,2673.90,146278.406,1727567999999,390593544.37351,248329,69124.340,184606480.47808,0
1727568000000,2673.91,2683.00,2662.17,2673.47,159103.217,1727582399999,425286864.21650,282429,81921.454,218986508.84796,0
1727582400000,2673.51,2673.51,2633.03,2639.60,290616.741,1727596799999,771044272.45779,365615,131416.695,348750191.35318,0
1727596800000,2639.60,2654.39,2632.80,2651.77,218546.194,1727611199999,577869738.85890,306831,111018.662,293607816.54236,0
1727611200000,2651.77,2668.24,2639.45,2664.96,279097.841,1727625599999,740926279.80821,399176,137447.505,364955127.14704,0
1727625600000,2664.96,2671.08,2649.02,2665.65,172479.286,1727639999999,459209802.77326,276129,83826.168,223206308.19052,0
1727640000000,2665.65,2672.88,2646.15,2656.30,270693.121,1727654399999,719912983.53191,355921,131412.319,349566046.29476,0
1727654400000,2656.30,2662.81,2601.00,2628.64,656029.267,1727668799999,1723421187.58866,837770,302191.783,793901573.87747,0
1727668800000,2628.64,2642.99,2621.81,2636.70,258982.869,1727683199999,682136279.61151,360528,137356.722,361829095.11972,0
1727683200000,2636.70,2642.48,2590.72,2627.97,683349.428,1727697599999,1788853156.99078,782211,334382.805,875513507.76755,0
1727697600000,2627.97,2638.15,2592.05,2595.05,429091.015,1727711999999,1123442447.39316,613753,199132.875,521508988.30798,0
1727712000000,2595.05,2609.44,2572.82,2594.49,488562.373,1727726399999,1267736281.75836,644795,241391.344,626551759.46812,0
1727726400000,2594.50,2616.86,2575.54,2601.49,343586.791,1727740799999,893654059.04355,498133,172148.092,447733353.81896,0
1727740800000,2601.49,2632.92,2590.57,2629.33,340614.697,1727755199999,891263585.52212,575904,171038.523,447561022.76032,0
1727755200000,2629.33,2658.63,2626.86,2644.79,374331.576,1727769599999,989580986.79292,436747,211284.023,558532130.12430,0
1727769600000,2644.78,2646.35,2627.05,2627.82,212155.527,1727783999999,559485488.45155,313998,92784.396,244686189.53163,0
1727784000000,2627.81,2632.43,2480.00,2523.54,1623547.321,1727798399999,4144723436.35027,1683199,743478.731,1897872424.15787,0
1727798400000,2523.54,2530.50,2425.17,2487.68,1306330.305,1727812799999,3253457522.44967,1514907,620149.162,1545299167.60796,0
1727812800000,2487.68,2491.76,2412.40,2446.85,782448.003,1727827199999,1919194788.31329,981812,384359.405,943076847.86502,0
1727827200000,2446.85,2498.00,2441.17,2488.51,389815.836,1727841599999,964764575.88726,557548,205100.550,507484845.73381,0
1727841600000,2488.51,2492.13,2466.00,2480.75,313088.272,1727855999999,776857731.14674,448215,154408.532,383163693.44955,0
1727856000000,2480.76,2486.25,2440.32,2454.20,432109.358,1727870399999,1062499069.53246,602688,211342.207,519673320.41687,0
1727870400000,2454.20,2462.98,2416.92,2459.43,893171.983,1727884799999,2180706783.53905,1182027,446245.120,1089708339.73530,0
1727884800000,2459.44,2478.00,2366.17,2370.61,1000731.733,1727899199999,2415205301.82149,1272974,482982.286,1166160309.63617,0
1727899200000,2370.61,2391.69,2350.00,2363.00,541186.162,1727913599999,1282346823.33184,813226,262227.442,621601211.57564,0
1727913600000,2363.00,2398.65,2351.60,2398.08,411583.688,1727927999999,979293621.91396,625761,207015.217,492463313.92913,0
1727928000000,2398.08,2402.29,2358.00,2363.59,314508.341,1727942399999,749838513.17584,429984,146770.994,349979763.31484,0
1727942400000,2363.59,2369.52,2318.00,2351.55,768412.649,1727956799999,1801920378.15228,967784,370063.687,867876189.87038,0
1727956800000,2351.56,2365.00,2308.09,2339.54,1026137.417,1727971199999,2396754249.37676,1463405,512452.437,1197307916.83039,0
1727971200000,2339.55,2353.55,2310.65,2352.40,491190.374,1727985599999,1146258616.43143,764308,255621.866,596584176.64747,0
1727985600000,2352.39,2356.84,2330.82,2348.74,178234.602,1727999999999,418190665.23807,354808,90637.252,212688294.46785,0
1728000000000,2348.74,2379.00,2338.27,2366.07,396020.202,1728014399999,935975987.82519,598772,210600.417,497803553.51238,0
1728014400000,2366.07,2386.69,2364.57,2380.55,255172.275,1728028799999,606580001.51886,361923,130881.886,311131131.20256,0
1728028800000,2380.56,2392.44,2373.10,2385.21,248622.742,1728043199999,592239335.52965,363559,120662.316,287435934.09116,0
1728043200000,2385.21,2417.27,2351.18,2415.99,912518.866,1728057599999,2173580986.97001,1112358,453534.423,1080661200.92170,0
1728057600000,2416.00,2440.00,2408.20,2428.41,563366.727,1728071999999,1366551665.09372,675184,282890.079,686221370.18982,0
1728072000000,2428.44,2430.85,2411.09,2413.38,157806.022,1728086399999,382180581.12640,255268,77489.467,187714860.78246,0
1728086400000,2413.38,2427.94,2388.66,2398.75,247541.321,1728100799999,596005624.53382,340233,113686.411,273755400.96441,0
1728100800000,2398.75,2426.24,2395.75,2414.18,215210.404,1728115199999,519539877.05208,276680,102142.302,246585964.51059,0
1728115200000,2414.18,2427.00,2414.09,2416.43,121702.396,1728129599999,294478227.14535,198411,59654.761,144354720.10466,0
1728129600000,2416.43,2423.00,2403.88,2413.99,186676.649,1728143999999,450412536.21627,263717,91858.056,221650593.30675,0
1728144000000,2413.99,2415.13,2392.00,2395.71,184417.024,1728158399999,443092034.68624,301798,86652.045,208202052.89810,0
1728158400000,2395.71,2418.85,2389.01,2413.42,147932.682,1728172799999,355835872.13555,253697,77353.892,186061551.36605,0
1728172800000,2413.42,2421.99,2405.76,2412.78,134719.942,1728187199999,325309582.54256,209273,64367.089,155446845.09758,0
1728187200000,2412.78,2420.00,2409.26,2416.25,95517.594,1728201599999,230726000.47122,161808,44200.576,106785465.39572,0
1728201600000,2416.24,2430.00,2414.36,2425.65,167351.877,1728215999999,405460686.22306,229328,93989.903,227729432.21515,0
1728216000000,2425.65,2457.11,2423.64,2445.68,367561.159,1728230399999,896783595.82488,446990,198059.884,483309045.00197,0
1728230400000,2445.67,2452.00,2434.00,2440.47,206941.465,1728244799999,505633224.38465,312273,104231.636,254691473.93370,0
1728244800000,2440.47,2443.83,2413.80,2438.77,247342.701,1728259199999,601293600.39104,303117,112093.422,272551539.13386,0
1728259200000,2438.76,2512.50,2434.50,2494.37,673614.178,1728273599999,1673435648.23077,792186,363640.904,903042484.61660,0
1728273600000,2494.38,2497.77,2476.06,2479.55,244306.955,1728287999999,607424638.02520,312089,117228.950,291487374.87202,0
1728288000000,2479.55,2489.18,2436.48,2474.64,632921.727,1728302399999,1555981379.53084,636451,304420.175,748522780.36939,0
1728302400000,2474.63,2520.25,2461.36,2472.88,795511.004,1728316799999,1980341404.08463,898602,402768.219,1002846960.44512,0
1728316800000,2472.87,2479.92,2418.02,2444.40,540241.159,1728331199999,1323605612.42352,688784,256725.922,629167202.66678,0
1728331200000,2444.42,2456.83,2401.08,2421.75,458913.589,1728345599999,1115081272.66719,530906,221254.960,537512759.96854,0
1728345600000,2421.75,2447.56,2421.75,2437.29,243567.705,1728359999999,592776968.63223,392794,127280.636,309791314.79943,0
1728360000000,2437.29,2445.00,2409.11,2427.54,376390.095,1728374399999,913291086.12470,488412,181870.098,441344052.93560,0
1728374400000,2427.55,2440.75,2416.36,2438.63,204765.289,1728388799999,497502394.52108,337753,103689.734,251976879.19329,0
1728388800000,2438.63,2452.00,2400.01,2418.39,710187.847,1728403199999,1724521607.56642,892974,360167.506,874765687.95713,0
1728403200000,2418.39,2455.31,2410.12,2439.43,513794.046,1728417599999,1251548062.27402,674028,254944.036,621073945.88976,0
1728417600000,2439.42,2466.63,2433.08,2439.84,214031.301,1728431999999,523621294.59478,328151,111103.750,271872194.43418,0
1728432000000,2439.84,2472.90,2426.00,2445.52,358832.812,1728446399999,879300848.95176,533539,172892.206,423678870.91327,0
1728446400000,2445.51,2451.76,2430.55,2434.80,237250.863,1728460799999,579324924.63564,305676,114223.422,278920437.97174,0
1728460800000,2434.80,2441.66,2426.23,2440.80,192662.933,1728475199999,468826388.88217,312894,98918.932,240732378.05932,0
1728475200000,2440.80,2471.64,2422.07,2460.34,662493.293,1728489599999,1618023031.71204,792686,333418.275,814483971.79997,0
1728489600000,2460.35,2461.65,2406.00,2417.05,574349.646,1728503999999,1394383759.08410,674012,277906.142,674606435.76287,0
1728504000000,2417.04,2417.04,2350.00,2369.60,663921.046,1728518399999,1578584942.15132,732894,289012.042,686583549.67039,0
1728518400000,2369.60,2400.96,2365.81,2394.36,359361.470,1728532799999,858176835.80276,453263,183312.949,437796239.67632,0
1728532800000,2394.35,2410.90,2390.49,2394.56,227899.351,1728547199999,547188741.44895,296738,109433.659,262769469.17113,0
1728547200000,2394.56,2407.16,2366.38,2405.43,377521.891,1728561599999,902057886.44135,472944,184545.070,441004768.29831,0
1728561600000,2405.43,2408.00,2368.80,2403.94,641590.992,1728575999999,1531479509.80295,884832,317117.953,757103773.20248,0
1728576000000,2403.94,2421.50,2329.44,2366.32,979300.113,1728590399999,2321276088.27891,1109583,474299.065,1124419949.06884,0
1728590400000,2366.32,2386.40,2357.21,2385.24,277535.859,1728604799999,658499330.53879,379919,130163.118,308932329.14599,0
1728604800000,2385.24,2416.33,2380.81,2410.34,365013.151,1728619199999,875547726.75050,451116,182897.122,438740137.86690,0
1728619200000,2410.35,2417.84,2402.08,2406.49,220069.742,1728633599999,530072231.86452,296739,100297.438,241625468.03337,0
1728633600000,2406.48,2425.24,2401.45,2416.71,277710.354,1728647999999,670310002.21068,337949,147935.029,357074936.14868,0
1728648000000,2416.70,2452.70,2413.20,2442.36,703561.319,1728662399999,1711556580.84175,730776,368863.643,897590078.67309,0
1728662400000,2442.36,2470.00,2432.00,2458.18,519278.562,1728676799999,1271538357.50832,570339,278326.646,681603672.22670,0
1728676800000,2458.17,2461.20,2433.00,2438.46,253682.499,1728691199999,620617495.27565,324828,121905.507,298240717.68545,0
1728691200000,2438.45,2450.40,2433.20,2437.93,183782.594,1728705599999,448538525.67150,272577,90069.962,219858598.66898,0
1728705600000,2437.92,2451.58,2437.92,2445.36,122710.613,1728719999999,300028603.37331,184518,66704.610,163100613.08418,0
1728720000000,2445.35,2467.53,2441.50,2451.35,176871.774,1728734399999,433893404.19646,239685,91148.819,223620995.84759,0
1728734400000,2451.35,2482.91,2447.30,2471.74,319652.331,1728748799999,788801098.75806,409222,160901.302,397120105.82337,0
1728748800000,2471.73,2486.36,2465.00,2471.30,207474.607,1728763199999,513346916.55626,293737,106618.355,263818709.70889,0
1728763200000,2471.31,2489.95,2467.68,2475.09,107988.851,1728777599999,267712861.55904,200045,56942.691,141175542.38909,0
1728777600000,2475.08,2484.00,2449.76,2456.90,228118.599,1728791999999,562329957.92739,292508,95566.212,235655689.14031,0
1728792000000,2456.89,2468.18,2456.00,2463.98,97622.529,1728806399999,240427577.63434,147314,48498.777,119450553.07908,0
1728806400000,2463.98,2471.29,2455.91,2456.86,136271.765,1728820799999,335739008.76408,206895,63854.952,157359087.93825,0
1728820800000,2456.87,2469.11,2435.00,2439.29,316484.761,1728835199999,775386780.93573,382503,150140.322,367901339.74075,0
1728835200000,2439.28,2461.53,2436.67,2456.99,296545.373,1728849599999,726264346.85924,355838,157750.425,386393177.81305,0
1728849600000,2457.00,2483.89,2451.62,2467.79,219639.547,1728863999999,541858162.48620,324958,113102.554,279078998.69871,0
1728864000000,2467.79,2524.89,2442.00,2520.05,577609.377,1728878399999,1435344514.53431,634717,311684.988,774825964.46206,0
1728878400000,2520.04,2547.99,2509.28,2534.74,839691.819,1728892799999,2124560205.84470,860354,439524.588,1112340651.77127,0
1728892800000,2534.74,2546.22,2518.56,2536.70,394993.917,1728907199999,1000872677.79785,504269,202680.586,513575205.30180,0
1728907200000,2536.70,2643.03,2533.45,2634.95,1239886.344,1728921599999,3209886082.78393,1218754,681021.322,1762596448.81919,0
1728921600000,2634.95,2639.88,2615.00,2619.86,334746.944,1728935999999,878887609.14200,504074,156845.606,411837631.73065,0
1728936000000,2619.85,2653.44,2615.20,2628.88,290264.219,1728950399999,764297660.28120,404571,149979.156,394960399.39590,0
1728950400000,2628.87,2636.70,2607.20,2611.81,295608.441,1728964799999,775470997.63952,454998,126241.447,331337726.06991,0
1728964800000,2611.81,2624.00,2590.00,2615.20,365585.915,1728979199999,952731574.94447,438286,174854.505,455856147.81330,0
1728979200000,2615.20,2622.23,2580.00,2585.82,362260.530,1728993599999,942670194.14040,476061,159330.412,414766312.73687,0
1728993600000,2585.82,2688.76,2536.64,2572.58,2004681.576,1729007999999,5217063667.50669,1903197,985097.650,2565265435.44325,0
1729008000000,2572.58,2618.85,2570.25,2591.06,598694.404,1729022399999,1551614764.89676,873250,312399.992,809894050.94145,0
1729022400000,2591.07,2609.21,2562.41,2606.53,286306.451,1729036799999,739647177.63793,457290,137392.569,355146162.07239,0
1729036800000,2606.54,2629.68,2588.01,2616.24,293294.813,1729051199999,766741579.95369,494399,146363.839,382700614.43597,0
1729051200000,2616.23,2623.78,2597.60,2606.02,226906.974,1729065599999,592241924.21898,423151,108781.373,283997428.33096,0
1729065600000,2606.02,2642.99,2604.00,2629.20,505780.237,1729079999999,1326956354.19658,637113,275845.915,723885411.83404,0
1729080000000,2629.21,2647.51,2594.22,2606.70,703346.266,1729094399999,1843473291.64454,1060807,342685.696,898476343.79136,0
1729094400000,2606.70,2627.67,2590.30,2614.02,258596.247,1729108799999,675547186.31169,469341,131830.080,344418821.25332,0
1729108800000,2614.00,2627.23,2608.27,2610.39,141661.349,1729123199999,370843270.24158,250431,69752.723,182604786.39600,0
1729123200000,2610.39,2644.90,2609.02,2640.37,298508.350,1729137599999,784655533.49685,461497,157543.218,414194670.09651,0
1729137600000,2640.38,2647.90,2618.01,2627.80,269405.582,1729151999999,708663974.15464,412944,131700.011,346508638.15926,0
1729152000000,2627.79,2630.00,2595.36,2597.38,314644.532,1729166399999,821577269.06989,458806,145149.365,379075272.82106,0
1729166400000,2597.38,2632.50,2581.95,2630.29,598898.944,1729180799999,1560199017.33686,877657,301717.901,786143432.67770,0
1729180800000,2630.29,2630.92,2573.73,2594.69,435573.920,1729195199999,1131810436.57677,659879,205732.484,534551144.32125,0
1729195200000,2594.70,2614.40,2593.72,2605.01,147633.810,1729209599999,384503092.70425,256141,73698.144,191948895.99891,0
1729209600000,2605.01,2651.05,2595.61,2609.10,436838.111,1729223999999,1147094381.09795,616133,220458.785,578976860.89821,0
1729224000000,2609.11,2645.00,2607.88,2643.62,281281.802,1729238399999,738697824.87707,427022,154740.048,406363382.03555,0
1729238400000,2643.62,2649.82,2620.05,2621.43,233415.286,1729252799999,614363825.20508,407956,113949.639,299943304.87629,0
1729252800000,2621.43,2664.00,2611.39,2652.12,688433.932,1729267199999,1814747446.27826,911440,351659.749,927131318.41855,0
1729267200000,2652.12,2675.12,2628.46,2650.50,500034.108,1729281599999,1325514564.21030,681886,247935.453,657417800.50563,0
1729281600000,2650.52,2651.53,2631.91,2641.11,169318.857,1729295999999,447218708.56727,288039,78150.208,206456749.70377,0
1729296000000,2641.11,2662.66,2633.72,2645.35,191587.210,1729310399999,506891382.26698,320220,95292.888,252141670.74465,0
1729310400000,2645.36,2649.99,2636.55,2639.98,103470.845,1729324799999,273511520.00056,206162,46223.799,122200735.92381,0
1729324800000,2639.98,2647.84,2630.05,2630.34,114944.500,1729339199999,303458568.68130,219845,51229.701,135259160.58116,0
1729339200000,2630.35,2653.88,2630.15,2644.87,214261.900,1729353599999,566400777.59564,277912,104090.666,275144139.16213,0
1729353600000,2644.88,2645.91,2636.00,2640.58,98776.499,1729367999999,260887259.92050,189922,47333.060,125017442.42843,0
1729368000000,2640.59,2654.85,2640.00,2647.45,88378.502,1729382399999,233968485.54360,180061,44001.721,116487900.35565,0
1729382400000,2647.46,2652.85,2634.53,2639.66,99595.635,1729396799999,263050391.26208,190683,47495.238,125455329.34843,0
1729396800000,2639.65,2652.75,2637.26,2645.49,111858.009,1729411199999,295802732.51329,170589,57937.199,153216761.71839,0
1729411200000,2645.50,2650.88,2642.30,2648.89,66665.876,1729425599999,176490460.14452,136392,32148.467,85109694.45557,0
1729425600000,2648.90,2720.00,2640.67,2705.71,792621.099,1729439999999,2130568999.19588,898681,414114.159,1112805004.33550,0
1729440000000,2705.71,2709.00,2685.17,2699.22,219380.842,1729454399999,591656158.49126,336347,105298.879,283965271.82369,0
1729454400000,2699.21,2759.62,2696.17,2746.98,596667.883,1729468799999,1629268736.67337,828857,315934.660,862732706.14822,0
1729468800000,2746.98,2770.00,2726.36,2734.84,489111.902,1729483199999,1343852809.78728,655049,225370.838,619411131.14091,0
1729483200000,2734.83,2746.12,2722.23,2722.68,248071.301,1729497599999,678185830.56782,375235,117902.468,322396732.76910,0
1729497600000,2722.69,2730.00,2702.00,2705.20,341170.322,1729511999999,925737103.13402,500100,160775.431,436337431.35401,0
1729512000000,2705.19,2711.99,2659.02,2680.21,867426.126,1729526399999,2322883684.44410,1060940,399128.485,1068938171.21137,0
1729526400000,2680.21,2684.60,2655.52,2680.08,349068.978,1729540799999,932557941.18263,531991,174157.991,465392439.43372,0
1729540800000,2680.09,2683.57,2664.76,2666.63,146115.654,1729555199999,390798551.70175,274774,68488.363,183171230.91005,0
1729555200000,2666.62,2671.59,2613.77,2644.65,559000.222,1729569599999,1475372343.45291,719406,244561.011,645580752.06978,0
1729569600000,2644.66,2659.59,2635.21,2646.65,165104.347,1729583999999,437420653.87956,306516,81351.387,215540454.06108,0
1729584000000,2646.65,2649.35,2613.00,2632.75,394665.952,1729598399999,1038129176.70265,597248,180964.508,476026544.20865,0
1729598400000,2632.75,2646.19,2606.00,2623.75,679353.302,1729612799999,1784141022.97657,875550,341809.465,897834815.85418,0
1729612800000,2623.76,2633.51,2606.11,2627.44,249000.730,1729627199999,652413368.07503,442490,122322.082,320512235.89119,0
1729627200000,2627.44,2643.56,2617.13,2621.78,184388.068,1729641599999,485472736.83761,275640,87942.528,231544559.24981,0
1729641600000,2621.79,2629.51,2600.10,2615.99,241556.237,1729655999999,631604150.34088,377243,126442.812,330664900.91508,0
1729656000000,2616.00,2624.44,2602.03,2602.10,217210.514,1729670399999,567598369.02694,349218,100808.763,263481769.69777,0
1729670400000,2602.11,2610.45,2562.54,2580.83,603153.407,1729684799999,1558048067.54188,706449,284172.079,734140899.43700,0
1729684800000,2580.83,2586.74,2529.00,2539.53,699249.120,1729699199999,1789255174.96900,862653,328700.976,841310174.12678,0
1729699200000,2539.53,2541.80,2443.01,2511.77,1166213.354,1729713599999,2911394419.15685,1343652,544644.777,1359816203.91162,0
1729713600000,2511.77,2527.99,2500.96,2523.84,261739.849,1729727999999,657723961.36008,370237,135537.214,340623469.42521,0
1729728000000,2523.85,2561.04,2507.76,2544.19,366019.758,1729742399999,930204878.00851,548695,184522.223,469008878.43561,0
1729742400000,2544.20,2561.83,2539.04,2543.88,261141.946,1729756799999,666346464.95291,360495,127660.183,325764516.39093,0
1729756800000,2543.88,2550.98,2507.68,2528.97,362390.343,1729771199999,915138794.10366,537225,180721.563,456377756.44402,0
1729771200000,2528.97,2545.24,2512.37,2525.15,470963.376,1729785599999,1191047020.61729,753258,225216.659,569696681.88118,0
1729785600000,2525.16,2541.80,2506.27,2539.51,303256.630,1729799999999,765388853.41901,487317,157706.677,398133811.11987,0
1729800000000,2539.51,2560.00,2526.08,2535.39,261106.251,1729814399999,663374433.40273,390116,137128.602,348495819.41807,0
1729814400000,2535.39,2538.19,2509.00,2521.11,219158.493,1729828799999,552983755.04980,363145,99325.612,250626607.20494,0
1729828800000,2521.12,2522.13,2460.98,2483.30,564979.096,1729843199999,1405697163.22251,605702,250924.209,624216662.47262,0
1729843200000,2483.29,2546.91,2476.79,2544.71,548155.870,1729857599999,1382376918.14546,673378,290354.640,732321708.33873,0
1729857600000,2544.72,2565.94,2507.51,2524.26,736384.858,1729871999999,1871160149.38036,920402,355037.305,902577502.38089,0
1729872000000,2524.27,2536.00,2453.52,2475.36,962746.898,1729886399999,2401291420.35070,1213957,465342.731,1160796152.37797,0
1729886400000,2475.35,2496.13,2380.63,2440.10,993027.586,1729900799999,2416303154.32265,1127527,466370.602,1135341410.11331,0
1729900800000,2440.10,2458.09,2429.34,2451.39,379004.666,1729915199999,925737396.59289,625904,182454.193,445731739.13799,0
1729915200000,2451.39,2479.12,2450.41,2464.71,257309.912,1729929599999,634607594.74243,398744,136035.604,335514961.55652,0
1729929600000,2464.72,2478.37,2462.43,2472.18,172929.174,1729943999999,427091585.67633,287654,89358.433,220707207.59232,0
1729944000000,2472.18,2478.00,2441.68,2456.87,329895.650,1729958399999,811265523.66169,497617,153575.030,377602263.32833,0
1729958400000,2456.86,2487.71,2454.60,2486.15,222831.390,1729972799999,551436367.10069,357400,123897.371,306633266.77122,0
1729972800000,2486.14,2507.10,2481.06,2482.04,208171.055,1729987199999,518875738.70444,273836,104110.490,259567755.50693,0
1729987200000,2482.04,2484.43,2468.16,2483.73,135416.036,1730001599999,335360012.73399,245907,68627.032,169971918.80621,0
1730001600000,2483.73,2486.16,2477.05,2480.08,86561.214,1730015999999,214770061.43277,170963,44234.947,109764672.19459,0
1730016000000,2480.07,2483.53,2462.86,2468.93,157470.359,1730030399999,389029191.66087,240469,78985.878,195136380.27007,0
1730030400000,2468.92,2505.00,2468.81,2501.10,321645.936,1730044799999,800790073.40286,458066,177578.431,442060598.81581,0
1730044800000,2501.10,2511.00,2485.01,2493.89,215621.684,1730059199999,538382591.92275,340908,100112.215,250020215.16040,0
1730059200000,2493.90,2527.25,2490.00,2507.22,204453.983,1730073599999,513655445.82467,367972,102687.176,257976162.79451,0
1730073600000,2507.21,2511.67,2470.41,2476.76,250293.489,1730087999999,623475288.35800,410986,119378.205,297390458.65652,0
1730088000000,2476.76,2526.21,2472.31,2511.11,364147.211,1730102399999,910859748.40794,507269,197405.961,493628268.78427,0
1730102400000,2511.11,2545.00,2504.22,2526.53,460581.189,1730116799999,1163714065.67580,567711,250560.290,633088608.89208,0
1730116800000,2526.54,2535.88,2497.50,2500.30,683976.748,1730131199999,1723615482.12209,852195,316747.193,798416266.85384,0
1730131200000,2500.29,2523.97,2485.00,2503.77,580743.514,1730145599999,1455150555.13800,759033,295551.052,740796402.88362,0
1730145600000,2518.92,2590.78,2516.54,2566.49,559286.798,1730159999999,1432495055.57424,665657,314546.792,805364028.68036,0
1730160000000,2566.48,2631.78,2560.30,2607.57,648007.625,1730174399999,1685648952.11356,905486,335722.741,873146871.83379,0
1730174400000,2607.58,2626.33,2607.36,2613.10,287400.920,1730188799999,752289029.11797,385353,146743.449,384135544.64113,0
1730188800000,2613.09,2638.67,2612.47,2631.08,297625.164,1730203199999,781800586.17788,418711,152293.139,400052694.36064,0
1730203200000,2631.07,2651.10,2610.93,2648.12,579747.559,1730217599999,1524911103.36225,847627,281171.795,739819836.80528,0
1730217600000,2648.11,2681.83,2621.25,2624.40,779809.288,1730231999999,2069590146.76957,1085846,376384.724,999234238.53226,0
1730232000000,2624.43,2648.81,2606.23,2639.28,418834.724,1730246399999,1099277603.17482,546536,201092.240,527943242.47217,0
1730246400000,2639.28,2653.00,2599.90,2642.46,444643.595,1730260799999,1168279930.41759,592106,209605.809,550843202.03634,0
1730260800000,2642.46,2686.27,2637.04,2669.43,425918.229,1730275199999,1134395241.99506,529443,224422.491,597571602.94648,0
1730275200000,2669.43,2698.00,2657.53,2659.91,604740.468,1730289599999,1619484506.72655,756861,276509.553,740755583.75278,0
1730289600000,2659.92,2724.65,2653.69,2683.59,1073961.347,1730303999999,2891728354.58377,1286046,544494.968,1466349607.48965,0
1730304000000,2683.59,2696.90,2653.37,2655.31,426990.843,1730318399999,1141722261.81194,599375,193727.813,518225451.45360,0
1730318400000,2655.34,2688.12,2634.03,2659.36,526897.311,1730332799999,1402062076.43410,697432,261551.216,696182426.26522,0
1730332800000,2659.35,2669.74,2637.00,2657.59,266493.816,1730347199999,708439183.93390,479757,129906.156,345416594.33730,0
1730347200000,2657.59,2658.56,2631.81,2647.05,267709.839,1730361599999,708056011.19659,376125,127288.612,336714984.36931,0
1730361600000,2647.05,2649.00,2625.35,2638.78,355169.037,1730375999999,936373199.31614,441958,158298.642,417409645.81550,0
1730376000000,2638.78,2641.43,2540.87,2562.89,1233431.122,1730390399999,3186368786.33920,1284345,531630.639,1373268659.28884,0
1730390400000,2562.89,2564.04,2506.00,2514.31,730521.615,1730404799999,1852356379.12833,923487,329802.621,836272226.47110,0
1730404800000,2514.30,2528.66,2502.50,2518.37,351877.401,1730419199999,886248778.23165,541636,182447.456,459577131.06721,0
1730419200000,2518.37,2533.00,2467.30,2503.26,679047.172,1730433599999,1699763239.17524,890959,309584.741,775182250.06077,0
1730433600000,2503.26,2516.67,2485.32,2504.14,318919.333,1730447999999,798390587.97872,470188,161192.183,403586918.56000,0
1730448000000,2504.13,2526.26,2493.67,2515.84,349226.054,1730462399999,877411362.33111,468868,172934.241,434561708.38101,0
1730462400000,2515.85,2587.86,2481.44,2500.03,1238644.807,1730476799999,3148837003.43162,1408301,609703.744,1550026963.97710,0
1730476800000,2500.03,2538.99,2495.10,2514.72,607874.854,1730491199999,1529212500.37181,930176,305931.691,769766653.06515,0
1730491200000,2514.71,2528.00,2486.00,2511.57,257310.417,1730505599999,645526805.37554,374292,126524.546,317571361.45302,0
1730505600000,2511.57,2523.80,2500.60,2506.58,152923.817,1730519999999,384292839.99160,245546,67122.961,168748294.23134,0
1730520000000,2506.58,2513.79,2498.86,2507.20,117939.020,1730534399999,295720857.42194,213510,58565.508,146855188.27446,0
1730534400000,2507.20,2510.18,2491.00,2501.81,185147.427,1730548799999,462833915.10977,279879,94719.150,236809897.49578,0
1730548800000,2501.81,2504.17,2467.10,2488.18,527425.734,1730563199999,1310571333.51061,661378,235451.122,585138007.88223,0
1730563200000,2488.18,2497.25,2478.76,2492.73,151586.117,1730577599999,377171231.35478,283736,73683.347,183361876.35944,0
1730577600000,2492.73,2497.49,2484.37,2493.61,78712.220,1730591999999,196122732.90936,178995,40422.359,100720112.23701,0
1730592000000,2493.61,2496.21,2420.63,2448.96,669678.742,1730606399999,1641712675.87971,865938,311807.870,764186753.94824,0
1730606400000,2448.97,2463.62,2440.48,2449.72,245499.369,1730620799999,602160513.63263,368845,119690.367,293613701.62431,0
1730620800000,2449.73,2462.91,2443.67,2454.31,532652.566,1730635199999,1306702361.54158,417505,303368.304,744407605.91276,0
1730635200000,2454.31,2460.19,2412.67,2442.20,630526.936,1730649599999,1533946835.94505,874785,294182.415,715723388.00750,0
1730649600000,2442.19,2459.85,2410.35,2452.77,545173.771,1730663999999,1329965850.94722,672211,275742.165,672782193.41610,0
1730664000000,2452.76,2475.00,2446.71,2457.29,304247.710,1730678399999,748950126.57774,491894,153820.231,378681532.38209,0
1730678400000,2457.30,2491.00,2434.13,2473.28,342377.413,1730692799999,844274784.71843,609212,189166.893,466560904.73042,0
1730692800000,2473.28,2482.02,2456.48,2458.89,220587.661,1730707199999,544598718.05006,348587,106415.056,262749686.71695,0
1730707200000,2458.90,2477.81,2446.35,2469.96,274516.862,1730721599999,676250206.63546,468129,131476.437,323948759.69098,0
1730721600000,2469.97,2485.55,2430.70,2441.96,462477.405,1730735999999,1136534049.61850,739714,217756.639,535166302.03336,0
1730736000000,2441.96,2445.81,2405.10,2430.06,664031.990,1730750399999,1608960316.98501,760117,342693.129,830583915.03789,0
1730750400000,2430.06,2431.69,2356.00,2397.37,719427.660,1730764799999,1721349760.15263,960734,333893.056,799009914.56565,0
1730764800000,2397.36,2421.06,2379.48,2419.73,391393.331,1730779199999,940679074.23315,622317,210737.708,506733378.43483,0
1730779200000,2419.73,2444.79,2416.22,2442.32,279206.676,1730793599999,678476611.67835,442151,144578.808,351387149.31870,0
1730793600000,2442.33,2447.31,2429.18,2439.88,209175.726,1730807999999,510007847.25326,366482,98716.137,240705728.15976,0
1730808000000,2439.88,2479.60,2426.00,2440.22,793472.320,1730822399999,1946093127.18342,992114,400382.557,982305432.30057,0
1730822400000,2440.22,2474.97,2400.23,2407.30,571046.163,1730836799999,1396739283.69189,779007,284150.567,695485687.78601,0
1730836800000,2407.30,2439.36,2400.33,2421.42,313565.015,1730851199999,759810814.72274,558311,155658.489,377174186.91341,0
1730851200000,2421.41,2637.32,2419.20,2579.04,1719228.341,1730865599999,4360431041.95469,2309464,879166.551,2229522956.39284,0
1730865600000,2579.04,2644.77,2560.56,2595.40,1390084.744,1730879999999,3613412107.59891,1733496,729968.713,1898396464.52662,0
1730880000000,2595.40,2638.58,2572.40,2629.83,796878.826,1730894399999,2079734563.64402,1114069,402678.498,1051449301.31833,0
1730894400000,2629.83,2668.00,2607.00,2634.28,1049142.620,1730908799999,2763415277.57990,1288018,530639.321,1398202423.57453,0
1730908800000,2634.28,2687.80,2633.65,2687.74,550241.400,1730923199999,1464714013.50323,875418,284220.915,756764380.16906,0
1730923200000,2687.74,2746.02,2669.44,2722.49,735366.339,1730937599999,1990400308.22764,1040111,377299.534,1021617632.01605,0
1730937600000,2722.50,2882.56,2700.31,2854.18,1554628.013,1730951999999,4376847068.95330,1876577,796008.846,2241145335.74869,0
1730952000000,2854.18,2856.72,2781.10,2821.63,780454.679,1730966399999,2202707613.90402,1034192,365922.806,1032782580.17388,0
1730966400000,2821.63,2832.84,2789.61,2792.99,465021.392,1730980799999,1309224607.98637,687720,212325.160,598013122.21751,0
1730980800000,2793.00,2850.52,2772.38,2848.14,784043.202,1730995199999,2203487767.69022,1137554,401083.621,1127796452.57412,0
1730995200000,2848.14,2895.66,2824.55,2885.99,970406.530,1731009599999,2775845827.32477,1454731,471762.516,1350014162.75773,0
1731009600000,2886.00,2916.56,2864.23,2895.76,653144.490,1731023999999,1888241101.67952,1009845,326619.761,944390568.22146,0
1731024000000,2895.76,2956.99,2886.47,2902.92,758323.764,1731038399999,2213021604.60215,1157870,380368.575,1110350524.15770,0
1731038400000,2902.91,2924.75,2892.61,2912.94,329719.844,1731052799999,959840130.20595,593915,161560.187,470373038.22392,0
1731052800000,2912.93,2933.00,2893.63,2915.27,353474.909,1731067199999,1029301972.24518,613513,169931.408,494844863.10418,0
1731067200000,2915.27,2958.00,2903.25,2937.59,933210.749,1731081599999,2735990344.20029,1376674,457455.559,1341536161.04588,0
1731081600000,2937.60,2982.75,2890.04,2950.00,1057140.536,1731095999999,3102991091.13018,1342173,532932.543,1564751890.36746,0
1731096000000,2950.00,2975.88,2915.13,2962.12,438297.206,1731110399999,1291007409.13681,703228,221179.210,651547104.46320,0
1731110400000,2962.12,2996.00,2954.63,2965.50,488317.141,1731124799999,1454548307.66334,761702,226318.471,674311293.79856,0
1731124800000,2965.51,3059.91,2954.10,3030.60,947886.456,1731139199999,2866257816.86099,1037692,480309.354,1451529921.13518,0
1731139200000,3030.61,3056.59,3021.51,3051.53,404047.268,1731153599999,1228947385.34968,643160,200197.789,609015442.38707,0
1731153600000,3051.53,3054.40,3028.01,3041.01,356927.531,1731167999999,1085016514.35108,567549,160269.836,487215464.38565,0
1731168000000,3041.00,3099.58,2990.01,3070.70,838701.060,1731182399999,2552470479.43149,1055229,427934.213,1303030032.41313,0
1731182400000,3070.71,3158.66,3066.00,3127.03,637437.788,1731196799999,1986530106.60999,933485,334557.401,1042957074.51097,0
1731196800000,3127.02,3153.33,3104.08,3135.27,571808.307,1731211199999,1788425210.94775,918390,274892.769,859937745.59764,0
1731211200000,3135.26,3220.00,3130.50,3187.08,1168958.966,1731225599999,3723506122.43685,1487964,613219.545,1953267746.88705,0
1731225600000,3187.08,3236.14,3168.00,3223.12,709368.351,1731239999999,2271248198.84663,1025077,354217.075,1134444070.54162,0
1731240000000,3223.12,3241.00,3170.56,3212.17,767656.726,1731254399999,2455881497.06395,1327696,353612.865,1131458833.50899,0
1731254400000,3212.17,3252.28,3150.50,3164.99,1036160.433,1731268799999,3327285217.91057,1512514,482832.370,1551306899.75692,0
1731268800000,3164.99,3228.99,3073.86,3185.19,1361576.101,1731283199999,4295049823.31275,2047819,652650.674,2059656880.79785,0
1731283200000,3185.19,3224.91,3172.87,3197.12,519839.859,1731297599999,1662759428.13393,1156356,252036.711,806320644.98750,0
1731297600000,3197.11,3199.38,3107.15,3141.58,694289.674,1731311999999,2183779152.13665,1142733,322981.704,1015982683.68634,0
1731312000000,3141.59,3214.69,3133.36,3199.92,602899.320,1731326399999,1916734509.11103,1012950,304546.069,968375419.09514,0
1731326400000,3199.93,3265.12,3140.58,3240.64,1586358.802,1731340799999,5062440110.22015,2014428,808789.486,2582371488.95608,0
1731340800000,3240.63,3349.58,3236.26,3301.56,1538073.179,1731355199999,5070328583.26149,2218645,755227.610,2490279263.85203,0
1731355200000,3301.55,3392.06,3281.37,3375.02,1306089.166,1731369599999,4366218224.48339,1860346,646906.611,2163253147.85242,0
1731369600000,3375.02,3378.18,3250.01,3340.71,1205136.743,1731383999999,3997981805.75355,1944433,586147.504,1945041860.49209,0
1731384000000,3340.66,3399.32,3320.39,3372.03,825571.281,1731398399999,2770589321.59744,1333553,425368.366,1428025535.75432,0
1731398400000,3372.02,3449.00,3214.00,3285.43,2164439.715,1731412799999,7224375742.37238,2755642,1035706.080,3459813028.34611,0
1731412800000,3285.43,3300.02,3211.54,3263.40,1411226.170,1731427199999,4601329414.92193,2062618,691546.641,2255932891.90250,0
1731427200000,3263.40,3306.00,3211.15,3275.36,820322.948,1731441599999,2674111216.26833,1344145,406424.278,1325021428.51118,0
1731441600000,3275.36,3307.23,3237.21,3245.98,472263.636,1731455999999,1545398743.17721,916016,219004.682,716728756.01329,0
1731456000000,3245.99,3288.73,3205.34,3210.61,771645.291,1731470399999,2507420156.95688,1300880,362388.256,1177376112.91194,0
1731470400000,3210.61,3233.40,3120.00,3162.99,1009905.626,1731484799999,3195970293.78582,1480876,473297.909,1497655048.54864,0
1731484800000,3163.00,3193.79,3144.17,3169.66,547655.734,1731499199999,1733751876.59576,918153,262008.219,829647881.37579,0
1731499200000,3169.66,3331.20,3153.84,3312.05,1559585.182,1731513599999,5070030190.80621,2255913,779426.627,2533855922.20248,0
1731513600000,3312.05,3335.00,3156.00,3160.21,1290160.898,1731527999999,4191759709.98611,2023414,602994.091,1960095371.09966,0
1731528000000,3160.20,3199.77,3120.00,3188.90,766680.156,1731542399999,2423982141.77273,1327523,369873.447,1169764813.99249,0
1731542400000,3188.90,3229.91,3164.87,3219.56,523753.058,1731556799999,1674332094.62148,1050903,272370.207,871002255.90345,0
1731556800000,3219.56,3242.31,3175.61,3219.66,493497.268,1731571199999,1585612302.24550,858841,243657.829,782851652.10532,0
1731571200000,3219.65,3232.97,3156.00,3187.09,577369.465,1731585599999,1843620924.96571,1024228,268780.876,858459208.55496,0
1731585600000,3187.08,3200.88,3057.14,3079.25,1213915.278,1731599999999,3805752334.76951,1824265,548799.424,1721833921.01389,0
1731600000000,3079.24,3184.10,3072.52,3147.72,705419.059,1731614399999,2210612694.96926,1161961,372150.600,1166004986.02988,0
1731614400000,3147.72,3147.72,3031.60,3061.03,663432.671,1731628799999,2049745892.09408,1232146,301126.078,930714919.92260,0
1731628800000,3061.04,3095.31,3035.74,3084.85,420595.070,1731643199999,1291649468.10724,944816,207551.558,637429206.26852,0
1731643200000,3084.84,3084.84,3016.11,3041.19,518447.528,1731657599999,1580606581.78189,937947,231365.255,705435880.66800,0
1731657600000,3041.19,3116.32,3023.21,3105.91,535088.111,1731671999999,1650356422.61616,892603,285513.461,880736999.08227,0
1731672000000,3105.91,3133.68,3016.50,3025.07,936647.762,1731686399999,2877645377.44143,1454003,452113.764,1389633519.89402,0
1731686400000,3025.07,3063.00,3016.87,3042.01,547490.977,1731700799999,1663890378.04850,1059120,277630.157,843835373.99133,0
1731700800000,3042.02,3122.99,3040.60,3091.75,559274.916,1731715199999,1726822301.49531,878963,277498.046,856610916.61311,0
1731715200000,3091.75,3159.30,3073.47,3156.49,351461.454,1731729599999,1093072636.05313,709600,185644.919,577624634.77428,0
1731729600000,3156.49,3167.20,3103.00,3108.59,326688.118,1731743999999,1022302578.95427,585225,146243.975,457634353.54816,0
1731744000000,3108.59,3197.70,3105.05,3197.38,459764.842,1731758399999,1447261860.94592,752244,239745.164,754915002.82905,0
1731758400000,3197.38,3222.69,3121.11,3143.18,858459.268,1731772799999,2726091675.97537,1282533,397125.206,1261357089.92754,0
1731772800000,3143.18,3186.81,3130.30,3170.89,300107.468,1731787199999,948969940.01654,606109,146169.681,462103018.11420,0
1731787200000,3170.89,3176.92,3123.04,3134.72,220841.586,1731801599999,695465760.99792,499623,99756.215,314213089.30424,0
1731801600000,3134.71,3155.88,3035.00,3081.83,623321.687,1731815999999,1921318252.06433,1114828,284267.666,876109612.86427,0
1731816000000,3081.82,3149.98,3077.25,3139.22,505068.696,1731830399999,1574406291.10366,862356,250747.115,781590406.68573,0
1731830400000,3139.22,3164.80,3100.47,3107.80,525122.334,1731844799999,1647008954.83836,812346,248603.878,780068170.74805,0
1731844800000,3107.80,3129.23,3068.07,3088.25,518743.740,1731859199999,1607556636.21979,874255,238340.466,739063559.56661,0
1731859200000,3088.26,3117.77,3073.25,3100.31,372411.962,1731873599999,1151578636.78793,705127,188572.289,583180006.44042,0
1731873600000,3100.31,3109.67,3043.38,3078.09,458681.890,1731887999999,1409169922.94594,793236,220057.957,676187808.56232,0
1731888000000,3078.09,3127.00,3071.37,3114.72,381216.664,1731902399999,1184674640.59081,797255,188126.350,584592943.90554,0
1731902400000,3114.73,3153.15,3098.05,3133.35,376978.201,1731916799999,1179616309.13095,668055,196074.153,613699875.16138,0
1731916800000,3133.36,3143.55,3051.50,3058.16,627900.859,1731931199999,1946060780.71125,905701,276514.094,857539668.44141,0
1731931200000,3058.17,3160.60,3053.35,3146.14,951239.299,1731945599999,2945933205.65637,1427086,473913.651,1468411551.19484,0
1731945600000,3146.13,3205.00,3091.96,3129.30,1097719.163,1731959999999,3470214908.93471,1638028,541751.347,1713091954.16112,0
1731960000000,3129.30,3228.00,3124.47,3210.48,705470.183,1731974399999,2237628947.00812,1175392,384092.232,1218330082.99682,0
1731974400000,3210.48,3224.83,3144.32,3150.89,522517.475,1731988799999,1656609484.81471,915896,224308.868,710981900.75405,0
1731988800000,3150.89,3161.92,3110.31,3120.42,373891.708,1732003199999,1170878348.54861,637715,166786.087,522270920.64440,0
1732003200000,3120.42,3132.43,3093.01,3128.58,385846.472,1732017599999,1202064678.48527,678225,186549.315,581381887.10863,0
1732017600000,3128.57,3152.53,3076.95,3106.73,795152.341,1732031999999,2471913313.39330,1261707,369275.009,1148392915.84924,0
1732032000000,3106.73,3148.00,3101.66,3124.59,477920.871,1732046399999,1494074467.23606,877246,243023.758,759809735.37481,0
1732046400000,3124.60,3134.00,3066.40,3109.34,508508.788,1732060799999,1574474678.15472,852928,238666.419,739065824.60353,0
1732060800000,3109.33,3134.89,3073.56,3098.66,375846.349,1732075199999,1164275133.36519,727923,184812.786,572742192.86655,0
1732075200000,3098.66,3117.73,3089.91,3111.12,219086.104,1732089599999,680703856.30332,443366,104294.898,324095827.13386,0
1732089600000,3111.04,3137.58,3085.12,3101.80,389812.318,1732103999999,1213862546.87918,655981,187403.261,583626831.16738,0
1732104000000,3101.79,3162.25,3083.24,3131.99,895043.982,1732118399999,2790148951.96514,1449519,442333.106,1379021012.59035,0
1732118400000,3131.98,3137.47,3030.50,3059.75,944651.691,1732132799999,2903660135.78887,1469185,434271.183,1334498933.38920,0
1732132800000,3059.75,3095.07,3046.06,3071.05,318764.502,1732147199999,979710517.00113,657286,153940.512,473187048.85846,0
1732147200000,3071.05,3103.38,3033.32,3083.25,544247.692,1732161599999,1671975812.69311,955021,272731.673,837979896.45528,0
1732161600000,3083.25,3145.92,3081.79,3139.11,808060.054,1732175999999,2522634472.39589,1277767,411893.943,1286007823.49780,0
1732176000000,3139.12,3157.69,3120.14,3150.01,490089.141,1732190399999,1538922960.84773,851848,252387.721,792688818.05836,0
1732190400000,3150.01,3374.92,3148.52,3279.20,2805568.309,1732204799999,9263149299.97142,3338528,1367529.337,4510748207.64818,0
1732204800000,3279.21,3389.99,3279.06,3349.99,954330.715,1732219199999,3189416962.21022,1601472,486285.590,1625265601.24246,0
1732219200000,3349.99,3382.26,3336.90,3358.42,391455.349,1732233599999,1315054669.64012,785295,192842.174,647879492.55812,0
1732233600000,3358.69,3384.88,3307.03,3368.66,623541.200,1732247999999,2084206035.65564,1119028,307855.923,1029186279.77224,0
1732248000000,3368.67,3429.99,3357.01,3365.66,698924.945,1732262399999,2368299658.00966,1141140,339008.185,1148903869.00617,0
1732262400000,3365.65,3387.06,3313.62,3346.99,562121.610,1732276799999,1882800896.18657,974633,253025.919,847773409.86208,0
1732276800000,3347.00,3359.93,3260.42,3316.37,1099244.017,1732291199999,3633054947.21828,1668736,506101.789,1672906333.30730,0
1732291200000,3316.36,3324.21,3266.61,3284.79,531897.715,1732305599999,1753005389.26830,1020384,244918.084,807343862.91794,0
1732305600000,3284.79,3332.83,3275.07,3330.05,314649.912,1732319999999,1040009687.12319,695900,156618.484,517736036.20352,0
1732320000000,3330.04,3368.48,3315.28,3348.88,559736.462,1732334399999,1869865960.69283,970171,273212.428,912819113.31007,0
1732334400000,3348.88,3365.00,3329.04,3344.31,359369.853,1732348799999,1202923851.74291,664829,177716.601,594927098.21753,0
1732348800000,3344.32,3407.96,3339.01,3357.31,601462.322,1732363199999,2027219994.82563,934641,300971.676,1014423478.45879,0
1732363200000,3357.30,3498.94,3351.00,3463.13,1310527.660,1732377599999,4510751127.38145,1782858,656953.197,2260745833.42187,0
1732377600000,3463.13,3473.64,3381.00,3410.21,899214.666,1732391999999,3074170461.99259,1357942,426610.704,1458744893.33806,0
1732392000000,3410.21,3430.61,3381.51,3396.33,361341.319,1732406399999,1229739194.65583,690328,170947.538,581872683.42420,0
1732406400000,3396.32,3453.00,3391.30,3430.00,352333.527,1732420799999,1207680860.96533,660043,179222.743,614285406.64583,0
1732420800000,3430.00,3435.18,3400.00,3424.99,300790.122,1732435199999,1027701567.24238,570688,140853.958,481378587.91892,0
1732435200000,3424.99,3431.62,3340.56,3346.71,638700.132,1732449599999,2158041745.16058,979230,285404.630,964202911.82025,0
1732449600000,3346.72,3360.22,3282.48,3297.13,1119642.834,1732463999999,3714106802.25876,1665347,510277.601,1693039379.03141,0
1732464000000,3297.12,3336.77,3290.00,3328.55,388750.158,1732478399999,1290017975.21035,770687,207196.851,687614198.87990,0
1732478400000,3328.55,3374.00,3323.44,3362.98,319293.445,1732492799999,1070435906.95053,659998,159006.430,533174364.26959,0
1732492800000,3362.98,3373.00,3301.96,3364.64,414863.153,1732507199999,1386028404.96358,889937,200759.504,670787254.95722,0
1732507200000,3364.63,3422.45,3363.24,3401.65,432026.341,1732521599999,1464027233.37547,768580,224068.287,759418478.73302,0
1732521600000,3401.66,3531.93,3398.82,3475.22,1103545.009,1732535999999,3835039242.30110,1548766,550462.100,1913243504.39141,0
1732536000000,3475.22,3541.99,3351.00,3521.26,2107604.560,1732550399999,7285163487.40728,2571245,1069330.907,3697806021.24920,0
1732550400000,3521.18,3549.91,3423.56,3467.01,1263688.052,1732564799999,4399061529.88373,1885987,601199.086,2093226958.74851,0
1732564800000,3467.02,3507.98,3366.31,3416.92,921112.230,1732579199999,3170872791.74449,1454519,425086.950,1463759978.60224,0
1732579200000,3416.91,3464.95,3397.80,3436.47,595390.137,1732593599999,2048519291.92452,1012129,278698.802,958887082.06896,0
1732593600000,3436.47,3445.65,3384.02,3396.98,485467.447,1732607999999,1659421153.18171,847581,223789.471,765034638.72944,0
1732608000000,3396.98,3399.82,3282.00,3325.18,1276175.192,1732622399999,4266702660.40167,1966633,600842.268,2009650838.46624,0
1732622400000,3325.17,3365.00,3292.01,3298.07,954248.863,1732636799999,3175433739.29413,1654849,439996.105,1464874171.34257,0
1732636800000,3298.08,3339.86,3254.19,3303.07,864628.799,1732651199999,2852015875.33548,1482814,406791.686,1341804101.51182,0
1732651200000,3303.07,3347.34,3291.12,3327.17,419765.039,1732665599999,1394587211.72932,823753,201187.049,668505913.01402,0
1732665600000,3327.17,3374.78,3305.00,3362.60,492762.535,1732679999999,1646701685.74420,955181,239356.152,799974349.61936,0
1732680000000,3362.60,3448.43,3361.02,3426.06,772811.419,1732694399999,2639031902.90772,1087666,387180.101,1321968442.08177,0
1732694400000,3426.06,3488.56,3404.16,3463.00,633670.010,1732708799999,2183225737.91897,904154,317597.015,1094590743.90704,0
1732708800000,3462.99,3575.61,3443.51,3555.07,1199383.688,1732723199999,4208960071.61174,1733749,607892.843,2133847777.43754,0
1732723200000,3555.07,3615.38,3535.45,3592.00,859641.291,1732737599999,3073309787.28355,1289548,436073.041,1559891515.24638,0
1732737600000,3592.00,3688.00,3590.38,3655.88,797146.823,1732751999999,2907128800.40854,1279463,392928.964,1432817366.19948,0
1732752000000,3655.89,3664.31,3563.33,3601.12,672037.376,1732766399999,2433922875.75680,1057386,315925.373,1144405651.08565,0
1732766400000,3601.12,3621.27,3568.68,3594.60,457987.820,1732780799999,1646932615.60594,749322,221710.055,797352783.45947,0
1732780800000,3594.60,3641.20,3576.79,3622.84,594402.593,1732795199999,2147169589.33169,988252,295903.162,1069073748.16523,0
1732795200000,3622.84,3644.30,3537.30,3543.41,960495.966,1732809599999,3439761064.75472,1383013,409833.835,1468727482.38309,0
1732809600000,3543.41,3587.08,3531.00,3577.18,375047.866,1732823999999,1335022119.36895,681177,186970.971,665717067.77194,0
1732824000000,3577.18,3602.25,3551.95,3581.58,270730.605,1732838399999,969733195.96843,511121,136220.362,488027833.07352,0
1732838400000,3581.58,3605.00,3551.63,3585.86,350285.783,1732852799999,1253565646.69546,692541,175681.788,628813493.10783,0
1732852800000,3585.86,3598.48,3535.52,3547.59,422933.712,1732867199999,1508364429.50943,642739,193580.589,690452109.40456,0
1732867200000,3547.58,3602.30,3547.58,3596.63,328563.235,1732881599999,1175602726.92973,535727,173208.626,619762028.12081,0
1732881600000,3596.64,3649.28,3575.02,3615.21,745589.678,1732895999999,2694460786.43283,1087400,371730.569,1343878504.65186,0
1732896000000,3615.21,3621.97,3561.27,3584.92,496791.003,1732910399999,1783567444.85014,832524,234426.896,841701985.40388,0
1732910400000,3584.93,3606.41,3577.22,3594.50,201813.581,1732924799999,725365290.20649,387248,103188.268,370948807.37329,0
1732924800000,3594.51,3664.28,3570.20,3660.11,564183.056,1732939199999,2041711743.29773,980522,291619.144,1055984791.12405,0
1732939200000,3660.11,3730.00,3637.15,3705.64,753802.014,1732953599999,2781245281.80687,1129051,374327.603,1381332741.44498,0
1732953600000,3705.64,3720.98,3629.96,3656.05,532089.682,1732967999999,1954077057.54130,785961,247713.552,910040278.16603,0
1732968000000,3656.04,3688.23,3654.00,3676.60,337620.110,1732982399999,1240016767.14345,625604,165293.084,607088161.27728,0
1732982400000,3676.60,3700.00,3660.00,3692.00,263000.051,1732996799999,967323364.42109,516644,137274.192,505006933.23144,0
1732996800000,3692.00,3742.18,3689.15,3705.73,416075.826,1733011199999,1545926246.98008,668104,203499.692,756328740.74319,0
1733011200000,3705.74,3734.12,3661.35,3709.49,646624.159,1733025599999,2391034510.54221,1037833,307998.727,1139085298.93006,0
1733025600000,3709.49,3720.00,3682.43,3705.05,243565.115,1733039999999,901480275.44048,453231,110156.581,407812528.89284,0
1733040000000,3705.05,3720.00,3677.38,3694.14,297213.421,1733054399999,1099628539.06067,492491,143372.982,530519368.25215,0
1733054400000,3694.13,3750.67,3680.50,3731.00,481894.268,1733068799999,1791392092.29148,724855,248168.500,922764864.11723,0
1733068800000,3730.99,3747.21,3695.22,3710.73,369809.799,1733083199999,1376267583.49692,612841,172307.181,641466869.96715,0
1733083200000,3710.72,3739.99,3681.11,3711.24,419345.944,1733097599999,1556962141.66011,659257,204653.154,759889866.53217,0
1733097600000,3711.22,3766.00,3675.01,3687.84,762454.715,1733111999999,2839547601.96957,1167679,365242.514,1360836272.30568,0
1733112000000,3687.83,3711.83,3650.03,3669.25,761037.464,1733126399999,2799140263.20854,1109143,351222.529,1291838284.92917,0
1733126400000,3669.26,3675.75,3572.35,3592.21,1022016.654,1733140799999,3688189264.96609,1456737,477357.091,1722535527.85596,0
1733140800000,3592.21,3683.00,3585.50,3674.54,832145.809,1733155199999,3026869044.14168,1248695,405243.301,1474309063.72606,0
1733155200000,3674.54,3684.61,3557.61,3614.79,887825.360,1733169599999,3212102477.70523,1333259,415799.849,1504196591.47654,0
1733169600000,3614.79,3647.57,3600.64,3646.26,343788.919,1733183999999,1244851312.71803,674406,169432.532,613659596.22037,0
1733184000000,3646.26,3661.93,3611.00,3641.93,409536.168,1733198399999,1490766242.98835,763356,182158.009,663159734.20717,0
1733198400000,3641.94,3673.90,3602.32,3619.54,465964.787,1733212799999,1695727531.69989,784025,233425.390,849777427.25075,0
1733212800000,3619.54,3638.45,3587.77,3616.19,465635.821,1733227199999,1681233929.31462,788502,202450.094,731174911.36020,0
1733227200000,3616.19,3620.88,3502.01,3574.23,1396479.116,1733241599999,4979507416.29559,1779497,617643.385,2202828947.69784,0
1733241600000,3574.19,3597.27,3540.67,3579.27,464228.780,1733255999999,1656379363.24492,808373,223021.937,795821392.02390,0
1733256000000,3579.27,3637.09,3576.86,3616.82,425299.045,1733270399999,1537087982.86981,656094,215645.164,779293011.22587,0
1733270400000,3616.83,3711.80,3616.82,3664.90,982375.168,1733284799999,3604835159.04353,1305318,490331.664,1799260570.10207,0
1733284800000,3664.90,3724.77,3663.18,3717.79,464029.945,1733299199999,1712353239.52324,636807,227656.071,840368132.99340,0
1733299200000,3717.79,3754.05,3699.00,3731.00,645245.800,1733313599999,2403683584.70555,820881,296453.820,1104672876.90582,0
1733313600000,3731.01,3858.19,3690.46,3824.39,1554082.531,1733327999999,5863809453.86836,1865903,784578.234,2962244064.59158,0
1733328000000,3824.38,3846.69,3736.01,3843.36,1247329.924,1733342399999,4734344697.67732,1682146,613459.137,2328171712.32171,0
1733342400000,3843.36,3891.00,3823.42,3840.75,816266.057,1733356799999,3151425875.16691,1229338,404042.409,1560322554.19309,0
1733356800000,3840.74,3912.00,3769.75,3836.78,1420023.502,1733371199999,5456238606.43002,1871589,698083.696,2683032334.00849,0
1733371200000,3836.78,3884.65,3822.42,3853.65,629590.133,1733385599999,2428434219.78610,1017360,308439.466,1190004893.54568,0
1733385600000,3853.66,3948.00,3853.65,3934.35,913654.757,1733399999999,3578266991.39714,1117478,476897.947,1867748387.51539,0
1733400000000,3934.35,3960.00,3862.37,3890.78,923821.851,1733414399999,3614689652.76823,1207983,441112.812,1726522893.87323,0
1733414400000,3890.78,3930.00,3823.00,3833.94,800497.914,1733428799999,3111258181.80493,1196333,371278.054,1444292377.58474,0
1733428800000,3833.93,3864.60,3615.00,3787.31,1519811.247,1733443199999,5771434427.15203,1947852,684132.499,2601239483.74256,0
1733443200000,3787.30,3917.80,3780.00,3909.82,754463.199,1733457599999,2912191526.88961,1156802,390930.666,1508809318.00871,0
1733457600000,3909.83,3932.96,3875.35,3896.50,417228.430,1733471999999,1628347183.84752,707760,193242.911,754456883.62811,0
1733472000000,3896.50,3913.33,3846.42,3869.74,507123.703,1733486399999,1964335981.86121,878506,238059.051,922232522.48929,0
1733486400000,3869.74,4046.00,3835.36,3996.28,1615715.684,1733500799999,6391735166.81299,2016280,823503.871,3257899108.65429,0
1733500800000,3996.29,4078.23,3983.38,4071.00,782760.302,1733515199999,3155946878.79458,1225014,399591.313,1611366002.50863,0
1733515200000,4071.00,4092.83,3990.92,4001.75,567835.525,1733529599999,2297713148.07326,824440,278372.637,1126949989.67898,0
1733529600000,4001.75,4027.82,3972.24,3990.20,374025.767,1733543999999,1495685406.00299,663316,195713.971,782747588.08823,0
1733544000000,3990.21,4006.41,3970.00,3989.09,257825.459,1733558399999,1028625961.73015,456857,131632.428,525237485.56627,0
1733558400000,3989.09,4012.50,3976.29,4001.26,236615.208,1733572799999,944487599.11097,439611,111964.561,447017516.48461,0
1733572800000,4001.27,4012.25,3979.01,4007.66,276002.526,1733587199999,1103386887.05717,518046,134657.338,538373744.32296,0
1733587200000,4007.66,4023.83,3989.16,4015.46,241670.811,1733601599999,967862199.98895,435684,116622.511,467104963.33823,0
1733601600000,4015.45,4028.69,3995.26,3999.79,163437.223,1733615999999,655459279.55858,327631,75686.555,303603900.86818,0
1733616000000,3999.80,4012.38,3986.90,3992.36,136686.918,1733630399999,546782667.31605,293739,63683.679,254807058.69374,0
1733630400000,3992.35,3998.90,3960.93,3983.19,291019.411,1733644799999,1158061679.93332,453045,133158.767,530011201.68624,0
1733644800000,3983.18,3984.61,3926.00,3974.40,482110.117,1733659199999,1906853680.32823,680054,219121.770,866978839.56842,0
1733659200000,3974.39,4006.98,3958.05,3993.92,414731.427,1733673599999,1653321729.56116,643934,198182.517,790128232.56667,0
1733673600000,3993.92,4003.00,3966.68,3992.57,230176.135,1733687999999,917194879.23591,448151,108681.952,433112409.78756,0
1733688000000,3992.57,4019.57,3978.05,4007.30,232948.119,1733702399999,931595619.69007,394885,119284.670,477165593.98144,0
1733702400000,4007.31,4010.67,3906.13,3932.53,552951.022,1733716799999,2186816816.30887,922802,243392.326,962974347.60389,0
1733716800000,3932.53,3951.00,3883.00,3920.50,582557.139,1733731199999,2281169461.39700,824066,269226.383,1054672996.54445,0
1733731200000,3920.51,3923.02,3845.00,3853.68,662816.859,1733745599999,2569129517.17566,1110856,306497.484,1188320306.60692,0
1733745600000,3853.68,3947.74,3805.02,3826.42,1136093.805,1733759999999,4395696892.11899,1533978,518428.832,2007260245.64336,0
1733760000000,3826.43,3869.36,3785.00,3797.28,735875.350,1733774399999,2821970410.77080,1087752,357947.807,1373731379.39519,0
1733774400000,3797.28,3806.72,3475.00,3712.55,2871796.874,1733788799999,10580357747.31631,3213243,1299309.210,4791945069.68057,0
1733788800000,3712.55,3781.29,3616.00,3682.99,1142978.659,1733803199999,4236461019.88168,1760097,552949.619,2049968012.73532,0
1733803200000,3683.00,3744.00,3637.61,3734.50,493339.353,1733817599999,1826243721.68146,1038546,244088.544,903534720.62762,0
1733817600000,3734.51,3774.00,3713.52,3750.39,389017.248,1733831999999,1458733353.25269,805238,195084.106,731588523.88075,0
1733832000000,3750.39,3754.79,3554.46,3568.08,1634815.264,1733846399999,5976015815.83773,2205551,760811.835,2782449874.79172,0
1733846400000,3568.12,3635.31,3512.71,3629.01,1551344.758,1733860799999,5535834123.46216,2322776,750398.273,2679347416.97759,0
1733860800000,3629.00,3673.26,3612.18,3628.40,463087.910,1733875199999,1687027211.31689,940422,222025.866,808967775.70922,0
1733875200000,3628.41,3669.60,3562.65,3665.28,578967.665,1733889599999,2093476741.73656,1075151,297496.714,1076314674.84075,0
1733889600000,3665.29,3681.62,3646.61,3652.17,266943.816,1733903999999,978451092.91900,544920,130233.281,477452132.92291,0
1733904000000,3652.16,3727.50,3651.00,3716.09,380831.145,1733918399999,1408142480.24521,620208,195314.575,722148057.89727,0
1733918400000,3716.10,3820.00,3706.72,3786.75,915066.690,1733932799999,3440827406.98294,1258725,461214.131,1735137424.06816,0
1733932800000,3786.76,3813.10,3752.48,3802.39,532241.528,1733947199999,2016508903.45633,840639,262857.070,996023841.56680,0
1733947200000,3802.39,3846.95,3801.42,3830.44,333707.645,1733961599999,1276878694.33588,557360,178334.184,682362864.24099,0
1733961600000,3830.44,3947.62,3795.25,3933.77,644713.544,1733975999999,2494066893.79110,990412,330704.962,1279543065.17852,0
1733976000000,3933.76,3945.00,3893.00,3904.58,530415.085,1733990399999,2079797024.35994,745944,266425.747,1044774478.70246,0
1733990400000,3904.58,3937.31,3890.25,3912.73,464751.213,1734004799999,1819405709.78604,662519,239097.649,936148400.01529,0
1734004800000,3912.74,3986.94,3912.73,3956.90,1048585.891,1734019199999,4143860399.30921,1505283,548466.494,2167682535.85610,0
1734019200000,3956.91,3985.30,3853.19,3870.59,799337.145,1734033599999,3132499667.74170,1160904,379643.936,1487918850.17813,0
1734033600000,3870.58,3901.33,3835.00,3880.52,449431.655,1734047999999,1739694144.84156,753566,221280.057,856668338.25549,0
1734048000000,3880.52,3940.00,3851.80,3931.36,441979.861,1734062399999,1722932473.06265,803194,230247.472,897874225.78640,0
1734062400000,3931.35,3935.05,3870.00,3884.58,374986.604,1734076799999,1463482867.63769,665689,168974.796,659457422.13457,0
1734076800000,3884.57,3923.40,3870.85,3900.40,329660.784,1734091199999,1284318174.00846,552600,174952.482,681891156.46895,0
1734091200000,3900.40,3967.96,3877.34,3884.71,696278.409,1734105599999,2733676001.72848,1050653,327212.795,1284723140.46714,0
1734105600000,3884.71,3946.42,3879.00,3916.99,465010.090,1734119999999,1820300840.43599,844909,236469.747,925645751.44097,0
1734120000000,3917.00,3934.97,3889.46,3905.60,207101.259,1734134399999,809199434.90461,414572,100206.212,391548962.29775,0
1734134400000,3905.59,3944.99,3894.06,3909.55,330718.227,1734148799999,1295904392.85996,599511,163094.583,639175084.01228,0
1734148800000,3909.55,3934.94,3904.99,3920.31,148881.404,1734163199999,583728049.53489,289981,78286.996,306936391.69440,0
1734163200000,3920.30,3930.74,3885.00,3893.27,213184.409,1734177599999,832195223.68883,391792,92935.109,362793204.56096,0
1734177600000,3893.26,3897.60,3845.18,3887.21,499094.188,1734191999999,1932721976.88192,726049,219178.201,848732025.36114,0
1734192000000,3887.20,3896.88,3824.02,3857.74,439481.341,1734206399999,1694973045.37735,720895,205480.981,792470636.34276,0
1734206400000,3857.74,3877.00,3822.37,3868.60,262470.027,1734220799999,1011648743.79841,432307,128319.895,494715158.08323,0
1734220800000,3868.60,3894.03,3854.80,3873.07,185845.678,1734235199999,720666310.73927,404812,95051.620,368626970.43039,0
1734235200000,3873.07,3912.87,3829.00,3843.44,346344.287,1734249599999,1342022617.89547,507210,169480.742,657156284.07019,0
1734249600000,3843.45,3877.19,3835.10,3876.11,202952.909,1734263999999,783462055.90430,389575,103236.720,398565335.83907,0
1734264000000,3876.10,3909.09,3867.12,3893.42,340076.855,1734278399999,1322150178.19837,557742,178280.923,693234764.43001,0
1734278400000,3893.42,3918.63,3885.00,3902.12,228462.157,1734292799999,891740871.31981,417043,115705.685,451679644.78895,0
1734292800000,3902.12,3973.67,3842.20,3958.50,627075.719,1734307199999,2447463159.05882,1000891,320710.396,1251531394.38076,0
1734307200000,3958.50,4024.86,3927.15,3941.52,787314.461,1734321599999,3135259130.20740,1234905,393092.238,1565974923.78457,0
1734321600000,3941.51,3982.80,3935.05,3973.15,276988.608,1734335999999,1097735403.66080,521429,148521.586,588670438.65391,0
1734336000000,3973.15,3975.29,3901.00,3909.09,447854.041,1734350399999,1764457656.58087,725977,204405.400,805421152.85508,0
1734350400000,3909.10,3958.84,3882.22,3940.17,772982.721,1734364799999,3029753803.75659,1142623,374841.032,1469467473.85556,0
1734364800000,3940.17,4109.99,3938.05,4056.99,1404414.099,1734379199999,5664487364.28298,1775418,739927.360,2983998322.46310,0
1734379200000,4057.00,4072.77,3978.13,3984.76,501428.597,1734393599999,2019180198.48785,816194,236986.817,954517908.68052,0
1734393600000,3984.76,4039.99,3942.00,4033.25,516754.073,1734407999999,2059782366.02785,946642,270892.323,1080107175.52338,0
1734408000000,4033.25,4033.68,3981.31,3993.05,394211.701,1734422399999,1580373311.17953,653572,178916.710,717307345.84476,0
1734422400000,3993.05,4030.93,3988.02,3996.02,328135.695,1734436799999,1316015261.73451,675285,155603.764,624072570.69813,0
1734436800000,3996.01,4024.70,3913.75,3937.43,962170.238,1734451199999,3824037485.14776,1400326,440642.702,1752282414.13254,0
1734451200000,3937.42,3983.41,3915.11,3943.28,533413.254,1734465599999,2106046500.90505,955758,247301.626,976374672.75156,0
1734465600000,3943.27,3951.92,3844.59,3890.81,635635.475,1734479999999,2473976508.73361,982982,286276.790,1114546467.90138,0
1734480000000,3890.81,3901.67,3832.02,3848.54,543220.640,1734494399999,2099650502.17063,937972,259989.342,1004957730.36588,0
1734494400000,3848.55,3861.56,3802.35,3845.40,544117.917,1734508799999,2085892975.45847,949239,258086.355,989648402.38732,0
1734508800000,3845.41,3885.83,3840.36,3880.88,305979.813,1734523199999,1182764264.92542,552754,158085.518,611148962.06053,0
1734523200000,3880.88,3889.82,3823.01,3866.62,522716.980,1734537599999,2016290637.88402,910292,262949.428,1014359835.18250,0
1734537600000,3866.63,3908.00,3767.22,3768.82,742164.983,1734551999999,2853850416.28019,1200176,339846.978,1308318790.79441,0
1734552000000,3768.77,3784.80,3615.01,3625.40,1782252.794,1734566399999,6578074056.27250,2425636,823636.299,3041425023.36357,0
1734566400000,3625.41,3671.82,3540.00,3667.16,1184175.871,1734580799999,4278031197.33747,1834896,545418.292,1971807423.55358,0
1734580800000,3667.16,3695.00,3651.43,3691.53,323267.226,1734595199999,1187622127.33737,610987,156115.633,573601421.03503,0
1734595200000,3691.52,3718.47,3662.79,3703.73,415867.788,1734609599999,1534559207.20042,678612,201030.422,741805047.56151,0
1734609600000,3703.74,3708.36,3571.12,3612.46,1009683.849,1734623999999,3673308046.42605,1448605,485600.971,1767082287.26649,0
1734624000000,3612.46,3635.90,3372.01,3438.97,2757564.637,1734638399999,9600691640.61882,3112025,1245999.044,4340629710.39545,0
1734638400000,3438.98,3464.77,3322.20,3416.70,1339821.511,1734652799999,4549462986.30231,1842826,661184.561,2247490093.11502,0
1734652800000,3416.69,3464.98,3369.41,3413.41,718077.647,1734667199999,2452605785.59832,1279739,351686.045,1201687195.52388,0
1734667200000,3413.40,3430.59,3327.03,3389.67,854621.739,1734681599999,2891921173.74847,1392622,401649.550,1359778294.41768,0
1734681600000,3389.67,3390.45,3100.50,3104.32,2829813.580,1734695999999,9130800280.23366,3446117,1287024.491,4151902287.87701,0
1734696000000,3103.99,3395.00,3100.00,3373.32,2118046.938,1734710399999,6940311857.57583,2726481,1095024.536,3588339793.64004,0
1734710400000,3373.33,3496.54,3365.28,3478.11,917919.600,1734724799999,3142845639.56626,1597060,474006.372,1624518992.08685,0
1734724800000,3478.10,3487.99,3391.22,3470.88,531576.161,1734739199999,1831505848.02580,984831,265864.847,916334622.80223,0
1734739200000,3470.88,3489.98,3442.41,3466.82,283161.822,1734753599999,981454279.76138,680237,139667.706,484256225.16674,0
1734753600000,3466.81,3553.76,3459.80,3521.65,534662.120,1734767999999,1879647695.46208,888041,277923.663,977002591.98373,0
1734768000000,3521.65,3525.78,3422.06,3440.95,637873.601,1734782399999,2213769191.19141,931841,295491.840,1025526151.84626,0
1734782400000,3440.96,3442.89,3344.19,3389.12,899982.747,1734796799999,3055638440.04093,1410059,451558.701,1533444799.61546,0
1734796800000,3389.12,3401.16,3325.22,3359.41,583301.594,1734811199999,1961230256.51856,1150416,289349.714,973208117.53807,0
1734811200000,3359.40,3388.37,3291.03,3337.60,465629.351,1734825599999,1552693842.22676,886539,225805.252,753275484.01568,0
1734825600000,3337.61,3373.47,3317.49,3354.59,402099.391,1734839999999,1345568794.49547,873630,189599.081,634619739.62201,0
1734840000000,3354.58,3360.25,3293.52,3331.31,376654.863,1734854399999,1252789407.45484,710194,170713.473,567951387.55813,0
1734854400000,3331.31,3402.08,3330.02,3379.62,354728.435,1734868799999,1197591896.90133,701036,186578.192,629794625.38038,0
1734868800000,3379.62,3396.58,3273.00,3300.95,738025.743,1734883199999,2454333730.00974,1209102,345376.265,1148629080.62384,0
1734883200000,3300.95,3337.70,3236.11,3246.09,522406.843,1734897599999,1723731524.27674,1011688,244626.451,807845801.95721,0
1734897600000,3246.09,3309.56,3219.59,3280.80,572283.781,1734911999999,1868963327.74222,1078519,293047.286,956928178.65843,0
1734912000000,3280.81,3355.71,3214.81,3349.68,768162.525,1734926399999,2517611314.58431,1448995,400283.203,1312797015.81317,0
1734926400000,3349.68,3362.68,3258.00,3303.34,505023.483,1734940799999,1669451220.70588,979341,240613.501,795374708.86367,0
1734940800000,3303.33,3354.00,3291.76,3338.10,384172.024,1734955199999,1279442843.84069,763939,203114.769,676567240.62731,0
1734955200000,3338.11,3359.98,3267.04,3276.20,854162.597,1734969599999,2831260537.94312,1413795,421014.840,1395896673.49550,0
1734969600000,3276.01,3383.84,3270.00,3337.27,826718.591,1734983999999,2757825715.88605,1430874,425832.626,1420277623.59970,0
1734984000000,3337.27,3465.75,3328.15,3420.74,624219.153,1734998399999,2134588115.50319,1201985,313281.547,1071053093.39904,0
1734998400000,3420.75,3425.67,3356.01,3395.65,402886.226,1735012799999,1366500740.41415,777640,194738.123,660594404.12995,0
1735012800000,3395.66,3433.99,3383.49,3399.92,307276.454,1735027199999,1047127203.15067,571539,149599.010,509825516.19217,0
1735027200000,3399.91,3415.41,3384.03,3412.50,251673.381,1735041599999,855909144.53903,563895,123625.323,420452990.82472,0
1735041600000,3412.50,3509.50,3393.10,3491.57,726844.336,1735055999999,2509420900.52356,1160754,374584.344,1293136797.81568,0
1735056000000,3491.58,3539.40,3463.24,3463.90,585712.279,1735070399999,2047663074.69002,1068471,276807.261,968115586.41928,0
1735070400000,3463.90,3504.22,3430.00,3491.97,330874.795,1735084799999,1147249578.51217,676681,168351.686,583788403.59481,0
1735084800000,3491.98,3495.00,3456.21,3476.87,254911.709,1735099199999,886747576.11246,570837,118397.511,411960036.29470,0
1735099200000,3476.88,3509.08,3468.00,3487.66,185178.031,1735113599999,646215618.47360,455872,90175.734,314737219.46564,0
1735113600000,3487.65,3547.01,3462.56,3469.63,462168.864,1735127999999,1621749774.38994,832443,219993.478,772439563.98381,0
1735128000000,3469.63,3499.75,3455.08,3471.59,333412.579,1735142399999,1159159999.14423,756092,168262.542,585099026.70731,0
1735142400000,3471.58,3487.73,3439.00,3480.19,265585.694,1735156799999,919508690.48945,558920,134604.436,466276731.92585,0
1735156800000,3480.18,3498.90,3448.32,3495.72,194013.365,1735171199999,674116280.21307,476586,96302.489,334652430.79452,0
1735171200000,3495.73,3514.32,3448.00,3454.03,282142.954,1735185599999,980670680.02235,654663,132093.112,459184055.61950,0
1735185600000,3454.03,3454.04,3415.00,3420.84,348782.139,1735199999999,1197936755.88937,648713,170921.915,587297962.24383,0
1735200000000,3420.84,3424.37,3345.00,3371.83,649791.286,1735214399999,2193482072.29772,1036551,308728.131,1042181318.23535,0
1735214400000,3371.83,3372.72,3326.00,3342.32,483895.064,1735228799999,1621000203.39515,951830,233703.760,783096978.81049,0
1735228800000,3342.32,3363.93,3311.26,3338.54,424673.407,1735243199999,1416322508.45267,828487,215733.225,719681526.80115,0
1735243200000,3338.54,3349.39,3302.73,3333.15,332773.998,1735257599999,1106640383.43461,661605,164082.524,545635477.79644,0
1735257600000,3333.15,3387.39,3315.37,3377.48,347450.929,1735271999999,1167318188.34489,700733,189223.328,635764433.68708,0
1735272000000,3377.48,3397.92,3315.04,3324.04,439930.539,1735286399999,1478095845.51546,775055,198129.149,666049452.40930,0
1735286400000,3324.04,3444.00,3324.04,3417.42,722833.578,1735300799999,2459812533.82331,1170649,391440.650,1332285659.62290,0
1735300800000,3417.40,3422.00,3306.00,3325.01,632241.644,1735315199999,2120455042.80132,1094574,302657.414,1014812400.84273,0
1735315200000,3325.00,3365.98,3306.46,3353.88,470258.083,1735329599999,1568023330.16430,883101,240177.142,800855830.69596,0
1735329600000,3353.87,3354.74,3308.08,3332.09,238404.076,1735343999999,793595726.63486,512756,118222.451,393545756.61937,0
1735344000000,3332.10,3352.45,3320.92,3344.13,189646.910,1735358399999,632852216.76127,467325,94514.353,315493738.33779,0
1735358400000,3344.12,3362.00,3331.50,3334.08,142882.003,1735372799999,477898647.26289,328547,79024.234,264376298.39436,0
1735372800000,3334.08,3362.75,3331.73,3358.07,154592.699,1735387199999,517533603.23304,349513,79467.257,266099292.43582,0
1735387200000,3358.06,3394.99,3349.44,3366.70,315754.327,1735401599999,1064658794.74004,656633,158981.673,536226985.77770,0
1735401600000,3366.71,3412.35,3364.32,3399.30,197523.510,1735415999999,669763786.83605,484629,103053.008,349447224.21610,0
1735416000000,3399.30,3427.50,3388.10,3402.54,144577.009,1735430399999,492217358.53193,365923,79864.891,272012010.59273,0
1735430400000,3402.53,3405.36,3373.99,3381.42,178398.857,1735444799999,603874398.58393,414574,72989.590,247113876.12370,0
1735444800000,3381.42,3406.38,3378.34,3405.61,138761.281,1735459199999,470779026.25241,277530,75439.167,255983463.96333,0
1735459200000,3405.60,3413.00,3388.54,3397.00,137242.664,1735473599999,466817460.87097,307056,63445.379,215817895.72709,0
1735473600000,3396.99,3409.97,3352.84,3372.00,347762.681,1735487999999,1175074745.58426,637852,170937.968,577642445.64183,0
1735488000000,3372.01,3375.17,3344.20,3361.65,220959.572,1735502399999,741601185.84429,495560,108495.961,364161778.14001,0
1735502400000,3361.64,3367.53,3324.63,3355.46,310396.017,1735516799999,1038360575.28816,629919,151828.616,507970508.04783,0
1735516800000,3355.46,3436.86,3346.07,3402.89,460566.034,1735531199999,1567564127.17301,876118,240703.918,819246921.88721,0
1735531200000,3402.89,3432.00,3387.39,3426.39,268775.659,1735545599999,917297870.88927,577038,140552.637,479756157.97698,0
1735545600000,3426.38,3433.88,3393.58,3423.48,242383.737,1735559999999,827935814.44481,506361,121061.717,413561119.85418,0
1735560000000,3423.49,3429.90,3302.20,3323.49,926222.216,1735574399999,3098644350.39024,1372318,430898.086,1441411768.97075,0
1735574400000,3323.49,3408.52,3316.55,3401.70,530949.533,1735588799999,1791466128.37586,1012868,263263.459,888111323.99751,0
1735588800000,3401.70,3419.34,3307.44,3360.11,524945.048,1735603199999,1760829302.43566,889653,249124.666,835553560.92026,0
1735603200000,3360.10,3363.67,3313.96,3339.12,283705.110,1735617599999,946516203.84341,625794,131291.841,438107793.49011,0
1735617600000,3339.13,3362.47,3326.96,3352.59,162299.536,1735631999999,543443561.00912,440824,90314.162,302448337.06495,0
1735632000000,3352.60,3409.31,3351.53,3394.00,317759.238,1735646399999,1076626448.81953,630447,165419.660,560445872.09076,0
1735646400000,3394.00,3452.00,3391.96,3412.58,561368.277,1735660799999,1920376784.10578,963344,289901.409,991996995.57027,0
1735660800000,3412.59,3416.91,3328.27,3354.68,553693.306,1735675199999,1865671465.60096,922480,266529.422,897631109.59120,0
1735675200000,3354.68,3364.69,3327.07,3336.57,214420.964,1735689599999,716678344.50564,497677,111534.740,372916272.79817,0
1735689600000,3336.58,3368.02,3334.76,3354.34,174527.965,1735703999999,585457842.36825,380257,97594.594,327372721.84541,0
1735704000000,3354.35,3355.77,3335.46,3345.84,142619.663,1735718399999,477021617.46789,260286,70507.267,235849600.24065,0
1735718400000,3345.83,3348.00,3312.62,3340.06,283676.062,1735732799999,944566270.68285,449976,125270.848,417256254.79249,0
1735732800000,3340.06,3359.09,3327.00,3352.07,258804.255,1735747199999,865206665.35315,517923,124862.311,417524610.80830,0
1735747200000,3352.06,3364.30,3321.11,3356.23,219892.779,1735761599999,735088711.34757,495925,108418.109,362553033.39420,0
1735761600000,3356.21,3374.14,3351.00,3359.36,191759.116,1735775999999,644416436.33929,391491,88495.013,297437316.95585,0
1735776000000,3359.35,3405.00,3353.50,3388.00,298784.114,1735790399999,1012124577.17076,652430,150652.076,510361660.10353,0
1735790400000,3388.01,3427.70,3387.40,3419.69,300874.409,1735804799999,1026516500.93866,531689,153385.343,523348729.12576,0
1735804800000,3419.70,3476.17,3414.18,3470.57,402906.955,1735819199999,1390864298.09855,677269,203405.320,702266169.85364,0
1735819200000,3470.58,3511.14,3439.57,3462.76,744897.911,1735833599999,2586355853.92822,1093319,378708.692,1315465564.06599,0
1735833600000,3462.75,3488.87,3428.00,3462.32,452605.787,1735847999999,1565422967.18453,821738,236639.140,818447491.96882,0
1735848000000,3462.32,3474.90,3420.00,3454.83,210011.105,1735862399999,723931018.58004,415429,100819.276,347658966.56747,0
1735862400000,3454.83,3476.48,3442.10,3469.33,237589.606,1735876799999,821967253.43632,414969,139101.545,481251997.99472,0
1735876800000,3469.33,3470.10,3431.01,3432.62,224937.145,1735891199999,775532043.03504,396398,109008.857,375838307.46892,0
1735891200000,3432.62,3466.54,3421.56,3464.73,235019.049,1735905599999,808960828.19534,424286,110018.131,378830793.51641,0
1735905600000,3464.74,3578.19,3460.00,3564.32,826976.603,1735919999999,2909178919.17810,1206207,453422.356,1596427714.04384,0
1735920000000,3564.32,3630.00,3564.31,3621.91,690547.819,1735934399999,2483512265.17573,965943,366264.717,1317536721.82312,0
1735934400000,3621.90,3623.21,3594.22,3607.89,275757.552,1735948799999,995334333.78860,416809,140626.182,507571159.39324,0
1735948800000,3607.90,3619.90,3581.44,3597.19,202783.463,1735963199999,729326020.01030,362049,90150.093,324180552.28996,0
1735963200000,3597.19,3609.83,3583.11,3593.04,158721.532,1735977599999,570768290.37244,266188,80210.269,288473888.28846,0
1735977600000,3593.05,3609.54,3570.66,3601.16,262095.459,1735991999999,940952907.95153,391302,139594.797,501397919.85441,0
1735992000000,3601.17,3664.00,3589.54,3606.44,649965.775,1736006399999,2358514627.24513,884825,318001.933,1154252911.97626,0
1736006400000,3606.44,3643.73,3600.30,3629.91,219313.517,1736020799999,794873486.67943,468352,110624.475,401027676.41175,0
1736020800000,3629.92,3670.00,3629.91,3655.99,236302.857,1736035199999,863958479.38789,441949,129847.105,474741231.24305,0
1736035200000,3655.98,3674.71,3627.77,3636.61,178497.371,1736049599999,650761553.56025,368143,82253.761,299932718.51169,0
1736049600000,3636.61,3648.09,3626.83,3630.38,109673.226,1736063999999,398848152.97424,254985,53101.192,193138338.25269,0
1736064000000,3630.37,3632.10,3602.08,3612.56,259595.339,1736078399999,938458598.18098,433917,125981.729,455456358.82687,0
1736078400000,3612.56,3637.79,3592.14,3628.45,343813.853,1736092799999,1243107492.93338,521001,158900.782,574688393.98339,0
1736092800000,3628.45,3647.42,3611.25,3636.92,212145.933,1736107199999,770160291.03402,414688,105768.438,384028183.14955,0
1736107200000,3636.91,3656.29,3627.33,3634.96,166347.983,1736121599999,605856430.25847,346553,81374.061,296402783.80866,0
1736121600000,3634.96,3684.25,3609.00,3663.93,439461.924,1736135999999,1605921859.20013,803825,229028.129,836953593.44505,0
1736136000000,3663.93,3698.00,3640.84,3649.39,340687.514,1736150399999,1250001584.25994,596393,164941.804,605427454.81406,0
1736150400000,3649.39,3663.08,3631.34,3653.71,246668.531,1736164799999,899126821.01610,427704,125355.586,457053871.50280,0
1736164800000,3653.71,3714.00,3620.74,3712.99,809441.740,1736179199999,2968664861.92768,1124350,400401.454,1469225187.86191,0
1736179200000,3712.99,3744.28,3653.88,3686.47,648021.032,1736193599999,2397249239.42831,957534,321028.676,1187525010.65325,0
1736193600000,3686.46,3702.99,3665.38,3685.72,201781.217,1736207999999,742324556.28129,411860,104324.435,383802236.47406,0
1736208000000,3685.72,3700.31,3661.97,3681.49,200582.524,1736222399999,738746195.99827,437316,90658.355,333933469.43653,0
1736222400000,3681.49,3685.53,3657.40,3666.61,147741.475,1736236799999,542314506.87967,283376,70362.046,258295631.57355,0
1736236800000,3666.61,3678.52,3625.00,3638.55,322768.190,1736251199999,1178427062.57194,478353,139270.857,508636167.28859,0
1736251200000,3638.55,3644.90,3409.00,3461.21,1785243.892,1736265599999,6301437144.07785,1970569,809002.231,2856595018.05557,0
1736265600000,3461.21,3490.89,3363.00,3384.36,1071232.073,1736279999999,3681628624.05952,1493313,503964.209,1732495402.41294,0
1736280000000,3384.36,3412.82,3353.59,3379.38,535089.353,1736294399999,1810193526.88537,971482,262330.940,887713928.06530,0
1736294400000,3379.37,3413.55,3340.01,3359.32,460814.225,1736308799999,1556976459.70195,844305,222365.526,751452477.97595,0
1736308800000,3359.33,3372.62,3306.01,3353.19,663845.618,1736323199999,2216282336.06865,1119774,328042.419,1095402798.17819,0
1736323200000,3353.19,3376.54,3321.60,3348.50,475095.283,1736337599999,1592992513.58684,704925,212938.792,714003840.08000,0
1736337600000,3348.50,3384.90,3331.00,3346.00,620307.901,1736351999999,2081926636.91447,1138341,314224.184,1054904286.90086,0
1736352000000,3346.00,3347.07,3206.54,3279.47,1432501.970,1736366399999,4694803306.86578,1986716,659741.654,2162233006.76849,0
1736366400000,3279.46,3333.65,3265.00,3325.38,306693.700,1736380799999,1012246641.34684,659526,152805.063,504514459.96992,0
1736380800000,3325.38,3355.85,3305.52,3323.60,410830.923,1736395199999,1368238969.48696,742816,209985.070,699379779.40874,0
1736395200000,3323.60,3342.40,3280.64,3288.18,347192.790,1736409599999,1149484226.09988,607523,165542.702,548130713.95744,0
1736409600000,3288.17,3326.88,3264.77,3300.35,509098.417,1736423999999,1681190708.20463,817432,252957.255,835471646.20022,0
1736424000000,3300.34,3337.64,3208.34,3318.79,960677.736,1736438399999,3135139353.27364,1395783,471715.426,1540741524.09533,0
1736438400000,3318.80,3326.39,3180.80,3193.65,796218.361,1736452799999,2594319579.37553,1124810,362598.073,1182734074.48039,0
1736452800000,3193.66,3238.44,3156.00,3218.24,615844.420,1736467199999,1968118381.39417,1072045,300419.859,960700614.97112,0
1736467200000,3218.24,3259.24,3212.62,3253.05,268734.137,1736481599999,869305992.45956,645124,131167.373,424326735.47648,0
1736481600000,3253.05,3312.55,3241.12,3294.65,376479.570,1736495999999,1233173301.51621,677715,202105.309,662388369.60281,0
1736496000000,3294.65,3320.00,3286.36,3309.74,281295.657,1736510399999,928847278.99554,561473,132288.803,436917678.90215,0
1736510400000,3309.75,3315.96,3193.43,3243.70,1260730.298,1736524799999,4097013620.94200,1691403,624591.104,2029450673.68848,0
1736524800000,3243.69,3323.00,3230.18,3293.80,597122.705,1736539199999,1956141335.23579,1086721,304291.712,996517104.12923,0
1736539200000,3293.80,3293.80,3255.19,3265.52,176432.213,1736553599999,576705247.45104,395859,92661.533,302869469.36400,0
1736553600000,3265.51,3268.98,3230.01,3235.98,180637.121,1736567999999,586856978.85646,382133,83305.102,270685587.62919,0
1736568000000,3235.98,3249.50,3223.56,3234.66,152866.022,1736582399999,494802852.42110,313048,76637.469,248088282.13525,0
1736582400000,3234.66,3279.68,3217.36,3272.70,317779.465,1736596799999,1032494887.19997,463021,157367.050,511657558.99990,0
1736596800000,3272.69,3282.50,3256.97,3270.07,187501.190,1736611199999,613045387.03687,410401,92787.932,303384047.67071,0
1736611200000,3270.06,3283.17,3257.54,3277.47,141999.883,1736625599999,464420617.38804,368016,70145.669,229430188.19560,0
1736625600000,3277.46,3319.30,3274.61,3281.84,202024.150,1736639999999,665908822.90235,446985,97713.259,322090744.21729,0
1736640000000,3281.85,3290.35,3273.00,3285.27,98733.386,1736654399999,324039820.31269,279594,50284.144,165056912.17280,0
1736654400000,3285.27,3288.61,3262.00,3265.74,119890.329,1736668799999,392431185.86998,231662,58840.273,192599579.95783,0
1736668800000,3265.73,3270.60,3222.40,3251.78,372994.428,1736683199999,1209614299.86852,496392,181759.339,589473160.96137,0
1736683200000,3251.78,3294.91,3246.51,3284.39,322335.734,1736697599999,1053407376.18019,494293,163699.370,535158114.86046,0
1736697600000,3284.39,3299.00,3267.23,3279.12,189826.451,1736711999999,623268100.10721,364965,96101.844,315610164.18605,0
1736712000000,3279.11,3288.57,3232.58,3265.70,245076.152,1736726399999,797767113.78186,451480,114305.812,372122661.14369,0
1736726400000,3265.70,3338.32,3234.01,3241.14,753425.342,1736740799999,2474435352.84292,1063003,374217.960,1229479482.45947,0
1736740800000,3241.14,3259.77,3179.49,3200.53,526464.971,1736755199999,1691995744.62329,836106,241475.461,776348986.82909,0
1736755200000,3200.54,3205.00,3055.00,3056.82,1253297.471,1736769599999,3917868001.44929,1618866,559849.653,1751018397.04050,0
1736769600000,3056.81,3090.30,2900.00,3047.37,2183311.581,1736783999999,6613143441.55672,2503965,969683.420,2940723353.01160,0
1736784000000,3047.38,3058.80,2985.00,3023.97,803120.658,1736798399999,2424264052.08421,1266909,403297.517,1217339374.13261,0
1736798400000,3023.96,3142.28,3010.27,3136.14,587100.307,1736812799999,1817823162.84511,932223,306693.426,949483902.55763,0
1736812800000,3136.13,3174.23,3123.47,3157.58,360723.860,1736827199999,1135716759.21020,668141,189715.900,597499610.73312,0
1736827200000,3157.58,3189.00,3156.00,3170.39,309052.916,1736841599999,980283335.88038,454562,152770.291,484651040.82454,0
1736841600000,3170.39,3255.84,3168.02,3216.22,611908.825,1736855999999,1970114489.77494,845155,320232.919,1030904723.53074,0
1736856000000,3216.21,3232.99,3177.23,3197.87,773056.996,1736870399999,2476811743.56577,1094026,375188.689,1202231637.92132,0
1736870400000,3197.87,3235.00,3171.02,3212.80,431259.957,1736884799999,1381590975.82755,783381,217858.766,698118722.23100,0
1736884800000,3212.79,3239.46,3193.02,3223.99,228402.810,1736899199999,735160584.54514,458199,111520.400,358993590.56627,0
1736899200000,3223.99,3244.15,3203.40,3239.99,295811.449,1736913599999,953821652.42938,657843,147642.567,476179816.84528,0
1736913600000,3239.99,3251.69,3213.55,3231.30,282172.228,1736927999999,911853827.16879,459917,136112.461,439867499.15126,0
1736928000000,3231.30,3247.64,3185.33,3198.40,371300.983,1736942399999,1192870353.08736,591066,177078.238,568906985.71237,0
1736942400000,3198.41,3353.00,3185.09,3332.95,1142496.701,1736956799999,3752757302.33084,1538638,603120.924,1981315068.67004,0
1736956800000,3332.96,3442.08,3322.83,3433.76,715985.660,1736971199999,2415739347.75540,1033336,392121.285,1324197673.66989,0
1736971200000,3433.76,3472.93,3416.75,3449.80,484145.747,1736985599999,1666042402.89066,750600,248471.621,855116930.22351,0
1736985600000,3449.81,3458.99,3343.76,3362.10,514376.981,1736999999999,1745256505.58366,803135,219664.591,745427832.92040,0
1737000000000,3362.10,3389.89,3360.22,3382.42,227268.453,1737014399999,766910338.92230,385725,115154.677,388598209.63014,0
1737014400000,3382.42,3384.00,3297.70,3349.75,693450.315,1737028799999,2307667041.82187,906500,343156.355,1141745022.41797,0
1737028800000,3349.75,3364.06,3263.06,3332.00,967866.641,1737043199999,3203781001.36073,1379657,477984.130,1582045835.81574,0
1737043200000,3331.99,3365.00,3308.33,3343.36,472465.913,1737057599999,1577257372.81494,861331,231572.980,773226394.81310,0
1737057600000,3343.35,3352.77,3266.30,3306.94,383329.444,1737071999999,1267217484.85506,641225,184159.854,608824990.36939,0
1737072000000,3306.93,3396.65,3306.41,3360.00,554376.405,1737086399999,1863096719.15142,811059,284044.433,954415259.38445,0
1737086400000,3359.99,3389.11,3346.44,3371.36,273122.050,1737100799999,919508941.67168,434806,140710.749,473817125.41452,0
1737100800000,3371.37,3438.23,3370.83,3422.11,436415.184,1737115199999,1487627096.03055,719363,227962.202,777258818.82517,0
1737115200000,3422.11,3450.00,3390.00,3420.44,661244.494,1737129599999,2260914454.78708,1069706,316104.750,1081011168.43708,0
1737129600000,3420.44,3447.99,3406.00,3431.12,437664.723,1737143999999,1500168635.19603,792552,215604.384,739005777.69049,0
1737144000000,3431.12,3524.85,3424.14,3472.38,665873.616,1737158399999,2320897187.34157,936361,347504.478,1210830246.86067,0
1737158400000,3472.38,3492.95,3366.34,3382.79,489900.418,1737172799999,1681167741.02967,741660,211624.731,726845967.05528,0
1737172800000,3382.79,3394.62,3280.00,3286.42,931828.883,1737187199999,3100408775.88391,1302792,431384.452,1435663995.36923,0
1737187200000,3286.42,3323.74,3225.65,3310.54,1041662.209,1737201599999,3408169327.62331,1381403,519171.332,1699530756.27505,0
1737201600000,3310.54,3346.99,3272.72,3305.99,766603.486,1737215999999,2535803451.67161,1110547,376670.667,1246510599.73186,0
1737216000000,3305.99,3316.19,3246.72,3289.09,600054.463,1737230399999,1967113194.70239,1078412,296638.419,972818442.34000,0
1737230400000,3289.09,3320.97,3256.64,3306.70,260627.044,1737244799999,856254845.88357,536057,124218.799,408341335.07884,0
1737244800000,3306.71,3377.70,3297.70,3334.96,499968.097,1737259199999,1671684869.14041,860177,252723.997,845070929.66368,0
1737259200000,3334.96,3337.31,3258.17,3275.02,552398.945,1737273599999,1816915217.83487,935341,255399.918,839989412.92360,0
1737273600000,3275.02,3277.15,3129.63,3149.69,1233719.333,1737287999999,3937002949.78945,1829557,566248.715,1807192956.47228,0
1737288000000,3149.70,3425.99,3144.07,3383.66,2009905.192,1737302399999,6665539728.67183,2348110,1034113.495,3427473382.87591,0
1737302400000,3383.66,3449.77,3377.56,3419.84,656060.000,1737316799999,2241601217.74242,1131002,322741.122,1103002543.11459,0
1737316800000,3419.84,3432.98,3155.00,3214.15,1975076.538,1737331199999,6431181126.11661,2953341,916774.832,2983123773.49547,0
1737331200000,3214.16,3280.00,3141.25,3271.38,1213420.668,1737345599999,3893189367.68684,2148244,601007.999,1929101070.52639,0
1737345600000,3271.38,3455.76,3249.33,3383.33,1230989.383,1737359999999,4143550531.03537,1895385,599063.707,2016089162.33106,0
1737360000000,3383.33,3412.90,3333.99,3375.67,763237.745,1737374399999,2576425546.77265,1279221,374977.066,1266044703.78532,0
1737374400000,3375.68,3379.75,3255.00,3335.93,1212001.007,1737388799999,4031675145.38510,1985869,590700.367,1965313305.89227,0
1737388800000,3335.95,3391.39,3200.00,3342.93,1742868.973,1737403199999,5767739021.70700,2688633,859128.395,2844764437.43509,0
1737403200000,3342.95,3344.32,3255.01,3283.20,447017.078,1737417599999,1476507898.15060,1068936,210298.006,694611427.82852,0
1737417600000,3283.21,3289.47,3203.50,3262.23,632698.994,1737431999999,2054076787.29527,1467868,306591.632,995546065.31179,0
1737432000000,3262.24,3266.04,3210.09,3254.01,416201.919,1737446399999,1348023237.19122,1024139,204683.086,663061457.12021,0
1737446400000,3254.01,3313.29,3233.34,3304.39,425362.906,1737460799999,1395247934.68585,985382,215312.479,706323079.16540,0
1737460800000,3304.40,3334.98,3263.55,3294.15,681178.837,1737475199999,2247662949.57233,1261927,333703.679,1101392192.39373,0
1737475200000,3294.15,3367.95,3289.18,3331.74,583369.502,1737489599999,1942917070.21059,1153395,294938.797,982329418.66479,0
1737489600000,3331.74,3346.66,3301.00,3326.72,294744.237,1737503999999,978873760.73022,632997,143223.077,475657646.72935,0
1737504000000,3326.71,3365.97,3320.00,3330.48,283691.573,1737518399999,947105743.04520,625433,140527.015,469222402.24356,0
1737518400000,3330.48,3339.40,3285.82,3286.90,236504.831,1737532799999,782974308.68070,494649,107988.890,357599390.41594,0
1737532800000,3286.91,3329.52,3272.50,3325.53,275117.852,1737547199999,907179897.91565,507107,145714.350,480656142.39958,0
1737547200000,3325.52,3331.72,3266.01,3277.48,533789.749,1737561599999,1757813641.85046,891236,258043.710,849807558.21734,0
1737561600000,3277.47,3291.39,3237.01,3261.51,393415.014,1737575999999,1285978841.16732,677868,176249.829,576275766.01867,0
1737576000000,3261.51,3276.25,3220.82,3242.00,301551.844,1737590399999,979264631.04886,579878,145828.070,473686980.58792,0
1737590400000,3241.99,3261.10,3202.62,3225.99,341233.190,1737604799999,1102820491.34020,704514,159397.453,515245198.57118,0
1737604800000,3226.06,3232.43,3177.00,3232.07,325135.376,1737619199999,1043075629.23832,578408,153098.527,491357430.81790,0
1737619200000,3232.08,3232.43,3187.20,3212.79,275126.134,1737633599999,882284254.68360,534625,131211.325,420809186.68750,0
1737633600000,3212.79,3286.00,3188.53,3258.50,893550.014,1737647999999,2898517616.65151,1275096,443106.059,1437564836.73685,0
1737648000000,3258.51,3296.99,3192.63,3203.48,656087.372,1737662399999,2129948865.18543,1052434,311945.213,1013340780.37317,0
1737662400000,3203.48,3347.70,3195.51,3337.88,1044575.104,1737676799999,3415714512.91757,1554532,550568.257,1800880026.54552,0
1737676800000,3337.87,3349.75,3273.94,3301.20,456796.456,1737691199999,1509678987.84846,880541,217117.946,717600442.52024,0
1737691200000,3301.20,3420.74,3291.14,3380.58,668059.392,1737705599999,2253342819.53375,1031798,349749.093,1179347231.01872,0
1737705600000,3380.59,3416.00,3374.61,3398.68,334090.503,1737719999999,1135927368.36525,587478,171403.763,582809355.59692,0
1737720000000,3398.67,3429.99,3353.54,3382.62,619533.812,1737734399999,2101956398.56387,954244,297675.445,1010411825.67962,0
1737734400000,3382.61,3408.51,3362.94,3367.25,390516.557,1737748799999,1321902981.65417,693225,185844.087,629220051.17590,0
1737748800000,3367.26,3377.56,3302.01,3308.62,444001.208,1737763199999,1479690642.87818,708362,202720.937,675839372.33975,0
1737763200000,3308.61,3324.18,3266.53,3318.00,353236.079,1737777599999,1164025454.17823,636465,179299.123,591096501.42114,0
1737777600000,3318.01,3318.59,3281.70,3289.78,195084.834,1737791999999,642850091.93238,365796,93581.663,308375629.98961,0
1737792000000,3289.79,3310.60,3270.00,3305.50,233267.509,1737806399999,767367432.04557,373120,119750.789,394155411.67260,0
1737806400000,3305.51,3343.83,3292.36,3332.87,286347.313,1737820799999,950152164.30980,446569,141702.101,470190868.76088,0
1737820800000,3332.88,3348.84,3328.70,3338.72,197427.132,1737835199999,659004473.33964,412117,97572.031,325745946.02514,0
1737835200000,3338.71,3349.80,3313.11,3317.91,148362.778,1737849599999,494341083.43512,313013,66636.636,222112141.12464,0
1737849600000,3317.91,3349.38,3312.37,3337.47,161804.423,1737863999999,538354667.76262,314182,84679.079,281755676.54570,0
1737864000000,3337.46,3363.00,3328.41,3337.52,169148.270,1737878399999,565884156.32245,322504,86811.262,290493871.85380,0
1737878400000,3337.52,3342.41,3290.68,3310.45,293992.118,1737892799999,973322372.72197,418429,135314.350,447993973.49212,0
1737892800000,3310.45,3319.94,3295.48,3313.61,180972.317,1737907199999,598350291.79243,303151,94918.913,313832186.81617,0
1737907200000,3313.61,3344.26,3305.65,3337.51,237997.087,1737921599999,792435755.55800,347686,127720.340,425393636.58426,0
1737921600000,3337.51,3341.34,3226.57,3230.50,550724.677,1737935999999,1801792053.06619,783527,246719.415,807068884.54077,0
1737936000000,3230.50,3253.19,3158.87,3182.11,774992.104,1737950399999,2479313480.79982,1396341,358110.419,1146001652.57694,0
1737950400000,3182.11,3182.11,3020.17,3069.13,1248919.676,1737964799999,3868165033.52090,1696246,572644.016,1773070667.94887,0
1737964800000,3069.12,3089.00,3032.40,3057.48,609488.084,1737979199999,1865193212.43213,1154809,299110.457,915463667.65646,0
1737979200000,3057.49,3150.81,3051.96,3132.04,958372.141,1737993599999,2981110944.63835,1446652,477089.024,1484173354.13305,0
1737993600000,3132.04,3132.04,3043.53,3074.88,627107.500,1738007999999,1933780093.35724,1119023,301265.023,928976377.34472,0
1738008000000,3074.87,3238.00,3071.78,3180.99,720115.775,1738022399999,2276369473.03441,1083545,354693.437,1121143435.53218,0
1738022400000,3181.00,3217.00,3150.26,3201.47,380872.154,1738036799999,1213032435.85228,696954,192085.135,611896955.69397,0
1738036800000,3201.47,3221.98,3187.51,3194.62,282992.631,1738051199999,907382958.50256,501184,138694.774,444757527.05447,0
1738051200000,3194.63,3206.71,3175.00,3185.21,247037.689,1738065599999,788593242.09132,443170,115572.597,369014803.06509,0
1738065600000,3185.21,3215.79,3154.28,3180.15,460464.952,1738079999999,1463504160.42524,813264,225376.760,716498829.29838,0
1738080000000,3180.15,3181.81,3120.10,3146.55,517181.364,1738094399999,1631258952.77796,888380,242781.355,765899025.45789,0
1738094400000,3146.54,3154.34,3038.00,3075.96,703024.749,1738108799999,2168176365.26177,1066597,336630.057,1038568348.22532,0
1738108800000,3075.96,3131.71,3075.18,3129.10,302685.525,1738123199999,941065193.36019,559713,153868.620,478403589.37687,0
1738123200000,3129.10,3158.79,3115.00,3155.64,264201.741,1738137599999,828601901.31700,427262,137138.212,430263433.51107,0
1738137600000,3155.65,3163.39,3117.53,3133.63,251892.396,1738151999999,790381131.88168,436959,116406.180,365271977.98617,0
1738152000000,3133.64,3138.95,3078.93,3099.69,506099.966,1738166399999,1571233868.55315,792018,241903.534,750910858.24422,0
1738166400000,3099.68,3153.92,3052.88,3125.08,884382.592,1738180799999,2745593267.50723,1307624,440187.494,1366697857.72827,0
1738180800000,3125.08,3180.93,3088.74,3112.55,654204.389,1738195199999,2050697725.48357,1087569,310944.210,974927863.84504,0
1738195200000,3112.54,3202.68,3089.00,3200.30,432169.163,1738209599999,1359449134.83984,668451,234020.921,737000793.73709,0
1738209600000,3200.29,3214.85,3177.00,3189.54,339248.953,1738223999999,1083381307.66758,532855,168562.235,538317752.58927,0
1738224000000,3189.55,3228.99,3180.00,3221.16,304385.435,1738238399999,977139563.27855,499761,160659.378,515742613.21906,0
1738238400000,3221.16,3279.99,3207.86,3254.39,720323.171,1738252799999,2342862414.41242,1047941,362524.915,1178952015.90318,0
1738252800000,3254.40,3282.60,3246.04,3270.07,340497.132,1738267199999,1111897040.78819,605866,159954.225,522444738.86936,0
1738267200000,3270.08,3271.83,3225.25,3245.86,338753.720,1738281599999,1099963884.68750,507981,166483.745,540737543.55498,0
1738281600000,3245.86,3279.72,3219.75,3229.54,343126.650,1738295999999,1115180659.98075,593603,164185.890,533782276.91698,0
1738296000000,3229.54,3276.65,3212.31,3239.99,356318.684,1738310399999,1155911779.77431,546746,184787.899,599522172.30483,0
1738310400000,3240.00,3337.77,3232.05,3334.22,608633.085,1738324799999,2000230417.54840,837685,344503.946,1132668440.65532,0
1738324800000,3334.22,3427.80,3324.00,3426.21,1036268.528,1738339199999,3489348694.40047,1442791,542219.204,1826223727.23240,0
1738339200000,3426.21,3436.39,3292.16,3337.30,1178257.863,1738353599999,3956716154.25320,1498831,590349.554,1982422519.68651,0
1738353600000,3337.31,3337.31,3277.01,3299.50,607680.104,1738367999999,2007618887.79500,985673,289465.350,956379130.60674,0
1738368000000,3299.50,3330.82,3281.82,3291.01,310073.857,1738382399999,1025692671.16889,568433,150907.057,499179319.54057,0
1738382400000,3291.02,3305.87,3271.00,3278.99,233707.755,1738396799999,768864887.47708,408703,113472.344,373385045.41740,0
1738396800000,3279.00,3285.48,3222.31,3250.54,525352.596,1738411199999,1706857524.28612,811294,244087.426,793048415.26784,0
1738411200000,3250.54,3272.00,3227.00,3249.40,357170.055,1738425599999,1160718558.54921,592046,179899.758,584654041.93555,0
1738425600000,3249.40,3266.00,3177.07,3195.18,491784.016,1738439999999,1585272316.10238,765013,228002.269,735482640.86818,0
1738440000000,3195.18,3196.06,3100.67,3116.22,715520.433,1738454399999,2251945425.35944,1156596,349468.439,1100114238.66331,0
1738454400000,3116.23,3161.86,3066.83,3076.48,617731.577,1738468799999,1922921464.30278,967946,302861.633,943286553.95946,0
1738468800000,3076.48,3138.20,3072.84,3099.88,487613.548,1738483199999,1514555321.40299,816822,232040.188,720752678.60707,0
1738483200000,3099.87,3122.99,3050.00,3063.49,565024.864,1738497599999,1746256112.18175,809236,255977.267,791589745.11154,0
1738497600000,3063.50,3100.36,3049.01,3079.48,585822.041,1738511999999,1800428028.43488,989066,266791.068,820236066.14230,0
1738512000000,3079.48,3080.38,2889.97,2957.76,2183867.866,1738526399999,6497658144.96503,2628917,1014687.221,3018512002.07246,0
1738526400000,2957.76,2987.32,2736.01,2868.05,1948736.206,1738540799999,5573428212.20578,2322535,868784.199,2486632289.89896,0
1738540800000,2868.06,2871.80,2080.19,2525.33,5243093.308,1738555199999,13416778380.65232,5335472,2361400.534,6047553414.04109,0
1738555200000,2525.36,2629.91,2445.31,2619.27,1475372.405,1738569599999,3712562057.17837,2479590,694893.106,1750063060.45569,0
1738569600000,2619.27,2619.58,2523.56,2579.43,1468837.515,1738583999999,3788145031.38109,1921503,687241.800,1772419771.72894,0
1738584000000,2579.43,2725.80,2526.68,2698.75,2625991.935,1738598399999,6879972496.17663,2787923,1305711.304,3424537726.02503,0
1738598400000,2698.75,2768.87,2665.06,2762.26,1277480.193,1738612799999,3467239674.37710,1804130,653971.505,1775996291.00959,0
1738612800000,2762.39,2919.34,2693.62,2878.69,1512965.282,1738627199999,4257665295.92016,1976920,777339.918,2186559810.49921,0
1738627200000,2878.68,2888.80,2791.03,2809.42,644590.349,1738641599999,1829449491.73446,1206365,297258.111,843808634.10105,0
1738641600000,2809.42,2835.75,2661.22,2702.36,1415418.108,1738655999999,3849594840.00907,1927024,682510.709,1856531955.33927,0
1738656000000,2702.36,2787.83,2675.28,2756.95,821336.139,1738670399999,2241745462.88862,1281688,412054.769,1124525255.03679,0
1738670400000,2756.95,2844.68,2727.04,2775.60,1382312.445,1738684799999,3864958343.40208,1904856,686914.111,1920587251.33706,0
1738684800000,2775.61,2868.30,2762.17,2768.85,938987.688,1738699199999,2641685913.15960,1324312,463387.698,1304038255.91939,0
1738699200000,2769.01,2792.93,2630.50,2730.03,1391126.310,1738713599999,3759692998.44419,1792188,666801.216,1803185104.26064,0
1738713600000,2730.06,2771.58,2697.95,2718.95,567330.366,1738727999999,1549043581.99607,1053478,285280.894,779282126.09602,0
1738728000000,2718.93,2787.23,2707.14,2758.17,639824.530,1738742399999,1758823599.68882,965877,324454.954,891906121.59070,0
1738742400000,2758.17,2817.98,2745.04,2798.58,613566.253,1738756799999,1704475769.22932,964030,305837.777,849891601.26040,0
1738756800000,2798.59,2827.98,2756.07,2772.12,751510.470,1738771199999,2096832295.33248,1207381,380436.234,1061445256.95124,0
1738771200000,2772.11,2787.34,2713.05,2774.50,912187.088,1738785599999,2507202908.65247,1364415,464708.296,1277673745.87636,0
1738785600000,2774.50,2802.64,2736.29,2787.00,580471.841,1738799999999,1608553282.38947,1027704,292541.992,810763976.04930,0
1738800000000,2787.00,2818.45,2753.65,2805.17,430202.488,1738814399999,1201611818.41235,908978,219303.387,612533830.29467,0
1738814400000,2805.18,2854.95,2804.76,2830.41,374849.388,1738828799999,1061383981.72197,707819,192517.424,545142658.64194,0
1738828800000,2830.40,2857.43,2790.72,2802.02,554419.090,1738843199999,1566455269.52421,931628,251937.357,712183592.62658,0
1738843200000,2802.02,2805.84,2680.32,2704.25,1060374.119,1738857599999,2919171346.97929,1528648,505444.750,1392292164.97606,0
1738857600000,2704.26,2726.09,2668.03,2689.00,788662.933,1738871999999,2130588645.16195,1281483,397620.812,1074480349.41049,0
1738872000000,2688.91,2724.48,2650.00,2685.25,469014.336,1738886399999,1262207481.59604,806971,230424.274,620371038.20351,0
1738886400000,2685.26,2738.99,2678.00,2714.46,398087.059,1738900799999,1079024984.08326,809523,203533.045,551755533.64681,0
1738900800000,2714.47,2730.56,2666.70,2711.63,422940.897,1738915199999,1143496675.00019,742552,205524.623,555830668.14754,0
1738915200000,2711.63,2763.88,2703.69,2761.34,367396.576,1738929599999,1005805598.68981,651524,182780.622,500536194.11021,0
1738929600000,2761.34,2796.12,2707.66,2720.33,1224803.892,1738943999999,3372995247.55644,1474978,593488.603,1635138448.71473,0
1738944000000,2720.34,2728.83,2654.17,2657.82,755885.503,1738958399999,2031328376.41053,1155641,371433.215,998365622.68151,0
1738958400000,2657.81,2660.79,2560.68,2620.66,900566.348,1738972799999,2341914943.25468,1273409,449513.053,1168760733.75689,0
1738972800000,2620.66,2667.15,2614.22,2640.62,441432.361,1738987199999,1165697912.81760,732151,215258.038,568446700.23618,0
1738987200000,2640.62,2647.90,2592.72,2628.33,415632.693,1739001599999,1089829559.34307,628866,195351.149,512291089.28008,0
1739001600000,2628.33,2631.68,2600.33,2612.09,271229.988,1739015999999,709183571.22621,511563,128169.659,335142532.35152,0
1739016000000,2612.10,2635.68,2587.05,2604.06,371087.348,1739030399999,968538158.61918,717629,182014.499,475168638.83356,0
1739030400000,2604.06,2648.83,2588.43,2636.16,305316.541,1739044799999,800503693.46015,640124,158740.626,416301286.88164,0
1739044800000,2636.16,2644.33,2621.98,2630.99,137861.995,1739059199999,363166884.07697,342823,64460.923,169822063.37898,0
1739059200000,2630.99,2698.00,2625.35,2677.16,354609.467,1739073599999,941867931.54541,553315,203622.548,541266984.52212,0
1739073600000,2677.12,2677.88,2648.00,2661.30,187350.750,1739087999999,498669095.56427,387719,90249.210,240240114.18078,0
1739088000000,2661.30,2672.41,2650.11,2653.88,184436.257,1739102399999,490935252.08335,392523,87183.985,232097473.58399,0
1739102400000,2653.88,2660.90,2610.00,2651.91,487954.855,1739116799999,1286770141.57666,728220,239814.619,632432290.23008,0
1739116800000,2651.92,2665.78,2615.41,2622.71,268252.294,1739131199999,708867902.93537,507382,133124.802,351787545.54591,0
1739131200000,2622.70,2649.80,2518.12,2626.07,999519.554,1739145599999,2589967584.90632,1260552,465198.535,1206075903.02242,0
1739145600000,2626.07,2657.73,2556.91,2624.72,760481.765,1739159999999,1983306363.99799,1170625,355734.160,927942703.81109,0
1739160000000,2624.72,2659.92,2617.19,2636.00,309901.964,1739174399999,816405937.88398,596919,162922.525,429272804.93607,0
1739174400000,2636.00,2661.12,2633.42,2652.25,321598.039,1739188799999,851339409.54722,555660,165764.256,438872798.06894,0
1739188800000,2652.24,2685.65,2630.00,2657.31,659874.396,1739203199999,1752093952.09149,929848,326634.068,867661808.61833,0
1739203200000,2657.31,2692.99,2648.66,2670.87,465184.993,1739217599999,1242239821.25177,731444,232575.460,621155727.73038,0
1739217600000,2670.87,2685.44,2650.10,2659.99,193602.296,1739231999999,515999635.58473,386485,91844.647,244826119.47266,0
1739232000000,2659.99,2724.49,2659.36,2677.71,502164.189,1739246399999,1351004966.25631,763661,260625.703,701373897.09699,0
1739246400000,2677.71,2723.99,2675.00,2710.68,411348.141,1739260799999,1112642421.76441,644206,217934.855,589445013.34668,0
1739260800000,2710.67,2720.54,2690.00,2707.32,353774.378,1739275199999,956958346.11655,541247,175254.674,474127318.63861,0
1739275200000,2707.31,2709.05,2624.11,2661.16,793420.929,1739289599999,2111415942.31496,1060736,373217.531,992956720.35019,0
1739289600000,2661.16,2669.69,2580.83,2588.46,697247.970,1739303999999,1828900293.84518,1006373,336275.465,882272333.29135,0
1739304000000,2588.45,2630.69,2552.88,2601.03,588378.347,1739318399999,1530330723.75603,846670,299137.393,778206904.15603,0
1739318400000,2601.03,2623.40,2566.90,2586.01,371405.566,1739332799999,964850096.30798,667999,178755.365,464424996.26146,0
1739332800000,2586.00,2622.69,2575.97,2617.27,299794.613,1739347199999,780118767.76494,552790,158857.261,413424073.78869,0
1739347200000,2617.26,2638.86,2609.07,2625.94,436799.675,1739361599999,1146335695.32270,621617,224483.094,589164823.02284,0
1739361600000,2625.95,2664.68,2542.21,2605.99,1508857.466,1739375999999,3918314080.42749,1925653,748319.544,1943986473.29053,0
1739376000000,2606.00,2682.87,2582.00,2677.17,787210.757,1739390399999,2084064757.70363,1172449,410229.996,1085964774.03089,0
1739390400000,2677.17,2794.99,2668.28,2737.14,895653.816,1739404799999,2445138017.56542,1167617,473314.114,1291586332.90814,0
1739404800000,2737.14,2756.51,2714.83,2743.54,341314.086,1739419199999,934004969.16644,625865,172485.058,472026214.56835,0
1739419200000,2743.54,2745.02,2670.50,2680.13,472519.965,1739433599999,1276844108.47366,732076,228092.970,616384869.32328,0
1739433600000,2680.12,2687.60,2649.40,2654.70,476981.002,1739447999999,1273214532.89365,693389,221620.990,591628883.93396,0
1739448000000,2654.70,2677.83,2612.08,2646.27,823485.526,1739462399999,2179789346.53798,1241516,395388.605,1047016580.92107,0
1739462400000,2646.28,2661.23,2610.72,2639.75,500471.287,1739476799999,1318471535.55574,870004,246045.386,648345259.02721,0
1739476800000,2639.75,2678.92,2639.15,2674.52,249732.351,1739491199999,664958396.98855,437422,123913.978,329937196.41645,0
1739491200000,2674.52,2720.70,2662.97,2714.00,334566.337,1739505599999,899676540.99447,570545,179067.773,481537102.84797,0
1739505600000,2713.99,2715.31,2688.02,2698.00,218681.226,1739519999999,590375735.42912,378210,106347.131,287113159.25757,0
1739520000000,2698.01,2715.76,2681.08,2684.00,331889.308,1739534399999,896798355.03548,510651,166297.294,449485394.44368,0
1739534400000,2684.00,2746.60,2676.33,2733.34,666728.627,1739548799999,1804921723.85376,883326,350748.104,949768816.83702,0
1739548800000,2733.35,2791.00,2708.25,2736.68,737787.400,1739563199999,2030294539.53185,1094860,369365.926,1016620072.79111,0
1739563200000,2736.69,2750.00,2704.23,2724.74,423033.093,1739577599999,1154508759.67005,666723,210863.003,575596264.14672,0
1739577600000,2724.75,2738.00,2702.45,2723.21,210787.647,1739591999999,573801789.52212,406637,108088.537,294232995.96372,0
1739592000000,2723.20,2732.73,2692.20,2696.37,219093.998,1739606399999,593934946.65212,372908,108577.691,294411152.80729,0
1739606400000,2696.36,2713.82,2694.12,2706.91,187621.713,1739620799999,507184814.13442,345301,92571.825,250264791.63439,0
1739620800000,2706.91,2712.99,2655.31,2689.86,340735.238,1739635199999,916976278.74685,539399,155855.396,419782199.35756,0
1739635200000,2689.85,2707.49,2677.35,2690.40,197199.114,1739649599999,530871614.00050,381518,98867.795,266198348.15186,0
1739649600000,2690.41,2703.40,2677.48,2691.73,131141.803,1739663999999,352868668.70725,264230,65013.388,174928354.56736,0
1739664000000,2691.74,2705.00,2686.00,2697.89,130959.091,1739678399999,352856753.99984,260497,66053.277,177990201.58111,0
1739678400000,2697.90,2726.27,2689.12,2694.39,244267.196,1739692799999,660978701.97128,361920,124993.651,338307880.05306,0
1739692800000,2694.39,2711.87,2688.00,2709.75,211456.532,1739707199999,570993811.15589,329992,100763.390,272153104.54855,0
1739707200000,2709.75,2711.45,2674.61,2692.96,310708.628,1739721599999,836524733.51386,504124,147042.193,395879603.36821,0
1739721600000,2692.96,2702.70,2658.00,2682.28,297187.350,1739735999999,796206687.38249,469721,144435.313,387061854.61892,0
1739736000000,2682.28,2688.53,2643.75,2660.00,300164.793,1739750399999,800645228.29302,482902,147880.479,394513316.43489,0
1739750400000,2660.01,2683.20,2655.91,2670.83,202667.845,1739764799999,540920314.25869,426632,99870.268,266580373.59655,0
1739764800000,2670.83,2694.76,2632.81,2680.47,431187.175,1739779199999,1150857120.93759,675853,211936.455,565866603.23705,0
1739779200000,2680.48,2773.93,2675.39,2753.93,839651.322,1739793599999,2296233487.47220,1200573,452440.381,1236654564.43549,0
1739793600000,2753.94,2848.76,2745.00,2754.74,1310627.917,1739807999999,3661034974.61849,1603738,682688.288,1907701964.78810,0
1739808000000,2754.73,2764.28,2685.48,2716.38,966284.750,1739822399999,2634543934.81984,1377055,464729.377,1267390146.84414,0
1739822400000,2716.37,2777.20,2714.95,2743.00,364073.160,1739836799999,1000072890.91879,659206,182120.594,500231987.27205,0
1739836800000,2742.99,2755.85,2706.09,2710.75,360308.454,1739851199999,981658951.69809,657853,184977.364,503997287.95591,0
1739851200000,2710.75,2716.86,2650.31,2671.01,638482.338,1739865599999,1709178613.63450,1054848,308775.323,826727508.61615,0
1739865600000,2671.00,2705.45,2651.42,2678.14,473428.864,1739879999999,1269966875.24510,741461,219325.045,588576782.19384,0
1739880000000,2678.13,2731.74,2656.84,2672.38,768086.902,1739894399999,2068426348.43498,1147132,384970.499,1036969462.38247,0
1739894400000,2672.38,2683.82,2604.18,2628.80,953451.105,1739908799999,2511465937.45267,1354683,464938.959,1224683075.90159,0
1739908800000,2628.87,2671.00,2616.88,2670.57,385829.819,1739923199999,1021631303.81892,688340,196631.043,520610764.44137,0
1739923200000,2670.56,2699.12,2654.82,2692.94,332333.658,1739937599999,889670385.14440,622354,158833.687,425307716.74018,0
1739937600000,2692.95,2716.62,2663.00,2707.00,411993.917,1739951999999,1108691841.72656,651711,204438.868,550337318.45623,0
1739952000000,2707.00,2736.12,2703.20,2725.99,434409.489,1739966399999,1182199745.41624,649609,213435.197,580882820.86927,0
1739966400000,2726.00,2730.62,2675.79,2695.59,608006.541,1739980799999,1643946145.51036,931233,305629.516,826325426.12071,0
1739980800000,2695.59,2723.49,2693.19,2710.81,351325.943,1739995199999,951125447.62147,640187,178759.697,483978968.53799,0
1739995200000,2710.81,2735.00,2704.66,2714.06,266494.933,1740009599999,724602100.61730,510009,135310.522,367914695.71570,0
1740009600000,2714.06,2750.00,2708.21,2740.22,345072.582,1740023999999,942000123.51589,583230,184239.056,502997040.74294,0
1740024000000,2740.36,2758.53,2721.00,2728.88,295516.074,1740038399999,808463755.92255,454843,157426.021,430817655.19306,0
1740038400000,2728.87,2746.00,2723.72,2739.35,210223.414,1740052799999,574659196.10267,358641,104731.804,286327263.11802,0
1740052800000,2739.36,2770.50,2706.00,2711.25,747277.331,1740067199999,2047298871.63263,1001078,363827.777,997256668.79571,0
1740067200000,2711.24,2767.57,2705.64,2746.43,538281.000,1740081599999,1471152842.71025,769181,268141.116,732814747.76144,0
1740081600000,2746.43,2759.96,2720.71,2736.87,227283.901,1740095999999,622452144.42929,440044,114085.146,312433153.36775,0
1740096000000,2736.86,2748.76,2724.15,2743.15,211134.832,1740110399999,578117334.43912,392897,97659.852,267431786.39725,0
1740110400000,2743.16,2768.93,2743.15,2754.99,241653.963,1740124799999,665815889.84314,407661,127073.132,350151166.22832,0
1740124800000,2754.99,2830.88,2746.55,2787.20,791277.979,1740139199999,2208349335.99692,1016139,414368.945,1156397241.74144,0
1740139200000,2787.20,2845.00,2666.15,2722.25,2090338.609,1740153599999,5788922929.86484,2221291,1016999.352,2817563762.32313,0
1740153600000,2722.25,2768.24,2624.24,2638.47,1959737.591,1740167999999,5283941047.20657,2295198,930049.693,2508262752.32489,0
1740168000000,2638.48,2662.13,2614.76,2660.85,708165.039,1740182399999,1870553058.07599,1068362,358253.522,946426787.83763,0
1740182400000,2660.86,2687.44,2651.24,2673.91,404571.336,1740196799999,1081821913.15387,689077,201156.130,537974794.25913,0
1740196800000,2673.91,2696.29,2671.37,2682.80,234189.080,1740211199999,628743653.50490,439464,115097.997,309053236.42971,0
1740211200000,2682.81,2753.06,2675.16,2731.91,646805.563,1740225599999,1761179375.51810,855756,346859.968,944262636.97783,0
1740225600000,2731.91,2785.00,2720.76,2774.62,501060.788,1740239999999,1375239438.01416,685779,281070.562,771938126.82321,0
1740240000000,2774.61,2797.21,2755.55,2769.12,549846.776,1740254399999,1527715070.17096,836803,268324.630,745659194.69522,0
1740254400000,2769.13,2777.30,2758.00,2762.01,169198.152,1740268799999,468220739.73755,317554,84522.658,233916630.27313,0
1740268800000,2762.00,2774.60,2743.62,2751.68,268591.647,1740283199999,740399184.99144,459563,134974.809,372087639.29403,0
1740283200000,2751.68,2828.50,2745.11,2823.64,614485.451,1740297599999,1715794397.90947,819530,333535.309,931527559.58974,0
1740297600000,2823.64,2831.00,2781.18,2796.42,557163.560,1740311999999,1563016600.39944,700230,270223.160,758205160.50845,0
1740312000000,2796.42,2826.11,2771.85,2781.75,733998.490,1740326399999,2053307655.96500,951032,369925.946,1035006724.00137,0
1740326400000,2781.76,2823.24,2781.04,2806.77,407157.966,1740340799999,1143356236.05470,640154,212315.910,596262968.22297,0
1740340800000,2806.76,2860.90,2783.74,2818.54,523608.593,1740355199999,1475366274.29585,671659,289530.326,816377382.88576,0
1740355200000,2818.54,2839.00,2710.00,2716.56,876127.626,1740369599999,2427199168.28127,1311774,405856.408,1124531839.90012,0
1740369600000,2716.57,2734.68,2691.07,2720.41,724480.767,1740383999999,1966627977.90095,991770,362150.536,983162569.37538,0
1740384000000,2720.42,2721.01,2662.00,2688.69,913050.519,1740398399999,2454950782.98729,1086400,424190.575,1140531188.61270,0
1740398400000,2688.69,2695.75,2633.51,2657.59,1041831.876,1740412799999,2777247053.81844,1306268,503296.802,1341795161.60575,0
1740412800000,2657.59,2681.61,2621.00,2640.21,667869.312,1740427199999,1773553787.33993,982164,315040.759,836952800.05973,0
1740427200000,2640.21,2662.71,2466.34,2512.27,1667804.361,1740441599999,4278485827.60087,1830012,748551.350,1921672382.34341,0
1740441600000,2512.26,2529.40,2456.75,2493.83,1265913.627,1740455999999,3161148610.57634,1713918,625216.634,1561623489.69647,0
1740456000000,2493.84,2511.85,2287.13,2366.83,2062087.137,1740470399999,4977780440.93944,2032323,946904.932,2287706394.11592,0
1740470400000,2366.83,2438.25,2355.36,2432.39,1661065.475,1740484799999,3972992354.86825,2059512,851078.357,2036410083.31712,0
1740484800000,2432.38,2448.00,2360.65,2408.99,1513088.709,1740499199999,3635983279.43035,1862793,757679.473,1820956808.46887,0
1740499200000,2409.00,2472.47,2382.39,2470.47,996057.215,1740513599999,2411192072.70231,1425354,507139.991,1228201457.35631,0
1740513600000,2470.46,2532.89,2456.15,2494.45,708371.505,1740527999999,1769606402.53948,1024402,351664.718,878562652.76419,0
1740528000000,2494.46,2506.45,2470.33,2489.78,440793.245,1740542399999,1096503650.02246,744506,218034.858,542421162.76119,0
1740542400000,2489.78,2505.76,2473.99,2482.67,385082.229,1740556799999,958474318.05707,606610,195442.687,486488137.02501,0
1740556800000,2482.66,2494.62,2456.66,2463.71,492758.787,1740571199999,1219241980.44243,743728,243138.658,601510382.66901,0
1740571200000,2463.71,2465.93,2368.29,2427.70,1600654.670,1740585599999,3874910272.17775,1886744,775890.193,1878376713.10776,0
1740585600000,2427.70,2433.50,2264.00,2295.46,2309818.829,1740599999999,5387630678.82832,2364313,1102767.827,2572030132.18597,0
1740600000000,2295.45,2382.77,2252.78,2335.33,1367061.718,1740614399999,3172985417.47895,1734696,684443.865,1589371721.56185,0
1740614400000,2335.34,2370.36,2314.66,2331.01,588327.102,1740628799999,1376861485.06158,1093877,297302.880,695947678.75991,0
1740628800000,2331.00,2373.16,2302.01,2355.38,653206.286,1740643199999,1527075843.22957,976277,326771.677,764130475.20374,0
1740643200000,2355.38,2381.44,2342.20,2352.76,572537.511,1740657599999,1352012127.85589,858660,288378.932,681193321.16366,0
1740657600000,2352.77,2361.53,2289.67,2322.32,1062078.129,1740671999999,2476014286.40752,1506257,519485.638,1211303768.73732,0
1740672000000,2322.32,2336.96,2277.00,2291.20,752813.632,1740686399999,1738497635.67881,1201990,373887.018,863443271.62517,0
1740686400000,2291.20,2310.97,2229.00,2306.66,945125.104,1740700799999,2143117151.30360,1222641,471307.087,1069127316.08198,0
1740700800000,2306.65,2313.24,2122.18,2146.41,2628166.564,1740715199999,5772294107.02910,2461418,1237955.555,2718537640.44678,0
1740715200000,2146.42,2155.86,2070.00,2104.89,2150017.597,1740729599999,4547869103.90312,2427743,1039593.371,2199661510.33415,0
1740729600000,2104.88,2151.06,2074.61,2124.47,1268381.598,1740743999999,2686589374.16685,1619302,644692.963,1365469864.95034,0
1740744000000,2124.44,2227.77,2103.80,2221.64,1829509.223,1740758399999,3959782058.09790,1887595,926878.304,2005756291.90389,0
1740758400000,2221.64,2255.40,2192.56,2229.34,995160.674,1740772799999,2211470043.38120,1182514,496765.698,1104143629.59503,0
1740772800000,2229.41,2238.66,2197.35,2236.59,440740.088,1740787199999,977766245.40200,650382,221029.819,490383838.85975,0
1740787200000,2236.59,2274.34,2211.79,2261.69,551747.784,1740801599999,1239809571.68274,825183,289899.779,651770824.63881,0
1740801600000,2261.60,2279.75,2223.20,2228.15,503160.301,1740815999999,1132478903.69062,688527,242812.826,546574981.24010,0
1740816000000,2228.15,2238.77,2170.20,2183.28,657196.417,1740830399999,1450464285.04395,800260,307390.250,678627177.01550,0
1740830400000,2183.28,2186.60,2141.17,2172.34,765659.699,1740844799999,1657260917.80858,1019107,379599.843,821719556.55529,0
1740844800000,2172.34,2233.69,2168.17,2222.13,571970.677,1740859199999,1258849710.83611,865191,299730.576,659639826.79800,0
1740859200000,2222.12,2234.99,2190.00,2216.60,423229.171,1740873599999,937077655.39244,673737,206090.395,456423307.25742,0
1740873600000,2216.59,2230.34,2200.11,2219.40,407301.301,1740887999999,902674449.55240,724242,202817.538,449517666.47071,0
1740888000000,2219.39,2234.77,2217.10,2220.24,345510.503,1740902399999,769026371.20115,532153,182083.724,405320890.82125,0
1740902400000,2220.23,2260.61,2206.65,2237.75,593418.306,1740916799999,1326848959.26458,734844,296415.036,662974930.88223,0
1740916800000,2237.76,2290.63,2170.09,2229.02,1794409.963,1740931199999,4000780149.36435,1671674,866953.707,1933851267.56511,0
1740931200000,2229.02,2519.99,2211.68,2485.01,4096799.268,1740945599999,9915642256.67613,3579310,2098039.788,5073285249.31600,0
1740945600000,2485.00,2550.00,2478.76,2517.12,947758.141,1740959999999,2383776792.26379,1382214,461939.410,1162333347.87152,0
1740960000000,2517.12,2522.84,2417.60,2440.19,892611.631,1740974399999,2194710276.89143,1253423,423421.983,1040922211.50486,0
1740974400000,2440.19,2457.08,2351.67,2385.85,887675.086,1740988799999,2127596682.35548,1050491,426488.074,1022439390.34940,0
1740988800000,2385.85,2386.99,2321.00,2355.23,839464.496,1741003199999,1973555701.81512,1120855,411490.400,967404349.74856,0
1741003200000,2355.22,2388.44,2265.84,2286.33,1683642.522,1741017599999,3911922107.23692,1771497,808240.431,1878850005.94508,0
1741017600000,2286.32,2295.88,2094.76,2108.27,2251411.477,1741031999999,4974478310.38447,2292058,1066996.441,2359867015.72643,0
1741032000000,2108.28,2172.71,2095.12,2148.22,1211305.911,1741046399999,2581292631.49120,1445716,627163.667,1336881078.44361,0
1741046400000,2148.21,2166.21,2001.09,2073.55,2168558.257,1741060799999,4492174352.94726,2175771,1024011.216,2120933520.33417,0
1741060800000,2073.55,2121.32,2067.28,2079.67,848604.318,1741075199999,1774448006.16633,1133687,411149.829,860114392.68968,0
1741075200000,2079.67,2117.44,2069.43,2100.37,666827.865,1741089599999,1397539536.93138,1006778,348865.792,731227837.52478,0
1741089600000,2100.37,2158.19,2024.50,2073.79,2297228.441,1741103999999,4788404375.51088,2265857,1143860.148,2385279974.75286,0
1741104000000,2073.78,2174.00,1979.99,2171.68,2048958.980,1741118399999,4285503182.09009,1994396,1026345.118,2149376911.25850,0
1741118400000,2171.67,2221.77,2125.60,2170.51,1120998.341,1741132799999,2434549957.00384,1163745,580384.061,1260307834.59029,0
1741132800000,2170.51,2192.00,2153.70,2159.70,531658.427,1741147199999,1155398427.18919,922741,258124.208,561061644.06202,0
1741147200000,2159.72,2212.29,2156.93,2206.02,447278.913,1741161599999,977212547.91253,710071,247166.671,540238355.32831,0
1741161600000,2206.02,2272.94,2203.50,2216.60,1185649.613,1741175999999,2652896898.14620,1344639,564907.651,1264412033.95204,0
1741176000000,2216.60,2232.00,2165.30,2185.61,1168834.985,1741190399999,2566708499.60003,1508474,573335.355,1258965494.57660,0
1741190400000,2185.61,2221.89,2160.47,2217.28,882382.102,1741204799999,1933735114.04528,1200652,447355.616,980558573.06656,0
1741204800000,2217.27,2252.20,2212.67,2240.45,411150.942,1741219199999,917597359.38941,649269,209823.124,468417073.17773,0
1741219200000,2240.44,2295.42,2232.16,2288.79,724542.535,1741233599999,1642700516.20829,1141568,371211.734,841827113.85576,0
1741233600000,2288.79,2318.99,2274.04,2285.21,562450.777,1741247999999,1292109085.82405,858813,267867.265,615580886.01129,0
1741248000000,2285.20,2304.93,2275.37,2296.74,460802.030,1741262399999,1055465310.79141,687303,230998.433,529196578.15168,0
1741262400000,2296.73,2297.81,2206.32,2256.41,1267404.932,1741276799999,2851009463.76841,1403141,638938.559,1437529942.94971,0
1741276800000,2256.42,2264.58,2175.50,2197.12,984967.948,1741291199999,2176012138.23480,1143539,472732.309,1043984383.89897,0
1741291200000,2197.12,2229.29,2190.20,2201.34,574262.700,1741305599999,1268049349.78205,682806,287108.053,634179112.44227,0
1741305600000,2201.33,2226.45,2100.75,2147.21,1636759.522,1741319999999,3519464114.94577,1632768,793836.526,1707770533.84821,0
1741320000000,2147.20,2192.84,2143.41,2191.52,423307.920,1741334399999,919289153.70306,561551,224159.403,486751488.93282,0
1741334400000,2191.51,2209.94,2176.05,2196.69,449966.192,1741348799999,987078835.90927,618760,229665.071,503845319.14182,0
1741348800000,2196.70,2259.34,2164.37,2208.94,1570428.712,1741363199999,3464137736.31773,1654451,797620.659,1760103849.27450,0
1741363200000,2208.95,2214.85,2139.83,2177.47,1126569.666,1741377599999,2445372364.19610,1403667,547743.851,1188801168.33588,0
1741377600000,2177.45,2186.21,2113.10,2140.72,918643.527,1741391999999,1968825775.72017,1161086,438810.973,940869153.38670,0
1741392000000,2140.72,2155.37,2103.07,2137.07,462918.836,1741406399999,986998933.09866,674683,232007.767,494810311.59484,0
1741406400000,2137.07,2152.03,2130.42,2136.65,223761.421,1741420799999,479231799.86605,394794,108889.336,233228501.13713,0
1741420800000,2136.65,2142.50,2125.40,2140.89,267587.246,1741435199999,570719922.38403,426353,131378.777,280208826.90723,0
1741435200000,2140.89,2198.00,2136.84,2180.41,708942.492,1741449599999,1541581055.82493,850602,349712.813,760615007.94253,0
1741449600000,2180.41,2234.40,2160.20,2223.73,719441.763,1741463999999,1582925909.89702,861653,375690.487,826692445.14711,0
1741464000000,2223.73,2225.15,2192.41,2202.84,284414.377,1741478399999,628266607.31534,413523,134205.074,296460112.15546,0
1741478400000,2202.83,2211.27,2175.01,2184.82,290717.702,1741492799999,637177589.64907,438671,140451.693,307814567.95901,0
1741492800000,2184.83,2196.28,2170.83,2184.07,245984.608,1741507199999,537066261.87033,356072,126853.083,276997666.48100,0
1741507200000,2184.07,2187.00,2127.02,2145.63,559864.638,1741521599999,1205846681.29264,643875,267513.898,576092941.62633,0
1741521600000,2145.62,2146.06,2082.00,2095.86,908028.788,1741535999999,1921236122.76119,972411,407660.890,862799195.11016,0
1741536000000,2095.85,2108.30,1995.83,2039.34,1900789.828,1741550399999,3879943469.42626,1862259,919483.849,1876423003.92097,0
1741550400000,2039.34,2055.64,1986.80,2019.20,887774.385,1741564799999,1793960474.77465,1070938,424381.359,857958648.05781,0
1741564800000,2019.34,2069.81,1993.54,2056.82,803400.818,1741579199999,1637115448.83837,1053750,404028.803,823453565.51381,0
1741579200000,2056.82,2078.55,2053.18,2074.20,361538.902,1741593599999,746988859.12611,530978,178267.917,368408855.89090,0
1741593600000,2074.20,2152.99,2046.75,2127.13,1466697.783,1741607999999,3089694939.99856,1454964,753655.979,1588195404.38779,0
1741608000000,2127.13,2134.93,1995.47,2016.99,1987585.288,1741622399999,4075037170.93355,2028041,974068.996,1995808693.07153,0
1741622400000,2016.99,2024.29,1807.75,1868.66,3576857.634,1741636799999,6836341842.54060,2789922,1714269.406,3276733984.93345,0
1741636800000,1868.67,1903.00,1842.21,1864.51,1079099.741,1741651199999,2023705767.75251,1229519,529735.983,993707579.60862,0
1741651200000,1864.52,1889.49,1752.50,1848.96,2458688.579,1741665599999,4494747342.92517,2117526,1194928.768,2185234598.10423,0
1741665600000,1848.96,1913.49,1844.89,1903.11,989892.424,1741679999999,1869011465.53105,1024141,511921.474,966433711.71681,0
1741680000000,1903.07,1928.84,1898.70,1913.41,836386.218,1741694399999,1601822999.80193,1005648,415949.251,796846611.23246,0
1741694400000,1913.40,1969.77,1839.41,1913.58,2978075.672,1741708799999,5647165755.61773,2448182,1490893.195,2827756102.42599,0
1741708800000,1913.58,1962.45,1885.37,1950.66,1397086.418,1741723199999,2693042222.09871,1491974,698914.865,1347463510.86599,0
1741723200000,1950.65,1954.60,1916.22,1922.61,475877.085,1741737599999,922007181.55398,635179,228978.694,443796090.84868,0
1741737600000,1922.60,1932.00,1865.67,1867.95,825412.827,1741751999999,1570536861.63132,909975,390936.292,744221835.53250,0
1741752000000,1867.94,1915.99,1851.33,1910.47,1265101.841,1741766399999,2378964586.12018,1130080,661090.473,1243338791.32893,0
1741766400000,1910.47,1955.90,1870.00,1915.83,2215768.611,1741780799999,4223832701.81341,1785698,1073143.891,2045866568.04549,0
1741780800000,1915.82,1946.00,1828.87,1868.55,2072651.022,1741795199999,3911948429.06719,2085970,1007269.909,1901492937.54210,0
1741795200000,1868.51,1893.50,1861.78,1877.19,741187.723,1741809599999,1390185196.13393,1044217,381007.626,714698547.54846,0
1741809600000,1877.20,1914.72,1872.69,1907.24,383654.807,1741823999999,728215223.25050,576169,195946.044,371942519.93890,0
1741824000000,1907.23,1916.54,1880.99,1886.02,543679.650,1741838399999,1032587059.51190,719554,265209.099,503919183.81593,0
1741838400000,1886.02,1890.76,1856.93,1871.21,644513.410,1741852799999,1206057897.18722,689774,337156.024,630935816.02931,0
1741852800000,1871.20,1904.70,1852.18,1899.63,1046943.081,1741867199999,1972053766.01260,1020239,528899.853,996500591.61628,0
1741867200000,1899.62,1922.00,1863.00,1874.72,1414705.701,1741881599999,2671089610.37289,1432209,726060.435,1371058239.66063,0
1741881600000,1874.72,1877.34,1820.20,1850.95,1064255.869,1741895999999,1965275200.81969,1155463,522096.803,964291221.83508,0
1741896000000,1850.94,1882.90,1838.03,1863.76,591786.089,1741910399999,1101006239.61573,658031,280045.367,520922562.07434,0
1741910400000,1863.75,1894.08,1860.41,1888.60,398077.307,1741924799999,748695376.19631,521687,199291.196,374761105.31755,0
1741924800000,1888.59,1904.94,1886.80,1892.33,344211.224,1741939199999,651836506.73253,431500,167526.358,317303086.47618,0
1741939200000,1892.34,1908.20,1888.45,1901.51,412275.854,1741953599999,782281918.77237,514783,206669.280,392167786.27753,0
1741953600000,1901.51,1941.81,1873.00,1921.20,1362619.196,1741967999999,2604710685.76331,1294299,662011.793,1265744579.55949,0
1741968000000,1921.20,1945.62,1913.12,1933.29,633844.235,1741982399999,1224007590.71982,733128,320118.109,618351921.64757,0
1741982400000,1933.29,1934.01,1907.39,1910.79,343445.113,1741996799999,659712317.08952,432013,170290.574,327156465.94336,0
1741996800000,1910.78,1922.49,1902.47,1919.79,303992.931,1742011199999,581470186.70226,411622,165166.354,315974207.02981,0
1742011200000,1919.79,1934.77,1913.56,1916.86,325475.069,1742025599999,626344785.66779,385846,161902.389,311621861.58344,0
1742025600000,1916.85,1930.86,1911.40,1927.99,253953.466,1742039999999,487981428.79845,319787,131264.617,252241441.19198,0
1742040000000,1928.00,1938.88,1921.60,1936.81,286966.475,1742054399999,553780340.35391,353239,141973.741,274000654.41976,0
1742054400000,1936.81,1948.00,1927.28,1936.00,408391.955,1742068799999,791223888.34649,404641,192600.661,373227413.62948,0
1742068800000,1936.00,1957.68,1935.10,1936.27,298934.454,1742083199999,581401190.70990,356349,156532.634,304517144.36340,0
1742083200000,1936.26,1940.00,1915.22,1926.60,348656.470,1742097599999,671604294.98057,396266,164861.743,317550211.40542,0
1742097600000,1926.60,1933.22,1920.49,1925.21,204431.591,1742111999999,393932487.93385,271733,101270.297,195152490.94728,0
1742112000000,1925.20,1926.18,1865.49,1872.61,831690.715,1742126399999,1574952339.42959,790354,375883.145,711449735.28377,0
1742126400000,1872.61,1897.72,1872.21,1894.22,567475.403,1742140799999,1069455239.66490,660485,302115.136,569437502.56663,0
1742140800000,1894.21,1923.90,1857.08,1881.77,845640.866,1742155199999,1604839329.54817,823229,399692.179,758693282.96646,0
1742155200000,1881.78,1897.64,1869.11,1885.97,369840.351,1742169599999,696960249.80549,460342,193396.424,364520567.17798,0
1742169600000,1885.96,1914.88,1885.41,1908.08,408471.728,1742183999999,777106857.07400,472726,214268.078,407656835.65239,0
1742184000000,1908.08,1912.38,1878.66,1900.13,393308.893,1742198399999,745824945.51275,442150,193917.818,367651465.66227,0
1742198400000,1900.13,1918.00,1892.06,1909.71,358142.961,1742212799999,683073609.83177,432742,190200.025,362764037.31654,0
1742212800000,1909.72,1947.00,1886.29,1918.49,1007296.584,1742227199999,1921426449.69751,1096460,523339.679,998491052.16111,0
1742227200000,1918.50,1951.76,1906.44,1941.24,676889.798,1742241599999,1308656522.45807,724320,341226.127,659746192.24483,0
1742241600000,1941.24,1949.20,1921.08,1925.37,363663.089,1742255999999,703460488.44099,407285,187053.447,361863122.38395,0
1742256000000,1925.36,1929.57,1896.30,1900.27,527389.866,1742270399999,1006914993.87198,589905,261842.350,499905956.92558,0
1742270400000,1900.26,1909.88,1892.90,1903.99,413808.556,1742284799999,787050557.89188,500852,204438.609,388902536.22503,0
1742284800000,1903.99,1912.30,1884.25,1891.54,465126.512,1742299199999,882902848.48924,509510,225187.695,427555606.11049,0
1742299200000,1891.54,1902.59,1871.14,1879.97,865397.803,1742313599999,1632760780.33325,847167,426853.655,805417977.86380,0
1742313600000,1879.97,1907.80,1872.35,1903.53,552241.646,1742327999999,1040963723.68324,606012,288694.729,544332066.89889,0
1742328000000,1903.53,1935.44,1897.73,1930.64,410522.554,1742342399999,787133185.11228,462892,218512.079,419078915.23369,0
1742342400000,1930.63,1948.50,1927.12,1937.73,570009.533,1742356799999,1103975764.20011,579847,282643.697,547427270.93649,0
1742356800000,1937.73,1942.46,1929.39,1931.21,314671.141,1742371199999,608922985.43396,368190,152350.971,294847283.81481,0
1742371200000,1931.21,2032.73,1930.73,2026.99,1689486.816,1742385599999,3358084909.70481,1295801,922171.405,1832200190.32171,0
1742385600000,2026.98,2056.48,1994.06,2047.87,1588823.025,1742399999999,3211733280.11242,1395826,799478.009,1616616950.41095,0
1742400000000,2047.88,2065.90,1994.16,2029.91,1658908.323,1742414399999,3370174034.39488,1492880,833009.002,1692606534.48154,0
1742414400000,2029.91,2069.69,2027.50,2055.21,562401.162,1742428799999,1150836181.23920,613871,289435.365,592235694.64150,0
1742428800000,2055.22,2067.15,2018.82,2021.85,544443.994,1742443199999,1108870768.88088,674009,260396.798,530221225.15857,0
1742443200000,2021.85,2024.64,2003.70,2006.45,424949.911,1742457599999,855865047.32145,488494,223955.593,451117227.48482,0
1742457600000,2006.46,2020.57,1970.31,1988.40,961234.699,1742471999999,1915717952.71363,828487,472982.238,942591663.84600,0
1742472000000,1988.39,2009.74,1964.95,1971.06,1082975.701,1742486399999,2152519993.70691,1000094,515035.913,1023943185.49706,0
1742486400000,1971.03,1979.46,1951.15,1974.10,785249.134,1742500799999,1543459814.28667,793606,418110.017,822051927.28427,0
1742500800000,1974.09,1984.20,1970.39,1982.72,234930.098,1742515199999,464587585.74732,332848,115210.826,227852794.85732,0
1742515200000,1982.72,1995.80,1971.60,1977.25,370621.437,1742529599999,735970738.16750,444175,183927.893,365262360.93574,0
1742529600000,1977.26,1989.02,1965.44,1976.00,360694.846,1742543999999,712110125.16737,443407,184118.568,363530607.42648,0
1742544000000,1976.00,1981.87,1955.79,1966.11,454693.405,1742558399999,894596285.47033,538720,216484.814,425964227.29678,0
1742558400000,1966.11,1973.00,1932.00,1949.63,889389.960,1742572799999,1733694473.98511,886000,426907.121,832329720.87867,0
1742572800000,1949.58,1977.41,1945.00,1972.72,509532.129,1742587199999,1000850684.97941,515246,254172.742,499191329.83018,0
1742587200000,1972.71,1982.42,1961.24,1964.81,247348.670,1742601599999,487520402.85031,308123,122888.716,242289694.49210,0
1742601600000,1964.81,1986.72,1963.41,1985.00,342194.378,1742615999999,677148132.64232,372834,179496.960,355223741.63854,0
1742616000000,1985.00,1992.30,1982.08,1983.16,227786.565,1742630399999,452615630.59145,262309,110688.312,219970451.16482,0
1742630400000,1983.15,2006.00,1980.40,1989.36,440844.143,1742644799999,878985300.09226,437793,225051.948,448780639.97466,0
1742644800000,1989.35,1996.97,1980.30,1985.27,244659.968,1742659199999,486331371.34641,301776,121338.014,241194515.47222,0
1742659200000,1985.27,1999.55,1981.49,1994.99,204859.715,1742673599999,407912038.59632,256554,112565.785,224145793.50572,0
1742673600000,1994.98,2003.31,1973.13,1979.56,258571.258,1742687999999,513542128.72478,304092,120974.883,240332081.68850,0
1742688000000,1979.55,2008.92,1975.51,2007.53,309761.903,1742702399999,617909173.21043,342191,169435.305,338000744.79585,0
1742702400000,2007.53,2020.00,1990.94,2007.20,362109.684,1742716799999,724753136.41757,345038,188457.012,377260025.08863,0
1742716800000,2007.20,2019.87,2001.46,2006.97,377182.631,1742731199999,758779371.72392,388724,185195.830,372599168.14856,0
1742731200000,2006.97,2019.61,2001.20,2006.21,393245.383,1742745599999,790196856.25676,405752,199072.907,400033923.64057,0
1742745600000,2006.22,2007.08,1985.71,1995.39,330836.537,1742759999999,660361414.37397,383557,157975.877,315344267.04608,0
1742760000000,1995.40,2006.00,1978.78,2005.00,385312.338,1742774399999,767576902.26575,400643,189410.250,377400299.87462,0
1742774400000,2005.00,2020.96,1976.46,2013.49,756911.747,1742788799999,1513324851.18037,733581,378530.341,756914136.79449,0
1742788800000,2013.48,2079.23,2013.48,2068.47,1089312.025,1742803199999,2233808328.04624,904369,595813.156,1221568680.29825,0
1742803200000,2068.48,2104.24,2067.93,2091.67,832640.706,1742817599999,1739325575.88386,719129,418119.543,873423610.06781,0
1742817600000,2091.68,2101.90,2072.20,2088.80,933778.402,1742831999999,1946145659.79514,844822,459549.902,957908071.14928,0
1742832000000,2088.79,2101.30,2066.38,2087.71,741455.857,1742846399999,1546132414.56604,558650,346347.710,722451974.30935,0
1742846400000,2087.71,2094.44,2066.87,2080.41,313845.789,1742860799999,652665854.63558,324553,163549.126,340105113.55463,0
1742860800000,2080.40,2097.21,2040.40,2042.26,794386.930,1742875199999,1640557807.51948,695667,366079.254,756458365.55648,0
1742875200000,2042.26,2066.16,2036.00,2054.80,502510.264,1742889599999,1030233443.56701,485657,271342.588,556315997.19489,0
1742889600000,2054.80,2074.53,2052.33,2067.36,375092.262,1742903999999,774935108.91299,417629,192725.989,398205383.66459,0
1742904000000,2067.36,2079.16,2050.70,2066.46,764435.343,1742918399999,1579791164.87293,751534,374124.696,773378663.98030,0
1742918400000,2066.45,2083.21,2055.19,2074.65,468622.216,1742932799999,969877374.86019,495767,245003.201,507042713.34522,0
1742932800000,2074.65,2082.99,2052.20,2065.22,337106.253,1742947199999,696495555.66590,374011,156761.892,323894917.70463,0
1742947200000,2065.22,2077.70,2040.90,2048.08,497914.751,1742961599999,1025419721.08664,484299,232069.437,478058272.62988,0
1742961600000,2048.07,2070.88,2046.46,2068.34,384951.288,1742975999999,793018380.91640,385235,201266.854,414657795.78305,0
1742976000000,2068.34,2074.85,2056.60,2067.44,378221.549,1742990399999,781754874.25938,384661,187091.450,386677954.42444,0
1742990400000,2067.43,2069.51,2005.00,2011.21,1256071.102,1743004799999,2549888201.02535,1032643,586831.199,1191461503.05896,0
1743004800000,2011.20,2021.48,1980.41,1998.90,898704.164,1743019199999,1799099526.88080,763817,439857.078,880915398.93160,0
1743019200000,1998.90,2017.69,1990.01,2008.69,464182.087,1743033599999,930697434.03721,441616,233537.462,468386703.38016,0
1743033600000,2008.69,2036.88,2006.07,2030.50,498122.393,1743047999999,1007919964.04196,486219,251717.909,509518389.16673,0
1743048000000,2030.50,2032.00,2020.21,2025.44,222635.209,1743062399999,450983531.79841,298604,107209.441,217176124.09703,0
1743062400000,2025.43,2035.00,2011.00,2015.30,518015.594,1743076799999,1048130331.61796,490994,245816.824,497594958.74816,0
1743076800000,2015.29,2025.43,1985.71,2004.57,1258185.495,1743091199999,2527094034.20573,1000327,638480.888,1282742075.21023,0
1743091200000,2004.58,2014.20,1992.48,2003.48,457851.764,1743105599999,918017432.03703,502665,234875.959,471015891.52568,0
1743105600000,2003.48,2020.83,1998.27,2002.80,309737.998,1743119999999,622069515.85334,317802,168346.946,338198870.41295,0
1743120000000,2002.80,2015.09,1990.72,1999.02,468146.336,1743134399999,937616851.69223,465428,220520.870,441766908.51867,0
1743134400000,1999.02,2003.88,1896.70,1909.04,1820054.981,1743148799999,3516078460.90997,1329052,840949.149,1623275063.79501,0
1743148800000,1909.04,1924.00,1854.20,1899.41,1172025.164,1743163199999,2226456031.95911,844125,561146.649,1066701681.38450,0
1743163200000,1899.41,1907.26,1870.51,1871.45,1204765.180,1743177599999,2273165109.34910,1050639,589309.710,1112099305.72405,0
1743177600000,1871.45,1886.76,1861.07,1873.34,667018.346,1743191999999,1249859415.19428,661177,343118.484,643087474.49794,0
1743192000000,1873.34,1901.41,1872.60,1896.02,360194.677,1743206399999,680059727.10597,393232,181468.792,342582568.23914,0
1743206400000,1896.03,1912.94,1885.10,1898.95,527912.240,1743220799999,1003692787.67532,501574,250737.453,476783260.21239,0
1743220800000,1898.94,1904.28,1874.16,1879.37,379071.315,1743235199999,714781784.42789,409224,182713.052,344544535.46552,0
1743235200000,1879.37,1886.58,1832.29,1843.71,1090356.163,1743249599999,2026340208.15722,831711,500498.039,930414106.94358,0
1743249600000,1843.72,1862.76,1832.32,1839.22,662106.215,1743263999999,1224331065.19144,579297,319029.032,589906104.23166,0
1743264000000,1839.28,1847.00,1796.13,1826.77,1336288.716,1743278399999,2430303576.71123,1044874,642624.595,1169001104.55768,0
1743278400000,1826.76,1829.57,1810.13,1827.32,389113.536,1743292799999,707689926.82611,424288,195901.933,356262622.88617,0
1743292800000,1827.31,1843.61,1811.35,1833.32,517641.308,1743307199999,948567112.74276,523236,260050.313,476510500.14259,0
1743307200000,1833.31,1846.24,1831.55,1836.70,276141.074,1743321599999,507738502.17645,284595,143283.213,263495291.73542,0
1743321600000,1836.69,1848.08,1824.78,1832.49,397027.426,1743335999999,729178485.41387,340420,192880.571,354259330.52498,0
1743336000000,1832.49,1839.48,1782.00,1812.81,808086.885,1743350399999,1465725191.40758,624399,386733.017,701769684.70860,0
1743350400000,1812.81,1834.57,1784.15,1813.38,967580.801,1743364799999,1750882864.28378,669379,489510.128,886155120.91734,0
1743364800000,1813.38,1820.91,1766.04,1806.99,892084.586,1743379199999,1602865540.24456,696334,446583.944,802753014.21540,0
1743379200000,1806.99,1823.01,1775.92,1797.72,962829.575,1743393599999,1736852506.44421,858640,488139.027,880685700.71900,0
1743393600000,1797.73,1813.00,1788.13,1797.91,574601.289,1743407999999,1035129565.69167,549723,305524.624,550418949.47458,0
1743408000000,1797.90,1819.00,1776.56,1812.52,967438.186,1743422399999,1738594894.68827,755979,509208.321,915526489.61148,0
1743422400000,1812.51,1853.34,1792.60,1841.37,1556360.743,1743436799999,2842558960.53133,1197535,810062.697,1480170405.15640,0
1743436800000,1841.37,1846.40,1815.76,1826.89,731114.100,1743451199999,1340898215.77141,613011,348883.707,640096058.57433,0
1743451200000,1826.90,1834.09,1815.22,1821.59,420186.820,1743465599999,766315172.71964,359375,225243.645,410889581.46388,0
1743465600000,1821.59,1842.57,1816.64,1834.25,473423.689,1743479999999,866075737.57876,450283,250799.355,458976945.75234,0
1743480000000,1834.25,1866.98,1831.23,1853.34,525037.726,1743494399999,971357506.06413,478177,288946.327,534562986.41934,0
1743494400000,1853.34,1891.42,1853.02,1861.48,903063.677,1743508799999,1693784888.04836,784651,455689.884,854951453.37930,0
1743508800000,1861.49,1927.79,1841.20,1917.89,1789332.277,1743523199999,3371655122.75368,1324825,925566.082,1745074380.23976,0
1743523200000,1917.89,1923.63,1900.53,1909.12,585488.092,1743537599999,1119356626.61566,584537,285044.573,544958387.17291,0
1743537600000,1909.11,1921.98,1895.90,1904.21,395399.142,1743551999999,755303125.28877,370006,206976.732,395426902.51253,0
1743552000000,1904.21,1908.01,1871.31,1875.41,577615.724,1743566399999,1089791320.57519,535358,278681.571,525947817.78063,0
1743566400000,1875.40,1882.31,1850.69,1864.07,756780.281,1743580799999,1408656202.90818,582042,364554.422,678553187.82216,0
1743580800000,1864.06,1887.23,1861.61,1868.05,576873.633,1743595199999,1081430165.11479,496582,300607.731,563599079.68523,0
1743595200000,1868.08,1918.00,1853.12,1900.09,1773371.715,1743609599999,3342756242.10175,1347376,905382.924,1707089307.90344,0
1743609600000,1900.10,1915.28,1881.09,1910.56,760001.680,1743623999999,1443825490.66466,735384,390138.081,741330931.42509,0
1743624000000,1910.59,1957.97,1780.52,1794.10,2635212.170,1743638399999,4913836250.23314,1974166,1294579.825,2416496413.13764,0
1743638400000,1794.11,1834.12,1787.90,1823.75,784321.875,1743652799999,1426066957.24331,780116,396922.921,721745950.00334,0
1743652800000,1823.75,1844.97,1805.56,1814.52,569594.176,1743667199999,1039259089.05297,550681,291588.010,532351984.12591,0
1743667200000,1814.51,1823.49,1786.14,1794.39,702746.642,1743681599999,1267969850.60965,693604,325840.946,588013914.68347,0
1743681600000,1794.39,1799.82,1747.47,1781.42,1901206.210,1743695999999,3367423230.67248,1472876,928006.205,1644122501.97222,0
1743696000000,1781.42,1798.57,1766.29,1786.53,737214.928,1743710399999,1313386733.22928,721660,375861.579,669840521.56492,0
1743710400000,1786.50,1821.50,1778.64,1816.48,491284.518,1743724799999,886271918.57801,481655,271290.749,489528514.62227,0
1743724800000,1816.48,1822.69,1770.00,1792.13,745536.338,1743739199999,1338956954.39330,689939,328123.394,589695742.73377,0
1743739200000,1792.13,1821.40,1783.08,1816.88,531862.172,1743753599999,959418374.73835,501189,277936.431,501445882.90162,0
1743753600000,1816.87,1834.70,1757.52,1783.16,1469835.729,1743767999999,2644114045.26626,1146022,717525.169,1290901930.49886,0
1743768000000,1783.15,1820.18,1768.57,1794.47,1965960.639,1743782399999,3520198641.76226,1703266,979839.747,1754818886.92668,0
1743782400000,1794.48,1828.71,1782.15,1809.02,1169114.734,1743796799999,2111251666.05832,987206,585039.976,1056688584.48177,0
1743796800000,1809.03,1827.99,1806.43,1815.97,338804.890,1743811199999,615407509.69149,321387,173094.694,314473711.75920,0
1743811200000,1815.97,1826.63,1808.27,1809.01,307874.561,1743825599999,559552098.71911,292656,149965.824,272614818.52734,0
1743825600000,1809.00,1815.00,1803.04,1812.40,223423.979,1743839999999,404346704.73779,209752,109422.611,198059348.42215,0
1743840000000,1812.39,1821.26,1805.55,1806.60,293918.170,1743854399999,533057529.83288,250933,139497.954,253030744.47162,0
1743854400000,1806.60,1807.61,1776.34,1781.10,708383.180,1743868799999,1268016179.14766,531977,341084.466,610563758.59468,0
1743868800000,1781.10,1794.86,1778.66,1781.33,270821.538,1743883199999,483846058.07184,257573,132856.142,237387658.76297,0
1743883200000,1781.32,1809.30,1761.18,1805.15,554505.687,1743897599999,992039788.15763,438122,290905.041,520867849.14684,0
1743897600000,1805.14,1816.38,1800.87,1809.11,342406.912,1743911999999,619005823.26783,312714,160514.595,290229229.00691,0
1743912000000,1809.10,1812.60,1790.08,1796.84,281144.712,1743926399999,506941179.73966,283449,135997.782,245270978.46987,0
1743926400000,1796.85,1797.28,1782.01,1788.22,398400.869,1743940799999,712737454.23560,349548,211573.158,378530976.20989,0
1743940800000,1788.22,1791.10,1735.01,1758.80,1345342.037,1743955199999,2369898216.86776,902501,613298.485,1080806427.78809,0
1743955200000,1758.80,1759.21,1601.00,1625.22,3706815.320,1743969599999,6166630760.05845,2357425,1763843.525,2930712073.82896,0
1743969600000,1625.21,1630.45,1535.27,1579.98,3313932.915,1743983999999,5236162346.18295,2182305,1621524.735,2562807055.58929,0
1743984000000,1579.98,1613.51,1520.00,1542.79,2240648.744,1743998399999,3523106821.90909,1661882,1074299.324,1689724560.57096,0
1743998400000,1542.78,1561.00,1410.00,1459.52,4128035.462,1744012799999,6134964319.32663,2647343,1971479.919,2930866310.93119,0
1744012800000,1459.51,1520.75,1454.80,1482.34,2926446.072,1744027199999,4366569774.94822,1960650,1464979.615,2186233800.13187,0
1744027200000,1482.34,1638.47,1477.17,1555.54,5572723.272,1744041599999,8647457448.04673,3326544,2859586.491,4438776105.05214,0
1744041600000,1555.54,1572.11,1525.21,1544.56,1948786.181,1744055999999,3022716707.37488,1566745,977615.195,1516445102.74266,0
1744056000000,1544.56,1584.58,1544.19,1552.44,815431.621,1744070399999,1277512137.58110,731824,415467.409,650649536.47865,0
1744070400000,1552.44,1618.00,1540.19,1583.96,1181229.738,1744084799999,1865761919.59984,1003017,591836.330,935030201.43162,0
1744084800000,1583.95,1602.29,1560.86,1569.98,762719.837,1744099199999,1207065002.05691,707635,376923.036,596534088.38363,0
1744099200000,1569.97,1589.48,1553.48,1587.56,798487.224,1744113599999,1253607803.59696,767057,406041.027,637569993.40038,0
1744113600000,1587.57,1592.79,1517.12,1530.75,2315902.959,1744127999999,3602090306.70362,1624821,1107849.580,1723221685.32663,0
1744128000000,1530.75,1532.24,1453.46,1466.03,3023004.864,1744142399999,4478667559.49537,1992022,1508861.336,2235193370.54815,0
1744142400000,1466.07,1485.60,1441.62,1472.67,1116522.208,1744156799999,1638405565.12040,909380,541292.500,794504582.23348,0
1744156800000,1472.68,1481.69,1384.00,1417.96,2791527.731,1744171199999,3990973171.66599,1969225,1349339.738,1929404728.34753,0
1744171200000,1417.96,1491.68,1414.00,1482.90,1853602.262,1744185599999,2701901576.60496,1392969,956140.468,1393788835.02331,0
1744185600000,1482.89,1496.00,1444.00,1454.64,2120377.739,1744199999999,3112862617.37554,1353005,1018319.509,1495017811.05281,0
1744200000000,1454.64,1501.03,1439.03,1484.80,2591270.906,1744214399999,3824691957.65048,1744869,1352227.140,1995954409.68624,0
1744214400000,1484.79,1672.80,1481.15,1639.73,5455621.134,1744228799999,8671293587.09256,2901748,2810323.028,4465253485.67126,0
1744228800000,1639.73,1688.00,1639.73,1668.69,1304170.851,1744243199999,2172729463.63440,1011239,673250.925,1121602418.21326,0
1744243200000,1668.70,1669.19,1601.00,1616.39,1273973.227,1744257599999,2078401264.70863,994158,614092.616,1001509277.96258,0
1744257600000,1616.39,1625.48,1582.50,1595.03,1060130.383,1744271999999,1704666058.01478,835465,504796.034,812035251.03686,0
1744272000000,1595.03,1606.02,1580.50,1593.92,855212.641,1744286399999,1362550685.21728,805405,446462.409,711475124.47084,0
1744286400000,1593.91,1627.61,1482.56,1495.00,3723353.846,1744300799999,5788254148.45876,2345464,1773804.122,2760180661.45168,0
1744300800000,1494.99,1531.74,1470.84,1513.67,2460720.447,1744315199999,3697391989.72809,1740276,1280716.418,1924999047.68890,0
1744315200000,1513.67,1533.00,1513.05,1521.57,571802.497,1744329599999,871363086.92259,538009,278105.344,423867008.33396,0
1744329600000,1521.56,1550.00,1503.63,1543.63,1189406.950,1744343999999,1821622311.58083,960584,597928.718,916197352.95362,0
1744344000000,1543.63,1561.95,1540.10,1551.99,728688.675,1744358399999,1129653275.90575,657843,372796.787,577995174.00677,0
1744358400000,1551.99,1585.18,1536.47,1557.93,1521498.390,1744372799999,2372982863.53698,1135977,767182.965,1196963160.26197,0
1744372800000,1557.94,1580.78,1540.36,1564.79,1593556.336,1744387199999,2486634468.59748,1297873,809620.481,1263784734.22245,0
1744387200000,1564.80,1590.88,1554.90,1564.84,917672.153,1744401599999,1442759311.76151,847790,468445.692,736611837.30787,0
1744401600000,1564.83,1586.31,1556.40,1565.96,517260.182,1744415999999,812331940.98408,466278,278744.899,437906159.45641,0
1744416000000,1565.97,1569.16,1545.06,1553.61,539836.974,1744430399999,839772120.29342,490374,263135.749,409335481.16870,0
1744430400000,1553.61,1584.53,1549.51,1581.24,654101.941,1744444799999,1026561357.16253,541604,346685.278,544175248.22003,0
1744444800000,1581.23,1605.71,1580.01,1593.21,736582.051,1744459199999,1174204276.80547,585077,372903.856,594524487.24337,0
1744459200000,1593.22,1669.85,1589.79,1655.10,2130308.934,1744473599999,3484498185.04700,1421481,1120555.604,1832757311.42284,0
1744473600000,1655.09,1661.57,1627.42,1641.89,1037868.529,1744487999999,1705236846.82079,744520,502104.001,825079099.91949,0
1744488000000,1641.90,1659.68,1640.35,1643.60,505815.558,1744502399999,834254295.93804,467608,259119.331,427431515.66935,0
1744502400000,1643.60,1649.20,1605.68,1623.60,841518.836,1744516799999,1368939304.65033,729595,420683.339,684679699.53177,0
1744516800000,1623.60,1623.91,1596.21,1612.77,744463.530,1744531199999,1199630873.68715,599787,373389.853,601803585.10668,0
1744531200000,1612.78,1627.45,1590.71,1603.62,789948.467,1744545599999,1272824116.67309,643337,389311.543,627576332.86535,0
1744545600000,1603.61,1608.50,1565.11,1585.92,1257579.894,1744559999999,1993726581.93754,920201,624072.659,989550734.59917,0
1744560000000,1585.92,1648.73,1559.40,1589.42,1825478.701,1744574399999,2940396825.69603,1345534,933865.511,1504267587.43037,0
1744574400000,1589.42,1616.29,1571.03,1596.92,1036373.064,1744588799999,1650347528.68406,979918,529420.528,843187901.38780,0
1744588800000,1596.93,1659.81,1594.73,1629.01,1227511.284,1744603199999,1998168066.83244,1075028,631788.880,1028310575.39489,0
1744603200000,1629.01,1641.85,1611.51,1634.92,668501.508,1744617599999,1087618901.77473,677681,329505.530,536180913.38851,0
1744617600000,1634.92,1691.57,1628.64,1674.63,1463883.102,1744631999999,2433388282.69326,1152448,742533.222,1234420992.06358,0
1744632000000,1674.63,1689.27,1618.29,1626.96,1932797.485,1744646399999,3202723339.45857,1378470,932076.168,1544960629.81543,0
1744646400000,1626.97,1650.80,1613.37,1635.92,1110666.160,1744660799999,1816081113.73340,936119,550827.936,900712653.76988,0
1744660800000,1635.95,1637.35,1603.00,1623.02,568816.391,1744675199999,923373705.53694,522585,270209.568,438770381.88115,0
1744675200000,1623.02,1643.21,1613.65,1637.15,788829.251,1744689599999,1284656793.24783,711101,406824.019,662594729.49000,0
1744689600000,1637.15,1648.00,1631.45,1644.18,482653.824,1744703999999,791439432.61310,441431,236695.467,388213043.29573,0
1744704000000,1644.18,1651.79,1621.32,1631.18,754097.451,1744718399999,1234380622.23237,563882,367380.064,601513463.50461,0
1744718400000,1631.17,1660.68,1600.01,1620.12,1803551.904,1744732799999,2935973831.13758,1269085,874477.207,1423743220.94496,0
1744732800000,1620.11,1627.19,1594.21,1606.17,783964.399,1744747199999,1264669702.85772,662134,383252.318,618352802.06112,0
1744747200000,1606.17,1614.35,1582.14,1588.00,717000.749,1744761599999,1143933110.21274,580338,346899.149,553568183.11529,0
1744761600000,1588.00,1603.81,1575.04,1590.02,764456.657,1744775999999,1216607566.53384,659345,395342.419,629375783.58877,0
1744776000000,1590.03,1592.76,1550.00,1563.45,1185857.635,1744790399999,1865612890.68025,834100,556011.860,874798205.60498,0
1744790400000,1563.44,1585.00,1555.72,1583.25,795586.966,1744804799999,1251893985.32746,658900,414292.157,651987084.35300,0
1744804800000,1583.26,1614.95,1565.02,1589.91,1517926.075,1744819199999,2406776480.90300,1004527,780761.621,1238115688.20224,0
1744819200000,1589.91,1612.36,1537.56,1588.16,2336959.978,1744833599999,3673712577.26642,1550618,1190806.889,1872581571.54122,0
1744833600000,1588.13,1598.01,1569.24,1576.58,621308.471,1744847999999,984448126.68128,554124,312819.755,495706775.86988,0
1744848000000,1576.57,1594.90,1574.00,1584.04,533161.530,1744862399999,845115742.62132,492756,265166.379,420353556.11139,0
1744862400000,1584.04,1609.90,1580.14,1600.99,576222.253,1744876799999,920992951.50395,508490,293334.522,468901584.93617,0
1744876800000,1600.99,1603.50,1587.69,1592.50,482812.693,1744891199999,769933835.65490,417656,251928.453,401737161.12534,0
1744891200000,1592.51,1602.76,1562.26,1582.42,1222967.991,1744905599999,1936374458.29577,834844,604378.000,957096870.16530,0
1744905600000,1582.43,1616.81,1575.36,1580.40,1722278.691,1744919999999,2752824672.54679,1087207,836428.165,1337384277.05870,0
1744920000000,1580.40,1591.00,1578.00,1582.84,405071.384,1744934399999,641992202.52114,373551,195514.417,309897862.60641,0
1744934400000,1582.84,1588.69,1576.21,1583.40,344118.380,1744948799999,544464218.63614,344415,175815.035,278216798.78817,0
1744948800000,1583.40,1584.49,1572.65,1583.45,379764.077,1744963199999,599627690.62350,324159,187858.427,296656307.15091,0
1744963200000,1583.46,1592.40,1581.34,1589.89,384028.046,1744977599999,609321428.78617,328548,194884.424,309249453.60508,0
1744977600000,1589.90,1596.63,1577.56,1582.27,560886.162,1744991999999,890624070.71090,391172,272209.553,432304641.08221,0
1744992000000,1582.28,1594.45,1580.95,1592.38,423029.653,1745006399999,672218210.67750,275811,212905.411,338318596.70726,0
1745006400000,1592.38,1600.00,1586.27,1587.91,308637.419,1745020799999,491536316.99720,242708,155473.123,247625821.81101,0
1745020800000,1587.91,1599.72,1584.01,1597.20,343811.216,1745035199999,547365564.36434,283937,189423.400,301566283.54229,0
1745035200000,1597.20,1613.00,1594.32,1600.27,488347.419,1745049599999,782564872.28977,373925,258183.111,413750743.57232,0
1745049600000,1600.28,1606.02,1593.23,1596.29,306148.028,1745063999999,489489191.58777,284543,153161.856,244900672.48884,0
1745064000000,1596.29,1612.00,1594.38,1606.59,462593.576,1745078399999,741862728.67284,357163,236013.540,378505825.04344,0
1745078400000,1606.60,1632.29,1597.76,1613.99,673583.795,1745092799999,1086543656.94244,492951,338171.485,545599736.42541,0
1745092800000,1613.99,1622.11,1610.21,1612.44,229487.075,1745107199999,370910514.05382,220061,115712.485,187037777.17163,0
1745107200000,1612.45,1618.46,1607.20,1611.14,312363.415,1745121599999,503772775.68733,274271,166239.734,268103423.62055,0
1745121600000,1611.15,1617.00,1580.00,1596.62,585042.664,1745135999999,936422943.74786,394780,262816.509,420762227.87420,0
1745136000000,1596.63,1596.88,1564.69,1571.78,848913.210,1745150399999,1341134509.98841,555228,386215.493,610165517.86312,0
1745150400000,1571.78,1583.39,1570.19,1572.80,516047.816,1745164799999,813250305.25037,385389,258995.849,408190750.01915,0
1745164800000,1572.80,1587.13,1570.45,1585.34,285611.444,1745179199999,451085312.54803,237306,154158.408,243493669.48561,0
1745179200000,1585.34,1600.00,1573.36,1586.56,552942.438,1745193599999,877214466.06005,396539,272311.899,432078228.84809,0
1745193600000,1586.57,1645.34,1585.28,1634.06,1670017.800,1745207999999,2709730271.87819,1097085,923185.105,1497981080.60955,0
1745208000000,1634.06,1658.00,1630.40,1645.10,884262.679,1745222399999,1454443386.20656,557998,473627.262,779188138.10604,0
1745222400000,1645.11,1654.64,1617.04,1625.66,858321.394,1745236799999,1403007640.54016,552847,421356.418,688832148.61816,0
1745236800000,1625.66,1641.39,1607.63,1622.50,1516623.695,1745251199999,2463922539.01821,1028730,764975.419,1242686130.37628,0
1745251200000,1622.50,1625.41,1560.62,1572.86,2068484.332,1745265599999,3276081594.01188,1197827,942616.230,1493036762.09856,0
1745265600000,1572.86,1579.97,1570.01,1578.64,472368.454,1745279999999,743960355.56152,359861,220992.611,348108594.38795,0
1745280000000,1578.63,1593.23,1535.00,1578.21,1503216.179,1745294399999,2359955324.08909,978837,706366.508,1109282621.40864,0
1745294400000,1578.21,1623.50,1573.07,1618.60,1108463.740,1745308799999,1771343231.87835,714168,591631.397,945283287.87795,0
1745308800000,1618.60,1638.00,1612.41,1630.14,1156134.698,1745323199999,1879226450.95906,776156,600351.197,976041969.47545,0
1745323200000,1630.14,1725.93,1626.00,1702.41,3399957.543,1745337599999,5686833608.16589,2080255,1794424.715,3002780339.71430,0
1745337600000,1702.41,1710.00,1681.42,1697.54,1201729.974,1745351999999,2038060321.92238,918172,599861.820,1017382190.66143,0
1745352000000,1697.53,1779.02,1691.49,1755.57,1938167.321,1745366399999,3370472608.16434,1365055,1033850.018,1797916439.04707,0
1745366400000,1755.58,1807.36,1744.30,1794.51,1748752.815,1745380799999,3107555071.61801,1323284,892868.596,1587035655.49388,0
1745380800000,1794.51,1817.98,1773.10,1791.27,1424392.821,1745395199999,2555860523.33359,1037709,709041.303,1272361388.89174,0
1745395200000,1791.28,1812.04,1778.29,1796.74,1057307.676,1745409599999,1897793783.21567,842040,518460.882,930715524.22631,0
1745409600000,1796.74,1838.00,1761.00,1793.70,2699639.526,1745423999999,4850307839.96920,1979382,1350244.767,2426729457.47512,0
1745424000000,1793.71,1809.60,1773.43,1785.44,1026256.555,1745438399999,1838802922.16419,847037,490960.653,879895128.25352,0
1745438400000,1785.44,1806.28,1784.78,1794.46,353173.727,1745452799999,634137345.94840,383256,174845.125,313902960.70658,0
1745452800000,1794.45,1802.27,1765.52,1767.30,773066.615,1745467199999,1379441498.69543,680487,374322.176,668020276.64859,0
1745467200000,1767.29,1775.71,1750.80,1755.61,758688.419,1745481599999,1339257953.01566,637953,361117.085,637447698.69732,0
1745481600000,1755.60,1759.88,1721.22,1754.05,1321170.566,1745495999999,2298070450.60132,849097,654787.861,1139158397.67417,0
1745496000000,1754.04,1777.33,1743.12,1763.83,1152418.662,1745510399999,2029188814.95203,944866,579746.483,1021124375.18692,0
1745510400000,1763.83,1776.85,1745.09,1762.21,881755.193,1745524799999,1552436470.50381,720115,430185.488,757517919.32007,0
1745524800000,1762.21,1774.17,1747.81,1768.80,360233.916,1745539199999,634979172.27895,346492,175763.851,309896238.97603,0
1745539200000,1768.79,1789.88,1737.40,1760.00,908000.423,1745553599999,1598999512.36377,719693,447705.281,788661269.06587,0
1745553600000,1760.00,1781.23,1757.25,1776.38,577613.878,1745567999999,1022640974.85171,477270,297214.316,526230625.44551,0
1745568000000,1776.39,1792.72,1763.08,1789.47,923294.946,1745582399999,1642534229.98146,645952,441654.353,785835075.62904,0
1745582400000,1789.47,1826.91,1755.81,1805.70,2239999.361,1745596799999,4013321467.64781,1582918,1106375.912,1982728749.35718,0
1745596800000,1805.69,1809.81,1781.32,1801.45,909113.932,1745611199999,1632374905.76930,767599,458753.574,823745689.27898,0
1745611200000,1801.45,1808.87,1783.00,1783.77,431087.636,1745625599999,773897414.57866,409524,210697.245,378193928.78585,0
1745625600000,1783.76,1815.05,1783.76,1796.51,709519.382,1745639999999,1277370417.90106,552505,321210.810,578258277.33124,0
1745640000000,1796.50,1809.94,1788.01,1799.54,456016.896,1745654399999,820439016.52524,400572,227773.651,409869203.06045,0
1745654400000,1799.54,1841.49,1777.31,1784.73,1377154.319,1745668799999,2488402263.05725,973586,648378.551,1172127645.00525,0
1745668800000,1784.73,1803.94,1778.88,1799.39,671756.802,1745683199999,1203884325.16173,551269,348367.658,624490108.47668,0
1745683200000,1799.38,1814.95,1795.00,1812.21,316852.466,1745697599999,571390588.15640,317534,172051.225,310367335.29592,0
1745697600000,1812.22,1830.78,1804.52,1820.00,434287.984,1745711999999,789070489.02630,397492,220712.563,401076693.28929,0
1745712000000,1819.99,1857.00,1800.00,1808.74,1269737.641,1745726399999,2319529294.12797,1049366,625783.693,1143535865.80742,0
1745726400000,1808.74,1810.77,1788.88,1802.98,524391.024,1745740799999,943734935.17914,416236,251243.231,452229492.82725,0
1745740800000,1802.98,1814.99,1800.58,1805.04,363311.245,1745755199999,656829656.32346,344858,178908.103,323503171.91958,0
1745755200000,1805.03,1807.96,1780.25,1792.88,784329.967,1745769599999,1408359328.16482,603504,389726.638,699957572.60809,0
1745769600000,1792.88,1807.77,1786.18,1806.95,307003.137,1745783999999,552038077.81067,312767,164765.216,296314499.36399,0
1745784000000,1806.95,1807.25,1783.10,1790.21,370782.592,1745798399999,665385544.92471,361865,162836.433,292271299.63116,0
1745798400000,1790.22,1793.25,1750.99,1783.25,1164418.072,1745812799999,2063092312.98807,874550,553138.489,980219223.40278,0
1745812800000,1783.24,1811.82,1783.24,1803.95,667932.886,1745827199999,1200364307.07257,545665,336832.359,605468406.51891,0
1745827200000,1803.95,1826.71,1787.10,1815.00,1060796.867,1745841599999,1919885041.76329,739815,541707.238,980894654.75443,0
1745841600000,1815.00,1816.48,1751.42,1762.08,1529659.660,1745855999999,2730522776.55825,1131243,731305.490,1305642936.06216,0
1745856000000,1762.08,1805.00,1742.15,1796.36,1306542.158,1745870399999,2316955275.36107,941573,678317.354,1203791891.18668,0
1745870400000,1796.35,1806.87,1780.24,1799.22,623379.044,1745884799999,1118619543.55310,481624,320353.750,574879789.02531,0
1745884800000,1799.21,1810.92,1786.68,1801.26,627213.054,1745899199999,1128065273.98640,612675,315028.866,566742926.12605,0
1745899200000,1801.26,1824.24,1787.37,1820.77,792123.184,1745913599999,1432801746.51525,645230,416367.565,753028392.65040,0
1745913600000,1820.77,1842.82,1815.76,1828.90,1042093.467,1745927999999,1906444075.17634,745894,538989.075,986210027.17965,0
1745928000000,1828.89,1832.58,1801.00,1814.21,1241440.926,1745942399999,2254865217.67860,892290,600540.664,1090761812.08996,0
1745942400000,1814.20,1831.49,1806.00,1820.92,717932.308,1745956799999,1307137048.36600,593350,362874.731,660729750.61013,0
1745956800000,1820.92,1824.87,1779.36,1796.57,894515.506,1745971199999,1606810878.22267,659205,429648.941,771653845.87107,0
1745971200000,1796.57,1812.48,1787.72,1808.19,573242.097,1745985599999,1032729437.67443,494437,287186.960,517478333.55884,0
1745985600000,1808.18,1812.22,1790.00,1795.55,424863.455,1745999999999,765872377.24154,353728,193571.255,349030894.82517,0
1746000000000,1795.54,1816.00,1791.61,1814.79,544629.985,1746014399999,982676870.40302,403291,285133.657,514508321.55089,0
1746014400000,1814.79,1815.48,1730.60,1763.72,2614074.383,1746028799999,4614049086.19962,1640993,1260698.660,2224823278.48420,0
1746028800000,1763.72,1792.39,1755.02,1785.96,837128.774,1746043199999,1486866308.91612,655340,426408.574,757485561.51810,0
1746043200000,1786.08,1809.19,1784.00,1792.71,632604.794,1746057599999,1136889494.63731,489643,334530.364,601225594.90509,0
1746057600000,1792.71,1818.18,1791.55,1807.28,587418.818,1746071999999,1061420493.16769,459316,298222.812,538890628.48593,0
1746072000000,1807.28,1816.77,1801.24,1809.74,400734.586,1746086399999,724884881.14825,301906,210447.681,380733527.90734,0
1746086400000,1809.74,1858.73,1807.74,1844.79,1437470.389,1746100799999,2637949745.21837,899672,785397.325,1441295143.74383,0
1746100800000,1844.79,1872.71,1823.47,1851.99,1789376.969,1746115199999,3302650829.98891,1137508,873360.054,1612411746.46717,0
1746115200000,1852.00,1869.40,1838.08,1842.12,735528.169,1746129599999,1363642121.84572,565835,368224.385,682762244.19086,0
1746129600000,1842.11,1850.45,1831.80,1837.19,410179.107,1746143999999,754934496.32347,362339,187396.584,344946327.23953,0
1746144000000,1837.18,1850.49,1834.06,1846.66,472225.233,1746158399999,870719770.20445,426695,243371.864,448806326.23101,0
1746158400000,1846.66,1850.86,1815.00,1815.30,775261.172,1746172799999,1418164565.82939,544885,334058.807,611249923.61748,0
1746172800000,1815.29,1834.92,1812.00,1832.39,738231.839,1746187199999,1347289533.31368,450187,395265.851,721339934.32053,0
1746187200000,1832.39,1853.58,1822.13,1840.21,1066632.348,1746201599999,1960851464.02488,813251,530282.942,975164830.56208,0
1746201600000,1840.21,1871.06,1830.79,1838.78,1002260.931,1746215999999,1856901516.21778,727624,507718.293,940745348.06344,0
1746216000000,1838.78,1847.23,1832.10,1841.22,275358.821,1746230399999,506354749.25543,282956,144293.903,265373887.75067,0
1746230400000,1841.22,1842.44,1825.52,1834.08,325492.804,1746244799999,596656403.96731,286809,164605.189,301764630.00451,0
1746244800000,1834.07,1838.55,1823.39,1825.58,317792.130,1746259199999,581425813.94141,257270,154623.199,282920458.76896,0
1746259200000,1825.58,1829.99,1816.23,1823.35,571769.933,1746273599999,1042894996.24486,377732,281281.499,513186858.49768,0
1746273600000,1823.34,1839.27,1823.10,1833.51,429242.931,1746287999999,786474768.62094,316420,212737.900,389785325.95511,0
1746288000000,1833.51,1838.56,1807.75,1837.61,700161.621,1746302399999,1276284858.10543,466535,343014.690,625409657.86345,0
1746302400000,1837.62,1848.00,1827.79,1832.55,457184.141,1746316799999,840046192.54076,335517,210671.033,387172404.43808,0
1746316800000,1832.55,1848.84,1825.28,1831.24,497884.745,1746331199999,913911498.51557,471414,248396.262,455979231.50593,0
1746331200000,1831.24,1849.53,1828.43,1840.24,489368.721,1746345599999,900936044.07341,398923,263890.368,485912985.39492,0
1746345600000,1840.24,1840.73,1820.75,1826.69,612670.707,1746359999999,1120562339.66114,439981,277396.033,507362451.22282,0
1746360000000,1826.68,1833.07,1817.03,1829.63,405676.694,1746374399999,741204232.36837,330190,197365.564,360650840.53900,0
1746374400000,1829.64,1832.28,1821.06,1827.58,339285.093,1746388799999,619870052.73025,279942,169757.378,310142058.97971,0
1746388800000,1827.59,1841.76,1801.71,1807.87,710871.396,1746403199999,1293595049.72656,499461,337456.697,614400644.76850,0
1746403200000,1807.87,1817.60,1780.02,1793.86,986733.206,1746417599999,1772972155.84134,678614,457599.082,822481149.59870,0
1746417600000,1793.85,1829.07,1792.00,1825.74,627690.591,1746431999999,1138293734.83309,460973,332970.632,603817398.47585,0
1746432000000,1825.73,1830.72,1797.00,1803.81,868144.459,1746446399999,1573734212.70267,541014,396932.787,719569588.24455,0
1746446400000,1803.81,1814.86,1793.29,1800.14,844857.592,1746460799999,1523171476.10385,666039,403052.353,726783067.97144,0
1746460800000,1800.14,1828.00,1799.86,1815.65,671849.243,1746475199999,1219311748.25269,476683,365908.962,664098924.57785,0
1746475200000,1815.64,1832.98,1797.79,1819.43,642080.274,1746489599999,1166833244.16308,454686,333099.253,605557901.02808,0
1746489600000,1819.43,1820.30,1791.57,1805.50,698535.993,1746503999999,1260919674.96340,520476,334774.568,604431861.37337,0
1746504000000,1805.49,1808.55,1797.26,1805.00,302865.771,1746518399999,546199428.23536,265653,141460.649,255124342.90340,0
1746518400000,1804.99,1805.17,1755.71,1769.10,1150386.634,1746532799999,2049820321.13064,708569,499985.331,891056945.51714,0
1746532800000,1769.09,1779.08,1750.00,1769.31,1198817.219,1746547199999,2119000384.84429,852523,573551.747,1013985393.82170,0
1746547200000,1769.31,1798.41,1761.00,1784.05,827534.324,1746561599999,1470977003.47509,634988,436165.708,775560878.82585,0
1746561600000,1784.06,1818.62,1764.39,1816.22,1166051.619,1746575999999,2092235871.28576,839574,601827.156,1080165348.11767,0
1746576000000,1816.23,1850.00,1813.47,1825.60,1484206.235,1746590399999,2719532047.07024,977008,755345.500,1384308262.77920,0
1746590400000,1825.60,1837.85,1823.69,1837.26,407889.918,1746604799999,746450053.62157,357484,207236.368,379292371.02600,0
1746604800000,1837.27,1846.50,1829.47,1835.48,697828.821,1746619199999,1282423550.05021,430300,334743.390,615226044.19294,0
1746619200000,1835.48,1836.20,1813.36,1816.73,864908.101,1746633599999,1578407975.51619,595414,424986.139,775551324.94755,0
1746633600000,1816.72,1817.33,1786.00,1795.08,1577954.618,1746647999999,2842847659.81725,1057231,771072.433,1389416453.86038,0
1746648000000,1795.07,1824.73,1788.00,1810.14,736420.270,1746662399999,1331216290.73801,514847,390280.246,705727539.85685,0
1746662400000,1810.13,1907.45,1807.72,1900.50,1786283.565,1746676799999,3308805373.00834,1186494,1014974.668,1881194227.59570,0
1746676800000,1900.51,1944.00,1891.36,1927.80,1533788.488,1746691199999,2929133281.60029,1007374,802820.196,1533726261.55472,0
1746691200000,1927.81,1968.29,1925.00,1956.65,1369546.365,1746705599999,2661933527.76197,897686,694246.640,1349732433.19204,0
1746705600000,1956.65,2075.10,1952.57,2050.56,3473067.062,1746719999999,6963493166.65065,2084604,1807558.047,3625912518.77825,0
1746720000000,2050.56,2140.21,2035.79,2117.59,2278690.005,1746734399999,4718116139.97838,1524801,1141133.119,2363958986.15242,0
1746734400000,2117.59,2227.00,2111.00,2206.54,2848796.238,1746748799999,6193561926.66948,2110048,1437628.657,3126170985.89340,0
1746748800000,2206.53,2244.90,2183.59,2204.56,1883887.846,1746763199999,4163522056.02389,1506461,911092.523,2014415637.57875,0
1746763200000,2204.56,2393.67,2201.98,2363.81,2727001.302,1746777599999,6252306503.19609,2024524,1466990.095,3361570818.08764,0
1746777600000,2363.71,2490.75,2291.46,2350.76,5113067.854,1746791999999,12156306064.86414,3662987,2480858.888,5898946700.15969,0
1746792000000,2350.75,2388.12,2270.00,2300.55,2541569.629,1746806399999,5906989028.43701,2095858,1251466.396,2909002637.07320,0
1746806400000,2300.55,2355.00,2273.63,2330.69,1243862.334,1746820799999,2886030117.91881,1240037,633385.703,1469785195.57311,0
1746820800000,2330.69,2351.16,2321.48,2344.30,415028.972,1746835199999,970146803.16665,487890,209731.746,490372019.41721,0
1746835200000,2344.31,2379.99,2315.09,2338.81,775367.261,1746849599999,1818417640.35827,872411,379347.908,889724502.64843,0
1746849600000,2338.81,2416.50,2325.31,2399.17,1014233.591,1746863999999,2400896305.48282,930379,522803.254,1237889849.96488,0
1746864000000,2399.20,2435.00,2360.00,2383.75,1972913.729,1746878399999,4733708875.36134,1742501,951486.841,2283200112.96920,0
1746878400000,2383.75,2449.99,2383.75,2432.38,1469863.634,1746892799999,3561527360.71942,1274830,731872.515,1773577717.04330,0
1746892800000,2432.38,2512.00,2427.65,2498.35,2129419.275,1746907199999,5270976516.11438,1775057,1080569.273,2674859410.49099,0
1746907200000,2498.35,2600.76,2465.60,2581.91,1975957.257,1746921599999,5038106676.30081,1779882,1022588.317,2608408241.32482,0
1746921600000,2581.90,2608.00,2498.79,2536.31,1842655.844,1746935999999,4692644420.10380,1736190,874645.855,2227546010.36266,0
1746936000000,2536.31,2561.68,2452.61,2472.61,1538673.347,1746950399999,3860777245.49861,1386089,700101.108,1757221435.16273,0
1746950400000,2472.61,2534.80,2471.50,2529.36,1023280.318,1746964799999,2561648953.95129,1023347,519758.070,1301089337.72427,0
1746964800000,2529.36,2530.92,2434.89,2461.22,1374239.317,1746979199999,3418299012.37897,1226860,637490.467,1585970571.11867,0
1746979200000,2461.22,2524.38,2439.08,2506.99,1105701.773,1746993599999,2746775938.80659,1101629,556764.748,1383068389.29059,0
1746993600000,2507.00,2527.71,2481.95,2513.48,609193.962,1747007999999,1525280994.41641,699858,302404.133,757275155.36476,0
1747008000000,2513.48,2548.00,2490.00,2519.01,941674.729,1747022399999,2373404127.71649,1076810,469136.472,1182711080.00827,0
1747022400000,2519.00,2624.84,2484.02,2553.44,2242797.017,1747036799999,5729405396.09759,1793595,1122065.696,2866451002.82739,0
1747036800000,2553.45,2585.05,2520.00,2529.34,1268458.744,1747051199999,3239043988.27025,1308487,611338.287,1561492046.40578,0
1747051200000,2529.32,2575.60,2478.00,2485.94,2294695.345,1747065599999,5799644507.60314,1925561,1090721.665,2757371466.34086,0
1747065600000,2485.95,2511.94,2406.55,2459.29,1853110.156,1747079999999,4556715989.72236,1577191,857645.746,2109959665.82753,0
1747080000000,2459.28,2499.34,2450.88,2494.16,596324.874,1747094399999,1479431088.47159,610116,314107.782,779134312.85212,0
1747094400000,2494.16,2494.90,2414.36,2424.07,1055040.451,1747108799999,2581969614.68234,1110566,489882.383,1198950868.76558,0
1747108800000,2424.06,2479.45,2418.84,2459.90,776859.755,1747123199999,1905264034.47199,731431,410529.651,1006883817.61153,0
1747123200000,2459.89,2524.97,2450.57,2512.26,965762.294,1747137599999,2401213819.90678,827606,489495.326,1217337791.19164,0
1747137600000,2512.25,2573.00,2490.13,2564.89,1893092.860,1747151999999,4804058875.87872,1574773,935170.724,2374122241.96942,0
1747152000000,2564.88,2738.62,2558.61,2690.02,2769262.522,1747166399999,7317706965.14075,2156134,1408716.291,3721468651.27863,0
1747166400000,2690.02,2706.98,2653.00,2678.59,1236161.125,1747180799999,3311460817.68447,1177683,580042.783,1554165495.92948,0
1747180800000,2678.58,2724.96,2620.80,2645.78,1641253.983,1747195199999,4379226230.27499,1559815,778868.561,2078373118.52277,0
1747195200000,2645.79,2686.61,2635.06,2639.14,807221.596,1747209599999,2147938345.11897,844067,389916.560,1037671539.34080,0
1747209600000,2639.15,2644.71,2575.00,2624.16,1507824.985,1747223999999,3935768671.17140,1398229,747954.971,1952701395.24389,0
1747224000000,2624.16,2634.52,2557.00,2596.28,1495860.917,1747238399999,3876040819.05287,1468799,697382.714,1807492754.43888,0
1747238400000,2596.28,2616.82,2545.00,2603.85,1049260.687,1747252799999,2713496518.49695,1038417,515212.090,1333259928.90395,0
1747252800000,2603.86,2612.88,2582.31,2608.74,412855.983,1747267199999,1072471400.82401,478851,202811.194,527007883.45075,0
1747267200000,2608.75,2646.10,2565.90,2573.77,939751.872,1747281599999,2445608068.83931,1020899,463827.595,1207273044.23713,0
1747281600000,2573.77,2595.73,2513.80,2529.60,1197722.104,1747295999999,3062576222.26786,1102284,550038.091,1407283002.54376,0
1747296000000,2529.59,2566.39,2515.68,2553.81,1225654.523,1747310399999,3117098895.95203,1091488,620256.946,1577797612.24750,0
1747310400000,2553.81,2578.99,2475.61,2562.90,2328139.242,1747324799999,5887913825.31296,1949269,1129052.230,2857785213.23240,0
1747324800000,2562.91,2603.52,2510.59,2529.77,1705724.372,1747339199999,4365908539.89256,1480235,827508.753,2118914416.96519,0
1747339200000,2529.77,2563.61,2510.49,2547.75,718685.509,1747353599999,1822675935.01280,838181,356730.915,904903081.68996,0
1747353600000,2547.76,2584.08,2533.15,2580.43,686310.721,1747367999999,1758652584.03578,865584,351786.635,901562807.10773,0
1747368000000,2580.43,2619.39,2562.92,2600.50,817685.147,1747382399999,2118909624.88959,810735,410137.988,1063082090.50641,0
1747382400000,2600.51,2648.68,2556.65,2620.00,1458062.580,1747396799999,3794886530.82031,1252576,722971.647,1882561873.24568,0
1747396800000,2620.00,2622.39,2572.30,2593.94,1187310.629,1747411199999,3083212511.96572,1181987,567149.103,1472874460.88018,0
1747411200000,2593.93,2600.96,2568.27,2591.00,563810.618,1747425599999,1456481775.53592,677530,273294.778,706110629.60432,0
1747425600000,2591.00,2591.88,2527.14,2535.72,801645.427,1747439999999,2047205415.09951,799765,350948.634,896665023.68392,0
1747440000000,2535.71,2537.63,2450.62,2495.93,1792000.979,1747454399999,4464555273.23136,1637804,859613.557,2140913751.59067,0
1747454400000,2495.92,2512.33,2473.53,2491.49,713657.089,1747468799999,1780124230.83376,719438,335298.917,836303510.24569,0
1747468800000,2491.49,2495.06,2463.71,2480.54,625120.761,1747483199999,1550812553.41678,675797,303144.827,752147903.20928,0
1747483200000,2480.55,2485.76,2442.65,2473.22,822248.107,1747497599999,2030475935.96186,787849,398371.991,983964235.63496,0
1747497600000,2473.22,2488.00,2446.70,2468.90,654559.246,1747511999999,1616080071.25335,700642,324004.311,800132971.36228,0
1747512000000,2468.90,2495.55,2451.28,2474.09,481277.838,1747526399999,1189977306.83640,590714,239597.863,592434116.08514,0
1747526400000,2474.09,2486.78,2466.74,2476.19,331411.088,1747540799999,821320537.77276,432974,164740.303,408293593.57662,0
1747540800000,2476.18,2514.77,2476.18,2508.35,562307.567,1747555199999,1405321726.15481,565819,295865.466,739460024.44469,0
1747555200000,2508.35,2527.85,2496.00,2500.49,557580.444,1747569599999,1401089565.34098,601281,273780.230,688046424.95026,0
1747569600000,2500.49,2587.52,2486.65,2578.06,1379138.641,1747583999999,3506421283.85729,1190526,669251.251,1701688339.98538,0
1747584000000,2578.07,2582.92,2402.00,2406.78,2642398.498,1747598399999,6590356682.37974,2157515,1159700.692,2892680123.48479,0
1747598400000,2406.78,2510.20,2312.62,2496.98,2606228.026,1747612799999,6260980428.70456,2078477,1275692.820,3071205850.65476,0
1747612800000,2496.98,2513.38,2378.02,2384.46,1799075.262,1747627199999,4375915674.03785,1629247,870841.469,2118410957.41355,0
1747627200000,2384.46,2412.27,2346.99,2402.54,1602633.825,1747641599999,3816641625.72970,1440806,808497.612,1925631984.38451,0
1747641600000,2402.53,2422.11,2389.00,2416.34,937674.513,1747655999999,2256516893.11315,870070,472322.897,1136968812.79143,0
1747656000000,2416.33,2473.00,2383.00,2465.59,1658874.566,1747670399999,4028806430.15454,1495557,834780.727,2028139499.48341,0
1747670400000,2465.59,2546.97,2449.82,2517.67,2048794.518,1747684799999,5130003841.64082,1654758,1034120.021,2589693316.21650,0
1747684800000,2517.68,2534.09,2491.39,2526.87,825841.907,1747699199999,2076346525.62887,740557,420999.120,1058421129.66176,0
1747699200000,2526.87,2588.00,2509.52,2552.08,1477473.617,1747713599999,3770973605.72212,1532544,745256.316,1902078855.07814,0
1747713600000,2552.08,2577.54,2520.66,2531.20,913343.332,1747727999999,2327186571.83572,907517,445563.857,1135553942.02568,0
1747728000000,2531.21,2539.00,2491.00,2513.32,887639.522,1747742399999,2234787614.00197,844548,422381.404,1063866210.95567,0
1747742400000,2513.32,2514.31,2463.00,2481.52,1339869.174,1747756799999,3325147743.31817,1233674,639703.793,1587469648.88637,0
1747756800000,2481.52,2511.05,2438.39,2500.25,1342709.473,1747771199999,3328050251.55022,1202641,671725.187,1665548079.29049,0
1747771200000,2500.25,2540.47,2483.50,2523.09,984928.514,1747785599999,2471002671.62018,967782,488588.083,1226401450.07641,0
1747785600000,2523.08,2553.50,2506.31,2543.77,780479.959,1747799999999,1976223041.89037,855583,377281.936,955560838.86314,0
1747800000000,2543.76,2615.46,2533.03,2550.72,1630181.452,1747814399999,4196964345.09694,1432498,799588.507,2058376679.15341,0
1747814400000,2550.72,2561.48,2513.21,2535.67,1087132.338,1747828799999,2756009613.00601,936768,517470.206,1311727462.95782,0
1747828800000,2535.67,2581.96,2520.49,2566.01,1596059.558,1747843199999,4076781850.88728,1462835,800581.367,2045174825.09122,0
1747843200000,2566.01,2614.99,2450.72,2511.11,4283127.922,1747857599999,10737598790.44646,2861068,2119407.874,5311411512.70691,0
1747857600000,2511.10,2598.53,2482.45,2550.26,1223065.547,1747871999999,3103677993.84243,1209114,597880.859,1516937161.28882,0
1747872000000,2550.26,2647.25,2543.37,2628.60,1480317.910,1747886399999,3838941705.13996,1676685,753618.585,1954747273.27749,0
1747886400000,2628.59,2646.82,2601.65,2634.41,1239074.054,1747900799999,3248850279.69671,1330020,600798.138,1575517650.07667,0
1747900800000,2634.41,2692.61,2626.41,2649.71,1589788.052,1747915199999,4232276070.31532,1585625,783733.245,2086625928.23658,0
1747915200000,2649.72,2679.30,2618.59,2663.53,1316940.745,1747929599999,3495901209.82383,1374971,623401.347,1655150647.88512,0
1747929600000,2663.54,2675.34,2625.28,2634.02,876865.881,1747943999999,2326325391.07591,917911,408588.087,1084068657.97481,0
1747944000000,2634.03,2665.00,2627.18,2663.72,482068.043,1747958399999,1274513276.62058,541204,252394.281,667353971.60981,0
1747958400000,2663.72,2734.30,2643.76,2720.93,1570361.036,1747972799999,4234078062.59458,1401805,804765.491,2170523629.94078,0
1747972800000,2720.93,2725.39,2650.01,2654.69,1300283.032,1747987199999,3483548853.55586,1170852,596639.323,1598765098.76327,0
1747987200000,2654.69,2687.80,2550.00,2565.32,1833415.438,1748001599999,4811855498.78237,1409905,848314.992,2226576302.04077,0
1748001600000,2565.32,2591.19,2497.00,2567.38,2423745.030,1748015999999,6191508629.25705,2086814,1201814.990,3070173304.99886,0
1748016000000,2567.37,2585.94,2545.12,2559.76,959181.098,1748030399999,2460260856.90298,913248,482359.748,1237443962.07580,0
1748030400000,2559.77,2561.62,2502.10,2525.39,974559.196,1748044799999,2469751567.42041,1012689,475876.774,1206684240.94954,0
1748044800000,2525.38,2555.05,2513.97,2548.98,533556.357,1748059199999,1352129786.54231,693927,271255.772,687495655.92805,0
1748059200000,2548.98,2562.33,2534.10,2545.79,469613.397,1748073599999,1197417872.45280,489659,217186.189,553893580.01815,0
1748073600000,2545.78,2574.50,2543.81,2562.14,502514.348,1748087999999,1286977705.05168,556421,258113.453,661075048.35118,0
1748088000000,2562.15,2564.37,2542.34,2554.32,470406.445,1748102399999,1201261659.09133,492327,232286.758,593262128.03382,0
1748102400000,2554.32,2566.40,2542.23,2553.33,309487.140,1748116799999,790469958.85186,356314,151556.732,387093031.06429,0
1748116800000,2553.34,2555.47,2511.13,2529.27,466950.261,1748131199999,1181921364.25614,497950,203385.972,514965011.77447,0
1748131200000,2529.27,2538.38,2473.36,2511.79,973247.946,1748145599999,2433151294.62614,928196,467478.795,1168973285.02754,0
1748145600000,2511.78,2517.66,2486.30,2493.38,384054.290,1748159999999,960797901.62512,406661,183531.534,459153643.19282,0
1748160000000,2493.38,2501.74,2457.60,2496.58,796703.684,1748174399999,1979723864.42620,719713,387639.870,963540130.41612,0
1748174400000,2496.58,2524.99,2478.00,2510.47,838094.896,1748188799999,2099688000.18060,799807,423668.567,1061730089.21559,0
1748188800000,2510.47,2537.00,2495.00,2525.21,415021.708,1748203199999,1043013901.82476,424082,214933.889,540435656.28309,0
1748203200000,2525.20,2553.00,2506.08,2550.03,629624.009,1748217599999,1596013575.82399,624369,318062.720,806652364.99285,0
1748217600000,2550.03,2576.00,2535.00,2559.33,697788.792,1748231999999,1784535141.87735,634073,345815.439,884737477.45112,0
1748232000000,2559.34,2598.60,2556.16,2579.71,683033.265,1748246399999,1759892055.91329,579330,355852.331,917041208.00758,0
1748246400000,2579.70,2581.80,2552.47,2566.75,545725.204,1748260799999,1400264797.00463,485712,257989.192,662166812.03544,0
1748260800000,2566.74,2573.62,2537.68,2565.00,697779.257,1748275199999,1783760625.06242,626486,351709.327,899233495.69854,0
1748275200000,2565.00,2572.80,2521.29,2539.97,642992.323,1748289599999,1634452721.53925,584894,294157.322,747906965.74928,0
1748289600000,2539.97,2584.74,2535.19,2562.43,483515.497,1748303999999,1238072301.98722,478161,265462.632,679722434.46163,0
1748304000000,2562.42,2572.50,2508.00,2548.42,836329.354,1748318399999,2122936703.00173,807975,413565.684,1049769502.14244,0
1748318400000,2548.42,2619.61,2547.83,2606.95,1343275.090,1748332799999,3472256344.58402,1152287,722554.348,1868185382.28107,0
1748332800000,2606.97,2654.10,2606.70,2651.98,1387295.484,1748347199999,3654254761.89398,1243147,768643.268,2024780453.53538,0
1748347200000,2651.97,2683.76,2632.42,2667.46,1566938.640,1748361599999,4164719483.18759,1406718,784000.550,2084520858.50485,0
1748361600000,2667.47,2711.80,2657.20,2686.84,1253647.962,1748375999999,3366004558.98568,1111732,644019.909,1729567386.13940,0
1748376000000,2686.84,2693.63,2651.00,2659.84,553686.383,1748390399999,1476458562.47617,621733,264111.363,704392753.45479,0
1748390400000,2659.83,2660.85,2617.00,2644.51,734773.316,1748404799999,1939094713.05615,688056,375130.879,990058236.77729,0
1748404800000,2644.51,2651.87,2622.36,2635.35,463076.132,1748419199999,1220796726.94992,473299,227545.371,599979815.07862,0
1748419200000,2635.36,2658.94,2606.00,2655.99,750489.820,1748433599999,1976895795.48447,636860,386864.560,1019494805.62207,0
1748433600000,2655.99,2689.13,2612.00,2626.17,1681717.068,1748447999999,4458547202.35822,1361117,827737.654,2194988764.83935,0
1748448000000,2626.20,2664.00,2615.23,2616.61,785142.616,1748462399999,2073648184.65828,780334,388851.015,1026993487.28337,0
1748462400000,2616.61,2686.00,2610.01,2680.40,740934.455,1748476799999,1963302246.84097,719127,380885.293,1009665495.81593,0
1748476800000,2680.40,2788.88,2669.43,2762.05,1934120.835,1748491199999,5284747107.15848,1568699,1012929.582,2767759887.57401,0
1748491200000,2762.04,2766.66,2700.01,2730.00,1163696.032,1748505599999,3175076639.00827,999441,527957.586,1440424519.88849,0
1748505600000,2730.00,2744.00,2705.82,2714.84,866640.236,1748519999999,2360392447.27752,789215,424378.588,1156095793.65942,0
1748520000000,2714.84,2718.09,2620.26,2642.46,2061443.262,1748534399999,5494768390.34941,1805087,1014916.109,2705169787.59467,0
1748534400000,2642.46,2672.85,2627.34,2649.35,990275.507,1748548799999,2623679983.38696,1022640,506119.361,1341139387.73897,0
1748548800000,2649.35,2667.97,2617.11,2630.30,572182.083,1748563199999,1513522434.82611,622683,263728.804,697785719.05759,0
1748563200000,2630.30,2644.12,2556.00,2630.39,1473970.879,1748577599999,3839293428.50507,1262677,709493.688,1849204893.41672,0
1748577600000,2630.39,2648.42,2605.83,2617.55,912386.829,1748591999999,2396727445.91431,821145,428723.743,1126511124.33547,0
1748592000000,2617.55,2627.09,2586.55,2620.69,833611.471,1748606399999,2177244426.29770,878766,405521.090,1059372937.45348,0
1748606400000,2620.70,2625.28,2571.17,2597.01,1368556.609,1748620799999,3552415827.43478,1365872,648280.663,1682690885.18440,0
1748620800000,2597.01,2603.00,2530.00,2573.30,1392383.191,1748635199999,3562404508.75648,1229285,688945.468,1762258159.13046,0
1748635200000,2573.30,2589.45,2503.37,2529.63,1003938.363,1748649599999,2551304655.21186,958206,459617.970,1168471286.77323,0
1748649600000,2529.62,2538.39,2474.00,2512.88,1322167.486,1748663999999,3311258370.99013,1364254,627861.295,1573101187.66620,0
1748664000000,2512.88,2526.00,2503.40,2520.00,394921.322,1748678399999,994321445.39823,464603,203187.307,511673185.80098,0
1748678400000,2520.00,2537.97,2506.27,2518.60,477940.903,1748692799999,1205032164.90919,508489,240710.984,607044414.86397,0
1748692800000,2518.60,2550.00,2515.34,2534.85,645857.187,1748707199999,1637783982.65276,628541,333972.400,846951449.34352,0
1748707200000,2534.85,2546.49,2521.05,2536.48,304612.221,1748721599999,772271563.51978,345055,138594.513,351449343.22651,0
1748721600000,2536.47,2550.00,2523.32,2527.08,301330.216,1748735999999,764625183.16824,332978,165260.866,419413197.97485,0
1748736000000,2527.08,2529.67,2488.52,2512.14,597182.554,1748750399999,1499149184.33131,641205,279128.423,700907387.49732,0
1748750400000,2512.13,2526.46,2504.58,2507.62,260989.816,1748764799999,656479569.78470,335643,127276.591,320183030.25242,0
1748764800000,2507.62,2509.70,2476.01,2496.32,578632.561,1748779199999,1442890291.28375,602963,273880.191,683064418.79053,0
1748779200000,2496.32,2524.47,2465.00,2522.00,730401.961,1748793599999,1824234622.89048,680572,367838.685,919209944.43406,0
1748793600000,2522.00,2547.00,2491.56,2525.11,884380.111,1748807999999,2234177609.85736,781856,438342.181,1107440334.12704,0
1748808000000,2525.10,2546.35,2518.19,2537.89,433284.726,1748822399999,1098234347.00607,423465,215394.379,546043258.12169,0
1748822400000,2537.89,2540.89,2484.05,2495.12,661312.367,1748836799999,1661853993.38160,658985,312991.273,786257601.19835,0
1748836800000,2495.11,2512.74,2482.00,2505.78,579570.941,1748851199999,1446554128.48184,534285,305951.993,763741034.95866,0
1748851200000,2505.79,2515.00,2472.74,2480.03,763797.294,1748865599999,1899629449.04895,740203,354565.102,882019849.72259,0
1748865600000,2480.02,2556.34,2477.00,2543.24,1458642.261,1748879999999,3673553959.18502,1230045,741123.682,1866903523.79575,0
1748880000000,2543.25,2565.40,2522.88,2531.21,837300.820,1748894399999,2129529348.46402,819747,400600.450,1019288019.99404,0
1748894400000,2531.22,2614.20,2530.70,2606.48,974822.701,1748908799999,2514057660.51699,863350,536224.543,1382445884.57312,0
1748908800000,2606.49,2649.00,2588.05,2602.38,1386420.609,1748923199999,3631634870.39832,1149246,681339.851,1785035644.97017,0
1748923200000,2602.38,2619.44,2588.88,2608.68,569501.463,1748937599999,1483673788.08248,463714,301784.664,786263880.54570,0
1748937600000,2608.69,2619.52,2593.47,2600.21,505288.900,1748951999999,1317245159.50683,438916,247305.563,644746815.16569,0
1748952000000,2600.21,2654.98,2596.36,2622.56,1348476.143,1748966399999,3541756668.25993,1054977,698946.290,1835917887.13576,0
1748966400000,2622.55,2627.77,2601.76,2624.16,648206.732,1748980799999,1695514763.22023,628771,333079.389,871345432.08483,0
1748980800000,2624.17,2624.46,2563.00,2592.16,734013.333,1748995199999,1907335635.75751,662399,328399.132,853915377.71290,0
1748995200000,2592.16,2639.84,2582.41,2626.78,649446.742,1749009599999,1698089770.56719,617157,346015.523,904777454.49076,0
1749009600000,2626.77,2644.17,2618.33,2626.31,578432.877,1749023999999,1520434984.05933,493105,273989.608,720171648.57943,0
1749024000000,2626.32,2649.38,2623.00,2623.71,662755.204,1749038399999,1747968143.21050,580614,330563.588,871912483.62543,0
1749038400000,2623.71,2679.64,2593.20,2666.91,1877192.480,1749052799999,4938648663.39774,1322028,959922.765,2526687156.27694,0
1749052800000,2666.92,2668.29,2620.73,2622.36,811795.325,1749067199999,2146222952.40715,704147,387418.492,1024095676.14066,0
1749067200000,2622.36,2623.79,2596.95,2606.62,704964.905,1749081599999,1838878709.80404,636933,336685.497,878265479.58292,0
1749081600000,2606.62,2631.68,2600.11,2624.00,465813.604,1749095999999,1218689771.54626,457069,233598.431,611221109.61173,0
1749096000000,2624.01,2633.76,2600.00,2603.21,580779.233,1749110399999,1517929644.62352,501822,269024.892,703171014.36483,0
1749110400000,2603.22,2612.68,2579.14,2606.64,660454.477,1749124799999,1716600273.40368,557415,315222.023,819558754.18226,0
1749124800000,2606.63,2640.00,2560.01,2588.34,2165012.477,1749139199999,5627922466.19594,1550380,1061932.538,2760811317.45808,0
1749139200000,2588.35,2590.70,2506.00,2528.08,1793921.269,1749153599999,4578100953.41684,1470354,873109.754,2228403664.54315,0
1749153600000,2528.08,2534.79,2390.00,2412.90,2826419.660,1749167999999,6897426785.68094,2168625,1319428.602,3218778666.45713,0
1749168000000,2412.90,2455.83,2379.62,2454.51,1153684.026,1749182399999,2790444226.81936,992577,573655.443,1388592772.84946,0
1749182400000,2454.50,2468.43,2445.49,2454.18,745714.121,1749196799999,1831036410.89255,620767,342277.886,840669527.94126,0
1749196800000,2454.19,2492.03,2452.71,2474.93,815093.429,1749211199999,2016489582.51501,636699,416127.529,1029588999.16934,0
1749211200000,2474.93,2529.67,2465.66,2508.29,1649226.869,1749225599999,4122030642.34424,1231740,836017.435,2090306055.57240,0
1749225600000,2508.28,2517.39,2482.21,2483.04,681493.984,1749239999999,1700894707.80931,667259,327678.288,817996152.37286,0
1749240000000,2483.04,2506.44,2471.51,2475.38,373807.114,1749254399999,929661838.87505,390052,181286.500,451024313.71983,0
1749254400000,2475.38,2492.79,2455.85,2487.99,562304.031,1749268799999,1391603258.28238,511855,293538.941,726699616.70690,0
1749268800000,2487.99,2501.15,2478.75,2490.21,436170.860,1749283199999,1085991677.76966,355625,228062.656,567906265.07874,0
1749283200000,2490.21,2500.88,2480.25,2494.22,295912.887,1749297599999,736985745.68833,282846,146823.417,365744712.87697,0
1749297600000,2494.23,2522.91,2491.28,2518.50,616927.623,1749311999999,1547271205.03331,518087,316065.971,792663684.99163,0
1749312000000,2518.50,2524.90,2505.61,2515.78,397391.702,1749326399999,999488649.77936,368386,189848.744,477568013.51352,0
1749326400000,2515.78,2545.00,2515.78,2523.40,384207.658,1749340799999,971791535.58625,334958,206325.508,522098844.09954,0
1749340800000,2523.41,2525.00,2507.25,2510.66,304361.554,1749355199999,765362692.29356,282162,150886.809,379446441.40255,0
1749355200000,2510.66,2519.03,2507.25,2513.45,195997.002,1749369599999,492492829.83456,198095,100895.248,253567370.39549,0
1749369600000,2513.46,2520.19,2483.28,2512.29,585488.919,1749383999999,1466011498.28422,430674,283544.382,710264366.49601,0
1749384000000,2512.29,2527.26,2498.68,2513.39,475955.891,1749398399999,1195329765.65814,393949,246789.317,619886127.50473,0
1749398400000,2513.38,2539.68,2511.48,2531.53,417830.619,1749412799999,1055950095.93795,378428,207748.605,525099024.19900,0
1749412800000,2531.54,2548.02,2497.41,2508.32,653318.554,1749427199999,1644856941.63958,527702,289722.477,729790407.45919,0
1749427200000,2508.31,2510.64,2480.40,2495.55,592287.740,1749441599999,1478074684.09027,532580,269721.652,673206043.47194,0
1749441600000,2495.55,2495.74,2475.83,2490.67,395793.047,1749455999999,983702667.41697,331495,198197.517,492705078.61256,0
1749456000000,2490.67,2546.98,2483.03,2540.74,1177500.484,1749470399999,2970000892.00807,856066,625462.849,1577184144.43544,0
1749470400000,2540.75,2547.97,2507.98,2532.98,970683.284,1749484799999,2456157240.72246,798672,474174.358,1199827710.66166,0
1749484800000,2532.98,2589.33,2532.66,2579.45,1032215.720,1749499199999,2649671332.23172,857173,529834.674,1359998493.95681,0
1749499200000,2579.46,2693.20,2574.54,2679.12,1404063.031,1749513599999,3709304137.94945,1123385,768370.705,2029276105.25360,0
1749513600000,2679.13,2726.83,2674.44,2688.26,1363440.805,1749527999999,3678944870.55230,1029569,677602.005,1828701174.59594,0
1749528000000,2688.26,2699.00,2655.00,2676.67,941983.645,1749542399999,2520139600.98541,666460,499387.295,1336217724.15929,0
1749542400000,2676.67,2798.72,2669.01,2772.99,1670367.354,1749556799999,4571020059.84293,1269027,882587.391,2414046716.16265,0
1749556800000,2772.99,2778.50,2688.53,2731.83,2220486.109,1749571199999,6083567458.24964,1740351,1070592.464,2932852628.71488,0
1749571200000,2731.84,2807.00,2727.05,2772.87,1329132.350,1749585599999,3665945983.83702,1154094,666439.891,1838902531.02363,0
1749585600000,2772.87,2827.00,2731.02,2815.74,1304747.252,1749599999999,3635129957.49796,1247583,676934.479,1886809922.20476,0
1749600000000,2815.74,2834.23,2771.14,2790.21,938015.800,1749614399999,2623232294.41112,912101,455890.691,1274951813.88904,0
1749614400000,2790.21,2803.61,2778.80,2790.86,470951.583,1749628799999,1315056924.17384,534496,234822.106,655794141.46527,0
1749628800000,2790.86,2792.84,2753.01,2771.82,737858.849,1749643199999,2043051331.62221,691737,356623.792,987538373.34110,0
1749643200000,2771.82,2879.00,2762.88,2864.01,2768039.315,1749657599999,7804734007.63666,2140464,1422403.003,4010773343.30056,0
1749657600000,2864.00,2874.98,2800.59,2811.94,1796803.452,1749671999999,5091316337.08741,1571958,848346.096,2404074790.38342,0
1749672000000,2811.93,2830.00,2742.57,2770.34,1202209.570,1749686399999,3344460514.60457,1118582,572805.987,1594308151.00105,0
1749686400000,2770.35,2783.90,2745.01,2763.99,870750.517,1749700799999,2408101587.37489,852021,424402.810,1174095755.02363,0
1749700800000,2764.00,2775.75,2729.13,2739.45,769350.680,1749715199999,2120270525.98063,674215,385423.072,1062721651.45639,0
1749715200000,2739.45,2760.94,2718.46,2728.76,908970.378,1749729599999,2492151664.62922,787961,444846.322,1219913829.86539,0
1749729600000,2728.76,2772.52,2710.78,2718.25,1597660.237,1749743999999,4380399527.76467,1242719,776774.238,2130373216.04868,0
1749744000000,2718.24,2769.97,2690.01,2693.13,1386161.237,1749758399999,3788362563.15181,1131330,678397.608,1854915244.70409,0
1749758400000,2693.12,2702.38,2614.24,2641.38,1873001.218,1749772799999,4968739934.62586,1442490,884450.276,2346355469.08879,0
1749772800000,2641.38,2644.32,2433.80,2513.00,4910049.086,1749787199999,12354724952.68701,3468868,2297014.141,5773775812.48474,0
1749787200000,2513.00,2541.11,2490.78,2525.13,1278994.741,1749801599999,3215515412.66144,1070138,632891.678,1591509625.00867,0
1749801600000,2525.14,2544.87,2505.35,2543.93,1188597.489,1749815999999,3000876610.96211,992236,638019.359,1611287743.71466,0
1749816000000,2543.93,2562.57,2502.65,2550.26,1939511.167,1749830399999,4923878561.89364,1528365,931815.263,2366621077.81424,0
1749830400000,2550.26,2585.00,2508.70,2526.33,1349970.638,1749844799999,3432093950.97608,1259082,659727.050,1677849558.87153,0
1749844800000,2526.33,2582.16,2523.08,2578.09,498759.875,1749859199999,1275509599.01652,547048,269055.012,688045918.07066,0
1749859200000,2578.10,2578.18,2545.83,2547.74,488953.082,1749873599999,1251738788.22811,485822,233546.281,597878997.78639,0
1749873600000,2547.73,2555.45,2524.08,2535.82,434102.986,1749887999999,1103597539.90060,360609,201914.343,513410727.04877,0
1749888000000,2535.82,2538.70,2517.33,2537.00,485412.365,1749902399999,1227767422.17526,420621,233295.765,590154761.30146,0
1749902400000,2537.01,2545.40,2503.30,2518.22,639512.902,1749916799999,1614933837.72509,520059,310716.572,784936487.96540,0
1749916800000,2518.21,2525.07,2486.68,2506.31,999816.853,1749931199999,2504969954.40017,846170,488868.126,1225136507.90626,0
1749931200000,2506.36,2539.16,2495.40,2529.66,517526.195,1749945599999,1303626357.54776,486255,264415.655,666261749.18252,0
1749945600000,2529.66,2539.90,2523.78,2529.05,289312.420,1749959999999,732511622.83059,287547,141456.686,358206403.14827,0
1749960000000,2529.04,2552.23,2521.01,2527.33,636118.280,1749974399999,1614047291.44213,461395,316475.626,803247463.64099,0
1749974400000,2527.32,2528.96,2507.38,2515.19,456376.615,1749988799999,1148465423.43838,407335,226097.544,569004543.16042,0
1749988800000,2515.19,2555.00,2514.79,2540.79,789067.656,1750003199999,2002470192.11716,653385,421341.359,1069204855.59489,0
1750003200000,2540.80,2559.76,2528.54,2535.94,490790.656,1750017599999,1248608943.80665,449124,253243.353,644431434.07394,0
1750017600000,2535.94,2549.42,2490.38,2546.32,836516.063,1750031999999,2108472898.25303,814322,421041.266,1061214256.41829,0
1750032000000,2546.32,2578.00,2513.38,2567.60,931639.038,1750046399999,2377504191.57838,847136,478215.342,1220825023.04722,0
1750046400000,2567.60,2637.70,2565.37,2627.71,1245019.081,1750060799999,3244810786.13969,916271,695150.869,1811454868.43231,0
1750060800000,2627.72,2633.15,2591.62,2615.81,831117.756,1750075199999,2174094026.50701,667702,393656.667,1029755648.83579,0
1750075200000,2615.80,2656.51,2603.34,2630.86,1211839.078,1750089599999,3188237802.80778,1010445,606470.818,1595684656.98974,0
1750089600000,2630.86,2668.90,2626.26,2659.20,771364.382,1750103999999,2040762804.88515,654029,400563.898,1060026772.47679,0
1750104000000,2659.22,2680.00,2533.10,2543.12,2110670.661,1750118399999,5475575506.65872,1535063,960092.495,2493002139.71710,0
1750118400000,2543.11,2617.74,2524.00,2606.39,1643928.047,1750132799999,4225022655.87515,1340850,878685.333,2258230617.13762,0
1750132800000,2606.39,2609.69,2569.00,2581.13,692237.722,1750147199999,1789346117.61771,638305,331179.936,856145248.48239,0
1750147200000,2581.13,2584.37,2540.65,2551.25,780338.905,1750161599999,1997450308.14845,675965,375342.669,960848075.10250,0
1750161600000,2551.26,2567.39,2480.00,2497.75,1936684.116,1750175999999,4896097619.49113,1315791,892867.316,2258020005.90722,0
1750176000000,2497.76,2542.71,2451.97,2527.09,2072872.872,1750190399999,5161571869.33797,1581527,1043332.861,2598764040.03517,0
1750190400000,2527.09,2533.83,2491.00,2508.99,878059.326,1750204799999,2207365291.11277,743620,429829.227,1080822768.80303,0
1750204800000,2508.99,2535.31,2505.00,2526.87,561438.504,1750219199999,1415795348.24611,545169,281827.597,710753982.15137,0
1750219200000,2526.88,2545.10,2516.40,2532.33,525376.414,1750233599999,1329305418.65896,475134,253714.002,642036648.42866,0
1750233600000,2532.33,2547.35,2487.45,2512.59,1052630.235,1750247999999,2647794820.57941,796118,513293.239,1291058101.91736,0
1750248000000,2512.60,2537.99,2465.00,2507.84,2115706.575,1750262399999,5296691896.12969,1539699,1050241.435,2629612271.69745,0
1750262400000,2507.84,2520.09,2465.00,2491.24,1679946.788,1750276799999,4187055213.05522,1408223,827684.568,2063221683.32391,0
1750276800000,2491.25,2536.75,2481.50,2523.49,758607.152,1750291199999,1910801817.13651,651502,380102.614,957328756.37330,0
1750291200000,2523.50,2546.29,2505.52,2524.36,624508.847,1750305599999,1575600599.21914,554212,320111.506,807826251.28349,0
1750305600000,2524.35,2530.17,2513.01,2517.56,345035.785,1750319999999,869965102.44269,309899,165320.857,416854769.82184,0
1750320000000,2517.56,2544.00,2517.55,2530.62,538241.729,1750334399999,1363269387.85580,467377,278198.494,704624679.66007,0
1750334400000,2530.61,2536.38,2488.76,2491.89,921652.562,1750348799999,2312682043.53968,711181,447686.311,1123501618.66364,0
1750348800000,2491.88,2523.48,2483.58,2503.76,729587.211,1750363199999,1826675752.23748,592241,373222.071,934461825.54001,0
1750363200000,2503.77,2531.85,2501.59,2520.18,507720.547,1750377599999,1278022445.76256,435033,277162.881,697808272.73278,0
1750377600000,2520.17,2530.58,2511.18,2516.16,386590.064,1750391999999,974688885.25326,361219,188659.601,475660779.53464,0
1750392000000,2516.16,2552.00,2502.44,2548.60,790265.848,1750406399999,1996702054.08359,570924,423151.125,1069532941.86888,0
1750406400000,2548.60,2568.56,2540.00,2548.68,1012530.739,1750420799999,2585716501.39760,749318,483151.386,1233961845.39836,0
1750420800000,2548.68,2558.63,2486.00,2492.46,1685818.916,1750435199999,4242290503.60386,1205786,825653.862,2077514753.36518,0
1750435200000,2492.47,2495.10,2363.88,2413.62,2960595.651,1750449599999,7178635572.49047,1970210,1367852.022,3315974097.66188,0
1750449600000,2413.62,2437.20,2380.00,2405.42,888370.569,1750463999999,2139396845.41513,780848,403719.207,972613371.98959,0
1750464000000,2405.43,2431.44,2394.66,2424.33,529288.672,1750478399999,1279326731.43065,471134,276649.499,668619609.56357,0
1750478400000,2424.34,2427.25,2417.59,2425.63,274576.529,1750492799999,665146938.86675,233663,134511.746,325875904.78473,0
1750492800000,2425.63,2447.96,2422.08,2441.43,587247.643,1750507199999,1431417741.51473,433448,306239.494,746525620.51345,0
1750507200000,2441.43,2444.10,2410.89,2422.37,787741.515,1750521599999,1910092657.41658,612592,373702.976,906137948.70140,0
1750521600000,2422.36,2427.39,2381.00,2384.02,855670.816,1750535999999,2054339589.06082,701310,402219.207,965830895.48023,0
1750536000000,2384.02,2408.10,2213.07,2294.63,3313256.274,1750550399999,7586140101.16197,2365806,1523710.611,3489364966.67953,0
1750550400000,2294.64,2312.96,2243.19,2263.49,2193010.090,1750564799999,4997302393.39913,1864515,1055008.117,2404520136.61767,0
1750564800000,2263.50,2297.40,2260.59,2269.74,745492.225,1750579199999,1700462445.70742,693689,364227.903,830939500.39523,0
1750579200000,2269.74,2279.08,2233.34,2272.00,1138897.715,1750593599999,2572729627.46215,926237,585166.881,1321991443.12471,0
1750593600000,2272.00,2286.64,2155.10,2173.91,3824236.271,1750607999999,8418439663.55592,2445701,1860124.981,4094949020.87849,0
1750608000000,2173.90,2219.11,2169.42,2182.96,1163775.320,1750622399999,2547235078.55958,1095984,609347.329,1333965256.97222,0
1750622400000,2182.97,2236.00,2111.00,2226.33,1911014.757,1750636799999,4158865510.86997,1602613,940388.844,2047788788.37782,0
1750636800000,2226.33,2259.37,2221.00,2233.89,780063.519,1750651199999,1745683266.66284,741380,372670.385,834406236.93582,0
1750651200000,2233.90,2277.77,2226.76,2257.50,914424.114,1750665599999,2055926962.66895,735415,454879.840,1023230652.43929,0
1750665600000,2257.51,2273.47,2237.34,2252.16,657693.554,1750679999999,1480999674.66352,614428,309348.666,696815759.56652,0
1750680000000,2252.17,2317.00,2231.02,2247.17,2217435.913,1750694399999,5044585957.78862,1661081,1101701.992,2507753071.90263,0
1750694400000,2247.16,2325.38,2187.01,2311.57,3035881.317,1750708799999,6847070842.01045,2312338,1544809.163,3486127017.86707,0
1750708800000,2311.61,2440.00,2302.27,2410.39,2514103.620,1750723199999,5985793822.07570,1897392,1326312.893,3157111640.60919,0
1750723200000,2410.40,2416.83,2388.05,2397.66,940167.174,1750737599999,2257568951.18072,799120,449046.830,1078516312.79564,0
1750737600000,2397.66,2434.10,2390.00,2391.79,971566.814,1750751999999,2341383759.29601,814575,471379.044,1136305901.41860,0
1750752000000,2391.78,2450.00,2374.90,2408.30,1457561.532,1750766399999,3508247963.88204,1089368,740481.861,1783073351.08227,0
1750766400000,2408.30,2455.98,2401.46,2437.00,1354130.236,1750780799999,3284751960.17306,1166818,690193.554,1674615121.73916,0
1750780800000,2437.00,2481.28,2416.00,2432.91,1553818.886,1750795199999,3810824934.68597,1132658,787703.979,1932876249.18569,0
1750795200000,2432.90,2448.82,2428.94,2447.58,395365.330,1750809599999,964280791.04765,444940,207930.193,507196624.29196,0
1750809600000,2447.58,2467.84,2435.29,2442.85,618629.814,1750823999999,1517612024.28194,661415,307692.288,754968911.30640,0
1750824000000,2442.85,2449.93,2422.77,2443.45,561567.204,1750838399999,1368099220.16187,554591,277653.534,676452319.58715,0
1750838400000,2443.44,2447.61,2405.06,2427.96,963725.948,1750852799999,2337364440.57680,817098,443745.300,1076603504.81016,0
1750852800000,2427.93,2445.87,2388.23,2404.48,1704481.503,1750867199999,4122546309.42443,1450866,859104.359,2078487541.86188,0
1750867200000,2404.48,2438.75,2400.22,2431.80,664699.186,1750881599999,1607995826.14636,755202,334732.193,809797128.01461,0
1750881600000,2431.79,2455.27,2406.69,2417.28,487021.558,1750895999999,1182424932.48600,515584,254910.945,619160222.50028,0
1750896000000,2417.28,2520.00,2415.68,2487.95,1384813.557,1750910399999,3426450270.57983,1210317,738778.115,1828280533.90565,0
1750910400000,2487.95,2499.85,2465.74,2489.00,648672.753,1750924799999,1610159585.25280,634074,323573.349,803253249.08910,0
1750924800000,2489.01,2499.65,2438.00,2449.23,888554.803,1750939199999,2189727163.83377,803619,415256.321,1023247776.31271,0
1750939200000,2449.23,2458.93,2408.01,2432.00,1525301.187,1750953599999,3711048886.57650,1224819,742877.393,1808005626.60778,0
1750953600000,2432.00,2443.09,2416.63,2434.52,549742.962,1750967999999,1334736739.07912,617636,273425.633,663997434.57346,0
1750968000000,2434.51,2456.58,2392.12,2414.54,707909.250,1750982399999,1714765511.64868,709429,334634.466,811231233.73930,0
1750982400000,2414.59,2447.89,2377.00,2445.83,785672.789,1750996799999,1899578663.93165,662986,398363.005,963708183.40469,0
1750996800000,2445.84,2458.88,2433.33,2441.19,623010.328,1751011199999,1522435573.47860,524433,294949.600,720882701.47666,0
1751011200000,2441.20,2463.38,2433.99,2446.26,612862.630,1751025599999,1501224361.16203,562276,313020.646,766867688.05382,0
1751025600000,2446.27,2456.33,2412.50,2437.61,1017373.521,1751039999999,2472394431.98674,911351,514940.879,1251601905.87568,0
1751040000000,2437.61,2448.69,2387.01,2411.72,985773.859,1751054399999,2376728887.29080,879829,492903.618,1188450756.36288,0
1751054400000,2411.72,2429.00,2410.50,2422.06,350789.367,1751068799999,849201279.93747,354895,175776.035,425536193.35247,0
1751068800000,2422.07,2423.06,2404.75,2419.70,281932.459,1751083199999,681139830.76352,281140,140240.353,338872656.11267,0
1751083200000,2419.70,2433.00,2416.52,2430.55,249389.724,1751097599999,604513366.64381,244585,130207.026,315679265.66921,0
1751097600000,2430.55,2431.25,2418.29,2426.26,224421.488,1751111999999,544057882.74277,224648,110101.762,266930586.47814,0
1751112000000,2426.26,2443.99,2418.75,2435.08,250438.725,1751126399999,607982442.29756,228416,137178.145,333144568.58054,0
1751126400000,2435.09,2447.42,2430.50,2432.38,359274.969,1751140799999,875672208.80906,363291,181055.001,441383538.50516,0
1751140800000,2432.38,2441.37,2425.80,2434.80,168454.394,1751155199999,409952191.76285,208656,76733.840,186767751.27185,0
1751155200000,2434.80,2441.68,2423.12,2426.85,199560.091,1751169599999,485180920.14715,214400,93083.031,226341165.80309,0
1751169600000,2426.84,2439.60,2425.57,2439.58,173700.524,1751183999999,422676428.07798,175244,87423.986,212734145.95297,0
1751184000000,2439.58,2463.96,2437.05,2460.82,587466.365,1751198399999,1439674975.20707,484139,309868.070,759543313.01261,0
1751198400000,2460.81,2462.14,2431.70,2435.36,497284.170,1751212799999,1216080649.76909,422168,227368.111,556069868.51285,0
1751212800000,2435.36,2441.71,2428.00,2436.81,283148.046,1751227199999,689662395.96499,265036,155040.455,377687658.98734,0
1751227200000,2436.80,2524.41,2406.45,2499.25,1325636.004,1751241599999,3284520068.48423,1044252,696866.900,1726866880.01201,0
1751241600000,2499.25,2523.43,2494.18,2498.42,660423.780,1751255999999,1656388641.72012,597098,320554.283,804029581.52555,0
1751256000000,2498.43,2504.81,2453.94,2479.63,882527.342,1751270399999,2187911321.70521,642273,431969.890,1070729823.78087,0
1751270400000,2479.63,2485.84,2445.20,2457.19,783903.016,1751284799999,1929143493.34374,566751,377785.639,929672472.32227,0
1751284800000,2457.19,2488.12,2431.87,2473.54,1355948.586,1751299199999,3332908116.88147,1004735,653418.571,1606282201.21207,0
1751299200000,2473.54,2517.49,2460.05,2514.78,980605.854,1751313599999,2439582837.39450,881171,523071.389,1301686442.97757,0
1751313600000,2514.78,2521.59,2481.15,2484.30,509078.127,1751327999999,1272265045.83693,513099,228187.061,570317456.25697,0
1751328000000,2484.30,2499.60,2476.24,2484.36,416594.462,1751342399999,1036217660.39529,385941,216139.262,537672198.15855,0
1751342400000,2484.37,2484.70,2443.88,2464.02,834084.799,1751356799999,2052517312.42734,605862,399380.718,982659601.41052,0
1751356800000,2464.02,2464.02,2441.14,2448.14,465079.976,1751371199999,1140873586.29339,371499,232536.747,570525405.70131,0
1751371200000,2448.13,2455.30,2405.05,2422.49,1442880.685,1751385599999,3505897019.02102,1047564,688901.769,1674330129.58636,0
1751385600000,2422.49,2433.24,2400.00,2401.45,670882.473,1751399999999,1621782464.38551,590575,318504.661,770247339.84805,0
1751400000000,2401.45,2417.43,2383.33,2403.65,676653.635,1751414399999,1625221423.70339,554353,329717.674,792214020.88913,0
1751414400000,2403.66,2431.51,2367.53,2429.23,755580.925,1751428799999,1816358769.77152,601669,394495.432,949035574.74773,0
1751428800000,2429.22,2453.53,2424.13,2445.75,667585.557,1751443199999,1629797292.96895,487134,314369.012,767576580.51571,0
1751443200000,2445.76,2460.00,2440.32,2444.53,570139.751,1751457599999,1396358705.61174,449874,273411.519,669729816.21144,0
1751457600000,2444.53,2502.97,2430.42,2497.74,1332986.591,1751471999999,3289056074.30488,1049680,703383.542,1736130651.30023,0
1751472000000,2497.73,2607.36,2494.04,2603.65,2430964.502,1751486399999,6214634719.98200,1598864,1280860.988,3274717405.09311,0
1751486400000,2603.64,2618.20,2568.09,2569.37,851809.443,1751500799999,2208566775.04015,674424,406858.817,1055425528.69728,0
1751500800000,2569.37,2586.15,2555.25,2560.22,604326.811,1751515199999,1552977321.28730,581626,306683.830,788246018.06065,0
1751515200000,2560.21,2604.84,2558.27,2599.24,706792.152,1751529599999,1828310131.76919,601012,390948.889,1011135337.80597,0
1751529600000,2599.24,2616.00,2580.24,2596.25,836532.847,1751543999999,2172434631.42309,658353,414886.274,1077554098.47559,0
1751544000000,2596.25,2635.00,2563.77,2569.14,2209363.396,1751558399999,5739093057.71298,1582967,1109364.935,2882946207.48866,0
1751558400000,2569.14,2591.31,2563.75,2584.63,600760.674,1751572799999,1548019525.81449,572284,323180.354,832817897.34361,0
1751572800000,2584.63,2602.76,2584.10,2590.17,310981.364,1751587199999,806352488.28331,329388,157992.227,409700204.23138,0
1751587200000,2590.18,2601.96,2570.07,2576.66,432892.138,1751601599999,1118741377.27685,435023,200927.992,519342049.48162,0
1751601600000,2576.67,2584.01,2528.00,2533.85,1036995.167,1751615999999,2649483382.56216,743042,436888.443,1116661463.81325,0
1751616000000,2533.85,2558.00,2525.77,2548.01,709906.332,1751630399999,1806851085.62602,565363,380862.012,969453348.97090,0
1751630400000,2548.01,2554.84,2494.42,2499.61,1434107.509,1751644799999,3612780892.80367,1112726,694998.648,1751018393.05640,0
1751644800000,2499.61,2502.66,2473.07,2481.59,952063.317,1751659199999,2366939986.08301,803123,489339.357,1216673823.88866,0
1751659200000,2481.59,2519.60,2480.20,2506.86,467707.257,1751673599999,1170596983.06424,398202,247095.321,618408736.74023,0
1751673600000,2506.87,2523.94,2496.79,2517.30,337655.931,1751687999999,848619625.68036,329910,165041.212,414897723.39198,0
1751688000000,2517.30,2528.86,2511.32,2520.35,300295.253,1751702399999,756861752.49186,306945,146078.073,368242050.85000,0
1751702400000,2520.36,2524.73,2507.65,2516.82,309522.531,1751716799999,778958952.10838,309058,147697.594,371751077.70697,0
1751716800000,2516.82,2520.96,2503.71,2506.88,319743.532,1751731199999,803564293.69514,304546,151541.954,380888082.14542,0
1751731200000,2506.88,2512.29,2486.31,2504.41,504716.310,1751745599999,1261451803.53482,476080,244821.306,612027557.46213,0
1751745600000,2504.40,2521.74,2497.00,2515.25,239879.454,1751759999999,602646559.13642,235038,128141.948,321931835.70634,0
1751760000000,2515.25,2519.82,2508.06,2513.77,180837.776,1751774399999,454643218.62355,175640,73689.200,185267814.02134,0
1751774400000,2513.77,2526.09,2507.45,2516.90,280595.588,1751788799999,706625224.87261,234773,156801.300,394932395.47314,0
1751788800000,2516.91,2517.64,2502.25,2514.73,338116.301,1751803199999,848709084.01379,321998,161999.801,406636051.18394,0
1751803200000,2514.72,2569.40,2510.56,2557.69,1242565.065,1751817599999,3165333962.49715,902925,658847.658,1677916176.57656,0
1751817600000,2557.69,2559.97,2522.69,2540.00,580072.484,1751831999999,1474012661.02933,504756,280817.661,713654981.17500,0
1751832000000,2540.01,2607.08,2539.00,2569.14,977977.949,1751846399999,2523662346.59736,836024,504811.041,1302592137.07239,0
1751846400000,2569.14,2589.88,2549.03,2576.34,587935.204,1751860799999,1510544494.98570,559390,305649.996,785345116.92928,0
1751860800000,2576.34,2579.78,2558.62,2577.28,397485.013,1751875199999,1021712417.89539,375159,185792.085,477629637.86555,0
1751875200000,2577.28,2587.73,2551.23,2561.83,647745.617,1751889599999,1663012047.72155,503091,297977.713,764906999.58454,0
1751889600000,2561.83,2568.00,2525.88,2532.56,1344005.975,1751903999999,3421004398.14191,1102802,636514.393,1620540502.19603,0
1751904000000,2532.56,2557.00,2505.37,2542.86,1254256.481,1751918399999,3175345026.16710,932636,662735.833,1678452592.90300,0
1751918400000,2542.85,2544.59,2522.04,2541.37,336429.483,1751932799999,852828142.15531,368293,174872.678,443285178.97251,0
1751932800000,2541.36,2553.82,2522.07,2536.82,492351.796,1751947199999,1248110806.70960,462086,245776.166,623051664.52657,0
1751947200000,2536.82,2563.00,2530.72,2552.16,547321.503,1751961599999,1395682686.16883,409050,275210.796,701891512.16769,0
1751961600000,2552.16,2584.99,2542.00,2573.88,646689.423,1751975999999,1657966531.57653,483335,343995.019,882113240.97438,0
1751976000000,2573.88,2600.00,2556.36,2563.83,1079021.877,1751990399999,2779908292.83597,887186,533771.591,1375602990.27990,0
1751990400000,2563.83,2627.83,2558.43,2609.23,1368277.075,1752004799999,3562797002.19310,1125556,709369.763,1846488631.96396,0
1752004800000,2609.22,2616.69,2595.31,2613.97,340794.570,1752019199999,888529226.32615,336918,164163.660,428085143.88550,0
1752019200000,2613.97,2626.00,2588.49,2590.42,538893.869,1752033599999,1403415874.10216,483284,251012.680,653858700.48992,0
1752033600000,2590.42,2649.00,2589.43,2623.74,909680.335,1752047999999,2385350285.25757,650203,497132.245,1303260374.15179,0
1752048000000,2623.75,2629.26,2602.54,2624.94,687417.658,1752062399999,1798307264.44581,532001,304750.498,797230367.55210,0
1752062400000,2624.95,2674.50,2622.63,2655.41,1802367.910,1752076799999,4779582349.63798,1379167,917466.708,2432980021.25156,0
1752076800000,2655.41,2795.73,2650.88,2763.56,2075027.197,1752091199999,5644305081.70647,1538860,1153962.974,3138621415.97840,0
1752091200000,2763.56,2783.30,2730.20,2767.70,1255792.826,1752105599999,3461909145.93628,1070239,643889.268,1775473469.79134,0
1752105600000,2767.69,2798.00,2754.08,2774.51,712640.212,1752119999999,1977553063.51604,675356,337489.805,936721025.93905,0
1752120000000,2774.51,2822.23,2764.43,2789.54,1097323.676,1752134399999,3067796431.24874,840567,560385.937,1567047251.38470,0
1752134400000,2789.54,2795.87,2771.08,2777.38,607880.478,1752148799999,1690985460.50278,514891,293968.593,817784258.90978,0
1752148800000,2777.38,2794.00,2756.72,2768.49,1221382.384,1752163199999,3387341166.88442,1054699,596694.492,1655217673.80016,0
1752163200000,2768.50,2839.29,2767.49,2814.61,2003963.745,1752177599999,5626766050.28184,1539346,965724.115,2712735144.18665,0
1752177600000,2814.61,3010.44,2811.20,2950.62,2933181.587,1752191999999,8599731242.71773,2378673,1567135.353,4591811462.19508,0
1752192000000,2950.61,2974.06,2913.72,2968.51,971211.378,1752206399999,2862387177.20143,1012358,489720.417,1443333299.03214,0
1752206400000,2968.50,3028.48,2945.32,2967.80,1941649.453,1752220799999,5816029058.85529,1496549,924723.280,2770597301.26442,0
1752220800000,2967.79,3040.95,2960.51,2983.22,1598636.988,1752235199999,4796625060.11755,1252770,796351.699,2389969380.20131,0
1752235200000,2983.22,3008.90,2935.05,2950.45,1674438.458,1752249599999,4992916317.18752,1652961,779072.438,2323946143.04534,0
1752249600000,2950.46,3009.55,2936.00,3006.64,1089326.287,1752263999999,3243620124.86586,1258707,552465.828,1645107023.55289,0
1752264000000,3006.64,3008.76,2921.98,2956.93,881056.117,1752278399999,2609896453.55479,985211,414486.577,1227943247.95487,0
1752278400000,2956.94,2969.96,2929.13,2964.89,386505.314,1752292799999,1142288343.21650,432563,191552.485,566238471.78850,0
1752292800000,2964.89,2978.00,2940.00,2961.70,500429.867,1752307199999,1479883158.75006,516792,252560.351,747268081.99810,0
1752307200000,2961.69,2979.00,2956.09,2962.54,339753.889,1752321599999,1008722380.42968,413745,165139.884,490324783.69706,0
1752321600000,2962.55,2967.08,2902.80,2914.83,1322574.914,1752335999999,3875537599.03246,1218199,620848.710,1819766788.18541,0
1752336000000,2914.83,2944.86,2909.38,2939.72,427432.585,1752350399999,1253413306.68205,484848,216951.148,636175432.45050,0
1752350400000,2939.71,2947.00,2913.54,2941.87,302326.081,1752364799999,886337540.36794,353809,152470.896,447074489.91849,0
1752364800000,2941.88,2960.00,2934.88,2953.77,363850.858,1752379199999,1072288060.47735,405692,189320.281,558065519.62001,0
1752379200000,2953.77,2967.89,2948.11,2961.46,345341.225,1752393599999,1021421174.21323,329153,186032.768,550358973.00970,0
1752393600000,2961.47,2965.00,2943.05,2963.32,336609.103,1752407999999,994429791.85856,321481,169883.215,501930419.25705,0
1752408000000,2963.32,3019.52,2957.87,2990.98,1180738.216,1752422399999,3529965678.05705,1119672,598005.182,1787909413.12997,0
1752422400000,2990.98,3009.78,2960.58,2987.92,578057.302,1752436799999,1726959968.22639,640761,274269.670,819588621.47279,0
1752436800000,2987.93,2997.48,2930.00,2970.37,698519.222,1752451199999,2070860557.80274,765933,333743.044,989621555.63199,0
1752451200000,2970.37,3051.91,2961.44,3036.37,1103831.107,1752465599999,3320589610.25967,1121411,586598.432,1765157040.43266,0
1752465600000,3036.37,3066.00,3015.88,3043.65,1320109.285,1752479999999,4012344352.27547,1200307,648191.339,1970514633.20081,0
1752480000000,3043.65,3083.00,3022.22,3051.10,1481138.068,1752494399999,4523235472.33786,1278924,754567.551,2304803072.93894,0
1752494400000,3051.10,3067.61,2990.69,3011.00,1552526.825,1752508799999,4709380991.61791,1544101,744867.665,2259968509.62073,0
1752508800000,3011.00,3029.00,2981.00,2999.12,833211.877,1752523199999,2505105399.91080,985399,412242.955,1239689731.49766,0
1752523200000,2999.11,3017.75,2980.00,3012.26,365951.477,1752537599999,1099348631.04894,515089,194468.094,584257198.54277,0
1752537600000,3012.26,3022.50,2930.99,2950.90,1440427.666,1752551999999,4272651454.26623,1440196,675956.480,2005298015.85203,0
1752552000000,2950.90,2994.34,2933.22,2976.35,912885.254,1752566399999,2712531206.91221,883666,460849.595,1369285894.13757,0
1752566400000,2976.36,2988.40,2958.00,2980.17,529162.847,1752580799999,1572950620.62967,673705,256679.592,763012034.77174,0
1752580800000,2980.16,3066.60,2965.78,3039.00,2861753.192,1752595199999,8627269270.61812,2461033,1418063.930,4273310748.56315,0
1752595200000,3038.99,3098.00,3033.03,3040.87,1944393.473,1752609599999,5955966499.64174,1914783,980821.860,3004474833.48191,0
1752609600000,3040.86,3144.48,3029.37,3137.62,1007040.105,1752623999999,3115858230.55311,1108739,536951.479,1661911028.23270,0
1752624000000,3137.62,3153.84,3102.58,3115.08,908028.643,1752638399999,2839738596.60489,964623,420362.592,1314891335.90495,0
1752638400000,3115.07,3174.00,3099.60,3160.55,1030192.393,1752652799999,3238935857.90140,1017119,524107.411,1647780348.80424,0
1752652800000,3160.55,3172.96,3143.00,3149.90,638200.399,1752667199999,2014800096.01332,659843,298812.701,943436354.35050,0
1752667200000,3149.90,3265.88,3146.26,3243.40,2667111.815,1752681599999,8572034332.69523,2220587,1379972.954,4435249583.04128,0
1752681600000,3243.41,3384.90,3233.58,3382.52,2513097.064,1752695999999,8331458111.53387,2203522,1318761.918,4373136699.65905,0
1752696000000,3382.50,3423.47,3342.24,3370.55,1647655.353,1752710399999,5574854993.18206,1657178,820078.248,2775920163.75465,0
1752710400000,3370.54,3398.56,3311.00,3330.04,1130486.073,1752724799999,3789037488.03209,1350656,531776.293,1782696959.69453,0
1752724800000,3330.03,3472.20,3320.03,3448.37,1608602.777,1752739199999,5483253501.25545,1519649,861255.473,2935735615.40329,0
1752739200000,3448.37,3482.62,3425.57,3434.69,1333952.461,1752753599999,4607133477.78753,1356931,625061.550,2158910339.44535,0
1752753600000,3434.68,3441.21,3362.00,3420.07,1708165.380,1752767999999,5828004870.22634,1785451,814485.336,2779588897.96931,0
1752768000000,3420.06,3454.00,3365.01,3410.77,1314457.856,1752782399999,4484168320.25925,1571013,647201.815,2208257699.53079,0
1752782400000,3410.77,3524.00,3370.66,3476.65,1735851.752,1752796799999,6005492092.07539,2122693,871768.618,3015979204.15056,0
1752796800000,3476.66,3628.99,3458.00,3596.83,1956613.689,1752811199999,6995516007.00642,2151250,973422.434,3480387511.80390,0
1752811200000,3596.82,3674.43,3576.00,3607.10,1765240.453,1752825599999,6415723315.53540,1874480,871697.994,3168454205.66309,0
1752825600000,3607.11,3631.00,3584.00,3612.00,999653.565,1752839999999,3609045220.78245,1218604,493073.092,1780448042.07648,0
1752840000000,3612.01,3673.72,3530.55,3564.70,2558559.704,1752854399999,9207894634.92508,2581716,1234447.024,4444509962.47087,0
1752854400000,3564.70,3624.71,3536.23,3551.21,1238581.375,1752868799999,4431283537.18644,1644179,589846.772,2110673746.15039,0
1752868800000,3551.21,3578.00,3476.10,3546.36,1421561.075,1752883199999,5012241643.94917,1602371,686511.460,2421647989.29759,0
1752883200000,3546.36,3598.00,3505.00,3591.74,708758.825,1752897599999,2521348568.68936,980006,350044.327,1245290133.94394,0
1752897600000,3591.74,3608.00,3566.00,3570.54,485878.925,1752911999999,1741236463.73541,590892,239707.783,859287444.82956,0
1752912000000,3570.54,3577.77,3536.78,3551.90,575881.175,1752926399999,2048835683.12567,702000,285606.233,1016267824.05544,0
1752926400000,3551.89,3572.00,3525.72,3551.36,633517.011,1752940799999,2248760184.15642,795177,302652.399,1074451835.29943,0
1752940800000,3551.36,3582.60,3531.53,3577.13,549586.865,1752955199999,1953972483.46905,691307,272527.456,969007593.39699,0
1752955200000,3577.13,3598.00,3536.08,3591.31,497921.616,1752969599999,1779095028.66205,668803,248583.885,888327450.59543,0
1752969600000,3591.32,3695.00,3578.05,3657.11,1025090.465,1752983999999,3726234237.77593,1134822,547757.879,1991767309.17026,0
1752984000000,3657.12,3689.00,3632.05,3667.38,826509.973,1752998399999,3022499050.15325,853033,414350.101,1515503062.41868,0
1752998400000,3667.37,3770.00,3667.37,3755.70,1401004.139,1753012799999,5205628313.09683,1357119,706412.029,2625821143.10839,0
1753012800000,3755.70,3790.00,3724.00,3785.39,1122468.134,1753027199999,4212372573.82383,1287732,560836.526,2105557449.85430,0
1753027200000,3785.39,3826.00,3729.57,3748.85,1679795.569,1753041599999,6335439854.76885,1652675,772014.388,2913117688.11275,0
1753041600000,3748.85,3771.75,3680.00,3755.67,1180474.072,1753055999999,4406570549.15730,1434660,551289.220,2058896499.91914,0
1753056000000,3755.68,3765.86,3700.19,3756.86,814007.961,1753070399999,3040118931.42215,1174703,393178.454,1468546675.83706,0
1753070400000,3756.86,3812.00,3745.96,3786.97,856066.905,1753084799999,3238128353.27580,986243,435981.053,1649449597.25292,0
1753084800000,3786.96,3838.00,3755.06,3808.80,1149982.544,1753099199999,4366111680.84041,1239632,553278.465,2101162068.36464,0
1753099200000,3808.88,3857.82,3773.63,3808.90,1578381.142,1753113599999,6027180879.86729,1772584,757309.528,2892469047.65148,0
1753113600000,3808.89,3815.86,3718.00,3734.90,1773107.943,1753127999999,6673024343.81411,1922705,805251.638,3030813402.83542,0
1753128000000,3734.90,3778.81,3716.35,3760.96,501032.816,1753142399999,1880916396.29896,720902,265354.632,996326237.66415,0
1753142400000,3760.95,3798.58,3693.22,3730.38,1346316.730,1753156799999,5040412755.11798,1508093,617235.865,2312000850.02184,0
1753156800000,3730.38,3733.28,3651.00,3676.44,1428363.598,1753171199999,5268522899.77265,1475271,669236.321,2469252964.73550,0
1753171200000,3676.44,3719.38,3616.53,3704.39,1583825.799,1753185599999,5798604113.31122,1557481,766170.533,2806169578.70764,0
1753185600000,3704.40,3728.97,3626.00,3717.74,1743770.552,1753199999999,6417128150.07156,1816550,844196.021,3107292979.96704,0
1753200000000,3717.74,3750.00,3654.54,3668.91,1206318.524,1753214399999,4469472600.42469,1473789,583977.622,2164266949.17204,0
1753214400000,3668.90,3751.61,3660.84,3746.01,623191.003,1753228799999,2312154649.78818,747866,316345.700,1173769310.68721,0
1753228800000,3746.02,3764.08,3712.00,3728.00,896152.493,1753243199999,3351006309.95607,932173,413979.332,1548245245.24077,0
1753243200000,3728.00,3737.20,3663.00,3672.27,730780.764,1753257599999,2703269232.00594,797021,345436.974,1278024641.91054,0
1753257600000,3672.27,3698.49,3638.77,3670.91,870532.357,1753271999999,3191469344.74133,826598,434325.415,1592910863.72056,0
1753272000000,3670.90,3680.03,3580.00,3643.55,2034729.704,1753286399999,7365826247.42206,1863140,933579.857,3381049017.33726,0
1753286400000,3643.55,3643.55,3553.00,3587.06,1276174.247,1753300799999,4578741822.36947,1430451,615969.663,2210555352.19421,0
1753300800000,3587.06,3634.98,3526.50,3627.49,1153814.812,1753315199999,4124175787.21397,1223444,538930.551,1927570771.29586,0
1753315200000,3627.50,3664.87,3610.78,3640.31,627378.065,1753329599999,2284247647.90085,697614,306918.255,1117739603.44417,0
1753329600000,3640.31,3657.25,3505.00,3589.94,1797935.278,1753343999999,6420435557.18158,1710504,863186.091,3082080731.14422,0
1753344000000,3589.94,3660.00,3579.12,3654.32,1380823.592,1753358399999,5008893151.46272,1305403,689333.938,2500904516.68271,0
1753358400000,3654.33,3772.63,3611.11,3730.46,2058258.449,1753372799999,7602548115.72664,2102312,1052354.210,3887117062.13562,0
1753372800000,3730.47,3753.65,3665.80,3730.81,1285702.463,1753387199999,4774626225.05236,1418449,613528.198,2278247931.38719,0
1753387200000,3730.80,3741.95,3693.71,3706.20,635771.768,1753401599999,2363909657.16236,754120,316634.775,1177309651.38508,0
1753401600000,3706.22,3707.46,3570.13,3594.25,1632653.720,1753415999999,5941647234.31775,1857294,769903.716,2803086852.97302,0
1753416000000,3594.25,3666.81,3576.84,3630.68,1486432.754,1753430399999,5386825529.42463,1602851,741500.988,2687996650.27885,0
1753430400000,3630.68,3746.42,3627.41,3720.00,1461051.957,1753444799999,5396275195.41271,1524544,735312.631,2715346598.06754,0
1753444800000,3720.01,3734.43,3600.00,3631.91,1593107.569,1753459199999,5846663035.56567,1763145,745924.930,2736798983.49554,0
1753459200000,3631.91,3658.50,3615.11,3639.56,578003.791,1753473599999,2103493339.16964,867615,303375.899,1104265055.66581,0
1753473600000,3639.55,3729.53,3637.42,3724.17,662107.414,1753487999999,2451668709.87648,770626,341503.854,1264018742.41686,0
1753488000000,3724.18,3766.83,3694.56,3738.01,690149.936,1753502399999,2576216513.82291,652627,339162.680,1266683801.46620,0
1753502400000,3738.00,3756.40,3729.32,3741.03,280468.172,1753516799999,1049647920.46776,369433,128741.218,481858448.54618,0
1753516800000,3741.04,3783.62,3725.00,3738.44,835767.667,1753531199999,3139553670.88355,744885,402399.012,1512216761.32648,0
1753531200000,3738.43,3753.00,3714.14,3734.51,553003.537,1753545599999,2065718401.21599,590075,270787.487,1011829257.77926,0
1753545600000,3734.52,3756.38,3705.92,3749.33,449837.559,1753559999999,1679111109.12490,499171,241063.951,900260321.28438,0
1753560000000,3749.32,3795.20,3731.11,3740.00,518603.197,1753574399999,1949055929.75592,574434,273779.198,1029308594.28158,0
1753574400000,3740.00,3787.22,3728.36,3772.92,379033.623,1753588799999,1425955772.52807,512293,178147.787,670470725.97103,0
1753588800000,3772.91,3810.28,3761.01,3766.50,595842.820,1753603199999,2254919971.36273,575910,284194.716,1075752708.60467,0
1753603200000,3766.50,3840.00,3747.32,3814.16,969625.625,1753617599999,3686989855.67667,864309,491728.772,1870477184.73035,0
1753617600000,3814.17,3836.00,3790.61,3817.66,663321.364,1753631999999,2529898156.89504,773442,334903.368,1277485747.92471,0
1753632000000,3817.67,3868.97,3807.83,3827.35,875077.825,1753646399999,3358616213.93910,1038576,448251.412,1720610789.10831,0
1753646400000,3827.35,3878.53,3814.49,3871.47,578434.501,1753660799999,2226111697.15384,794506,301772.653,1161332076.48520,0
1753660800000,3871.48,3907.88,3841.69,3878.47,969320.576,1753675199999,3755669604.95336,1053600,479913.653,1859711762.91118,0
1753675200000,3878.46,3940.81,3867.00,3892.01,1252691.757,1753689599999,4895519435.46395,1133973,650932.340,2544934081.59093,0
1753689600000,3892.00,3903.20,3856.61,3878.59,589540.124,1753703999999,2288443776.71180,696359,286143.993,1111133157.44767,0
1753704000000,3878.59,3888.80,3770.01,3806.09,1934388.261,1753718399999,7389774294.66996,1803587,881267.864,3367412266.97187,0
1753718400000,3806.09,3821.00,3751.03,3796.02,986275.679,1753732799999,3732781744.41431,1172334,478629.367,1811921081.15717,0
1753732800000,3796.01,3802.92,3763.47,3796.00,558574.529,1753747199999,2113807398.96806,827776,266379.464,1007949504.08712,0
1753747200000,3795.99,3819.99,3727.21,3790.46,1082309.264,1753761599999,4081623138.66891,1299831,519112.044,1958122178.97434,0
1753761600000,3790.46,3879.57,3773.86,3876.56,948623.913,1753775999999,3632923062.59607,1018198,504162.424,1931277887.56380,0
1753776000000,3876.56,3885.43,3810.15,3824.65,952121.388,1753790399999,3667092516.97281,985051,442038.152,1702694189.98569,0
1753790400000,3824.64,3874.97,3745.01,3759.52,1685108.273,1753804799999,6415634245.36890,1727044,833049.619,3172390718.55548,0
1753804800000,3759.52,3795.00,3712.24,3763.78,1278988.996,1753819199999,4805277102.09849,1313412,639156.138,2402822307.55136,0
1753819200000,3763.78,3799.78,3740.00,3791.55,599092.325,1753833599999,2257655356.66596,744310,292737.941,1103381670.03094,0
1753833600000,3791.55,3827.99,3753.69,3815.62,630457.661,1753847999999,2391554915.30777,832218,321691.490,1220630277.62401,0
1753848000000,3815.62,3832.61,3785.10,3809.13,563397.753,1753862399999,2147321858.35910,686605,256628.672,978361618.02823,0
1753862400000,3809.12,3824.26,3742.00,3756.61,866405.174,1753876799999,3277037469.33734,1001986,414904.156,1569385509.33662,0
1753876800000,3756.61,3830.94,3747.47,3795.76,1171205.043,1753891199999,4430395695.77454,1387011,575998.836,2179172516.82126,0
1753891200000,3795.77,3821.36,3670.00,3758.70,1849502.383,1753905599999,6932549720.12327,1936523,912539.358,3421133549.03401,0
1753905600000,3758.69,3811.13,3739.62,3808.67,677820.724,1753919999999,2557813800.75649,796759,337397.066,1273477940.28425,0
1753920000000,3808.67,3867.00,3799.78,3861.97,762213.047,1753934399999,2926497098.53428,840551,394220.490,1513568334.01697,0
1753934400000,3861.97,3878.00,3853.18,3862.16,434581.655,1753948799999,1679061362.69215,458639,218326.701,843666634.34621,0
1753948800000,3862.15,3872.98,3824.05,3836.87,475804.232,1753963199999,1832150304.97154,504204,222457.930,856757779.47919,0
1753963200000,3836.87,3844.01,3760.16,3786.01,1492245.741,1753977599999,5666629800.77993,1549819,739839.570,2809804270.19672,0
1753977600000,3786.01,3816.99,3733.00,3736.19,1141794.881,1753991999999,4307886469.66999,1354051,548877.950,2071713817.71940,0
1753992000000,3736.20,3757.15,3682.23,3696.58,1090695.200,1754006399999,4057329386.20909,1282532,508294.563,1891657227.87357,0
1754006400000,3696.57,3722.90,3613.67,3703.49,1649037.303,1754020799999,6065253167.41496,1781763,802598.820,2953617419.19094,0
1754020800000,3703.49,3703.49,3622.22,3648.67,1060678.646,1754035199999,3884186040.79698,1214668,501915.196,1837753299.64375,0
1754035200000,3648.66,3648.66,3583.44,3641.04,1101742.019,1754049599999,3984946466.52973,1334907,532461.612,1926329462.43388,0
1754049600000,3641.04,3674.84,3562.05,3614.49,2072546.150,1754063999999,7509447633.12381,2344658,1021496.004,3702502769.30105,0
1754064000000,3614.50,3632.74,3514.00,3517.57,1728308.014,1754078399999,6162466999.99895,2159357,812568.507,2898362523.55790,0
1754078400000,3517.57,3551.89,3428.86,3486.42,1581260.135,1754092799999,5522014468.59958,1859124,721193.121,2519653443.02602,0
1754092800000,3486.41,3531.27,3476.57,3527.15,577008.703,1754107199999,2022906559.77799,736108,289797.179,1015926336.36636,0
1754107200000,3527.15,3536.48,3453.14,3517.68,874769.256,1754121599999,3057163754.21021,1019738,427932.118,1495640252.77941,0
1754121600000,3517.67,3523.00,3472.01,3506.93,669038.801,1754135999999,2339588482.09541,871525,325332.958,1137858411.86101,0
1754136000000,3506.93,3516.48,3449.42,3457.50,818419.056,1754150399999,2851641156.47970,1050192,387621.561,1350844454.20716,0
1754150400000,3457.50,3479.60,3371.13,3381.35,1684732.822,1754164799999,5760084731.11829,1850958,789093.616,2698521238.31016,0
1754164800000,3381.34,3442.49,3366.50,3392.42,800097.852,1754179199999,2723255172.04473,1061715,400582.496,1363772555.63486,0
1754179200000,3392.42,3450.84,3353.51,3441.97,833279.151,1754193599999,2839262368.03777,1047799,428533.213,1460715338.99511,0
1754193600000,3441.98,3458.67,3432.10,3454.23,380442.783,1754207999999,1310537825.25203,456045,195636.795,673958556.74374,0
1754208000000,3454.23,3514.00,3451.82,3483.40,693244.511,1754222399999,2413359466.53345,678789,377258.211,1313119144.73419,0
1754222400000,3483.41,3502.68,3452.79,3474.65,689136.360,1754236799999,2396109437.93683,814351,338873.851,1178349378.84059,0
1754236800000,3474.66,3513.64,3465.97,3495.32,425377.371,1754251199999,1484782266.37669,567238,216256.846,754954584.22119,0
1754251200000,3495.33,3520.97,3481.58,3495.00,406051.051,1754265599999,1420646832.85006,582668,198188.876,693539127.04020,0
1754265600000,3495.01,3575.00,3489.28,3555.00,821270.164,1754279999999,2908074032.26590,1001044,431448.586,1527991060.65549,0
1754280000000,3555.00,3564.43,3518.36,3550.66,569671.566,1754294399999,2015804972.27661,617421,280086.705,991285526.48321,0
1754294400000,3550.67,3573.63,3539.79,3554.00,498385.286,1754308799999,1771800786.75279,614557,238954.922,849588102.72819,0
1754308800000,3554.01,3663.88,3549.16,3646.59,1579128.882,1754323199999,5716143718.55296,1622942,792520.381,2868126643.04602,0
1754323200000,3646.60,3716.93,3646.41,3668.14,1138525.156,1754337599999,4193680098.57738,1254735,577319.981,2126770775.48716,0
1754337600000,3668.14,3735.00,3658.90,3719.42,709531.339,1754351999999,2631399221.03322,964948,356918.403,1323700323.58565,0
1754352000000,3719.41,3720.10,3646.72,3650.40,645083.762,1754366399999,2373860383.06011,810296,281717.173,1036708117.94376,0
1754366400000,3650.40,3678.35,3598.74,3611.76,978562.665,1754380799999,3563940711.59724,1008289,466551.089,1700247778.28746,0
1754380800000,3611.76,3692.30,3606.65,3672.58,842260.219,1754395199999,3078184338.60673,932650,434471.884,1587803552.43437,0
1754395200000,3672.58,3678.89,3555.00,3568.46,2020149.308,1754409599999,7278208442.41865,2120411,949976.219,3422985042.16717,0
1754409600000,3568.46,3611.00,3558.00,3570.18,753786.648,1754423999999,2701224012.14839,1031441,377874.625,1354510763.03148,0
1754424000000,3570.18,3623.98,3542.58,3610.19,575325.544,1754438399999,2062645390.16082,689578,287749.273,1032242609.64045,0
1754438400000,3610.19,3612.48,3562.34,3582.02,550941.608,1754452799999,1974619967.43960,695651,251341.744,900884486.29433,0
1754452800000,3582.03,3661.40,3568.00,3638.40,795083.238,1754467199999,2883578497.77700,872103,409471.385,1484861920.82424,0
1754467200000,3638.39,3644.00,3608.00,3618.16,558189.693,1754481599999,2021394527.89422,632248,274481.809,994113313.96184,0
1754481600000,3618.15,3668.00,3571.05,3662.65,1208790.532,1754495999999,4363451552.57383,1401234,602795.574,2176786642.29844,0
1754496000000,3662.66,3697.39,3636.78,3682.13,773389.743,1754510399999,2836765574.99526,903716,378870.509,1389898406.02284,0
1754510400000,3682.13,3684.92,3648.19,3681.21,312642.372,1754524799999,1147955135.23904,411464,150946.852,554343707.12417,0
1754524800000,3681.21,3716.38,3645.78,3655.06,597181.105,1754539199999,2195666128.14428,717486,294020.597,1081368989.10267,0
1754539200000,3655.06,3710.00,3653.45,3701.00,453497.089,1754553599999,1671750573.88279,573895,240147.201,885208893.38282,0
1754553600000,3701.00,3841.45,3700.88,3825.66,1663381.778,1754567999999,6287333546.61244,1461705,894801.145,3381563031.48329,0
1754568000000,3825.67,3864.54,3802.57,3835.15,1353895.586,1754582399999,5191155431.09875,1373286,645800.302,2476238232.14570,0
1754582400000,3835.15,3875.00,3777.14,3865.48,1002993.494,1754596799999,3836259971.31184,1112915,501160.086,1917767025.23139,0
1754596800000,3865.47,3926.38,3849.00,3908.40,866153.174,1754611199999,3365246506.38486,998065,453361.053,1761935738.60909,0
1754611200000,3908.40,3968.81,3876.70,3938.05,1235680.482,1754625599999,4837001162.08025,1487227,623614.755,2442705317.48342,0
1754625600000,3938.05,3938.40,3892.96,3914.88,544729.004,1754639999999,2131923775.87506,721226,277245.606,1085139514.02909,0
1754640000000,3914.87,3926.89,3883.11,3916.29,490087.246,1754654399999,1911545192.47714,623337,240260.739,937352113.50892,0
1754654400000,3916.28,4011.09,3890.06,3953.00,2029847.252,1754668799999,8041833554.41791,2046668,1014503.474,4019044395.32902,0
1754668800000,3953.00,4066.00,3949.41,4059.99,1324961.660,1754683199999,5323839904.21917,1519409,663981.765,2667681196.66411,0
1754683200000,4060.00,4070.00,4005.52,4009.05,520037.213,1754697599999,2098943990.54767,570838,246750.775,996423844.27266,0
1754697600000,4009.04,4050.91,4005.02,4049.33,462895.387,1754711999999,1864853002.82280,530635,240907.303,970603153.19796,0
1754712000000,4049.34,4220.00,4043.26,4169.70,1918245.883,1754726399999,7953085517.15489,1770798,978994.790,4057806971.14560,0
1754726400000,4169.71,4248.87,4164.38,4189.39,1186053.816,1754740799999,4989883754.04907,1270171,592308.122,2492298284.20752,0
1754740800000,4189.39,4225.50,4152.57,4207.51,1038277.884,1754755199999,4349650853.25360,1191936,513093.523,2150059971.52358,0
1754755200000,4207.52,4271.10,4191.00,4256.64,719998.496,1754769599999,3046126542.07197,961277,357244.141,1512190812.22417,0
1754769600000,4256.64,4325.24,4238.74,4259.10,1222561.264,1754783999999,5229012609.98649,1330359,610512.591,2611859787.30411,0
1754784000000,4259.11,4331.99,4205.00,4241.14,1287012.134,1754798399999,5490769475.70786,1480716,605804.668,2584936865.18647,0
1754798400000,4241.14,4263.35,4175.51,4184.36,871237.224,1754812799999,3673721239.05263,1062448,392078.417,1654101446.84621,0
1754812800000,4184.36,4232.00,4161.02,4179.11,813548.341,1754827199999,3417119052.94793,976910,384658.854,1616187227.47542,0
1754827200000,4179.11,4237.87,4160.00,4216.12,770699.165,1754841599999,3234434322.39670,1056350,403114.353,1691926051.46144,0
1754841600000,4216.11,4257.96,4212.75,4247.20,385785.208,1754855999999,1633330257.57267,564689,203356.720,861218436.99279,0
1754856000000,4247.20,4252.82,4184.05,4248.77,616842.579,1754870399999,2604091404.95838,845292,283295.783,1196137121.18816,0
1754870400000,4248.77,4346.00,4236.36,4307.77,1214417.770,1754884799999,5218558870.98049,1600043,612523.215,2632754633.97613,0
1754884800000,4307.78,4349.67,4263.92,4272.93,738160.346,1754899199999,3178880683.61378,1004666,349118.149,1504055878.14781,0
1754899200000,4272.93,4284.30,4168.03,4183.51,1093842.092,1754913599999,4631374244.35152,1290743,495337.072,2098307695.82555,0
1754913600000,4183.51,4331.50,4164.23,4328.88,2138971.772,1754927999999,9101745978.65116,2480052,1088315.039,4629534527.33504,0
1754928000000,4328.88,4370.00,4232.00,4257.53,1375427.055,1754942399999,5927429155.53525,1816517,640993.866,2763138034.63923,0
1754942400000,4257.53,4257.53,4185.60,4221.31,719819.310,1754956799999,3039471242.06830,1034012,349005.911,1473780080.58659,0
1754956800000,4221.31,4309.82,4216.61,4284.20,735084.532,1754971199999,3140178432.30447,910735,375632.975,1604148262.69899,0
1754971200000,4284.20,4320.63,4266.00,4314.23,709116.225,1754985599999,3047153868.07695,795296,350280.564,1505560230.38775,0
1754985600000,4314.23,4332.74,4255.56,4289.35,765692.650,1754999999999,3286278997.01781,845658,367138.635,1576107179.04607,0
1755000000000,4289.35,4482.30,4276.10,4470.98,3031824.495,1755014399999,13323708303.27355,2811274,1563170.791,6871902498.35716,0
1755014400000,4470.98,4519.00,4438.00,4515.17,1596330.126,1755028799999,7155404037.25630,1597397,747768.365,3352929591.21944,0
1755028800000,4515.18,4640.00,4501.45,4589.31,1640669.135,1755043199999,7527210810.90644,1721057,899745.334,4127167013.82801,0
1755043200000,4589.31,4656.62,4562.59,4645.39,1089244.545,1755057599999,5020240747.66210,1360679,545878.470,2516562190.38715,0
1755057600000,4645.40,4682.00,4605.90,4624.29,976286.879,1755071999999,4534930475.69277,1211375,456008.364,2118535480.99099,0
1755072000000,4624.29,4716.00,4607.00,4689.37,1115915.830,1755086399999,5213870378.54493,1200906,586138.183,2738393446.30211,0
1755086400000,4689.38,4736.76,4613.11,4664.79,2254710.224,1755100799999,10547311874.17147,2275694,1098355.716,5140181042.81763,0
1755100800000,4664.79,4752.54,4660.82,4738.72,1420236.562,1755115199999,6698378202.47308,1578144,696024.081,3282904607.05230,0
1755115200000,4738.73,4783.62,4694.55,4748.37,1103638.445,1755129599999,5236571985.63409,1318065,538223.812,2554049433.00315,0
1755129600000,4748.36,4781.60,4706.00,4774.86,929258.273,1755143999999,4406630314.04858,1223748,477095.987,2262371558.16285,0
1755144000000,4774.85,4794.00,4717.00,4748.99,1108244.428,1755158399999,5268438017.50069,1166178,514521.381,2445576505.34636,0
1755158400000,4748.99,4767.00,4669.00,4719.00,1112084.956,1755172799999,5248074757.99731,1092821,512278.038,2417697054.68205,0
1755172800000,4718.99,4736.99,4455.00,4617.61,4641081.618,1755187199999,21350915413.97552,4478265,2205631.297,10148827891.95230,0
1755187200000,4617.61,4623.22,4478.80,4536.06,1693634.716,1755201599999,7693181726.34750,1972822,833920.279,3788896561.67308,0
1755201600000,4536.07,4570.79,4451.00,4545.26,958255.679,1755215999999,4323430721.59912,1299195,479597.186,2164733828.61010,0
1755216000000,4545.26,4647.99,4535.27,4632.63,858558.937,1755230399999,3947183596.42790,1091795,447318.700,2056670442.95111,0
1755230400000,4632.63,4661.63,4603.45,4639.46,602739.481,1755244799999,2791775444.27563,822698,296539.846,1373826151.99802,0
1755244800000,4639.46,4666.00,4610.65,4632.40,549094.173,1755259199999,2545514030.82482,699026,257472.529,1193793213.34181,0
1755259200000,4632.41,4670.23,4392.53,4428.72,2890571.367,1755273599999,13078996396.39605,2925073,1365137.650,6178937059.86716,0
1755273600000,4428.72,4463.09,4371.00,4381.05,1715307.960,1755287999999,7558500583.52344,1971637,841920.058,3711122870.26844,0
1755288000000,4381.05,4489.30,4364.00,4437.16,804061.223,1755302399999,3560762300.08365,1116703,413808.117,1833304051.93483,0
1755302400000,4437.15,4488.33,4422.16,4430.97,669792.581,1755316799999,2986610312.02363,878276,299809.448,1337152312.17908,0
1755316800000,4430.97,4462.24,4407.00,4449.48,431151.450,1755331199999,1911661249.20387,642723,218774.167,970204430.47763,0
1755331200000,4449.48,4457.44,4370.00,4385.89,878657.108,1755345599999,3874882600.67375,943154,386968.830,1707169839.72697,0
1755345600000,4385.90,4426.74,4373.00,4398.00,640184.123,1755359999999,2816720660.93100,892702,321534.840,1414783862.93481,0
1755360000000,4398.00,4440.00,4388.00,4416.30,334266.974,1755374399999,1474456652.70448,495163,175550.133,774466908.08406,0
1755374400000,4416.30,4436.24,4400.00,4420.22,232902.612,1755388799999,1029498313.50587,381675,117352.544,518760747.12591,0
1755388800000,4420.22,4456.72,4392.45,4450.43,435325.778,1755403199999,1924765762.38934,577695,220375.060,974858163.53906,0
1755403200000,4450.44,4488.82,4441.41,4465.00,577950.305,1755417599999,2582315729.05241,693501,288225.641,1287906659.76863,0
1755417600000,4464.99,4574.95,4456.63,4549.58,998341.027,1755431999999,4526187233.26121,1115503,521851.682,2365313802.31940,0
1755432000000,4549.59,4563.66,4516.00,4559.58,544157.161,1755446399999,2471044303.26690,664093,264632.272,1201881856.00217,0
1755446400000,4559.58,4564.59,4417.17,4457.55,1023946.125,1755460799999,4598449878.74717,1120500,445663.645,2001123096.79355,0
1755460800000,4457.55,4532.15,4454.44,4470.66,566408.780,1755475199999,2543465103.68623,743707,288660.135,1296293206.77482,0
1755475200000,4470.66,4480.00,4277.00,4318.43,2083009.950,1755489599999,9095906376.59764,2269226,972043.954,4244866024.11112,0
1755489600000,4318.43,4346.00,4228.00,4255.03,1552120.940,1755503999999,6645863497.95696,1609635,767521.042,3288415585.22973,0
1755504000000,4255.03,4322.00,4224.10,4272.91,1382313.528,1755518399999,5907999844.52000,1505468,699570.422,2990467506.99839,0
1755518400000,4272.90,4368.01,4269.14,4343.22,1663804.296,1755532799999,7184332236.80443,2010069,835994.814,3610669968.95574,0
1755532800000,4343.23,4383.67,4297.59,4353.36,927703.662,1755547199999,4031105961.01289,1289902,456937.092,1985882979.02682,0
1755547200000,4353.37,4386.21,4302.36,4311.73,624033.383,1755561599999,2710569034.75757,909267,302950.651,1316156204.01688,0
1755561600000,4311.72,4354.22,4210.71,4217.43,1244051.850,1755575999999,5322717848.91984,1515473,569060.749,2436003606.74109,0
1755576000000,4217.43,4248.93,4192.01,4232.61,892311.011,1755590399999,3767312301.12177,1115013,437651.797,1848200617.26190,0
1755590400000,4232.61,4315.71,4216.31,4307.30,801053.225,1755604799999,3425049424.17606,967285,421016.652,1800223367.32378,0
1755604800000,4307.29,4340.00,4167.00,4190.32,2151654.298,1755619199999,9120717374.47229,2211871,1070912.102,4539330340.14053,0
1755619200000,4190.33,4205.29,4112.36,4141.29,1573791.565,1755633599999,6541135741.96492,1859829,743023.774,3088844189.17929,0
1755633600000,4141.28,4164.03,4064.96,4073.94,978250.237,1755647999999,4027858024.89596,1293976,417450.790,1720392388.57590,0
1755648000000,4073.93,4156.29,4060.00,4139.00,1106408.785,1755662399999,4545217877.28093,1319865,582924.853,2394767216.66733,0
1755662400000,4138.99,4209.83,4137.30,4183.66,702800.697,1755676799999,2935867705.08167,858399,344185.119,1437604952.08839,0
1755676800000,4183.66,4240.00,4146.24,4193.49,1115301.026,1755691199999,4688661125.79131,1186587,524597.848,2206154356.11857,0
1755691200000,4193.48,4306.55,4104.33,4253.47,2502508.918,1755705599999,10524881260.72977,2882469,1244265.546,5233214233.86213,0
1755705600000,4253.46,4363.00,4252.72,4344.33,1607244.173,1755719999999,6925913241.33368,1936262,818273.886,3527104283.38019,0
1755720000000,4344.32,4376.13,4318.82,4334.50,635745.911,1755734399999,2762472808.90785,886659,312180.158,1356833860.93237,0
1755734400000,4334.50,4338.94,4275.64,4293.49,708674.818,1755748799999,3052895409.16566,977255,339766.486,1464068634.81268,0
1755748800000,4293.48,4319.71,4268.33,4309.16,504232.265,1755763199999,2166083226.62630,695465,242570.725,1042145348.24574,0
1755763200000,4309.16,4313.53,4254.35,4277.01,729102.739,1755777599999,3122014571.69507,935644,360175.790,1542719778.62190,0
1755777600000,4277.00,4327.46,4224.50,4240.91,1616510.013,1755791999999,6899104393.30286,1997749,776472.773,3314362410.36350,0
1755792000000,4240.91,4273.17,4206.00,4222.03,856649.089,1755806399999,3628117752.02719,1230928,415111.926,1758225575.33200,0
1755806400000,4222.02,4260.00,4202.00,4223.70,522200.378,1755820799999,2210330013.87395,750852,251246.956,1063405191.49582,0
1755820800000,4223.69,4313.51,4220.08,4276.98,686192.115,1755835199999,2929420174.27128,916911,354174.091,1512209736.63432,0
1755835200000,4276.98,4344.00,4270.37,4325.99,761860.091,1755849599999,3279530315.45975,922708,390101.330,1679346936.13055,0
1755849600000,4326.00,4352.97,4271.10,4272.72,818505.596,1755863999999,3529089508.25643,933013,391725.578,1689181788.21439,0
1755864000000,4272.71,4666.00,4206.00,4613.93,5114968.127,1755878399999,22942654581.80238,4464243,2530101.566,11345092412.58566,0
1755878400000,4613.93,4858.00,4613.93,4832.06,3296103.971,1755892799999,15741726593.09758,2973954,1651789.857,7888169267.61736,0
1755892800000,4832.06,4888.49,4795.32,4830.37,1306653.733,1755907199999,6327884020.91252,1432996,648376.983,3140690572.19327,0
1755907200000,4830.36,4830.37,4662.25,4694.47,1369739.122,1755921599999,6491555816.89355,1537804,624240.296,2957818985.52151,0
1755921600000,4694.46,4765.05,4693.62,4712.85,714003.405,1755935999999,3379015572.64002,911256,366602.374,1734911601.48367,0
1755936000000,4712.86,4744.97,4688.95,4703.60,531872.305,1755950399999,2509553650.08991,737261,255510.145,1205861682.53462,0
1755950400000,4703.61,4769.00,4691.36,4749.17,750582.436,1755964799999,3549669711.69163,954166,380813.289,1800984434.89114,0
1755964800000,4749.17,4760.45,4725.31,4756.75,298385.887,1755979199999,1416674642.91049,445753,147319.935,699510509.91875,0
1755979200000,4756.76,4797.24,4736.00,4777.26,332696.506,1755993599999,1586801399.92995,414846,173280.382,826577429.48785,0
1755993600000,4777.25,4816.55,4752.13,4787.76,525510.539,1756007999999,2513124224.82990,715066,265257.307,1268740716.33471,0
1756008000000,4787.76,4799.53,4755.40,4757.66,362935.268,1756022399999,1733518267.85408,478756,171205.698,817747581.90009,0
1756022400000,4757.66,4785.71,4717.68,4745.95,606341.511,1756036799999,2881443888.92043,689536,286812.342,1363165772.76717,0
1756036800000,4745.95,4829.66,4736.85,4796.28,768608.561,1756051199999,3679132832.06899,887511,387699.536,1856086078.81149,0
1756051200000,4796.28,4957.67,4740.72,4811.25,2588947.531,1756065599999,12586560306.80491,2563810,1296350.503,6305159105.47577,0
1756065600000,4811.25,4823.00,4702.47,4778.32,1509052.441,1756079999999,7199160554.30705,1931183,736490.761,3514215567.98331,0
1756080000000,4778.33,4796.80,4667.24,4725.46,1072975.043,1756094399999,5075581557.70813,1314822,502202.257,2375987141.18109,0
1756094400000,4725.46,4737.74,4580.82,4589.60,1273479.594,1756108799999,5929332223.46153,1564607,581388.328,2707886252.34469,0
1756108800000,4589.60,4613.64,4518.00,4598.00,1485265.184,1756123199999,6795075687.80245,1524266,733074.860,3355021202.09954,0
1756123200000,4597.99,4683.26,4583.27,4610.31,1699711.678,1756137599999,7874122728.06374,1874908,839089.489,3887770716.04422,0
1756137600000,4610.31,4644.71,4413.03,4418.75,1634992.441,1756151999999,7427096809.74597,1669909,731050.915,3323498463.53248,0
1756152000000,4418.77,4444.20,4331.15,4374.25,1938052.985,1756166399999,8488591124.51291,2210515,954016.194,4178910938.14148,0
1756166400000,4374.25,4449.55,4310.00,4400.50,1354094.883,1756180799999,5932500458.37876,1759147,680065.820,2980369242.57551,0
1756180800000,4400.52,4453.78,4391.61,4427.16,752770.931,1756195199999,3330472083.52779,1037585,374681.440,1657797729.41484,0
1756195200000,4427.15,4465.00,4403.00,4425.57,648548.450,1756209599999,2871454535.41381,851614,329529.057,1459099747.61304,0
1756209600000,4425.57,4576.31,4403.01,4516.17,2385362.668,1756223999999,10734038583.76303,2848865,1172770.042,5277283067.57036,0
1756224000000,4516.16,4595.73,4494.19,4593.84,992246.486,1756238399999,4504261759.29052,1384028,499616.768,2268465488.30038,0
1756238400000,4593.82,4632.92,4559.50,4598.49,700100.297,1756252799999,3216368842.46741,937463,361258.530,1659877341.78180,0
1756252800000,4598.50,4625.00,4538.00,4601.07,758967.128,1756267199999,3471921740.69343,1019549,362715.481,1659575995.62535,0
1756267200000,4601.08,4643.93,4557.06,4578.59,776015.079,1756281599999,3572679777.75843,1004605,374986.632,1726672879.68287,0
1756281600000,4578.59,4618.76,4553.00,4606.37,651846.516,1756295999999,2991637021.23591,816911,322672.025,1480982761.15247,0
1756296000000,4606.37,4662.50,4572.90,4655.31,1494647.613,1756310399999,6903508285.73135,1841209,721137.378,3330882326.64869,0
1756310400000,4655.31,4655.92,4530.01,4563.23,910005.376,1756324799999,4184922910.50004,1197297,429580.101,1976267256.61368,0
1756324800000,4563.23,4612.85,4479.01,4504.84,1175137.002,1756339199999,5335087856.76614,1535520,571511.001,2595605940.78475,0
1756339200000,4504.86,4547.11,4465.00,4539.38,595929.097,1756353599999,2686488071.36746,894253,304635.983,1373742337.95353,0
1756353600000,4539.39,4600.00,4532.28,4594.81,578779.364,1756367999999,2644079516.23234,759295,292453.224,1336243211.88225,0
1756368000000,4594.81,4633.12,4580.00,4592.72,592179.043,1756382399999,2724425342.24705,698020,285580.476,1314233705.52682,0
1756382400000,4592.72,4612.93,4482.01,4502.04,1222990.323,1756396799999,5573160477.44291,1524660,575942.940,2625127745.71574,0
1756396800000,4502.04,4528.77,4432.50,4436.18,969948.233,1756411199999,4348181431.51018,1100867,463462.802,2078610681.54133,0
1756411200000,4436.18,4513.71,4425.00,4509.10,466611.859,1756425599999,2089023789.29298,624175,257123.698,1151231613.94226,0
1756425600000,4509.10,4514.66,4432.09,4487.57,630198.345,1756439999999,2819461015.78068,826772,307014.848,1373853676.64477,0
1756440000000,4487.56,4495.70,4365.10,4379.03,824561.042,1756454399999,3646605488.69097,985399,380631.567,1683643087.50364,0
1756454400000,4379.03,4396.55,4316.20,4344.43,1008368.224,1756468799999,4382114600.79393,1150058,500575.399,2175423568.39809,0
1756468800000,4344.43,4456.24,4264.29,4313.87,2409219.530,1756483199999,10457498646.93683,2577823,1174927.631,5100319557.29928,0
1756483200000,4313.88,4365.27,4293.60,4338.78,811655.251,1756497599999,3514432389.90773,1187909,418048.327,1810365287.44950,0
1756497600000,4338.79,4378.50,4302.90,4358.65,525651.719,1756511999999,2284658384.06288,727008,242387.909,1053422531.19013,0
1756512000000,4358.65,4381.97,4254.97,4350.85,1019490.663,1756526399999,4398654308.70763,972424,485675.959,2096963425.36441,0
1756526400000,4350.86,4414.45,4345.07,4399.80,551427.643,1756540799999,2416938080.93121,684234,285043.750,1249531210.96393,0
1756540800000,4399.80,4406.03,4376.24,4389.93,303635.188,1756555199999,1333165814.10997,451172,145207.469,637623232.78815,0
1756555200000,4389.93,4391.87,4329.45,4373.71,601987.777,1756569599999,2623410609.68493,766816,291395.697,1269877331.01537,0
1756569600000,4373.71,4373.71,4333.00,4352.33,266145.726,1756583999999,1159176973.49375,386726,125733.360,547651356.75021,0
1756584000000,4352.32,4376.60,4332.00,4372.00,200027.995,1756598399999,870976029.94229,321977,102313.284,445480752.63771,0
1756598400000,4372.00,4488.36,4370.33,4485.72,758814.852,1756612799999,3369996439.25681,857632,400133.444,1776900407.83671,0
1756612800000,4485.75,4489.85,4431.08,4448.77,424412.510,1756627199999,1890581887.57879,511738,197426.205,879367836.19689,0
1756627200000,4448.77,4482.46,4438.00,4474.53,464540.558,1756641599999,2072701997.77255,561387,232537.819,1037664686.79168,0
1756641600000,4474.54,4498.00,4448.00,4482.47,560073.905,1756655999999,2505058158.40216,679781,287048.256,1284070004.54276,0
1756656000000,4482.48,4489.00,4451.42,4453.25,346401.925,1756670399999,1549612822.18042,446859,168079.608,751998073.25653,0
1756670400000,4453.24,4475.91,4374.66,4389.58,601783.784,1756684799999,2663569485.04415,712856,272127.827,1204899970.73619,0
1756684800000,4389.58,4429.91,4356.61,4401.34,861437.054,1756699199999,3781199100.15329,1186547,449135.038,1971993781.54125,0
1756699200000,4401.35,4462.47,4356.79,4461.11,741183.275,1756713599999,3264307675.62371,919372,384621.415,1694659132.76259,0
1756713600000,4461.10,4490.00,4380.01,4390.87,978001.962,1756727999999,4341860546.73562,1141952,469687.421,2085248518.12584,0
1756728000000,4390.88,4422.17,4342.03,4359.69,773215.734,1756742399999,3390419394.23442,1019365,368347.300,1615984303.25669,0
1756742400000,4359.68,4369.78,4307.25,4366.18,683853.045,1756756799999,2967082225.42456,888511,336111.712,1458535085.41174,0
1756756800000,4366.17,4366.56,4205.49,4313.00,1409802.813,1756771199999,6028942677.64364,1433918,650965.891,2783632285.90726,0
1756771200000,4313.00,4393.96,4289.12,4365.22,699295.208,1756785599999,3033469151.46941,1063666,361723.358,1569465654.71199,0
1756785600000,4365.23,4414.73,4358.97,4375.44,562670.491,1756799999999,2468936417.25852,765340,266498.095,1169540010.83256,0
1756800000000,4375.44,4407.06,4339.31,4346.05,511092.356,1756814399999,2238568674.97351,638333,229013.004,1003396424.38896,0
1756814400000,4346.05,4395.20,4268.87,4293.12,1964096.223,1756828799999,8502466592.49272,2299909,960455.765,4157667201.77041,0
1756828800000,4293.12,4329.96,4254.33,4272.47,929161.863,1756843199999,3988405380.26002,1318342,476991.421,2048267888.28318,0
1756843200000,4272.47,4336.08,4264.03,4324.59,456291.353,1756857599999,1967531080.28996,713517,228595.652,985664592.54273,0
1756857600000,4324.58,4354.00,4281.00,4332.55,546933.921,1756871999999,2363252976.19865,819124,273996.168,1184038482.37469,0
1756872000000,4332.55,4340.90,4285.00,4307.83,464559.321,1756886399999,2002382959.43235,609010,213608.229,920764376.20509,0
1756886400000,4307.84,4383.93,4300.31,4369.58,611975.505,1756900799999,2661138667.86094,781879,306061.513,1330842349.14933,0
1756900800000,4369.58,4484.26,4339.56,4477.00,1417869.852,1756915199999,6271445920.51043,1701706,718458.328,3177825501.45514,0
1756915200000,4476.99,4488.36,4452.08,4472.82,559318.293,1756929599999,2498707008.02142,763083,267827.276,1196676950.19258,0
1756929600000,4472.83,4480.00,4437.10,4448.22,279734.269,1756943999999,1247445124.66904,444393,130299.003,581197332.39884,0
1756944000000,4448.22,4480.99,4386.72,4396.12,734298.085,1756958399999,3253296009.69851,925781,341220.301,1512149296.96026,0
1756958400000,4396.12,4413.22,4353.36,4368.80,685948.506,1756972799999,3002683590.08709,829169,344032.924,1506255239.22411,0
1756972800000,4368.80,4432.00,4362.13,4404.40,629798.247,1756987199999,2771505841.95059,720880,328242.820,1444533775.13046,0
1756987200000,4404.40,4426.86,4291.00,4302.61,1553749.131,1757001599999,6765367403.51733,1643128,725107.247,3157573267.80478,0
1757001600000,4302.62,4320.99,4263.00,4273.83,802520.735,1757015999999,3445064899.78628,958680,392502.032,1685440337.69748,0
1757016000000,4273.83,4351.23,4270.41,4295.68,487801.982,1757030399999,2104764758.15538,610723,254239.908,1097027634.11731,0
1757030400000,4295.68,4333.43,4287.16,4326.50,484060.089,1757044799999,2086536867.61228,664675,245270.813,1057358865.76766,0
1757044800000,4326.51,4426.77,4314.05,4415.00,755564.431,1757059199999,3299974924.54498,811711,398967.585,1741978222.14653,0
1757059200000,4415.00,4425.00,4370.50,4415.57,817838.363,1757073599999,3599283030.11094,883349,392219.200,1726276838.23920,0
1757073600000,4415.56,4494.45,4252.47,4280.44,3213979.354,1757087999999,14049625457.46769,3212603,1597691.379,6986572921.96466,0
1757088000000,4280.45,4329.53,4270.00,4328.97,613184.113,1757102399999,2635146558.33270,814010,302336.595,1299496471.59061,0
1757102400000,4328.96,4340.88,4285.00,4305.71,441731.135,1757116799999,1904901021.53957,583514,208180.107,897821038.78928,0
1757116800000,4305.71,4327.00,4300.67,4318.36,205969.662,1757131199999,888858810.40031,336114,101997.513,440201577.98177,0
1757131200000,4318.36,4318.36,4288.40,4310.35,215082.980,1757145599999,925082023.89859,306890,98059.345,421838984.29110,0
1757145600000,4310.35,4313.36,4283.55,4298.08,228351.068,1757159999999,981098377.68448,303487,108587.378,466536981.61722,0
1757160000000,4298.08,4307.10,4260.11,4267.68,412635.707,1757174399999,1767389212.92457,479943,190233.989,815042080.40101,0
1757174400000,4267.69,4304.00,4220.00,4253.95,810187.765,1757188799999,3456411035.75523,778323,386007.567,1647567826.34950,0
1757188800000,4253.95,4286.57,4251.50,4271.69,275327.585,1757203199999,1176538643.89520,285359,142775.290,610008914.31640,0
1757203200000,4271.68,4302.51,4269.00,4295.07,267630.918,1757217599999,1148058225.77573,319777,138676.096,594862716.31833,0
1757217600000,4295.08,4305.88,4276.78,4293.00,220372.472,1757231999999,945821215.66828,291114,104368.817,447985968.60023,0
1757232000000,4293.00,4313.99,4290.00,4308.76,285883.549,1757246399999,1230002227.96625,352069,141476.596,608752524.53675,0
1757246400000,4308.77,4309.89,4286.52,4297.16,265933.375,1757260799999,1143307422.58671,379267,133506.543,574005159.01941,0
1757260800000,4297.17,4299.72,4267.44,4291.32,326459.939,1757275199999,1397697967.49904,401104,153947.161,659164865.17710,0
1757275200000,4291.31,4336.05,4279.02,4303.84,345190.299,1757289599999,1486519355.63830,424180,170934.702,736225644.64827,0
1757289600000,4303.83,4329.50,4276.21,4310.00,427800.138,1757303999999,1840473789.72232,642764,209784.381,902791739.06928,0
1757304000000,4310.00,4312.37,4284.77,4289.82,311892.121,1757318399999,1339924838.26428,450581,142787.996,613500382.45501,0
1757318400000,4289.82,4336.82,4285.78,4310.47,694843.659,1757332799999,2998020022.07725,729530,353178.605,1523820299.83821,0
1757332800000,4310.46,4382.75,4303.61,4369.82,1022507.995,1757347199999,4442230978.75115,1159754,526863.349,2289231471.70942,0
1757347200000,4369.82,4371.88,4282.00,4291.27,708127.874,1757361599999,3061452639.27352,822690,329950.638,1426754798.54567,0
1757361600000,4291.28,4331.00,4280.22,4303.98,381238.828,1757375999999,1640870980.74545,470949,204411.363,879909770.42172,0
1757376000000,4303.97,4313.91,4275.00,4304.98,420675.437,1757390399999,1805284403.36582,601347,197743.300,848755740.20401,0
1757390400000,4304.99,4380.77,4300.03,4360.43,763937.858,1757404799999,3321528832.62805,799288,378245.408,1644451157.70844,0
1757404800000,4360.42,4366.33,4340.00,4345.83,389579.378,1757419199999,1695856449.20167,474259,184420.795,802867503.91118,0
1757419200000,4345.83,4366.43,4275.00,4282.64,1371314.625,1757433599999,5918704159.13037,1484001,650138.382,2806376672.80580,0
1757433600000,4282.64,4297.99,4276.00,4292.55,342003.671,1757447999999,1465909165.53326,452385,179702.303,770364412.97028,0
1757448000000,4292.55,4318.71,4279.00,4308.40,236048.646,1757462399999,1015683910.93162,352553,115035.545,495023546.25415,0
1757462400000,4308.41,4325.53,4283.00,4318.84,374454.510,1757476799999,1612275368.63752,505567,191748.744,825726641.85606,0
1757476800000,4318.83,4332.25,4292.66,4327.66,347615.992,1757491199999,1499389199.10496,439454,178050.818,768106466.51783,0
1757491200000,4327.67,4333.01,4305.57,4329.58,348608.498,1757505599999,1507452866.64732,437176,156471.006,676663914.94776,0
1757505600000,4329.58,4453.56,4328.00,4403.50,1855990.173,1757519999999,8157693728.04908,1792372,951745.352,4183049501.10769,0
1757520000000,4403.49,4407.35,4297.01,4320.26,1151643.028,1757534399999,5008447444.46231,1053388,543038.737,2361882063.16503,0
1757534400000,4320.26,4354.69,4318.33,4347.83,353911.273,1757548799999,1535562010.86174,413114,181646.420,788205451.75055,0
1757548800000,4347.83,4407.00,4336.80,4402.00,429175.446,1757563199999,1876537859.05566,546681,216334.052,945989182.70955,0
1757563200000,4402.01,4450.27,4393.66,4439.00,750583.540,1757577599999,3319507457.92046,780620,390481.189,1727185189.88089,0
1757577600000,4439.00,4441.67,4404.77,4428.06,472689.278,1757591999999,2091071549.21894,546861,238216.634,1053890858.11755,0
1757592000000,4428.06,4483.44,4328.88,4410.41,1844396.410,1757606399999,8146771598.28774,2014221,905328.195,4001281345.71886,0
1757606400000,4410.40,4440.00,4405.00,4422.31,363195.627,1757620799999,1605835867.06072,524685,185038.836,818213939.23572,0
1757620800000,4422.36,4467.85,4413.16,4456.86,375790.336,1757635199999,1669516811.30893,432725,208786.317,927508934.78683,0
1757635200000,4456.87,4538.60,4448.35,4503.61,936935.846,1757649599999,4219984993.51140,1052855,503938.234,2269494534.24866,0
1757649600000,4503.61,4562.00,4498.08,4524.39,584089.461,1757663999999,2648210008.81823,646547,288916.227,1309879319.93220,0
1757664000000,4524.39,4534.76,4502.30,4519.32,430740.169,1757678399999,1946252423.82497,510224,221741.441,1002002622.14511,0
1757678400000,4519.32,4570.00,4501.66,4540.16,784673.663,1757692799999,3558666877.64204,912797,393310.445,1783832847.96987,0
1757692800000,4540.15,4658.80,4531.76,4656.00,1003013.565,1757707199999,4618104350.51579,1060902,521571.590,2401918338.49270,0
1757707200000,4656.00,4750.00,4628.05,4710.83,1079748.500,1757721599999,5052855972.64003,1074042,569465.870,2665907996.82997,0
1757721600000,4710.82,4768.00,4690.40,4754.75,587755.103,1757735999999,2774590916.34862,758002,303220.379,1431982866.46432,0
1757736000000,4754.76,4755.20,4699.03,4709.69,478672.279,1757750399999,2261421563.72990,528335,221597.292,1046887236.31350,0
1757750400000,4709.70,4738.33,4706.70,4717.86,274861.599,1757764799999,1297568520.81471,356913,141698.884,668984914.62988,0
1757764800000,4717.86,4729.48,4635.00,4651.44,888975.180,1757779199999,4159981991.68007,862469,393062.937,1839923229.98298,0
1757779200000,4651.44,4665.02,4603.00,4635.85,715641.170,1757793599999,3314992589.55936,789531,337642.274,1564199647.14726,0
1757793600000,4635.84,4670.94,4634.87,4664.74,225782.484,1757807999999,1051410778.46384,316042,117312.037,546263004.18305,0
1757808000000,4664.74,4691.30,4648.33,4661.00,301812.240,1757822399999,1409607221.56784,457493,150008.893,700709951.60183,0
1757822400000,4661.01,4679.99,4630.82,4648.81,311832.220,1757836799999,1452489268.25700,385242,143719.637,669580316.48027,0
1757836800000,4648.81,4672.61,4623.96,4632.87,329869.350,1757851199999,1534036229.63331,371480,157357.094,731942806.48343,0
1757851200000,4632.88,4642.94,4575.00,4580.22,944498.034,1757865599999,4349366189.06653,928288,445192.265,2050125674.63277,0
1757865600000,4580.22,4628.00,4577.50,4613.96,339868.401,1757879999999,1565310182.62445,445942,182375.579,839991499.20197,0
1757880000000,4613.95,4635.00,4596.32,4602.00,283379.666,1757894399999,1308330211.00694,374172,145235.550,670594958.35802,0
1757894400000,4602.00,4641.81,4578.01,4634.46,399031.270,1757908799999,1839526340.49312,578614,203789.489,939714521.58856,0
1757908800000,4634.46,4668.00,4585.16,4594.94,717598.034,1757923199999,3324057910.58244,785979,337194.658,1562746875.45091,0
1757923200000,4594.94,4594.94,4495.72,4528.25,1306452.441,1757937599999,5922983514.98486,1232137,616994.592,2795946287.24128,0
1757937600000,4528.25,4540.14,4463.00,4497.46,1103082.053,1757951999999,4967902145.78948,1189529,521155.084,2347484842.68660,0
1757952000000,4497.46,4512.32,4472.49,4491.80,443560.925,1757966399999,1993382826.70189,701560,221626.440,996161123.36179,0
1757966400000,4491.79,4528.00,4486.04,4521.54,206680.269,1757980799999,932738416.79933,334723,102276.814,461555959.88080,0
1757980800000,4521.54,4536.31,4502.40,4518.97,250669.631,1757995199999,1133163755.34368,413614,126012.861,569711456.07677,0
1757995200000,4518.97,4534.87,4485.02,4510.65,410591.222,1758009599999,1852241788.52691,564375,207958.003,938311752.09034,0
1758009600000,4510.64,4529.90,4491.00,4499.39,311152.635,1758023999999,1402246523.27087,448962,150662.465,679014148.17657,0
1758024000000,4499.40,4510.81,4421.01,4465.74,1162089.007,1758038399999,5176737736.79647,1232165,556290.525,2477581597.48089,0
1758038400000,4465.73,4508.77,4444.49,4488.96,684554.469,1758052799999,3066808193.26995,782858,347226.821,1555669657.98419,0
1758052800000,4488.96,4523.19,4481.01,4499.41,290801.805,1758067199999,1309584706.78681,395864,145628.052,655896645.74010,0
1758067200000,4499.41,4551.49,4490.50,4495.23,479210.709,1758081599999,2165608542.56933,631850,233317.060,1054606054.66941,0
1758081600000,4495.23,4554.09,4461.38,4542.33,670750.685,1758095999999,3025636046.51852,728213,326602.050,1473273602.28019,0
1758096000000,4542.33,4543.98,4477.00,4489.22,536198.737,1758110399999,2413074159.38148,561183,254120.321,1143408002.84110,0
1758110400000,4489.23,4512.17,4465.00,4487.65,511293.796,1758124799999,2295888686.56818,677694,248259.241,1114899372.05373,0
1758124800000,4487.64,4532.16,4404.08,4515.15,2113524.487,1758139199999,9465720397.91579,2294130,1028919.858,4609633698.36606,0
1758139200000,4515.14,4615.26,4483.92,4588.30,813528.739,1758153599999,3704676989.21777,916106,400291.185,1822850189.93261,0
1758153600000,4588.31,4642.60,4577.69,4612.01,579309.002,1758167999999,2671769499.32974,724684,283500.025,1307680835.84242,0
1758168000000,4612.00,4618.00,4551.75,4573.10,506078.624,1758182399999,2318608840.14034,544741,236975.172,1085744735.96187,0
1758182400000,4573.11,4606.49,4566.05,4573.99,380426.804,1758196799999,1744577941.82709,464829,188295.891,863574973.95203,0
1758196800000,4573.99,4623.00,4555.17,4597.15,701875.855,1758211199999,3222222756.75128,924268,350680.072,1610065599.71885,0
1758211200000,4597.14,4634.84,4578.00,4586.53,538843.162,1758225599999,2483818562.02248,703744,268539.329,1238031423.13277,0
1758225600000,4586.54,4603.90,4568.40,4585.31,221860.244,1758239999999,1017757198.48238,345670,103917.738,476745370.71118,0
1758240000000,4585.32,4619.50,4539.13,4547.46,607833.019,1758254399999,2782979647.34778,676815,272493.342,1248151306.71465,0
1758254400000,4547.45,4557.06,4515.65,4536.56,559003.686,1758268799999,2535585225.89193,692429,258761.638,1173937957.74298,0
1758268800000,4536.55,4546.78,4505.23,4511.46,381266.813,1758283199999,1724769511.71293,454737,175505.982,793997199.48434,0
1758283200000,4511.46,4542.00,4442.30,4472.29,1153084.724,1758297599999,5180237823.99287,1072737,540857.229,2430240657.70363,0
1758297600000,4472.29,4486.78,4433.00,4438.89,479282.892,1758311999999,2137369303.95833,607224,225341.226,1005072523.42434,0
1758312000000,4438.90,4476.26,4436.21,4466.49,230867.396,1758326399999,1029452640.40912,324914,114276.009,509563052.70859,0
1758326400000,4466.48,4474.00,4451.62,4463.60,162617.098,1758340799999,725888331.62373,302915,84305.166,376324063.67330,0
1758340800000,4463.60,4484.59,4461.00,4480.72,164740.345,1758355199999,736754379.64785,225616,82999.323,371246443.10380,0
1758355200000,4480.72,4480.72,4453.21,4468.00,168132.004,1758369599999,750945957.26993,237742,80354.021,358909291.10784,0
1758369600000,4467.99,4505.45,4461.50,4496.37,322835.674,1758383999999,1448114615.15077,366381,183165.929,821576742.38663,0
1758384000000,4496.36,4506.75,4467.27,4477.86,281678.520,1758398399999,1262853377.44698,354651,125632.654,563275586.11555,0
1758398400000,4477.86,4499.73,4475.89,4478.27,110093.335,1758412799999,494010829.18618,188319,51785.033,232376217.11028,0
1758412800000,4478.26,4487.68,4454.29,4476.11,196890.693,1758427199999,880574848.26724,253230,92278.657,412760431.28172,0
1758427200000,4476.12,4491.39,4464.34,4475.85,141713.279,1758441599999,634536743.48690,213727,74963.298,335713794.81323,0
1758441600000,4475.85,4477.76,4440.07,4458.26,268404.536,1758455999999,1196782455.11898,352410,119993.344,535068141.85345,0
1758456000000,4458.25,4484.79,4458.01,4480.63,198896.927,1758470399999,889734711.99316,284919,104065.691,465564557.41321,0
1758470400000,4480.62,4497.01,4462.06,4492.21,297789.456,1758484799999,1334048620.64995,384154,148043.766,663232494.18812,0
1758484800000,4492.21,4492.92,4440.01,4443.01,262560.681,1758499199999,1170589355.27802,365801,123700.925,551524930.63851,0
1758499200000,4443.00,4454.01,4254.29,4303.62,1548538.648,1758513599999,6719753613.92881,1710096,691375.219,2998687941.67430,0
1758513600000,4303.61,4308.77,4000.88,4191.45,1929372.348,1758527999999,8061207456.59271,1973397,868614.833,3632357819.28834,0
1758528000000,4191.46,4205.82,4135.00,4179.53,820545.335,1758542399999,3423720722.32910,1030308,383345.010,1599357646.24842,0
1758542400000,4179.54,4217.49,4156.00,4165.82,802756.840,1758556799999,3361321133.47672,1120413,393105.230,1646256835.39366,0
1758556800000,4165.83,4181.17,4119.16,4133.39,635978.427,1758571199999,2641634912.59663,912713,291610.079,1211840204.09037,0
1758571200000,4133.39,4207.33,4132.27,4196.86,363194.480,1758585599999,1518172340.53597,505802,193499.072,808801937.67515,0
1758585600000,4196.87,4209.99,4112.43,4186.49,731432.821,1758599999999,3047324449.76975,927577,370047.539,1541761703.35322,0
1758600000000,4186.49,4215.00,4152.25,4203.23,510668.242,1758614399999,2139380688.40501,699597,259096.250,1085582765.99050,0
1758614400000,4203.24,4230.06,4175.44,4189.68,444884.825,1758628799999,1867985157.71422,567167,215904.844,906673246.93095,0
1758628800000,4189.69,4209.73,4158.21,4178.80,705172.401,1758643199999,2950642420.52605,963195,348450.004,1458408936.16728,0
1758643200000,4178.80,4205.96,4135.32,4151.37,785916.754,1758657599999,3272671090.11560,1052469,387456.330,1613287221.92061,0
1758657600000,4151.36,4189.49,4137.08,4162.25,313114.539,1758671999999,1305112906.21251,504024,154398.535,643473102.97185,0
1758672000000,4162.25,4193.00,4125.12,4145.40,537365.200,1758686399999,2235953004.59496,759689,245689.910,1022474291.54373,0
1758686400000,4145.41,4182.72,4070.00,4173.43,900552.655,1758700799999,3722697370.23941,1052870,437683.492,1809718781.88786,0
1758700800000,4173.43,4197.06,4162.00,4179.96,327823.707,1758715199999,1369670894.29336,479712,173119.760,723396935.67787,0
1758715200000,4179.96,4204.99,4145.00,4163.82,648792.074,1758729599999,2708628751.04089,882517,317284.991,1324834450.82360,0
1758729600000,4163.82,4192.00,4152.22,4158.95,365217.089,1758743999999,1522708748.89216,557854,181972.573,758727242.61434,0
1758744000000,4158.95,4169.60,4126.01,4150.51,267503.641,1758758399999,1110725708.84419,447487,129930.728,539635847.39208,0
1758758400000,4150.51,4158.95,4020.00,4059.76,1518593.260,1758772799999,6207486356.47425,1642263,707711.120,2893334497.20164,0
1758772800000,4059.76,4069.20,3961.00,4006.94,1344447.764,1758787199999,5393192818.20491,1583328,647244.926,2597198571.21094,0
1758787200000,4006.94,4052.05,3988.35,4000.93,752545.973,1758801599999,3027011244.73165,910511,408533.800,1643598893.40699,0
1758801600000,4000.93,4021.75,3911.39,4001.00,1815525.237,1758815999999,7232562894.70376,1988392,909372.125,3623552096.76872,0
1758816000000,4001.00,4004.77,3822.00,3910.36,2292787.412,1758830399999,8936597636.30597,2350399,1088901.236,4243418279.78762,0
1758830400000,3910.36,3936.00,3848.00,3873.10,728120.095,1758844799999,2833136035.62163,1014842,361103.825,1405376451.42868,0
1758844800000,3873.10,3970.00,3866.00,3964.00,700234.116,1758859199999,2751266464.89553,1147878,373841.423,1468772632.44782,0
1758859200000,3963.99,3975.99,3905.13,3936.60,753129.667,1758873599999,2961090304.12254,1002756,336849.190,1324462727.59878,0
1758873600000,3936.61,3943.31,3871.00,3903.90,632807.746,1758887999999,2470023841.70383,930797,308916.622,1205781551.29690,0
1758888000000,3903.89,3985.00,3873.41,3944.42,1259960.370,1758902399999,4961465291.68761,1709705,661048.645,2603622468.23860,0
1758902400000,3944.41,4066.39,3941.00,4021.40,1065741.140,1758916799999,4283193522.40622,1295878,545002.376,2189680195.12511,0
1758916800000,4021.40,4038.00,4002.64,4030.17,329124.696,1758931199999,1323348788.03345,438082,173194.585,696406850.18972,0
1758931200000,4030.17,4031.20,4001.80,4017.20,214729.495,1758945599999,862639524.49992,381805,97071.023,389972624.27483,0
1758945600000,4017.21,4026.40,4004.01,4005.99,150313.655,1758959999999,603387617.04581,241982,70446.413,282834174.20866,0
1758960000000,4006.00,4017.00,3971.45,4000.86,491748.660,1758974399999,1964196627.92877,517910,249136.768,995332437.40511,0
1758974400000,4000.87,4038.62,3992.95,4017.20,396112.015,1758988799999,1590824621.46069,465125,213665.165,858225243.64588,0
1758988800000,4017.21,4018.27,3979.60,4000.66,321240.620,1759003199999,1283352177.03971,366922,150904.183,602915941.34023,0
1759003200000,4000.66,4031.99,3998.62,4017.01,188945.694,1759017599999,758933775.76330,248768,100551.607,403916731.53346,0
1759017600000,4017.01,4030.55,3992.09,4000.58,299320.145,1759031999999,1199261450.37116,395231,146006.230,585035482.17805,0
1759032000000,4000.57,4018.50,3994.55,4013.00,211930.874,1759046399999,848816661.48233,261129,106461.339,426395457.83143,0
1759046400000,4013.01,4014.75,3982.45,3990.72,272642.477,1759060799999,1088962571.29487,355661,131615.276,525672748.17888,0
1759060800000,3990.73,4027.87,3963.10,4019.91,579276.672,1759075199999,2317834736.93763,605178,298100.769,1193296421.98153,0
1759075200000,4019.92,4054.66,4019.91,4037.43,404968.541,1759089599999,1634127064.40494,496109,217961.219,879620114.28596,0
1759089600000,4037.44,4143.05,4033.76,4139.55,746691.590,1759103999999,3060860657.28336,863007,425486.884,1743876352.26915,0
1759104000000,4139.54,4143.99,4101.30,4119.68,450182.572,1759118399999,1855508741.14866,664848,210822.600,868929853.93605,0
1759118400000,4119.67,4122.00,4086.23,4106.60,287839.252,1759132799999,1181556959.19684,465522,136961.130,562200569.79972,0
1759132800000,4106.60,4138.00,4091.80,4100.88,479754.053,1759147199999,1975537835.93456,623275,244984.789,1009066743.94609,0
1759147200000,4100.88,4202.69,4080.00,4162.72,1473438.882,1759161599999,6122693762.92098,1562731,739386.445,3072613110.51842,0
1759161600000,4162.71,4192.00,4125.21,4185.94,599749.834,1759175999999,2492244035.99115,807278,302714.211,1258164265.59179,0
1759176000000,4185.94,4234.27,4179.41,4212.98,490432.093,1759190399999,2067400713.37599,625657,247654.759,1043918820.19801,0
1759190400000,4212.99,4246.87,4185.26,4196.16,560839.955,1759204799999,2359479963.45176,827857,264443.616,1112825784.65047,0
1759204800000,4196.17,4206.17,4167.22,4180.99,415410.599,1759219199999,1739054925.71240,540013,206957.648,866507520.11131,0
1759219200000,4180.99,4182.00,4131.67,4162.78,585242.765,1759233599999,2432496471.04478,725766,289252.210,1202323802.16299,0
1759233600000,4162.78,4174.00,4091.51,4118.09,904953.914,1759247999999,3739387205.29070,1226028,428063.416,1768924346.49131,0
1759248000000,4118.09,4170.00,4091.00,4158.48,590966.027,1759262399999,2433318489.71537,883411,314756.299,1296491229.48499,0
1759262400000,4158.48,4199.89,4113.04,4142.75,635479.682,1759276799999,2642212127.32439,765204,291458.192,1211862355.77772,0
1759276800000,4142.75,4172.47,4120.61,4126.84,427123.985,1759291199999,1771484908.18235,637408,198581.911,823681647.95138,0
1759291200000,4126.84,4155.93,4121.33,4143.99,345656.634,1759305599999,1430896180.08011,560824,178833.728,740425187.83873,0
1759305600000,4143.98,4329.00,4141.37,4295.88,1715516.477,1759319999999,7321709739.60357,1649454,886541.535,3779609230.63212,0
1759320000000,4295.88,4343.29,4276.23,4325.01,911709.241,1759334399999,3929256785.22030,1277711,460621.486,1985332031.37088,0
1759334400000,4325.01,4338.04,4286.00,4332.24,577467.922,1759348799999,2493082311.82621,768670,283425.455,1223715045.71370,0
1759348800000,4332.23,4356.07,4284.55,4345.85,459031.098,1759363199999,1983589617.76953,618181,227983.311,985590561.75680,0
1759363200000,4345.85,4397.73,4330.11,4374.99,850713.030,1759377599999,3717516479.00229,1196856,428156.185,1871281580.46115,0
1759377600000,4375.00,4422.30,4356.01,4373.65,642603.141,1759391999999,2821506051.94398,752554,321029.495,1409905766.52823,0
1759392000000,4373.65,4394.37,4366.34,4377.24,290541.412,1759406399999,1272902456.48567,477529,138558.265,607121160.47051,0
1759406400000,4377.24,4441.67,4332.23,4435.49,1279649.524,1759420799999,5621529134.14763,1577566,653801.757,2873278295.87402,0
1759420800000,4435.50,4516.65,4423.33,4493.06,1018203.628,1759435199999,4548181053.02444,1360187,519840.007,2322733523.46957,0
1759435200000,4493.07,4495.36,4453.46,4481.70,389955.509,1759449599999,1744442536.47687,571272,187145.184,837392585.65617,0
1759449600000,4481.70,4559.00,4459.01,4498.96,665310.020,1759463999999,2996537913.13296,906075,321723.934,1449633285.84972,0
1759464000000,4498.97,4509.25,4451.46,4460.84,472845.773,1759478399999,2116371395.39971,677948,220083.869,985076113.15735,0
1759478400000,4460.84,4493.08,4426.00,4476.20,530964.719,1759492799999,2369578567.79624,676017,262772.611,1172869200.72144,0
1759492800000,4476.20,4540.77,4433.64,4533.20,862066.385,1759507199999,3860972848.01984,1358225,446056.962,1998440727.98186,0
1759507200000,4533.20,4590.83,4446.90,4517.65,1625533.440,1759521599999,7338404821.95943,2123708,806212.372,3641109769.98329,0
1759521600000,4517.66,4541.21,4491.37,4511.11,264607.735,1759535999999,1195714532.57852,466180,125798.498,568533445.74791,0
1759536000000,4511.12,4515.48,4460.00,4484.48,358523.766,1759550399999,1607626584.29147,538053,161052.430,722214230.27656,0
1759550400000,4484.48,4515.80,4477.07,4496.23,271915.920,1759564799999,1223552281.30607,419512,133942.319,602690385.62905,0
1759564800000,4496.24,4502.45,4478.01,4482.43,243258.865,1759579199999,1092238722.31610,369562,114902.389,515997586.74217,0
1759579200000,4482.42,4509.89,4438.80,4453.13,566627.766,1759593599999,2535046908.42821,717084,256301.577,1147018240.56614,0
1759593600000,4453.14,4475.04,4438.00,4465.39,281424.545,1759607999999,1254450170.36304,453018,141347.480,630140331.93830,0
1759608000000,4465.40,4492.42,4465.40,4484.79,165790.506,1759622399999,743170211.12421,254540,86013.326,385585057.76488,0
1759622400000,4484.79,4575.14,4465.01,4530.11,804970.426,1759636799999,3645432361.68130,1108572,436887.734,1978415005.61161,0
1759636800000,4530.10,4614.19,4526.70,4604.91,707637.396,1759651199999,3234618264.31260,1174026,368161.190,1683344090.86182,0
1759651200000,4604.91,4618.44,4521.61,4549.08,867988.106,1759665599999,3959378847.40844,1222333,406702.714,1855445920.79013,0
1759665600000,4549.09,4549.09,4525.00,4530.61,313742.160,1759679999999,1423353583.85051,544821,144749.614,656761801.95644,0
1759680000000,4530.60,4539.53,4480.00,4485.33,519161.766,1759694399999,2342093955.12852,721136,233838.537,1055288811.02135,0
1759694400000,4485.32,4522.22,4470.74,4512.34,262865.853,1759708799999,1183504940.56273,462918,130683.557,588435807.91275,0
1759708800000,4512.35,4551.74,4486.05,4534.90,582297.837,1759723199999,2633202034.16088,965876,299938.111,1356775564.92037,0
1759723200000,4534.90,4576.58,4507.63,4530.98,476497.187,1759737599999,2165579349.33926,752300,229173.478,1041600060.41307,0
1759737600000,4530.99,4593.25,4530.99,4569.54,439413.121,1759751999999,2006108930.58187,667212,219892.722,1003997909.79641,0
1759752000000,4569.54,4692.91,4568.00,4671.24,1327756.203,1759766399999,6155246595.95137,1738672,701893.039,3253557559.41923,0
1759766400000,4671.24,4732.38,4657.56,4720.86,754145.844,1759780799999,3541440166.40742,1107340,376213.396,1766907355.51848,0
1759780800000,4720.85,4734.99,4670.40,4682.43,408439.781,1759795199999,1918040314.23963,687819,195163.713,916565513.51257,0
1759795200000,4682.42,4697.99,4660.03,4688.73,309266.165,1759809599999,1447250840.77189,619123,151237.491,707811600.16327,0
1759809600000,4688.74,4730.65,4662.01,4676.83,566683.653,1759823999999,2659074700.78280,864107,270157.064,1267864518.31879,0
1759824000000,4676.84,4712.12,4636.00,4706.44,568684.268,1759838399999,2656826028.28680,821721,288679.269,1349080023.45064,0
1759838400000,4706.44,4754.00,4472.94,4510.30,2681971.018,1759852799999,12380599869.50844,2906408,1284022.387,5928977386.14277,0
1759852800000,4510.30,4522.33,4440.45,4477.54,1327491.656,1759867199999,5951189671.76361,1639910,635225.205,2848612820.76235,0
1759867200000,4477.55,4514.66,4422.44,4445.76,492359.912,1759881599999,2205009908.74821,758546,234553.991,1050885679.48226,0
1759881600000,4445.77,4497.05,4430.54,4441.83,546776.816,1759895999999,2439772865.22392,989795,268221.124,1197048590.41911,0
1759896000000,4441.82,4464.17,4408.69,4461.08,519713.260,1759910399999,2307715986.01713,882951,260280.795,1156098658.81975,0
1759910400000,4461.08,4505.00,4455.70,4485.21,477548.509,1759924799999,2140977812.06281,771573,237644.113,1065405334.23582,0
1759924800000,4485.20,4522.00,4434.59,4445.11,955336.457,1759939199999,4272729687.02976,1516322,451327.781,2019275872.85151,0
1759939200000,4445.10,4556.75,4436.55,4512.64,1003857.466,1759953599999,4527947595.92433,1384954,526685.892,2374765171.12476,0
1759953600000,4512.65,4537.73,4497.30,4523.67,251850.944,1759967999999,1137983469.66760,463432,125154.611,565569688.96027,0
1759968000000,4523.66,4529.15,4400.00,4448.81,761732.356,1759982399999,3395027323.12791,1054453,338200.221,1507288734.53074,0
1759982400000,4448.80,4458.83,4408.00,4424.43,434725.954,1759996799999,1928051219.78859,643411,201947.015,895796919.01528,0
1759996800000,4424.42,4425.17,4316.59,4371.00,1243220.127,1760011199999,5413252646.81872,1448148,598210.393,2604175463.99376,0
1760011200000,4370.99,4411.46,4290.00,4312.81,1400237.608,1760025599999,6092381612.87002,1884354,688536.118,2996292246.46593,0
1760025600000,4312.81,4343.69,4262.55,4336.39,932137.019,1760039999999,4013394112.40189,1310921,448429.189,1931462050.47376,0
1760040000000,4336.38,4381.42,4325.30,4365.83,330517.592,1760054399999,1439677812.32104,542735,164683.615,717477782.53817,0
1760054400000,4365.83,4392.00,4340.61,4345.01,500514.547,1760068799999,2186536797.66532,720541,238261.700,1041189629.95457,0
1760068800000,4345.01,4376.00,4312.53,4321.06,542941.101,1760083199999,2356106915.87861,878033,265635.114,1152957056.15832,0
1760083200000,4321.05,4349.70,4311.00,4341.42,337216.146,1760097599999,1461052769.74552,604099,170388.730,738295485.76095,0
1760097600000,4341.42,4388.43,4067.44,4100.48,2601692.512,1760111999999,10962586207.99203,2847369,1198256.005,5049767210.56448,0
1760112000000,4100.49,4136.08,3947.77,3994.99,2179388.330,1760126399999,8832200872.08754,2664638,1040558.916,4218208681.06615,0
1760126400000,3994.99,4022.18,3400.00,3819.99,5855366.411,1760140799999,22131454174.67609,8176345,2753078.700,10418840487.76622,0
1760140800000,3820.00,3874.28,3725.00,3789.56,1287049.749,1760155199999,4887613067.85170,2262092,652865.562,2479758983.36196,0
1760155200000,3789.55,3831.02,3731.20,3757.27,840351.006,1760169599999,3176024991.46043,1521070,427236.385,1614966083.49722,0
1760169600000,3757.27,3856.00,3746.62,3838.68,784125.646,1760183999999,2992279414.84343,1327251,406694.899,1552266448.84732,0
1760184000000,3838.67,3853.43,3783.07,3822.58,653794.584,1760198399999,2497578538.08972,1169833,333073.072,1272304026.23182,0
1760198400000,3822.58,3845.98,3728.32,3758.00,634300.346,1760212799999,2403423895.54329,1190042,301138.324,1141178656.31375,0
1760212800000,3758.00,3764.92,3640.00,3744.99,1015967.137,1760227199999,3769915449.58292,1922967,492379.524,1828329796.95315,0
1760227200000,3744.99,3819.33,3692.96,3779.99,952964.314,1760241599999,3566534160.72152,1611760,507047.003,1898185179.67608,0
1760241600000,3779.99,3842.18,3774.08,3825.25,729853.052,1760255999999,2785533115.37076,815840,372332.733,1420928370.90619,0
1760256000000,3825.26,3866.06,3803.22,3818.14,1122677.968,1760270399999,4296667078.94270,768631,553298.360,2117499649.69368,0
1760270400000,3818.13,4077.96,3791.79,4032.38,3206919.153,1760284799999,12582540833.46999,2944432,1642658.931,6443090353.53680,0
1760284800000,4032.37,4175.90,4032.37,4133.11,2029907.155,1760299199999,8338049116.49096,2239849,1006151.090,4133065985.39456,0
1760299200000,4133.12,4200.00,4077.59,4149.99,1429945.748,1760313599999,5912253634.66689,1647393,721735.496,2984551435.00071,0
1760313600000,4150.00,4219.43,4121.55,4138.63,1277038.413,1760327999999,5306483516.40714,1636870,642207.024,2669186708.41305,0
1760328000000,4138.63,4196.55,4113.45,4176.29,914684.868,1760342399999,3797517560.07111,1160289,456489.809,1895393395.98906,0
1760342400000,4176.28,4193.89,4034.12,4078.36,1352584.291,1760356799999,5579336243.13658,1439417,646244.468,2666591608.19894,0
1760356800000,4078.35,4179.89,4054.26,4133.44,2175352.753,1760371199999,8961179514.32973,2633581,1101558.473,4537937085.86962,0
1760371200000,4133.45,4269.65,4126.81,4250.00,1548664.320,1760385599999,6500096446.34732,1677098,807589.051,3390094613.84003,0
1760385600000,4250.00,4293.03,4232.98,4239.70,599091.895,1760399999999,2552269430.63081,731493,290662.366,1238613403.86588,0
1760400000000,4239.70,4262.00,4135.00,4151.29,930551.426,1760414399999,3901750926.19656,1148564,436526.659,1830090953.98847,0
1760414400000,4151.29,4158.44,3964.40,3979.28,1932959.967,1760428799999,7822385941.14963,2237675,937039.850,3791454517.51110,0
1760428800000,3979.29,4013.42,3885.09,3970.13,1600670.983,1760443199999,6339195236.65539,2014563,793617.920,3144222663.18737,0
1760443200000,3970.13,4087.70,3890.13,4083.25,1885255.468,1760457599999,7490026473.13485,2802848,965589.009,3837200343.09327,0
1760457600000,4083.25,4163.25,4042.83,4100.67,1754560.306,1760471999999,7199603541.23176,2820866,839516.984,3446100589.94792,0
1760472000000,4100.68,4142.99,4067.39,4123.05,366015.124,1760486399999,1505257233.80432,820984,176717.770,726903646.26968,0
1760486400000,4123.06,4144.49,4059.00,4079.71,616022.316,1760500799999,2528181108.41079,1119451,300730.779,1234315140.16231,0
1760500800000,4079.70,4128.17,4070.00,4120.00,516419.478,1760515199999,2119163940.30424,955064,252222.176,1035012096.14265,0
1760515200000,4120.00,4216.12,4085.00,4098.55,1016324.120,1760529599999,4214931639.46081,1390596,530314.105,2200476958.09361,0
1760529600000,4098.55,4106.09,3957.47,3979.23,1621866.662,1760543999999,6554093159.26898,2350074,783769.869,3167688611.95375,0
1760544000000,3979.23,4011.56,3926.81,3981.28,992516.148,1760558399999,3945040516.84557,1548042,498523.495,1982038769.08335,0
1760558400000,3981.27,3994.79,3925.00,3983.81,620095.286,1760572799999,2458129647.98391,1025274,310719.787,1231677878.80586,0
1760572800000,3983.80,4035.00,3973.76,4012.92,503570.116,1760587199999,2018041426.81551,912591,245103.412,982196754.60941,0
1760587200000,4012.93,4050.00,3976.96,4002.48,551058.431,1760601599999,2210551230.40458,913983,270772.872,1086504361.19570,0
1760601600000,4002.51,4077.54,3937.30,4060.50,946156.481,1760615999999,3800431260.09543,1366033,481312.673,1934191136.06519,0
1760616000000,4060.51,4089.34,3890.00,3905.04,1582178.233,1760630399999,6321085311.57414,2417173,740860.847,2961045192.74770,0
1760630400000,3905.03,3966.29,3850.00,3865.97,1611881.582,1760644799999,6285807795.20410,2839909,784571.540,3060005631.78149,0
1760644800000,3865.97,3896.25,3822.50,3892.02,536855.936,1760659199999,2073380860.58517,994415,262805.355,1015533955.31457,0
1760659200000,3892.02,3948.06,3886.15,3931.44,461138.681,1760673599999,1807061691.50479,870470,232146.836,909781664.76136,0
1760673600000,3931.45,3934.73,3751.00,3754.79,1224800.637,1760687999999,4685543639.02107,1907889,558218.862,2135142869.95937,0
1760688000000,3754.78,3817.40,3671.00,3776.30,2181211.218,1760702399999,8156437671.86812,3006478,1087541.882,4068008816.23301,0
1760702400000,3776.29,3809.66,3712.51,3796.02,1488017.922,1760716799999,5605467291.55834,2588155,732826.983,2761306999.85561,0
1760716800000,3796.03,3849.01,3777.00,3826.16,889393.717,1760731199999,3394615712.84950,1547431,447406.902,1707716313.89511,0
1760731200000,3826.15,3882.00,3816.00,3829.99,409153.689,1760745599999,1577656197.34222,668010,203384.714,784474091.50313,0
1760745600000,3830.00,3880.63,3817.21,3869.00,365217.185,1760759999999,1407449075.93360,647061,181194.311,698208074.15376,0
1760760000000,3868.99,3926.00,3838.81,3890.47,513129.647,1760774399999,1991122476.01256,819007,256910.136,997220038.16459,0
1760774400000,3890.46,3903.80,3860.15,3880.78,312732.355,1760788799999,1212916103.36677,601734,160892.801,624045466.70141,0
1760788800000,3880.78,3892.50,3846.11,3875.99,297482.658,1760803199999,1151002980.02127,587530,142695.024,552221288.51831,0
1760803200000,3876.00,3898.00,3851.95,3891.60,268002.402,1760817599999,1039024234.17058,492179,132485.041,513648648.31823,0
1760817600000,3891.61,3907.92,3867.32,3887.01,182220.851,1760831999999,708375371.33458,347414,89874.846,349386161.90052,0
1760832000000,3887.01,3905.73,3853.53,3904.70,272161.567,1760846399999,1055168109.52367,454318,135600.435,525706306.03091,0
1760846400000,3904.70,3919.48,3871.50,3886.70,307487.323,1760860799999,1197037557.81368,508746,145601.372,566849955.75073,0
1760860800000,3886.70,3960.00,3810.00,3922.20,1222156.250,1760875199999,4765554608.95538,1623812,605244.422,2362105565.04765,0
1760875200000,3922.21,4001.00,3906.76,3977.55,679923.129,1760889599999,2695203836.20088,1053259,359902.959,1427033605.13984,0
1760889600000,3977.54,4026.31,3957.00,3984.63,550527.192,1760903999999,2198498813.84741,769511,280052.456,1118607014.17862,0
1760904000000,3984.63,4030.00,3967.00,3980.59,345912.710,1760918399999,1382288612.15260,614715,170123.819,680007914.41195,0
1760918400000,3980.60,4040.00,3906.89,4025.88,773699.355,1760932799999,3061160260.95716,1268694,387112.148,1532028029.94293,0
1760932800000,4025.87,4085.00,4021.42,4053.36,695359.214,1760947199999,2819888874.93775,1156690,337560.395,1369011329.75407,0
1760947200000,4053.35,4069.89,4010.58,4032.83,588861.582,1760961599999,2377133034.95055,884922,283670.675,1145386611.78812,0
1760961600000,4032.83,4048.96,4001.00,4002.73,649029.047,1760975999999,2614853937.78838,1091319,329683.054,1328480863.19252,0
1760976000000,4002.73,4002.73,3920.30,3978.78,1020647.531,1760990399999,4038794109.65036,1364815,507061.812,2006491435.50589,0
1760990400000,3978.76,4001.96,3968.74,3977.54,236596.977,1761004799999,942626573.74537,430723,113722.489,453102123.78974,0
1761004800000,3977.54,3984.68,3918.00,3921.41,409283.608,1761019199999,1614457966.16798,715505,182875.529,721344219.84441,0
1761019200000,3921.42,3921.42,3838.21,3890.52,902262.126,1761033599999,3492862920.03770,1343424,425652.754,1647541851.53744,0
1761033600000,3890.53,3896.00,3850.02,3888.33,470327.762,1761047999999,1821807500.46454,686535,232773.752,901705017.47019,0
1761048000000,3888.34,4083.78,3850.20,4080.41,1846735.539,1761062399999,7320859502.58331,2558428,946751.749,3752963752.00390,0
1761062400000,4080.41,4108.41,3963.19,3994.04,1584984.955,1761076799999,6393211816.91287,2166903,764849.425,3085458383.86327,0
1761076800000,3994.03,3999.31,3855.55,3871.11,851864.761,1761091199999,3339023833.02825,1411854,412874.389,1617975957.71434,0
1761091200000,3871.11,3887.45,3815.37,3858.14,633334.643,1761105599999,2440511242.26007,1047349,307193.244,1184023350.02511,0
1761105600000,3858.13,3882.93,3835.69,3866.87,445126.857,1761119999999,1717981187.88623,760104,232871.971,898867694.59509,0
1761120000000,3866.88,3867.47,3765.00,3827.02,841284.301,1761134399999,3216558840.15712,1254630,393625.478,1505253819.63135,0
1761134400000,3827.03,3875.56,3777.03,3839.73,1438936.708,1761148799999,5510172087.12795,2422476,722469.314,2767171780.19196,0
1761148800000,3839.72,3859.64,3780.00,3802.52,794262.290,1761163199999,3033324528.12083,1771998,384727.764,1469513507.24707,0
1761163200000,3802.53,3816.71,3706.31,3803.93,861978.066,1761177599999,3243869528.06258,1413453,419810.428,1580965244.84895,0
1761177600000,3803.94,3835.32,3794.89,3825.18,338265.345,1761191999999,1291806346.97965,689957,177442.671,677646175.06145,0
1761192000000,3825.19,3896.00,3820.51,3879.76,540763.994,1761206399999,2090271471.83384,890548,268961.647,1039605112.97890,0
1761206400000,3879.76,3905.47,3857.14,3861.86,559918.481,1761220799999,2174392634.06257,881973,256106.667,994835074.18042,0
1761220800000,3861.86,3885.88,3807.01,3874.87,1030968.009,1761235199999,3966404533.86224,1830561,527727.715,2030316455.41069,0
1761235200000,3874.87,3933.40,3842.81,3857.69,897229.475,1761249599999,3490385351.15716,1413265,434755.971,1691519393.03321,0
1761249600000,3857.69,3859.48,3816.88,3855.21,336791.612,1761263999999,1293298133.36374,645089,182173.739,699625185.57791,0
1761264000000,3855.22,3895.19,3844.02,3889.43,325953.566,1761278399999,1262023745.46978,677998,162264.689,628298149.56327,0
1761278400000,3889.44,3988.00,3884.32,3947.64,855887.900,1761292799999,3384921308.62122,1240225,413293.553,1633836668.19097,0
1761292800000,3947.65,3967.42,3924.00,3945.00,428318.821,1761307199999,1691366077.35533,817043,208069.246,821779531.28003,0
1761307200000,3944.99,4026.48,3870.00,3887.09,1354435.386,1761321599999,5334456864.11267,2199056,659285.876,2598582576.19162,0
1761321600000,3887.09,3936.89,3864.28,3924.66,514092.604,1761335999999,2002966606.10931,936730,268316.694,1045633870.94638,0
1761336000000,3924.66,3943.81,3922.19,3933.19,176743.178,1761350399999,695190993.90204,388091,82067.224,322816178.64674,0
1761350400000,3933.20,3938.03,3910.00,3919.43,202388.242,1761364799999,794331514.92402,410415,93130.696,365552223.47152,0
1761364800000,3919.42,3963.26,3918.37,3927.29,246363.913,1761379199999,968768076.24014,413590,128004.060,503553648.93797,0
1761379200000,3927.30,3955.00,3926.00,3938.66,243871.605,1761393599999,961443059.02084,445618,123483.946,486834033.91957,0
1761393600000,3938.66,3955.00,3922.83,3931.48,239435.845,1761407999999,943212219.36203,415097,119709.916,471583176.10837,0
1761408000000,3931.47,3968.93,3926.60,3956.05,227049.447,1761422399999,896323474.56196,369313,133366.914,526600648.31775,0
1761422400000,3956.06,3963.47,3932.50,3952.25,135802.027,1761436799999,536487207.45827,266521,62772.646,248000258.62715,0
1761436800000,3952.24,3960.00,3914.30,3929.95,245596.346,1761451199999,966221764.89961,435098,110673.898,435445634.97410,0
1761451200000,3929.95,3955.00,3927.01,3949.72,124334.092,1761465599999,490050064.72953,238431,66911.159,263741145.49788,0
1761465600000,3949.72,4054.00,3948.84,4043.08,832461.295,1761479999999,3328313054.03252,1102994,418169.504,1672042214.52687,0
1761480000000,4043.08,4098.00,4039.00,4073.45,780286.015,1761494399999,3175017002.72192,1158105,390564.834,1589488332.06234,0
1761494400000,4073.45,4079.86,4043.43,4066.58,276999.489,1761508799999,1125030676.24704,501808,133613.517,542746943.74963,0
1761508800000,4066.58,4179.27,4053.07,4156.37,669709.627,1761523199999,2767984053.38389,1225014,352835.132,1457623912.17007,0
1761523200000,4156.36,4225.14,4145.27,4203.21,697542.552,1761537599999,2922941924.25616,1225955,349562.431,1465261345.53392,0
1761537600000,4203.22,4253.00,4193.06,4200.00,622522.423,1761551999999,2628300808.40783,1031174,307489.110,1298526758.21871,0
1761552000000,4199.99,4200.42,4130.00,4160.51,750426.514,1761566399999,3125479214.16608,1090999,364901.057,1519812264.31460,0
1761566400000,4160.50,4186.77,4122.02,4171.25,805343.171,1761580799999,3344786302.43157,1481088,404404.750,1679888452.85051,0
1761580800000,4171.25,4231.64,4171.24,4192.42,618224.534,1761595199999,2599145170.45059,1080299,301430.975,1267279762.34569,0
1761595200000,4192.41,4194.07,4090.61,4118.47,683902.608,1761609599999,2826159522.75761,1068345,332359.400,1373567023.43093,0
1761609600000,4118.46,4140.26,4066.88,4092.48,563439.569,1761623999999,2312361845.10284,919412,264537.815,1086290994.49677,0
1761624000000,4092.47,4125.95,4064.29,4115.36,446602.113,1761638399999,1829097197.88943,792616,229937.659,941865967.64504,0
1761638400000,4115.36,4134.46,4102.35,4110.11,316396.683,1761652799999,1302771212.33319,624344,157471.092,648491837.14547,0
1761652800000,4110.11,4174.08,4066.00,4095.35,1080510.623,1761667199999,4456552871.25611,1851770,526369.928,2171315759.47270,0
1761667200000,4095.36,4149.87,4024.49,4037.26,829015.568,1761681599999,3393031354.81420,1450257,374705.241,1534624272.64018,0
1761681600000,4037.22,4040.00,3925.01,3977.56,1056011.662,1761695999999,4203240628.42256,1684713,499894.056,1989592399.92679,0
1761696000000,3977.56,4006.00,3962.28,3996.00,390065.025,1761710399999,1554529433.64138,794943,206807.975,824290819.10299,0
1761710400000,3996.01,4034.99,3994.35,4022.83,338823.308,1761724799999,1361987447.55276,618923,167976.955,675163157.19064,0
1761724800000,4022.83,4024.83,3982.00,4009.14,457037.468,1761739199999,1828530354.60947,739689,217869.241,871706536.57815,0
1761739200000,4009.13,4028.01,3939.14,3950.23,756459.328,1761753599999,3013606207.39480,1425782,363460.913,1448298561.67252,0
1761753600000,3950.23,4017.11,3836.00,3903.54,1980120.509,1761767999999,7782412158.26382,3045250,956249.201,3759403210.39418,0
1761768000000,3903.54,3962.55,3871.17,3900.38,535704.696,1761782399999,2098524833.80910,1043525,263869.130,1033878798.89735,0
1761782400000,3900.38,3947.00,3882.36,3932.54,401037.020,1761796799999,1572907520.29164,902478,201861.280,791676896.41517,0
1761796800000,3932.53,3943.00,3836.82,3938.18,1194320.361,1761811199999,4648544872.36224,1978307,590774.240,2300261205.07724,0
1761811200000,3938.19,3938.41,3875.11,3879.52,479034.497,1761825599999,1869548632.72408,933744,228466.753,891486043.63405,0
1761825600000,3879.52,3883.19,3755.81,3771.61,1691433.702,1761839999999,6430513509.33321,2669015,800882.316,3045009338.92329,0
1761840000000,3771.61,3800.45,3677.70,3685.25,1337529.839,1761854399999,4999580131.89292,1980160,641322.531,2398257113.48529,0
1761854400000,3685.25,3805.00,3678.33,3802.80,665818.522,1761868799999,2496035083.14575,1142377,370907.216,1390652049.32368,0
1761868800000,3802.80,3860.00,3794.13,3827.60,682225.722,1761883199999,2612598615.63093,1083906,327530.333,1254453931.89063,0
1761883200000,3827.60,3872.00,3818.78,3829.43,596267.041,1761897599999,2293710113.65847,872010,314047.821,1208342759.11419,0
1761897600000,3829.43,3882.00,3816.29,3872.15,451684.233,1761911999999,1737375791.15949,769402,232542.350,894564322.60857,0
1761912000000,3872.16,3887.02,3830.00,3858.58,925638.355,1761926399999,3570867907.51251,1625855,434881.375,1677799152.99406,0
1761926400000,3858.58,3904.90,3802.64,3884.91,922938.144,1761940799999,3549274958.44523,1503999,484652.249,1864008541.37149,0
1761940800000,3884.91,3892.13,3838.68,3846.42,237214.027,1761955199999,916391220.07242,519820,114018.435,440457912.15946,0
1761955200000,3846.42,3863.27,3828.80,3860.00,197058.892,1761969599999,757969124.25164,444120,102935.288,395954285.06518,0
1761969600000,3860.00,3867.66,3851.30,3859.28,171174.285,1761983999999,660586838.08103,355545,85708.935,330766507.58367,0
1761984000000,3859.29,3882.00,3859.00,3876.08,209660.912,1761998399999,811863414.76347,359569,108283.945,419292344.74869,0
1761998400000,3876.08,3901.36,3855.66,3893.01,302448.751,1762012799999,1172747679.10728,556754,155489.582,602933473.73477,0
1762012800000,3893.02,3907.61,3860.44,3878.34,281895.016,1762027199999,1093920573.48038,497991,137189.211,532348154.85797,0
1762027200000,3878.33,3890.00,3862.44,3872.14,108247.150,1762041599999,419461992.16097,264203,52222.976,202364286.03169,0
1762041600000,3872.14,3885.83,3860.01,3879.25,132643.054,1762055999999,513639073.29412,301584,70466.004,272872018.52509,0
1762056000000,3879.25,3917.00,3874.08,3904.57,294026.052,1762070399999,1146292164.85909,532065,149909.903,584475553.51766,0
1762070400000,3904.58,3909.34,3851.24,3888.92,482928.550,1762084799999,1872047530.25481,695745,230017.167,891599351.84121,0
1762084800000,3888.93,3892.98,3837.04,3851.63,411891.239,1762099199999,1590592392.61139,757797,190486.812,735622189.68458,0
1762099200000,3851.63,3865.89,3838.23,3854.38,196824.276,1762113599999,758408973.24703,448147,98813.520,380798225.44419,0
1762113600000,3854.38,3915.00,3842.41,3904.80,298540.618,1762127999999,1157986272.90365,503519,168405.017,653311100.53641,0
1762128000000,3904.79,3913.34,3726.00,3734.73,1240403.048,1762142399999,4720060024.59027,1809408,556864.689,2119898807.66365,0
1762142400000,3734.74,3764.07,3682.00,3713.10,981182.620,1762156799999,3652266977.11682,1509875,477164.991,1776593616.01405,0
1762156800000,3713.09,3739.98,3650.13,3710.00,922853.964,1762171199999,3416335759.22657,1288222,430484.177,1594218190.35832,0
1762171200000,3710.01,3747.36,3578.40,3587.38,1564945.037,1762185599999,5728172299.17668,2190262,713955.306,2615125300.09603,0
1762185600000,3587.38,3681.23,3562.27,3629.60,1136816.472,1762199999999,4119801594.72993,1917757,557684.313,2021227165.00338,0
1762200000000,3629.61,3635.00,3556.00,3602.15,753273.356,1762214399999,2704315573.49626,1355427,365703.132,1313274010.22640,0
1762214400000,3602.15,3653.65,3565.95,3640.90,638731.048,1762228799999,2314350026.55007,1260456,343126.074,1243548587.54266,0
1762228800000,3640.91,3646.80,3470.58,3492.79,1749278.841,1762243199999,6173040960.18546,2526728,829995.229,2928838751.60182,0
1762243200000,3492.78,3534.14,3460.00,3527.78,882687.958,1762257599999,3082602764.62108,1559026,455108.003,1589878627.37042,0
1762257600000,3527.78,3586.12,3471.38,3506.00,1412395.231,1762271999999,4981112351.92599,2265545,694651.808,2450570092.99177,0
1762272000000,3505.99,3518.95,3225.00,3229.84,2977777.475,1762286399999,9988112134.51237,4297332,1379245.321,4626527443.59549,0
1762286400000,3229.83,3305.75,3055.00,3285.28,3017400.443,1762300799999,9632101332.98715,3988430,1478995.903,4727878720.69867,0
1762300800000,3285.28,3347.75,3165.41,3333.44,1501621.620,1762315199999,4892853820.07968,3079759,748612.413,2440777736.92372,0
1762315200000,3333.45,3353.80,3301.51,3329.10,589780.366,1762329599999,1962379503.83083,1234142,286315.443,952908323.50980,0
1762329600000,3329.09,3329.19,3272.24,3320.97,723740.786,1762343999999,2388148481.50953,1468571,354132.219,1168684516.48214,0
1762344000000,3320.98,3397.67,3311.26,3396.31,1210510.807,1762358399999,4054732170.91785,2193088,651553.000,2183312012.44817,0
1762358400000,3396.32,3478.50,3368.05,3453.32,1006696.544,1762372799999,3448115955.91681,1566121,517616.023,1773864046.77569,0
1762372800000,3453.31,3479.00,3413.62,3423.06,497558.855,1762387199999,1711788633.48664,964151,247491.058,851589242.73753,0
1762387200000,3423.06,3449.37,3373.70,3431.33,590443.751,1762401599999,2012611446.10390,1085883,287915.508,981949965.77225,0
1762401600000,3431.34,3455.00,3357.94,3378.90,635825.880,1762415999999,2160819333.69635,1105891,289517.438,984283912.02582,0
1762416000000,3378.89,3414.30,3365.00,3397.85,513817.030,1762430399999,1741189272.22696,956633,249848.000,846851861.45653,0
1762430400000,3397.84,3403.94,3275.19,3300.01,1471120.322,1762444799999,4915466739.34030,2432670,696941.551,2328855226.26201,0
1762444800000,3300.01,3351.81,3245.00,3324.54,1280970.278,1762459199999,4228784514.00477,2349425,657359.839,2170603717.42445,0
1762459200000,3324.56,3335.43,3285.97,3313.70,431242.135,1762473599999,1426578527.70418,1064842,215933.173,714379121.32603,0
1762473600000,3313.70,3364.00,3273.04,3343.67,638915.795,1762487999999,2121925368.84064,1643807,327597.720,1087973461.81950,0
1762488000000,3343.68,3370.00,3318.15,3356.32,427866.184,1762502399999,1432385872.06136,937760,208388.761,697614506.75189,0
1762502400000,3356.31,3359.29,3224.05,3258.62,863505.306,1762516799999,2830427815.96764,1442642,426775.959,1398951609.66723,0
1762516800000,3258.61,3317.10,3192.92,3295.99,1510659.915,1762531199999,4912315403.30704,2891334,767323.484,2495545746.57498,0
1762531200000,3296.00,3449.00,3271.76,3441.94,1107472.219,1762545599999,3733062200.75834,2249407,570228.285,1922085018.13030,0
1762545600000,3441.93,3472.23,3428.35,3434.36,455524.009,1762559999999,1571724721.92956,995575,228492.339,788488576.20225,0
1762560000000,3434.37,3465.77,3404.93,3452.50,439355.060,1762574399999,1511434317.07542,1030802,214988.534,739803149.91866,0
1762574400000,3452.51,3490.00,3414.49,3446.41,533189.950,1762588799999,1837190419.01458,1050165,264919.928,913207690.32688,0
1762588800000,3446.41,3468.43,3405.03,3411.53,398966.394,1762603199999,1371946908.79785,806145,192806.407,663224176.13618,0
1762603200000,3411.54,3416.74,3367.81,3375.68,635781.052,1762617599999,2158191198.31623,1214687,312415.120,1060652937.29316,0
1762617600000,3375.69,3406.46,3353.31,3387.61,494356.386,1762631999999,1670562104.33804,919221,251557.113,850177078.30231,0
1762632000000,3387.62,3414.33,3378.40,3400.07,161737.377,1762646399999,549832405.60402,423143,76207.471,259066352.36898,0
1762646400000,3400.08,3403.00,3356.74,3374.82,307223.854,1762660799999,1038341281.51986,704048,150371.862,508217903.51190,0
1762660800000,3374.82,3425.68,3368.62,3421.05,317545.207,1762675199999,1079253139.59407,649209,168407.675,572566478.27209,0
1762675200000,3421.06,3434.00,3380.71,3426.99,423001.584,1762689599999,1442572231.89455,781025,213614.004,728450764.13682,0
1762689600000,3427.00,3563.19,3423.22,3513.58,1121759.882,1762703999999,3926383595.64464,1755327,592698.917,2073534409.77099,0
1762704000000,3513.58,3578.70,3500.00,3578.04,516123.921,1762718399999,1821975418.69827,1023975,270064.276,953991325.43091,0
1762718400000,3578.03,3624.40,3560.07,3581.31,556450.401,1762732799999,1993347488.60737,1125815,281881.464,1010249109.77633,0
1762732800000,3581.31,3658.00,3548.88,3626.45,783427.535,1762747199999,2837373622.76224,1685082,398278.397,1443206125.33596,0
1762747200000,3626.44,3630.71,3587.56,3607.50,379718.644,1762761599999,1370306880.90686,875999,194487.032,701964231.99086,0
1762761600000,3607.51,3630.30,3585.42,3608.90,431488.168,1762775999999,1556089803.85055,843003,216326.752,780201731.52422,0
1762776000000,3608.89,3620.71,3506.66,3518.10,1086997.575,1762790399999,3872664628.22882,1846788,516383.201,1839814190.52013,0
1762790400000,3518.10,3574.73,3505.55,3556.83,659478.316,1762804799999,2332940724.78460,1206320,349979.972,1238159153.69938,0
1762804800000,3556.83,3582.69,3527.06,3566.38,390982.471,1762819199999,1391153197.82690,852173,197265.840,702039674.36022,0
1762819200000,3566.38,3647.54,3551.11,3604.20,860043.220,1762833599999,3099240099.12105,1743047,442998.185,1596889785.18995,0
1762833600000,3604.21,3608.44,3528.80,3542.88,626103.617,1762847999999,2227570543.64977,1268574,303364.028,1079055723.42657,0
1762848000000,3542.88,3585.29,3541.22,3572.40,422845.052,1762862399999,1507295797.24656,929968,215819.215,769415329.59542,0
1762862400000,3572.40,3593.00,3466.00,3479.62,1281472.971,1762876799999,4511316358.79441,2208530,615523.024,2166857679.41700,0
1762876800000,3479.62,3499.10,3443.04,3455.65,689194.752,1762891199999,2391977226.15909,1454787,344977.005,1197550374.67742,0
1762891200000,3455.66,3460.66,3403.02,3416.32,630784.332,1762905599999,2162978876.81807,1275668,318070.419,1090799555.50414,0
1762905600000,3416.33,3454.68,3408.14,3437.52,470503.660,1762919999999,1615278076.79468,1151077,237359.847,814862167.51061,0
1762920000000,3437.52,3455.79,3422.17,3426.52,298330.330,1762934399999,1027130032.65280,623667,141636.234,487757151.10270,0
1762934400000,3426.51,3569.00,3426.33,3548.25,880204.916,1762948799999,3086215749.90541,1503421,465675.335,1632776258.88787,0
1762948800000,3548.24,3587.24,3416.27,3426.34,1451487.189,1762963199999,5094337528.06408,2334051,697870.882,2449837573.31244,0
1762963200000,3426.33,3455.00,3370.00,3406.58,1463495.946,1762977599999,4988898814.90086,2507954,767149.056,2615974536.97701,0
1762977600000,3406.58,3438.82,3390.01,3413.46,321031.398,1762991999999,1096036861.56828,800534,165611.815,565485257.39967,0
1762992000000,3413.45,3473.00,3375.09,3451.33,723428.986,1763006399999,2482276782.22678,1670036,365828.461,1255830887.43955,0
1763006400000,3451.32,3565.00,3432.02,3537.15,1002337.159,1763020799999,3517800014.89002,1875705,533021.355,1870038374.59584,0
1763020800000,3537.16,3549.00,3475.00,3499.98,720385.179,1763035199999,2528102673.50627,1232404,317370.402,1113805709.03100,0
1763035200000,3499.97,3509.83,3365.00,3385.52,1747183.941,1763049599999,5999005695.27327,2999487,852075.730,2925330828.41103,0
1763049600000,3385.52,3397.96,3173.38,3196.23,2324951.791,1763063999999,7607543947.71285,3780169,1136798.211,3718900939.31585,0
1763064000000,3196.22,3270.58,3152.49,3230.12,1234964.734,1763078399999,3949155555.26729,2249219,598560.652,1914898890.89229,0
1763078400000,3230.13,3250.00,3183.17,3226.50,954225.666,1763092799999,3067396418.37160,2136023,452710.532,1455985514.73347,0
1763092800000,3226.49,3239.67,3104.00,3213.82,1716241.012,1763107199999,5453294672.91770,3276851,835732.907,2657165054.48764,0
1763107200000,3213.82,3217.80,3115.00,3142.93,1095573.456,1763121599999,3470911401.61113,2174582,516321.036,1636056083.86917,0
1763121600000,3142.93,3233.66,3068.00,3195.73,2516469.366,1763135999999,7910565562.49491,4730431,1267982.249,3987795523.29533,0
1763136000000,3195.73,3255.95,3153.17,3206.37,1067797.327,1763150399999,3417112894.07226,2559251,517002.293,1654888161.21492,0
1763150400000,3206.37,3212.04,3088.00,3111.20,757348.656,1763164799999,2380433581.69347,1910905,363026.037,1141392263.67890,0
1763164800000,3111.20,3192.80,3109.16,3177.88,513671.665,1763179199999,1622766424.26624,1329028,271042.713,856173613.60867,0
1763179200000,3177.88,3190.88,3157.12,3174.98,261804.323,1763193599999,830927105.21209,666869,125543.997,398501891.07053,0
1763193600000,3174.99,3176.60,3132.66,3151.22,403576.471,1763207999999,1272902481.33075,853099,195911.018,617965475.31462,0
1763208000000,3151.21,3197.50,3146.00,3184.50,351615.193,1763222399999,1116972490.01411,800646,180798.888,574398580.19659,0
1763222400000,3184.50,3230.56,3160.71,3196.70,569661.618,1763236799999,1824015145.43713,933465,285881.679,915524507.33708,0
1763236800000,3196.69,3199.40,3151.33,3166.55,282218.345,1763251199999,895184390.30499,650458,140446.207,445484341.07563,0
1763251200000,3166.56,3209.51,3130.01,3201.56,545813.830,1763265599999,1729158129.37856,1180625,279542.660,885732518.03482,0
1763265600000,3201.56,3219.75,3185.76,3218.21,301534.436,1763279999999,966200447.61793,695991,151281.428,484879521.49049,0
1763280000000,3218.22,3248.50,3158.35,3167.18,732667.561,1763294399999,2348794522.40540,1177285,353033.858,1131743684.91467,0
1763294400000,3167.17,3181.32,3095.84,3103.52,985947.142,1763308799999,3106707878.07093,1408594,468721.689,1478304134.02480,0
1763308800000,3103.52,3127.21,3025.00,3090.13,1999388.892,1763323199999,6151786131.98592,3208007,972298.457,2993165773.80349,0
1763323200000,3090.13,3116.80,3001.01,3094.05,948699.931,1763337599999,2910323079.74097,2099233,460570.352,1413858535.48754,0
1763337600000,3094.04,3179.79,3067.77,3175.65,861204.074,1763351999999,2698114583.95654,1796287,431787.099,1353215333.70335,0
1763352000000,3175.67,3209.77,3165.30,3197.11,495128.346,1763366399999,1577780165.14832,1142105,244946.040,780736483.30811,0
1763366400000,3197.11,3223.22,3178.20,3202.57,488381.278,1763380799999,1562508462.67289,932482,241547.944,772940209.05934,0
1763380800000,3202.57,3210.22,3093.43,3119.46,1906834.501,1763395199999,5999595703.16023,3478854,924342.584,2908204719.96261,0
1763395200000,3119.47,3142.10,2969.99,2981.00,1965453.363,1763409599999,6001326902.73733,3634813,948450.923,2896868322.91654,0
1763409600000,2980.99,3030.96,2958.00,3030.06,1003440.417,1763423999999,3008780191.42962,1987689,500141.276,1499911541.08893,0
1763424000000,3030.06,3049.00,2943.31,3022.93,1596140.417,1763438399999,4791768126.29984,3002723,766425.918,2302376449.29250,0
1763438400000,3022.94,3033.50,2956.63,3022.93,1044019.804,1763452799999,3130052380.93366,2315260,517929.784,1552935021.19269,0
1763452800000,3022.94,3073.71,3022.94,3056.44,846305.844,1763467199999,2582348817.58647,1679282,432161.351,1318677556.24575,0
1763467200000,3056.45,3123.17,3020.01,3105.19,1399632.858,1763481599999,4297101734.27912,3126869,714780.429,2195155369.76895,0
1763481600000,3105.19,3169.28,3097.88,3144.64,955321.084,1763495999999,3002328065.94013,2029756,494758.586,1554882021.66617,0
1763496000000,3144.64,3149.46,3095.99,3122.20,377242.835,1763510399999,1176716381.84006,872667,186816.984,582807732.31934,0
1763510400000,3122.20,3125.05,3068.19,3072.01,588294.059,1763524799999,1822274207.07923,1337093,291914.138,904369380.33286,0
1763524800000,3072.01,3086.68,2990.15,3083.69,1136865.319,1763539199999,3452001760.58736,1828177,571241.787,1734444066.71104,0
1763539200000,3083.69,3112.96,3051.38,3082.50,743367.167,1763553599999,2291411311.03010,1272288,345142.867,1064306925.75266,0
1763553600000,3082.50,3107.49,2966.00,2971.58,1711161.140,1763567999999,5206282624.55463,2946366,791860.448,2410482240.45117,0
1763568000000,2971.57,2985.54,2873.00,2880.79,2191694.291,1763582399999,6398574170.66944,3475136,1039316.767,3036685760.05604,0
1763582400000,2880.79,3026.57,2873.63,3024.09,1384545.891,1763596799999,4102319291.97592,2270700,716669.962,2123069191.35848,0
1763596800000,3024.08,3057.00,3003.41,3037.83,769227.673,1763611199999,2334729669.64425,1348415,373756.613,1134568299.02573,0
1763611200000,3037.84,3063.00,3005.69,3038.09,708229.290,1763625599999,2147006416.81057,1098959,341379.193,1035112503.29648,0
1763625600000,3038.10,3043.68,2990.47,3022.13,552190.890,1763639999999,1664273624.93883,1015590,266211.667,802312997.22946,0
1763640000000,3022.14,3048.00,2950.00,2954.53,1657861.629,1763654399999,4966493921.78093,2967112,776129.518,2325811269.32607,0
1763654400000,2954.52,2960.11,2788.01,2846.39,3442646.933,1763668799999,9827894491.04055,4799304,1685194.037,4808810636.46172,0
1763668800000,2846.39,2904.83,2818.00,2832.97,879400.700,1763683199999,2515261638.95168,1722484,425938.105,1218125558.24391,0
1763683200000,2832.96,2885.84,2768.86,2807.76,1172462.928,1763697599999,3315071409.29016,2308324,545053.464,1543047342.22011,0
1763697600000,2807.76,2831.85,2642.65,2718.66,2061788.212,1763711999999,5670041515.13254,2826257,933186.580,2569992434.24899,0
1763712000000,2718.67,2753.18,2661.92,2687.44,1808502.080,1763726399999,4895308045.26505,3069354,877316.361,2375517282.43213,0
1763726400000,2687.44,2779.56,2620.00,2703.70,3224092.011,1763740799999,8767598108.07204,4879410,1666498.967,4535760085.80801,0
1763740800000,2703.69,2805.94,2673.58,2750.62,1794139.636,1763755199999,4929906549.87241,3538864,905897.023,2488684224.74116,0
1763755200000,2750.62,2774.98,2707.00,2764.69,666188.237,1763769599999,1826610293.50980,1644264,335984.065,921275039.97436,0
1763769600000,2764.70,2783.34,2737.70,2751.17,372873.272,1763783999999,1029221207.55416,1011832,184582.155,509503915.24190,0
1763784000000,2751.16,2770.00,2725.24,2755.13,466456.065,1763798399999,1281553065.36545,1093792,236370.125,649558502.21112,0
1763798400000,2755.14,2755.36,2702.87,2734.00,670759.947,1763812799999,1829164066.85778,1066379,336531.742,917838776.63643,0
1763812800000,2734.01,2754.41,2709.25,2737.62,560648.417,1763827199999,1531285741.78836,1072191,274096.578,748696362.95300,0
1763827200000,2737.61,2758.00,2733.91,2749.26,288640.955,1763841599999,793368998.22835,626367,146902.893,403779235.63593,0
1763841600000,2749.26,2798.00,2732.34,2769.06,350442.237,1763855999999,968808992.46119,691320,182348.151,504441641.71278,0
1763856000000,2769.06,2833.00,2766.87,2823.02,523399.414,1763870399999,1468256000.42398,1134014,281254.461,789062119.71454,0
1763870400000,2823.01,2850.94,2775.00,2792.16,709008.986,1763884799999,1995806404.75341,1077799,321688.686,906073195.02602,0
1763884800000,2792.16,2823.14,2792.02,2814.41,341917.833,1763899199999,960265205.70690,676519,178342.950,500895113.36519,0
1763899200000,2814.42,2857.00,2808.00,2835.01,725030.742,1763913599999,2052851760.13856,1187077,371540.810,1052152931.75774,0
1763913600000,2835.01,2845.53,2785.00,2821.52,591325.522,1763927999999,1661944107.63239,1110916,285711.462,802987518.61594,0
1763928000000,2821.51,2843.99,2793.19,2800.73,398281.220,1763942399999,1123185891.14924,858796,200338.967,565174168.36237,0
1763942400000,2800.74,2866.34,2761.38,2855.52,1060327.372,1763956799999,2990511574.89885,1952778,550831.237,1554424869.00726,0
1763956800000,2855.51,2884.80,2800.99,2828.77,1048069.625,1763971199999,2980947051.29877,1695193,533458.472,1517305178.60304,0
1763971200000,2828.76,2841.92,2786.01,2802.07,601068.515,1763985599999,1686810033.89123,1128097,291388.928,817763280.77919,0
1763985600000,2802.06,2859.50,2782.20,2845.16,1234237.440,1763999999999,3481341402.48313,2136446,613301.318,1730157455.44241,0
1764000000000,2845.15,2978.99,2841.29,2957.80,1616752.639,1764014399999,4717136506.29082,2244872,848749.117,2476734754.53408,0
1764014400000,2957.81,2986.98,2944.70,2952.19,597919.560,1764028799999,1773072412.99799,1001298,286713.575,850476806.38681,0
1764028800000,2952.18,2952.51,2902.50,2910.29,598003.126,1764043199999,1750384766.60452,1063705,290347.203,850034499.48003,0
1764043200000,2910.29,2941.39,2900.01,2901.56,468098.788,1764057599999,1367384397.25106,833763,227187.824,663857633.55197,0
1764057600000,2901.56,2907.67,2863.39,2889.53,728451.201,1764071999999,2101394291.84282,1071693,340139.950,981224944.30562,0
1764072000000,2889.54,2933.50,2855.00,2894.18,1380004.500,1764086399999,3995821519.46743,2331849,696914.127,2018323318.07368,0
1764086400000,2894.19,2957.00,2870.03,2921.19,944022.264,1764100799999,2756870868.31515,1656838,467031.877,1363973236.28433,0
1764100800000,2921.18,2979.31,2905.59,2958.24,655678.995,1764115199999,1929000291.35232,1167489,338687.116,996469570.47497,0
1764115200000,2958.24,2983.80,2920.26,2925.54,498665.682,1764129599999,1472986806.04767,932086,243890.991,720506790.05373,0
1764129600000,2925.54,2953.81,2918.56,2943.04,403628.341,1764143999999,1185649435.30170,708061,206783.301,607486375.44839,0
1764144000000,2943.04,2949.25,2900.97,2912.82,504080.727,1764158399999,1468976744.54826,765952,242261.385,706000522.51954,0
1764158400000,2912.82,2948.54,2887.09,2926.63,1088079.698,1764172799999,3175081472.64685,1653213,555341.431,1620935246.28214,0
1764172800000,2926.63,3044.46,2924.74,3031.08,1413290.100,1764187199999,4235115482.41503,1892564,727507.522,2178950004.71071,0
1764187200000,3031.08,3034.52,3006.66,3025.02,365683.236,1764201599999,1104990496.49931,672428,179518.335,542497409.13934,0
1764201600000,3025.02,3070.00,3002.00,3032.32,791554.270,1764215999999,2407059952.70156,1222239,409469.375,1245773177.62083,0
1764216000000,3032.31,3052.73,3015.26,3032.12,378066.548,1764230399999,1146149459.73639,628197,174296.201,528393941.79759,0
1764230400000,3032.12,3044.00,3016.06,3026.75,399698.969,1764244799999,1210715232.39498,513637,203227.700,615648301.78438,0
1764244800000,3026.75,3028.75,2983.81,3009.68,747669.721,1764259199999,2243126586.42836,1043622,373942.451,1121883001.38043,0
1764259200000,3009.68,3038.00,3003.01,3030.48,370407.361,1764273599999,1119337096.69043,683696,186708.310,564246082.18002,0
1764273600000,3030.49,3043.50,3002.00,3013.80,271626.668,1764287999999,821679480.60666,505328,128095.251,387536042.06515,0
1764288000000,3013.81,3023.16,2992.10,3007.19,362739.782,1764302399999,1089805768.37240,643161,182698.296,548948665.84197,0
1764302400000,3007.19,3028.00,2998.40,3000.14,381469.101,1764316799999,1149769589.80555,560200,190732.374,574974118.75576,0
1764316800000,3000.13,3080.00,2999.70,3032.44,843805.218,1764331199999,2568266614.69831,1150196,436323.376,1327779800.70217,0
1764331200000,3032.44,3099.00,3024.34,3071.77,1102568.335,1764345599999,3381041524.30544,1612535,566056.979,1736337137.59972,0
1764345600000,3071.77,3072.53,3009.36,3048.50,900726.360,1764359999999,2733359333.60557,1352016,432979.856,1314029964.38349,0
1764360000000,3048.50,3058.39,3018.20,3029.80,287664.811,1764374399999,874649033.12910,476636,139814.858,425145251.21450,0
1764374400000,3029.80,3051.46,3016.02,3021.51,228763.133,1764388799999,693613946.40438,432858,117175.014,355321568.00317,0
1764388800000,3021.51,3044.24,2989.12,3003.23,520378.668,1764403199999,1568035489.66522,612494,245752.417,740750632.64236,0
1764403200000,3003.22,3009.85,2982.30,2998.45,345544.090,1764417599999,1036347056.00328,493981,165092.926,495236933.49239,0
1764417600000,2998.45,3015.00,2985.40,3006.00,398196.566,1764431999999,1193702945.37761,509327,211709.612,634874947.33709,0
1764432000000,3006.00,3011.10,2960.01,2987.49,612883.940,1764446399999,1828031856.05523,779483,272009.902,811550601.59325,0
1764446400000,2987.49,2997.87,2980.80,2987.96,152626.046,1764460799999,456195005.90391,348917,79813.555,238563287.11512,0
1764460800000,2987.96,3011.97,2974.00,3000.44,287796.517,1764475199999,862092457.32197,461095,147097.459,440741474.26338,0
1764475200000,3000.44,3007.50,2984.20,3003.54,208762.043,1764489599999,625280800.54550,341900,111872.975,335092194.60129,0
1764489600000,3003.54,3019.29,2996.69,3001.76,264927.371,1764503999999,796757221.34936,434108,132898.510,399757694.59418,0
1764504000000,3001.77,3052.21,2998.38,3027.65,599869.239,1764518399999,1819333648.13023,797654,306822.298,930516484.49077,0
1764518400000,3027.65,3048.44,3027.05,3033.44,247953.521,1764532799999,753126282.65110,434491,128067.194,389021715.60093,0
1764532800000,3033.45,3040.00,2988.28,2990.02,369530.609,1764547199999,1113818397.45351,557255,165916.728,500286840.26413,0
1764547200000,2990.02,2998.84,2812.50,2824.80,2053666.272,1764561599999,5899689099.66558,3116228,949635.324,2725545151.35216,0
1764561600000,2824.81,2843.42,2805.55,2838.44,622768.997,1764575999999,1757601650.38554,1043624,315850.879,891505231.96250,0
1764576000000,2838.43,2854.56,2827.00,2836.48,524613.829,1764590399999,1489450913.26324,731023,277282.852,787338980.28895,0
1764590400000,2836.48,2838.98,2718.07,2745.01,1881933.859,1764604799999,5248466167.78252,2754593,868077.024,2421598526.87180,0
1764604800000,2745.01,2756.93,2718.63,2739.58,899601.554,1764619199999,2464369563.86344,1596907,489960.160,1342677735.88560,0
1764619200000,2739.57,2818.00,2738.97,2797.47,759246.209,1764633599999,2112012047.14263,1234549,416655.667,1158996928.58762,0
1764633600000,2797.48,2825.57,2781.38,2803.25,542831.186,1764647999999,1519466004.82960,1013309,264555.076,740676315.37719,0
1764648000000,2803.24,2814.80,2796.00,2804.20,267451.759,1764662399999,750210085.92771,530593,138642.296,388913994.63622,0
1764662400000,2804.20,2834.02,2780.60,2824.67,562633.298,1764676799999,1580138646.22949,841971,290141.918,815095523.24809,0
1764676800000,2824.68,3026.04,2815.00,3005.55,2026748.482,1764691199999,5912010817.06733,3018186,1107843.055,3232854354.44656,0
1764691200000,3005.55,3034.94,2985.13,3014.61,1144080.992,1764705599999,3444096902.32310,1808864,523357.186,1576107094.32091,0
1764705600000,3014.60,3020.00,2970.04,2994.63,537245.136,1764719999999,1609236001.87897,945097,254005.310,760826592.79861,0
1764720000000,2994.63,3048.00,2983.76,3029.08,577150.058,1764734399999,1743570991.80870,1006503,305878.471,924355242.61820,0
1764734400000,3029.07,3084.34,3028.05,3056.41,738112.000,1764748799999,2258286994.59404,1148747,383188.468,1172381709.53332,0
1764748800000,3056.41,3079.15,3041.95,3071.95,477389.593,1764763199999,1459926791.91715,770130,238260.859,728861896.59396,0
1764763200000,3071.94,3145.14,3030.00,3084.84,1889333.975,1764777599999,5823805522.55541,2831948,941093.827,2902478238.81142,0
1764777600000,3084.84,3141.17,3062.72,3126.78,771694.628,1764791999999,2399252167.26470,1419787,387700.046,1205409457.30476,0
1764792000000,3126.79,3216.53,3115.60,3187.07,1007567.800,1764806399999,3188782825.01583,1546197,583949.848,1848986923.80587,0
1764806400000,3187.08,3239.27,3172.75,3208.57,825984.923,1764820799999,2649454775.42498,1331181,420036.799,1347338696.41255,0
1764820800000,3208.57,3219.33,3170.06,3189.02,701443.095,1764835199999,2240012916.22021,900707,330800.227,1056767846.78311,0
1764835200000,3189.01,3207.59,3173.45,3185.09,381408.972,1764849599999,1216335259.73843,690868,189427.249,604152177.19501,0
1764849600000,3185.09,3227.66,3138.15,3206.56,1209102.527,1764863999999,3840797914.85754,1854983,590822.607,1877594647.02263,0
1764864000000,3206.56,3225.00,3064.81,3117.66,1454644.990,1764878399999,4571326482.66049,2097505,683135.745,2147771732.33634,0
1764878400000,3117.66,3150.47,3104.05,3132.01,428514.604,1764892799999,1341225370.11271,878658,219919.304,688360885.43134,0
1764892800000,3132.01,3192.72,3131.05,3169.61,430469.141,1764907199999,1362121571.61614,771335,223931.103,708487293.97665,0
1764907200000,3169.61,3181.64,3150.43,3172.47,436221.894,1764921599999,1381172221.82016,667268,216583.188,685814776.17744,0
1764921600000,3172.47,3172.47,3106.01,3130.00,884381.170,1764935999999,2769793429.09319,1220982,419331.649,1313397580.08622,0
1764936000000,3129.99,3157.00,3081.09,3105.39,1377700.852,1764950399999,4293624186.28634,2120052,670344.270,2089888003.75852,0
1764950400000,3105.39,3107.48,2978.00,3037.09,1911166.176,1764964799999,5797194553.65828,2915043,920176.144,2791284219.68780,0
1764964800000,3037.09,3047.80,3005.12,3020.38,338788.777,1764979199999,1024969870.21135,675725,160947.046,486881459.99541,0
1764979200000,3020.38,3044.80,3011.00,3038.64,243213.353,1764993599999,736608087.67642,480871,129596.123,392515083.59868,0
1764993600000,3038.64,3041.00,3022.98,3024.98,184902.551,1765007999999,560881814.26483,338057,88664.223,268981477.49982,0
1765008000000,3024.98,3040.70,3012.00,3037.46,273573.684,1765022399999,827814312.57451,461441,135636.209,410468463.80203,0
1765022400000,3037.46,3068.58,3025.00,3040.10,464854.565,1765036799999,1414595806.53897,688290,240869.487,733158332.41949,0
1765036800000,3040.10,3065.59,3023.00,3029.03,272725.712,1765051199999,830622529.46531,516812,134230.480,408914261.12553,0
1765051200000,3029.04,3053.99,3024.35,3036.53,179343.293,1765065599999,544688650.30414,393810,89928.458,273173908.31245,0
1765065600000,3036.53,3056.60,3030.65,3052.58,171146.475,1765079999999,521260122.69014,357484,84822.861,258374757.19947,0
1765080000000,3052.57,3056.78,3029.16,3035.91,177621.695,1765094399999,540262007.37895,297413,84504.200,257021857.03178,0
1765094400000,3035.90,3042.90,3023.25,3034.52,216142.612,1765108799999,655752241.59610,367737,106513.843,323184930.92049,0
1765108800000,3034.52,3052.80,2903.75,3025.82,1587983.856,1765123199999,4729663996.86549,2035298,759376.121,2262341044.84587,0
1765123200000,3025.83,3150.00,2997.59,3136.77,1327649.316,1765137599999,4092010553.07668,1989276,708896.520,2184007407.49065,0
1765137600000,3136.77,3145.91,3010.00,3058.14,835543.371,1765151999999,2563214259.80677,1446130,375976.075,1152655539.58042,0
1765152000000,3058.14,3133.69,3038.76,3109.65,607913.624,1765166399999,1881344210.12356,1164941,320971.015,993259393.29832,0
1765166400000,3109.65,3140.15,3107.15,3132.62,425163.273,1765180799999,1329628535.46194,785270,210926.124,659706137.15714,0
1765180800000,3132.61,3179.99,3123.81,3140.61,596650.888,1765195199999,1880934213.57898,878353,303310.927,956461808.12095,0
1765195200000,3140.61,3178.00,3087.34,3099.69,1544347.414,1765209599999,4833513771.58727,2377579,752336.951,2355443030.83016,0
1765209600000,3099.69,3132.26,3066.17,3117.55,777794.824,1765223999999,2418193584.15913,1610397,375675.566,1168515801.02848,0
1765224000000,3117.56,3152.00,3111.65,3123.14,346761.775,1765238399999,1086080501.39415,750889,179521.115,562397179.28658,0
1765238400000,3123.15,3142.30,3089.01,3127.99,500964.431,1765252799999,1558408142.19752,870347,243023.568,756255128.82946,0
1765252800000,3128.00,3130.00,3094.00,3121.57,381512.020,1765267199999,1187065433.17702,731858,184370.699,573756569.08867,0
1765267200000,3121.58,3129.60,3090.00,3116.91,348112.505,1765281599999,1082644938.30512,606788,169171.605,526225492.18731,0
1765281600000,3116.91,3256.00,3097.00,3244.91,1547794.215,1765295999999,4895173827.97690,2323988,802323.522,2538411007.00546,0
1765296000000,3244.92,3397.50,3244.30,3357.06,2089098.950,1765310399999,6977704073.73236,2970820,1052388.332,3512906717.06854,0
1765310400000,3357.05,3360.32,3283.51,3316.49,722290.244,1765324799999,2398813613.38493,1400791,351481.594,1167406356.91399,0
1765324800000,3316.50,3327.43,3286.58,3308.00,354269.292,1765339199999,1171150942.88585,767706,181041.253,598556767.48472,0
1765339200000,3308.01,3334.92,3305.22,3325.65,296314.737,1765353599999,983681536.73048,531382,148851.652,494217195.25065,0
1765353600000,3325.64,3374.93,3295.56,3316.75,772820.147,1765367999999,2572527816.48203,1186358,378198.959,1259704989.79410,0
1765368000000,3316.76,3337.91,3302.61,3326.63,641668.318,1765382399999,2131579876.91905,1364896,320093.069,1063424266.98969,0
1765382400000,3326.63,3436.95,3319.48,3388.97,1685935.231,1765396799999,5696442696.70212,3258102,840290.392,2840416079.61058,0
1765396800000,3388.98,3446.12,3316.90,3322.79,1061006.371,1765411199999,3576145028.28764,2290682,507916.886,1712866046.49617,0
1765411200000,3322.80,3326.74,3165.00,3189.78,1307759.654,1765425599999,4228855352.55989,2260118,603852.370,1952196141.63739,0
1765425600000,3189.77,3214.00,3179.00,3199.97,542279.018,1765439999999,1735084789.77927,894613,274772.355,879270183.72687,0
1765440000000,3199.97,3212.00,3175.20,3191.29,415214.668,1765454399999,1326547017.81830,699107,191099.125,610579745.59349,0
1765454400000,3191.29,3209.06,3142.92,3177.71,1134781.654,1765468799999,3606498415.56554,1903958,551469.297,1753067737.61131,0
1765468800000,3177.71,3232.89,3153.78,3192.70,1022760.597,1765483199999,3266150632.43180,1792646,483759.164,1545616181.86732,0
1765483200000,3192.69,3272.43,3190.77,3235.77,760167.514,1765497599999,2459703313.10386,1549346,375350.288,1214522973.78039,0
1765497600000,3235.78,3264.78,3183.33,3244.03,547849.055,1765511999999,1770626961.00720,1108262,269320.433,870682566.59481,0
1765512000000,3244.03,3263.50,3230.53,3245.00,292460.990,1765526399999,950144084.90863,561084,141895.732,461070689.88939,0
1765526400000,3244.99,3254.74,3225.02,3241.17,339966.067,1765540799999,1101920942.38312,608407,164383.615,532919872.87696,0
1765540800000,3241.17,3250.66,3050.00,3070.00,1715560.000,1765555199999,5412831397.95276,2446919,802342.603,2532981115.50081,0
1765555200000,3070.01,3098.28,3041.10,3071.94,1451516.493,1765569599999,4458121351.58813,2688557,724993.617,2226987028.07246,0
1765569600000,3071.94,3095.00,3065.79,3083.34,269365.036,1765583999999,830041852.29992,604734,132957.621,409718192.48013,0
1765584000000,3083.34,3094.07,3077.00,3088.46,151795.722,1765598399999,468465850.02157,313856,74319.625,229368384.09855,0
1765598400000,3088.46,3094.23,3082.18,3093.19,165652.931,1765612799999,511797821.05867,226085,76383.829,235999459.34832,0
1765612800000,3093.20,3135.00,3090.91,3117.99,426725.822,1765627199999,1330369106.02569,635544,219678.521,684725646.60456,0
1765627200000,3118.00,3125.99,3092.64,3108.10,346641.325,1765641599999,1077553514.35887,575379,170385.990,529714040.83840,0
1765641600000,3108.10,3115.25,3094.39,3107.12,161932.759,1765655999999,502565546.38171,330423,77132.889,239424220.82354,0
1765656000000,3107.13,3118.99,3075.00,3113.01,197550.962,1765670399999,612810245.29041,374495,94785.476,294208595.94083,0
1765670400000,3113.00,3128.65,3101.27,3117.40,184167.035,1765684799999,574095842.09268,351337,86405.092,269384328.59274,0
1765684800000,3117.40,3120.99,3103.01,3113.78,143691.956,1765699199999,446901613.09402,263199,66819.422,207825353.49752,0
1765699200000,3113.77,3118.72,3048.32,3083.45,526486.112,1765713599999,1625471279.63781,772525,244195.212,754019679.72678,0
1765713600000,3083.46,3107.26,3068.85,3083.33,633184.714,1765727999999,1955226328.30790,1088022,329194.384,1016728844.28527,0
1765728000000,3083.32,3107.00,3072.67,3091.88,501685.439,1765742399999,1550152143.16890,849608,265552.902,820528641.52400,0
1765742400000,3091.88,3095.84,3022.51,3062.02,700779.052,1765756799999,2149881425.99260,1127382,341654.113,1048983718.68323,0
1765756800000,3062.01,3150.00,3055.25,3107.48,825483.534,1765771199999,2562149297.38992,1496592,442030.913,1371811183.51841,0
1765771200000,3107.49,3143.89,3102.08,3127.34,346841.730,1765785599999,1083366326.73591,598213,185746.635,580174632.56429,0
1765785600000,3127.34,3177.00,3123.90,3155.69,579899.813,1765799999999,1827863685.47536,856079,300770.685,948223022.25883,0
1765800000000,3155.68,3157.90,2985.00,3009.48,1999664.779,1765814399999,6116274431.17851,3080639,963328.524,2946486794.74496,0
1765814400000,3009.48,3016.55,2890.51,2938.68,1735769.430,1765828799999,5125107322.68906,2946291,783877.495,2315037735.65281,0
1765828800000,2938.68,2968.43,2915.18,2963.25,593033.686,1765843199999,1743863216.46829,1153332,331524.970,975311373.75853,0
1765843200000,2963.25,2976.94,2920.91,2935.44,593744.874,1765857599999,1749794969.05367,1215060,275242.879,811581540.08232,0
1765857600000,2935.44,2950.27,2870.00,2922.62,754956.471,1765871999999,2203250250.70300,1239855,343945.295,1004505285.98767,0
1765872000000,2922.61,2962.99,2918.25,2956.57,473748.089,1765886399999,1393185557.73759,944363,226253.450,665404318.93035,0
1765886400000,2956.57,2982.10,2885.46,2961.73,1558979.658,1765900799999,4576726452.87776,3122222,735743.354,2160829453.49484,0
1765900800000,2961.73,2966.98,2910.01,2943.80,856984.505,1765915199999,2518641893.99906,1785488,422299.275,1241125834.29092,0
1765915200000,2943.82,2964.45,2936.46,2960.84,263002.112,1765929599999,776275973.89027,672206,133522.644,394096650.33727,0
1765929600000,2960.83,2973.52,2936.52,2946.45,327521.359,1765943999999,967090545.51325,699848,157447.162,464950105.60383,0
1765944000000,2946.46,2953.12,2912.36,2946.59,466416.924,1765958399999,1368104486.86112,820214,222387.636,652500869.62362,0
1765958400000,2946.59,2946.59,2905.29,2927.36,406035.085,1765972799999,1187191561.50670,719714,191597.387,560279960.46816,0
1765972800000,2927.36,3030.00,2882.49,2903.23,2326773.820,1765987199999,6880617121.96962,3612586,1165540.422,3446325047.86370,0
1765987200000,2903.23,2924.79,2789.52,2819.01,1908104.524,1766001599999,5432567577.17139,3610533,908150.747,2587229716.32895,0
1766001600000,2819.02,2836.61,2804.48,2832.00,451241.853,1766015999999,1273641996.74578,921750,239473.751,675987899.61416,0
1766016000000,2831.99,2846.81,2820.12,2830.57,368098.630,1766030399999,1042175891.46647,793199,187405.807,530698813.95712,0
1766030400000,2830.57,2840.00,2821.00,2834.98,287121.124,1766044799999,812919267.00117,541158,140001.544,396399078.72788,0
1766044800000,2834.99,2863.18,2830.26,2857.65,386318.103,1766059199999,1100606613.80873,684427,204118.703,581534945.22522,0
1766059200000,2857.66,2997.05,2852.58,2963.89,2375644.948,1766073599999,6989381544.16716,4126462,1201470.946,3534387916.43978,0
1766073600000,2963.90,2966.28,2772.97,2780.40,2243634.150,1766087999999,6387724724.08141,3844580,1082396.876,3080139088.42542,0
1766088000000,2780.40,2837.80,2778.06,2827.30,695024.640,1766102399999,1952657868.87258,1508346,383874.094,1078440038.27395,0
1766102400000,2827.32,2934.93,2806.15,2907.56,1069254.843,1766116799999,3068017728.23362,2009680,562824.538,1614311005.65101,0
1766116800000,2907.55,2984.00,2905.79,2950.40,910089.142,1766131199999,2673337090.07087,1571113,479895.338,1409972805.84929,0
1766131200000,2950.39,2969.89,2936.64,2964.00,464072.342,1766145599999,1370646253.56477,921832,229415.380,677700505.22948,0
1766145600000,2964.00,3017.99,2941.49,2963.48,1330756.676,1766159999999,3953483559.93728,2627117,670995.281,1994426010.55633,0
1766160000000,2963.48,3006.76,2933.00,2983.61,989243.528,1766174399999,2938168443.77252,2046615,493515.790,1466296504.02973,0
1766174400000,2983.62,3002.00,2973.33,2978.33,261025.011,1766188799999,779614631.90989,642680,135115.766,403585012.04702,0
1766188800000,2978.34,2992.81,2969.23,2987.97,165642.828,1766203199999,493634819.79194,362805,83369.076,248471028.43642,0
1766203200000,2987.98,2989.52,2973.12,2980.25,174843.339,1766217599999,521304585.13769,306176,83785.146,249824138.85094,0
1766217600000,2980.26,2989.40,2973.62,2985.98,189460.149,1766231999999,565012470.61716,293771,98003.854,292314365.26467,0
1766232000000,2985.99,2992.97,2965.28,2975.57,359534.003,1766246399999,1070000081.96157,484309,155867.235,463920999.54487,0
1766246400000,2975.58,2979.99,2972.63,2976.57,78112.996,1766260799999,232500394.57281,180488,40103.952,119372302.12302,0
1766260800000,2976.57,2984.75,2971.28,2976.54,70338.756,1766275199999,209454772.32550,166641,35345.464,105256707.53941,0
1766275200000,2976.55,2979.91,2960.13,2971.70,179679.766,1766289599999,533516393.32062,334952,84776.221,251725015.16776,0
1766289600000,2971.70,2981.68,2970.60,2979.83,75461.361,1766303999999,224550004.84400,160264,39885.711,118696761.35904,0
1766304000000,2979.83,3011.99,2976.27,2995.16,419949.820,1766318399999,1258470220.35738,634268,235273.748,705232538.36583,0
1766318400000,2995.16,3004.00,2943.00,2973.23,684332.218,1766332799999,2029979656.06840,1203488,328895.233,975618147.94953,0
1766332800000,2973.23,2996.63,2965.93,2989.48,300762.838,1766347199999,896594897.06217,528017,141766.610,422733336.68279,0
1766347200000,2989.48,3011.34,2969.45,3000.62,220752.474,1766361599999,660661479.54224,500827,112004.209,335288243.05318,0
1766361600000,3000.61,3060.39,2966.00,3020.18,1009782.984,1766375999999,3049176765.94531,1808796,541641.821,1636385240.43745,0
1766376000000,3020.18,3041.51,3018.40,3028.38,313620.918,1766390399999,950341700.59209,623763,163938.261,496784562.21844,0
1766390400000,3028.38,3057.00,3023.57,3047.61,498299.525,1766404799999,1515139716.08262,861364,260182.790,791241845.31665,0
1766404800000,3047.61,3077.99,3020.40,3051.22,999125.541,1766419199999,3047034891.35231,2031239,494203.450,1507587261.97122,0
1766419200000,3051.22,3058.61,2972.60,2979.15,679967.426,1766433599999,2050032340.94796,1367512,310500.358,936473599.19167,0
1766433600000,2979.16,3014.76,2961.00,3008.49,527209.373,1766447999999,1574975327.88435,942342,285882.964,854058695.17786,0
1766448000000,3008.50,3035.00,2970.08,2990.48,524072.323,1766462399999,1575328834.49724,1010046,261895.477,787436323.79169,0
1766462400000,2990.48,2999.00,2945.00,2963.58,562333.806,1766476799999,1667957821.98195,963466,269448.253,799214517.19940,0
1766476800000,2963.57,2974.46,2951.19,2972.06,270312.717,1766491199999,801266357.45635,471170,132158.558,391799799.00399,0
1766491200000,2972.06,2973.00,2899.30,2927.39,1211030.215,1766505599999,3550327027.49380,1962617,559158.126,1639665425.08238,0
1766505600000,2927.39,2965.81,2907.28,2942.71,961264.321,1766519999999,2827543910.54319,1559544,494379.981,1454496239.60053,0
1766520000000,2942.71,2987.74,2939.19,2963.29,496922.772,1766534399999,1473764737.54432,881039,287593.401,853005365.27276,0
1766534400000,2963.29,2976.48,2919.00,2944.47,446998.043,1766548799999,1316411067.14424,827671,225191.695,663393559.21463,0
1766548800000,2944.47,2957.94,2916.11,2931.50,455900.813,1766563199999,1337973953.99511,657603,247863.665,727466661.39311,0
1766563200000,2931.49,2938.71,2912.18,2923.96,393961.608,1766577599999,1153185829.33480,567488,209693.912,613978736.76516,0
1766577600000,2923.96,2937.35,2886.75,2924.20,714936.129,1766591999999,2083376171.37116,1272395,344081.441,1002858993.85978,0
1766592000000,2924.20,2954.79,2920.04,2944.78,432583.251,1766606399999,1270882490.49596,799810,224280.023,658992370.24832,0
1766606400000,2944.78,2962.69,2939.86,2946.23,178272.086,1766620799999,526002489.59356,341963,88366.979,260782469.17645,0
1766620800000,2946.23,2955.92,2934.66,2945.90,161796.738,1766635199999,476502170.14024,279783,78543.159,231336838.50629,0
1766635200000,2945.89,2947.27,2936.55,2940.83,112785.062,1766649599999,331689954.68662,205124,53893.907,158497350.34697,0
1766649600000,2940.83,2946.00,2910.14,2923.51,342948.915,1766663999999,1002671518.61973,513643,159740.762,467048649.08696,0
1766664000000,2923.51,2969.99,2918.52,2959.68,453553.349,1766678399999,1335490907.75377,689470,249972.654,736014649.79147,0
1766678400000,2959.67,2966.49,2941.52,2955.15,296392.905,1766692799999,875594715.17442,497905,144605.626,427220794.50555,0
1766692800000,2955.15,2955.43,2888.88,2902.32,466418.873,1766707199999,1359605950.38319,773019,225618.925,657529017.94939,0
1766707200000,2902.32,2994.00,2892.72,2963.76,1013287.489,1766721599999,2993218710.34378,1581883,518172.539,1530530304.96840,0
1766721600000,2963.76,2992.88,2950.79,2955.43,459938.641,1766735999999,1365774192.78342,683533,221550.076,658054658.74333,0
1766736000000,2955.44,2975.48,2953.55,2963.66,260876.346,1766750399999,773509719.49997,428309,142401.661,422211623.20898,0
1766750400000,2963.65,2984.93,2893.00,2921.50,1235292.793,1766764799999,3619892844.44119,1850139,623723.426,1828026918.36556,0
1766764800000,2921.51,2934.28,2905.50,2924.50,379803.329,1766779199999,1109533669.69544,712452,190499.546,556657737.32307,0
1766779200000,2924.50,2938.00,2920.23,2926.82,162745.361,1766793599999,476624142.84486,297420,70558.987,206664634.68333,0
1766793600000,2926.83,2932.24,2920.00,2931.98,105457.968,1766807999999,308617499.47640,192588,52190.541,152744956.50926,0
1766808000000,2931.98,2936.66,2926.35,2931.47,97394.913,1766822399999,285392564.33663,140824,45099.458,132155692.50498,0
1766822400000,2931.46,2939.82,2914.63,2929.58,238624.649,1766836799999,698641035.50156,292504,119908.382,351073133.88076,0
1766836800000,2929.59,2932.72,2924.00,2925.53,104305.950,1766851199999,305439596.86875,181369,48077.899,140793753.45805,0
1766851200000,2925.54,2929.70,2915.74,2929.60,112609.207,1766865599999,329176834.26282,185859,54037.256,157976865.63397,0
1766865600000,2929.60,2959.84,2927.06,2947.61,241120.008,1766879999999,709240339.16914,359260,127994.085,376500856.41113,0
1766880000000,2947.61,2950.63,2939.50,2942.34,123844.508,1766894399999,364722837.68219,236510,59635.720,175631873.92602,0
1766894400000,2942.34,2946.29,2927.76,2937.96,165596.304,1766908799999,486436577.05807,268879,79882.391,234673186.92785,0
1766908800000,2937.96,2946.46,2930.01,2942.99,171967.020,1766923199999,505481038.75298,275057,87153.034,256220713.73729,0
1766923200000,2942.99,2959.99,2936.20,2948.00,227362.374,1766937599999,670105450.52644,346304,116275.401,342712510.38589,0
1766937600000,2948.00,2953.50,2922.84,2932.18,259924.848,1766951999999,763322150.80383,402112,122335.841,359330124.58751,0
1766952000000,2932.18,2954.50,2927.10,2949.60,207645.603,1766966399999,610475753.15199,353531,97764.368,287510578.80670,0
1766966400000,2949.60,3047.89,2943.10,3042.30,1083093.395,1766980799999,3246339657.97184,1622727,585612.771,1755279413.31301,0
1766980800000,3042.30,3056.00,3001.00,3018.46,687977.921,1766995199999,2087295218.81259,929220,327371.633,993583746.53346,0
1766995200000,3018.47,3025.00,2955.36,2958.52,950738.037,1767009599999,2833417691.29376,1245359,468328.127,1395501870.08233,0
1767009600000,2958.52,2964.92,2908.58,2934.02,1464566.714,1767023999999,4297131759.01710,2114374,737191.088,2162758189.78052,0
1767024000000,2934.02,2944.79,2911.10,2930.88,572916.443,1767038399999,1679199332.68245,802394,278131.029,815382614.38501,0
1767038400000,2930.88,2943.20,2924.50,2936.45,216168.176,1767052799999,634372963.56783,388828,107328.809,314931261.69680,0
1767052800000,2936.45,2955.01,2917.48,2950.60,352507.494,1767067199999,1034781838.50184,582700,183720.645,539500321.66644,0
1767067200000,2950.61,2957.50,2935.88,2949.43,264122.904,1767081599999,778383212.16654,453849,125893.213,371031782.93186,0
1767081600000,2949.43,3003.00,2948.81,2977.85,745042.450,1767095999999,2220989995.61748,1021718,365420.412,1089162712.78195,0
1767096000000,2977.85,3008.67,2956.79,2988.48,972475.510,1767110399999,2898959185.55707,1519033,490295.568,1461703750.57640,0
1767110400000,2988.49,2993.60,2941.27,2970.32,632362.441,1767124799999,1878127645.32197,977237,302799.185,899509527.98261,0
1767124800000,2970.32,2974.80,2953.00,2972.22,193967.276,1767139199999,575187154.66209,342735,101652.636,301443178.24419,0
1767139200000,2972.23,2983.97,2960.90,2969.18,288341.311,1767153599999,857526122.87600,467476,142885.788,424950916.28298,0
1767153600000,2969.19,2978.40,2967.13,2975.52,145372.109,1767167999999,432255162.19874,241370,75595.809,224797640.41795,0
1767168000000,2975.52,3002.01,2962.21,3000.48,376756.781,1767182399999,1123828871.53343,466998,194545.943,580348916.70821,0
1767182400000,3000.48,3027.73,2966.00,2984.30,933156.921,1767196799999,2792852366.80636,1281158,466635.762,1396805894.30931,0
1767196800000,2984.30,2996.43,2957.59,2970.21,451563.289,1767211199999,1343466862.07089,759352,240469.320,715493647.37767,0
1767211200000,2970.21,2984.05,2962.20,2970.40,216324.386,1767225599999,643163603.66960,367126,105118.065,312598094.10948,0
1767225600000,2970.40,2988.48,2970.00,2979.01,133067.175,1767239999999,396694958.88626,251293,68610.869,204529153.47161,0
1767240000000,2979.01,2982.78,2972.10,2977.18,122145.250,1767254399999,363663173.57315,198983,55679.775,165774525.10729,0
1767254400000,2977.18,2991.94,2976.57,2988.00,127641.614,1767268799999,380865209.30655,172272,65972.971,196859341.32498,0
1767268800000,2988.00,2993.91,2976.00,2988.44,221631.060,1767283199999,661389124.42053,305740,110435.101,329610586.62733,0
1767283200000,2988.45,3005.00,2979.47,2994.06,272023.009,1767297599999,813677685.34720,394179,147345.357,440791391.27231,0
1767297600000,2994.08,3008.56,2985.90,3002.49,201595.813,1767311999999,604193405.97340,308223,102841.660,308269082.19485,0
1767312000000,3002.50,3034.36,2990.67,3021.04,462507.608,1767326399999,1393037281.50424,628066,248143.775,747562393.48149,0
1767326400000,3021.04,3038.42,3007.00,3017.00,385068.778,1767340799999,1163501924.05298,504165,190729.067,576342374.43038,0
1767340800000,3017.00,3068.97,3014.27,3046.70,812443.760,1767355199999,2476146325.95884,1024744,452320.633,1378850731.20793,0
1767355200000,3046.69,3112.15,3017.64,3085.09,1450276.871,1767369599999,4445011193.07132,2052849,764568.890,2344097196.48256,0
1767369600000,3085.09,3149.00,3077.90,3122.46,1229567.483,1767383999999,3836492765.47918,2004216,627943.671,1959661927.90750,0
1767384000000,3122.46,3144.00,3109.85,3123.89,292419.225,1767398399999,914233328.60109,544815,149216.242,466554197.68228,0
1767398400000,3123.88,3135.00,3117.09,3123.90,173512.584,1767412799999,542182061.09206,303248,84371.009,263646881.39780,0
1767412800000,3123.91,3126.52,3074.52,3089.51,457906.646,1767427199999,1418451681.23540,556763,209871.139,649986202.74326,0
1767427200000,3089.52,3109.60,3082.63,3097.00,287700.138,1767441599999,891144534.72704,434329,150653.152,466672191.41875,0
1767441600000,3097.00,3114.11,3092.19,3099.92,238314.189,1767455999999,739511375.50898,354869,123983.816,384765808.68100,0
1767456000000,3099.91,3118.61,3096.75,3112.00,148425.481,1767470399999,461404800.62624,229860,79972.648,248630770.94269,0
1767470400000,3112.00,3129.70,3105.76,3125.47,160738.562,1767484799999,501483303.98716,282309,83289.448,259877523.33527,0
1767484800000,3125.46,3165.99,3124.76,3145.73,512447.964,1767499199999,1612623304.43665,787332,272644.622,858038902.98190,0
1767499200000,3145.73,3161.41,3132.24,3139.51,328217.711,1767513599999,1032898193.26393,474991,170201.977,535832621.27015,0
1767513600000,3139.52,3147.37,3122.58,3138.32,289034.150,1767527999999,906557437.89475,435518,131868.639,413658684.73113,0
1767528000000,3138.32,3145.94,3115.00,3134.14,272959.045,1767542399999,855202656.23238,414612,133449.838,418194422.51963,0
1767542400000,3134.14,3142.85,3117.00,3131.31,235732.448,1767556799999,738152369.99580,420620,119044.076,372805868.30641,0
1767556800000,3131.31,3155.00,3129.37,3143.32,249511.472,1767571199999,784131757.86979,446054,133958.177,421006964.09532,0
1767571200000,3143.33,3221.00,3141.50,3184.74,903116.848,1767585599999,2874032927.50705,1486675,471226.747,1499754490.74549,0
1767585600000,3184.75,3186.89,3131.47,3156.00,726239.775,1767599999999,2293020918.80537,827327,327558.120,1034382139.27558,0
1767600000000,3156.00,3183.36,3151.78,3178.88,397059.116,1767614399999,1257844179.44090,616350,195988.501,620904362.29231,0
1767614400000,3178.88,3205.00,3132.58,3194.49,1013321.998,1767628799999,3207299765.50550,1535672,492845.692,1560285465.98783,0
1767628800000,3194.48,3230.86,3157.01,3221.63,945405.778,1767643199999,3024289670.07695,1323439,471101.761,1507377256.91672,0
1767643200000,3221.64,3266.00,3218.55,3223.71,545811.985,1767657599999,1768392601.91346,880903,273464.685,886201016.74120,0
1767657600000,3223.72,3246.00,3201.91,3223.88,402617.323,1767671999999,1296668014.52161,713383,203065.732,654058079.90264,0
1767672000000,3223.88,3254.94,3210.02,3218.01,540058.226,1767686399999,1745088256.08571,675086,267484.335,864189629.36008,0
1767686400000,3218.00,3241.76,3212.80,3236.36,283760.395,1767700799999,915829982.23143,433191,145344.189,469086961.07794,0
1767700800000,3236.36,3308.00,3228.19,3270.74,1555393.145,1767715199999,5097378052.19930,1792707,805902.946,2641077053.42147,0
1767715200000,3270.74,3277.76,3180.71,3222.18,1176588.448,1767729599999,3798263773.28536,1758041,575844.715,1859130752.77981,0
1767729600000,3222.19,3301.64,3221.91,3295.46,628617.944,1767743999999,2057019481.85984,1028398,315956.035,1033782168.99661,0
1767744000000,3295.46,3295.79,3238.00,3265.57,579224.549,1767758399999,1890540417.48645,912659,283912.339,926517088.22256,0
1767758400000,3265.57,3270.88,3245.72,3253.99,271044.849,1767772799999,882389573.70294,438082,119559.108,389245581.24846,0
1767772800000,3253.99,3262.00,3194.28,3218.75,945590.152,1767787199999,3043111323.67712,975878,437793.119,1408377104.89589,0
1767787200000,3218.74,3228.00,3142.82,3163.53,1393902.197,1767801599999,4434329200.76536,1879672,676735.720,2152674314.64746,0
1767801600000,3163.53,3178.44,3123.01,3144.37,866529.109,1767815999999,2730445887.95299,1148532,429511.546,1353657752.94339,0
1767816000000,3144.38,3181.81,3126.55,3167.52,484035.292,1767830399999,1527292432.76305,668443,289250.951,913152771.70503,0
1767830400000,3167.53,3183.68,3132.33,3141.35,388178.758,1767844799999,1226232388.01636,624858,189036.504,597176446.77793,0
1767844800000,3141.35,3160.29,3086.26,3126.41,778811.181,1767859199999,2431195793.42135,956909,363389.029,1134869992.41688,0
1767859200000,3126.41,3135.70,3095.16,3119.35,653716.282,1767873599999,2038706853.39069,795941,362462.465,1130880301.62554,0
1767873600000,3119.35,3119.66,3052.43,3102.89,1402564.226,1767887999999,4327678278.91573,2056596,664063.696,2049449279.41503,0
1767888000000,3102.89,3138.44,3088.34,3110.13,691620.906,1767902399999,2154931503.93748,1105934,346304.106,1079030906.33158,0
1767902400000,3110.12,3129.60,3087.35,3105.45,330084.080,1767916799999,1025810467.64520,552889,164354.196,510854591.47853,0
1767916800000,3105.44,3148.00,3077.46,3118.38,579827.409,1767931199999,1804255649.45132,807482,297066.079,924778710.67299,0
1767931200000,3118.38,3124.26,3109.22,3109.75,182825.737,1767945599999,569778086.24237,329675,90263.925,281295859.04941,0
1767945600000,3109.76,3114.32,3066.00,3088.99,580453.070,1767959999999,1793706255.72991,857035,289027.555,893096081.43491,0
1767960000000,3089.00,3142.00,3056.79,3111.39,1290277.425,1767974399999,3998080431.67681,1997703,651637.267,2019425679.62695,0
1767974400000,3111.39,3144.99,3066.31,3079.00,775732.938,1767988799999,2409140074.02065,1328677,381142.741,1183791956.96582,0
1767988800000,3079.00,3092.17,3064.00,3087.15,279840.206,1768003199999,862312894.75082,487134,139638.951,430317531.97965,0
1768003200000,3087.16,3093.53,3078.30,3085.52,121450.212,1768017599999,374758677.96833,218969,61705.257,190414273.53103,0
1768017600000,3085.52,3092.48,3077.22,3091.50,121216.256,1768031999999,374011538.86241,181090,58324.139,179982633.80098,0
1768032000000,3091.49,3102.68,3086.13,3095.64,138667.002,1768046399999,429166635.03877,196215,71030.266,219856019.30009,0
1768046400000,3095.63,3102.75,3087.25,3094.12,135440.912,1768060799999,419043123.34113,190048,66650.528,206220199.19970,0
1768060800000,3094.12,3097.56,3088.50,3090.79,70501.359,1768075199999,218053038.16307,114692,34150.239,105631779.67540,0
1768075200000,3090.78,3092.19,3077.08,3085.47,103200.578,1768089599999,318322598.97766,170412,51422.028,158615763.93243,0
1768089600000,3085.47,3096.41,3083.23,3095.48,84779.251,1768103999999,262084997.96505,151014,42003.562,129847628.38287,0
1768104000000,3095.49,3101.00,3088.31,3094.03,101214.220,1768118399999,313283257.98286,150583,50418.228,156069040.20262,0
1768118400000,3094.03,3108.45,3091.35,3103.80,145254.711,1768132799999,450640019.65088,190556,72386.398,224584234.53058,0
1768132800000,3103.80,3129.60,3103.46,3116.89,319133.860,1768147199999,994284254.62518,449911,160761.057,500893827.18590,0
1768147200000,3116.90,3147.00,3114.40,3123.47,454463.779,1768161599999,1422763212.30467,525624,245641.065,769068709.05211,0
1768161600000,3123.46,3125.44,3090.70,3122.00,409265.762,1768175999999,1272918996.26124,665018,193107.702,600632202.74556,0
1768176000000,3122.00,3170.88,3095.28,3151.18,786884.087,1768190399999,2470231032.94870,1370955,388070.060,1218124087.66551,0
1768190400000,3151.17,3165.77,3131.58,3133.96,359559.534,1768204799999,1133051500.59336,527582,160336.255,505356256.43278,0
1768204800000,3133.96,3146.13,3100.00,3114.12,617818.107,1768219199999,1925864932.62509,750254,307236.298,957739287.11274,0
1768219200000,3114.12,3132.00,3061.35,3128.66,993733.656,1768233599999,3080567893.19524,1306510,471164.277,1460959736.09440,0
1768233600000,3128.66,3145.93,3083.00,3120.33,804513.463,1768247999999,2505902753.64195,1234099,391923.665,1220655489.28571,0
1768248000000,3120.33,3126.84,3083.00,3093.84,316837.892,1768262399999,982185327.06474,508555,154905.110,480242417.97445,0
1768262400000,3093.85,3118.00,3090.18,3114.98,301275.527,1768276799999,935108371.23059,480262,157859.659,489987400.63205,0
1768276800000,3114.98,3145.71,3110.71,3121.08,512413.450,1768291199999,1604220054.84268,626481,262092.551,820631382.78025,0
1768291200000,3121.08,3148.15,3121.05,3132.77,320235.807,1768305599999,1004068345.01118,493563,162687.256,510134795.35553,0
1768305600000,3132.77,3188.08,3127.94,3183.11,1233395.062,1768319999999,3886925894.37108,1678439,634800.268,2001205124.93999,0
1768320000000,3183.11,3217.60,3170.23,3214.45,892316.216,1768334399999,2846814382.46598,1351692,456309.899,1456337955.93083,0
1768334400000,3214.46,3383.63,3188.72,3324.69,1461919.755,1768348799999,4806360113.36680,2089905,834620.429,2743033299.30136,0
1768348800000,3324.68,3360.00,3314.01,3351.04,651111.262,1768363199999,2170104345.92633,986947,331636.283,1105495955.99468,0
1768363200000,3351.03,3365.66,3321.12,3334.88,484874.124,1768377599999,1618257201.52079,759520,223880.511,747184759.70249,0
1768377600000,3334.88,3342.00,3281.59,3285.20,568679.898,1768391999999,1882646959.80081,770063,254983.599,844372942.03497,0
1768392000000,3285.19,3361.02,3280.00,3344.19,1286402.312,1768406399999,4277557577.15244,1988582,669649.380,2227848707.56867,0
1768406400000,3344.19,3403.77,3313.94,3366.49,1453952.337,1768420799999,4886444193.67491,2282164,742576.098,2496415456.80232,0
1768420800000,3366.48,3392.00,3346.24,3353.27,439133.901,1768435199999,1478316431.43625,911387,204177.734,687453557.67286,0
1768435200000,3353.28,3354.61,3275.36,3284.79,602166.195,1768449599999,1994013646.31014,1025396,284806.191,943115563.92524,0
1768449600000,3284.80,3333.93,3282.89,3328.63,379922.530,1768463999999,1257747039.76880,651196,194818.021,644979517.38635,0
1768464000000,3328.64,3377.78,3318.66,3348.63,681515.065,1768478399999,2284928155.82357,871138,365463.174,1225214368.55416,0
1768478400000,3348.63,3383.07,3282.07,3328.93,1296442.029,1768492799999,4324664691.78041,2042467,614513.349,2051697665.40485,0
1768492800000,3328.92,3336.22,3266.00,3294.01,860985.724,1768507199999,2845186250.26858,1556721,418835.461,1384479462.43194,0
1768507200000,3294.01,3322.15,3275.00,3317.00,310951.281,1768521599999,1025894440.91590,600269,161262.735,532103230.45323,0
1768521600000,3317.00,3325.34,3290.21,3293.90,278154.059,1768535999999,919964182.53125,491237,128136.279,423800432.97936,0
1768536000000,3293.91,3315.82,3274.05,3308.16,444154.888,1768550399999,1464358319.76719,585914,208870.170,688759157.17270,0
1768550400000,3308.16,3319.43,3291.56,3300.69,260687.091,1768564799999,861598109.22641,405232,124989.536,413167722.36515,0
1768564800000,3300.70,3317.17,3251.42,3263.04,816664.898,1768579199999,2682933478.02772,1390731,378154.808,1242855762.83458,0
1768579200000,3263.04,3288.88,3258.00,3275.64,491661.737,1768593599999,1610589977.47044,842574,258002.102,845289771.75140,0
1768593600000,3275.65,3298.86,3263.06,3294.77,258859.483,1768607999999,850903087.79425,459178,136439.303,448549196.86006,0
1768608000000,3294.77,3296.02,3282.39,3288.12,103107.133,1768622399999,339148640.22904,192438,45832.033,150755201.78224,0
1768622400000,3288.12,3292.99,3284.67,3290.09,83410.702,1768636799999,274337168.47095,142580,43531.981,143185583.73986,0
1768636800000,3290.08,3304.96,3288.00,3301.40,190867.386,1768651199999,629276727.11759,250362,107684.342,355063255.88454,0
1768651200000,3301.39,3328.21,3298.00,3328.13,390183.703,1768665599999,1292883957.30384,422071,230958.772,765301800.39156,0
1768665600000,3328.13,3328.36,3310.00,3315.10,237302.859,1768679999999,787291792.68503,331453,108229.948,359086157.20205,0
1768680000000,3315.09,3318.53,3295.42,3308.87,143756.074,1768694399999,475245730.31614,237852,61989.598,204963246.17885,0
1768694400000,3308.86,3319.77,3294.52,3314.52,167361.245,1768708799999,553128874.14763,290660,86669.705,286490013.24195,0
1768708800000,3314.52,3316.69,3304.20,3305.66,115608.432,1768723199999,382789291.60907,213590,51252.260,169718408.62333,0
1768723200000,3305.67,3324.41,3301.56,3320.60,197684.732,1768737599999,655741187.41159,282219,104449.876,346501864.36218,0
1768737600000,3320.61,3346.70,3312.71,3332.31,419804.502,1768751999999,1397521257.81053,506900,219019.235,729340823.85390,0
1768752000000,3332.31,3367.98,3328.14,3345.36,367403.056,1768766399999,1230886616.74986,518159,190365.296,637775372.72788,0
1768766400000,3345.36,3356.14,3277.42,3282.77,548656.503,1768780799999,1818308338.86211,846959,252977.426,838734335.85855,0
1768780800000,3282.77,3283.20,3175.00,3210.36,1751682.053,1768795199999,5633782731.07963,2254463,803707.601,2583815608.69278,0
1768795200000,3210.35,3215.91,3184.15,3205.74,446291.955,1768809599999,1428809758.48201,640860,214960.781,688239588.10169,0
1768809600000,3205.74,3229.66,3196.00,3222.18,365703.184,1768823999999,1175375927.85225,665091,181367.689,582997854.99988,0
1768824000000,3222.18,3234.71,3200.01,3214.47,324701.382,1768838399999,1044539619.29545,622179,157495.011,506653504.90595,0
1768838400000,3214.47,3226.19,3206.61,3218.34,181999.244,1768852799999,585393748.58766,387022,91182.365,293310721.06501,0
1768852800000,3218.34,3224.00,3165.00,3188.01,495509.882,1768867199999,1580712413.96360,751996,226511.643,722659225.76863,0
1768867200000,3188.01,3199.73,3174.02,3187.41,365402.161,1768881599999,1164833362.90681,709063,188888.944,602239629.78519,0
1768881600000,3187.41,3188.27,3106.66,3121.50,1107438.935,1768895999999,3481043087.47842,1379328,515367.853,1619693953.05549,0
1768896000000,3121.49,3122.54,3083.49,3108.14,755840.179,1768910399999,2343414328.14318,994277,400305.648,1241356868.64942,0
1768910400000,3108.15,3113.52,2990.91,3031.06,1902768.391,1768924799999,5802778612.27215,2394793,871674.863,2658482583.49561,0
1768924800000,3031.06,3041.58,2977.92,2995.04,914651.463,1768939199999,2746359942.36617,1450160,439022.948,1318521672.93402,0
1768939200000,2995.04,3006.61,2910.00,2938.24,817116.489,1768953599999,2416778266.13754,1198444,361752.148,1070779310.75210,0
1768953600000,2938.25,2983.70,2920.08,2980.27,629787.905,1768967999999,1862677637.93273,927490,338539.966,1001632670.91663,0
1768968000000,2980.26,3001.01,2964.45,2969.01,455591.036,1768982399999,1358543710.51469,545563,230414.382,686999677.72930,0
1768982400000,2969.02,2973.62,2935.00,2942.17,424450.579,1768996799999,1255790221.35288,604726,198434.397,587287629.14932,0
1768996800000,2942.17,3026.06,2900.31,3001.22,1889835.333,1769011199999,5591739847.95904,2736651,932341.147,2761304480.74999,0
1769011200000,3001.23,3069.34,2864.29,3054.07,2388005.768,1769025599999,7028841077.85548,3645781,1163079.300,3423540456.18944,0
1769025600000,3054.08,3056.41,2970.65,2980.66,742023.896,1769039999999,2238630418.55878,1209906,344487.123,1039622666.64604,0
1769040000000,2980.67,3037.49,2979.28,3012.24,488832.813,1769054399999,1472762266.95610,793200,253823.927,764829652.90573,0
1769054400000,3012.23,3027.00,2999.16,2999.71,243955.676,1769068799999,735343768.65306,486718,124889.092,376509391.54129,0
1769068800000,2999.72,3015.58,2976.07,2984.78,446006.982,1769083199999,1336705553.86822,706561,190900.931,572230624.37896,0
1769083200000,2984.79,3009.00,2904.11,2940.72,1437927.557,1769097599999,4245407011.50994,2418601,699997.532,2066693163.36352,0
1769097600000,2940.73,2971.84,2922.12,2952.56,628336.811,1769111999999,1850956276.29778,1437859,311778.734,918545666.74844,0
1769112000000,2952.56,2958.00,2928.90,2951.21,265976.384,1769126399999,783218859.75208,619682,134113.913,394909372.48998,0
1769126400000,2951.21,2971.10,2944.47,2963.17,197285.923,1769140799999,583656797.42512,444291,98190.000,290503221.50588,0
1769140800000,2963.18,2983.62,2933.56,2946.84,457590.402,1769155199999,1353087203.03971,809669,218213.412,645434270.99843,0
1769155200000,2946.84,2949.81,2913.49,2939.52,461077.012,1769169599999,1350571488.09371,825842,228091.959,668154078.94210,0
1769169600000,2939.53,2965.00,2890.20,2951.08,902366.410,1769183999999,2637864718.34188,1673745,456934.193,1336031135.26412,0
1769184000000,2951.08,3020.45,2936.95,2958.24,1115451.398,1769198399999,3320569929.04248,2029682,561517.476,1672072046.90340,0
1769198400000,2958.24,2962.64,2929.00,2955.08,287330.021,1769212799999,846503823.93511,704462,146477.211,431685122.95655,0
1769212800000,2955.08,2968.75,2947.72,2961.10,147297.034,1769227199999,435704623.86356,306572,73738.502,218140682.18089,0
1769227200000,2961.11,2965.21,2953.03,2956.00,105707.528,1769241599999,312841708.64002,199434,50215.882,148622285.34056,0
1769241600000,2956.01,2963.61,2953.72,2959.93,72614.980,1769255999999,214936182.04084,138661,37580.082,111241374.37953,0
1769256000000,2959.93,2966.93,2942.00,2955.55,218582.286,1769270399999,646141592.72658,341638,102613.361,303351688.17865,0
1769270400000,2955.54,2967.30,2950.25,2952.77,147948.608,1769284799999,437638488.07147,273563,67659.719,200169879.24960,0
1769284800000,2952.77,2963.02,2947.00,2952.09,90434.841,1769299199999,267239869.48134,190338,45798.469,135352543.65262,0
1769299200000,2952.09,2959.27,2935.50,2941.54,163007.517,1769313599999,480376848.66924,262401,71650.209,211171436.17383,0
1769313600000,2941.54,2948.15,2933.05,2938.43,160391.705,1769327999999,471770559.91937,278571,80655.748,237265424.96132,0
1769328000000,2938.44,2947.00,2918.55,2936.16,282545.564,1769342399999,829059711.69835,461215,135586.794,397883584.28227,0
1769342400000,2936.15,2944.08,2920.33,2925.54,267548.624,1769356799999,784711511.92560,486504,122964.300,360670260.36851,0
1769356800000,2925.54,2926.35,2794.59,2810.90,1878474.872,1769371199999,5370710822.36535,2760235,844574.852,2416464014.90632,0
1769371200000,2810.91,2823.81,2784.15,2815.49,887300.925,1769385599999,2488425257.93750,1561739,432319.232,1212840254.83577,0
1769385600000,2815.49,2898.02,2810.72,2849.69,1139380.033,1769399999999,3257657419.53262,1719969,619036.287,1769999720.97433,0
1769400000000,2849.70,2911.00,2848.47,2902.99,688870.404,1769414399999,1985653772.27661,996834,408792.794,1178623289.98194,0
1769414400000,2903.00,2935.00,2879.62,2890.92,694583.759,1769428799999,2016825998.23629,886743,350668.875,1018385629.21370,0
1769428800000,2890.91,2950.00,2872.78,2898.12,1327264.385,1769443199999,3860950285.06273,2168104,651672.582,1896209600.77781,0
1769443200000,2898.13,2935.10,2884.93,2921.94,847331.744,1769457599999,2466689751.96475,1459686,471811.323,1373559236.83203,0
1769457600000,2921.94,2945.60,2893.90,2928.90,515194.245,1769471999999,1506967362.30712,813430,300635.300,879616382.77930,0
1769472000000,2928.89,2948.00,2910.93,2939.68,329008.465,1769486399999,964715013.38977,601918,163999.230,480904394.29809,0
1769486400000,2939.69,2958.00,2923.21,2927.94,324529.667,1769500799999,953886412.53950,482811,171981.044,505711010.82905,0
1769500800000,2927.94,2931.46,2898.89,2915.89,371558.446,1769515199999,1082444802.99531,588597,187827.728,547189165.34422,0
1769515200000,2915.88,2944.26,2904.15,2936.17,671479.544,1769529599999,1962202419.98316,1306492,366086.076,1069934180.92225,0
1769529600000,2936.16,2997.64,2916.51,2979.46,1488670.514,1769543999999,4408254704.46363,2434093,753423.988,2231172927.35930,0
1769544000000,2979.46,3034.99,2977.65,3024.92,707682.182,1769558399999,2133044572.33808,1233220,379012.334,1142417114.87543,0
1769558400000,3024.92,3028.50,2995.78,3003.79,293114.311,1769572799999,882828420.40435,596129,135715.735,408823451.65610,0
1769572800000,3003.79,3018.09,2991.53,3004.06,270072.555,1769587199999,811341148.33412,514721,132304.755,397496506.00094,0
1769587200000,3004.07,3045.00,2985.33,3038.41,581524.043,1769601599999,1753991215.73512,930331,303631.855,916087060.09299,0
1769601600000,3038.40,3044.39,2981.70,3006.25,775894.585,1769615999999,2341210559.50638,1416267,383050.622,1156057735.86985,0
1769616000000,3006.25,3030.78,2987.89,3015.25,696139.572,1769630399999,2094596607.44712,1488183,339055.053,1020241689.69245,0
1769630400000,3015.26,3038.10,2995.01,3009.36,358505.681,1769644799999,1081175425.31231,738705,189314.759,571038420.88544,0
1769644800000,3009.36,3012.04,2943.00,2951.40,683123.354,1769659199999,2029778073.62858,1218276,308593.587,916921179.95335,0
1769659200000,2951.40,2964.36,2936.39,2960.11,309089.595,1769673599999,912671263.36008,525733,162580.958,480197026.11318,0
1769673600000,2960.11,2969.00,2922.21,2928.08,509413.938,1769687999999,1498127561.57457,667516,244847.855,720213725.46788,0
1769688000000,2928.09,2938.00,2795.03,2822.65,1786650.209,1769702399999,5101809848.44517,2553006,857559.614,2447797190.35374,0
1769702400000,2822.66,2858.88,2752.50,2796.53,2066454.830,1769716799999,5794244916.08320,2953585,968619.590,2717029355.98570,0
1769716800000,2796.53,2826.15,2788.00,2821.00,401774.081,1769731199999,1128151473.10115,789108,197448.203,554498842.38853,0
1769731200000,2821.00,2827.27,2673.33,2739.74,1576123.926,1769745599999,4323231268.79258,2580760,731811.088,2006988063.34738,0
1769745600000,2739.74,2773.68,2695.03,2738.43,879040.657,1769759999999,2405980517.42127,1393955,440623.112,1206698756.55431,0
1769760000000,2738.43,2767.80,2708.00,2758.50,650734.827,1769774399999,1778848018.75666,1279699,336760.420,920834494.77089,0
1769774400000,2758.49,2765.50,2689.00,2727.63,1238295.679,1769788799999,3385148740.76149,2584752,611237.201,1671603310.70419,0
1769788800000,2727.63,2760.00,2634.63,2741.36,1792882.449,1769803199999,4858209245.55085,3683537,875742.848,2374808745.89647,0
1769803200000,2741.36,2741.89,2662.47,2705.66,946728.370,1769817599999,2551731099.89034,1854504,450936.276,1215608390.99715,0
1769817600000,2705.66,2713.43,2683.01,2694.79,279521.619,1769831999999,754845364.43826,566478,140355.698,379048778.63033,0
1769832000000,2694.79,2703.87,2665.00,2678.86,350976.519,1769846399999,943000768.73861,556123,165721.647,445335870.94234,0
1769846400000,2678.86,2682.60,2605.41,2639.04,1040511.269,1769860799999,2748455046.29628,1616566,484402.421,1279606353.19328,0
1769860800000,2639.04,2643.21,2507.47,2532.61,2173192.215,1769875199999,5574636987.85257,3221806,1035336.074,2656693349.07210,0
1769875200000,2532.61,2549.98,2202.40,2381.56,4601129.276,1769889599999,11080122195.95585,6738905,2109125.685,5086652803.68368,0
1769889600000,2381.57,2473.20,2352.36,2450.38,1152001.027,1769903999999,2773927733.53868,2542895,602745.949,1452788803.42552,0
1769904000000,2450.38,2474.98,2428.14,2444.17,564633.344,1769918399999,1382577418.95047,1447088,279851.151,685421285.25593,0
1769918400000,2444.18,2453.53,2392.04,2409.99,718983.987,1769932799999,1741627315.89860,1243038,330896.250,801935064.33026,0
1769932800000,2409.99,2437.95,2374.65,2410.65,969195.698,1769947199999,2332181034.28163,1713329,465989.250,1121632507.54091,0
1769947200000,2410.65,2411.31,2284.68,2314.57,1954721.617,1769961599999,4587874019.50844,3553092,925000.962,2171567725.80583,0
1769961600000,2314.57,2378.09,2282.06,2319.29,1486227.652,1769975999999,3453828723.90384,3397655,748172.719,1739155571.78886,0
1769976000000,2319.29,2348.21,2218.00,2269.04,1790838.005,1769990399999,4089138543.90464,3989193,872028.482,1992073927.77931,0
1769990400000,2269.03,2322.71,2163.21,2237.41,2352854.552,1770004799999,5285475028.37737,5549522,1142799.787,2568591747.08181,0
1770004800000,2237.40,2267.11,2156.00,2227.57,2255613.738,1770019199999,4997329597.24344,5009911,1118590.712,2478925683.54568,0
1770019200000,2227.56,2317.49,2227.56,2281.21,1630482.567,1770033599999,3707701763.47736,2831711,858721.400,1952985016.33825,0
1770033600000,2281.20,2395.40,2280.78,2370.88,2034796.964,1770047999999,4755441332.20897,4182420,1027728.277,2402163263.19985,0
1770048000000,2370.87,2385.56,2326.00,2329.75,950067.598,1770062399999,2238909111.82915,2375127,474029.144,1117464315.52688,0
1770062400000,2329.75,2353.74,2311.47,2345.55,552729.165,1770076799999,1289640035.81939,1276404,272561.978,636031046.98565,0
1770076800000,2345.56,2358.60,2282.01,2343.10,972005.217,1770091199999,2257630582.23761,1904929,499453.344,1160634532.42020,0
1770091200000,2343.10,2354.40,2296.45,2322.00,824892.202,1770105599999,1918997810.42729,1417520,406942.886,946782608.96798,0
1770105600000,2322.00,2331.86,2259.77,2275.63,1188299.957,1770119999999,2721009730.37230,1745438,570686.439,1306756691.98317,0
1770120000000,2275.63,2316.36,2250.66,2302.16,1521890.933,1770134399999,3480314801.19997,3108851,771317.309,1764294849.71520,0
1770134400000,2302.16,2302.70,2103.40,2204.33,4077074.319,1770148799999,8921876061.42716,6055472,1924653.527,4211956039.55726,0
1770148800000,2204.33,2353.97,2186.69,2232.23,2264045.849,1770163199999,5135818752.29527,4065852,1155538.978,2622149052.72384,0
1770163200000,2232.23,2295.00,2221.77,2282.23,833789.571,1770177599999,1886221559.12462,1914516,429089.320,971068249.96651,0
1770177600000,2282.22,2294.38,2255.13,2282.93,620914.239,1770191999999,1412270144.27052,1203156,301414.698,685740355.22917,0
1770192000000,2282.93,2285.29,2225.24,2253.73,902361.756,1770206399999,2033070017.93455,1562856,444337.385,1001259958.50245,0
1770206400000,2253.73,2262.20,2135.00,2150.44,2746228.366,1770220799999,6019505088.47970,4632796,1370110.395,3003848803.32789,0
1770220800000,2150.45,2195.00,2073.68,2187.77,4179835.855,1770235199999,8895941897.81542,6529041,2111731.595,4497078739.25109,0
1770235200000,2187.76,2192.30,2086.00,2147.01,1302334.829,1770249599999,2791077510.63627,2920994,624985.046,1339337658.54226,0
1770249600000,2147.01,2173.00,2096.82,2109.11,1408142.112,1770263999999,3008497144.25352,3702755,679260.311,1451252050.60531,0
1770264000000,2109.12,2124.99,2061.22,2090.57,2232591.622,1770278399999,4683663717.23301,3982480,1053729.483,2211509004.29469,0
1770278400000,2090.56,2149.38,2060.00,2078.74,1647624.674,1770292799999,3465766744.76654,3263760,818886.567,1723545871.16318,0
1770292800000,2078.72,2107.34,1925.41,1959.21,4534175.206,1770307199999,9144202983.87546,6801750,2158381.324,4356471941.41644,0
1770307200000,1959.21,2017.49,1912.54,1927.24,2896946.059,1770321599999,5672874560.15811,6124492,1459755.340,2859985835.80433,0
1770321600000,1927.24,1941.99,1813.44,1824.95,3935981.068,1770335999999,7346585554.94590,6991323,1879861.484,3510613533.77268,0
1770336000000,1824.94,1947.50,1736.02,1891.17,3804839.789,1770350399999,7071132935.96521,7045089,1907836.749,3551907791.76134,0
1770350400000,1891.18,1974.83,1885.02,1898.21,1624296.492,1770364799999,3121085475.68174,3357605,823830.016,1583047572.57159,0
1770364800000,1898.21,1939.80,1865.24,1931.76,1640251.691,1770379199999,3123511486.44949,2899325,821148.627,1564171813.51237,0
1770379200000,1931.75,2001.86,1914.00,1979.49,2192905.700,1770393599999,4298687500.05368,3909877,1157729.520,2269699958.16871,0
1770393600000,1979.49,2090.00,1969.99,2065.15,2616612.800,1770407999999,5344908969.73714,4623055,1347455.958,2752892287.66333,0
1770408000000,2065.14,2095.10,2041.41,2062.54,1113235.456,1770422399999,2299387008.66850,2638557,582520.606,1203410083.26842,0
1770422400000,2062.55,2085.52,2031.76,2079.62,758514.815,1770436799999,1560178756.27384,1995606,373127.512,767549637.27430,0
1770436800000,2079.61,2118.87,1993.34,2026.09,1758484.059,1770451199999,3613800239.09817,3109806,841677.521,1730861949.29909,0
1770451200000,2026.09,2031.53,1998.52,2017.52,733133.711,1770465599999,1477415039.94924,1593178,352437.786,710471543.37781,0
1770465600000,2017.53,2075.61,2008.18,2051.49,1371041.154,1770479999999,2798468668.30310,2500346,704082.105,1437731565.87777,0
1770480000000,2051.49,2125.00,2009.00,2090.11,4183846.497,1770494399999,8616871491.07186,4625226,2087795.332,4308185390.02144,0
1770494400000,2090.10,2116.79,2072.00,2085.93,437416.265,1770508799999,916091408.10476,1021998,201229.812,421601519.61052,0
1770508800000,2085.94,2106.00,2075.55,2077.86,421678.326,1770523199999,880373327.58738,997725,216133.187,451395073.80344,0
1770523200000,2077.87,2087.96,2065.28,2083.48,427919.391,1770537599999,889033206.40082,736085,210219.627,436966259.31475,0
1770537600000,2083.49,2137.00,2077.01,2130.98,1103495.490,1770551999999,2326591538.38409,1927333,574190.191,1210791431.69678,0
1770552000000,2130.98,2144.35,2096.00,2107.31,1012889.015,1770566399999,2150645987.40237,1620507,503012.240,1068460615.67568,0
1770566400000,2107.30,2128.88,2070.91,2125.76,722103.433,1770580799999,1516052314.24621,1428467,361501.895,759248358.78015,0
1770580800000,2125.78,2152.00,2070.46,2088.60,867093.624,1770595199999,1826166853.19767,1685891,435441.251,917540127.43229,0
1770595200000,2088.59,2102.42,2052.92,2099.01,865704.995,1770609599999,1800708791.26386,1886951,454128.926,944836301.33015,0
1770609600000,2099.01,2100.88,2063.28,2064.42,502383.793,1770623999999,1045714700.84085,957470,243269.694,506427524.13911,0
1770624000000,2064.42,2069.20,2012.00,2027.43,1128847.314,1770638399999,2300093142.79172,1850595,543385.392,1107140169.97657,0
1770638400000,2027.44,2072.92,2008.00,2060.27,1417907.891,1770652799999,2891178983.92012,2578765,716894.227,1462184628.76769,0
1770652800000,2060.28,2142.82,2046.41,2130.56,1407421.872,1770667199999,2964984989.40607,2788887,721968.643,1520441594.05027,0
1770667200000,2130.55,2148.00,2086.87,2103.96,790123.516,1770681599999,1671137747.72610,1462470,368814.279,780442885.09423,0
1770681600000,2103.96,2123.70,2049.64,2063.70,797206.445,1770695999999,1663285613.36701,1469317,368864.485,769908484.61065,0
1770696000000,2063.71,2073.32,1996.06,2006.05,1450177.016,1770710399999,2944025682.51218,1934398,691766.473,1404217260.00202,0
1770710400000,2006.06,2029.00,1993.35,2001.87,854865.316,1770724799999,1719706589.43376,1245860,417190.110,839619064.11532,0
1770724800000,2001.87,2038.72,1983.77,2021.32,1397168.295,1770739199999,2813066898.10102,2486163,701709.909,1413395438.13359,0
1770739200000,2021.32,2046.10,1994.11,2016.82,874683.315,1770753599999,1768093950.48976,1901856,439519.638,888661036.31748,0
1770753600000,2016.82,2021.72,1995.57,2021.51,345439.339,1770767999999,694415250.86385,765114,171491.209,344812895.68611,0
1770768000000,2021.51,2031.00,1996.00,2008.41,473216.263,1770782399999,954345927.14781,929707,232269.104,468429620.05832,0
1770782400000,2008.40,2010.28,1937.00,1949.56,1445212.376,1770796799999,2840080690.68405,2204820,690192.948,1355715285.33917,0
1770796800000,1949.55,1955.99,1930.39,1952.33,711117.542,1770811199999,1382283317.60238,1266180,362268.653,704375240.29048,0
1770811200000,1952.32,2015.43,1901.22,1928.05,2406242.823,1770825599999,4701655239.60034,4007176,1222182.947,2390126740.92287,0
1770825600000,1928.04,1959.00,1907.53,1951.26,1299726.407,1770839999999,2513509425.41950,2784541,671358.270,1298523741.01692,0
1770840000000,1951.26,1987.47,1929.62,1940.07,666201.196,1770854399999,1304088701.47595,1447834,340908.814,667731493.62123,0
1770854400000,1940.07,1977.00,1940.07,1967.75,470702.468,1770868799999,923290316.62577,1236845,245050.735,480680670.62523,0
1770868800000,1967.74,1982.36,1952.24,1966.97,535174.869,1770883199999,1053703133.67252,1106923,259966.164,511887412.37775,0
1770883200000,1966.97,2000.90,1956.19,1987.88,781031.398,1770897599999,1546772589.16134,1278440,392857.006,778052213.91437,0
1770897600000,1987.87,1995.53,1943.44,1947.47,1130783.176,1770911999999,2230842159.73039,2251073,557478.735,1100127088.04593,0
1770912000000,1947.47,1949.00,1893.77,1924.36,1842938.433,1770926399999,3533033422.67769,3347156,903841.235,1733223021.63462,0
1770926400000,1924.36,1952.27,1908.29,1947.15,488821.807,1770940799999,944140166.77359,1124784,250300.982,483503651.58205,0
1770940800000,1947.15,1957.94,1926.72,1952.49,470157.883,1770955199999,913865901.01823,1111665,235827.892,458409245.00572,0
1770955200000,1952.49,1954.76,1923.29,1934.88,524371.154,1770969599999,1016764105.56630,971831,242648.127,470572039.36862,0
1770969600000,1934.89,1968.49,1932.88,1959.25,623579.493,1770983999999,1219427475.79081,1163931,330826.928,647080851.62691,0
1770984000000,1959.26,2049.99,1951.59,2033.71,1815593.104,1770998399999,3631314924.28299,2874308,949959.956,1900480276.61768,0
1770998400000,2033.78,2073.00,2030.13,2056.82,982055.493,1771012799999,2018550322.87355,1793361,484649.731,996276168.33516,0
1771012800000,2056.82,2058.79,2036.76,2047.60,341167.813,1771027199999,699075782.10820,664809,160844.750,329630997.45858,0
1771027200000,2047.60,2056.91,2041.00,2053.39,200953.713,1771041599999,412032652.87704,451122,100036.303,205147441.29657,0
1771041600000,2053.40,2059.99,2047.20,2056.10,190576.708,1771055999999,391311119.37964,321717,103592.582,212721804.15297,0
1771056000000,2056.09,2107.02,2055.90,2098.22,785363.190,1771070399999,1635665844.39724,1136264,431603.122,898868552.55236,0
1771070400000,2098.22,2099.23,2063.16,2086.38,704562.146,1771084799999,1464648842.13843,1125056,321633.084,668645994.76157,0
1771084800000,2086.38,2089.61,2066.48,2087.31,384786.232,1771099199999,800126512.98794,731921,190594.060,396372838.16803,0
1771099200000,2087.31,2098.94,2077.29,2085.43,285567.829,1771113599999,596123463.44083,535469,158190.983,330260427.34257,0
1771113600000,2085.43,2089.00,2034.35,2058.09,839010.065,1771127999999,1726368242.12738,1231524,371998.474,765847927.90939,0
1771128000000,2058.08,2102.73,2058.08,2090.58,667010.966,1771142399999,1389200781.30684,1236821,375073.005,781021077.62656,0
1771142400000,2090.58,2096.00,2052.52,2060.97,550548.823,1771156799999,1138440593.47430,953188,255263.099,527874437.55294,0
1771156800000,2060.98,2067.80,1992.00,2010.25,1304022.166,1771171199999,2630014290.61086,1808330,641285.169,1293513977.92513,0
1771171200000,2010.25,2010.33,1926.83,1941.17,1320124.509,1771185599999,2594810830.98860,2003900,624132.879,1226551370.72422,0
1771185600000,1941.18,1973.50,1933.29,1965.47,582372.153,1771199999999,1138311123.24781,1105821,307709.578,601648272.58729,0
1771200000000,1965.48,1980.64,1947.24,1957.72,497517.400,1771214399999,976731025.04074,1035479,244618.470,480378701.04308,0
1771214400000,1957.73,1977.66,1951.59,1970.12,398345.081,1771228799999,782765064.99199,724744,200647.930,394324844.00391,0
1771228800000,1970.12,1992.23,1956.05,1975.15,633566.923,1771243199999,1252322486.09554,1028417,324046.183,640565442.74970,0
1771243200000,1975.15,2023.30,1935.39,1955.63,1670293.349,1771257599999,3304102450.95876,2657828,813058.434,1608629423.15845,0
1771257600000,1955.63,1988.00,1955.13,1973.37,593967.786,1771271999999,1171428944.36225,1174345,298450.820,588762221.49314,0
1771272000000,1973.37,2003.29,1970.10,1997.35,428793.102,1771286399999,853679850.23208,799494,223677.816,445338933.49313,0
1771286400000,1997.36,2008.64,1977.31,1984.89,453396.188,1771300799999,904773418.95617,995310,222357.921,443847645.02055,0
1771300800000,1984.89,1997.99,1963.50,1984.85,428529.835,1771315199999,848224618.34822,830918,214804.616,425274024.25931,0
1771315200000,1984.84,1989.92,1960.19,1967.58,416783.864,1771329599999,822069374.55396,759836,198614.367,391729440.71128,0
1771329600000,1967.58,2003.43,1940.01,1967.63,1427331.851,1771343999999,2807397904.56604,2255926,739443.638,1454765906.31346,0
1771344000000,1967.64,2014.91,1952.61,1997.30,1383976.848,1771358399999,2749486197.23308,2357314,699031.976,1388489005.33185,0
1771358400000,1997.31,2003.25,1985.59,1990.68,305245.076,1771372799999,608843414.21185,724651,142996.715,285256736.71550,0
1771372800000,1990.68,1999.64,1967.27,1995.85,418428.459,1771387199999,830153435.04592,777557,204034.610,404919343.04040,0
1771387200000,1995.85,2022.00,1992.13,2017.19,463830.601,1771401599999,930186018.02604,634075,262940.129,527645414.94071,0
1771401600000,2017.20,2038.27,1975.20,1980.19,917334.760,1771415999999,1839756482.06995,1114802,464674.817,932548440.37636,0
1771416000000,1980.19,2009.80,1953.20,1984.56,1412387.045,1771430399999,2795403880.80614,2070141,724719.280,1434795861.45348,0
1771430400000,1984.56,1986.99,1921.64,1939.82,1322868.117,1771444799999,2589159194.49797,1959468,627990.727,1229557435.11674,0
1771444800000,1939.83,1955.59,1934.11,1954.77,412344.496,1771459199999,801610441.93640,847494,220225.777,428182238.34112,0
1771459200000,1954.77,1973.57,1949.10,1971.19,344313.744,1771473599999,676271484.46252,714070,171794.084,337417322.48656,0
1771473600000,1971.20,1986.91,1963.00,1980.82,401087.352,1771487999999,792521495.19261,705715,202214.997,399600913.47425,0
1771488000000,1980.82,1981.79,1946.11,1948.70,572180.725,1771502399999,1124357178.47359,856585,254373.649,500017923.45847,0
1771502400000,1948.71,1955.20,1910.00,1925.20,1623716.105,1771516799999,3132067606.62529,2370697,795095.766,1533687687.53445,0
1771516800000,1925.21,1946.75,1905.50,1940.14,922036.802,1771531199999,1777312926.71124,1787330,446874.283,861610960.62847,0
1771531200000,1940.13,1953.00,1933.68,1948.15,305988.475,1771545599999,595033650.38075,624861,150164.247,292041737.50198,0
1771545600000,1948.15,1963.56,1946.25,1954.06,372003.467,1771559999999,727173079.62116,647710,194922.568,381047378.02281,0
1771560000000,1954.06,1967.96,1928.52,1959.65,722249.811,1771574399999,1407586829.54795,885874,351630.028,685575184.09768,0
1771574400000,1959.65,1972.99,1939.24,1942.76,582309.333,1771588799999,1140334967.26705,867265,279851.482,548095680.36073,0
1771588800000,1942.76,1980.27,1921.53,1963.05,1529310.050,1771603199999,2979384305.01138,2254642,773970.490,1508103815.61304,0
1771603200000,1963.05,1980.73,1937.60,1962.88,1156054.873,1771617599999,2267945403.93162,1929812,569338.579,1117022499.25813,0
1771617600000,1962.89,1974.43,1960.71,1967.85,252769.819,1771631999999,497524612.88247,518403,132690.551,261211411.41636,0
1771632000000,1967.85,1969.99,1955.07,1958.29,195446.154,1771646399999,383650010.46973,340938,90003.514,176714348.25128,0
1771646400000,1958.30,1965.46,1955.17,1962.00,139261.061,1771660799999,273126846.34882,253226,73405.872,143974400.77447,0
1771660800000,1962.00,1988.20,1961.26,1976.25,480800.053,1771675199999,949862892.98855,540829,278414.359,550099271.91791,0
1771675200000,1976.24,1996.64,1968.31,1987.04,498494.571,1771689599999,988553849.64960,686057,261683.201,519096640.77307,0
1771689600000,1987.04,1994.59,1975.31,1987.48,341773.043,1771703999999,678682075.17695,498580,162197.926,322101972.46343,0
1771704000000,1987.48,1989.66,1967.03,1972.54,296539.396,1771718399999,586280349.83473,432791,137257.215,271356597.69333,0
1771718400000,1972.54,1982.83,1966.10,1973.76,289539.225,1771732799999,571253571.74222,443320,154579.024,305027147.52786,0
1771732800000,1973.76,1978.59,1970.01,1975.01,144049.483,1771747199999,284376267.28335,245911,70962.620,140094699.59142,0
1771747200000,1975.01,1982.67,1969.04,1979.84,197552.989,1771761599999,390359973.05852,287859,99240.175,196132131.33197,0
1771761600000,1979.85,1980.60,1942.24,1952.81,892872.592,1771775999999,1746164217.81020,1040858,423055.935,827238615.67745,0
1771776000000,1952.81,1954.67,1933.00,1942.81,376166.728,1771790399999,730704558.06246,452781,175411.602,340695330.72369,0
1771790400000,1942.81,1960.00,1938.92,1957.01,281364.095,1771804799999,548932072.09541,433643,158699.700,309621551.33873,0
1771804800000,1957.00,1957.58,1844.46,1860.94,1970983.162,1771819199999,3705383434.55927,2709493,906537.121,1703389771.17294,0
1771819200000,1860.93,1887.80,1852.00,1884.13,642382.309,1771833599999,1202268553.58064,881495,329406.667,616836461.67267,0
1771833600000,1884.13,1927.73,1875.60,1914.41,975901.002,1771847999999,1860450923.04601,1167121,490148.437,934216451.88504,0
1771848000000,1914.40,1935.27,1891.42,1894.72,1241797.396,1771862399999,2374413486.90286,1739363,628710.286,1202529577.99368,0
1771862400000,1894.73,1899.34,1836.06,1856.15,1331189.130,1771876799999,2482971746.34876,2059440,677337.279,1263527081.10477,0
1771876800000,1856.16,1869.04,1846.00,1855.47,434570.285,1771891199999,807883013.15947,785633,218441.129,406097551.26640,0
1771891200000,1855.47,1868.94,1810.46,1830.94,1181431.179,1771905599999,2172120552.31302,1866091,555061.356,1020904369.78747,0
1771905600000,1830.94,1839.85,1812.52,1824.63,847651.917,1771919999999,1546500691.71123,1459052,418016.793,762758851.05767,0
1771920000000,1824.63,1835.55,1813.16,1825.74,539634.383,1771934399999,984219289.43791,897391,262345.753,478538762.30824,0
1771934400000,1825.75,1849.59,1796.00,1846.37,1624730.572,1771948799999,2964043675.80881,2280051,774800.896,1414204101.22819,0
1771948800000,1846.36,1864.58,1837.01,1851.56,950543.639,1771963199999,1761731917.31286,1534598,475044.295,880509192.21011,0
1771963200000,1851.56,1863.50,1843.83,1851.09,307873.495,1771977599999,570924295.13142,612776,154063.888,285729242.92313,0
1771977600000,1851.10,1945.70,1845.70,1905.37,1482719.102,1771991999999,2826788929.94864,1956942,766914.890,1461941702.79312,0
1771992000000,1905.38,1913.82,1877.06,1892.35,783355.298,1772006399999,1484332685.21434,1013192,403972.972,765673809.55827,0
1772006400000,1892.36,1927.89,1889.24,1925.28,675208.004,1772020799999,1290080642.48876,868537,345914.856,660848146.85083,0
1772020800000,1925.27,2027.93,1921.23,2012.86,2213958.559,1772035199999,4378053881.22071,2749011,1178551.763,2330525388.40989,0
1772035200000,2012.85,2084.93,2012.14,2070.32,1748491.161,1772049599999,3593827615.99660,2444497,903662.146,1857010236.73629,0
1772049600000,2070.34,2149.95,2033.18,2056.50,1604674.188,1772063999999,3350216298.44939,2218881,843059.031,1761341253.38881,0
1772064000000,2056.51,2076.00,2037.83,2053.15,649030.665,1772078399999,1334350358.76568,1337511,329411.091,677268936.57887,0
1772078400000,2053.15,2083.09,2050.50,2052.48,615673.329,1772092799999,1271399594.76825,1041724,311744.615,643878610.72008,0
1772092800000,2052.49,2082.65,2043.47,2056.51,660311.571,1772107199999,1361644363.42403,1006658,332926.142,686799341.35592,0
1772107200000,2056.52,2077.40,2010.38,2032.33,1428516.201,1772121599999,2916609028.04481,2176769,694054.378,1417452505.99837,0
1772121600000,2032.33,2036.79,1973.49,2029.00,1595749.576,1772135999999,3194759173.32044,2300407,849940.614,1701876656.62737,0
1772136000000,2029.00,2042.60,2016.70,2026.71,368624.500,1772150399999,748066493.57040,666611,195164.069,396121650.98995,0
1772150400000,2026.70,2048.91,1999.20,2044.48,658703.297,1772164799999,1330871772.83056,1060154,330105.869,667115362.54027,0
1772164800000,2044.48,2063.71,2021.00,2031.54,672408.793,1772179199999,1373289467.53295,937931,327490.212,669018556.98801,0
1772179200000,2031.54,2045.59,1951.48,1960.79,1304918.647,1772193599999,2602034332.75195,1820155,610526.467,1217343962.51150,0
1772193600000,1960.79,1968.00,1936.00,1947.39,1338894.611,1772207999999,2614081877.92656,2298696,699723.116,1366305073.16943,0
1772208000000,1947.39,1947.75,1906.00,1920.02,1119096.818,1772222399999,2154302257.92498,1796769,550525.014,1059669469.41156,0
1772222400000,1920.02,1932.85,1885.00,1928.50,671256.074,1772236799999,1286167681.96871,865705,338402.115,648821242.58889,0
1772236800000,1928.51,1937.37,1916.77,1923.33,302531.180,1772251199999,583128249.82451,464276,147345.597,284096321.09425,0
1772251200000,1923.33,1930.86,1834.06,1865.36,1816676.462,1772265599999,3403396786.74110,2487306,837667.340,1568962956.57358,0
1772265600000,1865.37,1880.39,1843.19,1862.27,927573.913,1772279999999,1725067482.96234,1499734,474492.476,882806587.57816,0
1772280000000,1862.28,1914.99,1861.01,1897.78,1401422.745,1772294399999,2650975089.37486,2102220,727616.934,1376835697.09901,0
1772294400000,1897.77,1954.00,1884.13,1945.78,1084450.295,1772308799999,2081975461.75947,1796266,572687.938,1100269773.90892,0
1772308800000,1945.78,1984.22,1936.69,1963.48,881332.903,1772323199999,1727548119.05845,1715768,447735.878,877948428.05654,0
1772323200000,1963.48,2054.67,1942.42,2022.29,1578905.677,1772337599999,3175749970.73199,2373352,856313.641,1723341599.24522,0
1772337600000,2022.29,2029.63,1988.21,2006.27,845620.562,1772351999999,1695760230.45770,1161497,398767.898,799714459.44750,0
1772352000000,2006.26,2009.30,1971.02,1982.30,709326.387,1772366399999,1408800526.07410,1156408,342480.677,680287519.49519,0
1772366400000,1982.30,2027.77,1967.34,1992.31,1090905.780,1772380799999,2182881574.23562,1710082,560330.095,1121636747.97259,0
1772380800000,1992.30,2010.00,1942.65,1952.97,1310393.681,1772395199999,2588468188.95515,1988826,640191.468,1265349919.26790,0
1772395200000,1952.96,1974.90,1905.91,1938.57,1278132.709,1772409599999,2467387991.74473,2102231,622042.076,1201801655.15483,0
1772409600000,1938.58,1988.52,1936.33,1971.36,818897.586,1772423999999,1605507873.94603,1942618,420637.391,824783192.20842,0
1772424000000,1971.36,1984.45,1924.14,1940.25,673715.063,1772438399999,1315276388.80137,1358659,313499.886,611966478.91204,0
1772438400000,1940.27,1966.93,1916.00,1946.56,871799.579,1772452799999,1694961442.20047,1576762,433092.497,842417551.96073,0
1772452800000,1946.55,2064.79,1919.77,2046.39,2435783.612,1772467199999,4847618311.81606,3583052,1264760.854,2516991578.78518,0
1772467200000,2046.39,2089.00,2014.46,2042.44,1650723.342,1772481599999,3384146029.87558,2581064,834061.891,1710404068.52483,0
1772481600000,2042.44,2058.58,2023.26,2026.69,671758.274,1772495999999,1370577578.18106,1368878,347334.977,708899864.02511,0
1772496000000,2026.69,2041.22,1996.62,2007.69,709437.097,1772510399999,1431623749.34962,1335650,350066.275,706503002.16375,0
1772510400000,2007.69,2019.26,1986.13,1995.27,686348.025,1772524799999,1371964962.49042,1159280,346923.151,693590561.52895,0
1772524800000,1995.27,1999.70,1938.01,1960.09,1498942.296,1772539199999,2937617577.17902,2056876,718255.063,1407177851.95815,0
1772539200000,1960.10,1989.18,1926.32,1968.09,1696814.460,1772553599999,3318449071.53866,3153951,841886.986,1646891061.35698,0
1772553600000,1968.09,2013.33,1957.42,1985.14,1652729.026,1772567999999,3276504250.72517,3130613,848359.911,1682427080.00085,0
1772568000000,1985.14,2000.98,1958.16,1981.85,492943.431,1772582399999,975680186.63474,1185920,248658.565,492468588.80578,0
1772582400000,1981.85,1997.99,1943.40,1959.59,754996.880,1772596799999,1486609924.40596,1691212,349496.021,688494229.66480,0
1772596800000,1959.59,2010.00,1948.81,2005.72,723026.553,1772611199999,1429439133.09286,1443576,369086.956,729789730.68648,0
1772611200000,2005.71,2093.00,1999.39,2054.18,2231214.795,1772625599999,4589466203.58595,3039244,1150477.149,2364984609.58750,0
1772625600000,2054.18,2165.50,2035.20,2149.30,2237549.448,1772639999999,4681474828.27830,3632612,1205677.317,2524665956.60644,0
1772640000000,2149.29,2199.47,2127.83,2176.46,1667261.257,1772654399999,3596049541.05535,2737959,838171.871,1809054961.65576,0
1772654400000,2176.47,2178.69,2115.33,2125.98,662654.835,1772668799999,1422680382.73133,1318635,326303.405,700517220.17092,0
1772668800000,2125.97,2141.57,2106.32,2119.11,678185.051,1772683199999,1438970293.69840,1437840,340284.510,722077523.28690,0
1772683200000,2119.10,2144.37,2093.88,2104.30,779373.777,1772697599999,1652850015.67803,1220132,402447.705,853818745.35592,0
1772697600000,2104.29,2163.00,2092.43,2136.76,974731.956,1772711999999,2077135224.71957,1683647,497067.637,1059200447.99304,0
1772712000000,2136.76,2142.38,2066.31,2086.09,1597768.847,1772726399999,3360992281.53417,2733392,777342.769,1635791802.17777,0
1772726400000,2086.10,2093.96,2053.30,2073.61,1190597.741,1772740799999,2467538524.13770,2089346,606599.229,1257508886.38586,0
1772740800000,2073.60,2099.30,2066.77,2072.18,414779.632,1772755199999,864195151.04217,872932,199629.962,416040333.37520,0
1772755200000,2072.17,2092.39,2060.60,2082.88,444237.614,1772769599999,923771996.07538,984382,229538.624,477320785.81285,0
1772769600000,2082.88,2086.57,2058.00,2081.79,540710.445,1772783999999,1119874829.84213,999633,265486.859,549923228.78017,0
1772784000000,2081.79,2081.79,2044.12,2050.02,687409.148,1772798399999,1416605460.61062,1126413,326383.615,672728826.60741,0
1772798400000,2050.03,2062.00,1963.92,1976.43,2186301.207,1772812799999,4394641603.59298,3407585,1059066.899,2128846755.79106,0
1772812800000,1976.42,1991.98,1954.25,1982.52,929400.898,1772827199999,1833331284.11289,1832332,476745.726,940662063.83714,0
1772827200000,1982.53,1988.90,1968.30,1977.66,333948.242,1772841599999,660836348.59010,655429,165724.481,327970825.67529,0
1772841600000,1977.66,1995.74,1971.40,1979.14,341961.260,1772855999999,677958552.69466,490668,186927.948,370710094.09081,0
1772856000000,1979.15,1983.89,1961.66,1982.19,386888.884,1772870399999,763188944.26043,576490,185954.636,366928793.51169,0
1772870400000,1982.18,1993.83,1973.84,1987.51,361120.213,1772884799999,716707443.27472,520327,189852.715,376837204.89859,0
1772884800000,1987.52,1989.85,1969.20,1980.19,389099.281,1772899199999,770562840.22259,627663,194788.080,385778540.25999,0
1772899200000,1980.19,1982.81,1946.87,1954.01,453331.453,1772913599999,890828921.05758,677829,208499.340,409806883.14197,0
1772913600000,1954.01,1973.15,1953.64,1968.39,245261.992,1772927999999,482030460.52932,457059,128277.740,252098807.31940,0
1772928000000,1968.39,1976.33,1934.33,1946.40,549360.617,1772942399999,1073383222.52675,748571,249400.740,487483558.32060,0
1772942400000,1946.40,1959.04,1927.58,1953.97,442384.350,1772956799999,860719510.73361,672640,223047.283,434138296.84788,0
1772956800000,1953.97,1979.03,1942.70,1950.29,604094.675,1772971199999,1185078612.75122,866241,316377.116,620831640.83503,0
1772971200000,1950.28,1953.75,1922.86,1942.00,799792.005,1772985599999,1550701382.08007,1355568,383107.750,742899696.78600,0
1772985600000,1942.01,1969.19,1926.73,1963.20,583922.748,1772999999999,1135536904.05787,1044342,290347.800,564783139.01090,0
1773000000000,1963.21,1970.16,1906.63,1935.97,1123967.060,1773014399999,2176777636.78788,1859201,492307.263,954029154.82954,0
1773014400000,1935.98,2004.84,1928.20,1976.60,1289281.919,1773028799999,2535656945.90621,2512926,688928.852,1355017895.92286,0
1773028800000,1976.60,2013.33,1962.27,1982.90,1052595.640,1773043199999,2095148592.97686,1731793,539680.015,1074453914.27834,0
1773043200000,1982.90,2021.88,1977.69,1991.49,889918.434,1773057599999,1778137650.09063,1618650,455320.657,910074616.02844,0
1773057600000,1991.49,2033.52,1991.42,2021.44,1283202.349,1773071999999,2587656412.15900,2355496,642534.388,1295697829.27166,0
1773072000000,2021.45,2052.83,2004.17,2032.67,1150060.688,1773086399999,2329560971.58298,1787719,582629.011,1180716660.45983,0
1773086400000,2032.66,2036.44,1988.18,1992.28,602907.876,1773100799999,1213595915.65445,989951,284387.267,572482310.83813,0
1773100800000,1992.28,2053.93,1990.23,2025.61,937205.213,1773115199999,1898896526.11389,1503619,494848.870,1002621850.60816,0
1773115200000,2025.61,2059.24,2025.32,2050.00,570428.123,1773129599999,1165880047.20236,1025678,290485.168,593832247.31145,0
1773129600000,2050.00,2074.00,2050.00,2060.77,751728.798,1773143999999,1549739647.56124,1219740,380419.096,784339965.66410,0
1773144000000,2060.77,2085.00,2007.77,2078.42,1978267.618,1773158399999,4054289694.26780,2867876,983353.833,2015328674.62311,0
1773158400000,2078.42,2088.00,2025.55,2035.84,1294369.856,1773172799999,2662386375.27913,2211899,625690.740,1287202487.21119,0
1773172800000,2035.84,2048.00,2015.78,2035.39,471914.163,1773187199999,958911000.97688,785420,234820.380,477300178.34714,0
1773187200000,2035.38,2041.00,2017.04,2020.28,443629.963,1773201599999,900036740.51212,783743,208559.436,423207583.19156,0
1773201600000,2020.28,2041.00,2005.90,2011.61,629945.279,1773215999999,1274001251.15510,858037,312226.609,631677827.53165,0
1773216000000,2011.59,2033.54,2008.50,2016.96,452516.088,1773230399999,914455451.22694,790243,230594.912,466019405.92139,0
1773230400000,2016.97,2081.68,2011.51,2048.84,1836421.244,1773244799999,3765613380.53186,2760211,930316.909,1907727785.08364,0
1773244800000,2048.85,2084.98,2045.14,2075.13,818058.465,1773259199999,1691708189.81017,1610981,409147.166,846109844.53211,0
1773259200000,2075.13,2083.85,2044.12,2050.99,409491.771,1773273599999,845189109.78303,712939,204299.792,421885951.55449,0
1773273600000,2050.98,2057.37,2016.17,2022.07,671131.613,1773287999999,1365145419.58744,938387,324325.538,659960607.25183,0
1773288000000,2022.07,2041.92,2018.17,2039.71,436491.353,1773302399999,885445632.45599,590251,234573.675,475900956.62600,0
1773302400000,2039.72,2075.65,2036.75,2061.77,908568.871,1773316799999,1868452677.61731,1133996,442537.115,910053399.93203,0
1773316800000,2061.77,2094.57,2036.18,2071.40,1903869.744,1773331199999,3929378960.74883,2470208,1005970.953,2076875164.94753,0
1773331200000,2071.39,2077.47,2044.00,2068.63,847229.193,1773345599999,1746714018.99284,1482651,406613.219,838242831.67058,0
1773345600000,2068.61,2093.53,2054.40,2072.60,621938.675,1773359999999,1289421661.39029,830100,339060.099,703336693.99320,0
1773360000000,2072.60,2148.00,2069.10,2117.77,1417550.252,1773374399999,3002532803.73696,2134584,746926.127,1581893304.29158,0
1773374400000,2117.78,2119.20,2088.52,2098.45,573672.938,1773388799999,1205516222.79126,890090,296813.207,623818810.90973,0
1773388800000,2098.44,2133.00,2090.09,2120.02,818371.257,1773403199999,1730400453.56282,1312707,425977.141,900617131.36283,0
1773403200000,2120.01,2209.49,2119.30,2127.00,2950677.425,1773417599999,6389426325.94406,3347278,1587261.658,3437978518.04448,0
1773417600000,2127.01,2142.83,2088.44,2101.72,1494951.133,1773431999999,3159961322.61934,1888189,767247.113,1622070825.80768,0
1773432000000,2101.73,2116.39,2077.03,2091.01,513889.845,1773446399999,1076735884.36428,770440,242213.040,507564010.89325,0
1773446400000,2091.00,2103.62,2080.06,2100.00,381765.967,1773460799999,798635966.29270,575746,196616.713,411447674.26874,0
1773460800000,2100.00,2105.75,2067.13,2076.30,555805.424,1773475199999,1159133632.18009,641157,242745.732,506259159.46531,0
1773475200000,2076.30,2080.22,2060.09,2072.65,421811.155,1773489599999,873075408.82630,454189,207021.605,428547905.31440,0
1773489600000,2072.65,2079.55,2068.34,2073.55,294717.603,1773503999999,611209189.77531,385918,150294.072,311701747.04795,0
1773504000000,2073.55,2078.44,2067.58,2076.25,159079.105,1773518399999,329937949.16520,218517,80663.975,167323696.86416,0
1773518400000,2076.25,2098.58,2074.79,2095.27,334646.470,1773532799999,698808471.80032,372253,185119.043,386558318.05338,0
1773532800000,2095.28,2107.00,2081.59,2095.17,405853.319,1773547199999,850020256.16847,584327,222095.317,465245814.75222,0
1773547200000,2095.17,2116.35,2095.00,2104.97,387110.713,1773561599999,815627068.74084,529817,200447.704,422383098.31016,0
1773561600000,2104.97,2123.25,2104.97,2118.60,349993.156,1773575999999,740633780.43733,469229,182002.178,385161774.82101,0
1773576000000,2118.61,2118.96,2085.10,2092.93,628325.520,1773590399999,1317567930.50087,731773,295429.896,619384007.99194,0
1773590400000,2092.93,2117.62,2087.65,2112.33,475588.283,1773604799999,1000114105.52477,619399,251195.607,528307824.65717,0
1773604800000,2112.32,2202.87,2108.91,2177.73,1650783.318,1773619199999,3570794765.32271,2043179,922328.378,1994646743.80174,0
1773619200000,2177.73,2253.60,2163.32,2235.13,1512415.231,1773633599999,3339571212.89009,1956775,846878.563,1871573275.10877,0
1773633600000,2235.14,2288.00,2235.13,2248.43,1694173.977,1773647999999,3832123448.54947,1943590,861577.761,1949362636.50963,0
1773648000000,2248.44,2279.68,2233.00,2268.81,984397.541,1773662399999,2224113070.11835,1267819,520623.390,1176563336.32999,0
1773662400000,2268.82,2308.00,2253.51,2272.42,2371915.363,1773676799999,5418893798.77571,2874027,1265554.194,2892309876.76881,0
1773676800000,2272.41,2347.99,2268.62,2329.98,1530327.963,1773691199999,3545989671.75013,2122119,842398.137,1951855757.49359,0
1773691200000,2329.98,2385.78,2322.37,2351.66,1137124.455,1773705599999,2676718806.35798,1629114,588284.435,1385169509.27601,0
1773705600000,2351.66,2377.00,2306.87,2319.11,1509768.766,1773719999999,3540200814.90240,2246204,765463.596,1795681334.24084,0
1773720000000,2319.12,2337.50,2292.57,2326.75,982963.688,1773734399999,2275405435.26991,1456974,487064.668,1127998244.32091,0
1773734400000,2326.74,2334.73,2301.04,2325.75,785681.082,1773748799999,1821830634.47339,1232420,395649.518,917554743.55854,0
1773748800000,2325.75,2356.66,2303.00,2314.69,1284193.165,1773763199999,2989726476.99687,2189808,641942.384,1494599699.55592,0
1773763200000,2314.68,2341.83,2311.07,2319.10,580016.787,1773777599999,1350979523.77189,1159355,280259.383,652753554.78440,0
1773777600000,2319.09,2345.00,2315.51,2316.45,352327.903,1773791999999,820280568.93684,596766,186947.335,435294178.19102,0
1773792000000,2316.45,2349.99,2305.60,2339.60,565019.709,1773806399999,1316049211.31315,903046,286546.869,667548837.44084,0
1773806400000,2339.61,2341.00,2310.07,2316.60,523841.759,1773820799999,1216874984.51436,636792,256671.690,596175373.59393,0
1773820800000,2316.60,2332.98,2262.01,2268.10,1236648.585,1773835199999,2835677300.26769,1319993,564562.044,1294860788.12561,0
1773835200000,2268.11,2269.74,2168.00,2186.25,2681320.445,1773849599999,5943273714.88108,3088593,1293418.419,2867666220.88919,0
1773849600000,2186.25,2219.00,2163.03,2184.91,1385996.537,1773863999999,3036107086.37992,2072747,709158.558,1553935555.31585,0
1773864000000,2184.90,2205.90,2150.70,2201.95,732175.390,1773878399999,1598571842.41137,1041724,363037.913,792731888.58650,0
1773878400000,2201.96,2232.64,2186.12,2210.87,673478.899,1773892799999,1486800774.66634,1070694,362109.653,799493904.60149,0
1773892800000,2210.86,2212.00,2141.79,2165.27,1130665.709,1773907199999,2457575309.39980,1524661,504341.314,1096492444.34109,0
1773907200000,2165.27,2191.99,2156.84,2166.00,768487.385,1773921599999,1670112492.31467,1232317,406321.151,883162821.47611,0
1773921600000,2165.99,2166.58,2098.02,2117.62,2213589.948,1773935999999,4708354880.52164,2879339,1068047.384,2271698927.21139,0
1773936000000,2117.63,2155.90,2103.43,2139.99,1038312.017,1773950399999,2207118468.07278,1665049,544649.584,1158094033.55488,0
1773950400000,2139.99,2154.43,2129.37,2136.56,408174.950,1773964799999,874618332.15592,732832,176130.308,377394191.85966,0
1773964800000,2136.56,2159.67,2131.07,2150.20,456100.432,1773979199999,979020686.82823,878020,229936.245,493674070.07874,0
1773979200000,2150.20,2158.53,2120.04,2149.30,622015.155,1773993599999,1331386083.49852,888963,311523.546,667002308.08751,0
1773993600000,2149.30,2175.64,2130.23,2140.37,928216.763,1774007999999,1996625369.32704,1316281,467629.976,1006287009.50548,0
1774008000000,2140.36,2152.00,2114.20,2133.09,1261450.708,1774022399999,2690378980.99275,1994666,647222.438,1380748066.74100,0
1774022400000,2133.09,2144.00,2116.28,2132.10,681814.709,1774036799999,1451778812.25141,1275504,339977.287,724006790.29523,0
1774036800000,2132.10,2167.53,2122.90,2145.08,515575.884,1774051199999,1106506951.88380,707923,272576.004,585097201.78181,0
1774051200000,2145.08,2159.00,2142.88,2152.41,214699.258,1774065599999,461822065.20661,384742,109398.949,235333595.58868,0
1774065600000,2152.40,2160.71,2149.06,2154.40,190753.418,1774079999999,410948391.57350,269223,95723.032,206229639.04073,0
1774080000000,2154.40,2158.16,2148.45,2156.53,200023.948,1774094399999,430862375.52591,243374,101162.698,217925331.51712,0
1774094400000,2156.54,2168.00,2145.00,2154.25,378455.240,1774108799999,815874213.79525,436246,192707.383,415523250.79017,0
1774108800000,2154.25,2154.66,2140.15,2151.19,207908.989,1774123199999,446748605.03133,290335,99673.618,214194573.71861,0
1774123200000,2151.19,2156.12,2068.78,2083.37,696227.693,1774137599999,1470977476.91625,787551,289456.305,611610130.56371,0
1774137600000,2083.37,2126.38,2045.57,2112.84,1126316.321,1774151999999,2349003955.07560,1739611,571312.243,1192479450.97394,0
1774152000000,2112.83,2122.16,2091.39,2092.82,518142.776,1774166399999,1093213184.40720,736150,254559.957,537409163.65418,0
1774166400000,2092.82,2096.73,2065.21,2068.97,704694.333,1774180799999,1466607802.39656,991557,327783.596,682242186.22812,0
1774180800000,2068.96,2092.60,2066.87,2081.96,545347.614,1774195199999,1134121696.16894,779168,293488.206,610424955.26922,0
1774195200000,2081.97,2083.56,2053.01,2062.00,412619.666,1774209599999,853431705.48667,662926,195401.260,404226121.75040,0
1774209600000,2062.00,2074.71,2024.11,2052.85,907245.588,1774223999999,1858691253.39843,1414218,458757.020,940227351.79199,0
1774224000000,2052.86,2071.92,2034.38,2051.55,683057.734,1774238399999,1402807429.57252,1347996,368989.080,757995499.67295,0
1774238400000,2051.55,2071.30,2021.58,2043.65,836723.914,1774252799999,1711618251.23746,1384220,406603.226,832052649.02692,0
1774252800000,2043.65,2199.00,2027.57,2133.89,2839257.805,1774267199999,6048991631.60220,3376406,1528695.552,3255256217.50626,0
1774267200000,2133.90,2192.54,2105.39,2127.55,2431120.091,1774281599999,5231700907.26171,3636793,1208082.968,2602384623.44266,0
1774281600000,2127.54,2179.00,2116.00,2153.37,1219816.764,1774295999999,2614367701.25763,2004581,602481.412,1292188737.71486,0
1774296000000,2153.36,2165.87,2139.06,2151.01,283532.990,1774310399999,610315825.40363,583950,143913.490,309833173.07358,0
1774310400000,2151.00,2155.36,2122.78,2140.40,535475.799,1774324799999,1144868630.02306,1105909,260161.323,556358881.72952,0
1774324800000,2140.41,2169.90,2127.82,2164.33,666482.833,1774339199999,1431246179.91059,1013345,361182.702,775776394.49628,0
1774339200000,2164.34,2174.71,2146.01,2164.75,630545.487,1774353599999,1361909281.19946,984891,316252.124,683166079.68533,0
1774353600000,2164.74,2169.37,2117.71,2134.13,1243575.265,1774367999999,2661788962.25319,2115594,605914.673,1297053170.89703,0
1774368000000,2134.13,2139.88,2102.00,2115.96,938888.630,1774382399999,1988282153.88448,1416424,462219.684,979018682.48899,0
1774382400000,2115.96,2162.90,2114.70,2155.29,696426.082,1774396799999,1494565580.71277,1066433,364049.757,781237101.80616,0
1774396800000,2155.30,2168.00,2142.66,2157.50,501705.778,1774411199999,1081946240.40603,783140,243821.367,525966878.42214,0
1774411200000,2157.49,2179.72,2155.57,2163.70,571355.234,1774425599999,1238545569.93225,695837,296277.382,642255258.19637,0
1774425600000,2163.71,2200.11,2163.03,2185.01,905333.535,1774439999999,1977375740.84023,1042115,458272.570,1000964864.45240,0
1774440000000,2185.01,2197.30,2145.59,2161.67,1345442.349,1774454399999,2925524071.27295,1970613,641750.866,1395672035.50183,0
1774454400000,2161.68,2187.63,2155.08,2171.73,648229.553,1774468799999,1406107884.00824,1100230,347749.774,754380282.64166,0
1774468800000,2171.73,2184.99,2158.01,2168.00,295427.605,1774483199999,640683262.78958,474019,152172.998,330081078.41862,0
1774483200000,2168.00,2171.32,2142.15,2152.15,471318.207,1774497599999,1015914852.71004,690524,233667.024,503709706.88421,0
1774497600000,2152.15,2153.52,2110.72,2122.37,877179.932,1774511999999,1865520847.20515,938036,396347.890,842732503.49616,0
1774512000000,2122.36,2126.24,2061.00,2067.33,1227552.831,1774526399999,2560560457.13049,1259096,556733.529,1160967323.32270,0
1774526400000,2067.34,2093.64,2050.54,2069.43,1213774.885,1774540799999,2516778732.23995,1642081,632694.292,1312387137.75651,0
1774540800000,2069.43,2070.00,2033.22,2047.86,838307.982,1774555199999,1718894487.60746,1142754,408569.383,837956728.17671,0
1774555200000,2047.85,2080.25,2045.17,2059.17,817780.614,1774569599999,1690838096.85279,965623,426538.220,882151075.29928,0
1774569600000,2059.18,2076.43,2055.50,2060.45,354929.755,1774583999999,733211398.62701,666488,176930.342,365512539.79297,0
1774584000000,2060.44,2071.59,2041.32,2064.95,613100.519,1774598399999,1261294623.22176,765733,308001.748,633740459.95904,0
1774598400000,2064.94,2068.60,1980.28,1990.24,1655519.043,1774612799999,3341144372.62636,1773575,745506.822,1504802075.04657,0
1774612800000,1990.24,2009.46,1966.20,1990.12,1438244.439,1774627199999,2857075643.61890,1828559,713750.990,1418144241.56046,0
1774627200000,1990.11,1996.88,1973.37,1990.28,696955.142,1774641599999,1383130215.79612,1175031,358144.520,710808914.69535,0
1774641600000,1990.28,1995.37,1977.90,1991.58,264573.419,1774655999999,525307553.84115,416627,125895.222,249999286.29662,0
1774656000000,1991.57,1994.30,1981.52,1987.95,216122.294,1774670399999,429661806.93515,384328,102597.247,203973167.91729,0
1774670400000,1987.95,2007.63,1986.00,2005.94,323528.935,1774684799999,646504967.82332,374272,169274.108,338272017.14268,0
1774684800000,2005.95,2007.46,1991.20,1996.41,295192.030,1774699199999,589786592.84811,334129,135860.072,271469194.66585,0
1774699200000,1996.41,2049.36,1991.23,2025.79,1022489.311,1774713599999,2066392534.75491,990983,541080.985,1093500847.15119,0
1774713600000,2025.80,2028.97,2014.57,2019.52,229088.168,1774727999999,463222647.70195,326020,109556.737,221551805.65348,0
1774728000000,2019.52,2025.42,1988.16,1993.48,390635.190,1774742399999,783086598.25421,474924,176907.012,354661812.23223,0
1774742400000,1993.48,2019.00,1990.53,2010.14,359938.411,1774756799999,721456406.53023,464384,184426.288,369663946.15226,0
1774756800000,2010.14,2011.89,1996.26,2005.00,230760.210,1774771199999,462243421.70611,350099,107099.868,214538072.19548,0
1774771200000,2005.00,2007.29,1990.40,2002.65,300757.836,1774785599999,601255312.54337,397071,138796.814,277518565.85959,0
1774785600000,2002.65,2003.98,1982.21,1991.80,534021.634,1774799999999,1063335806.86180,653398,254734.701,507314020.26539,0
1774800000000,1991.80,2003.20,1986.50,1995.04,279883.999,1774814399999,558531454.58278,421141,137871.486,275146477.45780,0
1774814400000,1995.05,2008.99,1936.54,1983.44,1127151.125,1774828799999,2225967576.72052,1388096,522017.034,1031249921.82195,0
1774828800000,1983.45,2043.26,1978.70,2034.97,1131322.341,1774843199999,2281009303.66894,1675314,632553.398,1275680713.46201,0
1774843200000,2034.97,2067.78,2034.97,2058.70,792916.982,1774857599999,1625048711.69267,1014533,423620.112,868406270.54841,0
1774857600000,2058.69,2086.99,2046.40,2070.40,769322.612,1774871999999,1587471408.63735,928146,409461.851,845253593.08812,0
1774872000000,2070.40,2084.82,2042.88,2073.40,1123786.862,1774886399999,2321673241.44444,1500730,549987.075,1136465414.63633,0
1774886400000,2073.39,2074.00,2012.14,2022.69,1018384.217,1774900799999,2075897631.56746,1231643,491693.272,1001921611.08926,0
1774900800000,2022.69,2049.21,2012.59,2025.69,622241.954,1774915199999,1263326450.30438,671372,327370.946,664697087.60943,0
1774915200000,2025.69,2093.00,2015.25,2065.92,1039176.785,1774929599999,2140381175.53666,1428972,547596.704,1128012696.76086,0
1774929600000,2065.91,2071.42,2040.88,2055.00,528667.355,1774943999999,1087399126.59670,805242,257532.823,529787123.22910,0
1774944000000,2054.99,2058.66,2011.25,2040.23,966855.411,1774958399999,1964435066.49368,1297964,485967.371,987475500.31778,0
1774958400000,2040.23,2091.49,2033.89,2053.66,1838047.822,1774972799999,3790895542.87968,2407495,933682.490,1926199011.32673,0
1774972800000,2053.66,2124.51,2053.31,2095.68,1645565.566,1774987199999,3451011203.80000,2315167,874605.405,1834234398.42036,0
1774987200000,2095.68,2109.48,2087.00,2104.49,412473.380,1775001599999,865948053.91937,667645,197473.774,414665719.51641,0
1775001600000,2104.48,2117.44,2081.19,2101.87,545500.487,1775015999999,1144737098.00170,963446,281699.968,591286014.44431,0
1775016000000,2101.87,2157.99,2099.18,2130.13,1121226.102,1775030399999,2392175397.90069,1349083,611364.371,1304105854.13453,0
1775030400000,2130.13,2142.76,2124.43,2134.18,546289.820,1775044799999,1165237434.22553,764597,277677.512,592349425.75518,0
1775044800000,2134.18,2149.37,2107.53,2133.93,1101165.049,1775059199999,2340144072.46962,1440921,541818.073,1151650206.96550,0
1775059200000,2133.93,2167.20,2122.23,2140.24,882497.895,1775073599999,1889624709.47613,1281345,450464.182,964733477.20144,0
1775073600000,2140.25,2164.47,2129.20,2138.80,529434.453,1775087999999,1135993119.37737,784091,262429.168,563151361.96745,0
1775088000000,2138.80,2158.42,2044.00,2054.73,1951268.322,1775102399999,4092727217.10522,2488732,923696.495,1938150690.68009,0
1775102400000,2054.73,2057.42,2037.23,2054.80,695759.093,1775116799999,1424718219.29638,917749,328055.686,671869276.44165,0
1775116800000,2054.79,2054.79,2022.00,2032.04,535630.451,1775131199999,1091736116.79708,662631,250756.773,511149470.89236,0
1775131200000,2032.03,2072.00,2015.55,2058.46,1505005.222,1775145599999,3076420761.48645,1854811,761259.426,1556151894.31319,0
1775145600000,2058.45,2076.00,2042.18,2064.39,648483.676,1775159999999,1334030755.30650,952332,339772.609,698965440.96490,0
1775160000000,2064.40,2073.41,2052.26,2055.96,428813.629,1775174399999,884078019.65653,468473,211919.656,436982920.64355,0
1775174400000,2055.97,2061.88,2038.35,2053.00,478521.465,1775188799999,981374138.29425,698668,236615.018,485298421.92026,0
1775188800000,2053.01,2074.60,2046.16,2064.98,358149.385,1775203199999,738070309.09491,567500,197809.513,407683655.42076,0
1775203200000,2064.98,2071.14,2052.02,2061.87,275020.086,1775217599999,566695965.88539,402353,133780.677,275674025.08908,0
1775217600000,2061.88,2084.02,2040.26,2050.31,650821.783,1775231999999,1336882489.29583,749566,337903.443,694309965.01980,0
1775232000000,2050.31,2055.90,2042.40,2051.43,215252.759,1775246399999,441187083.97194,347665,106192.073,217668019.94374,0
1775246400000,2051.42,2060.99,2048.37,2052.92,159944.319,1775260799999,328505673.08781,245312,86985.623,178676433.86781,0
1775260800000,2052.93,2053.00,2046.87,2049.21,97192.643,1775275199999,199250444.19100,150945,48460.251,99348490.74168,0
1775275200000,2049.21,2057.50,2047.51,2052.72,144502.407,1775289599999,296601274.36497,166813,73037.909,149924403.34484,0
1775289600000,2052.73,2054.50,2046.45,2051.06,167444.817,1775303999999,343338574.35141,190084,86832.255,178054175.54215,0
1775304000000,2051.06,2060.99,2043.00,2055.16,291860.727,1775318399999,598891165.30917,308590,150240.054,308338073.24382,0
1775318400000,2055.16,2083.36,2051.74,2063.77,440548.065,1775332799999,909590659.35969,442107,231256.927,477615875.25401,0
1775332800000,2063.77,2071.46,2058.63,2064.43,164643.801,1775347199999,339974593.48743,238667,83521.708,172473478.76837,0
1775347200000,2064.43,2064.60,2052.65,2055.69,155903.682,1775361599999,320877121.33525,204896,76273.025,156979777.97022,0
1775361600000,2055.69,2057.19,2026.32,2036.00,514006.294,1775375999999,1047926517.25574,496222,232412.161,473841537.02134,0
1775376000000,2036.00,2051.83,2034.57,2040.88,215639.762,1775390399999,440458668.85472,256096,112754.363,230320859.67660,0
1775390400000,2040.88,2069.25,2020.61,2053.13,910656.558,1775404799999,1858396079.57638,859102,435952.854,889889263.52307,0
1775404800000,2053.12,2068.88,2047.04,2060.99,367934.360,1775419199999,757282631.70173,453104,193949.986,399257583.35516,0
1775419200000,2061.00,2123.23,2048.66,2109.35,968936.812,1775433599999,2021921507.74824,1294501,528309.790,1102513351.20969,0
1775433600000,2109.36,2147.73,2109.36,2128.38,897583.043,1775447999999,1908796752.31915,1308477,457267.390,972566924.85788,0
1775448000000,2128.38,2140.50,2119.04,2134.05,478563.501,1775462399999,1018890623.65879,665148,248763.834,529704899.34936,0
1775462400000,2134.05,2174.41,2132.52,2150.55,910874.502,1775476799999,1960780996.30210,983472,482431.260,1038640748.03900,0
1775476800000,2150.54,2169.11,2136.42,2163.43,1122283.440,1775491199999,2414691621.47056,1508246,580883.537,1250272667.53478,0
1775491200000,2163.43,2167.52,2122.00,2143.29,803496.478,1775505599999,1720103500.41596,1115362,399701.943,855606319.29380,0
1775505600000,2143.30,2154.42,2086.29,2106.14,928197.295,1775519999999,1961174329.18468,1019291,469904.031,993073719.80601,0
1775520000000,2106.14,2119.78,2091.93,2107.19,656492.285,1775534399999,1383948844.15791,893815,329816.939,695303520.21103,0
1775534400000,2107.20,2118.25,2095.35,2103.00,356137.967,1775548799999,749578460.06795,528092,179499.594,377856100.94785,0
1775548800000,2102.99,2132.96,2080.57,2088.47,1033896.877,1775563199999,2177468644.13884,1215910,519306.143,1093964572.39843,0
1775563200000,2088.48,2092.61,2058.01,2079.26,1236932.445,1775577599999,2568124553.12345,1652993,608634.245,1263863506.28847,0
1775577600000,2079.26,2117.00,2076.41,2112.52,952245.685,1775591999999,1994722694.67006,1244070,491938.794,1030660357.63023,0
1775592000000,2112.52,2273.00,2109.43,2239.14,2645440.876,1775606399999,5797957203.94633,3338962,1414553.056,3098653684.37984,0
1775606400000,2239.14,2250.71,2226.28,2233.89,743736.136,1775620799999,1663591311.43480,1176918,361255.931,808185874.30398,0
1775620800000,2233.89,2259.72,2233.88,2252.75,639308.278,1775635199999,1436229531.53144,826489,322762.120,725217451.08941,0
1775635200000,2252.74,2262.75,2235.83,2246.53,556185.243,1775649599999,1251030975.51161,756077,288350.460,648694340.11200,0
1775649600000,2246.53,2269.65,2186.03,2214.56,1781318.946,1775663999999,3962954749.69198,2249260,893197.091,1987949695.56395,0
1775664000000,2214.56,2238.66,2196.26,2210.01,821555.618,1775678399999,1820384248.31507,1248114,412369.422,913846554.91962,0
1775678400000,2210.00,2221.64,2177.77,2188.87,524408.699,1775692799999,1152673623.84634,753025,249571.755,548615310.94908,0
1775692800000,2188.87,2193.23,2160.00,2181.31,573555.041,1775707199999,1248543688.92598,906805,280004.876,609626009.04808,0
1775707200000,2181.31,2188.57,2174.39,2179.96,297020.676,1775721599999,647743342.40696,447456,157410.933,343344762.59466,0
1775721600000,2179.97,2196.53,2175.00,2179.02,440979.973,1775735999999,963734651.21582,634408,223708.663,488964853.33258,0
1775736000000,2179.02,2224.99,2156.00,2217.00,1351872.805,1775750399999,2955437827.85512,1745131,688201.947,1505282536.42522,0
1775750400000,2216.99,2230.00,2192.00,2215.36,1084333.513,1775764799999,2398552748.41737,1437487,544618.424,1204894687.88612,0
1775764800000,2215.36,2246.15,2181.70,2188.92,717749.349,1775779199999,1586414993.95854,946235,359199.197,794503431.90748,0
1775779200000,2188.92,2203.19,2173.81,2185.16,482254.301,1775793599999,1056143424.32851,770365,233449.361,511369216.81165,0
1775793600000,2185.16,2202.67,2175.25,2178.63,378270.952,1775807999999,828023455.47538,481359,187125.867,409667507.39879,0
1775808000000,2178.62,2223.00,2176.04,2214.72,612092.346,1775822399999,1346740423.45631,670844,322592.947,709603626.27005,0
1775822400000,2214.71,2257.55,2206.77,2223.23,1395274.405,1775836799999,3112910633.46765,1713510,698331.339,1558389800.60683,0
1775836800000,2223.23,2254.67,2220.03,2251.80,527443.325,1775851199999,1181941266.78676,823969,276152.874,618847527.02175,0
1775851200000,2251.80,2255.89,2233.74,2243.90,368971.149,1775865599999,828845113.50437,484043,180297.075,405081345.41330,0
1775865600000,2243.91,2251.33,2233.33,2235.94,263841.199,1775879999999,591339357.94645,350836,131018.481,293685289.68469,0
1775880000000,2235.94,2241.68,2227.03,2231.68,299460.051,1775894399999,668813264.55279,335926,150879.399,336975317.63572,0
1775894400000,2231.68,2248.28,2230.69,2245.00,306621.595,1775908799999,686946068.75067,339383,173116.473,387849167.00463,0
1775908800000,2245.00,2255.85,2232.20,2248.39,294725.417,1775923199999,660925133.74547,419948,146757.500,329201483.05310,0
1775923200000,2248.39,2329.99,2245.22,2315.24,1179609.631,1775937599999,2699952947.37513,1506782,671306.625,1535895694.32398,0
1775937600000,2315.25,2316.48,2275.20,2283.85,530900.213,1775951999999,1218411978.45656,810203,248978.415,571520099.97316,0
1775952000000,2283.86,2288.12,2205.52,2212.71,1217614.173,1775966399999,2722807452.57155,1538481,585467.313,1308553602.13845,0
1775966400000,2212.71,2219.88,2207.00,2217.01,314769.248,1775980799999,696907186.97072,447029,159801.860,353851844.36850,0
1775980800000,2217.01,2217.98,2192.42,2203.11,403018.463,1775995199999,888498863.33026,425215,190521.741,420044801.03658,0
1775995200000,2203.11,2207.35,2173.00,2185.27,784291.464,1776009599999,1716816779.49234,937253,387178.921,847437353.30377,0
1776009600000,2185.27,2206.00,2181.66,2197.24,383122.902,1776023999999,841084330.91589,462365,195041.639,428126072.48178,0
1776024000000,2197.23,2217.70,2182.65,2190.62,602327.064,1776038399999,1323390129.13739,951912,311337.342,684261137.77356,0
1776038400000,2190.61,2207.90,2186.12,2193.27,315218.386,1776052799999,692806974.17220,613465,162661.118,357487410.45143,0
1776052800000,2193.27,2201.47,2181.02,2185.50,417733.422,1776067199999,914982630.50581,526433,214635.144,470237876.35970,0
1776067200000,2185.50,2194.62,2178.18,2186.30,370876.792,1776081599999,810374567.81694,503699,171239.774,374232827.05599,0
1776081600000,2186.29,2235.41,2174.48,2208.08,1478787.506,1776095999999,3260605997.00763,1982799,715355.610,1577543926.82387,0
1776096000000,2208.08,2268.70,2198.57,2261.20,1172829.826,1776110399999,2621445623.63032,1577444,615410.381,1375680201.82190,0
1776110400000,2261.20,2395.85,2246.39,2368.80,2045153.934,1776124799999,4761817103.01119,2578130,1081424.380,2516395103.46156,0
1776124800000,2368.80,2378.00,2353.87,2364.68,575697.429,1776139199999,1362431730.39602,1005855,279301.448,661104959.94672,0
1776139200000,2364.69,2389.00,2353.87,2376.85,526677.833,1776153599999,1248567065.20619,769371,287606.226,681904150.01939,0
1776153600000,2376.85,2395.30,2366.62,2373.12,689338.800,1776167999999,1642355944.71055,882328,354216.756,843940729.21573,0
1776168000000,2373.13,2416.40,2331.46,2363.24,2145638.387,1776182399999,5085839319.33836,2521545,1140898.156,2705044559.62054,0
1776182400000,2363.25,2370.29,2301.60,2312.54,1058703.853,1776196799999,2468096412.36586,1553420,515756.280,1202336124.22164,0
1776196800000,2312.56,2331.66,2307.42,2321.17,435561.389,1776211199999,1009994857.62362,738121,235475.356,546098954.91101,0
1776211200000,2321.16,2342.07,2316.43,2327.60,414500.406,1776225599999,965820958.18744,772096,208783.627,486565526.59409,0
1776225600000,2327.59,2337.19,2306.80,2315.53,436164.883,1776239999999,1011753136.45512,637725,201832.344,468246656.02296,0
1776240000000,2315.52,2340.00,2310.93,2336.20,501349.000,1776254399999,1165432835.05429,660397,254217.256,590942315.51320,0
1776254400000,2336.21,2348.88,2316.17,2330.60,878951.457,1776268799999,2049678091.39564,1372357,453341.687,1057458327.99861,0
1776268800000,2330.60,2384.67,2327.40,2373.70,856245.184,1776283199999,2016706341.06768,1340678,448103.104,1055823574.69138,0
1776283200000,2373.69,2379.90,2347.18,2358.87,568493.441,1776297599999,1342487968.01908,879616,280617.445,662813852.58825,0
1776297600000,2358.86,2368.45,2343.27,2356.52,345171.677,1776311999999,813231512.71472,765090,172337.023,406092990.99877,0
1776312000000,2356.51,2362.91,2334.00,2340.40,389074.202,1776326399999,914157961.66096,575503,176286.115,414235448.45015,0
1776326400000,2340.39,2347.06,2327.11,2334.42,528827.802,1776340799999,1235177933.47486,696255,263583.167,615692158.40303,0
1776340800000,2334.43,2352.00,2282.70,2337.60,1819052.346,1776355199999,4212973199.34989,2107401,877266.799,2032499335.61390,0
1776355200000,2337.59,2361.00,2307.94,2358.39,1006738.050,1776369599999,2348182698.55661,1507598,539365.247,1258890729.87035,0
1776369600000,2358.39,2363.67,2333.45,2346.92,438571.260,1776383999999,1029122028.10204,742792,206022.796,483432873.44590,0
1776384000000,2346.93,2349.85,2322.35,2324.46,361864.221,1776398399999,844382000.88400,621570,179863.513,419706554.07358,0
1776398400000,2324.45,2340.88,2314.08,2333.24,342517.138,1776412799999,797421775.58948,514987,178847.315,416502311.39348,0
1776412800000,2333.23,2376.96,2331.91,2353.63,893850.912,1776427199999,2101485186.30899,1147504,468966.626,1102757880.96565,0
1776427200000,2353.64,2456.32,2348.00,2440.71,2674338.578,1776441599999,6458598977.96689,3293919,1381044.262,3334741071.18239,0
1776441600000,2440.71,2463.86,2414.12,2426.48,989444.645,1776455999999,2410598771.03168,1576542,505606.805,1231959574.95690,0
1776456000000,2426.48,2441.65,2414.14,2417.66,415610.733,1776470399999,1008346948.33064,662649,216641.641,525643462.45525,0
1776470400000,2417.65,2426.62,2397.00,2404.00,348331.058,1776484799999,840760446.48585,554313,163923.211,395831706.89187,0
1776484800000,2404.00,2412.38,2398.00,2402.38,258226.851,1776499199999,621143707.03439,379653,131252.842,315746832.21261,0
1776499200000,2402.38,2403.84,2341.52,2351.45,1197051.138,1776513599999,2836475493.97762,1258175,559489.606,1325365132.83082,0
1776513600000,2351.46,2368.97,2343.56,2361.99,487352.582,1776527999999,1148359828.29448,702573,237581.573,559843255.08516,0
1776528000000,2361.98,2374.15,2337.00,2347.04,540869.706,1776542399999,1273240181.21422,695658,258083.569,607864488.31183,0
1776542400000,2347.04,2358.57,2343.42,2348.99,182605.714,1776556799999,429360981.98965,326643,96545.172,227002349.30573,0
1776556800000,2348.99,2353.99,2330.15,2338.60,308236.290,1776571199999,721691658.08830,474765,146157.889,342284138.85296,0
1776571200000,2338.61,2344.88,2291.29,2314.27,762049.076,1776585599999,1766991488.37453,859927,342535.311,794477661.22185,0
1776585600000,2314.27,2329.99,2304.23,2327.66,393208.733,1776599999999,911144482.86637,607953,205204.388,475546134.20370,0
1776600000000,2327.66,2348.92,2313.39,2329.47,693540.149,1776614399999,1617787511.29893,995182,354139.974,826324775.89695,0
1776614400000,2329.46,2330.05,2286.30,2298.63,759169.984,1776628799999,1748593754.95969,1165156,349797.253,805781417.75468,0
1776628800000,2298.63,2299.04,2250.91,2262.20,818267.667,1776643199999,1857562911.33390,1323399,387628.766,879834221.06950,0
1776643200000,2262.21,2292.91,2258.30,2285.07,506817.313,1776657599999,1154963978.69825,737879,263942.761,601511960.44943,0
1776657600000,2285.08,2331.88,2262.06,2296.82,854790.529,1776671999999,1961573674.65609,1043947,432381.403,992549516.26048,0
1776672000000,2296.83,2319.19,2288.13,2306.94,539713.304,1776686399999,1243433843.65584,894054,272594.299,628062154.34577,0
1776686400000,2306.95,2326.00,2276.71,2312.71,1226425.637,1776700799999,2826701251.20563,1910642,599594.952,1382278490.23216,0
1776700800000,2312.72,2343.27,2296.51,2330.39,828126.892,1776715199999,1923750748.62680,1185770,425255.372,987963841.71398,0
1776715200000,2330.39,2346.84,2306.01,2312.59,489269.532,1776729599999,1137856170.91975,693823,240444.741,559259713.05982,0
1776729600000,2312.59,2325.42,2297.51,2310.14,335385.187,1776743999999,775156091.44690,576361,168842.961,390287128.02642,0
1776744000000,2310.13,2327.11,2302.90,2316.96,334405.418,1776758399999,774066532.45832,534825,176849.573,409439598.00763,0
1776758400000,2316.95,2337.99,2312.61,2318.91,553026.781,1776772799999,1285263304.04013,791047,275998.270,641553952.69540,0
1776772800000,2318.91,2326.54,2288.79,2309.31,1033318.283,1776787199999,2383473804.60538,1691064,494379.904,1140642949.66839,0
1776787200000,2309.30,2330.00,2280.82,2297.04,1096579.469,1776801599999,2528842427.82650,1670113,544545.275,1256273318.31276,0
1776801600000,2297.04,2328.69,2293.50,2326.13,566275.322,1776815999999,1310657985.73890,819617,300545.363,695839271.05622,0
1776816000000,2326.12,2379.19,2311.41,2362.69,1034946.315,1776830399999,2432344667.24466,1420260,550874.702,1294539214.21039,0
1776830400000,2362.69,2414.35,2357.26,2389.24,1212805.629,1776844799999,2900213877.41150,1386307,647309.537,1547690194.01625,0
1776844800000,2389.25,2399.84,2382.15,2397.59,349631.152,1776859199999,835480226.61344,609816,179335.589,428572576.28764,0
1776859200000,2397.59,2423.00,2388.76,2402.69,1216936.805,1776873599999,2927728729.15308,1773847,643769.336,1548908030.84495,0
1776873600000,2402.69,2412.82,2383.29,2396.75,635247.102,1776887999999,1522221064.19908,1062049,325615.589,780314182.26468,0
1776888000000,2396.76,2405.20,2372.60,2373.04,409906.665,1776902399999,979474723.13550,605451,205968.405,492206114.11124,0
1776902400000,2373.05,2381.85,2330.00,2339.62,1018821.820,1776916799999,2399171914.73747,1543458,505025.905,1189419921.77044,0
1776916800000,2339.62,2357.72,2336.00,2342.81,517607.574,1776931199999,1215014650.78608,700034,250691.004,588545694.55825,0
1776931200000,2342.81,2343.72,2303.90,2327.93,1100317.196,1776945599999,2554551888.30462,1083830,515227.210,1195991827.12806,0
1776945600000,2327.92,2343.36,2314.08,2332.17,777540.257,1776959999999,1809765028.05612,1114559,379728.643,883899463.33595,0
1776960000000,2332.17,2334.88,2283.31,2311.78,1000391.312,1776974399999,2309375479.51051,1384728,474595.270,1095653990.69006,0
1776974400000,2311.77,2337.76,2311.42,2328.94,362609.457,1776988799999,843525316.38356,478356,178437.504,415087371.00435,0
1776988800000,2328.94,2336.46,2298.54,2307.14,471533.312,1777003199999,1093551157.86263,647020,213125.384,494352596.52288,0
1777003200000,2307.15,2316.19,2298.44,2310.49,355735.640,1777017599999,821266452.41460,480823,176910.659,408447632.92370,0
1777017600000,2310.49,2331.00,2301.66,2326.70,568694.958,1777031999999,1318433304.16556,719494,313436.217,726843541.61915,0
1777032000000,2326.71,2330.36,2300.00,2322.72,873820.892,1777046399999,2024277074.65952,1140460,430688.001,998013595.88712,0
1777046400000,2322.73,2324.00,2307.27,2320.37,350485.138,1777060799999,811672872.36699,575158,177592.914,411287793.58426,0
1777060800000,2320.36,2327.11,2305.20,2313.88,283316.991,1777075199999,656381367.92307,312703,136903.993,317181589.62453,0
1777075200000,2313.87,2320.00,2310.00,2317.51,110807.341,1777089599999,256593333.74430,172585,56199.659,130146149.37975,0
1777089600000,2317.52,2318.17,2312.05,2315.14,87377.875,1777103999999,202270642.49579,128113,44252.974,102444947.18707,0
1777104000000,2315.13,2322.22,2309.51,2312.47,193718.549,1777118399999,448819567.71578,213928,93652.013,217016289.67568,0
1777118400000,2312.47,2317.94,2298.98,2306.65,236761.363,1777132799999,547126534.67533,247061,103109.773,238317076.06515,0
1777132800000,2306.64,2312.95,2298.98,2308.88,258043.942,1777147199999,595562267.78734,273211,132974.008,306945355.25467,0
1777147200000,2308.89,2319.59,2307.80,2318.21,117650.148,1777161599999,272339677.56085,168923,61348.826,142026540.86393,0
1777161600000,2318.21,2318.58,2305.07,2308.64,152533.095,1777175999999,352722361.48402,183996,64848.835,149963637.49659,0
1777176000000,2308.64,2336.63,2307.38,2330.23,427669.988,1777190399999,994769854.50219,419997,220495.406,512849087.21894,0
1777190400000,2330.23,2336.99,2328.05,2334.78,210651.123,1777204799999,491371578.36838,231781,108783.963,253772312.01463,0
1777204800000,2334.78,2351.60,2321.97,2347.00,479623.943,1777219199999,1122623262.89416,466955,255763.665,598815868.15902,0
1777219200000,2347.00,2376.51,2339.11,2366.18,526052.003,1777233599999,1240730998.80783,544496,293446.137,692268523.45380,0
1777233600000,2366.19,2379.99,2347.00,2368.32,587423.970,1777247999999,1388734636.77702,769920,300011.043,709476097.78526,0
1777248000000,2368.32,2403.99,2356.12,2393.68,702132.183,1777262399999,1675537838.48200,962335,369835.394,882802703.63616,0
1777262400000,2393.68,2394.92,2310.09,2314.50,1314286.459,1777276799999,3072468268.85443,1342466,634962.852,1483152809.34781,0
1777276800000,2314.50,2324.29,2307.42,2318.77,374880.623,1777291199999,868374111.35421,501794,187960.470,435443834.67381,0
1777291200000,2318.76,2328.72,2263.88,2273.52,1328160.918,1777305599999,3050732807.29309,1364698,607524.281,1395729469.36277,0
1777305600000,2273.52,2291.00,2268.48,2287.76,491832.142,1777319999999,1122105544.11500,619914,246020.575,561334708.77639,0
1777320000000,2287.77,2307.26,2283.05,2302.28,265145.454,1777334399999,608050025.32023,349143,140514.714,322300116.09540,0
1777334400000,2302.28,2309.73,2278.52,2289.47,381327.232,1777348799999,874792188.67916,537530,171573.280,393653617.05304,0
1777348800000,2289.47,2295.77,2266.54,2286.49,484141.213,1777363199999,1104881179.99703,552816,266144.742,607661824.77475,0
1777363200000,2286.50,2290.32,2269.30,2274.39,392456.344,1777377599999,894924511.64623,487436,171821.397,391758790.05546,0
1777377600000,2274.39,2284.97,2256.03,2278.52,786634.035,1777391999999,1786128159.31281,1142405,392736.100,891944787.42647,0
1777392000000,2278.53,2304.93,2273.00,2300.87,470176.231,1777406399999,1076411822.58097,609128,262899.717,601989422.71060,0
1777406400000,2300.86,2304.83,2282.76,2288.37,201435.887,1777420799999,461539043.48653,304305,93376.358,213940130.91631,0
1777420800000,2288.36,2315.72,2278.02,2310.55,500663.290,1777435199999,1149720574.40183,628494,271257.519,623066942.57438,0
1777435200000,2310.54,2342.15,2308.04,2322.82,860205.678,1777449599999,2001687900.47203,862580,417274.631,971082636.22150,0
1777449600000,2322.83,2346.48,2319.67,2330.57,579721.257,1777463999999,1353196115.59163,748696,299067.117,698168557.67926,0
1777464000000,2330.56,2331.00,2261.88,2271.57,1265920.426,1777478399999,2906424742.03587,1437766,606197.122,1391921257.46377,0
1777478400000,2271.57,2284.86,2218.83,2232.35,1590028.123,1777492799999,3569532985.40575,1678062,759385.119,1704940504.11871,0
1777492800000,2232.34,2263.75,2229.06,2251.52,513003.110,1777507199999,1152486815.83555,679128,245007.471,550462375.78106,0
1777507200000,2251.53,2277.92,2234.16,2251.81,631194.686,1777521599999,1424873714.82491,930092,311617.489,703476070.60458,0
1777521600000,2251.82,2261.41,2230.10,2258.99,506908.683,1777535999999,1138716936.23437,628112,260574.704,585449207.08429,0
1777536000000,2259.00,2273.00,2250.87,2257.05,455315.802,1777550399999,1029265769.99974,583220,217371.731,491462596.59070,0
1777550400000,2257.05,2274.80,2244.96,2264.61,605852.791,1777564799999,1370014861.32939,970239,292542.640,661588808.18212,0
1777564800000,2264.60,2266.09,2250.05,2260.70,254758.052,1777579199999,575355465.12712,470983,130946.934,295754209.33093,0
1777579200000,2260.71,2266.35,2250.98,2256.49,136452.164,1777593599999,308088197.20260,249425,58960.086,133134701.69111,0
1777593600000,2256.50,2294.99,2256.03,2281.60,490385.774,1777607999999,1116461051.30405,541075,263849.695,600748380.82965,0
1777608000000,2281.60,2285.86,2270.62,2278.54,314438.228,1777622399999,716681940.04914,374891,156255.833,356186068.92788,0
1777622400000,2278.55,2292.33,2275.68,2285.32,289382.275,1777636799999,660758773.29574,351987,150072.592,342685871.66083,0
1777636800000,2285.32,2324.64,2282.68,2306.86,1268967.958,1777651199999,2927893863.32104,1279119,649188.670,1497993759.47389,0
1777651200000,2306.86,2313.33,2297.04,2303.88,364717.936,1777665599999,840534724.33411,539376,196310.102,452465330.69907,0
1777665600000,2303.89,2305.10,2278.00,2294.34,390279.221,1777679999999,893885202.96150,401179,184670.739,422950358.72343,0
1777680000000,2294.34,2308.09,2291.41,2303.06,200164.250,1777694399999,460227754.69782,278689,106351.001,244559614.82720,0
1777694400000,2303.06,2305.35,2295.13,2299.77,151536.228,1777708799999,348596195.40145,199558,67456.534,155189125.98856,0
1777708800000,2299.78,2306.90,2297.51,2301.00,112545.292,1777723199999,259112733.98122,153715,55449.059,127664235.59377,0
1777723200000,2300.99,2311.09,2299.84,2307.86,154509.020,1777737599999,356338681.09816,196007,93281.125,215140386.92505,0
1777737600000,2307.86,2312.94,2302.32,2310.15,147103.281,1777751999999,339518853.87318,198021,77155.930,178106142.37147,0
1777752000000,2310.15,2342.00,2308.41,2315.90,412838.967,1777766399999,959641450.10158,433991,236146.749,549093296.90429,0
1777766400000,2315.91,2316.62,2298.02,2300.65,320422.282,1777780799999,738771876.61545,353474,153910.612,354897152.79496,0
1777780800000,2300.65,2312.98,2296.01,2308.20,189102.745,1777795199999,435725113.82103,229536,98742.379,227546614.56576,0
1777795200000,2308.20,2327.29,2306.25,2318.87,320954.533,1777809599999,743443518.93330,337253,179386.903,415595323.96306,0
1777809600000,2318.88,2333.00,2318.88,2327.23,304345.984,1777823999999,707772779.65660,381598,157429.767,366153033.99391,0
1777824000000,2327.23,2337.16,2321.24,2334.60,211465.351,1777838399999,492657784.90766,284575,103218.105,240486071.26465,0
1777838400000,2334.60,2356.75,2313.11,2321.67,737670.769,1777852799999,1723106838.76017,935051,388401.706,907697659.91366,0
1777852800000,2321.67,2391.62,2308.10,2384.08,1299542.745,1777867199999,3060486983.81342,1591638,689423.067,1624233001.26992,0
1777867200000,2384.07,2398.88,2353.00,2361.79,750948.310,1777881599999,1785227248.64553,864501,381450.660,907126284.08866,0
1777881600000,2361.79,2369.82,2313.05,2336.20,1270038.830,1777895999999,2969055307.43247,1289286,630980.036,1475189041.53213,0
1777896000000,2336.20,2382.00,2324.20,2348.62,1350428.262,1777910399999,3174564920.63280,1645022,653216.070,1535540277.71135,0
1777910400000,2348.63,2378.85,2334.99,2355.36,896650.093,1777924799999,2115716216.92048,1106881,424487.916,1002035199.26717,0
1777924800000,2355.36,2364.97,2343.61,2346.11,233126.564,1777939199999,548691892.34482,360277,123194.895,289978357.38289,0
1777939200000,2346.12,2388.42,2344.00,2380.96,471741.628,1777953599999,1117496898.78514,614575,243740.869,577528342.56071,0
1777953600000,2380.96,2389.97,2365.77,2379.17,512817.543,1777967999999,1220021986.42652,603208,244817.454,582513100.84604,0
1777968000000,2379.16,2383.57,2365.14,2378.65,391248.882,1777982399999,928730412.68061,463006,198930.840,472255115.04906,0
1777982400000,2378.65,2398.88,2366.96,2379.84,1055396.622,1777996799999,2515409405.07080,1139835,518346.863,1235757604.96260,0
1777996800000,2379.84,2381.98,2358.16,2370.58,608683.510,1778011199999,1440944616.25164,613487,301360.760,713475088.80703,0
1778011200000,2370.58,2387.88,2352.79,2359.47,644333.972,1778025599999,1527176125.95745,726083,315036.166,747003239.75888,0
1778025600000,2359.47,2379.88,2352.42,2375.32,393589.233,1778039999999,931593612.93825,586340,200935.196,475582334.51499,0
1778040000000,2375.33,2378.11,2352.50,2370.54,424278.199,1778054399999,1003440259.74234,511683,194515.540,460078323.81473,0
1778054400000,2370.54,2422.52,2368.06,2408.99,1687902.017,1778068799999,4055524496.02626,1461866,919466.864,2209023251.41994,0
1778068800000,2408.99,2412.55,2343.27,2357.72,1734972.385,1778083199999,4117931876.76990,1649443,842194.832,1999254581.28797,0
1778083200000,2357.71,2368.58,2335.17,2347.14,720642.979,1778097599999,1693701467.34799,723128,350469.900,823879397.60800,0
1778097600000,2347.15,2356.03,2337.00,2349.70,369401.279,1778111999999,867228196.47685,432464,154765.941,363423453.81415,0
1778112000000,2349.69,2351.29,2311.48,2320.86,824764.370,1778126399999,1917577949.96378,948396,369102.373,858111870.04754,0
1778126400000,2320.86,2345.83,2316.00,2343.33,525923.036,1778140799999,1226138489.72942,577242,254847.977,594234694.78132,0
1778140800000,2343.32,2345.60,2316.11,2329.02,494154.629,1778155199999,1151313794.59663,560503,241837.816,563473485.05726,0
1778155200000,2329.01,2335.88,2284.06,2293.46,1335321.343,1778169599999,3078883308.78590,1342241,616416.187,1421703546.27839,0
1778169600000,2293.47,2303.20,2278.00,2294.93,645796.865,1778183999999,1480185711.71886,954456,317407.535,727601058.35070,0
1778184000000,2294.94,2301.55,2278.74,2289.91,506721.739,1778198399999,1159135916.91443,560365,231281.194,529105667.47578,0
1778198400000,2289.92,2293.28,2263.43,2277.71,556627.324,1778212799999,1267276911.58387,674801,254168.878,578856871.31395,0
1778212800000,2277.71,2283.60,2266.00,2279.88,365527.257,1778227199999,831599823.67340,457277,192342.283,437639521.37103,0
1778227200000,2279.88,2297.14,2278.45,2293.85,484466.705,1778241599999,1107764791.97448,482148,244671.976,559453529.23378,0
1778241600000,2293.85,2301.85,2268.32,2292.39,799694.740,1778255999999,1825533878.95767,1081845,400542.274,914460327.38689,0
1778256000000,2292.40,2320.66,2285.17,2315.20,772509.813,1778270399999,1782031350.72295,883039,389670.949,898980294.04019,0
1778270400000,2315.21,2318.30,2302.30,2306.17,282845.168,1778284799999,653340921.10617,331849,136290.902,314873225.93232,0
1778284800000,2306.17,2319.72,2303.38,2314.24,238952.737,1778299199999,552769793.71281,291864,131010.157,303079430.29755,0
1778299200000,2314.24,2324.51,2309.90,2313.51,263272.771,1778313599999,609589102.50202,301204,128477.458,297496067.74744,0
1778313600000,2313.50,2319.38,2309.14,2313.68,181003.580,1778327999999,418856001.48082,197079,93539.926,216459524.29307,0
1778328000000,2313.69,2317.50,2296.66,2316.52,444822.396,1778342399999,1026894459.51095,366472,203944.824,470956716.66369,0
1778342400000,2316.52,2337.79,2314.06,2331.13,638420.014,1778356799999,1484754823.46185,607981,336377.809,782557751.90250,0
1778356800000,2331.14,2332.61,2323.47,2325.22,124697.909,1778371199999,290333127.13442,198662,59420.278,138354851.38596,0
1778371200000,2325.23,2333.95,2317.02,2326.79,199906.767,1778385599999,464670529.98841,288102,104956.059,244000685.84689,0
1778385600000,2326.79,2331.12,2325.10,2326.31,107639.145,1778399999999,250548681.55219,187368,54925.210,127851152.74612,0
1778400000000,2326.30,2333.10,2317.68,2321.50,209761.875,1778414399999,487652033.81868,247255,97003.117,225570454.55605,0
1778414400000,2321.51,2352.00,2319.70,2346.78,458231.658,1778428799999,1070042075.38647,478368,262174.131,612297003.84140,0
1778428800000,2346.79,2367.66,2338.90,2364.58,884544.399,1778443199999,2082555341.72232,780572,490915.701,1155563825.19742,0
1778443200000,2364.59,2381.88,2310.01,2370.21,1487272.659,1778457599999,3493296260.83412,1563692,730116.119,1714601345.56212,0
1778457600000,2370.21,2373.91,2318.39,2329.23,927376.309,1778471999999,2175240839.17867,1128379,406366.660,952831211.35934,0
1778472000000,2329.24,2343.00,2325.34,2329.53,310764.875,1778486399999,724951827.32238,386028,164079.510,382818407.07403,0
1778486400000,2329.53,2339.00,2325.47,2334.72,229834.017,1778500799999,536068770.32383,344269,114127.971,266207960.02662,0
1778500800000,2334.72,2338.29,2302.51,2332.39,906098.693,1778515199999,2102841382.98585,1056663,440040.029,1021297200.81828,0
1778515200000,2332.40,2343.31,2322.33,2339.38,518572.117,1778529599999,1211016245.25099,662464,256731.071,599596264.64547,0
1778529600000,2339.39,2344.88,2333.86,2338.61,193767.714,1778543999999,453230189.03017,306783,98212.950,229733545.02478,0
1778544000000,2338.62,2339.80,2292.94,2308.26,618172.963,1778558399999,1430124633.50005,713050,272671.515,630973760.26001,0
1778558400000,2308.26,2313.48,2290.00,2294.01,404090.361,1778572799999,930584733.87883,452558,188868.031,434993226.71177,0
1778572800000,2294.01,2295.50,2276.31,2285.91,652584.939,1778587199999,1492022354.74672,685791,306739.707,701363940.76443,0
1778587200000,2285.91,2294.09,2255.22,2260.90,1020856.572,1778601599999,2320946025.27610,1273806,481540.002,1094963241.12352,0
1778601600000,2260.91,2286.64,2255.15,2284.11,497468.775,1778615999999,1130280819.40710,651564,256267.516,582149080.97516,0
1778616000000,2284.12,2291.16,2272.59,2273.62,227670.126,1778630399999,519539672.25182,316879,96905.282,221165020.31879,0
1778630400000,2273.61,2302.80,2271.60,2300.48,407598.495,1778644799999,933443977.47230,555084,205634.389,470968212.89182,0
1778644800000,2300.47,2308.76,2294.34,2300.12,293863.225,1778659199999,676216370.80052,341846,140117.877,322477917.08811,0
1778659200000,2300.12,2322.68,2298.00,2300.74,610279.701,1778673599999,1410462394.72526,604705,288222.272,666174339.04302,0
1778673600000,2300.74,2306.91,2233.00,2235.38,1605463.931,1778687999999,3639385558.98011,1586890,718046.950,1628338535.97807,0
1778688000000,2235.39,2267.98,2233.86,2255.60,529023.906,1778702399999,1191132433.59354,620594,261656.097,589135319.35356,0
1778702400000,2255.61,2263.50,2249.63,2257.54,182508.437,1778716799999,411873732.75270,290811,86791.473,195873652.01263,0
1778716800000,2257.53,2268.75,2237.05,2241.03,465641.568,1778731199999,1049202641.99247,622873,216254.293,487234978.85411,0
1778731200000,2241.03,2274.52,2238.17,2264.23,494728.776,1778745599999,1120066017.75680,549935,253915.123,574679710.27405,0
1778745600000,2264.23,2269.99,2251.25,2252.81,405222.223,1778759999999,915693324.03829,480144,195982.358,442822794.02887,0
1778760000000,2252.80,2298.95,2245.01,2297.36,1273280.375,1778774399999,2892478551.08006,1299719,647818.504,1472019573.17892,0
1778774400000,2297.37,2318.60,2292.52,2297.42,1173125.010,1778788799999,2704911934.24056,1187572,585490.461,1349962401.22099,0
1778788800000,2297.43,2300.59,2278.87,2282.06,370485.318,1778803199999,848751243.16560,425493,186945.231,428337126.85500,0
1778803200000,2282.06,2299.36,2259.56,2272.36,696786.064,1778817599999,1586491547.35771,825006,349145.679,794951222.27922,0
1778817600000,2272.36,2273.70,2236.25,2263.90,837879.971,1778831999999,1888468929.41305,779820,401509.323,904805347.20135,0
1778832000000,2263.90,2264.21,2248.42,2256.32,364971.911,1778846399999,823444107.39700,519527,176306.913,397769690.50970,0
1778846400000,2256.33,2259.67,2203.55,2221.91,1526549.037,1778860799999,3395389741.34186,1574509,724818.846,1612042495.80720,0
1778860800000,2221.92,2232.00,2217.55,2222.31,388408.625,1778875199999,864344364.01427,588331,194922.464,433792494.17332,0
1778875200000,2222.30,2225.31,2213.09,2223.66,208069.396,1778889599999,461975546.21959,298577,99390.538,220701221.50781,0
1778889600000,2223.65,2230.79,2222.37,2226.63,181655.026,1778903999999,404606789.24697,251567,94354.630,210172963.90536,0
1778904000000,2226.63,2227.90,2180.12,2193.52,782465.233,1778918399999,1722130659.77396,761442,344419.106,758042997.98180,0
1778918400000,2193.51,2196.06,2160.50,2175.33,804602.273,1778932799999,1749879250.36906,842120,374627.333,814796268.22501,0
1778932800000,2175.33,2187.42,2171.11,2178.95,317890.888,1778947199999,692184900.35322,411495,170169.949,370571562.10079,0
1778947200000,2178.94,2184.33,2169.00,2178.71,210048.535,1778961599999,457293446.64520,266664,105979.556,230758465.93660,0
1778961600000,2178.72,2182.77,2178.16,2179.66,86573.192,1778975999999,188784745.32487,145765,43248.851,94309060.84292,0
1778976000000,2179.67,2184.79,2166.66,2180.57,324900.461,1778990399999,706852967.12202,415611,162237.394,352989348.01744,0
1778990400000,2180.57,2194.90,2180.00,2185.19,281299.821,1779004799999,614999357.31936,306712,145796.497,318782827.82246,0
1779004800000,2185.18,2197.63,2181.84,2191.13,251454.386,1779019199999,550901962.68436,302513,136800.738,299732730.40658,0
1779019200000,2191.13,2197.41,2176.09,2185.49,300790.868,1779033599999,657971001.32058,386665,139839.360,305956613.90294,0
1779033600000,2185.50,2192.87,2175.04,2191.40,210743.224,1779047999999,460168122.57871,316896,105022.205,229351233.12526,0
1779048000000,2191.40,2194.00,2085.00,2129.88,1115683.509,1779062399999,2387754670.26557,1086558,489883.057,1049073675.73721,0
1779062400000,2129.88,2131.00,2102.93,2117.63,852894.698,1779076799999,1804146219.45859,1148624,404512.918,855731830.65066,0
1779076800000,2117.62,2124.80,2108.33,2119.46,397526.207,1779091199999,841659144.38125,535030,198855.115,421032178.04277,0
1779091200000,2119.46,2139.18,2109.40,2132.98,452875.097,1779105599999,961434661.55219,506050,244861.291,519788835.63467,0
1779105600000,2132.98,2156.52,2092.60,2106.66,1572127.566,1779119999999,3337653372.14301,1848040,779043.972,1654265598.07861,0
1779120000000,2106.66,2127.96,2074.26,2124.48,1229025.898,1779134399999,2581078873.40469,1374313,608196.612,1277525927.36429,0
1779134400000,2124.50,2141.97,2113.52,2128.99,600228.416,1779148799999,1278779451.39663,588745,293619.313,625433374.92205,0
1779148800000,2128.99,2146.99,2118.40,2130.46,493518.631,1779163199999,1051158495.28828,679831,254896.111,543013636.15931,0
1779163200000,2130.46,2144.22,2122.27,2139.98,356924.056,1779177599999,761597471.30900,477383,190237.463,406020614.26653,0
1779177600000,2139.98,2140.45,2105.73,2109.74,697336.513,1779191999999,1477608486.18599,682772,329561.967,698364555.06933,0
1779192000000,2109.73,2126.95,2093.16,2109.37,1032994.079,1779206399999,2179667091.41769,1162913,484330.390,1022201921.16795,0
1779206400000,2109.38,2124.50,2106.27,2112.27,411171.511,1779220799999,869988994.34521,531939,216928.361,459059652.99002,0
1779220800000,2112.26,2119.79,2101.21,2111.00,209026.372,1779235199999,441231939.67166,298920,101152.038,213553252.42945,0
1779235200000,2110.99,2118.50,2101.79,2110.62,329419.479,1779249599999,694827016.69752,573995,173701.639,366379106.18555,0
1779249600000,2110.63,2135.54,2106.01,2128.79,463965.486,1779263999999,986173701.54280,500752,247967.676,527087407.58276,0
1779264000000,2128.80,2138.00,2123.18,2127.38,347277.302,1779278399999,740030074.23838,380637,185541.352,395429740.11691,0
1779278400000,2127.38,2148.60,2112.50,2135.70,986301.764,1779292799999,2101345139.14289,1082094,506384.444,1078987647.55175,0
1779292800000,2135.70,2147.92,2122.87,2138.17,464540.060,1779307199999,992143144.90733,612291,233789.555,499353231.15269,0
1779307200000,2138.16,2139.87,2117.41,2128.60,230755.580,1779321599999,491059578.47376,354460,115977.409,246821732.29388,0
1779321600000,2128.59,2157.00,2127.67,2144.77,459932.427,1779335999999,985775142.21135,540907,242795.129,520441936.86128,0
1779336000000,2144.77,2147.80,2123.33,2134.07,377690.113,1779350399999,806035084.11547,409736,174511.337,372421375.47456,0
1779350400000,2134.06,2147.51,2108.29,2114.08,703303.830,1779364799999,1494105832.28112,658281,335700.462,713393675.59062,0
1779364800000,2114.08,2137.44,2103.51,2131.38,803060.863,1779379199999,1702534752.89334,946233,410902.858,871201571.19119,0
1779379200000,2131.38,2152.78,2120.03,2142.09,847974.042,1779393599999,1812553639.87874,920465,421993.994,902153415.06777,0
1779393600000,2142.09,2142.56,2125.90,2132.78,158133.255,1779407999999,337630669.13497,254262,75053.855,160254209.44856,0
1779408000000,2132.78,2140.75,2124.05,2136.87,236466.648,1779422399999,504364171.42634,360496,117868.168,251396095.09815,0
1779422400000,2136.87,2140.45,2121.00,2127.49,302302.791,1779436799999,643695827.71066,341677,139959.756,298045262.13091,0
1779436800000,2127.48,2132.67,2117.76,2129.65,297144.277,1779451199999,631005018.57024,368326,147959.473,314249836.48782,0
1779451200000,2129.64,2137.33,2111.00,2118.50,649427.513,1779465599999,1379134050.93797,749760,312080.775,662831618.64947,0
1779465600000,2118.51,2129.39,2056.39,2064.60,1339102.907,1779479999999,2798192561.08434,1186851,633984.953,1324424397.45595,0
1779480000000,2064.60,2078.81,2056.05,2064.98,529654.385,1779494399999,1096662950.15565,622485,251590.093,521013446.07600,0
1779494400000,2064.99,2071.10,2051.49,2069.87,358954.820,1779508799999,741135056.85633,494705,180080.547,371912149.74684,0
1779508800000,2069.88,2070.24,2007.00,2027.47,958646.327,1779523199999,1952198975.88172,750002,418498.004,852133254.81968,0
1779523200000,2027.48,2035.00,2020.17,2030.46,510904.686,1779537599999,1036076103.48174,491049,270104.518,547808145.21532,0
1779537600000,2030.46,2067.84,2026.10,2059.43,860282.581,1779551999999,1763189354.42785,714983,447024.335,915869275.11024,0
1779552000000,2059.43,2083.00,2056.40,2076.51,554209.821,1779566399999,1147392943.43658,558339,295339.253,611681865.72102,0
1779566400000,2076.50,2149.86,2073.52,2116.82,1527163.882,1779580799999,3234207405.00865,1520579,770910.364,1631481852.65840,0
1779580800000,2116.82,2126.73,2112.00,2118.09,285398.364,1779595199999,604921144.20611,371410,138786.995,294225961.01082,0
1779595200000,2118.09,2129.55,2112.80,2120.25,213984.770,1779609599999,453830653.11034,291017,112034.165,237644660.44616,0
1779609600000,2120.25,2131.10,2118.03,2125.07,268185.890,1779623999999,569206720.79641,315037,136274.863,289286335.65374,0
1779624000000,2125.08,2125.50,2075.60,2095.10,849498.670,1779638399999,1784082717.50457,765534,380170.845,798404402.95838,0
1779638400000,2095.11,2108.59,2094.11,2099.87,278112.843,1779652799999,584342428.17908,341136,154485.458,324614623.04055,0
1779652800000,2099.87,2107.49,2061.26,2098.99,701462.023,1779667199999,1463231088.97008,824092,348187.064,726444945.94456,0
1779667200000,2098.99,2112.67,2090.84,2094.55,349899.065,1779681599999,735397225.29466,520751,176554.343,371186955.49266,0
1779681600000,2094.56,2117.60,2090.96,2115.38,478985.166,1779695999999,1008973730.60743,482357,250419.768,527550818.85967,0
1779696000000,2115.38,2123.72,2110.85,2113.89,305726.357,1779710399999,647096233.68198,345285,150135.386,317816347.23403,0
1779710400000,2113.88,2137.99,2111.04,2126.00,455842.058,1779724799999,968072552.20479,492656,240735.579,511400001.29303,0
1779724800000,2126.01,2141.60,2115.42,2120.41,366991.182,1779739199999,781516790.00583,406930,178527.189,380345882.06025,0
1779739200000,2120.41,2122.45,2101.09,2111.64,372754.566,1779753599999,786417041.91357,417910,169750.005,358138190.45230,0
1779753600000,2111.64,2112.95,2083.39,2092.48,572221.542,1779767999999,1197827754.37730,666247,294998.000,617483388.66750,0
1779768000000,2092.49,2103.90,2087.80,2094.40,387092.274,1779782399999,811320127.09082,371704,191445.182,401258138.49860,0
1779782400000,2094.40,2136.84,2092.94,2120.00,751574.117,1779796799999,1593200343.16237,726720,401634.504,851320051.46240,0
1779796800000,2119.99,2139.66,2076.46,2086.14,1521307.273,1779811199999,3210219327.19237,1461634,718746.657,1516780277.51116,0
1779811200000,2086.14,2089.00,2053.00,2073.65,1043494.109,1779825599999,2161867737.27172,1038764,545140.303,1129615793.79039,0
1779825600000,2073.65,2077.90,2064.59,2072.99,200762.851,1779839999999,416093337.79708,323116,97037.855,201130834.57928,0
1779840000000,2073.00,2083.54,2067.48,2068.80,292958.367,1779854399999,607777255.34231,418380,151481.555,314266308.74852,0
1779854400000,2068.79,2083.34,2055.00,2082.66,361346.207,1779868799999,748354118.68659,456674,180173.102,373301871.56546,0
1779868800000,2082.67,2096.13,2077.10,2079.58,455392.449,1779883199999,949425419.43466,483329,223949.117,466971863.02639,0
1779883200000,2079.57,2096.61,2051.00,2070.86,1213836.418,1779897599999,2510903496.78225,1310570,584995.192,1210327548.40592,0
1779897600000,2070.86,2073.79,2041.64,2056.84,648390.745,1779911999999,1332839819.58290,749410,296894.603,610324801.96074,0
1779912000000,2056.85,2065.99,2013.98,2023.70,949391.153,1779926399999,1927568501.84064,1112149,411454.058,835414890.82514,0
1779926400000,2023.70,2028.47,1970.00,1980.66,1359729.619,1779940799999,2715284950.76415,1330178,616800.919,1231813431.25932,0
1779940800000,1980.65,1995.59,1965.48,1994.24,910777.604,1779955199999,1803031249.17070,936146,455751.831,902391616.34635,0
1779955200000,1994.24,1997.95,1983.60,1988.73,395881.131,1779969599999,787816167.75852,482758,186889.035,371953360.01149,0
1779969600000,1988.73,2002.21,1966.15,1989.69,1213758.262,1779983999999,2410496451.03774,1457296,605901.595,1203601375.11148,0
1779984000000,1989.70,2029.50,1984.11,2013.86,836197.755,1779998399999,1683314078.00440,955529,434185.282,873881994.82243,0
1779998400000,2013.87,2023.50,2004.43,2008.92,349333.934,1780012799999,703171338.86902,425978,181169.278,364733464.88035,0
1780012800000,2008.92,2016.29,1995.74,2002.06,339446.257,1780027199999,681050293.76283,467965,169046.753,339212454.98412,0
1780027200000,2002.05,2020.76,1997.53,2006.54,434951.451,1780041599999,874117000.44656,430147,217652.724,437445856.76883,0
1780041600000,2006.53,2015.40,2001.29,2006.62,292981.988,1780055999999,588751467.98102,345614,140318.077,281996583.55861,0
1780056000000,2006.63,2046.00,1975.37,2030.83,1961224.345,1780070399999,3943280681.62874,1783012,1004212.537,2019763172.20156,0
1780070400000,2030.83,2043.69,2003.00,2016.03,1001569.029,1780084799999,2029460577.88423,1078409,483549.324,980002889.77827,0
1780084800000,2016.02,2023.31,2005.79,2013.35,374781.033,1780099199999,754625189.46311,400955,187168.271,376844306.72520,0
1780099200000,2013.36,2022.69,2009.47,2015.90,222071.338,1780113599999,447915011.53908,289112,111415.624,224730067.06849,0
1780113600000,2015.90,2023.30,2000.83,2015.33,373719.317,1780127999999,751814092.36398,373278,199459.437,401414247.70473,0
1780128000000,2015.33,2021.88,2012.88,2016.54,155372.290,1780142399999,313397412.14811,172546,85128.719,171739779.35011,0
1780142400000,2016.54,2031.51,2016.16,2025.95,315115.123,1780156799999,637847966.60798,327628,171484.169,347147767.26174,0
1780156800000,2025.95,2029.72,2018.13,2027.96,193804.707,1780171199999,392492232.99611,240458,92337.296,187023839.91881,0
1780171200000,2027.97,2030.79,2019.24,2021.58,152270.122,1780185599999,308324484.11577,190811,72597.731,147012073.23178,0
1780185600000,2021.59,2037.55,2019.85,2032.66,304812.482,1780199999999,618941867.90605,335300,164535.770,334124827.90718,0
1780200000000,2032.66,2034.20,2021.53,2023.14,139993.825,1780214399999,283896294.32914,199547,64752.062,131318874.45141,0
1780214400000,2023.14,2028.40,2014.40,2022.23,281936.284,1780228799999,569838303.52385,289790,126581.559,255906096.08802,0
1780228800000,2022.22,2025.70,2004.53,2009.51,538545.481,1780243199999,1083268243.25724,483681,259081.042,521181053.16835,0
1780243200000,2009.50,2011.50,1992.84,1998.76,474597.795,1780257599999,949817858.39150,426915,215757.288,431899478.80708,0
1780257600000,1998.76,2022.27,1998.76,2006.31,377701.778,1780271999999,758685457.05972,493022,206896.586,415615839.79027,0
1780272000000,2006.30,2020.90,1990.09,2008.48,601089.919,1780286399999,1207074779.06324,819427,298287.514,599005963.36607,0
1780286400000,2008.47,2011.38,1970.30,1975.46,754573.698,1780300799999,1500490114.07770,821189,341328.441,678772346.44487,0
1780300800000,1975.45,1989.46,1971.10,1980.73,504319.616,1780315199999,999370674.30364,617775,243198.504,482003863.29704,0
1780315200000,1980.73,1993.59,1954.42,1967.60,1633818.204,1780329599999,3222570823.26240,1729742,758564.487,1496636726.14841,0
1780329600000,1967.61,2008.25,1957.47,2003.92,875431.092,1780343999999,1737965164.48765,942726,453763.629,900677593.27874,0
1780344000000,2003.92,2009.42,1983.51,2006.00,567127.063,1780358399999,1133966192.07934,662299,279289.799,558485265.68008,0
1780358400000,2006.01,2006.44,1961.31,2003.32,863973.806,1780372799999,1717138229.60863,1040373,423123.775,841055242.80259,0
1780372800000,2003.32,2005.92,1972.60,1980.90,727299.639,1780387199999,1445820330.19239,891804,367408.167,730417730.74588,0
1780387200000,1980.89,1988.80,1965.52,1977.52,564295.854,1780401599999,1115341389.76101,828438,284620.345,562723958.94261,0
1780401600000,1977.53,1982.07,1888.00,1914.11,2607625.852,1780415999999,5045534133.06776,2668301,1217554.032,2355788074.43116,0
1780416000000,1914.11,1944.65,1879.24,1911.40,1424413.797,1780430399999,2728258459.14966,1690140,702638.925,1346435905.36085,0
1780430400000,1911.40,1918.00,1837.01,1858.96,1805277.552,1780444799999,3391241416.59770,2329570,820161.155,1540900390.02007,0
1780444800000,1858.96,1873.72,1816.00,1827.22,1227604.766,1780459199999,2269493438.92067,1590427,568303.946,1051260763.25371,0
1780459200000,1827.22,1883.64,1826.85,1877.56,1327176.572,1780473599999,2473511118.93927,1410221,692494.671,1290400190.74763,0
1780473600000,1877.55,1892.39,1869.21,1877.60,742168.925,1780487999999,1395136611.95028,862570,351901.686,661643333.42056,0
1780488000000,1877.61,1879.62,1835.17,1835.99,1079725.324,1780502399999,2007263140.73690,1594931,513767.995,955609867.04752,0
1780502400000,1835.99,1843.26,1794.20,1802.41,1548961.021,1780516799999,2821570378.27924,1762498,733405.883,1336214960.74497,0
1780516800000,1802.42,1851.58,1767.71,1812.46,1678408.375,1780531199999,3042200811.21844,2274074,845416.421,1533380247.38740,0
1780531200000,1812.45,1819.90,1712.52,1808.50,2690276.653,1780545599999,4774997754.14511,3569383,1265474.729,2247210598.40259,0
1780545600000,1808.50,1817.30,1772.29,1776.45,1085594.733,1780559999999,1945486014.62032,1592429,519445.979,930999100.43812,0
1780560000000,1776.45,1782.63,1728.88,1750.67,1679186.257,1780574399999,2942862647.52357,2254639,819425.798,1436595452.57097,0
1780574400000,1750.67,1793.66,1743.27,1775.90,1525964.135,1780588799999,2706609706.17641,2474730,816781.848,1448831452.16666,0
1780588800000,1775.90,1787.38,1752.66,1776.24,804400.903,1780603199999,1424307308.21961,1427024,412251.607,730243417.98999,0
1780603200000,1776.23,1782.29,1751.60,1769.86,618444.692,1780617599999,1092094737.35779,1315007,313538.566,553697864.38947,0
1780617600000,1769.85,1774.34,1721.26,1729.05,1080779.261,1780631999999,1884296278.01283,1842285,500087.158,872031218.24052,0
1780632000000,1729.05,1747.00,1622.31,1678.28,3696578.478,1780646399999,6208647363.35877,4228308,1740087.652,2923405735.90017,0
1780646400000,1678.29,1689.23,1658.35,1662.39,1086223.698,1780660799999,1818087169.90534,1826493,550622.283,921786531.86023,0
1780660800000,1662.39,1677.00,1571.21,1582.20,3475712.224,1780675199999,5622841146.27300,4535262,1713554.132,2772463661.79023,0
1780675200000,1582.20,1612.14,1538.13,1573.01,3343633.700,1780689599999,5264391188.22297,4470171,1683669.123,2651947377.24693,0
1780689600000,1573.03,1618.85,1556.11,1582.35,1635911.230,1780703999999,2604037515.54752,2561607,846341.158,1347423423.58889,0
1780704000000,1582.35,1600.56,1554.00,1562.32,817567.620,1780718399999,1291106107.03664,1552675,394162.740,622401668.96779,0
1780718400000,1562.33,1581.43,1503.60,1574.54,2388062.384,1780732799999,3694089795.20278,3382254,1232287.432,1906223642.24382,0
1780732800000,1574.54,1592.80,1533.33,1557.73,1355883.014,1780747199999,2117859875.16565,1943315,633265.746,989627913.60401,0
1780747200000,1557.74,1574.99,1542.72,1559.71,937758.917,1780761599999,1462892339.69106,1557864,462952.578,722314761.17854,0
1780761600000,1559.71,1565.80,1545.79,1553.71,627281.274,1780775999999,976687352.95295,1037978,321932.074,501299566.67174,0
1780776000000,1553.71,1569.00,1550.07,1568.60,412489.588,1780790399999,643064726.02804,696697,212910.354,331959956.53184,0
1780790400000,1568.60,1599.99,1563.00,1593.97,886784.068,1780804799999,1405230342.92911,1277641,504272.059,798989660.75311,0
1780804800000,1593.98,1622.95,1583.69,1614.19,1112565.112,1780819199999,1788022637.98043,1231272,612799.054,984950819.24417,0
1780819200000,1614.20,1648.00,1607.41,1629.39,1076654.434,1780833599999,1755243794.47775,1378740,553118.722,901844208.89633,0
1780833600000,1629.39,1639.59,1605.46,1629.20,1039558.720,1780847999999,1684657054.17756,1651629,517069.798,838113983.14725,0
1780848000000,1629.19,1636.99,1601.99,1611.91,656454.294,1780862399999,1063220836.17428,1169259,313192.145,507316248.35151,0
1780862400000,1611.90,1721.57,1608.09,1689.66,1413190.804,1780876799999,2360254838.73010,2154503,756906.457,1263594526.67080,0
1780876800000,1689.66,1710.97,1670.14,1678.93,954212.233,1780891199999,1610638127.79741,1815884,469241.703,792226575.34524,0
1780891200000,1678.93,1680.31,1643.65,1672.70,984145.590,1780905599999,1634908029.73249,1543029,475620.800,790208847.35957,0
1780905600000,1672.71,1696.22,1656.07,1682.93,940444.060,1780919999999,1574290349.60773,1356001,476295.399,797615900.34639,0
1780920000000,1682.93,1705.77,1664.92,1690.62,1288363.447,1780934399999,2172792436.85791,2164373,657272.600,1108741355.17718,0
1780934400000,1690.62,1702.99,1674.01,1683.75,726683.278,1780948799999,1225644477.61835,1235535,357349.566,602824490.65795,0
1780948800000,1683.75,1714.22,1678.01,1689.21,847226.591,1780963199999,1439231456.02555,1177796,413523.526,702396471.78970,0
1780963200000,1689.20,1695.77,1653.09,1668.61,1018656.788,1780977599999,1700701151.05952,1557260,490039.515,818132659.95323,0
1780977600000,1668.61,1696.00,1663.39,1679.19,766783.986,1780991999999,1290833793.36987,1080825,395525.363,665779069.00471,0
1780992000000,1679.19,1679.88,1663.75,1670.74,540627.766,1781006399999,903679222.32204,836409,268119.160,448250988.94741,0
1781006400000,1670.73,1684.09,1632.84,1635.42,1624864.053,1781020799999,2685796865.72342,2364248,791208.272,1308506829.82174,0
1781020800000,1635.42,1657.76,1613.10,1656.56,1356989.394,1781035199999,2218753097.40059,1955038,662496.621,1083779961.37377,0
1781035200000,1656.56,1662.98,1628.90,1638.64,513326.636,1781049599999,845344805.66131,754718,235225.519,387488614.63463,0
1781049600000,1638.64,1646.27,1620.63,1629.88,565567.199,1781063999999,924065875.03716,1236941,281651.555,460251217.58523,0
1781064000000,1629.87,1642.99,1615.34,1639.32,539454.290,1781078399999,879115906.24312,847179,275003.275,448312674.61722,0
1781078400000,1639.32,1640.08,1605.00,1619.18,924875.848,1781092799999,1498792285.94306,1315792,442191.677,716678443.20137,0
1781092800000,1619.17,1667.31,1615.01,1657.09,1867810.436,1781107199999,3072346652.72977,2399893,973383.008,1601372606.75490,0
1781107200000,1657.10,1658.12,1621.17,1629.22,917393.808,1781121599999,1500157384.36929,1532740,450339.116,736540487.11558,0
1781121600000,1629.22,1635.45,1602.05,1620.72,758910.696,1781135999999,1227114678.40477,1135150,363281.341,587492737.25317,0
1781136000000,1620.72,1662.07,1620.72,1653.19,752850.650,1781150399999,1235122830.75294,1016540,417618.116,685437809.65573,0
1781150400000,1653.20,1662.72,1645.36,1653.67,631760.442,1781164799999,1045038993.24772,707292,319455.818,528530017.95215,0
1781164800000,1653.67,1673.59,1653.34,1665.76,620186.030,1781179199999,1030368016.90272,627518,317374.370,527388895.11472,0
1781179200000,1665.77,1665.94,1635.20,1644.64,1177384.484,1781193599999,1941040533.46839,1652743,565016.633,931649812.87213,0
1781193600000,1644.64,1693.38,1631.32,1680.29,1544908.222,1781207999999,2581485429.59347,2026571,817311.694,1365945883.74197,0
1781208000000,1680.29,1682.79,1666.00,1672.57,432586.592,1781222399999,724562355.29895,614315,206370.713,345705312.26909,0
1781222400000,1672.57,1678.16,1658.88,1672.39,367964.893,1781236799999,614483325.22961,634363,187328.869,312913278.76702,0
1781236800000,1672.40,1681.84,1651.17,1661.21,582326.988,1781251199999,969024766.03686,729438,299654.418,498842327.43766,0
1781251200000,1661.23,1684.99,1661.21,1672.85,606695.522,1781265599999,1016339607.54539,739038,299684.740,502030085.39402,0
1781265600000,1672.86,1690.51,1652.50,1658.98,1393061.481,1781279999999,2329334709.87293,1758430,691511.446,1156642000.14917,0
1781280000000,1658.98,1677.50,1656.26,1665.08,568850.482,1781294399999,948645093.53022,935844,275451.412,459356388.71152,0
1781294400000,1665.08,1667.32,1657.80,1665.48,169262.316,1781308799999,281548245.93995,317352,87421.985,145441701.35498,0
1781308800000,1665.49,1675.98,1662.62,1664.40,252179.165,1781323199999,420796633.64469,334415,129543.521,216198358.09922,0
1781323200000,1664.39,1677.29,1661.20,1675.51,274055.153,1781337599999,457532707.35082,297042,142862.722,238477610.32101,0
1781337600000,1675.51,1679.33,1671.99,1677.53,268460.497,1781351999999,449708357.01872,300914,136664.950,228945443.81279,0
1781352000000,1677.54,1685.98,1675.66,1681.44,365630.095,1781366399999,614226466.36780,425794,200819.614,337394728.98839,0
1781366400000,1681.44,1681.94,1670.50,1677.51,396386.249,1781380799999,664129050.47087,428619,203875.799,341596263.22434,0
1781380800000,1677.50,1698.10,1674.00,1680.41,292083.121,1781395199999,491992299.35344,377890,159687.101,269041111.99996,0
1781395200000,1680.42,1689.90,1678.00,1680.98,187196.303,1781409599999,315030572.58917,284478,91272.403,153614948.06120,0
1781409600000,1680.99,1682.01,1672.67,1674.92,253242.511,1781423999999,424575550.53730,281417,121017.357,202910355.12023,0
1781424000000,1674.92,1678.40,1667.57,1672.74,269304.648,1781438399999,450726251.18685,285591,122312.941,204756248.12416,0
1781438400000,1672.74,1673.88,1653.36,1662.04,547298.789,1781452799999,910020089.47408,572440,253004.624,420739491.24497,0
1781452800000,1662.05,1667.95,1658.08,1664.64,267219.055,1781467199999,444416736.42188,342035,137319.627,228401013.98819,0
1781467200000,1664.64,1732.00,1661.63,1724.74,1361207.554,1781481599999,2324563573.24835,1600447,730381.922,1246484387.91454,0
1781481600000,1724.74,1731.76,1708.45,1720.12,586498.573,1781495999999,1008687790.59064,811458,288799.717,496763196.86606,0
1781496000000,1720.11,1723.09,1715.04,1715.58,378580.333,1781510399999,650600856.19849,417952,189400.109,325496378.71621,0
1781510400000,1715.57,1770.00,1711.27,1763.78,1382405.732,1781524799999,2406820293.22332,1082402,803535.734,1399671072.85964,0
1781524800000,1763.78,1848.78,1759.35,1844.55,2405632.674,1781539199999,4348571924.76931,2351724,1237329.319,2236819403.84414,0
1781539200000,1844.55,1846.89,1810.50,1820.94,978469.572,1781553599999,1791502410.83860,1237586,465429.742,852373822.56580,0
1781553600000,1820.94,1825.87,1781.87,1795.16,672107.891,1781567999999,1209633105.40096,951903,333231.606,599733704.36123,0
1781568000000,1795.15,1801.86,1763.87,1778.22,788240.086,1781582399999,1404018327.86208,955955,380588.035,678045128.40190,0
1781582400000,1778.21,1782.37,1757.36,1773.23,721950.366,1781596799999,1275741899.15960,775266,372508.379,658370253.08352,0
1781596800000,1773.23,1807.32,1772.20,1798.73,856037.659,1781611199999,1534029487.60405,1006046,454154.088,813799800.39574,0
1781611200000,1798.73,1839.54,1762.17,1781.41,2001854.876,1781625599999,3598335129.32436,2361282,957996.859,1722579417.91990,0
1781625600000,1781.41,1807.71,1771.79,1794.63,715523.522,1781639999999,1281356516.09465,1038636,377482.414,675989908.88293,0
1781640000000,1794.63,1799.82,1788.30,1792.32,262176.286,1781654399999,470274686.01526,456024,123675.471,221854026.74918,0
1781654400000,1792.33,1809.67,1778.48,1792.83,518349.695,1781668799999,929466064.58765,797249,250963.265,450257283.63746,0
1781668800000,1792.83,1801.41,1777.52,1784.40,414221.003,1781683199999,741165548.67334,596581,197787.291,354019546.38273,0
1781683200000,1784.39,1785.68,1758.00,1763.22,805289.976,1781697599999,1424115470.56909,1031939,397787.048,703479677.19803,0
1781697600000,1763.22,1776.50,1740.36,1772.54,1308593.185,1781711999999,2299532607.25497,1710020,662862.611,1165437155.74989,0
1781712000000,1772.54,1795.58,1728.24,1734.02,2006657.263,1781726399999,3537278299.77097,2608992,962393.796,1697479140.74221,0
1781726400000,1734.02,1751.14,1724.22,1749.56,536233.890,1781740799999,933062738.54278,813261,289940.651,504600588.63422,0
1781740800000,1749.57,1762.34,1740.22,1743.27,446789.898,1781755199999,782895603.00732,709404,211642.203,370906269.28098,0
1781755200000,1743.27,1752.70,1720.90,1748.89,781826.150,1781769599999,1356085124.90561,999682,403215.437,699476739.67516,0
1781769600000,1748.89,1752.74,1738.08,1742.32,543955.080,1781783999999,949570475.48209,688027,255916.790,446783174.52672,0
1781784000000,1742.33,1752.47,1678.05,1681.21,1730107.474,1781798399999,2973494697.01859,2028624,782233.696,1345648135.77356,0
1781798400000,1681.20,1706.86,1670.56,1704.79,1162914.464,1781812799999,1960465285.45206,1404901,620790.213,1046841452.45610,0
1781812800000,1704.80,1716.64,1699.11,1710.18,429872.391,1781827199999,734325306.63726,552274,218079.527,372611100.91976,0
1781827200000,1710.18,1718.83,1680.03,1696.62,640060.397,1781841599999,1088083867.13589,783321,311148.031,529072252.34512,0
1781841600000,1696.63,1702.88,1684.66,1695.14,506507.425,1781855999999,858241910.81940,737505,265851.311,450623326.95292,0
1781856000000,1695.15,1699.17,1686.23,1691.05,326558.207,1781870399999,552516296.58610,535608,159365.749,269633278.69230,0
1781870400000,1691.05,1711.65,1678.17,1706.92,800271.609,1781884799999,1358603095.18353,1112164,423932.536,719858614.77992,0
1781884800000,1706.92,1711.00,1692.43,1700.44,360145.468,1781899199999,612658018.84715,637221,189585.325,322531877.89261,0
1781899200000,1700.44,1714.70,1697.82,1710.31,229317.146,1781913599999,391206295.73118,355419,123191.439,210176868.19353,0
1781913600000,1710.30,1717.72,1703.13,1707.37,229079.286,1781927999999,391430745.41648,398976,117782.708,201286730.97257,0
1781928000000,1707.37,1733.00,1705.59,1725.16,543079.392,1781942399999,936012057.95732,564276,301808.656,520218968.35329,0
1781942400000,1725.17,1731.10,1720.30,1726.37,254284.414,1781956799999,438784083.62858,301797,126620.967,218527112.26222,0
1781956800000,1726.38,1749.13,1707.11,1739.89,1002039.365,1781971199999,1732013489.14079,1042569,517242.003,894315107.86386,0
1781971200000,1739.90,1740.27,1720.01,1728.37,337363.865,1781985599999,583190388.04308,496666,167007.360,288710436.49677,0
1781985600000,1728.37,1745.72,1725.51,1740.00,337403.807,1781999999999,586146017.62571,462269,177512.423,308380165.31980,0
1782000000000,1740.00,1740.57,1732.62,1737.03,184932.762,1782014399999,321150567.16316,305134,92449.802,160552261.47502,0
1782014400000,1737.03,1740.68,1728.49,1731.45,200821.553,1782028799999,348215533.96788,288579,96561.329,167435400.76525,0
1782028800000,1731.45,1736.31,1717.19,1724.66,399748.145,1782043199999,690521599.96648,459481,188625.277,325866008.56476,0
1782043200000,1724.66,1731.86,1716.00,1729.85,411196.735,1782057599999,708913360.65980,469645,209500.179,361208488.77264,0
1782057600000,1729.85,1738.42,1720.82,1733.31,302632.283,1782071999999,523436057.73776,416795,166496.535,288010195.58559,0
1782072000000,1733.31,1734.60,1700.37,1706.31,679024.993,1782086399999,1163605897.94115,923311,341344.082,584976751.92025,0
1782086400000,1706.30,1759.35,1706.10,1729.31,915683.940,1782100799999,1589484388.22101,1309779,481067.448,835164506.77126,0
1782100800000,1729.31,1750.93,1726.77,1745.76,442898.231,1782115199999,770288902.70202,569820,225819.998,392839110.15574,0
1782115200000,1745.76,1774.19,1742.56,1766.94,563366.946,1782129599999,989160031.79232,712005,314267.268,551961272.41783,0
1782129600000,1766.95,1779.00,1741.13,1744.02,1126785.544,1782143999999,1985060062.93301,1338905,540595.088,952797369.89159,0
1782144000000,1744.02,1746.99,1727.41,1733.69,813519.500,1782158399999,1412979265.63574,897122,401452.505,697300321.43851,0
1782158400000,1733.69,1739.60,1716.01,1727.32,455599.590,1782172799999,786697964.45363,583413,232923.593,402270614.46351,0
1782172800000,1727.32,1735.63,1718.61,1729.10,313112.611,1782187199999,541075444.35465,527070,165375.914,285812760.14023,0
1782187200000,1729.09,1730.49,1680.00,1681.96,1049827.362,1782201599999,1784485012.39763,1105078,474465.436,806235225.98246,0
1782201600000,1681.97,1683.88,1633.33,1659.93,1332877.875,1782215999999,2206296009.96507,1263250,653117.619,1080778734.36886,0
1782216000000,1659.93,1672.00,1643.66,1658.90,971623.377,1782230399999,1610788621.55224,1298918,487589.719,808468790.20365,0
1782230400000,1658.90,1673.60,1649.03,1661.96,478541.666,1782244799999,794742913.62123,727507,249025.870,413633084.67020,0
1782244800000,1661.97,1672.12,1659.27,1666.40,269685.210,1782259199999,448881509.76351,408897,134594.900,224042935.22051,0
1782259200000,1666.40,1679.92,1657.04,1666.03,436996.052,1782273599999,729194003.87565,646357,206690.131,345035829.90147,0
1782273600000,1666.02,1678.98,1657.19,1672.38,366638.849,1782287999999,612696128.74771,454586,190221.543,317893301.53531,0
1782288000000,1672.39,1692.00,1654.53,1678.65,588844.491,1782302399999,984130439.86703,650831,313097.607,523558167.98927,0
1782302400000,1678.64,1680.67,1616.00,1617.46,1756794.218,1782316799999,2891851341.62639,2285077,842503.150,1387197056.53876,0
1782316800000,1617.46,1636.00,1551.00,1583.72,2481582.995,1782331199999,3935882028.56482,2700270,1187374.694,1883544059.10131,0
1782331200000,1583.72,1629.15,1579.00,1621.54,764775.736,1782345599999,1231636951.84196,1111179,403651.209,649934366.57078,0
1782345600000,1621.55,1625.98,1613.67,1618.89,350419.052,1782359999999,567340031.74593,586334,168958.788,273562827.46341,0
1782360000000,1618.89,1660.56,1616.22,1656.44,934093.418,1782374399999,1536234635.69163,980217,510395.710,839323255.18868,0
1782374400000,1656.44,1658.33,1627.07,1632.26,674577.568,1782388799999,1106962595.62903,633232,314201.211,515436286.56508,0
1782388800000,1632.26,1649.69,1530.00,1569.43,3388636.857,1782403199999,5344033463.89523,3886062,1688979.362,2664711118.38894,0
1782403200000,1569.42,1587.00,1553.81,1558.82,991767.211,1782417599999,1554508292.85900,1576352,512763.122,803788133.96646,0
1782417600000,1558.83,1583.00,1556.00,1566.97,566390.947,1782431999999,889014190.73094,794019,276263.553,433687598.16603,0
1782432000000,1566.98,1571.12,1510.87,1557.07,1555814.429,1782446399999,2391275164.96371,2007502,733838.726,1128430451.18506,0
1782446400000,1557.07,1585.55,1542.28,1579.82,955386.970,1782460799999,1492966147.55703,1252712,486528.586,760556527.02623,0
1782460800000,1579.81,1581.34,1540.00,1544.40,926895.555,1782475199999,1443482843.12980,1141961,428175.836,666849014.41428,0
1782475200000,1544.40,1587.65,1520.34,1579.32,2204554.650,1782489599999,3427435034.78561,2814581,1131571.875,1759567593.29486,0
1782489600000,1579.32,1594.89,1569.66,1573.82,735184.948,1782503999999,1161976986.13550,1096035,366399.749,579210491.50804,0
1782504000000,1573.92,1582.67,1567.12,1577.86,319690.099,1782518399999,503211846.91610,478275,154431.697,243094928.02780,0
1782518400000,1577.85,1586.42,1570.66,1579.77,252228.899,1782532799999,398293090.13900,365539,131061.836,206955562.43051,0
1782532800000,1579.77,1585.70,1574.39,1584.75,227039.646,1782547199999,358889832.39039,296617,111449.185,176192220.74335,0
1782547200000,1584.75,1585.19,1578.08,1583.13,169660.763,1782561599999,268373941.47192,219777,81926.151,129598846.69826,0
1782561600000,1583.13,1610.44,1580.55,1604.87,566790.855,1782575999999,904838772.26611,541126,323300.623,516166355.51548,0
1782576000000,1604.86,1607.30,1571.98,1577.52,642201.481,1782590399999,1020619487.84704,596119,278197.647,442165977.71928,0
1782590400000,1577.52,1584.61,1561.69,1573.10,398997.934,1782604799999,628309366.63081,484007,194398.048,306232085.70946,0
1782604800000,1573.10,1579.28,1568.27,1574.27,216537.392,1782619199999,340760440.25451,301385,110661.581,174168351.72266,0
1782619200000,1574.27,1576.65,1561.59,1575.02,368514.475,1782633599999,578168830.07530,410713,194996.939,305945223.52826,0
1782633600000,1575.03,1585.69,1571.38,1582.10,363861.234,1782647999999,574522332.41558,413403,191831.551,302953604.35034,0
1782648000000,1582.10,1588.27,1574.01,1580.00,384671.477,1782662399999,608105029.72420,518287,192745.168,304742400.84818,0
1782662400000,1580.00,1581.14,1555.62,1563.78,567485.025,1782676799999,890019308.66613,676178,280334.382,439749741.61029,0
1782676800000,1563.78,1582.00,1547.00,1571.10,718941.778,1782691199999,1126027633.33261,974576,362970.472,568753368.19705,0
1782691200000,1571.11,1588.92,1549.08,1583.97,920514.674,1782705599999,1444447336.02061,1372451,465314.319,730299454.15989,0
1782705600000,1583.98,1588.58,1561.16,1579.36,549629.183,1782719999999,866849941.68832,721312,268263.140,423151935.98622,0
1782720000000,1579.36,1586.55,1569.28,1574.16,537638.336,1782734399999,847207030.49118,695294,267449.519,421443252.86468,0
1782734400000,1574.16,1597.00,1556.54,1579.48,1878551.503,1782748799999,2960329035.40429,2435536,979848.484,1544262681.22812,0
1782748800000,1579.49,1637.20,1573.33,1624.73,1254251.506,1782763199999,2023624305.42981,1377143,655063.407,1056560367.92558,0
1782763200000,1624.74,1626.00,1606.74,1612.12,362030.662,1782777599999,585027410.76549,440156,160633.754,259598309.33592,0
1782777600000,1612.12,1613.56,1585.64,1586.26,602360.612,1782791999999,960530139.25158,661714,283620.265,452128602.03825,0
1782792000000,1586.26,1595.79,1578.64,1591.64,470347.062,1782806399999,746747801.35806,451177,241056.233,382799350.67348,0
1782806400000,1591.65,1593.59,1574.55,1577.87,475337.108,1782820799999,752011255.91844,581685,218012.742,344955582.50488,0
1782820800000,1577.88,1577.88,1549.16,1564.56,1548667.770,1782835199999,2421328660.17686,1846050,742486.118,1161089689.56711,0
1782835200000,1564.56,1581.62,1561.21,1579.78,431226.036,1782849599999,678129612.77594,681370,221800.738,348853866.03816,0
1782849600000,1579.77,1582.23,1565.29,1571.47,299708.799,1782863999999,471067456.90088,429703,143562.407,225652335.33455,0
1782864000000,1571.48,1598.98,1552.03,1594.07,894109.973,1782878399999,1410968725.37339,1134279,460791.049,727667906.54355,0
1782878400000,1594.08,1604.40,1570.43,1577.70,721749.592,1782892799999,1144095434.37779,717947,353717.001,560618606.33666,0
1782892800000,1577.71,1584.49,1565.94,1569.02,472981.450,1782907199999,745018482.20642,562476,226985.892,357606611.91928,0
1782907200000,1569.02,1630.72,1564.17,1619.26,1849939.845,1782921599999,2960366770.74668,1939182,977287.941,1563805613.41951,0
1782921600000,1619.27,1628.65,1606.14,1617.14,684031.776,1782935999999,1106350714.78934,812718,330305.673,534386048.45448,0
1782936000000,1617.14,1645.86,1607.42,1608.87,817116.770,1782950399999,1327660524.23172,905939,424957.074,690714597.81226,0
1782950400000,1608.87,1643.47,1596.14,1638.85,831470.144,1782964799999,1345469274.92596,950102,448717.069,726328786.06161,0
1782964800000,1638.84,1639.40,1613.99,1615.56,518088.229,1782979199999,841805651.53787,573536,241598.181,392517517.47781,0
1782979200000,1615.55,1654.36,1614.51,1649.41,1190690.627,1782993599999,1952830181.70687,1061297,634167.106,1039702065.66239,0
1782993600000,1649.42,1725.00,1646.89,1696.32,2570681.597,1783007999999,4347578360.08872,2623255,1361243.751,2302084337.56587,0
1783008000000,1696.33,1706.49,1685.04,1699.42,592226.541,1783022399999,1005273813.34889,855979,297801.454,505571529.16832,0
1783022400000,1699.41,1706.00,1691.30,1699.90,314288.126,1783036799999,534070499.03768,324290,153703.069,261135250.11185,0
1783036800000,1699.89,1718.39,1693.68,1705.61,566715.394,1783051199999,967180358.52806,800699,283732.417,484304458.97119,0
1783051200000,1705.61,1721.97,1701.63,1717.00,405255.805,1783065599999,694666002.42366,540386,201205.844,344886432.38215,0
1783065600000,1717.00,1748.67,1714.90,1741.66,1068857.423,1783079999999,1852579304.98930,1070752,575059.091,996858865.89036,0
1783080000000,1741.66,1753.36,1728.03,1730.37,977322.933,1783094399999,1698779048.17958,1083335,464788.895,808213980.95660,0
1783094400000,1730.38,1752.97,1726.85,1744.78,513731.498,1783108799999,893827117.31257,522629,274508.410,477690251.44211,0
1783108800000,1744.79,1775.50,1742.76,1757.41,679706.975,1783123199999,1197227721.54327,805360,372284.373,655672119.22830,0
1783123200000,1757.41,1763.39,1743.09,1753.14,370219.361,1783137599999,648420285.08649,464324,187534.488,328504706.49671,0
1783137600000,1753.14,1763.99,1750.51,1757.42,309508.713,1783151999999,543528588.69097,402001,152238.787,267365363.61098,0
1783152000000,1757.43,1765.42,1754.08,1757.27,239488.543,1783166399999,421272264.97857,317688,118840.722,209073040.00760,0
1783166400000,1757.28,1799.00,1757.27,1790.43,904042.146,1783180799999,1608881690.06349,961683,481399.219,856832204.37109,0
1783180800000,1790.44,1808.00,1778.08,1792.00,744355.074,1783195199999,1334301930.75073,868594,382489.366,685842521.56012,0
1783195200000,1792.00,1795.27,1770.88,1779.94,347525.651,1783209599999,619563077.78630,444551,156777.220,279586553.66938,0
1783209600000,1779.94,1780.03,1756.04,1760.65,491495.207,1783223999999,867442208.95896,585566,228622.188,403455734.81755,0
1783224000000,1760.65,1771.99,1759.13,1769.17,329329.423,1783238399999,581445101.46087,408512,177212.821,312908384.67902,0
1783238400000,1769.18,1772.69,1747.27,1759.39,436708.904,1783252799999,768006056.24850,479212,197327.481,347049178.06700,0
1783252800000,1759.39,1781.18,1755.15,1773.89,416169.474,1783267199999,736432574.15760,490922,226271.387,400430573.60945,0
1783267200000,1773.88,1786.35,1769.46,1780.67,336602.091,1783281599999,598683942.46241,428327,172378.043,306653138.78503,0
1783281600000,1780.66,1807.77,1768.04,1785.07,741512.127,1783295999999,1326709455.27117,872642,383026.488,685708825.52153,0
1783296000000,1785.07,1798.40,1770.84,1778.92,575670.661,1783310399999,1026682504.73320,927474,278165.077,496242969.32807,0
1783310400000,1778.93,1785.06,1763.66,1771.42,463593.784,1783324799999,821706603.14839,567320,221117.746,391987464.16615,0
1783324800000,1771.43,1777.96,1755.07,1758.51,601632.978,1783339199999,1062114817.27375,607853,287179.049,507061003.99052,0
1783339200000,1758.51,1788.26,1728.30,1787.72,2162363.713,1783353599999,3786519376.49468,2320305,1086647.049,1903785027.68631,0
1783353600000,1787.72,1804.50,1781.53,1791.81,914384.613,1783367999999,1639816804.03793,1108235,437019.908,783838350.31821,0
1783368000000,1791.82,1833.00,1786.46,1798.84,822737.187,1783382399999,1490554940.39922,799667,428503.245,776636546.94368,0
1783382400000,1798.84,1809.87,1766.80,1770.70,743349.298,1783396799999,1328049104.01476,890183,338964.684,605863303.88006,0
1783396800000,1770.70,1782.23,1756.62,1770.54,689910.166,1783411199999,1221118993.89952,654903,351013.626,621415151.35340,0
1783411200000,1770.54,1784.34,1767.29,1779.90,423543.327,1783425599999,752109498.50699,512245,219465.124,389785198.02291,0
1783425600000,1779.91,1802.86,1760.01,1796.66,1256794.321,1783439999999,2237892223.63560,1842704,624213.439,1111741231.89986,0
1783440000000,1796.67,1812.85,1771.02,1789.59,857742.672,1783454399999,1538964916.89234,1144632,411684.003,738742644.59530,0
1783454400000,1789.59,1792.27,1764.50,1770.67,399558.005,1783468799999,709893464.92164,525182,193577.118,343880022.65641,0
1783468800000,1770.67,1784.16,1740.40,1750.78,845403.508,1783483199999,1486555061.13340,970775,392310.235,689855772.73304,0
1783483200000,1750.78,1759.00,1744.30,1755.74,393055.792,1783497599999,688505281.48081,583646,204704.717,358626489.50227,0
1783497600000,1755.74,1757.96,1724.31,1747.36,1074513.457,1783511999999,1866803635.78626,1198513,526075.480,914276465.24939,0
1783512000000,1747.35,1750.68,1712.45,1722.08,1107984.800,1783526399999,1917071575.14397,1415560,530576.375,918281868.59473,0
1783526400000,1722.08,1745.80,1722.07,1740.34,563545.150,1783540799999,977499449.57037,780376,288416.335,500293499.56958,0
1783540800000,1740.35,1744.14,1730.52,1742.68,208350.720,1783555199999,362041095.87357,336274,106314.443,184753483.68938,0
1783555200000,1742.67,1755.28,1720.53,1729.90,555791.796,1783569599999,964900961.61738,748610,284394.301,493963583.06285,0
1783569600000,1729.89,1762.52,1729.41,1752.47,610923.943,1783583999999,1067945829.17056,708232,325503.516,569074221.24809,0
1783584000000,1752.47,1758.30,1740.26,1743.17,362146.203,1783598399999,633497789.39452,462891,168614.216,295007195.69846,0
1783598400000,1743.18,1751.52,1732.49,1738.61,827866.806,1783612799999,1441417520.30927,1273601,412190.948,717772233.78932,0
1783612800000,1738.61,1759.65,1731.10,1747.81,519499.670,1783627199999,907489147.24426,673426,270314.719,472260885.47942,0
1783627200000,1747.81,1750.37,1740.65,1744.25,176016.038,1783641599999,307387296.98712,311499,81494.144,142335608.25238,0
1783641600000,1744.26,1779.38,1736.61,1775.41,703526.422,1783655999999,1240535293.03406,877835,373181.513,657946664.19826,0
1783656000000,1775.40,1779.91,1767.71,1772.50,415237.338,1783670399999,736570704.67421,406609,188929.734,335148102.18010,0
1783670400000,1772.50,1803.24,1771.66,1800.64,703328.596,1783684799999,1259642231.75863,717781,371644.997,665600937.91410,0
1783684800000,1800.63,1811.23,1774.83,1790.49,946881.627,1783699199999,1697534522.08424,1152380,468684.810,840447241.85274,0
1783699200000,1790.48,1798.86,1779.35,1791.85,428772.734,1783713599999,767673430.13246,528983,205253.450,367545234.58795,0
1783713600000,1791.85,1797.40,1788.57,1796.03,186302.400,1783727999999,334012135.89100,266425,98692.438,176942052.13627,0
1783728000000,1796.03,1798.86,1785.00,1795.65,225450.416,1783742399999,404145911.94424,312343,108580.887,194673970.74334,0
1783742400000,1795.66,1802.76,1793.84,1799.07,201010.117,1783756799999,361506065.21237,240671,100834.819,181363940.64938,0
1783756800000,1799.07,1802.99,1794.24,1799.60,161298.127,1783771199999,290064413.66118,188367,74863.028,134641094.92560,0
1783771200000,1799.60,1827.80,1797.52,1814.12,759763.230,1783785599999,1377657110.46929,693270,408150.393,740171557.50939,0
1783785600000,1814.11,1829.52,1809.70,1823.72,459553.860,1783799999999,837064967.50584,521262,223783.076,407633121.16318,0
1783800000000,1823.72,1828.53,1785.01,1786.70,554593.776,1783814399999,1000984729.39992,576729,235726.180,425454984.85412,0
1783814400000,1786.69,1814.58,1778.26,1810.83,599008.189,1783828799999,1075992618.33575,685933,318371.012,572012471.68947,0
1783828800000,1810.84,1811.85,1788.12,1797.98,350619.845,1783843199999,630662640.68253,391867,151067.973,271669365.93969,0
1783843200000,1797.97,1808.30,1795.40,1802.99,330171.552,1783857599999,594865377.87255,345152,168326.009,303292285.68498,0
1783857600000,1802.99,1826.20,1802.16,1819.95,478982.410,1783871999999,869661104.76578,488548,256923.268,466536093.05409,0
1783872000000,1819.95,1823.43,1813.69,1820.58,252796.673,1783886399999,459857315.09069,305251,117944.021,214567366.65137,0
1783886400000,1820.57,1823.40,1796.50,1805.92,400098.407,1783900799999,722668034.44101,527971,203779.530,367966060.79606,0
1783900800000,1805.92,1848.00,1773.46,1779.76,1814941.077,1783915199999,3285110805.40854,2044170,879833.632,1593580456.90226,0
1783915200000,1779.77,1790.50,1772.00,1786.74,585545.687,1783929599999,1042689862.42694,694436,294209.359,524011957.92385,0
1783929600000,1786.74,1792.49,1776.01,1779.90,348056.141,1783943999999,620916296.20463,442460,157738.900,281401588.28760,0
1783944000000,1779.90,1785.97,1761.63,1775.90,1060734.729,1783958399999,1879946070.49320,1234637,518342.188,918810576.50297,0
1783958400000,1775.90,1780.20,1748.00,1773.86,798481.095,1783972799999,1408096137.04255,874928,390709.601,689149515.38119,0
1783972800000,1773.86,1777.73,1751.42,1776.00,475484.620,1783987199999,839393685.70408,559953,236541.813,417697491.23792,0
1783987200000,1776.00,1793.90,1772.52,1782.99,563758.122,1784001599999,1004816102.55126,727760,300429.596,535476601.98765,0
1784001600000,1783.00,1792.77,1778.40,1780.00,345601.393,1784015999999,617019312.69366,431574,175031.931,312536555.44068,0
1784016000000,1780.00,1804.53,1777.61,1797.04,627910.032,1784030399999,1125782213.46015,572908,363055.651,651109264.91976,0
1784030400000,1797.03,1887.99,1793.34,1874.38,2710702.759,1784044799999,5024698684.86877,2665230,1401472.124,2596218968.62335,0
1784044800000,1874.37,1881.09,1860.00,1875.86,512977.681,1784059199999,959965353.64043,688359,248156.480,464471138.16841,0
1784059200000,1875.85,1896.86,1871.07,1891.12,549515.096,1784073599999,1034989582.64176,557232,305419.670,575360405.67702,0
1784073600000,1891.12,1892.50,1863.32,1875.32,509248.435,1784087999999,954183744.28908,588712,237975.377,445885745.85922,0
1784088000000,1875.31,1891.54,1863.57,1869.13,604756.211,1784102399999,1135345868.27680,627685,307719.678,577834607.21419,0
1784102400000,1869.13,1885.66,1869.08,1883.64,381864.119,1784116799999,717576216.12146,457045,196058.076,368419736.48149,0
1784116800000,1883.63,1946.75,1878.47,1930.97,2190118.161,1784131199999,4212667980.95340,2160635,1154545.125,2220953104.78064,0
1784131200000,1930.97,1936.51,1903.37,1923.20,810513.000,1784145599999,1557109334.65599,981250,401219.571,770802200.25663,0
1784145600000,1923.20,1930.00,1913.91,1916.91,255848.032,1784159999999,491580258.91780,397617,125790.650,241735761.30577,0
1784160000000,1916.91,1928.34,1907.07,1917.94,422899.674,1784174399999,811285543.87254,611562,196225.898,376504422.29198,0
1784174400000,1917.94,1928.69,1904.05,1909.91,490808.751,1784188799999,940437950.12679,549086,234082.075,448553817.14371,0
1784188800000,1909.91,1912.19,1873.63,1884.15,1199185.260,1784203199999,2263272385.55772,961091,572041.199,1079495239.31356,0
1784203200000,1884.15,1894.25,1866.53,1880.90,1260340.082,1784217599999,2370135753.73985,1347944,633077.722,1190668254.24891,0
1784217600000,1880.90,1882.42,1860.00,1874.83,504675.512,1784231999999,944931743.72640,819078,237607.685,444995597.85628,0
1784232000000,1874.83,1880.97,1855.38,1863.73,435890.205,1784246399999,814146692.94317,536028,211132.861,394401098.95622,0
1784246400000,1863.73,1870.44,1842.10,1851.75,783719.706,1784260799999,1453591300.92065,999168,367502.686,681832739.34960,0
1784260800000,1851.75,1852.37,1819.90,1827.37,867597.415,1784275199999,1590174027.02226,849945,388539.712,712247110.15055,0
1784275200000,1827.37,1842.65,1820.10,1838.32,455092.144,1784289599999,834058169.40285,530216,240183.411,440280479.17598,0
1784289600000,1838.33,1839.45,1802.46,1830.20,1205607.457,1784303999999,2193484963.45441,1495582,580218.983,1055784396.52579,0
1784304000000,1830.20,1855.90,1825.70,1842.81,772232.272,1784318399999,1421368560.07231,910988,402789.332,741426476.62214,0
1784318400000,1842.81,1845.75,1834.20,1841.08,193910.845,1784332799999,356787049.13489,258051,87717.181,161414668.90802,0
1784332800000,1841.08,1845.99,1838.47,1845.23,147597.813,1784347199999,271874526.60992,217664,83404.064,153647488.42276,0
1784347200000,1845.23,1848.93,1841.54,1843.42,140531.237,1784361599999,259200924.61192,170850,73967.409,136430850.14025,0
1784361600000,1843.41,1848.67,1841.31,1844.70,135545.099,1784375999999,250073968.21284,140537,68008.402,125477855.77506,0
1784376000000,1844.70,1849.71,1836.36,1843.15,269637.973,1784390399999,496844382.74887,280969,126293.664,232759540.17415,0
1784390400000,1843.14,1867.00,1840.61,1857.40,416752.201,1784404799999,772505340.61520,397644,242110.863,448828565.30527,0
1784404800000,1857.40,1864.74,1854.31,1861.75,202611.581,1784419199999,376809059.00342,273221,103112.312,191773505.72919,0
1784419200000,1861.75,1876.91,1857.51,1866.33,340781.231,1784433599999,636124681.71205,355471,182215.181,340189982.29109,0
1784433600000,1866.33,1871.20,1863.35,1869.35,149246.612,1784447999999,278769651.83481,190509,75495.978,141017570.71563,0
1784448000000,1869.35,1878.76,1863.20,1870.49,335487.412,1784462399999,627722873.08957,327970,166236.407,311092114.96424,0
1784462400000,1870.49,1878.50,1863.35,1870.12,350343.073,1784476799999,655231682.82598,412475,176185.751,329535137.01215,0
1784476800000,1870.12,1873.15,1850.95,1861.46,407299.829,1784491199999,758581318.65624,511786,188280.976,350699550.90666,0
1784491200000,1861.47,1876.46,1856.01,1871.49,361620.199,1784505599999,675107416.80280,558215,190633.132,355896285.67338,0
1784505600000,1871.49,1891.20,1861.02,1878.88,892245.527,1784519999999,1674838940.44161,1231236,455100.425,854338274.40888,0
1784520000000,1878.88,1879.25,1841.84,1863.11,759541.483,1784534399999,1410981302.94071,996892,361440.361,671540457.02653,0
1784534400000,1863.11,1896.21,1853.20,1892.43,767217.358,1784548799999,1438499776.87106,798759,405109.805,760012421.79605,0
1784548800000,1892.43,1905.00,1852.66,1901.58,1297998.070,1784563199999,2437248355.75161,1616263,649999.732,1221009017.59022,0
1784563200000,1901.58,1917.92,1888.62,1897.69,939125.204,1784577599999,1786061151.34377,988581,484120.686,920829504.17552,0
1784577600000,1897.68,1906.76,1893.33,1903.50,271613.096,1784591999999,516113694.98046,365855,137212.625,260708645.86432,0
1784592000000,1903.51,1927.96,1899.44,1925.81,522723.791,1784606399999,1001281071.93761,714831,269703.394,516727954.81684,0
1784606400000,1925.81,1939.51,1920.90,1933.29,555680.130,1784620799999,1072911972.27755,590033,298742.527,576962547.76331,0
1784620800000,1933.29,1953.64,1925.28,1934.85,902566.916,1784635199999,1749889024.68487,704175,482318.864,935369419.12393,0
1784635200000,1934.86,1944.58,1922.58,1930.89,744948.269,1784649599999,1440986935.61025,928333,375877.909,727071814.20844,0
1784649600000,1930.89,1934.58,1912.44,1922.40,488378.126,1784663999999,938622230.06201,606690,215147.182,413544640.85433,0
1784664000000,1922.39,1931.01,1915.51,1929.29,273449.789,1784678399999,525805656.78425,344326,151307.637,291033111.86209,0
1784678400000,1929.29,1943.98,1925.80,1927.65,464629.405,1784692799999,898723402.88508,653359,255197.168,493747629.34044,0
1784692800000,1927.66,1938.50,1909.32,1913.26,462005.884,1784707199999,887166142.09860,595271,213780.512,410508908.32143,0
1784707200000,1913.27,1932.90,1912.86,1926.42,401338.933,1784721599999,772216828.13662,449981,214593.427,412880832.98457,0
1784721600000,1926.42,1958.75,1912.28,1942.06,1214115.827,1784735999999,2350922154.61502,1378467,637908.175,1235627194.97888,0
1784736000000,1942.07,1955.80,1919.70,1924.01,735808.739,1784750399999,1426233410.07045,902315,366066.612,709873440.65822,0
1784750400000,1924.01,1938.80,1921.63,1933.31,310186.218,1784764799999,598607769.72286,432935,158208.922,305254294.91177,0
1784764800000,1933.31,1940.66,1916.49,1919.46,351118.292,1784779199999,676736765.94127,507067,157146.240,302936212.75511,0
1784779200000,1919.46,1927.79,1911.44,1914.61,373312.554,1784793599999,716334854.99749,408970,186825.183,358515715.28234,0
1784793600000,1914.62,1930.74,1913.39,1924.65,370163.444,1784807999999,712447781.46224,370673,188171.328,362129756.50040,0
1784808000000,1924.64,1926.93,1882.00,1894.49,1415908.923,1784822399999,2689055271.19636,1412973,653758.837,1241661355.68682,0
1784822400000,1894.49,1894.70,1868.18,1874.74,675750.732,1784836799999,1271596183.67407,709147,304147.388,572368654.66728,0
1784836800000,1874.74,1887.98,1873.00,1877.42,287581.110,1784851199999,541019833.90644,360806,142451.647,268062177.99645,0
1784851200000,1877.42,1881.07,1858.00,1879.71,562041.279,1784865599999,1051575392.65226,711093,282080.211,528001019.50786,0
1784865600000,1879.70,1909.32,1872.47,1895.00,775327.754,1784879999999,1466437405.37261,583316,414928.198,785062291.09243,0
1784880000000,1895.00,1895.00,1875.22,1883.03,405644.023,1784894399999,764312766.43704,467376,181492.591,341939868.18040,0
1784894400000,1883.02,1885.20,1846.17,1861.28,1207742.256,1784908799999,2247669406.26990,1316215,554667.334,1032293707.75005,0
1784908800000,1861.28,1865.81,1852.56,1862.74,334349.669,1784923199999,621882402.49711,434659,167222.940,311047168.02509,0
1784923200000,1862.75,1864.51,1855.75,1860.57,147190.200,1784937599999,273724215.27791,208096,67856.291,126193193.90679,0
1784937600000,1860.58,1863.86,1854.27,1857.83,168531.037,1784951999999,313315648.28807,204877,79029.122,146929470.58305,0
1784952000000,1857.84,1862.20,1853.44,1855.11,125883.256,1784966399999,233825616.39436,162466,58712.558,109068067.71054,0
1784966400000,1855.10,1859.38,1850.26,1857.05,155378.092,1784980799999,288233963.39090,187487,72827.461,135113757.56898,0
1784980800000,1857.04,1871.73,1856.05,1867.03,286104.953,1784995199999,533702342.74138,278866,158954.005,296539296.19173,0
1784995200000,1867.04,1876.42,1863.54,1873.80,231142.639,1785009599999,432578133.92320,263651,115371.612,215937006.21736,0
1785009600000,1873.80,1876.25,1866.59,1873.92,129585.443,1785023999999,242582828.38329,162389,60170.925,112655820.06138,0
1785024000000,1873.93,1883.17,1873.00,1881.40,179375.997,1785038399999,337048462.07679,214561,98850.508,185749496.86671,0
1785038400000,1881.40,1888.67,1877.24,1880.85,249719.658,1785052799999,470196993.80582,250258,116021.155,218497818.12327,0
1785052800000,1880.85,1887.00,1878.27,1884.99,155277.403,1785067199999,292436326.59395,157821,76261.275,143624925.67266,0
1785067200000,1885.00,1917.45,1880.66,1913.75,749871.884,1785081599999,1423758956.09072,623708,404659.718,768322028.65947,0
1785081600000,1913.76,1927.90,1907.99,1913.42,439605.434,1785095999999,842510382.14211,441255,227561.653,436176707.02535,0
1785096000000,1913.43,1966.97,1910.55,1953.79,904106.463,1785110399999,1757499798.97967,865678,509389.815,990026312.48346,0
1785110400000,1953.80,1954.83,1935.29,1948.92,488087.777,1785124799999,949177606.43249,620601,243178.732,473002222.56033,0
1785124800000,1948.92,1982.00,1947.66,1963.58,771350.091,1785139199999,1514407984.47395,811228,400149.739,785784881.41626,0
1785139200000,1963.59,1971.62,1955.46,1958.76,424577.016,1785153599999,833495867.45233,524426,217894.773,427791052.10070,0
1785153600000,1958.77,1977.58,1917.90,1926.77,1599531.127,1785167999999,3111340172.28820,1928348,775756.459,1509505377.99963,0
1785168000000,1926.77,1954.48,1921.43,1947.42,619263.148,1785182399999,1201156705.62205,866137,315835.417,612539989.21812,0
1785182400000,1947.43,1949.64,1881.16,1891.44,848150.874,1785196799999,1618730348.74977,942605,378119.825,721294780.75651,0
1785196800000,1891.43,1893.33,1865.00,1880.35,719264.258,1785211199999,1350513873.67769,921688,349363.528,656035989.04589,0
1785211200000,1880.35,1888.58,1875.43,1882.75,374871.301,1785225599999,705695082.39824,480759,183772.578,345979946.38137,0
1785225600000,1882.75,1884.81,1870.66,1875.69,440932.702,1785239999999,827932482.19768,515365,219798.635,412728525.90286,0
1785240000000,1875.70,1923.79,1855.82,1919.28,1826210.857,1785254399999,3449218926.14351,1880259,949699.529,1795140076.72168,0
1785254400000,1919.27,1928.31,1890.89,1921.34,888721.855,1785268799999,1698157123.63725,1036496,439212.199,839506994.71847,0
1785268800000,1921.34,1928.90,1903.03,1921.13,475346.542,1785283199999,910766904.88508,561708,249353.937,477793693.04265,0
1785283200000,1921.13,1927.98,1890.13,1891.95,608522.422,1785297599999,1161821354.21491,916773,291411.338,556434562.24491,0
1785297600000,1891.96,1926.50,1883.38,1924.14,710036.923,1785311999999,1354392885.39941,762326,372083.693,709820952.74408,0
1785312000000,1924.13,1924.74,1907.66,1914.32,431453.832,1785326399999,826809522.53731,446630,201375.189,385935716.30971,0
1785326400000,1914.31,1914.31,1886.28,1891.13,793097.357,1785340799999,1506575114.58346,1208418,393169.600,746974747.21872,0
1785340800000,1891.13,1935.00,1880.95,1887.91,1543145.351,1785355199999,2944497321.37729,1876128,754474.898,1440190253.70998,0
1785355200000,1887.93,1912.50,1870.26,1909.68,694829.631,1785369599999,1315043643.30617,881479,338478.393,640822011.73323,0
1785369600000,1909.68,1921.91,1892.99,1909.40,586631.306,1785383999999,1120199521.45129,747880,290526.612,554882798.49451,0
1785384000000,1909.40,1910.34,1898.57,1902.38,321709.978,1785398399999,612546847.91164,452564,168700.093,321239621.89316,0
1785398400000,1902.39,1925.59,1899.50,1922.30,454147.053,1785412799999,870529278.28375,490106,234381.261,449338204.26151,0
1785412800000,1922.30,1936.52,1912.10,1917.96,857852.435,1785427199999,1649291563.54920,985380,429612.579,826144354.76561,0
1785427200000,1917.96,1928.80,1914.00,1922.95,334481.685,1785441599999,642551556.54752,437010,171102.763,328678867.86814,0
1785441600000,1922.96,1936.57,1915.12,1917.31,452301.413,1785455999999,870521709.61774,479355,231502.502,445601926.03591,0
1785456000000,1917.31,1936.00,1898.16,1907.82,787910.912,1785470399999,1508627756.82443,908397,380027.550,727817234.66430,0
1785470400000,1907.82,1910.53,1883.18,1888.92,513183.507,1785484799999,973135595.90184,501138,241345.389,457717399.22025,0
1785484800000,1888.93,1892.21,1876.68,1883.55,438801.778,1785499199999,827295018.11529,480666,208533.442,393172553.76836,0
1785499200000,1883.55,1889.72,1847.28,1861.94,1653419.919,1785513599999,3085698640.29627,1573351,796915.684,1487441030.77597,0
1785513600000,1861.94,1877.40,1860.00,1867.40,383947.206,1785527999999,717327344.44245,565186,189961.585,354914385.54611,0
1785528000000,1867.41,1870.00,1857.89,1861.68,217644.311,1785542399999,405452948.86854,302211,101514.453,189112174.58316,0
1785542400000,1861.68,1869.47,1861.31,1869.00,143251.076,1785556799999,267327184.22367,192548,79426.738,148224843.27929,0
1785556800000,1869.01,1871.21,1864.17,1868.90,125525.682,1785571199999,234521990.87264,145078,62118.605,116068613.68712,0
1785571200000,1868.90,1869.72,1862.00,1866.17,186666.315,1785585599999,348367452.20095,166717,80352.831,149965134.79928,0
1785585600000,1866.18,1874.44,1866.17,1869.20,158445.891,1785599999999,296295400.02755,179035,87825.038,164226870.76742,0
1785600000000,1869.19,1872.96,1820.61,1836.48,1019711.274,1785614399999,1878436812.94605,891781,429593.660,790909565.55973,0
1785614400000,1836.47,1848.63,1832.14,1844.17,240012.372,1785628799999,442010512.46211,318430,130975.567,241182539.15621,0
1785628800000,1844.17,1885.00,1843.03,1876.61,669210.356,1785643199999,1249885608.27980,629684,371835.237,694199179.30482,0
1785643200000,1876.61,1882.20,1874.12,1875.32,235330.183,1785657599999,441849402.32602,268977,110910.193,208269490.81114,0
1785657600000,1875.31,1878.26,1848.18,1851.75,462082.002,1785671999999,861088019.45954,463302,189140.313,352590901.42716,0
1785672000000,1851.74,1862.28,1851.30,1857.77,300457.158,1785686399999,557703714.32573,345490,161979.509,300681161.03755,0
1785686400000,1857.77,1887.00,1854.89,1881.39,469289.040,1785700799999,878809839.72282,444838,281918.371,527956453.93023,0
1785700800000,1881.39,1898.50,1875.31,1884.37,535828.004,1785715199999,1010909855.90788,599728,271416.765,512129629.17924,0
1785715200000,1884.38,1885.16,1850.01,1856.18,516265.840,1785729599999,963638516.23041,583997,233860.472,436650090.14271,0
1785729600000,1856.19,1862.22,1838.56,1843.00,578228.634,1785743999999,1070137719.46058,543867,270027.718,499877118.32053,0
1785744000000,1843.00,1853.58,1827.18,1838.97,818829.416,1785758399999,1507196180.80481,633529,391503.815,720763183.61452,0
1785758400000,1838.97,1873.32,1835.61,1862.54,1026226.924,1785772799999,1905137315.86875,1241547,524119.722,972771577.73693,0
1785772800000,1862.54,1875.98,1860.74,1869.26,380545.542,1785787199999,711149729.47427,571489,200782.638,375264076.61782,0
1785787200000,1869.27,1875.11,1851.00,1859.78,326019.033,1785801599999,606959134.35625,367367,144931.445,269832337.11249,0
1785801600000,1859.78,1871.27,1847.50,1863.56,491732.640,1785815999999,914395567.91557,632404,260318.823,484056805.30522,0
1785816000000,1863.55,1874.08,1852.55,1863.11,408994.156,1785830399999,761644132.88168,440242,206844.518,385240072.24273,0
1785830400000,1863.11,1874.12,1852.78,1871.98,426363.230,1785844799999,794387015.82857,458415,221285.950,412376288.11057,0
1785844800000,1871.99,1881.72,1857.38,1872.24,838154.366,1785859199999,1567075428.21435,1107208,435344.174,814115990.76827,0
1785859200000,1872.24,1880.95,1864.52,1874.46,445837.204,1785873599999,835356023.40960,600553,226007.028,423468872.35243,0
1785873600000,1874.46,1880.80,1865.31,1868.90,296423.773,1785887999999,555171182.57923,374915,152983.589,286495771.29552,0
1785888000000,1868.90,1877.45,1860.30,1866.86,439284.140,1785902399999,820782499.23665,508296,205378.713,383737124.23890,0
1785902400000,1866.87,1877.00,1862.50,1871.85,330195.326,1785916799999,616809900.68928,307883,167717.304,313307695.73847,0
1785916800000,1871.86,1875.38,1865.00,1867.93,310442.508,1785931199999,580631556.31269,296082,142247.571,266059106.37795,0
1785931200000,1867.93,1884.68,1854.51,1872.91,1156220.666,1785945599999,2164998507.52679,1211328,589111.369,1103456220.03842,0
1785945600000,1872.91,1927.19,1872.40,1916.09,1136946.588,1785959999999,2165293022.44864,1061459,615998.057,1172869016.79851,0
1785960000000,1916.09,1923.94,1903.14,1907.95,400040.496,1785974399999,764936716.46941,450275,185034.389,353829958.40265,0
1785974400000,1907.95,1912.99,1893.62,1897.94,440216.615,1785988799999,837269842.93955,476098,202804.001,385772938.51172,0
1785988800000,1897.94,1917.99,1894.67,1908.52,388892.623,1786003199999,742616477.58535,425743,212601.557,405955919.04705,0
1786003200000,1908.53,1920.92,1895.80,1906.89,505928.781,1786017599999,965024561.25930,458093,261363.369,498597732.83554,0
1786017600000,1906.88,1919.06,1891.46,1909.88,813997.097,1786031999999,1551838082.09673,941048,403525.788,769312497.91809,0
1786032000000,1909.88,1917.89,1903.06,1908.77,350830.068,1786046399999,670122901.53014,492802,171059.193,326756942.12272,0
1786046400000,1908.77,1909.84,1897.82,1903.12,167313.742,1786060799999,318570061.95176,244287,81132.403,154474335.10444,0
1786060800000,1903.11,1907.89,1895.00,1896.53,286566.922,1786075199999,544848774.34970,407115,142439.580,270849217.00164,0
1786075200000,1896.52,1906.91,1893.37,1901.66,278436.250,1786089599999,529194472.49695,321632,139053.118,264302618.06695,0
1786089600000,1901.65,1920.50,1901.20,1915.51,469087.270,1786103999999,897126415.35000,411155,250169.819,478430225.82843,0
1786104000000,1915.51,1943.00,1909.34,1916.99,1266989.929,1786118399999,2438706595.74453,1357730,645831.881,1243460397.82974,0
1786118400000,1916.98,1924.41,1903.50,1917.85,448168.885,1786132799999,856891921.23316,568879,205693.965,393306051.62852,0
1786132800000,1917.85,1921.47,1911.80,1913.07,151448.328,1786147199999,290116452.00570,173875,78533.951,150454076.09735,0
1786147200000,1913.07,1918.31,1911.26,1917.20,112943.847,1786161599999,216184816.32681,133228,59517.091,113927518.25294,0
1786161600000,1917.20,1918.62,1913.00,1914.29,73574.464,1786175999999,140963852.77677,103799,34526.168,66151398.14190,0
1786176000000,1914.30,1923.32,1913.84,1920.05,143810.749,1786190399999,275974474.94627,132305,86645.520,166273845.77285,0
1786190400000,1920.04,1925.85,1917.71,1921.85,157469.916,1786204799999,302575460.80743,167942,84807.248,162958329.19077,0
1786204800000,1921.84,1925.55,1918.40,1919.61,122487.294,1786219199999,235376091.99769,133987,55173.482,106034243.99980,0
1786219200000,1919.61,1921.99,1913.68,1915.98,114820.689,1786233599999,220206939.84181,129734,51336.127,98462502.77036,0
1786233600000,1915.98,1919.37,1911.10,1913.07,128129.826,1786247999999,245312921.96721,143943,56744.581,108665293.46725,0
1786248000000,1913.06,1919.00,1912.00,1918.28,114150.712,1786262399999,218650850.30919,125393,63633.727,121892544.48513,0
1786262400000,1918.29,1924.63,1912.30,1918.35,260707.282,1786276799999,500172574.15674,218373,125919.680,241602906.10842,0
1786276800000,1918.34,1926.84,1915.59,1925.75,277266.475,1786291199999,533129755.93036,257728,152446.453,293155414.36069,0
1786291200000,1925.75,1926.21,1918.00,1921.16,133290.153,1786305599999,256194445.98685,135347,54222.581,104226744.86298,0
1786305600000,1921.15,1937.67,1906.41,1909.57,494846.352,1786319999999,950323539.85251,502505,254593.959,489224554.50343,0
1786320000000,1909.56,1931.50,1905.00,1916.50,688938.676,1786334399999,1321142364.64529,792755,346975.594,665401421.21765,0
1786334400000,1916.51,1930.28,1911.47,1924.72,325151.334,1786348799999,625268233.24607,373279,168334.916,323780457.74414,0
1786348800000,1924.73,1929.00,1913.62,1919.60,299703.098,1786363199999,575257572.89118,307200,146223.391,280677796.62892,0
1786363200000,1919.61,1922.84,1870.15,1876.01,1339117.303,1786377599999,2534597049.58833,1178291,612590.893,1159538067.18188,0
1786377600000,1876.00,1879.84,1866.14,1877.70,541397.129,1786391999999,1014046931.05193,584694,285289.233,534402786.02643,0
1786392000000,1877.69,1880.86,1869.23,1872.31,179801.826,1786406399999,337102954.43705,254823,85553.737,160426292.73477,0
1786406400000,1872.30,1881.36,1870.30,1880.14,186139.729,1786420799999,349219755.66093,240492,93588.335,175588996.01053,0
1786420800000,1880.14,1881.26,1869.69,1876.84,277386.232,1786435199999,519898565.48644,240234,120983.399,226770009.74449,0
1786435200000,1876.85,1895.20,1874.52,1892.12,424964.653,1786449599999,801352125.20219,367508,230399.145,434407261.58251,0
1786449600000,1892.12,1897.30,1852.22,1862.00,1019871.327,1786463999999,1912607654.80831,986227,457678.240,858668701.42150,0
1786464000000,1862.01,1884.64,1858.77,1881.17,449014.748,1786478399999,838519998.84781,487978,239075.471,446621825.94414,0
1786478400000,1881.18,1886.95,1878.06,1881.80,281805.206,1786492799999,530300088.18454,307946,136721.012,257284735.81186,0
1786492800000,1881.79,1887.56,1880.00,1885.77,169634.462,1786507199999,319529538.97226,248318,85016.383,160144656.84813,0
1786507200000,1885.76,1892.83,1884.44,1890.82,252193.906,1786521599999,476221161.69858,258031,122880.931,232056813.64498,0
1786521600000,1890.82,1915.55,1889.07,1914.87,653909.807,1786535999999,1245500873.36688,558323,349266.466,665201603.31067,0
1786536000000,1914.87,1924.97,1883.33,1891.64,1253083.593,1786550399999,2383251937.47868,1238390,623828.291,1186770049.90291,0
1786550400000,1891.64,1894.90,1876.73,1878.61,322367.128,1786564799999,608011623.84478,407001,152491.098,287683802.24981,0
1786564800000,1878.60,1888.86,1872.00,1878.80,280258.072,1786579199999,526664729.17394,372916,141123.425,265276467.27576,0
1786579200000,1878.79,1888.33,1872.29,1886.70,388957.118,1786593599999,731438169.38750,414787,208141.106,391460414.94552,0
1786593600000,1886.70,1899.60,1884.69,1894.62,346158.442,1786607999999,655680012.12799,348004,179997.663,340931488.48733,0
1786608000000,1894.62,1896.19,1874.43,1879.48,477932.685,1786622399999,900323290.85344,370839,226415.440,426501111.05258,0
1786622400000,1879.49,1896.86,1877.98,1879.19,613774.272,1786636799999,1159324326.53443,682453,313281.766,591811773.99177,0
1786636800000,1879.19,1891.96,1862.11,1886.62,771925.022,1786651199999,1448242020.13045,704561,372710.848,699415082.39556,0
1786651200000,1886.62,1892.40,1883.51,1885.39,171371.034,1786665599999,323460129.10473,216668,83564.803,157734870.73331,0
1786665600000,1885.38,1890.69,1881.21,1882.25,196760.600,1786679999999,371068873.49293,277458,95584.806,180279447.10373,0
1786680000000,1882.24,1887.00,1871.23,1872.34,309748.940,1786694399999,581590082.59680,282110,144990.272,272247428.47762,0
1786694400000,1872.34,1880.86,1868.08,1877.33,331406.301,1786708799999,621094017.78974,326255,170091.858,318803585.29057,0
1786708800000,1877.34,1884.00,1863.20,1880.72,567136.650,1786723199999,1061671963.01389,702440,284217.484,532141167.11103,0
1786723200000,1880.73,1887.70,1872.70,1879.91,336980.942,1786737599999,633643154.89716,371186,163437.821,307322920.34677,0
1786737600000,1879.91,1881.87,1875.21,1881.39,112819.062,1786751999999,211965943.22413,185390,55617.431,104497210.95499,0
1786752000000,1881.38,1886.00,1880.01,1881.95,118815.476,1786766399999,223754564.94333,136028,57081.455,107502340.43226,0
1786766400000,1881.95,1884.78,1878.76,1879.60,112584.847,1786780799999,211807040.08120,119669,57402.634,107990681.89571,0
1786780800000,1879.59,1880.68,1874.61,1878.56,120049.140,1786795199999,225476640.24615,125199,64567.695,121278375.79288,0
1786795200000,1878.56,1885.18,1877.23,1884.09,133677.000,1786809599999,251623042.72403,136326,69981.500,131728858.87896,0
1786809600000,1884.08,1885.76,1881.77,1883.67,79234.486,1786823999999,149248296.34143,90499,38917.485,73305946.32266,0
1786824000000,1883.66,1884.73,1880.98,1881.73,65213.522,1786838399999,122796793.44972,84563,28655.507,53958242.58927,0
1786838400000,1881.73,1884.43,1876.01,1882.15,139895.646,1786852799999,263171734.29732,141897,65156.712,122574851.01832,0
1786852800000,1882.14,1883.60,1878.00,1880.73,104203.468,1786867199999,195923203.46203,97547,49888.486,93799312.58707,0
1786867200000,1880.72,1881.57,1878.23,1880.14,79482.446,1786881599999,149412199.10511,82399,34237.871,64359961.06297,0
1786881600000,1880.14,1884.29,1878.40,1883.22,111685.385,1786895999999,210143409.00555,107644,51663.030,97206809.08037,0
1786896000000,1883.23,1891.93,1881.64,1884.88,246337.840,1786910399999,464743601.33673,242359,128288.602,242056036.30819,0
1786910400000,1884.88,1886.67,1868.01,1875.22,320062.466,1786924799999,600119589.63554,336833,141364.844,265069676.24026,0
1786924800000,1875.21,1907.89,1871.61,1900.19,694402.438,1786939199999,1314741391.18968,647754,374407.422,708825000.91263,0
1786939200000,1900.20,1911.66,1896.85,1900.09,348765.473,1786953599999,663836186.39125,325062,171935.206,327309670.26251,0
1786953600000,1900.09,1908.75,1890.60,1903.75,448155.026,1786967999999,850847767.59637,395004,227963.623,432783408.46879,0
1786968000000,1903.75,1914.85,1895.22,1912.45,620966.449,1786982399999,1182409626.13502,653730,320654.455,610537019.79995,0
1786982400000,1912.44,1913.54,1903.39,1906.28,301841.510,1786996799999,576094425.41605,398703,154284.842,294480703.36217,0
1786996800000,1906.27,1918.00,1902.58,1912.70,226523.366,1787011199999,432549651.46603,254643,115043.284,219691395.85637,0
1787011200000,1912.70,1913.63,1884.20,1893.68,520242.147,1787025599999,986543213.14828,471114,246831.281,468100282.79991,0
1787025600000,1893.67,1906.25,1890.54,1897.69,288570.788,1787039999999,547739771.32440,282317,147588.496,280150413.48216,0
1787040000000,1897.69,1904.99,1892.68,1902.31,228642.685,1787054399999,434092098.21812,251304,123756.411,234961038.66665,0
1787054400000,1902.31,1922.72,1893.07,1916.88,859925.081,1787068799999,1642545730.79586,724398,430410.577,822203460.55659,0
1787068800000,1916.88,1921.69,1909.59,1912.57,296694.107,1787083199999,568155990.48518,295212,147752.366,282989082.56107,0
1787083200000,1912.57,1919.63,1910.11,1917.10,162323.702,1787097599999,310731888.19003,193976,89755.697,171819863.98560,0
1787097600000,1917.09,1918.42,1905.20,1911.21,321552.655,1787111999999,614731485.65738,381930,166549.620,318426844.74805,0
1787112000000,1911.20,1920.72,1905.27,1915.14,344263.347,1787126399999,658835179.13418,314067,177923.421,340529918.20920,0
1787126400000,1915.14,1929.80,1914.36,1922.34,418069.586,1787140799999,803487591.58276,330861,219427.324,421723159.90135,0
1787140800000,1922.35,2132.00,1921.60,2085.16,3551552.777,1787155199999,7127300690.56163,3169877,1974006.557,3958597041.49376,0
1787155200000,2085.15,2107.38,2065.22,2100.97,1536717.143,1787169599999,3211558968.48161,1845680,752850.137,1573622402.16621,0
1787169600000,2100.97,2336.82,2100.93,2252.16,3521690.381,1787183999999,7880199113.27551,3739962,1883748.061,4207825815.79906,0
1787184000000,2252.17,2273.32,2222.00,2250.86,1149402.576,1787198399999,2588840768.68756,1418287,577535.120,1300937171.44689,0
1787198400000,2250.87,2267.15,2238.23,2251.49,747986.574,1787212799999,1685097451.25304,907647,373250.606,841004313.05322,0
1787212800000,2251.49,2318.78,2248.84,2295.60,1756975.867,1787227199999,4017547803.36869,1924467,909315.326,2079551331.59921,0
1787227200000,2295.59,2338.08,2253.55,2325.12,2154784.756,1787241599999,4935735187.66043,2563930,1066037.270,2442996975.26660,0
1787241600000,2325.12,2359.68,2308.50,2322.72,1349787.661,1787255999999,3147613363.12579,1798677,662757.951,1546035194.99392,0
1787256000000,2322.73,2339.38,2306.02,2326.18,471512.470,1787270399999,1094257374.65764,760752,241535.735,560623509.68488,0
1787270400000,2326.18,2381.52,2323.83,2339.90,1388123.236,1787284799999,3263880472.33163,1993825,731569.008,1720605253.79834,0
1787284800000,2339.90,2398.56,2339.90,2371.51,1198780.648,1787299199999,2842294618.30264,1653516,623432.732,1478440213.98232,0
1787299200000,2371.50,2449.47,2356.00,2370.42,2515394.362,1787313599999,6039492588.74450,2986798,1247179.382,2995508220.41558,0
1787313600000,2370.43,2408.29,2365.00,2393.03,1189518.833,1787327999999,2839430557.11248,1846903,614162.688,1466242242.61909,0
1787328000000,2393.03,2431.86,2383.00,2412.41,923357.883,1787342399999,2226202401.81382,1362177,463359.904,1117351167.39751,0
1787342400000,2412.42,2549.40,2407.54,2515.97,1927008.575,1787356799999,4816689324.82090,2629798,1014384.853,2533364369.11900,0
1787356800000,2515.98,2528.23,2488.88,2514.35,867103.723,1787371199999,2177883789.22598,1518091,421669.568,1059386075.40916,0
1787371200000,2514.36,2529.98,2384.00,2432.54,1590427.894,1787385599999,3897937636.05342,2055928,755840.416,1851332223.46255,0
1787385600000,2432.55,2440.43,2387.00,2423.41,802048.914,1787399999999,1935997384.67569,1385932,369093.272,891241475.37024,0
1787400000000,2423.40,2437.60,2405.07,2410.37,462620.430,1787414399999,1120127422.22415,881886,217408.184,526471038.78049,0
1787414400000,2410.36,2444.30,2408.27,2438.18,345293.220,1787428799999,837984686.22987,605820,184544.000,447961687.38868,0
1787428800000,2438.19,2442.78,2401.64,2421.40,399872.712,1787443199999,967040086.74195,606707,172700.062,417628709.55505,0
1787443200000,2421.41,2434.68,2405.01,2413.19,381268.152,1787457599999,923109154.97229,616486,179457.834,434604577.70143,0
1787457600000,2413.20,2416.57,2355.38,2388.29,1045534.984,1787471999999,2491844979.09184,1443846,498715.400,1188706845.70366,0
1787472000000,2388.30,2438.67,2386.00,2433.29,665946.189,1787486399999,1609845963.02370,846464,366863.302,887005037.06778,0
1787486400000,2433.28,2485.51,2387.00,2437.69,1330219.983,1787500799999,3247613704.84662,1693951,651009.118,1590238096.68118,0
1787500800000,2437.68,2459.43,2431.46,2443.58,392077.863,1787515199999,958376299.44526,676677,188652.959,461282008.06963,0
1787515200000,2443.57,2484.66,2435.21,2462.58,622018.888,1787529599999,1530936104.03197,1083422,326313.043,803286580.34433,0
1787529600000,2462.59,2466.36,2423.05,2429.78,720169.814,1787543999999,1759162061.11575,1165242,327656.511,800436521.32378,0
1787544000000,2429.78,2473.83,2427.24,2453.97,664043.571,1787558399999,1627794123.43354,935242,351733.566,862384305.65826,0
1787558400000,2453.98,2508.69,2435.01,2493.52,1108333.419,1787572799999,2741225639.71527,1322201,586028.288,1450144288.75689,0
1787572800000,2493.53,2532.73,2473.05,2486.64,2022465.222,1787587199999,5064290604.72942,2783817,992689.085,2486260375.24235,0
1787587200000,2486.63,2505.60,2453.51,2470.54,1144326.216,1787601599999,2832613933.76717,1611853,548497.554,1358068106.86401,0
1787601600000,2470.52,2489.00,2464.20,2481.03,286641.538,1787615999999,710230558.56149,518401,148705.145,368531556.48754,0
1787616000000,2481.03,2533.47,2471.00,2497.96,978926.175,1787630399999,2451241843.20248,1435748,488765.098,1224104435.40176,0
1787630400000,2497.96,2514.74,2462.92,2477.66,720631.799,1787644799999,1797913956.91401,947722,333938.994,833422614.26275,0
1787644800000,2477.65,2496.97,2461.61,2477.10,591982.412,1787659199999,1468313977.60175,911089,287223.336,712586321.71488,0
1787659200000,2477.09,2483.58,2438.30,2481.56,1005217.302,1787673599999,2478760686.66445,1793123,497827.024,1228088012.12179,0
1787673600000,2481.56,2484.79,2453.28,2462.03,452342.440,1787687999999,1115655952.11913,712478,221320.897,545898730.47815,0
1787688000000,2462.03,2463.29,2412.69,2441.72,696029.012,1787702399999,1697157920.42634,992243,318607.191,776966939.46361,0
1787702400000,2441.72,2469.35,2434.63,2464.58,345458.741,1787716799999,847912350.97699,672122,184944.451,453897518.60081,0
1787716800000,2464.57,2472.00,2450.22,2460.51,332768.921,1787731199999,818931767.21519,598559,171413.523,421851269.90206,0
1787731200000,2460.52,2474.87,2441.51,2462.03,483383.854,1787745599999,1188443531.72918,751930,232088.854,570659711.08115,0
1787745600000,2462.03,2471.41,2431.00,2448.97,928087.722,1787759999999,2273455925.53708,1444598,457608.568,1121260069.49341,0
1787760000000,2448.98,2483.48,2436.19,2469.51,544369.525,1787774399999,1340101970.29477,774218,295724.317,728172568.89548,0
1787774400000,2469.51,2515.00,2458.62,2505.66,713537.432,1787788799999,1778751403.26655,954041,396571.536,988793678.03915,0
1787788800000,2505.66,2509.68,2485.06,2491.95,429950.220,1787803199999,1073246470.55931,712217,201051.813,501932534.26912,0
1787803200000,2491.95,2498.14,2480.56,2496.19,301626.469,1787817599999,750691815.19147,446282,153985.444,383296957.93589,0
1787817600000,2496.18,2566.40,2483.50,2500.41,1845309.844,1787831999999,4657727328.11088,1968208,916050.572,2313310193.21922,0
1787832000000,2500.41,2533.00,2481.19,2520.58,948432.387,1787846399999,2376588939.23621,1468945,472173.420,1183667021.50074,0
1787846400000,2520.59,2533.50,2487.40,2496.79,661653.213,1787860799999,1661279937.80447,1016543,306593.048,769970989.67104,0
1787860800000,2496.80,2516.97,2493.60,2509.74,236488.629,1787875199999,592823978.94916,408159,125288.878,314117300.25190,0
1787875200000,2509.75,2535.79,2482.85,2488.61,629534.358,1787889599999,1577571100.32477,882414,290133.899,727377462.66075,0
1787889600000,2488.60,2504.24,2473.68,2495.34,438093.537,1787903999999,1091398215.02879,550990,196085.935,488617355.10714,0
1787904000000,2495.35,2510.94,2480.51,2504.11,435738.228,1787918399999,1087340124.62416,529348,210610.886,525770171.22335,0
1787918400000,2504.11,2526.01,2461.71,2470.35,1371559.823,1787932799999,3423729496.01504,1873406,670137.528,1673766550.01267,0
1787932800000,2470.35,2472.85,2403.78,2434.42,1408413.027,1787947199999,3430429093.74459,1844759,656435.613,1598586915.28352,0
1787947200000,2434.43,2445.68,2420.76,2441.90,250055.226,1787961599999,608365296.98939,432471,135974.189,330904250.11581,0
1787961600000,2441.91,2447.00,2433.55,2434.05,165576.506,1787975999999,404057156.67388,255716,75336.186,183872998.29632,0
1787976000000,2434.06,2440.88,2429.04,2435.20,145053.585,1787990399999,353223233.06921,202367,64474.693,157027129.67686,0
1787990400000,2435.20,2437.54,2430.00,2434.87,109422.261,1788004799999,266328574.43947,171711,57820.111,140736795.16590,0
1788004800000,2434.87,2452.00,2431.20,2443.51,244963.272,1788019199999,598088967.12840,310891,130332.529,318249003.03725,0
1788019200000,2443.51,2458.64,2443.50,2452.16,253134.833,1788033599999,620405259.50123,347701,130271.681,319303380.42406,0
1788033600000,2452.16,2458.75,2447.57,2456.50,106176.624,1788047999999,260407927.42498,186980,53273.348,130669780.15031,0
1788048000000,2456.50,2466.95,2451.50,2456.00,202687.197,1788062399999,498146800.77658,302488,98990.575,243365196.28759,0
1788062400000,2456.00,2460.53,2450.36,2454.19,124952.262,1788076799999,306843723.78373,188011,59105.571,145159791.96301,0
1788076800000,2454.19,2460.98,2450.50,2459.11,146674.227,1788091199999,360186907.28616,207594,77671.993,190750438.08015,0
1788091200000,2459.11,2483.52,2456.81,2479.91,490238.604,1788105599999,1211065671.48516,649838,261336.259,645690189.02616,0
1788105600000,2479.92,2534.22,2477.87,2502.76,1036337.013,1788119999999,2601171259.72412,1289814,522359.288,1311123432.23079,0
1788120000000,2502.76,2507.73,2384.20,2415.55,1214671.325,1788134399999,2970652019.84913,1722758,541548.883,1324788129.59017,0
1788134400000,2415.57,2438.97,2400.19,2419.95,693727.505,1788148799999,1677688614.89234,1168875,339490.674,821198652.23817,0
1788148800000,2419.95,2445.96,2410.15,2439.02,522717.177,1788163199999,1270853756.84266,760462,267034.228,649309820.13273,0
1788163200000,2439.02,2456.98,2432.35,2445.10,389183.957,1788177599999,952044706.09768,656330,196249.504,480181425.09752,0
1788177600000,2445.11,2477.68,2436.05,2466.40,844440.592,1788191999999,2073807108.38061,1517763,450750.330,1107174259.88633,0
1788192000000,2466.41,2490.24,2459.50,2480.77,493836.798,1788206399999,1221688755.13103,845278,261804.987,647817578.76246,0
1788206400000,2480.77,2485.93,2460.38,2466.53,235311.890,1788220799999,581669095.61427,417245,105731.825,261389208.28103,0
