timestamp,open,high,low,close,volume,close_time,quote_volume,trades,taker_buy_base,taker_buy_quote,ignore
2022-06-18,20457.3,20768.4,17593.2,18959.7,1268591.388,1655596799999,24038549203.46261,9583930,627736.52,11892010865.20583,0
2022-06-19,18959.7,20821.0,17935.9,20564.2,1089275.674,1655683199999,21080192131.22859,8877056,567256.465,10983667422.862,0
2022-06-20,20564.3,21099.9,19630.0,20570.1,935816.13,1655769599999,19052030813.46172,7771043,477009.714,9713039776.67864,0
2022-06-21,20570.0,21740.0,20337.8,20713.1,787173.936,1655855999999,16577758368.34692,6702766,401063.387,8448891011.58595,0
2022-06-22,20713.1,20888.0,19745.7,19977.4,812184.193,1655942399999,16485504375.38122,6720501,405419.654,8231715496.98479,0
2022-06-23,19977.5,21250.0,19874.0,21096.6,698753.04,1656028799999,14372398242.68264,5727746,363287.369,7474903888.02636,0
2022-06-24,21096.6,21563.5,20732.5,21231.2,645450.778,1656115199999,13621335706.92468,5442506,325953.212,6880090140.80511,0
2022-06-25,21231.2,21627.6,20894.0,21481.9,434117.447,1656201599999,9228742005.28791,3865063,221738.793,4715085379.63822,0
2022-06-26,21481.9,21888.0,20952.0,21029.1,442787.736,1656287999999,9467563440.88587,3675374,219846.381,4702514595.56624,0
2022-06-27,21029.1,21560.0,20500.0,20730.0,539335.009,1656374399999,11319059806.09479,4297480,268184.568,5630365765.24998,0
2022-06-28,20730.0,21198.0,20188.0,20268.6,582916.108,1656460799999,12074564681.68627,4540284,289152.792,5992326388.83073,0
2022-06-29,20268.7,20430.0,19817.2,20109.9,608905.99,1656547199999,12250941435.49509,4327664,303678.065,6110582431.77157,0
2022-06-30,20109.9,20165.0,18563.0,19923.5,859981.415,1656633599999,16548226768.84932,5502182,428761.393,8250602211.03182,0
2022-07-01,19923.3,20926.4,18948.8,19272.0,915399.363,1656719999999,17973277787.04804,6152298,457870.747,8992956700.07802,0
2022-07-02,19272.0,19456.0,18959.0,19240.9,382851.525,1656806399999,7361597905.72379,2976646,193273.081,3716917943.2666,0
2022-07-03,19241.0,19645.4,18780.1,19305.9,449508.331,1656892799999,8622450486.1063,3298282,228761.251,4389214837.80957,0
2022-07-04,19306.0,20350.0,19046.3,20226.6,633310.187,1656979199999,12445691915.01023,4682514,329571.738,6479246965.72408,0
2022-07-05,20226.3,20749.2,19291.6,20170.0,854238.867,1657065599999,17057063374.95285,6376734,433546.901,8659958016.15215,0
2022-07-06,20170.1,20667.6,19753.0,20554.1,682076.458,1657151999999,13764942073.2418,5228369,350174.613,7068962780.45838,0
2022-07-07,20554.2,21830.0,20244.9,21613.4,699841.616,1657238399999,14673528816.01675,5246264,365938.179,7675710992.49503,0
2022-07-08,21614.5,22579.9,21175.2,21587.9,848144.495,1657324799999,18441993286.35933,6407442,430769.022,9370219065.80679,0
2022-07-09,21587.8,22000.0,21309.6,21580.0,393372.366,1657411199999,8503827622.59832,3425448,197426.333,4268843706.04637,0
2022-07-10,21580.0,21594.2,20600.0,20853.8,468176.539,1657497599999,9870330890.15699,3946140,225863.473,4762691068.32378,0
2022-07-11,20853.8,20853.9,19870.0,19954.3,561245.987,1657583999999,11469156941.09009,4722282,277127.043,5664894593.32809,0
2022-07-12,19954.3,20048.9,19228.3,19322.9,640560.723,1657670399999,12632186362.87899,5243512,318941.145,6291289463.4974,0
2022-07-13,19322.9,20401.6,18901.0,20220.1,975938.165,1657756799999,19099701219.32481,6940192,502395.361,9836048774.08444,0
2022-07-14,20220.1,20900.0,19600.0,20578.6,765989.53,1657843199999,15457229421.45097,6321440,394919.459,7972657572.17557,0
2022-07-15,20578.6,21200.0,20364.3,20823.1,626763.692,1657929599999,13043523984.48886,5299398,321760.576,6698195613.75099,0
2022-07-16,20823.1,21580.0,20471.0,21183.5,539206.87,1658015999999,11321826058.55016,4376025,274309.123,5762096976.22678,0
2022-07-17,21183.6,21674.1,20742.0,20794.4,485537.728,1658102399999,10308826275.78109,4320211,241994.482,5139611016.91506,0
2022-07-18,20794.4,22800.0,20764.4,22423.9,982867.734,1658188799999,21581852762.64478,7506531,502237.731,11029703030.23339,0
2022-07-19,22423.5,23817.9,21575.0,23385.9,1124029.082,1658275199999,25470793400.12995,8573585,573618.441,13010727087.5888,0
2022-07-20,23385.9,24277.0,22912.4,23221.5,946647.815,1658361599999,22329424219.08293,7875414,478526.288,11292381194.49016,0
2022-07-21,23221.5,23441.1,22340.2,23144.5,723543.466,1658447999999,16553246183.50506,6390688,361069.429,8262213487.24296,0
2022-07-22,23144.5,23750.0,22500.0,22675.1,633907.934,1658534399999,14697003018.10593,5619564,314534.426,7295453013.56864,0
2022-07-23,22675.0,22990.0,21933.5,22440.2,505887.673,1658620799999,11353416591.58139,4466638,251796.476,5652210925.56101,0
2022-07-24,22440.1,22999.0,22256.4,22570.6,462958.953,1658707199999,10486872827.38728,4140624,235244.65,5329663607.14576,0
2022-07-25,22570.6,22656.8,21232.0,21300.0,695770.655,1658793599999,15241930778.39496,5988694,339528.753,7440826220.76552,0
2022-07-26,21300.0,21334.4,20689.6,21241.0,552498.903,1658879999999,11607460262.67674,4637727,278338.701,5848844122.42733,0
2022-07-27,21241.0,23100.0,21031.0,22941.1,753370.303,1658966399999,16528529868.30713,5568859,392984.212,8626304357.91047,0
2022-07-28,22941.1,24194.6,22583.1,23836.2,756741.836,1659052799999,17665500374.48079,6067958,389997.993,9105030295.73183,0
2022-07-29,23836.2,24500.0,23426.3,23771.1,642337.051,1659139199999,15337312726.27532,5285059,321717.107,7683498505.70307,0
2022-07-30,23771.0,24700.0,23505.0,23629.9,493824.816,1659225599999,11889274245.47064,4311161,248529.15,5985486981.64209,0
2022-07-31,23630.0,24187.3,23222.0,23290.1,385969.85,1659311999999,9142633001.95407,3727790,191060.344,4526888395.89684,0
2022-08-01,23290.1,23497.0,22836.2,23257.6,498378.292,1659398399999,11554380879.33471,4196160,248287.068,5756820273.98665,0
2022-08-02,23257.6,23448.7,22603.0,22975.1,625227.912,1659484799999,14363033396.88062,5225422,314974.04,7237898749.15211,0
2022-08-03,22975.1,23650.0,22665.3,22801.5,569261.768,1659571199999,13201647982.58276,4736297,285742.749,6630016173.39801,0
2022-08-04,22801.5,23211.3,22370.0,22608.9,548268.816,1659657599999,12515146172.92225,4301796,266422.651,6082802050.8254,0
2022-08-05,22608.9,23450.0,22580.6,23298.1,593992.13,1659743999999,13716626797.39787,4688940,303297.553,7004186732.84069,0
2022-08-06,23298.0,23341.8,22883.6,22943.3,227659.394,1659830399999,5272174727.75062,2033387,112010.019,2594314504.53776,0
2022-08-07,22943.2,23400.0,22830.9,23167.8,271512.062,1659916799999,6267656688.48691,2243169,138063.836,3187781792.34214,0
2022-08-08,23167.9,24243.0,23153.1,23804.4,565084.219,1660003199999,13485945119.50385,4381367,290711.934,6937570126.91333,0
2022-08-09,23804.3,23913.4,22850.0,23140.2,498286.943,1660089599999,11634879431.41769,4053437,234067.613,5465910484.8506,0
2022-08-10,23140.1,24235.2,22608.0,23940.9,760738.204,1660175999999,17921041663.21249,5430716,386654.055,9112675459.95638,0
2022-08-11,23941.0,24972.0,23840.6,23917.2,760455.245,1660262399999,18562187367.96329,5828288,380384.846,9287688737.49963,0
2022-08-12,23917.3,24438.8,23560.0,24387.5,477734.045,1660348799999,11446334088.8081,3938014,238157.702,5707776512.08516,0
2022-08-13,24387.5,24879.0,24267.5,24429.0,431093.659,1660435199999,10577167655.58233,3636684,218017.011,5350024107.63232,0
2022-08-14,24429.0,25065.0,24138.0,24294.1,437314.32,1660521599999,10730828908.19903,3508473,216230.429,5308055649.87659,0
2022-08-15,24294.1,25200.0,23762.0,24085.2,739390.721,1660607999999,17992336053.67933,4717341,363943.421,8862214342.61711,0
2022-08-16,24085.2,24234.0,23650.0,23843.0,460919.994,1660694399999,11027935215.31227,3324655,225612.821,5398706947.75417,0
2022-08-17,23843.0,24437.0,23170.0,23333.1,640600.903,1660780799999,15186136927.96825,4655088,314117.594,7449071015.65654,0
2022-08-18,23333.1,23595.0,23101.0,23185.1,347699.006,1660867199999,8134736996.02001,3008405,173493.81,4059388361.29574,0
2022-08-19,23185.0,23200.0,20760.0,20824.9,906609.825,1660953599999,19700159303.89833,6096867,434933.69,9445139888.70489,0
2022-08-20,20825.0,21368.9,20742.9,21127.8,490507.042,1661039999999,10362322320.64405,3787390,248229.044,5244620327.69371,0
2022-08-21,21127.7,21804.6,21055.0,21505.6,424282.424,1661126399999,9076418907.61454,3349745,216117.318,4624092343.948,0
2022-08-22,21505.6,21550.0,20858.6,21387.0,588764.597,1661212799999,12492356305.43505,4392197,296697.395,6296473364.49458,0
2022-08-23,21387.0,21667.2,20874.8,21518.2,609745.27,1661299199999,13030512975.03382,4519094,311756.342,6664068390.19394,0
2022-08-24,21518.2,21925.6,21132.3,21354.9,502728.198,1661385599999,10795887952.94642,3744140,255093.78,5479736293.8669,0
2022-08-25,21355.0,21810.9,21295.3,21548.3,415757.992,1661471999999,8976368825.999,3095016,211440.778,4565400059.52464,0
2022-08-26,21548.3,21867.6,20100.0,20228.7,896474.356,1661558399999,18923645109.31387,5958792,433699.343,9161000066.25186,0
2022-08-27,20228.7,20367.7,19744.0,20023.9,469598.024,1661644799999,9430185077.10662,3707229,232241.515,4664165020.0015,0
2022-08-28,20024.0,20155.0,19508.0,19547.5,386405.195,1661731199999,7703477819.25788,3056487,191001.847,3809445606.11134,0
2022-08-29,19547.5,20440.0,19539.4,20275.5,598076.669,1661817599999,11969489778.36106,4169607,311295.499,6230320867.11469,0
2022-08-30,20275.5,20574.0,19524.4,19803.1,767714.993,1661903999999,15387324341.7651,4871684,382116.483,7660494114.50529,0
2022-08-31,19803.2,20496.0,19787.9,20041.5,711639.339,1661990399999,14364997156.93659,4852465,364579.78,7360489411.80172,0
2022-09-01,20041.4,20198.3,19555.0,20122.5,691594.721,1662076799999,13771147297.87754,4343667,341914.232,6809499797.99447,0
2022-09-02,20122.6,20434.3,19736.0,19941.0,669047.816,1662163199999,13442087838.13621,3954198,336630.234,6765470953.16647,0
2022-09-03,19941.0,20050.0,19628.7,19820.7,285240.989,1662249599999,5652779448.41072,2032791,138912.088,2753179000.329,0
2022-09-04,19820.7,20022.4,19570.0,19992.7,396798.184,1662335999999,7853749068.4689,2433253,199528.194,3950115120.2255,0
2022-09-05,19992.7,20046.7,19620.2,19784.9,446706.41,1662422399999,8837636837.41192,2695518,219740.749,4348179310.2221,0
2022-09-06,19784.9,20174.7,18600.0,18781.5,945489.142,1662508799999,18444352721.94751,5177737,450523.54,8796057332.05423,0
2022-09-07,18781.4,19455.0,18500.0,19287.0,595636.693,1662595199999,11283513643.93365,3479725,303498.827,5751839244.93214,0
2022-09-08,19287.0,19450.0,19003.8,19309.3,537268.644,1662681599999,10329897060.9389,3241570,272993.856,5249436479.9257,0
2022-09-09,19309.3,21666.0,19283.0,21352.0,992497.1,1662767999999,20595406252.57019,5787957,528955.645,10970699434.80109,0
2022-09-10,21352.0,21825.0,21112.2,21639.5,491543.206,1662854399999,10528881955.93716,3297829,252484.409,5409495112.42106,0
2022-09-11,21639.5,21883.4,21336.0,21820.3,420979.326,1662940799999,9093590170.7937,2862590,212886.577,4599568487.79556,0
2022-09-12,21820.3,22474.0,21540.0,22386.0,818601.932,1663027199999,18100462871.90017,5450349,420842.904,9307043800.99161,0
2022-09-13,22386.0,22850.0,19840.0,20162.5,1218769.927,1663113599999,26055120562.0565,7515217,599588.316,12833567145.90944,0
2022-09-14,20162.6,20528.5,19600.0,20217.0,661802.597,1663199999999,13338081191.69107,4375732,329481.944,6641753742.63175,0
2022-09-15,20217.0,20315.0,19453.0,19690.8,665862.067,1663286399999,13275371720.98828,4397144,328684.391,6554276545.21465,0
2022-09-16,19690.8,19878.0,19300.0,19792.5,544608.804,1663372799999,10699906720.22641,3356440,271043.98,5326076544.09165,0
2022-09-17,19792.4,20182.6,19739.4,20102.0,334678.558,1663459199999,6678646550.85602,2252934,172033.441,3433449035.40582,0
2022-09-18,20102.0,20105.3,19325.8,19404.5,499916.474,1663545599999,9879306624.60703,2840410,241263.602,4768913541.4587,0
2022-09-19,19404.5,19686.3,18215.0,19528.6,993776.352,1663631999999,18855643585.82462,5806574,493706.408,9370889022.86226,0
2022-09-20,19528.6,19625.0,18690.1,18866.8,794623.932,1663718399999,15185745305.0411,4564101,394662.254,7543721734.78889,0
2022-09-21,18866.7,20154.1,18084.3,18447.5,1168068.979,1663804799999,22278202291.21906,7384253,586476.532,11192760454.95797,0
2022-09-22,18447.5,19504.8,18345.2,19392.5,852898.391,1663891199999,16203598692.71296,5135005,436415.563,8292996335.17888,0
2022-09-23,19392.5,19492.0,18518.5,19280.7,838493.746,1663977599999,15886090825.79674,4776176,419156.857,7942948597.53281,0
2022-09-24,19280.7,19304.5,18798.0,18911.0,377158.215,1664063999999,7188116884.43088,2453806,187487.653,3573771842.2023,0
2022-09-25,18910.9,19196.0,18621.0,18799.7,410461.603,1664150399999,7774394534.94385,2538628,202102.868,3829009598.4603,0
2022-09-26,18799.7,19311.5,18671.0,19216.3,777807.518,1664236799999,14803230763.46802,4660592,396520.305,7548197856.49394,0
2022-09-27,19216.3,20375.0,18801.5,19070.1,1300566.158,1664323199999,25574742142.98837,7464455,654545.023,12878705155.46234,0
2022-09-28,19070.1,19787.6,18460.0,19407.3,1141222.772,1664409599999,21809407277.4523,6549142,575412.786,11002704914.10101,0
2022-09-29,19407.4,19648.8,18827.2,19582.5,991678.224,1664495999999,19151664008.3373,5608316,498754.47,9634187683.44537,0
2022-09-30,19582.5,20172.7,19066.0,19411.7,1071462.934,1664582399999,20985538466.48879,5922595,534904.355,10479387729.28653,0
2022-10-01,19411.6,19474.0,19140.0,19304.0,294457.009,1664668799999,5685550297.42183,1939854,144185.532,2784246476.8974,0
2022-10-02,19304.0,19389.0,18896.0,19049.4,414970.451,1664755199999,7957458596.47117,2498575,202621.19,3886043189.8318,0
2022-10-03,19049.3,19723.7,18950.8,19622.0,621816.329,1664841599999,12026295294.53641,3795723,321432.703,6217228235.30711,0
2022-10-04,19621.9,20500.0,19480.1,20333.0,796678.762,1664927999999,15931560832.40438,4715325,416652.855,8333408104.57493,0
2022-10-05,20332.9,20356.1,19707.0,20150.0,719577.149,1665014399999,14444920350.12968,4213991,358823.385,7204033674.27286,0
2022-10-06,20149.9,20443.9,19843.3,19954.0,782034.669,1665100799999,15747127411.81796,4650712,389002.932,7834334570.65109,0
2022-10-07,19954.0,20067.0,19304.4,19520.9,673407.102,1665187199999,13256159671.11093,4051050,323986.884,6379195001.6047,0
2022-10-08,19520.9,19619.6,19200.0,19406.2,253257.201,1665273599999,4925720956.06823,1749051,123754.239,2407418552.309,0
2022-10-09,19406.3,19550.0,19310.0,19430.0,267178.795,1665359999999,5194156496.34906,1739249,135041.1,2625493919.81136,0
2022-10-10,19430.0,19513.0,19000.0,19124.0,560920.904,1665446399999,10812283652.88902,3300957,271613.126,5236399001.5686,0
2022-10-11,19124.1,19260.0,18850.0,19055.0,603358.324,1665532799999,11498533040.99648,3341536,301534.208,5747189040.2871,0
2022-10-12,19055.0,19240.0,18924.3,19148.0,406770.288,1665619199999,7770793558.69373,2465034,204842.683,3913553340.16073,0
2022-10-13,19148.1,19498.6,17917.8,19365.5,1104615.001,1665705599999,20803755671.58129,5965822,548317.372,10332779983.60187,0
2022-10-14,19365.4,19947.9,19059.6,19164.6,861453.21,1665791999999,16828184593.54722,4735908,429107.424,8385720727.06833,0
2022-10-15,19164.6,19218.8,18966.0,19060.4,241520.185,1665878399999,4616795782.81949,1540108,118014.949,2256135138.1209,0
2022-10-16,19060.4,19415.9,19058.0,19251.9,267921.192,1665964799999,5145257703.0476,1691004,134085.564,2575168424.2901,0
2022-10-17,19251.8,19666.0,19148.0,19540.6,502319.759,1666051199999,9769309074.28858,2887591,259733.128,5051559982.45648,0
2022-10-18,19540.7,19706.4,19081.0,19320.9,634343.154,1666137599999,12327590621.92813,3459125,310203.329,6029736437.4722,0
2022-10-19,19320.9,19349.8,19050.0,19116.7,404370.458,1666223999999,7760139097.5399,2416553,196266.973,3767015670.0882,0
2022-10-20,19116.6,19350.0,18882.4,19034.7,537627.048,1666310399999,10277064463.57478,2877859,261819.691,5005173988.24583,0
2022-10-21,19034.8,19240.0,18600.0,19150.9,581878.905,1666396799999,11058978810.26926,2984842,289151.867,5497390082.03491,0
2022-10-22,19151.0,19250.0,19103.5,19195.1,174055.042,1666483199999,3337193018.901,1079976,88690.436,1700596744.9864,0
2022-10-23,19195.1,19690.0,19050.0,19560.7,358611.542,1666569599999,6943907525.50088,1947148,188795.43,3656463717.11928,0
2022-10-24,19560.6,19593.3,19146.0,19318.1,476676.536,1666655999999,9216319528.28483,2450024,232513.239,4495883147.477,0
2022-10-25,19318.1,20415.0,19228.0,20068.3,777306.534,1666742399999,15400549183.34802,4132715,403731.355,7999850052.08242,0
2022-10-26,20068.3,21030.0,20041.1,20758.3,841864.982,1666828799999,17352691191.05276,4594814,425235.003,8765776252.23314,0
2022-10-27,20758.4,20863.7,20170.0,20285.5,614910.045,1666915199999,12645404154.35179,3746823,296534.203,6100035333.432,0
2022-10-28,20285.6,20740.0,19951.0,20582.8,595538.882,1667001599999,12129765185.26634,3464429,297991.899,6071710763.19442,0
2022-10-29,20582.7,21088.0,20547.8,20796.7,482217.17,1667087999999,10032159490.8777,2764585,240831.261,5011025623.65917,0
2022-10-30,20796.7,20925.2,20503.0,20615.6,295389.69,1667174399999,6114966321.62948,1859492,145513.555,3013119568.5483,0
2022-10-31,20615.5,20838.7,20225.4,20482.0,478797.266,1667260799999,9815305143.42379,2823774,235335.712,4825462674.5819,0
2022-11-01,20482.1,20687.0,20320.0,20472.1,314676.187,1667347199999,6448795091.82572,1937679,156085.396,3199168629.38093,0
2022-11-02,20472.1,20796.0,20050.0,20140.1,651535.761,1667433599999,13312093111.48019,3539726,324205.203,6625901142.71293,0
2022-11-03,20140.2,20400.0,20026.0,20199.7,372121.061,1667519999999,7526916784.08875,2000313,185931.45,3761375643.753,0
2022-11-04,20199.8,21297.0,20171.6,21137.6,824515.215,1667606399999,17139316861.70927,4051389,421800.646,8768710759.88774,0
2022-11-05,21137.6,21473.7,21071.1,21289.9,303983.372,1667692799999,6482077789.53821,1973421,153861.129,3280961716.88031,0
2022-11-06,21289.8,21355.8,20863.3,20900.0,277148.646,1667779199999,5867597250.95476,1654568,132682.069,2809748144.4081,0
2022-11-07,20900.0,21062.6,20374.0,20578.6,554408.316,1667865599999,11501587222.14423,3049391,268943.792,5580764313.7752,0
2022-11-08,20578.5,20685.0,16830.0,18534.0,2046476.313,1667951999999,39317019209.93521,10670666,996475.056,19150744714.54398,0
2022-11-09,18533.9,18574.9,15462.6,15905.0,2065606.412,1668038399999,35439309964.8887,12234814,994054.311,17061073283.65767,0
2022-11-10,15905.0,18230.0,15730.0,17588.0,1497093.602,1668124799999,25510406114.43922,9507944,762434.255,12996605641.60776,0
2022-11-11,17588.0,17678.0,16343.0,17058.3,955344.602,1668211199999,16277121145.55291,6729390,478490.175,8154856435.62334,0
2022-11-12,17058.4,17110.8,16623.8,16806.9,304455.717,1668297599999,5128002410.89517,2462955,154268.458,2598752238.66803,0
2022-11-13,16806.9,16950.0,16210.3,16321.2,349742.836,1668383999999,5801587266.16716,2521646,170553.271,2829566179.88424,0
2022-11-14,16321.3,17188.0,15805.5,16605.2,934392.484,1668470399999,15414723480.12307,6045427,470329.645,7762122383.11117,0
2022-11-15,16605.3,17127.2,16516.7,16888.3,649349.458,1668556799999,10938869739.93734,4117920,328279.885,5530694580.00536,0
2022-11-16,16888.3,17007.4,16358.0,16650.6,537241.645,1668643199999,8944296635.42915,3478826,266222.725,4433336578.20557,0
2022-11-17,16650.7,16741.7,16403.3,16682.1,408989.285,1668729599999,6784537154.32738,2605870,205691.358,3412432571.32574,0
2022-11-18,16682.1,16984.4,16541.1,16689.7,388612.842,1668815999999,6506820289.13927,2336444,197146.935,3301435563.80423,0
2022-11-19,16689.7,16814.5,16543.8,16692.9,171822.915,1668902399999,2861333541.4962,1141671,86114.175,1434045898.6149,0
2022-11-20,16693.0,16743.9,16167.1,16272.6,327599.214,1668988799999,5406658335.48391,1896705,159651.534,2635111226.6187,0
2022-11-21,16272.7,16304.3,15443.2,15773.0,790219.365,1669075199999,12615525683.34995,4284344,387859.776,6193711202.09852,0
2022-11-22,15772.9,16309.0,15610.3,16220.6,579333.644,1669161599999,9247607752.32879,3438309,298913.634,4772492195.87961,0
2022-11-23,16220.5,16703.4,16155.5,16595.8,546714.91,1669247999999,9010060479.37584,3319572,280154.178,4617585054.31714,0
2022-11-24,16595.8,16800.0,16450.0,16592.4,351024.418,1669334399999,5829469816.57378,2224179,176391.185,2929822123.48014,0
2022-11-25,16592.5,16639.9,16331.7,16516.1,306560.116,1669420799999,5053312513.9595,1798061,152812.182,2519424576.1873,0
2022-11-26,16516.2,16699.1,16369.1,16449.2,253401.659,1669507199999,4194530429.9317,1518627,126629.776,2096469025.5548,0
2022-11-27,16449.2,16594.2,16396.0,16422.6,189370.345,1669593599999,3128892691.8766,1165521,95297.449,1574638605.1632,0
2022-11-28,16422.5,16475.0,15984.1,16204.5,497137.869,1669679999999,8055102077.13727,2736780,247420.181,4009316678.038,0
2022-11-29,16204.6,16543.0,16088.0,16433.2,391410.854,1669766399999,6420893173.50274,2098706,200297.135,3286258934.01994,0
2022-11-30,16433.3,17248.3,16421.5,17153.3,620324.95,1669852799999,10484678949.19782,3197448,324532.119,5484868596.62088,0
2022-12-01,17153.4,17348.5,16851.2,16970.5,411051.309,1669939199999,7012379504.74513,2195426,203203.47,3467383896.1683,0
2022-12-02,16970.5,17096.3,16760.0,17083.0,335039.215,1670025599999,5677269598.4332,1885103,169750.685,2877006307.6971,0
2022-12-03,17083.0,17160.0,16850.1,16879.5,185257.242,1670111999999,3142125597.7286,1120052,91150.269,1546125066.8714,0
2022-12-04,16879.5,17206.2,16874.1,17099.5,292090.868,1670198399999,4972708169.3658,1618863,153355.38,2611199881.5211,0
2022-12-05,17099.5,17430.0,16860.6,16958.3,519961.39,1670284799999,8927523671.51991,2926850,255808.742,4393254058.16398,0
2022-12-06,16958.2,17100.0,16899.9,17078.6,321330.613,1670371199999,5459567210.6866,1999108,163623.517,2780385201.0178,0
2022-12-07,17078.7,17130.0,16655.0,16828.0,337778.925,1670457599999,5692590254.44704,1894001,162494.52,2738398161.1937,0
2022-12-08,16828.0,17294.9,16710.4,17216.0,402157.335,1670543999999,6833210695.12541,2123523,212725.266,3615373453.22581,0
2022-12-09,17216.0,17365.4,17052.0,17122.0,290231.183,1670630399999,4985683348.1939,1628630,145233.326,2495336272.1422,0
2022-12-10,17122.0,17228.6,17081.0,17120.0,141895.207,1670716799999,2433765605.0113,868846,72264.377,1239539864.609,0
2022-12-11,17120.1,17265.0,17060.0,17077.3,171004.111,1670803199999,2932155202.0391,1012706,84191.709,1443762775.8499,0
2022-12-12,17077.3,17237.9,16865.0,17200.0,335856.258,1670889599999,5711628347.72763,1742321,169725.38,2887096959.1176,0
2022-12-13,17200.0,18100.0,17076.0,17777.1,596851.291,1670975999999,10490862496.70048,3060185,312688.716,5496071258.2506,0
2022-12-14,17777.1,18400.0,17659.4,17803.9,627511.699,1671062399999,11268618570.91463,3317163,320955.657,5765108789.94941,0
2022-12-15,17804.0,17849.5,17258.0,17351.8,437284.037,1671148799999,7667339751.05844,2399085,207475.11,3638418054.3391,0
2022-12-16,17351.9,17528.0,16521.1,16624.1,622150.245,1671235199999,10567832471.04395,3252339,300805.629,5110619125.9195,0
2022-12-17,16624.1,16790.0,16571.8,16768.0,248465.273,1671321599999,4146359913.8303,1457086,127451.595,2127052153.9593,0
2022-12-18,16768.1,16872.0,16656.0,16730.3,185898.213,1671407999999,3110497440.0705,1129837,95900.13,1604846475.8108,0
2022-12-19,16730.4,16809.6,16210.0,16429.2,344728.552,1671494399999,5726008366.05374,1920621,165589.71,2751191820.4059,0
2022-12-20,16429.2,17049.6,16390.3,16887.2,476171.098,1671580799999,7997345166.42257,2490230,244941.416,4113556006.20877,0
2022-12-21,16887.3,16924.2,16694.2,16819.6,227752.335,1671667199999,3830411850.77234,1277706,112775.443,1896896801.7935,0
2022-12-22,16819.7,16861.9,16556.1,16815.5,306610.961,1671753599999,5129865155.4518,1576864,152999.217,2559938347.8128,0
2022-12-23,16815.5,16960.0,16690.0,16776.4,264553.42,1671839999999,4451798691.0348,1351547,134466.878,2263072963.8695,0
2022-12-24,16776.3,16859.9,16774.4,16828.9,82410.79,1671926399999,1386327837.9178,492881,41552.085,698998308.8899,0
2022-12-25,16829.0,16850.0,16700.0,16824.4,144075.843,1672012799999,2419698734.4932,772341,71656.287,1203499336.3318,0
2022-12-26,16824.5,16936.8,16781.1,16912.9,148128.699,1672099199999,2495552248.1392,806616,76793.753,1293884898.4676,0
2022-12-27,16912.8,16968.0,16580.0,16698.2,262828.564,1672185599999,4408009231.4954,1303236,127575.521,2139679714.6757,0
2022-12-28,16698.2,16778.3,16455.6,16539.0,344649.858,1672271999999,5727799258.57904,1597488,169600.703,2818905683.9262,0
2022-12-29,16538.9,16659.0,16485.1,16630.3,208591.531,1672358399999,3460146192.0415,1012505,106311.864,1763493003.2009,0
2022-12-30,16630.3,16666.6,16320.0,16601.2,295630.49,1672444799999,4881195596.8533,1311988,145078.787,2395678437.6654,0
2022-12-31,16601.2,16640.0,16461.8,16537.6,134462.156,1672531199999,2227238361.6692,685007,65822.96,1090387416.1032,0
2023-01-01,16537.5,16618.8,16488.0,16610.3,105502.965,1672617599999,1746449849.7392,594299,52617.509,871082706.8239,0
2023-01-02,16610.4,16799.0,16541.2,16666.0,215161.176,1672703999999,3591354304.35244,1020015,108472.125,1810723970.13864,0
2023-01-03,16665.9,16774.0,16600.3,16667.2,203070.205,1672790399999,3387368709.5144,966813,100250.318,1672393018.3905,0
2023-01-04,16667.3,16984.6,16645.7,16842.1,349747.838,1672876799999,5888326801.78923,1618311,177753.125,2992643471.11553,0
2023-01-05,16842.2,16872.8,16740.4,16823.8,176369.347,1672963199999,2966302291.7523,892815,87831.439,1477299560.3838,0
2023-01-06,16823.8,17030.0,16664.8,16943.8,316973.629,1673049599999,5333655035.26937,1370628,160309.587,2697892780.65753,0
2023-01-07,16943.9,16973.6,16900.1,16936.5,77973.105,1673135999999,1320072681.1707,454642,39351.115,666198018.8261,0
2023-01-08,16936.5,17181.1,16905.0,17124.7,157717.318,1673222399999,2677202628.9964,775585,83397.144,1416053066.9068,0
2023-01-09,17124.6,17387.8,17098.2,17169.7,400277.809,1673308799999,6899176604.98138,1767631,200363.146,3453729372.60018,0
2023-01-10,17169.6,17485.4,17140.4,17428.8,297320.371,1673395199999,5146868921.9222,1362100,152579.704,2641360695.8252,0
2023-01-11,17428.8,18013.2,17306.4,17935.7,386277.106,1673481599999,6776699165.64645,1720123,201937.656,3544334744.07425,0
2023-01-12,17935.6,19120.0,17902.4,18838.0,1040334.76,1673567999999,19148363107.05267,4582821,534948.464,9849293315.59601,0
2023-01-13,18838.1,19997.8,18711.0,19924.2,806807.832,1673654399999,15537710427.37066,3959376,415740.616,8009378312.84056,0
2023-01-14,19924.3,21544.0,19882.6,20962.8,1010666.683,1673740799999,20998726724.36468,5289343,511124.909,10618826164.95763,0
2023-01-15,20962.8,21073.8,20556.0,20882.7,428486.559,1673827199999,8913057374.28152,2666812,212910.07,4429332007.81896,0
2023-01-16,20882.7,21498.0,20606.6,21188.3,666148.201,1673913599999,14032617401.17082,4013906,333915.315,7036062363.27304,0
2023-01-17,21188.2,21640.0,20827.8,21130.9,547390.593,1673999999999,11615613152.77241,3216496,275473.368,5847336700.47464,0
2023-01-18,21130.8,21672.0,20386.0,20680.0,813785.517,1674086399999,17129538788.44014,4880532,405610.78,8540377443.09691,0
2023-01-19,20680.1,21183.9,20659.9,21068.3,374733.617,1674172799999,7822342459.57356,2261529,189723.812,3961007029.48296,0
2023-01-20,21068.3,22750.0,20856.4,22661.1,723645.2,1674259199999,15661806602.12429,3903593,378591.737,8198235121.79229,0
2023-01-21,22661.0,23390.0,22422.0,22781.9,764681.1,1674345599999,17543885761.9696,4452486,381737.848,8759143952.97486,0
2023-01-22,22781.8,23080.2,22287.0,22704.6,482529.811,1674431999999,10978562431.79006,2934952,237240.175,5398756637.50525,0
2023-01-23,22704.7,23193.1,22500.0,22913.1,525802.84,1674518399999,12012842979.87915,3132952,262293.92,5993269939.03665,0
2023-01-24,22913.3,23158.7,22450.0,22627.4,505615.816,1674604799999,11572452898.66944,2961877,244865.087,5605458866.79081,0
2023-01-25,22627.5,23837.4,22310.5,23060.6,692786.607,1674691199999,15838682593.16114,4069945,348568.69,7972068165.63309,0
2023-01-26,23060.6,23278.7,22843.8,23001.9,427760.786,1674777599999,9860266068.50203,2768278,210791.528,4859341223.04126,0
2023-01-27,23001.9,23500.0,22516.6,23068.0,509920.307,1674863999999,11736116589.73221,3045131,253654.606,5839612114.14752,0
2023-01-28,23068.1,23185.0,22870.8,23015.9,186400.943,1674950399999,4287806004.0492,1452787,93351.471,2147538148.8465,0
2023-01-29,23016.0,23962.7,22961.5,23740.3,562028.231,1675036799999,13203229115.48447,3749129,289228.274,6795194980.08346,0
2023-01-30,23740.2,23804.6,22484.2,22819.9,572537.407,1675123199999,13260710938.80389,3732017,272331.712,6308946580.9058,0
2023-01-31,22819.9,23330.0,22715.3,23119.4,403726.966,1675209599999,9282622250.26382,2753125,203885.894,4688836595.77872,0
2023-02-01,23119.5,23852.4,22747.0,23730.0,571429.711,1675295999999,13276728610.62969,3732189,287213.19,6675085949.25407,0
2023-02-02,23730.1,24281.4,23365.0,23493.1,615740.338,1675382399999,14672020690.5787,4136628,304399.567,7255687181.68452,0
2023-02-03,23493.0,23719.9,23201.0,23424.7,470831.438,1675468799999,11047679446.9572,3231984,232037.85,5445353439.87534,0
2023-02-04,23424.7,23591.4,23250.0,23322.6,197118.393,1675555199999,4613381157.5632,1515159,97925.022,2292235317.28,0
2023-02-05,23322.6,23436.0,22741.0,22929.2,356665.034,1675641599999,8235110913.12042,2413892,168478.328,3890523800.8999,0
2023-02-06,22929.3,23159.4,22600.0,22757.7,417160.143,1675727999999,9551236526.98696,2671329,205648.867,4709593003.06291,0
2023-02-07,22757.8,23368.6,22742.4,23234.1,447273.494,1675814399999,10297159070.8913,2811376,227838.755,5246060241.38648,0
2023-02-08,23234.1,23450.0,22662.9,22955.9,383465.481,1675900799999,8824616946.18832,2432733,188193.359,4331860417.2792,0
2023-02-09,22955.9,23007.8,21684.7,21793.4,732295.35,1675987199999,16381601662.80056,4168493,352383.973,7884131203.56675,0
2023-02-10,21793.3,21933.8,21405.0,21618.6,439986.497,1676073599999,9560010537.24584,2754970,218401.918,4746056750.4795,0
2023-02-11,21618.6,21891.9,21594.4,21851.3,189249.667,1676159999999,4107550899.473,1293121,97140.493,2108626609.715,0
2023-02-12,21851.2,22080.9,21618.0,21771.1,276787.093,1676246399999,6050172252.9127,1829939,137801.412,3012674101.98673,0
2023-02-13,21771.0,21888.0,21338.0,21766.2,511595.693,1676332799999,11064385171.50844,3063623,254937.184,5514335125.55216,0
2023-02-14,21766.1,22320.0,21485.2,22187.4,598791.509,1676419199999,13138446771.27616,3582749,301714.763,6620555834.92226,0
2023-02-15,22187.4,24420.0,22038.5,24332.6,824676.471,1676505599999,19105717014.29069,4773998,438095.939,10150489392.24219,0
2023-02-16,24332.7,25290.0,23518.0,23526.6,959463.159,1676591999999,23594991207.78344,6066350,476025.725,11713610216.77922,0
2023-02-17,23526.6,25043.2,23350.0,24581.5,922717.148,1676678399999,22269729549.78749,5941536,466655.784,11265293279.35803,0
2023-02-18,24581.3,24887.5,24430.6,24636.9,261555.556,1676764799999,6441713215.92101,2200570,130552.462,3215740824.08061,0
2023-02-19,24636.8,25200.0,24179.4,24265.9,543506.628,1676851199999,13409130913.30667,3533276,263715.507,6508964121.49515,0
2023-02-20,24265.9,25140.0,23827.0,24849.9,646401.072,1676937599999,15954258831.2622,4489943,325756.247,8042075424.60315,0
2023-02-21,24849.9,25347.6,24150.0,24443.4,729290.575,1677023999999,17996162952.26349,4820541,357778.843,8833009456.17446,0
2023-02-22,24443.3,24468.5,23572.0,24171.3,730414.101,1677110399999,17500937832.07492,5090139,352155.899,8438976506.53682,0
2023-02-23,24171.3,24588.0,23590.0,23928.8,751339.414,1677196799999,18066676937.66089,5244513,369788.469,8893367081.65688,0
2023-02-24,23928.7,24138.6,22800.0,23175.6,731577.942,1677283199999,17176351552.41237,4944260,350601.005,8234014172.71578,0
2023-02-25,23175.5,23210.5,22700.0,23146.2,310795.648,1677369599999,7149097149.93959,2424080,151634.042,3488785432.40751,0
2023-02-26,23146.2,23675.0,23050.0,23545.3,371395.056,1677455999999,8663022665.24848,2819306,189099.315,4411672661.35098,0
2023-02-27,23545.2,23888.0,23088.0,23480.0,576754.966,1677542399999,13533218116.93548,4171455,286691.878,6728538499.90897,0
2023-02-28,23480.0,23592.8,23010.0,23129.6,456919.838,1677628799999,10669916658.50471,3350674,221073.577,5163282472.253,0
2023-03-01,23129.7,24022.7,23008.4,23619.8,617250.311,1677715199999,14566071875.52603,4206389,314962.841,7433802213.0885,0
2023-03-02,23619.8,23790.5,23183.0,23457.1,419256.601,1677801599999,9812612221.27088,3015967,206750.719,4839526748.2583,0
2023-03-03,23457.1,23468.5,21883.2,22342.8,608518.137,1677887999999,13631210171.56995,3866916,283462.569,6347417060.56692,0
2023-03-04,22342.8,22400.0,22147.5,22335.7,175309.211,1677974399999,3909987751.0262,1305968,88103.197,1965194667.7109,0
2023-03-05,22335.8,22650.0,22174.9,22419.4,282261.745,1678060799999,6328721520.6235,1874867,143873.702,3226160540.5217,0
2023-03-06,22419.3,22594.5,22240.1,22397.1,298976.397,1678147199999,6702364485.6129,2012422,147055.495,3296881966.4401,0
2023-03-07,22397.1,22550.0,21908.0,22187.1,548494.099,1678233599999,12196490218.23626,3202168,270677.072,6020127655.34381,0
2023-03-08,22187.1,22276.4,21540.5,21695.4,547867.967,1678319999999,12052988553.6567,3276230,263516.807,5799355284.3335,0
2023-03-09,21695.3,21823.0,20003.5,20348.3,951903.36,1678406399999,20058296300.05462,5290521,451515.553,9520938436.9108,0
2023-03-10,20348.4,20351.8,19521.6,20140.3,1238135.265,1678492799999,24701622102.4386,6670105,613446.983,12240445784.38266,0
2023-03-11,20140.3,20674.5,19752.5,20447.3,753479.558,1678579199999,15236396244.00332,4855620,385590.707,7798516747.10955,0
2023-03-12,20447.3,22184.0,20262.2,21986.2,881522.402,1678665599999,18488877763.69799,5400565,462807.905,9711424272.47629,0
2023-03-13,21986.2,24517.2,21804.0,24119.5,1534982.176,1678751999999,35400848297.96145,10210273,792707.751,18280845428.45666,0
2023-03-14,24119.5,26489.9,23951.0,24682.5,1572562.635,1678838399999,39411234190.48011,11299346,787298.568,19735183976.84621,0
2023-03-15,24682.5,25200.0,23888.0,24288.0,1102056.429,1678924799999,27097556193.83353,8302944,550068.277,13527752107.95273,0
2023-03-16,24287.9,25167.9,24120.5,24990.4,735446.946,1679011199999,18170050595.51308,6238982,368306.41,9101111741.13063,0
2023-03-17,24990.5,27763.4,24875.3,27384.0,1341159.064,1679097599999,35443530287.65108,10192241,692742.466,18307537966.5674,0
2023-03-18,27383.9,27726.4,26555.5,26907.0,740232.316,1679183999999,20184491452.70674,6453518,362122.498,9877028394.80117,0
2023-03-19,26907.0,28397.0,26815.9,27955.7,759367.078,1679270399999,20977139675.99659,6421005,385924.863,10663327634.68572,0
2023-03-20,27955.8,28483.2,27120.6,27704.1,937223.448,1679356799999,26103780621.31453,7758928,463901.53,12924206254.85234,0
2023-03-21,27704.1,28460.0,27288.0,28091.1,685487.714,1679443199999,19152913743.53478,6537638,341214.282,9535776429.15329,0
2023-03-22,28091.1,28881.0,26590.0,27233.8,1080393.27,1679529599999,30186741704.76973,8635170,536538.588,14999230711.37439,0
2023-03-23,27233.8,28777.0,27101.0,28284.1,808174.047,1679615999999,22583147907.22827,6394495,411445.582,11498503263.01036,0
2023-03-24,28284.0,28369.1,26960.0,27438.9,696075.37,1679702399999,19369885616.52528,5519306,338210.882,9414918125.99339,0
2023-03-25,27439.0,27788.0,27131.8,27447.3,335674.055,1679788799999,9219228887.09329,3026808,166700.041,4579168625.36854,0
2023-03-26,27447.2,28186.9,27400.0,27954.3,399756.985,1679875199999,11110815846.83666,3281476,202591.082,5631661123.28706,0
2023-03-27,27954.3,28019.4,26480.0,27112.0,642434.822,1679961599999,17542947640.15402,5064388,309890.679,8462580599.71231,0
2023-03-28,27112.0,27500.0,26610.0,27249.7,585080.772,1680047999999,15806950765.76132,4777546,292760.916,7911119288.16518,0
2023-03-29,27249.7,28649.9,27223.6,28338.5,655852.971,1680134399999,18472646921.01927,5388434,336722.192,9482580881.81991,0
2023-03-30,28338.6,29184.8,27654.1,28015.0,770966.1,1680220799999,21882841599.42791,6177264,381217.0,10823868916.86587,0
2023-03-31,28015.0,28675.3,27500.0,28454.9,611557.29,1680307199999,17241323711.94637,5207648,307763.883,8679287555.29,0
2023-04-01,28454.8,28845.3,28180.0,28443.8,256487.222,1680393599999,7298340524.07105,2401480,127870.841,3639363641.61016,0
2023-04-02,28443.7,28516.5,27820.0,28161.2,316658.67,1680479999999,8922911429.0644,2802195,153621.035,4329266889.29578,0
2023-04-03,28161.3,28540.0,27166.0,27786.1,741665.563,1680566399999,20745208330.25454,5406685,362467.885,10142224927.2093,0
2023-04-04,27786.1,28450.0,27650.2,28155.2,432370.612,1680652799999,12148930975.14344,3984245,217893.823,6123096292.81752,0
2023-04-05,28155.1,28800.0,27775.0,28154.0,543712.838,1680739199999,15395006484.55794,4531402,271962.292,7702654694.54489,0
2023-04-06,28154.0,28175.0,27684.2,28022.8,355916.782,1680825599999,9953310708.79362,3071514,173330.31,4847803106.43654,0
2023-04-07,28022.9,28096.0,27755.0,27890.7,219250.178,1680911999999,6118045792.5145,1917751,107602.684,3002745520.7111,0
2023-04-08,27890.7,28153.6,27850.1,27924.9,159129.56,1680998399999,4453733138.91332,1314182,79060.895,2212908144.45924,0
2023-04-09,27924.9,28539.1,27762.8,28309.4,305861.88,1681084799999,8589117716.66099,2214631,156920.895,4408179639.25343,0
2023-04-10,28309.4,29840.0,28153.6,29623.1,580061.925,1681171199999,16759574206.41599,4123452,307108.653,8875711866.48355,0
2023-04-11,29623.1,30564.0,29573.9,30185.1,628978.491,1681257599999,18933421282.50967,4729571,320948.789,9662923739.48705,0
2023-04-12,30185.1,30480.0,29620.0,29875.0,563668.43,1681343999999,16925990333.74135,4387682,274095.011,8232888836.54609,0
2023-04-13,29874.9,30648.9,29836.7,30362.7,436182.494,1681430399999,13196552183.52759,3715786,221110.303,6690678820.49995,0
2023-04-14,30362.7,31059.0,29925.0,30453.1,615391.615,1681516799999,18803216668.181,5129517,305214.369,9328551186.23577,0
2023-04-15,30453.0,30599.9,30186.0,30280.4,180234.082,1681603199999,5470537724.74858,1830086,88235.857,2678489804.56793,0
2023-04-16,30280.4,30560.0,30102.0,30286.6,210226.019,1681689599999,6372172002.43268,1979267,104891.341,3179663431.59551,0
2023-04-17,30286.6,30307.4,29219.9,29420.0,455518.548,1681775999999,13503235174.14893,3560659,216409.834,6414429315.19702,0
2023-04-18,29420.1,30480.0,29078.1,30365.8,533189.27,1681862399999,16000595786.75336,4274050,268618.874,8062491742.44141,0
2023-04-19,30365.8,30410.0,28557.3,28795.1,643866.11,1681948799999,18890822746.77531,5132636,304917.003,8946658537.96385,0
2023-04-20,28795.0,29078.0,27983.0,28229.9,639179.286,1682035199999,18268559026.79414,5539024,312317.655,8928741908.61007,0
2023-04-21,28229.9,28368.9,27100.0,27252.5,687832.833,1682121599999,19154822175.12687,5562056,335401.125,9343883615.18001,0
2023-04-22,27252.6,27888.0,27126.0,27807.2,345549.021,1682207999999,9486931563.8422,2977249,176885.971,4857095933.51294,0
2023-04-23,27807.2,27807.3,27279.7,27576.0,332082.355,1682294399999,9148054894.69136,3098041,162384.617,4473558049.47598,0
2023-04-24,27575.9,28000.0,26919.3,27497.5,581268.268,1682380799999,15953818918.34071,5618420,286930.069,7877560164.3812,0
2023-04-25,27497.4,28379.9,27176.6,28286.7,508254.515,1682467199999,14045812538.45073,4735859,262433.053,7254921517.45639,0
2023-04-26,28286.7,30048.2,27200.0,28395.9,1284924.668,1682553599999,36973550164.94095,8966446,646460.662,18605129887.66778,0
2023-04-27,28396.0,29898.0,28365.3,29459.0,952584.739,1682639999999,27782772896.56456,8339857,482300.814,14069917959.83486,0
2023-04-28,29459.0,29591.1,28870.0,29300.0,508350.155,1682726399999,14879300727.03726,5098353,251881.846,7373806020.86186,0
2023-04-29,29300.0,29443.9,29000.4,29212.7,218013.244,1682812799999,6381226955.68392,2326398,106970.978,3131356693.5631,0
2023-04-30,29212.7,29950.0,29067.4,29223.0,417798.846,1682899199999,12308569143.22655,3831415,209537.432,6174181640.74801,0
2023-05-01,29223.0,29325.5,27650.0,28054.4,624974.488,1682985599999,17715530181.15137,5751299,299961.517,8502177382.2138,0
2023-05-02,28054.5,28888.0,27854.0,28656.5,513546.269,1683071999999,14563151413.11936,5054283,261246.324,7410061314.6964,0
2023-05-03,28656.4,29258.4,28080.0,29018.4,676466.23,1683158399999,19317326412.84522,6377432,342465.824,9782198497.49407,0
2023-05-04,29018.4,29380.0,28660.0,28826.0,426425.584,1683244799999,12351553435.64055,4742919,210626.637,6102163251.10883,0
2023-05-05,28826.0,29693.0,28618.3,29491.5,578485.177,1683331199999,16927223730.86086,5470394,295386.667,8645297072.35527,0
2023-05-06,29491.5,29840.0,28333.0,28837.8,475628.901,1683417599999,13798897391.83881,4534010,230364.328,6685476928.26591,0
2023-05-07,28837.9,29137.0,28370.0,28419.4,308410.643,1683503999999,8896354660.35729,3445261,150881.809,4353309036.01683,0
2023-05-08,28419.5,28624.6,27250.0,27659.8,658188.777,1683590399999,18339478036.73547,6208727,317479.47,8846487495.8237,0
2023-05-09,27659.8,27815.6,27316.8,27610.2,367664.686,1683676799999,10141376746.46744,4277816,184389.401,5086790813.76146,0
2023-05-10,27610.2,28297.0,26666.6,27582.9,722502.676,1683763199999,20001892800.24953,6667421,357840.011,9910309901.39146,0
2023-05-11,27583.0,27630.0,26688.8,26956.4,538822.363,1683849599999,14649119359.74357,5661571,263065.114,7153190242.43016,0
2023-05-12,26956.4,27090.0,25751.0,26785.1,615645.508,1683935999999,16266529977.65859,6231218,300548.409,7943454570.29941,0
2023-05-13,26785.2,27051.5,26674.9,26762.7,242694.929,1684022399999,6509153676.52752,2852715,122878.742,3296101657.4184,0
2023-05-14,26762.8,27200.0,26557.0,26901.9,247579.427,1684108799999,6656688171.93944,2846819,126373.637,3398259039.07971,0
2023-05-15,26901.9,27650.0,26694.4,27152.5,450263.076,1684195199999,12295451723.86526,4715118,225840.552,6168206273.31608,0
2023-05-16,27152.5,27284.7,26832.0,27024.8,373172.951,1684281599999,10093411170.41688,3880211,183965.66,4976612587.32298,0
2023-05-17,27024.7,27500.0,26527.5,27395.8,490065.218,1684367999999,13216351846.61259,4463922,247031.532,6664812636.09984,0
2023-05-18,27395.7,27482.7,26335.3,26809.3,544971.979,1684454399999,14727436133.81543,4707522,265355.239,7173661710.66004,0
2023-05-19,26809.4,27180.0,26611.2,26870.1,324097.956,1684540799999,8708772764.36967,3022112,160983.349,4326514370.02405,0
2023-05-20,26870.1,27144.4,26813.5,27089.5,137515.354,1684627199999,3707697281.1093,1513513,71584.598,1930327353.1779,0
2023-05-21,27089.6,27288.0,26642.0,26732.8,238776.425,1684713599999,6431869877.90651,2166741,114149.339,3075500274.48755,0
2023-05-22,26732.8,27097.8,26500.0,26840.2,328030.52,1684799999999,8796130693.48035,2928004,166204.584,4457297988.88282,0
2023-05-23,26840.2,27527.5,26782.6,27209.9,369176.618,1684886399999,10055521160.75082,3213050,188440.253,5132744740.45744,0
2023-05-24,27209.9,27212.9,26060.0,26313.8,535191.677,1684972799999,14198721097.42495,4225865,254297.783,6744783768.63836,0
2023-05-25,26313.9,26644.0,25850.0,26461.8,394535.225,1685059199999,10368530938.48118,3050516,198963.797,5230703062.81819,0
2023-05-26,26461.7,26925.0,26313.9,26689.9,324475.546,1685145599999,8633310426.32368,2735645,164118.278,4367405284.22828,0
2023-05-27,26689.8,26890.0,26528.6,26841.6,163681.935,1685231999999,4371514145.40532,1542894,83391.193,2227519288.18362,0
2023-05-28,26841.6,28252.8,26746.0,28055.7,440115.394,1685318399999,12079775165.95981,3490620,234226.791,6429682406.18465,0
2023-05-29,28055.8,28442.0,27513.5,27722.0,411290.549,1685404799999,11464529935.57118,3347963,203499.742,5673038300.78283,0
2023-05-30,27722.1,28038.6,27530.0,27680.1,334379.313,1685491199999,9289854388.3587,3054868,163458.305,4541755326.11208,0
2023-05-31,27680.0,27825.0,26826.0,27201.1,471381.89,1685577599999,12797264657.29916,3775159,226645.195,6152291752.05734,0
2023-06-01,27201.1,27347.9,26600.0,26805.3,404787.572,1685663999999,10888995134.74279,3436492,198133.029,5330281294.56847,0
2023-06-02,26805.3,27290.0,26477.6,27227.8,391110.093,1685750399999,10565372872.49042,3377626,194556.455,5256641187.84103,0
2023-06-03,27227.8,27340.2,26900.0,27054.9,182464.1,1685836799999,4951602182.2861,1666845,89636.349,2432826796.1636,0
2023-06-04,27054.9,27460.0,26935.3,27102.4,218271.544,1685923199999,5933883455.85455,1885379,111312.095,3026397324.91527,0
2023-06-05,27102.4,27125.0,25360.1,25714.7,700502.548,1686009599999,18357609610.21765,5160197,327803.659,8590914005.19361,0
2023-06-06,25714.6,27358.1,25321.6,27221.5,731445.649,1686095999999,19197033011.63045,5795668,379390.882,9963167231.59221,0
2023-06-07,27221.5,27394.4,26111.0,26325.9,660044.537,1686182399999,17580869410.88071,5598399,323613.299,8620928437.71628,0
2023-06-08,26325.9,26800.0,26195.4,26485.9,333104.839,1686268799999,8818214857.61013,3335964,166478.53,4407620734.27519,0
2023-06-09,26486.0,26775.0,26236.0,26468.1,283719.198,1686355199999,7524310651.84534,2997060,141906.325,3763936707.9045,0
2023-06-10,26468.2,26525.0,25300.0,25826.6,608917.569,1686441599999,15698931318.50649,5206226,294120.11,7582028394.08697,0
2023-06-11,25826.6,26199.0,25621.3,25909.9,279365.563,1686527999999,7227089796.30363,2860609,139779.833,3616474290.59514,0
2023-06-12,25910.0,26097.7,25600.0,25894.8,298900.468,1686614399999,7727691958.70051,3328055,149288.623,3860155175.81692,0
2023-06-13,25894.8,26430.5,25708.0,25918.0,434536.754,1686700799999,11308944583.66133,4396395,218491.456,5686948583.8739,0
2023-06-14,25918.0,26099.3,24796.8,25115.9,464681.602,1686787199999,11881929860.74104,4132452,221420.452,5665046499.92456,0
2023-06-15,25115.9,25750.0,24777.0,25586.1,473971.375,1686873599999,11936022995.7639,4258512,237713.113,5987195055.9676,0
2023-06-16,25586.0,26526.9,25142.1,26336.0,533144.956,1686959999999,13781333096.97194,4701378,274629.941,7102173273.84859,0
2023-06-17,26335.9,26900.0,26170.8,26508.9,305738.396,1687046399999,8106952525.28539,2987144,156475.286,4149942186.19615,0
2023-06-18,26508.8,26709.4,26230.9,26329.7,241977.484,1687132799999,6411604568.41224,2592992,119732.659,3173106623.5822,0
2023-06-19,26329.6,27077.0,26241.2,26828.5,400533.758,1687219199999,10651201162.61209,3819087,203794.841,5420543390.38124,0
2023-06-20,26828.6,28397.8,26633.9,28290.6,758176.297,1687305599999,20786331287.82493,6731059,395772.351,10855446383.54249,0
2023-06-21,28290.7,30822.0,28236.4,29988.5,1123474.427,1687391999999,33165677031.81134,9265710,581214.692,17155805442.79453,0
2023-06-22,29988.5,30488.0,29500.1,29875.0,561051.742,1687478399999,16856175550.40033,5633897,277243.344,8330878657.60704,0
2023-06-23,29875.0,31500.0,29792.0,30673.4,699073.071,1687564799999,21421175144.69206,6452824,356076.567,10913706651.31869,0
2023-06-24,30673.5,30796.5,30222.0,30524.2,279539.288,1687651199999,8546756825.90515,3251722,137317.493,4198907744.4826,0
2023-06-25,30524.2,31053.2,30252.6,30458.0,301533.154,1687737599999,9236905464.93146,3399190,149888.559,4592764929.8394,0
2023-06-26,30458.0,30667.3,29890.1,30260.1,415099.356,1687823999999,12562149789.70421,4416524,203410.601,6157177915.98473,0
2023-06-27,30260.1,30998.5,30213.0,30683.2,406073.348,1687910399999,12421440922.16078,4326474,203324.1,6219800032.79922,0
2023-06-28,30683.2,30701.8,29804.6,30066.3,416656.434,1687996799999,12598592811.65844,4000324,201233.626,6085170656.40759,0
2023-06-29,30066.3,30837.0,30036.1,30439.9,382072.846,1688083199999,11648327668.80449,3628731,193794.917,5908416358.03994,0
2023-06-30,30439.9,31300.0,29500.0,30460.2,809331.305,1688169599999,24662962533.50455,6203315,399225.344,12168565748.27174,0
2023-07-01,30460.2,30668.2,30311.3,30573.6,135520.246,1688255999999,4133098990.12844,1590686,67492.25,2058436884.58546,0
2023-07-02,30573.6,30800.0,30149.9,30612.7,231866.188,1688342399999,7079342099.35315,2085396,114887.432,3508161448.67612,0
2023-07-03,30612.7,31395.2,30559.4,31149.0,370293.236,1688428799999,11455001608.3097,3142550,190651.257,5898343125.06834,0
2023-07-04,31149.0,31319.4,30600.0,30756.1,300832.26,1688515199999,9313935624.33744,2628058,146764.589,4544451268.02329,0
2023-07-05,30756.1,30875.2,30175.8,30488.4,294896.578,1688601599999,8991870910.78812,2593078,142172.294,4334972733.45975,0
2023-07-06,30488.4,31568.0,29818.0,29874.4,721267.219,1688687999999,22070224345.63387,5400645,352481.399,10791706209.59854,0
2023-07-07,29874.3,30443.6,29680.0,30327.9,337801.654,1688774399999,10184988283.5844,2996758,167599.954,5053815379.01882,0
2023-07-08,30328.0,30380.0,30026.8,30269.3,138734.493,1688860799999,4191064151.51028,1435489,69726.478,2106595335.57206,0
2023-07-09,30269.2,30443.4,30042.0,30147.8,162296.263,1688947199999,4910685209.23742,1724025,78952.884,2389152954.27674,0
2023-07-10,30147.8,31040.0,29928.8,30396.9,429115.537,1689033599999,13041797875.98727,3641213,215576.274,6553065724.44769,0
2023-07-11,30396.9,30804.9,30261.4,30608.4,298904.747,1689119999999,9119181979.08487,2909176,149847.078,4572301256.1251,0
2023-07-12,30608.3,30980.5,30186.0,30368.9,425058.257,1689206399999,13009902129.34863,3657507,210415.824,6441051320.09102,0
2023-07-13,30368.9,31850.0,30233.0,31441.7,696023.51,1689292799999,21574885298.97106,5143221,357741.915,11090202372.28133,0
2023-07-14,31441.6,31640.0,29876.6,30293.3,538692.246,1689379199999,16570590022.18309,4534212,255020.318,7847006074.03268,0
2023-07-15,30293.3,30380.0,30220.2,30276.4,111622.474,1689465599999,3381748954.15686,1290744,53712.592,1627422637.45136,0
2023-07-16,30276.5,30441.6,30050.0,30216.8,173805.94,1689551999999,5260328370.6608,1678837,84384.358,2554167448.64656,0
2023-07-17,30216.9,30329.7,29630.0,30126.1,344113.427,1689638399999,10348549509.48323,3054669,166025.109,4993811600.30937,0
2023-07-18,30126.0,30227.5,29400.0,29845.6,337396.417,1689724799999,10078127136.72446,3129615,163290.524,4878520240.56572,0
2023-07-19,29845.7,30178.5,29745.0,29895.5,298418.854,1689811199999,8941549015.88861,2697671,147856.002,4430676287.48177,0
2023-07-20,29895.5,30420.0,29468.8,29791.0,410263.764,1689897599999,12295839232.23674,3328318,200648.876,6015005101.38979,0
2023-07-21,29791.0,30056.2,29705.9,29891.4,221145.074,1689983999999,6601525560.44956,1993532,108699.528,3245184747.63478,0
2023-07-22,29891.5,29986.0,29602.2,29783.5,143375.956,1690070399999,4278958894.21528,1331022,70822.324,2113721182.2155,0
2023-07-23,29783.5,30368.2,29718.9,30070.8,224713.846,1690156799999,6742455119.06672,1953437,117355.884,3521432839.90066,0
2023-07-24,30070.9,30091.7,28830.0,29163.8,434182.417,1690243199999,12739148029.69294,3450766,208034.404,6102444959.26272,0
2023-07-25,29163.8,29379.5,29033.0,29216.3,196438.618,1690329599999,5733864849.27923,1797943,100298.496,2927975433.58373,0
2023-07-26,29216.2,29670.5,29083.0,29336.0,318527.582,1690415999999,9342519728.59463,2570927,160070.531,4695735562.44441,0
2023-07-27,29336.0,29558.4,29065.5,29209.7,223376.534,1690502399999,6549775823.23634,2016131,111542.753,3270852118.70144,0
2023-07-28,29209.8,29535.7,29112.8,29299.9,221299.867,1690588799999,6485251844.3234,1932211,112240.463,3289324515.99032,0
2023-07-29,29300.0,29397.9,29237.5,29339.1,87100.719,1690675199999,2552974723.6625,895190,44071.975,1291770329.4734,0
2023-07-30,29339.1,29442.5,29006.0,29271.1,169901.253,1690761599999,4971420690.30703,1438817,83278.757,2436755637.6779,0
2023-07-31,29271.2,29525.8,29100.0,29220.8,230381.722,1690847999999,6752624719.92772,1998716,115578.265,3387957802.12382,0
2023-08-01,29220.8,29735.0,28550.0,29701.2,442328.643,1690934399999,12851250046.85139,3339266,221882.504,6450047847.18607,0
2023-08-02,29701.2,30059.9,28906.3,29170.1,491725.492,1691020799999,14482383687.34577,3847942,238648.722,7030134406.9197,0
2023-08-03,29170.2,29440.0,28955.4,29180.2,251967.942,1691107199999,7357451848.69498,2207681,123472.495,3605738754.72678,0
2023-08-04,29180.1,29323.8,28780.0,29101.1,229395.673,1691193599999,6681106341.50991,1978005,111254.721,3240830018.53478,0
2023-08-05,29101.1,29145.0,28960.0,29057.7,82508.624,1691279999999,2396889615.43942,918789,40766.797,1184357168.27242,0
2023-08-06,29057.7,29199.0,28978.5,29075.9,103094.44,1691366399999,2997426571.5375,1025663,51472.485,1496624248.9518,0
2023-08-07,29075.9,29274.5,28682.3,29202.7,297752.439,1691452799999,8642375892.18842,2447107,148860.265,4321116179.88611,0
2023-08-08,29202.7,30250.0,29132.4,29759.0,459269.801,1691539199999,13599577748.60257,3526450,240202.606,7113900215.65543,0
2023-08-09,29758.9,30149.7,29362.0,29572.8,362009.701,1691625599999,10756925627.79187,2785756,178555.799,5306968152.2511,0
2023-08-10,29572.9,29729.8,29303.7,29443.7,234546.038,1691711999999,6922645509.59273,2026750,115230.163,3401446424.3664,0
2023-08-11,29443.7,29565.1,29220.0,29415.5,179044.008,1691798399999,5265186188.14472,1429875,88423.189,2600611749.95184,0
2023-08-12,29415.5,29470.0,29360.0,29420.7,56238.035,1691884799999,1654106361.1419,582075,28814.601,847528024.3006,0
2023-08-13,29420.8,29463.0,29256.6,29293.3,84190.505,1691971199999,2472829612.6647,766936,40100.62,1177827495.3593,0
2023-08-14,29293.3,29686.7,29070.0,29419.5,295035.383,1692057599999,8677120731.75313,2235064,147796.69,4347419271.95404,0
2023-08-15,29419.5,29492.1,29050.0,29188.8,191289.959,1692143999999,5604668799.70402,1548283,92794.87,2719077508.7602,0
2023-08-16,29188.9,29257.4,28705.1,28714.4,272023.138,1692230399999,7903933631.97155,2185324,129400.59,3761312663.6682,0
2023-08-17,28714.4,28775.9,24581.0,26609.7,868508.22,1692316799999,23892373364.35867,6081888,404833.686,11130416161.33796,0
2023-08-18,26609.7,26818.0,25600.0,26042.1,522375.316,1692403199999,13701338877.41335,4646103,254129.696,6666529307.57693,0
2023-08-19,26042.0,26269.4,25783.4,26088.3,202219.153,1692489599999,5259138403.39374,1944552,97242.835,2529330050.2402,0
2023-08-20,26088.4,26285.0,25948.5,26175.9,141089.85,1692575999999,3684280536.48474,1398230,69192.184,1807032266.86384,0
2023-08-21,26175.9,26280.0,25800.0,26115.4,232505.265,1692662399999,6052756159.68538,2113709,113423.308,2953229324.68786,0
2023-08-22,26115.4,26128.2,25280.0,26044.4,313113.576,1692748799999,8099008037.07027,2670842,154599.135,4000115522.06117,0
2023-08-23,26044.5,26806.0,25800.0,26419.2,412969.028,1692835199999,10844866911.05113,3387282,209031.027,5489668012.00871,0
2023-08-24,26419.2,26568.3,25835.0,26164.6,286753.337,1692921599999,7517625485.57741,2528622,142054.02,3724778724.03136,0
2023-08-25,26164.6,26300.0,25754.4,26051.7,274830.494,1693007999999,7151164304.37309,2435810,136225.91,3544996132.1971,0
2023-08-26,26051.7,26129.4,25969.0,26004.3,63925.862,1693094399999,1664151835.8984,686474,31589.486,822422020.5679,0
2023-08-27,26004.3,26173.6,25955.6,26087.7,86505.398,1693180799999,2255661579.44877,945488,43815.989,1142530666.31617,0
2023-08-28,26087.6,26244.6,25850.4,26106.5,219992.051,1693267199999,5728245334.03454,2034199,109259.071,2844967503.225,0
2023-08-29,26106.5,28168.0,25905.2,27700.1,700233.946,1693353599999,19063888802.78101,5095886,359112.466,9774025451.52869,0
2023-08-30,27700.1,27758.2,26950.0,27290.4,315313.916,1693439999999,8611722669.03794,2868554,153659.355,4196978727.47524,0
2023-08-31,27290.4,27674.3,25617.8,25928.0,502906.277,1693526399999,13374373720.159,4108957,242515.16,6452052642.39265,0
2023-09-01,25928.0,26151.6,25312.0,25795.6,361184.924,1693612799999,9314832822.37795,3414721,180488.71,4655865487.86106,0
2023-09-02,25795.6,25975.0,25740.6,25855.8,107642.864,1693699199999,2780278800.436,1335781,53671.502,1386371344.5941,0
2023-09-03,25855.8,26135.2,25777.0,25962.1,133016.832,1693785599999,3448807040.90302,1530423,66887.107,1734637690.97104,0
2023-09-04,25962.1,26099.3,25610.0,25814.0,173147.873,1693871999999,4476150022.96639,1917437,84103.786,2174598492.23596,0
2023-09-05,25814.0,25900.0,25531.2,25779.7,186639.945,1693958399999,4801841760.65064,1993037,93238.333,2399002456.92618,0
2023-09-06,25779.7,26052.0,25326.0,25747.4,251122.66,1694044799999,6451012388.43805,2404620,124310.307,3193837018.62409,0
2023-09-07,25747.4,26451.0,25602.3,26240.7,257349.902,1694131199999,6683838708.83606,2609838,132934.158,3453464303.19888,0
2023-09-08,26240.7,26437.5,25630.0,25899.8,249269.761,1694217599999,6476749865.05496,2723220,121841.513,3166020428.26558,0
2023-09-09,25899.9,25940.6,25781.5,25892.6,67909.81,1694303999999,1756326250.4234,902910,34217.008,884994548.7205,0
2023-09-10,25892.6,26037.3,25508.7,25828.4,162972.413,1694390399999,4203882568.6831,1790427,81967.899,2114888979.83764,0
2023-09-11,25828.4,25895.0,24888.0,25150.4,427216.374,1694476799999,10833054059.77662,4186513,208470.984,5286750269.26554,0
2023-09-12,25150.4,26580.0,25116.4,25825.8,592049.678,1694563199999,15363954424.52744,5168542,305085.164,7916288656.6658,0
2023-09-13,25825.8,26400.0,25750.0,26209.9,335252.718,1694649599999,8752833623.09691,3465389,171304.942,4472677923.94791,0
2023-09-14,26209.9,26880.0,26106.6,26510.3,380666.471,1694735999999,10081082095.72619,3806217,191608.892,5075166702.61775,0
2023-09-15,26510.3,26890.0,26206.6,26591.1,251656.77,1694822399999,6669561598.24096,2598616,128322.454,3401550680.05322,0
2023-09-16,26591.1,26763.5,26430.0,26546.9,140482.465,1694908799999,3729905321.7588,1446323,66039.01,1753710305.8176,0
2023-09-17,26547.0,26614.3,26377.4,26514.2,114239.394,1694995199999,3027518454.4446,1246715,53324.583,1413327371.6223,0
2023-09-18,26514.2,27397.0,26358.6,26749.9,472539.032,1695081599999,12722651442.18257,4379742,240451.011,6473666094.16553,0
2023-09-19,26749.9,27480.0,26653.2,27196.0,433511.747,1695167999999,11764014197.82195,4082920,216474.712,5875095229.98899,0
2023-09-20,27195.9,27381.0,26740.0,27107.7,348921.447,1695254399999,9453380064.9792,3431688,173398.437,4698594413.0848,0
2023-09-21,27107.7,27149.0,26360.1,26552.6,317992.869,1695340799999,8489071729.18165,3104803,156286.801,4172236437.038,0
2023-09-22,26552.6,26737.7,26452.9,26566.7,173534.648,1695427199999,4616219481.9717,1777923,85262.371,2268242223.2308,0
2023-09-23,26566.7,26620.6,26492.2,26563.1,57836.484,1695513599999,1536234764.7418,698719,27762.124,737412726.7147,0
2023-09-24,26563.0,26739.9,26081.0,26232.4,146632.773,1695599999999,3882520896.41624,1365933,70597.939,1870273655.0322,0
2023-09-25,26232.4,26440.0,25965.0,26290.5,268385.836,1695686399999,7028826209.2632,2519801,136047.296,3563525983.36408,0
2023-09-26,26290.5,26388.0,26073.8,26208.8,180491.169,1695772799999,4732077914.06044,1788056,92050.691,2413433258.464,0
2023-09-27,26208.7,26849.9,26050.0,26359.6,353002.84,1695859199999,9328178302.68859,3158728,178232.953,4711220214.31189,0
2023-09-28,26359.6,27308.7,26325.2,27011.8,429587.858,1695945599999,11511420032.6491,3925365,220056.731,5896465635.4317,0
2023-09-29,27011.7,27231.5,26625.0,26890.9,277397.643,1696031999999,7472678754.10716,2795717,137424.353,3702375381.57978,0
2023-09-30,26890.9,27085.0,26870.4,26950.9,92317.154,1696118399999,2489538716.4701,1113176,46816.901,1262556928.5336,0
2023-10-01,26951.0,28365.2,26939.0,27981.4,240382.946,1696204799999,6597423569.0926,2313010,128236.139,3521919101.10306,0
2023-10-02,27981.4,28613.0,27255.0,27477.6,593277.72,1696291199999,16636546184.94729,5080027,295044.931,8277110001.66044,0
2023-10-03,27477.7,27665.0,27123.0,27412.0,283077.899,1696377599999,7764002370.30097,2975893,140083.881,3842502810.86736,0
2023-10-04,27412.0,27830.0,27163.9,27759.8,280784.322,1696463999999,7725687370.07408,2880715,142924.232,3932562144.89526,0
2023-10-05,27759.7,28110.0,27333.5,27398.4,370190.087,1696550399999,10248367834.29458,3222885,183067.126,5069414370.79611,0
2023-10-06,27398.3,28450.0,27156.0,27916.3,438445.904,1696636799999,12148383610.73177,4030623,224431.299,6220626846.35605,0
2023-10-07,27916.3,28018.7,27822.1,27943.0,117049.145,1696723199999,3267342158.1076,1333428,57424.596,1603120003.6168,0
2023-10-08,27943.0,28082.0,27671.0,27901.2,178380.307,1696809599999,4975001729.5113,1940245,88788.113,2476625132.50288,0
2023-10-09,27901.2,27977.0,27250.0,27578.3,314316.581,1696895999999,8665868960.69567,3091697,154566.795,4261653342.4594,0
2023-10-10,27578.4,27727.3,27281.0,27381.2,239779.496,1696982399999,6587799296.3111,2416501,117705.794,3234093021.81418,0
2023-10-11,27381.3,27467.6,26525.0,26864.5,388186.571,1697068799999,10465119996.4274,3676146,186764.342,5034602541.5362,0
2023-10-12,26864.5,26939.0,26534.8,26744.0,220279.04,1697155199999,5889875524.20162,2306297,108281.012,2895470068.76912,0
2023-10-13,26744.0,27120.8,26670.1,26849.8,243222.154,1697241599999,6531230809.70284,2249396,120801.824,3244089837.46692,0
2023-10-14,26849.7,26986.4,26773.1,26836.3,82164.781,1697327999999,2208107023.81852,912735,40634.451,1092119620.8824,0
2023-10-15,26836.4,27456.1,26790.4,27139.8,160000.462,1697414399999,4324470125.81482,1521199,84768.5,2291813893.98944,0
2023-10-16,27139.8,30720.0,27095.4,28486.3,823003.782,1697500799999,23288253085.66756,6854221,423876.937,11994611443.8319,0
2023-10-17,28486.3,28605.0,28055.0,28381.9,314189.758,1697587199999,8911627202.91139,3419721,154668.336,4387170011.70336,0
2023-10-18,28382.0,29100.0,28126.6,28307.1,297176.628,1697673599999,8454733708.39205,3101732,149433.375,4252369450.35617,0
2023-10-19,28307.2,28933.4,28076.0,28696.9,333673.207,1697759999999,9523779728.80222,3353875,166642.583,4757052570.59342,0
2023-10-20,28697.0,30243.0,28560.0,29653.0,551005.327,1697846399999,16251872830.69389,5390533,286339.629,8445771407.53565,0
2023-10-21,29653.0,30374.6,29443.5,29895.4,258195.956,1697932799999,7714008513.63393,2913921,133151.029,3978697592.35373,0
2023-10-22,29895.4,30229.7,29606.6,29981.5,198602.758,1698019199999,5938982672.49338,2402842,98711.081,2952207924.051,0
2023-10-23,29981.4,35981.9,29869.4,33074.0,987741.536,1698105599999,31143119218.83396,9516564,514370.855,16226351845.69938,0
2023-10-24,33074.0,35300.0,32833.5,33917.0,921993.063,1698191999999,31438800457.07022,10856672,463292.225,15796970746.76308,0
2023-10-25,33917.0,35154.3,33660.6,34487.7,465367.144,1698278399999,16013137764.07121,6530411,233671.848,8042649670.78944,0
2023-10-26,34487.8,34828.7,33750.0,34154.0,339552.964,1698364799999,11632500642.20401,4528633,165392.541,5666641885.91917,0
2023-10-27,34154.0,34253.3,33350.0,33893.1,278052.978,1698451199999,9431378767.25107,3613726,133928.514,4543534000.94928,0
2023-10-28,33893.2,34535.8,33867.4,34086.6,138314.932,1698537599999,4721192040.5172,1952090,69561.154,2374568045.68067,0
2023-10-29,34086.7,34773.8,33933.0,34528.6,175897.55,1698623999999,6052162692.45699,2463878,88952.02,3060266315.06112,0
2023-10-30,34528.6,34888.2,34050.0,34483.8,281841.348,1698710399999,9712557953.95943,3517907,137520.137,4740097194.1429,0
2023-10-31,34483.8,34744.7,34016.8,34651.4,272450.567,1698796799999,9367740893.9104,3318578,137432.937,4725999183.95524,0
2023-11-01,34651.4,35734.0,34076.0,35437.4,469214.787,1698883199999,16310840373.51904,5043007,235433.671,8188069606.32684,0
2023-11-02,35437.5,35999.9,34300.0,34940.1,410221.727,1698969599999,14411069440.58643,4240505,195704.868,6876495562.4818,0
2023-11-03,34940.1,34944.9,34123.0,34700.4,306048.199,1699055999999,10557775671.82227,3278797,149201.899,5146880328.30816,0
2023-11-04,34700.5,35270.0,34571.6,35069.7,140746.874,1699142399999,4903087436.09509,1581510,73473.65,2560499905.03807,0
2023-11-05,35069.7,35455.2,34356.0,35025.5,231363.339,1699228799999,8104514852.65571,2483235,114206.6,4001834169.31893,0
2023-11-06,35025.5,35299.9,34743.2,35057.4,202227.215,1699315199999,7084946768.0661,2332675,100743.041,3529757876.13835,0
2023-11-07,35057.5,35921.7,34520.3,35406.5,343525.95,1699401599999,12064060090.68823,3475930,171377.818,6021304746.37207,0
2023-11-08,35406.5,36150.0,35073.0,35626.7,334779.449,1699487999999,11899393604.89829,3098481,167858.729,5968118352.82227,0
2023-11-09,35626.7,38499.9,35304.0,36719.5,778877.937,1699574399999,28650466494.87653,7145218,397604.298,14631150233.75849,0
2023-11-10,36719.6,37570.0,36350.0,37330.4,299373.892,1699660799999,11076896066.60177,3260186,145926.285,5400078760.11308,0
2023-11-11,37330.3,37422.2,36588.0,37162.1,159239.284,1699747199999,5903428289.9594,1853148,77724.269,2881997016.08958,0
2023-11-12,37162.1,37258.4,36753.6,37085.5,118890.045,1699833599999,4409373212.1171,1417328,59200.216,2195767164.70499,0
2023-11-13,37085.6,37464.8,36350.0,36486.2,257075.648,1699919999999,9473874020.94803,2791229,124933.697,4605371454.38504,0
2023-11-14,36486.2,36779.9,34446.3,35559.0,397265.8,1700006399999,14314693961.9118,3817622,188122.019,6781867049.73538,0
2023-11-15,35559.1,38000.0,35388.0,37885.6,423818.57,1700092799999,15581195427.04667,4117459,218179.036,8022577792.90326,0
2023-11-16,37885.5,37956.5,35486.1,36176.0,434444.366,1700179199999,15963485688.09104,4430141,209563.839,7702160580.38708,0
2023-11-17,36176.0,37020.5,35868.3,36621.9,319943.051,1700265599999,11629773626.22051,3392377,158800.677,5773619881.351,0
2023-11-18,36621.9,36900.0,36196.0,36580.9,121720.922,1700351999999,4446623778.62677,1559774,59945.203,2190096532.04466,0
2023-11-19,36580.9,37528.2,36380.0,37375.9,154713.007,1700438399999,5695092295.31787,1707461,81103.115,2985985224.69178,0
2023-11-20,37375.8,37784.7,36600.0,37462.5,310504.037,1700524799999,11585755433.13282,3145401,151546.418,5656032175.81179,0
2023-11-21,37462.6,37675.0,35720.0,35737.0,450731.16,1700611199999,16617512774.69305,4177874,214766.382,7922810217.89473,0
2023-11-22,35737.0,37880.0,35610.7,37413.4,338189.618,1700697599999,12443659325.49277,3431728,173920.996,6400961018.26049,0
2023-11-23,37413.5,37650.0,36856.3,37294.3,185369.931,1700783999999,6912924978.37547,2192283,92092.564,3434735828.58206,0
2023-11-24,37294.4,38425.0,37257.3,37706.3,351031.723,1700870399999,13275238103.95441,3459708,176394.591,6672258090.21117,0
2023-11-25,37706.3,37886.5,37570.9,37766.6,82589.329,1700956799999,3116830221.06905,1090709,40804.412,1539982685.32292,0
2023-11-26,37766.7,37807.6,37126.0,37437.9,173758.644,1701043199999,6511523445.85111,1851041,83650.862,3134654054.00506,0
2023-11-27,37437.9,37560.0,36700.0,37234.3,266112.699,1701129599999,9864595980.22536,2709326,129505.027,4801276041.95802,0
2023-11-28,37234.4,38395.0,36856.0,37812.1,318426.327,1701215999999,11989725382.60476,2849494,161183.178,6069345038.6028,0
2023-11-29,37812.0,38500.0,37551.8,37837.1,261631.881,1701302399999,9929131546.05138,2577159,131208.813,4980271370.23214,0
2023-11-30,37837.2,38132.0,37442.9,37716.8,191188.871,1701388799999,7217490282.26007,2095004,94614.923,3572214115.76825,0
2023-12-01,37716.9,38989.0,37600.0,38660.0,342361.994,1701475199999,13165741479.13575,3053861,175399.909,6746310427.71475,0
2023-12-02,38659.9,39900.0,38613.5,39435.0,213210.311,1701561599999,8343797522.28991,2036997,111247.354,4355227204.95264,0
2023-12-03,39435.1,40410.1,39255.2,39979.7,221917.905,1701647999999,8809720241.44514,2176911,113115.685,4491571908.67447,0
2023-12-04,39979.8,42440.0,39970.4,41993.1,602492.859,1701734399999,24973172580.45416,4914848,309653.48,12832793790.74897,0
2023-12-05,41993.1,44528.1,41393.5,44081.7,575038.041,1701820799999,24684026724.28502,4957181,293613.701,12606208706.41785,0
2023-12-06,44081.7,44349.8,43377.0,43774.8,383957.738,1701907199999,16855439556.37356,3312344,189313.948,8312419039.08001,0
2023-12-07,43775.1,44066.7,42815.0,43296.0,346421.958,1701993599999,15052072255.7809,3139944,167869.668,7294723155.23818,0
2023-12-08,43296.0,44779.3,43100.0,44209.5,281880.593,1702079999999,12354864659.75649,2689393,141987.204,6223424596.24878,0
2023-12-09,44209.6,44389.2,43555.0,43734.3,189339.656,1702166399999,8331208461.23936,2008104,91986.898,4048303794.51515,0
2023-12-10,43734.2,44099.2,43552.5,43810.0,144548.259,1702252799999,6336935031.6078,1625045,71693.869,3143532367.57372,0
2023-12-11,43810.1,43833.4,40228.3,41271.0,620753.439,1702339199999,25927086771.59747,5535071,298564.648,12464090729.38179,0
2023-12-12,41271.1,42125.0,40711.0,41515.0,356541.118,1702425599999,14804780111.22747,3541062,178480.429,7411400940.53889,0
2023-12-13,41514.9,43517.6,40556.0,42875.0,396710.296,1702511999999,16618328876.25431,3740055,198023.379,8296092906.06892,0
2023-12-14,42875.0,43450.1,41140.0,43032.4,361628.325,1702598399999,15456710755.29236,3556744,179049.547,7656008118.31044,0
2023-12-15,43032.3,43098.0,41668.0,41968.0,257177.013,1702684799999,10899991321.40501,2891215,125660.846,5325707013.21401,0
2023-12-16,41968.0,42756.7,41638.1,42287.4,160549.459,1702771199999,6792519091.8989,1874171,79904.113,3380908758.58106,0
2023-12-17,42287.4,42476.0,41248.3,41396.5,224722.851,1702857599999,9421985303.21506,2557926,108887.464,4566790592.12974,0
2023-12-18,41396.6,42795.3,40553.8,42671.7,375385.675,1702943999999,15562426218.22632,4005918,188893.603,7833963224.8221,0
2023-12-19,42671.8,43550.0,41835.4,42298.3,315311.844,1703030399999,13457649560.46984,3465516,157288.146,6714209013.68883,0
2023-12-20,42298.2,44384.6,42218.3,43708.9,377008.923,1703116799999,16393157759.03438,3892858,192098.077,8351837064.6893,0
2023-12-21,43708.9,44287.2,43317.2,43896.3,276922.155,1703203199999,12123140366.35172,3069295,137520.09,6021500040.18053,0
2023-12-22,43896.4,44484.0,43430.4,43999.2,238341.933,1703289599999,10452147024.44062,2681930,117622.666,5159324687.78561,0
2023-12-23,43999.2,44023.0,43304.2,43725.2,120792.199,1703375999999,5275597701.9703,1456500,58914.808,2573285959.17493,0
2023-12-24,43725.2,43994.8,42550.0,43008.4,179967.251,1703462399999,7820621575.19171,2012652,85895.372,3733335729.04416,0
2023-12-25,43008.4,43850.0,42755.4,43611.9,184210.274,1703548799999,7998973036.56107,2121238,94560.236,4106260428.59181,0
2023-12-26,43611.9,43635.1,41597.0,42538.5,295583.678,1703635199999,12579682837.18391,2919456,138762.82,5904982759.29667,0
2023-12-27,42538.6,43700.0,42145.7,43453.8,251351.538,1703721599999,10800417570.90282,2605702,126804.896,5449295761.85111,0
2023-12-28,43453.8,43850.0,42320.5,42600.1,257515.182,1703807999999,11056852869.47034,2747859,126847.513,5446789288.72854,0
2023-12-29,42600.1,43171.9,41283.2,42095.1,337421.865,1703894399999,14290101442.75712,3300161,162512.91,6885187252.36289,0
2023-12-30,42095.1,42654.6,41550.0,42174.2,183890.67,1703980799999,7750535197.76647,1910363,91329.738,3849562064.15121,0
2023-12-31,42174.3,42951.0,42001.0,42314.0,173508.289,1704067199999,7373114617.21853,1835399,85439.891,3631343913.33205,0
2024-01-01,42314.0,44266.0,42207.9,44230.2,206424.144,1704153599999,8897557996.51846,2197331,107259.562,4626093916.74846,0
2024-01-02,44230.3,45950.0,44200.9,44979.8,459798.523,1704239999999,20799115632.46685,4584899,226772.856,10258435145.7801,0
2024-01-03,44979.7,45582.3,40333.0,42849.5,595855.225,1704326399999,25726152649.43654,5484694,285738.095,12338124587.28819,0
2024-01-04,42849.5,44840.8,42625.0,44143.8,333923.098,1704412799999,14582787988.83859,3778259,167326.171,7309089936.81672,0
2024-01-05,44143.8,44500.0,42300.0,44145.4,374967.791,1704499199999,16383172715.24129,4299469,186384.897,8145555060.07347,0
2024-01-06,44145.3,44214.6,43391.3,43956.7,138542.797,1704585599999,6067670136.35873,1908679,69273.603,3034149465.65284,0
2024-01-07,43956.6,44486.9,43557.5,43916.9,180710.714,1704671999999,7960341657.87697,2426450,89031.035,3922357252.9761,0
2024-01-08,43916.9,47312.0,43158.1,46972.7,495087.983,1704758399999,22401426143.93918,5552927,252368.827,11423109451.98725,0
2024-01-09,46972.6,48100.0,44417.2,46114.0,513362.773,1704844799999,23864636393.45204,5975796,255356.407,11878102002.28864,0
2024-01-10,46113.9,47699.3,44291.5,46662.9,668657.474,1704931199999,30628280360.85305,7930762,328241.395,15042252558.57851,0
2024-01-11,46663.0,49027.5,45600.0,46337.8,596698.379,1705017599999,28052864785.47425,8147634,294954.12,13871354323.06593,0
2024-01-12,46337.9,46536.2,41370.0,42788.9,575943.258,1705103999999,25506347481.11302,7339600,274714.473,12173449742.6904,0
2024-01-13,42789.0,43273.4,42445.7,42846.4,207737.326,1705190399999,8903288166.33136,3284308,102338.255,4385856810.87438,0
2024-01-14,42846.4,43096.1,41713.5,41734.9,181096.968,1705276799999,7710193172.30398,2586518,86225.908,3672184666.98371,0
2024-01-15,41734.9,43376.0,41720.0,42515.0,240059.141,1705363199999,10237828482.80086,3393913,121327.115,5174655656.94734,0
2024-01-16,42515.0,43589.0,42050.0,43133.0,287207.233,1705449599999,12326619430.2348,3591913,142496.835,6116162864.94249,0
2024-01-17,43133.0,43198.0,42200.0,42783.4,209396.081,1705535999999,8935030009.19649,2896397,104380.6,4454370627.69897,0
2024-01-18,42783.3,42932.3,40673.6,41323.1,335080.756,1705622399999,14029461752.96119,4381862,159993.343,6698735621.04958,0
2024-01-19,41323.2,42197.0,40300.0,41662.2,345941.73,1705708799999,14252164353.07918,4485546,173561.662,7152194461.29936,0
2024-01-20,41662.1,41883.5,41453.6,41691.8,95866.062,1705795199999,3989874076.29828,1350118,47395.27,1972576689.99542,0
2024-01-21,41691.8,41880.9,41500.0,41580.0,67035.552,1705881599999,2795034232.08641,1011538,33267.189,1387114417.88662,0
2024-01-22,41579.9,41692.3,39402.0,39567.0,459024.106,1705967999999,18601094756.09346,5215198,221559.288,8980786542.59356,0
2024-01-23,39567.1,40172.7,38545.0,39890.0,414373.386,1706054399999,16262676717.26893,4996338,206872.825,8120360043.90706,0
2024-01-24,39889.9,40560.6,39493.3,40078.7,272754.171,1706140799999,10898797410.02247,3577649,137526.518,5496207538.88882,0
2024-01-25,40078.8,40300.0,39535.3,39953.3,203728.679,1706227199999,8134002285.16447,2660878,101721.426,4061761814.5241,0
2024-01-26,39953.3,42239.3,39813.1,41806.4,355418.478,1706313599999,14627005545.1065,4170436,183407.862,7545764057.51518,0
2024-01-27,41806.4,42187.1,41360.1,42102.2,118437.114,1706399999999,4949330917.72336,1602331,58359.399,2439172746.10856,0
2024-01-28,42102.2,42836.0,41600.0,42021.2,205736.453,1706486399999,8694654832.16972,2623969,102732.529,4342295182.27932,0
2024-01-29,42021.2,43340.8,41768.3,43287.7,249502.11,1706572799999,10615111402.26071,3264398,126814.07,5396362634.9375,0
2024-01-30,43287.6,43888.0,42665.6,42918.3,257582.784,1706659199999,11174336066.69975,3279938,127240.221,5521555765.99806,0
2024-01-31,42918.3,43748.6,42257.6,42560.5,313069.11,1706745599999,13443352429.15163,3894405,156366.219,6715650062.85712,0
2024-02-01,42560.5,43288.0,41866.8,43072.6,274321.107,1706831999999,11658501786.30592,3366630,137388.932,5840117814.44018,0
2024-02-02,43072.6,43480.0,42512.7,43182.0,205767.574,1706918399999,8854896870.13836,2609694,102857.802,4427096388.70144,0
2024-02-03,43182.0,43372.2,42858.3,42992.4,89735.22,1707004799999,3867372627.98708,1184516,43576.701,1878320062.99414,0
2024-02-04,42992.4,43112.1,42176.7,42570.3,127421.548,1707091199999,5453304864.80739,1639173,61808.732,2645869182.56388,0
2024-02-05,42570.3,43580.0,42235.1,42692.9,240655.549,1707177599999,10308099591.89269,3020351,120655.29,5168353034.63723,0
2024-02-06,42692.9,43378.8,42559.8,43079.1,196157.643,1707263999999,8429315912.62482,2349996,97614.641,4195174982.261,0
2024-02-07,43079.1,44388.0,42763.4,44326.2,252057.708,1707350399999,10954644814.28782,2929944,130579.297,5675987977.2819,0
2024-02-08,44326.3,45600.0,44306.8,45269.1,299738.288,1707436799999,13472865468.76801,3448195,150413.123,6761188131.9274,0
2024-02-09,45269.2,48230.3,45218.1,47116.1,519919.419,1707523199999,24408544252.73436,5650447,266454.921,12508255349.16633,0
2024-02-10,47116.1,48189.6,46836.4,47732.6,179626.604,1707609599999,8517076446.277,2285021,91198.273,4324631270.60389,0
2024-02-11,47732.6,48600.0,47539.4,48303.4,209951.626,1707695999999,10111698916.38982,2680053,105168.316,5065428436.66205,0
2024-02-12,48303.4,50413.2,47702.0,49943.6,450895.202,1707782399999,22160439674.1704,5410318,229461.763,11279389489.43873,0
2024-02-13,49943.6,50428.8,48301.0,49696.4,382348.085,1707868799999,18877386934.6482,4735916,187369.079,9252322651.26047,0
2024-02-14,49696.4,52100.0,49215.7,51823.2,395191.791,1707955199999,20230765100.11763,4979944,202339.246,10357567701.86297,0
2024-02-15,51823.1,52859.0,51334.9,51898.5,392724.603,1708041599999,20470765163.49206,5071385,194206.651,10124718243.08555,0
2024-02-16,51898.4,52623.0,51611.7,52148.6,259819.793,1708127999999,13526420001.52013,3599586,129912.166,6763851036.28675,0
2024-02-17,52148.7,52192.8,50647.5,51679.4,222342.005,1708214399999,11434408252.82568,2933206,110404.236,5678326211.43959,0
2024-02-18,51679.5,52450.0,51178.0,52175.9,166636.426,1708300799999,8636668534.04451,2535098,82558.355,4279808820.87837,0
2024-02-19,52175.9,52532.9,51688.8,51813.8,196387.978,1708387199999,10243057368.09604,2984130,97120.2,5065816013.56385,0
2024-02-20,51813.7,53090.9,50788.0,52297.4,388913.064,1708473599999,20209071433.34851,4725341,191609.587,9958190682.55356,0
2024-02-21,52297.3,52402.3,50528.4,51877.8,308127.301,1708559999999,15814919137.63912,3939518,151274.425,7765226442.49357,0
2024-02-22,51877.9,52130.8,50967.5,51316.9,244144.647,1708646399999,12596855772.34223,3185280,120428.135,6213980738.34822,0
2024-02-23,51316.9,51576.3,50512.7,50771.9,215474.562,1708732799999,11000943935.5279,2838186,103486.305,5284377929.58768,0
2024-02-24,50771.9,51736.6,50611.4,51602.1,104944.457,1708819199999,5375932540.32768,1581717,53616.22,2746901077.96253,0
2024-02-25,51602.1,52050.0,51300.4,51764.9,122177.26,1708905599999,6314690489.48664,1737312,61208.274,3163965668.71564,0
2024-02-26,51764.9,54991.8,50922.5,54511.6,393466.231,1708991999999,20859521852.00051,4559698,204557.843,10848941110.67955,0
2024-02-27,54511.7,57780.0,54495.0,57074.5,511475.535,1709078399999,28943003745.31963,6037486,261279.379,14782114126.33708,0
2024-02-28,57074.5,64300.0,56730.1,62487.9,1010118.442,1709164799999,61121395260.18302,10470544,512372.977,31009740327.25936,0
2024-02-29,62487.9,63762.8,60452.0,61203.3,584713.883,1709251199999,36342923573.76713,7991451,288332.344,17923415792.93351,0
2024-03-01,61203.3,63199.0,60844.8,62430.6,299231.827,1709337599999,18555341528.19973,4242562,149192.047,9251925530.42108,0
2024-03-02,62430.6,62513.1,61605.0,62039.9,159283.629,1709423999999,9880073062.42179,2445321,78157.054,4848585077.14658,0
2024-03-03,62039.9,63330.9,61339.5,63178.5,200312.503,1709510399999,12480586261.48198,2976490,100689.426,6275449929.04907,0
2024-03-04,63178.5,68600.0,62299.0,68296.4,632882.144,1709596799999,41606992664.57328,8622486,315954.494,20769345645.10813,0
2024-03-05,68296.5,69350.0,59112.0,63747.4,1053025.132,1709683199999,68785497181.28033,11587828,506125.171,33083366233.69872,0
2024-03-06,63747.5,67729.5,62829.3,66128.1,534011.813,1709769599999,35282709655.61008,6780080,264966.526,17505717164.11994,0
2024-03-07,66128.0,68101.3,65609.3,66870.0,296092.788,1709855999999,19831473590.1586,4405527,147654.75,9889788645.76925,0
2024-03-08,66870.0,70330.8,66120.0,68180.2,459387.207,1709942399999,31244040068.19154,5980692,231568.743,15755981790.23659,0
2024-03-09,68180.2,68608.7,67908.7,68360.1,94899.005,1710028799999,6480692325.8141,1537614,45581.279,3113000772.6094,0
2024-03-10,68360.2,69999.8,68155.0,69001.8,233596.523,1710115199999,16185393841.67323,3375720,116161.406,8049563344.88834,0
2024-03-11,69001.8,72890.0,67000.0,72153.8,474396.897,1710201599999,33718116318.4871,6424784,238156.809,16928784715.47152,0
2024-03-12,72153.9,73370.0,68600.0,71503.2,472072.331,1710287999999,33679961862.9098,6616949,231739.524,16538750903.78605,0
2024-03-13,71503.3,73755.0,71388.1,73127.6,288446.338,1710374399999,20996680531.98601,4413774,144767.213,10538493126.41221,0
2024-03-14,73127.6,73881.4,68600.0,71455.5,513901.237,1710460799999,36716558419.97936,7086199,252641.121,18055167204.84591,0
2024-03-15,71455.6,72500.0,65580.0,69552.2,705810.685,1710547199999,48272589072.43203,9432499,343300.728,23485737211.50229,0
2024-03-16,69552.1,70097.6,64750.0,65351.0,333426.129,1710633599999,22541723738.08737,4728369,158811.135,10743916091.24294,0
2024-03-17,65351.0,68972.4,64559.8,68447.9,314890.309,1710719999999,21028336103.89335,4441202,157746.931,10538915981.19096,0
2024-03-18,68447.9,69044.4,66601.6,67660.0,317885.916,1710806399999,21525969323.10516,4929189,157518.056,10667482983.78231,0
2024-03-19,67660.0,68178.6,61582.8,61974.1,700466.795,1710892799999,45022413705.43772,8883840,341387.21,21944607883.64712,0
2024-03-20,61974.1,68140.0,60800.0,67876.4,637362.465,1710979199999,40691118766.89385,8081289,322745.423,20619446188.00391,0
2024-03-21,67876.4,68293.9,64550.1,65539.9,347218.385,1711065599999,23114287433.97302,5314298,170701.466,11368438508.35749,0
2024-03-22,65539.9,66691.9,62294.0,63826.0,401149.333,1711151999999,25742798562.87778,5610913,193242.858,12404628469.30646,0
2024-03-23,63826.1,66050.0,63020.2,64020.3,239124.0,1711238399999,15454464441.79797,3255774,118901.006,7686603208.46166,0
2024-03-24,64020.4,67700.0,63822.0,67260.9,244179.435,1711324799999,15988550837.61994,3674436,127453.119,8347706445.71518,0
2024-03-25,67260.9,71228.3,66427.6,69920.5,395156.191,1711411199999,27232095366.19894,5616354,200494.861,13818628576.04482,0
2024-03-26,69920.6,71649.0,69320.0,70044.1,307861.116,1711497599999,21669886112.75456,4470979,153843.837,10831152594.30161,0
2024-03-27,70044.2,71888.0,68364.8,69532.6,407286.574,1711583999999,28455795608.20996,5468464,201365.779,14073286297.89143,0
2024-03-28,69532.6,71636.2,68941.0,70838.7,241970.822,1711670399999,17082567361.70556,3688033,121611.482,8586703564.10696,0
2024-03-29,70838.8,70976.9,69000.0,69903.6,187970.841,1711756799999,13153542392.49107,2898786,90312.609,6320726778.39616,0
2024-03-30,69903.6,70388.0,69577.2,69642.1,91126.75,1711843199999,6381178971.24793,1469267,44861.628,3141852313.38343,0
2024-03-31,69642.0,71495.5,69608.0,71363.0,132458.79,1711929599999,9355678962.74715,1955289,68649.954,4849468552.37815,0
2024-04-01,71363.0,71388.0,68103.3,69700.0,282812.126,1712015999999,19638685563.10507,3855192,137263.312,9530831255.99772,0
2024-04-02,69700.0,69731.6,64603.2,65505.3,499041.572,1712102399999,33033080048.77764,6306952,237161.633,15695025558.87847,0
2024-04-03,65502.4,66940.0,64500.0,65971.9,275041.23,1712188799999,18154927438.74836,3716045,136386.786,9004150179.32951,0
2024-04-04,65971.8,69329.7,65100.0,68489.9,326385.338,1712275199999,21993168904.27893,4218217,165264.515,11139494023.46972,0
2024-04-05,68489.8,68787.1,65966.0,67825.7,313547.293,1712361599999,21110165189.20931,4246122,155082.742,10443116339.15663,0
2024-04-06,67825.8,69708.0,67450.0,68901.6,127343.726,1712447999999,8691055181.73954,2044067,64920.835,4432291812.8903,0
2024-04-07,68901.5,70395.0,68820.6,69362.7,171783.436,1712534399999,11941226271.93175,3094007,87513.442,6085046788.87065,0
2024-04-08,69362.7,72890.4,69040.4,71678.4,297237.449,1712620799999,21244762968.03559,5294493,152755.361,10917069772.29398,0
2024-04-09,71678.3,71820.6,68216.0,69189.3,334059.403,1712707199999,23375265337.43875,5431596,160558.807,11237036576.48242,0
2024-04-10,69189.2,71412.2,67546.2,70681.7,337774.756,1712793599999,23325641513.82547,5376395,167241.536,11554062305.40367,0
2024-04-11,70681.8,71387.4,69592.6,70055.7,256194.153,1712879999999,18046895525.55698,4391518,127153.925,8958246885.04106,0
2024-04-12,70055.6,71297.0,65102.0,67136.4,415528.149,1712966399999,28466614548.62947,5589326,199599.598,13685584443.99834,0
2024-04-13,67136.4,67975.4,59652.5,63939.7,515005.203,1713052799999,33367903479.68061,6679641,245812.903,15937487127.49542,0
2024-04-14,63939.7,65822.1,62139.3,65615.9,395770.133,1713139199999,25338078893.58177,5695785,196030.06,12553905287.50409,0
2024-04-15,65615.9,66874.9,62242.5,63392.7,381532.225,1713225599999,24677843958.38368,5541668,186902.326,12093422630.04127,0
2024-04-16,63392.8,64356.3,61521.0,63765.0,405931.439,1713311999999,25471361626.3662,5816515,202402.987,12702757951.558,0
2024-04-17,63764.9,64483.3,59625.0,61254.5,444032.992,1713398399999,27402345105.77818,6013417,217665.156,13434667791.21996,0
2024-04-18,61254.5,64100.0,60763.8,63445.0,363302.394,1713484799999,22708533755.01486,5247504,182854.996,11431133049.65166,0
2024-04-19,63445.0,65480.0,59541.0,63787.4,574264.058,1713571199999,36332133260.93782,7729583,287739.633,18209274035.11942,0
2024-04-20,63787.4,65400.0,63045.1,64897.2,197142.262,1713657599999,12657413510.99301,3203773,99413.059,6383438008.33587,0
2024-04-21,64897.2,65678.7,64214.2,64912.6,160533.948,1713743999999,10421155519.373,2772884,80394.915,5219698272.50876,0
2024-04-22,64912.7,67222.0,64470.5,66778.0,246268.411,1713830399999,16249055489.46204,3973101,125262.792,8266508163.9547,0
2024-04-23,66777.9,67158.9,65750.0,66386.3,178665.564,1713916799999,11872124257.8761,2963037,87654.874,5824990179.2597,0
2024-04-24,66386.2,67068.2,63575.0,64250.0,280545.061,1714003199999,18306883252.6262,4159461,135426.134,8837738834.7265,0
2024-04-25,64250.0,65270.6,62721.3,64478.8,275211.062,1714089599999,17615966077.8484,4225388,135809.911,8695083535.7401,0
2024-04-26,64478.8,64783.1,63291.5,63748.8,202149.813,1714175999999,12953589145.9185,3162787,101321.07,6493095200.1216,0
2024-04-27,63748.7,63901.4,62332.8,63421.0,167349.109,1714262399999,10551185173.9539,2753952,81226.942,5121532300.5187,0
2024-04-28,63420.9,64350.0,62700.0,63088.3,126056.151,1714348799999,8016661482.1787,2107056,61663.9,3922114045.4061,0
2024-04-29,63088.4,64200.0,61726.2,63842.4,228411.163,1714435199999,14315434994.6138,3576356,113518.04,7117036656.1318,0
2024-04-30,63842.4,64700.0,59150.0,60651.2,408747.703,1714521599999,25092892151.668,5955376,198449.988,12187483940.3283,0
2024-05-01,60651.2,60816.7,56537.7,58307.6,564108.4,1714607999999,32693924650.62684,7278617,274396.59,15901900816.17903,0
2024-05-02,58307.7,59637.3,56951.6,59036.7,299229.302,1714694399999,17487969119.06051,4078191,149750.249,8753193227.41508,0
2024-05-03,59036.7,63333.0,58781.3,62853.7,353606.459,1714780799999,21564253109.5137,4843487,181671.801,11083916767.8818,0
2024-05-04,62853.7,64547.9,62520.0,63864.2,205205.199,1714867199999,13034701951.8815,3014542,104727.239,6653855320.83,0
2024-05-05,63864.3,64644.3,62833.0,63988.0,185495.653,1714953599999,11834485753.5008,2839676,94388.436,6023293955.8356,0
2024-05-06,63987.9,65500.0,62655.3,63142.8,305110.067,1715039999999,19505860305.1004,4263955,151440.965,9685863252.8011,0
2024-05-07,63142.7,64392.2,62203.6,62296.0,238974.646,1715126399999,15159034876.2773,3591426,116629.628,7400547185.9214,0
2024-05-08,62296.0,62994.9,60843.6,61157.9,241651.579,1715212799999,15009452763.9564,3494846,118665.049,7372499604.1733,0
2024-05-09,61157.9,63447.2,60550.0,63050.1,242451.302,1715299199999,14981786317.7292,3421818,123009.137,7603498702.9048,0
2024-05-10,63050.0,63446.5,60117.4,60778.1,307214.96,1715385599999,18938234544.3996,4062914,146348.191,9023426835.2534,0
2024-05-11,60778.0,61491.4,60432.6,60809.2,113294.787,1715471999999,6901847057.2759,1791738,56345.489,3432729046.5017,0
2024-05-12,60809.2,61849.4,60557.3,61455.8,104043.897,1715558399999,6368574511.4435,1640142,52092.612,3188620815.5353,0
2024-05-13,61455.7,63440.0,60750.0,62912.1,261927.073,1715644799999,16330380829.2882,3639895,133130.471,8301000438.0599,0
2024-05-14,62912.2,63099.6,60950.0,61550.5,244345.274,1715731199999,15109206760.3044,3486503,119397.236,7383348350.951,0
2024-05-15,61550.5,66440.0,61316.1,66175.4,365031.68,1715817599999,23386517394.0322,5236031,190499.939,12212061046.0331,0
2024-05-16,66175.4,66800.0,64567.0,65217.7,242455.324,1715903999999,15938380818.0105,3726304,118301.874,7779249343.0098,0
2024-05-17,65217.7,67400.6,65061.2,66980.0,227063.919,1715990399999,15063429110.742,3410178,115163.56,7641361482.6845,0
2024-05-18,66980.0,67340.5,66503.2,66884.9,96931.548,1716076799999,6486954858.0565,1720137,47301.883,3166040479.8179,0
2024-05-19,66884.9,67750.0,65835.8,66239.4,148170.35,1716163199999,9905372922.9644,2317479,72802.783,4868303456.1778,0
2024-05-20,66239.4,71674.6,66010.0,71466.5,366028.078,1716249599999,25053653945.1351,4894781,191363.961,13104053064.9761,0
2024-05-21,71466.5,72132.8,69165.6,70168.8,263674.327,1716335999999,18645631790.235,3771442,128039.197,9055845428.0328,0
2024-05-22,70168.7,70715.4,68736.8,69219.1,194160.494,1716422399999,13560983941.3547,2891356,96781.219,6760740175.0036,0
2024-05-23,69219.2,70133.3,66156.6,67999.9,300093.622,1716508799999,20496503158.0627,3796057,147663.348,10085589035.4601,0
2024-05-24,67999.9,69273.5,66639.0,68584.1,186681.082,1716595199999,12680535679.1618,2544055,92018.938,6250790249.5298,0
2024-05-25,68584.0,69622.8,68523.7,69314.4,85113.605,1716681599999,5877646397.3044,1266856,43907.678,3032009642.0511,0
2024-05-26,69314.5,69590.3,68155.0,68524.3,84069.824,1716767999999,5799029948.6581,1314260,40228.585,2775331360.7868,0
2024-05-27,68524.4,70750.0,68268.7,69461.6,170291.356,1716854399999,11819516715.6954,2389408,86676.392,6016544788.4032,0
2024-05-28,69461.5,69628.0,67273.0,68440.5,227838.44,1716940799999,15550387849.887,3195316,109660.98,7483877022.9256,0
2024-05-29,68440.4,68983.0,67129.0,67686.7,158236.599,1717027199999,10750681624.4071,2408051,77869.59,5291031019.1834,0
2024-05-30,67686.8,69568.9,67167.0,68402.5,194573.899,1717113599999,13292940496.7956,2697789,98357.395,6720469711.0405,0
2024-05-31,68402.6,69080.0,66700.5,67577.9,195751.752,1717199999999,13295783600.0905,2633330,95439.941,6483400468.1491,0
2024-06-01,67577.9,67936.0,67480.0,67799.2,50943.058,1717286399999,3450680244.5259,851468,24992.383,1693048800.1087,0
2024-06-02,67799.2,68545.9,67296.3,67805.9,102194.718,1717372799999,6940423185.8599,1495288,51581.936,3503692386.4202,0
2024-06-03,67805.9,70372.9,67642.6,68851.4,227676.93,1717459199999,15744535070.2934,2934117,116794.704,8076829033.9121,0
2024-06-04,68851.3,71146.4,68595.5,70580.0,216100.016,1717545599999,15102623849.3892,2752219,109761.715,7672646376.4709,0
2024-06-05,70580.0,71824.4,70423.6,71133.3,203992.034,1717631999999,14506723806.5747,2649339,101350.188,7207846190.6955,0
2024-06-06,71133.3,71714.8,70101.9,70830.0,158483.564,1717718399999,11260906834.1424,2042004,77057.29,5476300994.7782,0
2024-06-07,70830.0,72144.0,68405.0,69377.0,299412.37,1717804799999,21108000027.7301,3512756,146009.568,10298557615.927,0
2024-06-08,69377.0,69613.6,69192.3,69346.5,65739.857,1717891199999,4564091530.0889,971096,31722.67,2202396921.0126,0
2024-06-09,69346.6,69879.0,69160.0,69667.1,68024.1,1717977599999,4729738225.2734,950681,34212.091,2378929862.9013,0
2024-06-10,69667.1,70222.7,69201.2,69558.7,127381.604,1718063999999,8872795631.3345,1604534,63460.847,4420587390.4636,0
2024-06-11,69558.8,69600.0,66000.0,67320.7,311984.942,1718150399999,21038478955.2817,3601045,147314.548,9934465474.5276,0
2024-06-12,67320.6,70028.0,66920.0,68270.3,329918.46,1718236799999,22649278512.31,3542192,165298.555,11349060724.631,0
2024-06-13,68270.3,68607.7,66251.1,66786.9,248355.461,1718323199999,16734408853.5457,2930055,122545.812,8257428353.7952,0
2024-06-14,66786.8,67366.5,65052.4,66039.7,239411.231,1718409599999,15866317033.6273,2742009,115459.583,7653161850.6002,0
2024-06-15,66039.7,66482.6,65801.0,66213.7,72423.755,1718495999999,4794362622.7179,933278,35963.018,2380857318.6482,0
2024-06-16,66213.7,66960.3,66012.1,66653.6,80361.551,1718582399999,5344491611.4603,971702,40709.086,2707578966.7273,0
2024-06-17,66653.5,67280.6,65094.9,66472.1,248420.787,1718668799999,16425433493.3037,2862439,123564.357,8170749468.7304,0
2024-06-18,66472.1,66558.9,64009.8,65150.0,335559.394,1718755199999,21816313661.7988,3702473,162733.278,10580583192.4812,0
2024-06-19,65149.9,65711.9,64600.0,64933.6,150032.669,1718841599999,9773747644.9673,1865383,73128.413,4764125976.3239,0
2024-06-20,64933.6,66467.0,64526.0,64854.0,220954.676,1718927999999,14443082252.526,2535825,110113.402,7198302807.5647,0
2024-06-21,64854.0,65055.5,63361.2,64124.0,210109.601,1719014399999,13452781556.5892,2587691,100879.403,6459640682.8117,0
2024-06-22,64124.1,64520.0,63915.8,64240.0,53855.862,1719100799999,3462300794.0067,711228,26068.831,1676053640.2216,0
2024-06-23,64240.1,64500.0,63137.9,63194.9,72052.293,1719187199999,4609994525.5694,952389,34220.414,2190076315.3654,0
2024-06-24,63194.9,63357.0,58218.0,60273.6,445903.184,1719273599999,27225661676.1708,4744004,210050.156,12831739591.036,0
2024-06-25,60273.5,62448.1,60230.5,61777.8,264647.317,1719359999999,16245823572.755,2761391,131574.228,8078166857.8113,0
2024-06-26,61777.9,62465.1,60696.0,60860.1,170601.18,1719446399999,10474223643.7333,2072190,85546.81,5252656828.9301,0
2024-06-27,60860.1,62379.7,60605.0,61682.0,160172.482,1719532799999,9845346127.8742,1943987,80692.923,4959353424.9808,0
2024-06-28,61682.1,62204.0,60038.0,60429.8,195508.125,1719619199999,11963155606.5777,2261011,96784.819,5922589261.4024,0
2024-06-29,60429.8,61232.0,60400.1,60982.4,79680.289,1719705599999,4854467389.0233,1008124,39587.752,2411805902.6092,0
2024-06-30,60982.5,63058.4,60705.0,62766.0,147777.915,1719791999999,9131797044.0735,1720176,76847.014,4748815160.5493,0
2024-07-01,62766.1,63849.0,62502.2,62883.6,193937.938,1719878399999,12249759638.5501,2206156,98856.63,6244453473.6698,0
2024-07-02,62883.7,63284.0,61800.0,62123.6,163101.243,1719964799999,10187608652.3055,1764087,81181.232,5071446586.9162,0
2024-07-03,62123.5,62278.2,59299.3,60208.0,295303.265,1720051199999,17865344372.0136,2907975,141296.721,8547986226.4293,0
2024-07-04,60208.0,60500.0,56560.0,57045.9,445656.277,1720137599999,25874210041.42714,4614925,212409.431,12331244212.69204,0
2024-07-05,57045.9,57533.4,53329.5,56604.9,577193.595,1720223999999,32076653813.40088,6185480,281356.153,15637636536.36047,0
2024-07-06,56604.9,58472.0,56000.0,58216.0,178580.022,1720310399999,10197761341.39678,2224590,93488.592,5341818153.85595,0
2024-07-07,58216.0,58443.0,55688.0,55830.9,210361.981,1720396799999,12037823231.0966,2536176,101582.63,5814850041.48498,0
2024-07-08,55831.0,58200.0,54243.1,56686.4,464106.957,1720483199999,26076935449.40952,5117256,234598.041,13184299460.76696,0
2024-07-09,56686.4,58290.6,56256.2,58023.2,257237.048,1720569599999,14760474094.36112,3222670,130489.72,7489623352.56281,0
2024-07-10,58023.1,59449.6,57125.0,57707.0,254248.937,1720655999999,14799666738.9434,3097510,126404.528,7359910233.2676,0
2024-07-11,57707.0,59780.0,57030.0,57315.5,293106.959,1720742399999,17033276319.7474,3492811,145317.613,8448406468.75169,0
2024-07-12,57315.7,58500.0,56500.1,57870.0,238100.616,1720828799999,13680239863.68945,2923358,118452.911,6807133430.50846,0
2024-07-13,57870.0,59850.0,57728.6,59174.0,157884.322,1720915199999,9257369124.831,1956364,82455.792,4835688632.6682,0
2024-07-14,59173.9,61412.4,59164.0,60766.0,208060.883,1721001599999,12501022268.2122,2645790,107363.688,6452845513.0856,0
2024-07-15,60766.0,64870.7,60622.6,64680.6,352222.181,1721087999999,22163838850.2314,4084789,184882.612,11637580341.9153,0
2024-07-16,64680.6,65388.0,62350.0,65010.0,375258.616,1721174399999,24015350736.2496,4373415,187258.135,11985560682.21,0
2024-07-17,65010.0,66100.0,63823.0,64055.7,276656.393,1721260799999,17971882430.538,3334173,137074.592,8906936429.5618,0
2024-07-18,64055.8,65173.8,63206.4,63959.9,215648.157,1721347199999,13840486905.3186,2570156,106962.381,6865627708.228,0
2024-07-19,63960.0,67362.8,63266.2,66627.9,311859.805,1721433599999,20380653025.9215,3482778,159849.531,10449365090.7367,0
2024-07-20,66627.9,67648.7,66159.1,67095.6,123564.406,1721519999999,8257377670.6534,1624502,62262.551,4161422016.7807,0
2024-07-21,67095.6,68351.2,65750.0,68138.0,207228.372,1721606399999,13911463550.0015,2650858,105229.857,7066626519.7733,0
2024-07-22,68138.0,68459.7,66538.6,67499.2,192991.391,1721692799999,13023877366.2714,2661310,94973.396,6409941420.0214,0
2024-07-23,67499.2,67729.3,65416.5,65916.4,270430.68,1721779199999,17980471984.6793,3400476,133378.428,8866908197.6879,0
2024-07-24,65916.3,67087.3,65040.5,65350.8,215079.421,1721865599999,14220076011.1729,2666558,106626.464,7051477551.4186,0
2024-07-25,65350.7,66144.0,63456.7,65773.0,319685.441,1721951999999,20623007320.1934,3687826,156338.33,10090063910.1345,0
2024-07-26,65773.0,68200.0,65688.2,67882.5,235384.526,1722038399999,15831346144.9649,2790292,118481.678,7969418209.2486,0
2024-07-27,67882.5,69381.7,66624.5,67873.8,330982.647,1722124799999,22565690615.4286,3655226,167353.059,11413063208.5847,0
2024-07-28,67873.7,68300.0,67037.0,68215.5,116913.935,1722211199999,7921123857.983,1542508,57897.212,3922606833.0004,0
2024-07-29,68215.5,70081.0,66365.8,66750.0,372537.818,1722297599999,25468669202.3054,4092661,183072.335,12524894290.3187,0
2024-07-30,66750.1,66966.6,65254.5,66159.3,246551.044,1722383999999,16326143659.4329,2850476,119602.533,7921508169.9156,0
2024-07-31,66159.3,66826.3,64500.4,64601.8,246389.446,1722470399999,16232585005.416,2854932,120770.267,7958375610.4137,0
2024-08-01,64601.8,65650.0,62271.2,65328.9,372654.59,1722556799999,23809052629.4734,4147748,179510.319,11470686441.3465,0
2024-08-02,65329.0,65577.0,61200.2,61483.7,421628.42,1722643199999,26819683037.2612,5071376,203752.37,12967140245.6226,0
2024-08-03,61483.7,62166.0,59800.0,60684.6,290469.956,1722729599999,17722256113.6817,3316200,141057.499,8607441768.128,0
2024-08-04,60684.5,61089.5,57040.0,58144.5,339512.415,1722815999999,20115489532.05642,3601227,163061.04,9666278728.2886,0
2024-08-05,58144.5,58286.9,48888.0,54003.1,1281982.025,1722902399999,67990070656.18278,13868038,628048.857,33304783725.51353,0
2024-08-06,54003.5,56999.9,53925.3,55991.2,435953.439,1722988799999,24315240364.00699,6034201,219208.73,12228576458.82332,0
2024-08-07,55991.3,57699.0,54519.8,55102.9,377442.54,1723075199999,21227975938.72287,4841518,187917.695,10573698082.17641,0
2024-08-08,55102.9,62737.2,54672.4,61659.8,470117.508,1723161599999,27555756968.19537,5735604,248506.613,14576729758.96249,0
2024-08-09,61659.8,61726.0,59500.0,60808.6,308674.339,1723247999999,18694923855.7121,3963122,154008.457,9328303610.0122,0
2024-08-10,60808.6,61450.0,60208.5,60889.9,115593.354,1723334399999,7020704932.1334,1747151,57323.843,3482287683.6085,0
2024-08-11,60889.8,62000.0,58255.4,58693.1,202539.076,1723420799999,12164186045.4941,2943796,98529.969,5919328311.2939,0
2024-08-12,58693.1,60666.0,57615.0,59323.6,367126.29,1723507199999,21694704705.3928,4993056,183254.227,10831614291.3739,0
2024-08-13,59323.7,61545.0,58360.0,60550.5,255934.721,1723593599999,15331334134.775,3666636,128789.781,7717751373.7139,0
2024-08-14,60550.4,61839.7,58367.2,58648.1,295662.808,1723679999999,17731755290.8926,3825424,142977.365,8577450287.19,0
2024-08-15,58648.1,59820.0,55969.0,57511.0,360815.946,1723766399999,20998288458.33781,4554481,175409.953,10209951620.29743,0
2024-08-16,57511.1,59780.2,57062.1,58854.9,268756.529,1723852799999,15694579210.80159,3532377,135355.507,7905098666.6232,0
2024-08-17,58854.9,59690.2,58769.4,59468.5,77085.532,1723939199999,4568442725.3616,1178380,39276.995,2327958341.6582,0
2024-08-18,59468.5,60250.0,58352.0,58390.0,149660.264,1724025599999,8919704463.3393,1988701,74267.606,4427513702.076,0
2024-08-19,58390.1,59585.4,57750.0,59398.5,214043.139,1724111999999,12535025781.4683,2885338,106731.684,6252212774.4482,0
2024-08-20,59398.4,61386.0,58501.1,58982.9,287049.13,1724198399999,17203146261.2117,3787132,144312.524,8651274841.9809,0
2024-08-21,58982.7,61793.9,58728.9,61120.0,270583.679,1724284799999,16243166180.3695,3668348,135514.303,8137724222.9875,0
2024-08-22,61120.0,61392.0,59677.6,60349.9,211098.959,1724371199999,12796969148.4752,2896455,103810.037,6293056465.8095,0
2024-08-23,60349.9,65000.0,60301.5,64019.9,382490.709,1724457599999,23801149141.4363,4642357,197465.519,12292542880.904,0
2024-08-24,64020.0,64472.5,63522.7,64116.5,132741.902,1724543999999,8499031623.6787,1917096,66675.71,4269685167.1947,0
2024-08-25,64116.6,65175.4,63731.3,64190.2,115546.888,1724630399999,7418612747.515,1638346,58769.818,3774149537.6765,0
2024-08-26,64190.1,64455.8,62750.2,62807.6,195977.222,1724716799999,12456922931.3165,2669531,95792.83,6089811773.3939,0
2024-08-27,62807.7,63196.0,57928.2,59384.5,339269.805,1724803199999,20779523749.7268,4148335,161112.925,9874460639.4543,0
2024-08-28,59384.4,60197.8,57820.0,59010.0,313788.567,1724889599999,18562796937.106,4006168,154108.273,9117512955.7385,0
2024-08-29,59010.0,61144.9,58655.0,59323.2,233896.685,1724975999999,13998969371.3328,3220101,116163.951,6954182893.4366,0
2024-08-30,59323.3,59914.9,57525.0,59096.3,268276.469,1725062399999,15800867331.9045,3445930,132245.238,7790697273.1078,0
2024-08-31,59096.4,59436.0,58700.0,58941.9,68866.674,1725148799999,4066497717.5845,1100926,34022.557,2009114119.1151,0
2024-09-01,58941.9,59052.7,57123.0,57268.1,222909.914,1725235199999,12933895810.7382,2973388,107912.495,6262209070.8571,0
2024-09-02,57268.1,59412.3,57093.0,59112.1,201218.384,1725321599999,11712610829.437,2791495,105185.507,6124490188.3406,0
2024-09-03,59112.2,59790.0,57320.0,57451.9,230196.497,1725407999999,13447232675.7519,2903076,112535.989,6574135554.1586,0
2024-09-04,57452.0,58500.0,55555.0,57944.8,326983.311,1725494399999,18654996691.65024,3905351,162532.536,9276036995.57787,0
2024-09-05,57944.8,58318.9,55600.0,56145.7,294703.592,1725580799999,16706483191.85918,3623974,142199.828,8062405728.95297,0
2024-09-06,56145.7,57000.0,52510.8,53927.7,479063.113,1725667199999,26315512592.25967,5836491,229027.842,12585336491.99278,0
2024-09-07,53927.7,54820.2,53725.0,54134.9,127686.594,1725753599999,6925003321.31154,1789526,61481.961,3334529368.32578,0
2024-09-08,54134.9,55300.0,53596.5,54839.6,162078.536,1725839999999,8813184978.46583,2060226,80094.047,4355839271.17598,0
2024-09-09,54839.6,58153.2,54557.0,57010.0,313094.361,1725926399999,17488710008.5658,3837831,161809.297,9042217664.15334,0
2024-09-10,57010.1,58033.2,56361.0,57609.1,228317.676,1726012799999,13034447010.34392,3066469,114113.817,6515452297.2729,0
2024-09-11,57609.2,57954.4,55515.2,57306.0,338231.445,1726099199999,19189527027.3001,4339590,166536.314,9449054324.33177,0
2024-09-12,57305.6,58606.6,57283.1,58097.0,261449.688,1726185599999,15152600210.5249,3433611,133061.371,7712560982.0533,0
2024-09-13,58097.1,60597.0,57594.0,60456.2,277429.492,1726271999999,16347290879.8579,3289248,143075.046,8434334370.7754,0
2024-09-14,60456.2,60572.9,59360.1,59964.0,102580.577,1726358399999,6149247444.5159,1497202,49816.107,2986387680.519,0
2024-09-15,59963.9,60369.4,58654.0,59100.5,130524.206,1726444799999,7800793636.4292,1736437,63898.203,3820367680.7449,0
2024-09-16,59100.5,59182.2,57446.3,58187.0,250699.432,1726531199999,14603341245.0131,3119099,124364.721,7245223849.437,0
2024-09-17,58187.0,61345.0,57588.8,60281.0,318442.066,1726617599999,19038330615.6744,3715666,162650.99,9728263253.4719,0
2024-09-18,60281.0,61765.0,59138.0,61735.3,355729.312,1726703999999,21417510491.0941,4185877,178557.03,10753245281.7138,0
2024-09-19,61735.3,63830.1,61534.0,62926.9,302382.412,1726790399999,18960165410.2846,3599751,154468.425,9685219302.7787,0
2024-09-20,62926.9,64126.7,62320.0,63175.7,257172.835,1726876799999,16250975201.0995,3091262,127396.139,8050898578.3649,0
2024-09-21,63175.8,63546.9,62714.2,63320.6,78248.362,1726963199999,4936698095.0651,1073883,39389.066,2485270171.8071,0
2024-09-22,63320.6,64000.0,62339.0,63558.4,149129.884,1727049599999,9395420389.8272,1916442,75059.64,4729979286.4755,0
2024-09-23,63558.5,64724.8,62534.4,63302.0,234343.564,1727135999999,14896908173.8234,3034337,116291.356,7394263522.1401,0
2024-09-24,63302.1,64666.0,62688.2,64243.1,236987.628,1727222399999,15055312109.7638,2854709,118461.883,7527452459.8695,0
2024-09-25,64243.2,64800.0,62910.0,63118.4,184950.772,1727308799999,11776674397.8463,2269562,89579.443,5704912795.9605,0
2024-09-26,63118.3,65800.0,62634.4,65139.2,321186.356,1727395199999,20718992185.678,3601296,164114.507,10590411520.5381,0
2024-09-27,65139.1,66450.0,64788.0,65749.6,226404.021,1727481599999,14875897055.1134,2828264,115294.899,7576778937.0585,0
2024-09-28,65749.5,66237.0,65368.1,65822.6,92773.553,1727567999999,6095989647.148,1280637,45357.404,2980985325.198,0
2024-09-29,65822.7,66059.3,65400.0,65568.1,88131.799,1727654399999,5789646713.0538,1294673,44105.125,2897677866.9951,0
2024-09-30,65568.2,65588.8,62825.0,63309.1,296848.373,1727740799999,18997631918.3586,3646635,142277.859,9104886260.4383,0
2024-10-01,63309.0,64092.6,60128.2,60776.8,429817.835,1727827199999,26755501281.8141,5090159,202041.673,12580934070.0586,0
2024-10-02,60776.7,62355.0,59934.9,60622.6,327001.805,1727913599999,19999405207.7472,4403020,165312.966,10112397461.5877,0
2024-10-03,60622.7,61452.6,59815.0,60727.2,286137.212,1727999999999,17336091836.27,4070646,142442.832,8631124732.3574,0
2024-10-04,60727.1,62457.1,60434.1,62054.4,234795.836,1728086399999,14447838961.2182,3191780,117924.251,7256208032.653,0
2024-10-05,62054.3,62344.0,61648.0,62023.1,74330.781,1728172799999,4609154133.5222,1165143,36354.653,2254335296.5705,0
2024-10-06,62023.1,62961.5,61778.9,62789.3,96413.453,1728259199999,6017121071.2754,1460205,49785.603,3107529360.2194,0
2024-10-07,62789.2,64448.2,62091.8,62190.7,298949.375,1728345599999,18940835036.916,3730708,150408.794,9532075315.1921,0
2024-10-08,62190.6,63178.7,61836.0,62131.7,226276.359,1728431999999,14122241997.2083,3007788,113386.113,7077131216.2053,0
2024-10-09,62131.8,62520.9,60251.9,60606.4,217302.173,1728518399999,13394677570.4442,2924602,102493.086,6320292483.1031,0
2024-10-10,60606.3,61297.0,58900.0,60293.2,262947.653,1728604799999,15860406266.3172,3293428,126668.725,7643262512.4768,0
2024-10-11,60293.3,63400.0,60057.8,62509.0,263691.142,1728691199999,16300232843.3846,2987936,136678.025,8451830575.4878,0
2024-10-12,62509.0,63462.6,62458.0,63176.0,102784.406,1728777599999,6470178939.6978,1502904,52596.644,3311003190.8358,0
2024-10-13,63176.0,63260.0,62020.0,62839.8,129696.156,1728863999999,8122753016.4411,1736972,65051.714,4074161973.8931,0
2024-10-14,62839.7,66533.0,62420.0,66064.9,338251.601,1728950399999,21963988365.449,4101901,178341.255,11578802686.1731,0
2024-10-15,66064.9,67953.7,64771.7,67044.1,422005.511,1729036799999,27957041428.0807,5023772,212525.53,14081744812.9218,0
2024-10-16,67044.0,68400.0,66724.2,67592.0,254153.501,1729123199999,17177776071.0405,3762374,129797.416,8774346244.8983,0
2024-10-17,67592.0,67925.9,66600.0,67401.5,220272.837,1729209599999,14795216327.4512,3150922,108933.392,7317585990.0576,0
2024-10-18,67401.5,69000.0,67165.0,68407.8,245301.761,1729295999999,16730949885.2185,3341893,124706.313,8506209999.5871,0
2024-10-19,68407.8,68684.9,68000.0,68357.1,68632.108,1729382399999,4686325947.3462,1101059,33351.493,2277466859.3621,0
2024-10-20,68357.1,69425.8,68069.8,69020.1,105939.492,1729468799999,7272050313.902,1491959,55143.159,3786176895.5645,0
2024-10-21,69020.2,69566.0,66865.9,67368.8,253437.333,1729555199999,17221797609.5618,3394803,122912.479,8352897546.3019,0
2024-10-22,67368.7,67825.0,66536.5,67406.4,218518.977,1729641599999,14691178661.737,3051273,106501.52,7161365642.6092,0
2024-10-23,67406.5,67449.0,65222.3,66647.2,248215.058,1729727999999,16468539329.4864,3273578,119532.632,7931905738.8829,0
2024-10-24,66647.3,68842.5,66482.0,68173.8,212340.722,1729814399999,14354067671.9537,2955244,106868.448,7226223379.452,0
2024-10-25,68173.8,68748.0,65557.2,66662.8,348511.871,1729900799999,23454022803.9878,4106320,167089.238,11245950945.2394,0
2024-10-26,66662.7,67450.0,66414.1,67071.8,94169.992,1729987199999,6303068381.5835,1522633,47331.442,3168535951.7001,0
2024-10-27,67071.9,68306.1,66909.4,67992.6,88468.808,1730073599999,5981933235.9308,1363490,45814.326,3097899762.0521,0
2024-10-28,67992.7,70331.0,67584.2,69940.0,256128.622,1730159999999,17649920563.6978,3334954,135854.89,9364715099.5875,0
2024-10-29,69939.9,73660.0,69733.0,72739.5,382502.06,1730246399999,27502269768.0091,4796294,199025.299,14310964149.7651,0
2024-10-30,72739.5,72984.9,71444.2,72349.0,227108.808,1730332799999,16394681792.4545,3249471,113211.086,8173511312.5496,0
2024-10-31,72349.0,72720.3,69705.0,70321.9,256485.328,1730419199999,18260860195.9338,3578458,122732.5,8739091396.8422,0
2024-11-01,70321.9,71650.0,68822.5,69495.5,352591.088,1730505599999,24669697590.1823,4618190,170405.189,11925042790.092,0
2024-11-02,69495.4,69913.1,69022.8,69366.6,79314.105,1730591999999,5511280357.915,1401664,38567.431,2680264487.408,0
2024-11-03,69366.6,69393.7,67446.6,68762.5,226477.376,1730678399999,15481140255.261,3241078,110474.573,7552569346.6532,0
2024-11-04,68762.5,69495.3,66810.0,67834.3,244912.166,1730764799999,16709405013.0392,3684843,120605.019,8229317913.7059,0
2024-11-05,67834.4,70537.4,67454.2,69353.1,273070.87,1730851199999,18923323986.0867,3919866,137002.02,9493699734.8534,0
2024-11-06,69353.1,76420.0,69272.7,75579.9,677440.286,1730937599999,50043233600.5665,9334179,345735.567,25535530724.8428,0
2024-11-07,75579.9,76900.0,74450.0,75859.4,280675.033,1731023999999,21221666454.4856,4431074,139928.414,10582872012.8322,0
2024-11-08,75859.4,77182.9,75576.3,76482.2,230370.324,1731110399999,17566203957.7434,3534735,114282.624,8715326346.1631,0
2024-11-09,76482.2,76920.0,75683.2,76675.1,117754.034,1731196799999,8994277678.533,1816643,59583.942,4551928443.172,0
2024-11-10,76675.1,81699.8,76501.1,80410.0,417426.899,1731283199999,33139797917.8655,5763782,215382.123,17097265052.9557,0
2024-11-11,80409.9,89800.0,80261.2,88728.9,614141.662,1731369599999,51921309639.7137,8091453,316223.693,26747721809.747,0
2024-11-12,88729.0,90070.1,85159.9,87972.0,639481.584,1731455999999,56145246108.6286,9027355,314356.606,27606998598.8091,0
2024-11-13,87972.0,93421.1,86180.0,90413.3,555288.297,1731542399999,49968681554.1639,8571385,277133.514,24945056051.6674,0
2024-11-14,90413.3,91846.1,86714.0,87382.7,364621.68,1731628799999,32638189823.3326,6465556,175052.126,15674764672.4505,0
2024-11-15,87382.6,91921.5,87111.0,91074.6,314431.908,1731715199999,28084223845.5762,5422261,157612.637,14079368306.9683,0
2024-11-16,91074.6,91849.8,90120.0,90643.3,129023.447,1731801599999,11746506687.2478,2572935,63437.962,5776317707.03,0
2024-11-17,90643.2,91539.6,88736.1,89899.9,167504.792,1731887999999,15122853835.9462,3269289,80279.079,7248836908.4183,0
2024-11-18,89900.0,92700.0,89422.1,90507.4,333557.11,1731974399999,30393971318.505,5685709,165196.218,15056824948.4666,0
2024-11-19,90507.4,93985.9,90405.6,92335.9,303532.031,1732060799999,27998124860.4433,5066640,154196.033,14225419074.1504,0
2024-11-20,92335.9,94849.0,91500.0,94288.0,290044.227,1732147199999,27169810860.1057,4993020,145898.739,13669687515.3239,0
2024-11-21,94288.0,99100.0,94008.7,98366.8,418383.136,1732233599999,40626855808.8208,6905515,213934.313,20772603446.4103,0
2024-11-22,98366.8,99660.0,97199.9,98921.4,265774.067,1732319999999,26216909526.3785,4555503,130427.272,12867581114.4177,0
2024-11-23,98921.5,98937.3,97173.5,97725.5,120358.422,1732406399999,11819741402.0844,2258791,57833.796,5680407129.2168,0
2024-11-24,97725.6,98666.0,95822.1,97960.4,173118.84,1732492799999,16831814834.729,3273568,84519.177,8217593372.2568,0
2024-11-25,97960.5,98999.0,92666.0,93064.0,329375.021,1732579199999,31634790118.7792,5330405,156656.185,15053596210.3709,0
2024-11-26,93064.0,95064.0,90866.4,92021.4,344929.233,1732665599999,32058954666.3463,6021621,169186.591,15726674891.569,0
2024-11-27,92021.5,97250.0,91864.0,95905.2,237005.987,1732751999999,22446169054.8116,4071168,119608.298,11331448003.0743,0
2024-11-28,95905.2,96627.6,94700.1,95694.4,154007.026,1732838399999,14702795800.1606,2817181,77818.663,7429887575.1181,0
2024-11-29,95694.4,98713.3,95404.5,97516.3,190520.949,1732924799999,18512741566.7861,3084809,96983.959,9425322800.4492,0
2024-11-30,97516.2,97522.1,96150.0,96475.1,93074.218,1733011199999,9004708395.7383,1665673,45055.735,4359094830.7142,0
2024-12-01,96475.2,97933.0,95736.5,97265.1,113222.99,1733097599999,10975143904.8559,1872343,56376.584,5466023875.9469,0
2024-12-02,97265.0,98266.0,94400.0,95890.5,257613.911,1733183999999,24755123881.9079,4234044,125164.847,12027481647.3162,0
2024-12-03,95890.6,96375.0,93605.0,95913.3,206601.98,1733270399999,19688305230.3451,3444469,101902.052,9712617439.8724,0
2024-12-04,95913.3,99099.9,94650.8,98669.8,275949.205,1733356799999,26698552379.624,4179149,138709.043,13423074277.0678,0
2024-12-05,98669.8,104630.4,90200.0,97001.5,580277.391,1733443199999,58190879933.223,9642120,287805.322,28877723631.0459,0
2024-12-06,97001.6,101988.8,96429.5,99802.5,282369.608,1733529599999,27983159150.5382,4877066,138602.426,13738512102.0764,0
2024-12-07,99802.5,100499.0,98876.9,99899.2,95858.658,1733615999999,9559737335.7918,1929665,46690.787,4656621659.9006,0
2024-12-08,99899.2,101457.9,98709.4,101200.0,109755.676,1733702399999,10964662734.3106,2103094,54846.329,5480892590.5553,0
2024-12-09,101200.1,101300.0,94039.7,97349.1,326973.59,1733788799999,32095240187.1553,5773645,154603.214,15178921296.5938,0
2024-12-10,97349.1,98320.6,94265.5,96602.4,291490.744,1733875199999,28129042004.1955,5651800,145065.327,13999753767.7756,0
2024-12-11,96602.3,101880.0,95650.0,101115.3,221807.705,1733961599999,21990321141.7717,4229343,114251.792,11330912751.363,0
2024-12-12,101115.3,102538.4,99280.2,99982.4,215219.075,1734047999999,21703839602.3259,4129177,108312.625,10925625576.3129,0
2024-12-13,99982.3,101869.5,99149.6,101371.9,152437.318,1734134399999,15327839534.2343,3042727,76027.654,7643586373.4493,0
2024-12-14,101371.9,102638.0,100559.8,101381.0,107680.549,1734220799999,10931716374.3351,2229858,53113.631,5393209129.0734,0
2024-12-15,101381.0,105374.6,101200.1,104460.4,157733.916,1734307199999,16239310087.6506,3101360,84467.83,8698622472.8903,0
2024-12-16,104460.5,107777.0,103264.6,106023.2,274395.756,1734393599999,28967203114.5623,5278040,138944.346,14670105148.1117,0
2024-12-17,106023.2,108366.8,105252.0,106074.6,197773.912,1734479999999,21115019475.6999,4179052,99997.28,10677741430.496,0
2024-12-18,106074.6,106484.6,99951.1,100181.1,328581.935,1734566399999,33924249957.0183,6216898,155604.905,16069941921.9131,0
2024-12-19,100181.2,102756.7,95681.2,97434.4,372968.463,1734652799999,37081222303.6621,7425449,179453.917,17848001701.1341,0
2024-12-20,97434.3,98243.0,92272.6,97764.4,396188.795,1734739199999,37958727658.2742,7747092,192090.031,18404614563.6525,0
2024-12-21,97764.5,99485.0,96375.0,97261.8,161258.48,1734825599999,15758501543.9687,3335893,80347.265,7853653926.3129,0
2024-12-22,97261.7,97437.9,94200.0,95153.5,148114.735,1734911999999,14215963268.6506,3134938,70507.415,6767628913.8017,0
2024-12-23,95153.4,96499.0,92464.4,94861.1,247211.855,1734998399999,23352438472.944,5207668,121829.032,11510199532.1842,0
2024-12-24,94861.0,99450.0,93525.6,98627.2,211610.632,1735084799999,20467193731.4279,3920298,109376.056,10580880454.9762,0
2024-12-25,98626.9,99580.7,97570.0,99379.7,124696.892,1735171199999,12284101310.0662,2722825,62253.484,6133707303.6393,0
2024-12-26,99379.6,99950.0,95153.0,95751.0,194857.651,1735257599999,18828963496.91,3878316,95170.879,9195863626.7316,0
2024-12-27,95750.9,97564.5,93440.0,94258.9,206008.243,1735343999999,19664748484.4432,4086656,102046.139,9741715105.6671,0
2024-12-28,94258.9,95700.0,94100.0,95259.1,67991.349,1735430399999,6441586533.2291,1613529,35331.939,3347872125.4663,0
2024-12-29,95259.1,95300.0,92961.8,93700.0,95047.934,1735516799999,8949366966.5803,1990464,44931.737,4231864476.5938,0
2024-12-30,93699.9,95031.6,91510.0,92759.3,222343.593,1735603199999,20718759693.374,4401173,111061.003,10352744732.7416,0
2024-12-31,92759.3,96254.3,92000.0,93548.9,178648.116,1735689599999,16839152825.5285,3535447,91654.172,8640104348.4182,0
2025-01-01,93548.8,95161.2,92796.5,94580.9,91236.66,1735775999999,8572615379.7751,1804360,45712.481,4296719477.4609,0
2025-01-02,94580.9,97822.4,94357.4,96967.5,181645.495,1735862399999,17520373569.6746,3485887,91670.018,8844274083.0583,0
2025-01-03,96967.6,98949.0,96061.5,98145.7,125220.674,1735948799999,12191508268.3213,2447503,62635.65,6100956961.6788,0
2025-01-04,98145.7,98760.9,97438.2,98173.2,71914.634,1736035199999,7047067115.1575,1425236,34608.531,3391666127.7631,0
2025-01-05,98173.2,98852.6,97227.0,98340.2,74949.289,1736121599999,7346604757.8706,1416760,36787.547,3606330342.2336,0
2025-01-06,98340.2,102444.0,97872.6,102180.4,207493.329,1736207999999,20828553113.3948,3872847,106223.517,10662927605.4019,0
2025-01-07,102180.5,102762.1,96153.0,96920.3,258711.309,1736294399999,25560001123.228,4469033,124202.163,12272379694.8684,0
2025-01-08,96920.2,97242.2,92500.0,95014.1,262012.113,1736380799999,24890488875.3657,5034341,125746.041,11946830838.1646,0
2025-01-09,95014.0,95358.7,91055.8,92505.9,257760.902,1736467199999,23994411572.6975,4976061,122609.978,11417561891.8993,0
2025-01-10,92506.0,95882.5,92173.6,94675.5,261942.954,1736553599999,24636484066.7169,4889944,131544.773,12376535032.8515,0
2025-01-11,94675.6,94988.0,93802.1,94562.5,64661.763,1736639999999,6101597708.5398,1369972,31163.719,2940960226.6583,0
2025-01-12,94562.4,95444.0,93661.1,94499.9,77298.133,1736726399999,7302019629.8369,1571748,38243.259,3613115317.8144,0
2025-01-13,94499.9,95934.5,88909.0,94485.3,361150.49,1736812799999,33357739608.8299,6407451,174597.8,16132783770.2438,0
2025-01-14,94485.4,97353.9,94305.4,96514.9,212859.661,1736899199999,20455516830.0708,4065158,109290.334,10503730503.8528,0
2025-01-15,96514.9,100658.9,96450.2,100460.0,222417.566,1736985599999,21890262973.6529,4026826,114044.233,11227791509.1674,0
2025-01-16,100460.0,100850.0,97293.6,99937.4,216802.52,1737071999999,21512694586.0727,3912749,106931.954,10609333702.8032,0
2025-01-17,99937.4,105784.0,99902.0,104042.5,249449.969,1737158399999,25723721360.3901,4489396,129505.273,13354794528.7122,0
2025-01-18,104042.6,104962.1,102242.8,104524.3,167940.092,1737244799999,17403566499.7749,3308318,82838.623,8586609801.9883,0
2025-01-19,104524.3,106450.0,99600.0,101311.5,280949.178,1737331199999,29174848452.0504,5347056,139324.607,14473672517.5218,0
2025-01-20,101311.5,110000.0,99501.0,102247.6,530508.18,1737417599999,55636481995.3162,10954393,264671.225,27754752489.8873,0
2025-01-21,102247.7,107241.6,100097.2,106114.5,273296.828,1737503999999,28422391304.195,6773872,137255.68,14280891116.9168,0
2025-01-22,106115.4,106390.0,103211.6,103664.9,151243.528,1737590399999,15829573488.171,3771385,74815.093,7830997423.289,0
2025-01-23,103664.9,106840.2,101211.0,103864.1,418154.019,1737676799999,43515004634.5494,8556453,206938.749,21543146961.1434,0
2025-01-24,103864.0,107076.5,102680.0,104808.1,165746.95,1737763199999,17435123504.2742,3964568,83393.686,8775081488.1489,0
2025-01-25,104808.0,105274.7,104040.6,104702.0,65630.163,1737849599999,6869072101.7618,1653111,32840.336,3437604625.5188,0
2025-01-26,104702.0,105496.9,102450.3,102560.1,75787.087,1737935999999,7903655326.0526,1627122,35869.344,3742534806.6305,0
2025-01-27,102560.0,103216.5,97680.0,102021.3,325689.874,1738022399999,32694557659.0746,7400145,156956.501,15756518585.9555,0
2025-01-28,102021.3,103797.0,100235.0,101279.6,169917.261,1738108799999,17380446310.6614,3946858,83140.626,8505451808.1173,0
2025-01-29,101279.7,104755.0,101269.7,103698.2,169989.952,1738195199999,17464739221.2713,3968545,85699.01,8805219310.5586,0
2025-01-30,103698.1,106450.0,103224.5,104676.9,136967.4,1738281599999,14403072504.9993,3003472,69611.533,7320676423.1595,0
2025-01-31,104676.9,106000.0,101509.0,102379.7,172237.817,1738367999999,17878626999.9051,3554639,84961.162,8819624879.1387,0
2025-02-01,102379.8,102734.9,100215.0,100603.6,90863.091,1738454399999,9240331525.5912,2078447,41605.579,4232004108.3664,0
2025-02-02,100603.6,101426.0,96029.6,97664.5,232934.693,1738540799999,22949597609.4826,4938568,110296.111,10866284794.4315,0
2025-02-03,97664.5,102456.0,91130.3,101293.7,455088.034,1738627199999,43861859909.7187,9447064,223647.345,21568873586.5965,0
2025-02-04,101293.6,101729.3,96100.0,97709.9,262746.203,1738713599999,26009379200.5607,5493800,129124.324,12780935015.1715,0
2025-02-05,97710.0,99124.2,96106.1,96553.2,151379.666,1738799999999,14787603373.4395,3469799,75494.667,7375761705.7319,0
2025-02-06,96553.2,99093.0,95613.5,96515.1,161521.013,1738886399999,15732382004.6025,3536819,81877.093,7976520545.3839,0
2025-02-07,96515.0,100112.4,95555.0,96454.5,223373.629,1738972799999,21837468262.4659,4285021,109960.027,10751019146.775,0
2025-02-08,96454.5,96850.0,95600.0,96411.9,69050.432,1739059199999,6644122527.1204,1556064,33693.238,3242334181.839,0
2025-02-09,96412.0,97301.7,94650.1,96423.6,101177.286,1739145599999,9736102711.9428,2020676,48790.479,4695821364.8538,0
2025-02-10,96423.6,98328.0,95200.1,97379.2,132932.545,1739231999999,12909986839.9299,2797120,66003.413,6410342979.1864,0
2025-02-11,97379.2,98482.2,94814.3,95731.4,154832.904,1739318399999,14974331187.2319,2870437,78111.297,7555540729.5812,0
2025-02-12,95731.4,98090.9,94003.9,97816.3,202448.079,1739404799999,19439638352.8794,3777676,101345.223,9733747320.0458,0
2025-02-13,97816.3,98053.8,95160.1,96560.6,142240.526,1739491199999,13680787136.6768,2882655,70609.214,6791245532.5745,0
2025-02-14,96560.6,98792.8,96225.7,97445.1,144452.957,1739577599999,14050947379.4366,2698910,72407.897,7044416595.5626,0
2025-02-15,97445.2,97941.2,97170.0,97538.0,47418.593,1739663999999,4625304231.2128,1122506,23589.946,2301136556.0742,0
2025-02-16,97538.0,97665.8,96002.0,96067.0,56684.873,1739750399999,5495964821.8901,1178659,28140.784,2728106444.2334,0
2025-02-17,96067.0,97000.0,95150.6,95743.2,105576.986,1739836799999,10136667892.9053,2123453,52837.371,5073257431.457,0
2025-02-18,95743.1,96737.3,93321.6,95622.0,179173.362,1739923199999,17034410558.3045,3299676,88832.523,8445742855.1069,0
2025-02-19,95622.0,96878.7,95012.5,96598.0,124996.873,1740009599999,11992996490.3516,2363817,63086.712,6053366880.6042,0
2025-02-20,96597.9,98662.1,96366.0,98252.9,129180.172,1740095999999,12598925800.6449,2405719,64867.841,6326977120.7349,0
2025-02-21,98252.8,99431.5,94830.4,96127.9,250618.273,1740182399999,24420588679.3015,4068903,124529.311,12133862614.7429,0
2025-02-22,96128.0,96988.0,95701.9,96503.3,65792.15,1740268799999,6345520284.0928,1273107,32970.239,3180377726.2342,0
2025-02-23,96503.3,96602.9,95180.2,96218.4,69298.691,1740355199999,6647362791.999,1246308,32959.317,3161812711.0947,0
2025-02-24,96218.4,96470.0,91300.0,91514.5,217488.75,1740441599999,20543195679.4306,3909950,104378.439,9865664651.1892,0
2025-02-25,91514.5,92500.0,86020.4,88639.1,472296.502,1740527999999,41894200562.9206,8369213,230468.657,20442958202.1542,0
2025-02-26,88639.1,89367.1,82222.0,84208.5,401141.821,1740614399999,34536661991.6454,6847973,193276.12,16645210564.2613,0
2025-02-27,84208.6,87066.0,82667.0,84668.1,269408.53,1740700799999,22931080203.5431,5083388,134703.889,11467445743.3804,0
2025-02-28,84668.2,85084.5,78200.2,84299.6,536343.231,1740787199999,43686395142.1932,9672296,262633.603,21393439885.1645,0
2025-03-01,84299.6,86516.5,83779.0,86007.7,146996.671,1740873599999,12515888419.9825,3014683,74405.406,6335243654.4102,0
2025-03-02,86007.7,94971.0,85015.0,94222.8,364711.538,1740959999999,32943383217.4127,6300424,186997.224,16884419268.0326,0
2025-03-03,94222.0,94373.4,85029.0,86192.7,436032.402,1741046399999,39107649568.9303,8664891,212309.797,19040499467.0923,0
2025-03-04,86193.3,88931.0,81200.0,87245.9,432434.798,1741132799999,36591012063.2103,9150619,214743.474,18174066508.1151,0
2025-03-05,87245.9,91000.0,86328.0,90566.1,279001.09,1741219199999,24826777816.6592,5960009,139026.346,12372571302.619,0
2025-03-06,90566.1,92780.3,87790.5,89887.8,303058.632,1741305599999,27350634937.0079,6061685,151593.36,13681706392.8926,0
2025-03-07,89887.9,91257.7,84600.0,86753.8,452474.195,1741391999999,39785179157.3045,8215927,223754.968,19681724970.5957,0
2025-03-08,86753.8,86876.5,85108.0,86184.7,96106.187,1741478399999,8274279764.8036,2043283,47297.675,4072452064.5018,0
2025-03-09,86184.7,86470.6,79933.4,80688.8,221609.348,1741564799999,18439154205.8068,4087644,106112.91,8831516359.2363,0
2025-03-10,80690.7,84031.5,77410.1,78567.8,416386.797,1741651199999,33576468153.0327,7504174,208814.004,16845572362.1905,0
2025-03-11,78567.8,83600.0,76560.0,82896.0,390779.169,1741737599999,31496850047.1384,6700221,195834.159,15789737050.2472,0
2025-03-12,82896.0,84487.0,80578.5,83640.7,306171.124,1741823999999,25257040236.9463,5204106,151645.58,12511698555.4041,0
2025-03-13,83640.7,84307.1,79903.4,81085.4,247960.052,1741910399999,20339091216.6417,4136157,122081.993,10013322135.9831,0
2025-03-14,81085.5,85270.2,80772.0,83939.8,233544.708,1741996799999,19480400183.0068,3668098,117011.97,9762569628.2572,0
2025-03-15,83939.9,84625.0,83564.5,84302.9,76674.97,1742083199999,6452002481.0053,1360801,39046.913,3285717870.9202,0
2025-03-16,84303.0,85136.0,81925.6,82541.6,174630.7,1742169599999,14560229989.6632,2961719,87189.041,7268415968.3845,0
2025-03-17,82541.6,84727.1,82384.0,83962.9,182662.082,1742255999999,15243760952.7371,3126276,89902.776,7503060657.5796,0
2025-03-18,83963.0,83979.8,81113.5,82666.1,188897.749,1742342399999,15546964609.4973,3234435,93706.244,7712643369.0886,0
2025-03-19,82666.2,86990.0,82501.8,86809.8,251961.741,1742428799999,21278400806.1707,4041006,130453.798,11024873581.6721,0
2025-03-20,86809.8,87500.0,83613.6,84183.6,242943.492,1742515199999,20712134490.6818,3647609,122401.863,10433709034.9592,0
2025-03-21,84183.6,84813.6,83122.0,84050.3,144422.271,1742601599999,12128213315.5817,2379726,72427.426,6083061455.5987,0
2025-03-22,84050.3,84509.0,83589.5,83804.9,52218.652,1742687999999,4391946161.3191,881860,24657.382,2074332526.1316,0
2025-03-23,83804.9,86110.9,83761.2,86044.2,90899.873,1742774399999,7717260188.0899,1395203,48358.398,4106148242.5016,0
2025-03-24,86044.1,88752.0,85478.3,87463.4,210907.484,1742860799999,18432550277.6387,3282516,106592.547,9315946461.0658,0
2025-03-25,87463.4,88500.0,86260.0,87369.8,173505.289,1742947199999,15155815871.099,2768708,86657.037,7570229992.0026,0
2025-03-26,87369.9,88270.2,85816.3,86873.8,187956.695,1743033599999,16368183043.4019,2620341,90917.376,7918117145.7116,0
2025-03-27,86873.9,87722.4,85724.5,87191.2,163451.689,1743119999999,14210148345.9687,2451436,79508.1,6912883489.7993,0
2025-03-28,87191.2,87470.0,83531.7,84380.8,222284.56,1743206399999,18906017105.6124,3429988,109001.069,9269785351.1783,0
2025-03-29,84380.8,84589.7,81601.0,82604.7,135513.705,1743292799999,11234711035.3115,2216920,65408.377,5422718032.783,0
2025-03-30,82604.8,83490.0,81501.4,82352.8,109565.925,1743379199999,9064725716.8179,1944059,53855.053,4455757412.5454,0
2025-03-31,82353.1,83895.8,81222.0,82517.5,212064.576,1743465599999,17489658395.7987,3700495,107182.781,8840032547.4539,0
2025-04-01,82517.5,85595.5,82383.3,85120.9,197263.176,1743551999999,16592830383.7936,3204984,99985.019,8411848741.2049,0
2025-04-02,85121.0,88500.0,82300.0,82485.1,348964.378,1743638399999,29832752692.1704,5700524,175049.916,14963523237.1374,0
2025-04-03,82485.1,83889.2,81172.2,83181.5,239163.519,1743724799999,19745607618.6561,4066509,121059.01,9995687106.8884,0
2025-04-04,83181.7,84686.2,81624.6,83861.3,353109.206,1743811199999,29383845902.268,5495133,175192.252,14576752174.1623,0
2025-04-05,83861.4,84244.5,82333.8,83506.1,99574.204,1743897599999,8287351555.4536,1673031,49164.812,4092690380.8305,0
2025-04-06,83506.1,83790.5,77111.0,78390.0,281191.753,1743983999999,22582931441.791,4458658,135853.523,10906301844.5319,0
2025-04-07,78390.1,81200.0,74457.0,79140.0,693843.503,1744070399999,53937100469.049,10521238,346063.905,26911968310.812,0
2025-04-08,79140.1,80832.1,76200.1,76297.9,328409.534,1744156799999,25796580911.5206,5357269,164156.315,12892077293.0506,0
2025-04-09,76298.0,83554.9,74578.5,82588.0,560649.862,1744243199999,44072322884.0975,8799174,279060.371,21941548090.1517,0
2025-04-10,82587.9,82706.9,78416.0,79560.2,293662.1,1744329599999,23687469484.8299,4989231,144665.485,11670843510.5127,0
2025-04-11,79560.3,84300.0,78935.5,83378.3,295777.871,1744415999999,24267636755.0135,4822203,150572.211,12356304190.9968,0
2025-04-12,83378.3,85884.2,82756.0,85237.8,158002.837,1744502399999,13313650656.6862,2750499,82997.381,6994512695.9162,0
2025-04-13,85237.9,86100.0,82991.5,83713.7,207038.38,1744588799999,17457667797.3317,3377742,104685.133,8828549442.2567,0
2025-04-14,83713.8,85755.0,83630.9,84553.9,209349.356,1744675199999,17726843976.2684,3632120,105627.155,8944536222.2804,0
2025-04-15,84553.9,86443.0,83560.0,83608.7,184522.182,1744761599999,15709860552.1604,3121181,92743.662,7897738727.0453,0
2025-04-16,83608.6,85493.5,83063.9,83990.0,209441.418,1744847999999,17600465000.7882,3500261,104313.038,8765949261.3331,0
2025-04-17,83990.1,85441.5,83700.0,84915.0,141033.195,1744934399999,11925437240.4436,2398235,72010.546,6090740216.0383,0
2025-04-18,84914.9,85100.0,84260.0,84421.0,55218.842,1745020799999,4669701038.4181,1026255,27406.677,2318092065.5433,0
2025-04-19,84421.0,85600.0,84317.2,85046.9,73380.566,1745107199999,6243873371.14,1278384,37104.342,3157189773.8348,0
2025-04-20,85046.9,85283.6,83900.0,85138.8,90651.818,1745193599999,7672458746.815,1426040,44964.07,3805208941.1624,0
2025-04-21,85138.9,88418.2,85100.0,87466.0,274069.871,1745279999999,23894438019.9122,3962240,142309.183,12402163704.5237,0
2025-04-22,87466.0,94142.5,87017.5,93404.9,334005.081,1745366399999,30146810687.6233,4829876,177605.55,16036484444.5302,0
2025-04-23,93404.9,94904.3,91898.0,93632.1,232748.428,1745452799999,21736791484.5585,3900078,115506.413,10789641621.999,0
2025-04-24,93632.2,93980.6,91619.0,93931.6,157092.728,1745539199999,14589477688.5148,2683732,80302.4,7459609794.2643,0
2025-04-25,93931.5,95769.6,92788.0,94591.8,191830.477,1745625599999,18114328489.7902,3288571,94332.019,8908813873.0707,0
2025-04-26,94591.8,95157.1,93833.0,94575.7,72538.209,1745711999999,6848477987.1194,1340715,35871.715,3386854791.019,0
2025-04-27,94575.7,95280.5,93547.3,93697.1,83816.183,1745798399999,7891352346.555,1503584,42053.018,3960324881.5631,0
2025-04-28,93697.0,95578.8,92700.0,94969.0,194420.716,1745884799999,18333704018.2604,2926262,97737.227,9216963298.6244,0
2025-04-29,94969.0,95426.4,93678.7,94200.1,147831.794,1745971199999,14010734428.5148,2481112,74470.172,7059198792.2364,0
2025-04-30,94200.1,95186.5,92848.1,94125.1,170929.31,1746057599999,16099511642.4903,2588053,85918.517,8092754197.7229,0
2025-05-01,94125.2,97388.0,94086.7,96423.3,184526.755,1746143999999,17724494702.1216,2825368,96525.42,9270272677.558,0
2025-05-02,96423.2,97865.4,96283.1,96831.2,139197.526,1746230399999,13503167893.5523,2240247,68734.402,6668888338.8506,0
2025-05-03,96831.2,96868.4,95700.0,95803.3,71420.629,1746316799999,6871382895.5311,1207124,34360.578,3306264200.8317,0
2025-05-04,95803.3,96266.6,94116.4,94230.2,94260.877,1746403199999,8988011491.011,1550180,46059.52,4393531982.4587,0
2025-05-05,94230.2,95165.1,93445.1,94696.7,154902.375,1746489599999,14600852881.6568,2364149,78619.623,7411253704.9874,0
2025-05-06,94696.7,96879.5,93327.0,96798.9,173683.066,1746575999999,16444015298.9578,2556838,87234.117,8263124302.7006,0
2025-05-07,96798.9,97700.0,95718.5,96988.4,185267.142,1746662399999,17927424779.6889,2739288,92439.664,8946083419.8699,0
2025-05-08,96988.4,104305.3,96831.5,103228.1,317422.469,1746748799999,31823810370.5613,4445990,167054.489,16750638859.9604,0
2025-05-09,103228.0,104373.0,102240.0,102941.9,172883.922,1746835199999,17811570329.7221,3180781,84963.515,8754550700.1199,0
2025-05-10,102941.9,105000.1,102784.0,104788.8,104384.537,1746921599999,10820371034.8627,1979353,53276.115,5524151294.8332,0
2025-05-11,104788.8,104950.0,103283.3,104072.7,139136.421,1747007999999,14486322662.4281,2552705,67115.638,6988278773.1364,0
2025-05-12,104072.7,105863.1,100678.0,102739.3,256542.699,1747094399999,26551603069.1406,4171603,125366.635,12980428383.5514,0
2025-05-13,102739.3,104949.2,101400.0,104082.0,162368.328,1747180799999,16783134050.1225,3009395,80743.479,8346771098.0106,0
2025-05-14,104082.0,104319.0,102536.0,103458.1,126264.097,1747267199999,13068576865.3795,2289025,61671.893,6383482493.223,0
2025-05-15,103458.1,104162.8,101270.8,103714.5,176344.106,1747353599999,18109801387.1545,3256600,87513.73,8988229367.1175,0
2025-05-16,103714.2,104524.2,103062.3,103412.2,115513.049,1747439999999,11990203384.412,2303834,57430.06,5961446585.3613,0
2025-05-17,103412.2,103658.0,102541.6,103079.6,90372.669,1747526399999,9316018419.6171,1899774,44461.16,4583342965.4596,0
2025-05-18,103079.5,106629.8,103052.2,106407.6,173224.284,1747612799999,18124062039.3125,3286266,89890.052,9409858684.5056,0
2025-05-19,106407.5,107114.3,102038.8,105531.6,257825.604,1747699199999,26840364600.388,4455918,126416.817,13162993464.0348,0
2025-05-20,105531.5,107292.5,104115.2,106800.1,226187.246,1747785599999,23924084086.0768,3940207,116062.335,12276681726.7015,0
2025-05-21,106800.0,110830.0,106037.9,109609.5,413589.854,1747871999999,44576303267.8202,6189752,209506.079,22586385067.0068,0
2025-05-22,109609.6,111959.5,109153.4,111662.7,246067.033,1747958399999,27295716075.3018,4612376,124614.99,13824511909.0629,0
2025-05-23,111662.6,111770.4,106721.9,107271.5,279480.347,1748044799999,30543709259.4438,4943362,136446.687,14911670323.1349,0
2025-05-24,107271.6,109440.2,106836.0,107698.9,165158.758,1748131199999,17895241893.0697,2838855,79136.43,8574692907.3595,0
2025-05-25,107699.0,109285.1,106497.0,108955.9,159465.803,1748217599999,17159184232.0091,2938731,76863.251,8270758952.8013,0
2025-05-26,108956.0,110400.0,108616.6,109386.8,146992.22,1748303999999,16103265896.3352,2776585,73695.689,8074191754.9952,0
2025-05-27,109386.8,110700.0,107438.0,108889.3,223599.905,1748390399999,24452829099.8677,4065296,109504.224,11977737990.2288,0
2025-05-28,108889.2,109252.6,106723.9,107723.1,158417.759,1748476799999,17119395349.8769,3009662,77490.091,8375382654.4362,0
2025-05-29,107723.1,108860.0,105054.2,105539.9,213101.255,1748563199999,22850297579.7762,3867631,103190.568,11066419508.3205,0
2025-05-30,105539.9,106266.0,103555.0,103950.0,219701.302,1748649599999,23083176001.5792,4162110,106922.492,11234606621.3492,0
2025-05-31,103949.9,104859.3,103032.1,104544.7,103607.84,1748735999999,10771231013.7278,2173534,50579.791,5258359962.0428,0
2025-06-01,104544.6,105823.6,103704.1,105583.3,97420.24,1748822399999,10189734693.2765,1959949,48780.478,5102309101.6038,0
2025-06-02,105583.3,105900.0,103600.6,105814.3,158252.918,1748908799999,16568774033.5745,2994803,78240.684,8191502071.4922,0
2025-06-03,105814.4,106775.0,104822.4,105330.1,139216.007,1748995199999,14728115908.7851,2606908,69730.139,7376563889.4207,0
2025-06-04,105330.1,105967.2,104111.7,104641.8,118534.125,1749081599999,12459563151.8403,2227909,58621.741,6162868431.131,0
2025-06-05,104641.8,105878.3,100305.1,101458.6,246238.674,1749167999999,25426533952.9847,4120064,117166.339,12100737396.2756,0
2025-06-06,101458.7,105283.0,101003.4,104240.0,174300.906,1749254399999,18075103218.6038,2910225,86445.603,8964620452.0324,0
2025-06-07,104240.1,105878.3,103800.1,105507.5,79833.173,1749340799999,8393331490.526,1510843,42203.459,4437639700.7316,0
2025-06-08,105507.5,106482.6,104927.4,105676.5,75105.104,1749427199999,7939013396.4349,1397725,38745.874,4096542593.3356,0
2025-06-09,105676.5,110653.6,105253.2,110227.9,192956.409,1749513599999,20800388814.9273,3206202,103642.886,11174929159.9416,0
2025-06-10,110228.0,110367.2,108282.0,110235.4,152216.974,1749599999999,16647654303.5421,2781353,75668.024,8275759237.4893,0
2025-06-11,110235.4,110350.0,108001.2,108600.0,134422.321,1749686399999,14691641846.5674,2592990,64951.236,7099898449.8342,0
2025-06-12,108600.1,108782.1,105602.0,105609.5,185790.19,1749772799999,19916220925.2797,3320828,88829.222,9526203957.2966,0
2025-06-13,105609.4,106141.1,102614.0,106027.3,245935.413,1749859199999,25704797377.6442,4731930,123623.272,12923131340.0448,0
2025-06-14,106027.3,106173.6,104225.4,105359.9,79911.57,1749945599999,8391666383.1509,1612153,39484.266,4146393733.0395,0
2025-06-15,105359.8,106099.4,104399.9,105534.6,78819.399,1750031999999,8299752647.8676,1615722,39480.384,4157719404.9615,0
2025-06-16,105534.7,108900.0,104920.0,106750.1,166813.219,1750118399999,17887208567.0373,3134819,85153.473,9131175475.7972,0
2025-06-17,106750.1,107727.4,103300.0,104508.0,226051.863,1750204799999,23808393905.4278,3970409,112258.832,11824212353.6119,0
2025-06-18,104508.0,105500.0,103426.1,104832.8,172706.399,1750291199999,18052952724.8775,3219465,86108.275,9001683114.4841,0
2025-06-19,104832.8,105185.7,103870.3,104607.1,87710.605,1750377599999,9170655647.4608,1606233,43107.754,4507096083.9664,0
2025-06-20,104607.1,106486.2,102255.3,103246.1,199102.135,1750463999999,20795551830.7014,3108911,97416.104,10175736757.0539,0
2025-06-21,103246.1,103940.6,100789.9,102079.8,120771.35,1750550399999,12390156115.4865,2033604,58453.589,5997353377.9872,0
2025-06-22,102079.8,103362.6,98115.4,100904.7,293562.636,1750636799999,29530840749.9246,4876091,147071.521,14794588601.4875,0
2025-06-23,100904.7,106050.0,99547.6,105290.9,297222.041,1750723199999,30424122122.1681,4717211,150465.011,15408831229.477,0
2025-06-24,105291.0,106239.0,104570.8,106034.9,144449.887,1750809599999,15211187542.8234,2565480,71801.201,7561432835.249,0
2025-06-25,106034.9,108095.7,105755.6,107280.0,159277.823,1750895999999,17055576325.5144,2665403,81148.885,8689450609.2951,0
2025-06-26,107280.1,108249.9,106500.0,106913.7,114433.386,1750982399999,12286992617.7236,2181091,56752.074,6094349716.9075,0
2025-06-27,106913.8,107686.0,106313.1,107010.7,118637.45,1751068799999,12685404247.2056,2005062,60117.113,6428393390.6014,0
2025-06-28,107010.6,107538.0,106767.0,107241.0,35670.419,1751155199999,3824571878.0348,747193,18591.878,1993427515.9144,0
2025-06-29,107240.9,108499.0,107112.6,108309.8,79448.325,1751241599999,8563401844.1215,1398904,41552.003,4478823238.7637,0
2025-06-30,108309.8,108783.9,106686.4,107087.4,114681.386,1751327999999,12341253790.3646,1865096,55900.03,6016047519.2797,0
2025-07-01,107087.3,107499.9,105182.6,105637.9,120434.401,1751414399999,12798966761.0981,2043731,58611.964,6229056079.2177,0
2025-07-02,105637.9,109690.4,105010.0,108800.0,177567.261,1751500799999,19179636772.5586,2621458,92413.926,9983565784.4009,0
2025-07-03,108800.0,110484.0,108480.6,109545.2,141487.997,1751587199999,15492329480.4931,2342574,73227.889,8018864064.8137,0
2025-07-04,109545.1,109732.3,107200.0,107935.4,132305.847,1751673599999,14316422935.2606,1957162,64249.699,6952968511.7135,0
2025-07-05,107935.3,108368.1,107688.3,108153.4,36660.948,1751759999999,3960654262.1664,734951,18462.029,1994707258.816,0
2025-07-06,108153.4,109684.7,107743.4,109145.8,72388.603,1751846399999,7864421489.3231,1278877,37107.026,4031820476.0809,0
2025-07-07,109145.8,109667.3,107456.0,108203.9,106397.578,1751932799999,11536683412.6303,1788546,52139.045,5654097567.2025,0
2025-07-08,108203.9,109180.0,107400.0,108873.1,95156.027,1752019199999,10320330229.2738,1658291,47448.078,5146117084.8251,0
2025-07-09,108873.2,112036.8,108273.5,111199.9,167834.731,1752105599999,18458201635.8988,2548622,87925.103,9671703908.607,0
2025-07-10,111199.8,117500.0,110432.2,115979.2,225570.213,1752191999999,25573716456.3733,3420723,119208.753,13523225525.2489,0
2025-07-11,115979.2,118882.8,115186.7,117500.0,199819.357,1752278399999,23468288934.0047,3481508,100784.694,11836216164.3229,0
2025-07-12,117500.0,118176.9,116862.4,117389.3,63722.472,1752364799999,7488784312.8489,1330505,31394.033,3689856558.2485,0
2025-07-13,117389.4,119655.0,117164.3,119038.3,90052.381,1752451199999,10670541370.9112,1810973,45809.831,5428490991.0878,0
2025-07-14,119038.3,123300.0,118862.6,119816.5,221556.12,1752537599999,26804448428.8877,4034670,113834.673,13772358450.5752,0
2025-07-15,119816.5,119919.4,115678.1,117738.5,269977.446,1752623999999,31656599892.9497,4738657,131447.5,15412735685.0897,0
2025-07-16,117738.6,120100.0,117017.1,118590.7,159165.948,1752710399999,18903224038.5254,3160880,79673.55,9462555225.8789,0
2025-07-17,118590.7,120951.5,117412.8,119176.6,164274.401,1752796799999,19529125659.9034,3301670,82532.264,9814512775.7237,0
2025-07-18,119176.5,120846.1,116788.9,117896.4,162246.906,1752883199999,19250655213.5986,3368152,78772.03,9348607437.1844,0
2025-07-19,117896.5,118456.0,117245.9,117814.4,52531.193,1752969599999,6197160791.5471,1248912,24526.721,2893580595.8702,0
2025-07-20,117814.3,118856.6,116370.1,117216.0,82380.582,1753055999999,9710161747.2649,1751382,39522.257,4660078822.8556,0
2025-07-21,117216.1,119720.6,116454.1,117330.2,141885.848,1753142399999,16757943321.4359,2862908,69570.765,8219105667.0004,0
2025-07-22,117330.2,120300.1,115865.0,119993.7,186832.45,1753228799999,22133221784.4276,3400863,94591.193,11212737632.947,0
2025-07-23,119993.7,120146.5,117250.0,118713.5,136986.897,1753315199999,16199890830.6418,2483435,66612.552,7878868556.4179,0
2025-07-24,118713.4,119469.9,117050.2,118294.3,137377.613,1753401599999,16275419265.9469,2566930,67494.798,7998311440.3544,0
2025-07-25,118294.4,118410.8,114667.3,117583.5,260386.754,1753487999999,30217394710.2149,4482676,123156.442,14294237851.1494,0
2025-07-26,117583.4,118300.0,117114.2,117889.2,57218.604,1753574399999,6739341628.4194,1160574,28458.148,3352360848.3219,0
2025-07-27,117889.3,119766.0,117800.8,119423.4,75978.959,1753660799999,9021870261.9343,1528886,39269.357,4663033730.9,0
2025-07-28,119423.5,119812.0,117388.0,118041.4,106712.329,1753747199999,12646588023.95,2373905,49363.385,5851265071.1647,0
2025-07-29,118041.5,119258.7,116923.0,117897.0,115263.463,1753833599999,13605158270.3445,2551661,55053.068,6499896380.2271,0
2025-07-30,117897.1,118763.5,115700.0,117771.0,124917.857,1753919999999,14671863277.403,2695165,60858.794,7148296382.1645,0
2025-07-31,117771.1,118910.0,115373.9,115697.3,135037.467,1754006399999,15883505625.6346,2653586,64854.642,7632959988.1983,0
2025-08-01,115697.3,116000.0,112660.0,113244.8,221282.099,1754092799999,25374879723.7736,4671690,106416.826,12205698734.1429,0
2025-08-02,113244.8,114000.0,111910.0,112508.8,102459.448,1754179199999,11582327925.5756,2253136,47169.224,5332165044.5207,0
2025-08-03,112508.8,114730.0,111850.0,114150.8,63183.869,1754265599999,7180260356.7661,1586907,31097.096,3534100091.6805,0
2025-08-04,114150.9,115686.0,114053.8,115002.1,83328.591,1754351999999,9566449201.0507,2122581,40432.436,4642286424.5996,0
2025-08-05,115002.1,115073.3,112582.4,114069.6,119316.428,1754438399999,13578532103.2508,2692070,56631.208,6445877392.1048,0
2025-08-06,114069.6,115674.2,113304.5,114941.0,98598.67,1754524799999,11289146520.5982,2207330,48509.767,5554848440.6814,0
2025-08-07,114941.0,117580.0,114211.4,117419.9,134409.055,1754611199999,15603976236.9276,2477601,70320.817,8162960433.9132,0
2025-08-08,117419.9,117591.8,115850.0,116628.2,89828.611,1754697599999,10476168967.7768,2041990,43852.502,5114363104.0876,0
2025-08-09,116628.2,117906.7,116304.0,116422.1,77924.534,1754783999999,9109077804.5382,1513938,40145.588,4693361379.9637,0
2025-08-10,116422.1,119291.9,116413.2,119255.3,130331.779,1754870399999,15402998283.6403,2420657,65839.952,7779415999.3612,0
2025-08-11,119255.3,122450.0,118050.0,118641.9,217088.254,1754956799999,26140833129.3272,4260404,108472.648,13067526473.9227,0
2025-08-12,118641.8,120270.0,118154.3,120081.0,125708.555,1755043199999,14984075258.1463,2609039,62783.535,7485321680.1282,0
2025-08-13,120080.9,123715.9,118829.0,123323.9,188073.873,1755129599999,22796282824.2241,3654672,93301.574,11312196562.838,0
2025-08-14,123323.9,124545.6,117004.0,118242.2,259801.57,1755215999999,31188419054.0993,4770691,121538.327,14590183740.3054,0
2025-08-15,118242.2,119184.0,116736.3,117279.2,120542.357,1755302399999,14214818128.9724,2714933,59281.35,6991379574.4084,0
2025-08-16,117279.1,117857.1,117089.7,117329.7,46674.42,1755388799999,5485340879.1925,1042735,22363.887,2628326778.8838,0
2025-08-17,117329.8,118558.0,117121.6,117353.8,54386.804,1755475199999,6411151083.0242,1143753,26068.765,3073122879.2602,0
2025-08-18,117353.9,117499.4,114605.0,116183.6,147219.779,1755561599999,17039158070.2288,3078165,69088.986,7995299306.2184,0
2025-08-19,116183.6,116687.7,112666.6,112824.2,141024.287,1755647999999,16131720046.5887,3133574,67997.774,7778182042.7296,0
2025-08-20,112824.1,114569.0,112301.8,114220.5,130522.37,1755734399999,14819274146.3868,2930095,64879.793,7366865522.6261,0
2025-08-21,114220.5,114777.0,111944.0,112462.2,96406.356,1755820799999,10907840294.1414,2397213,47004.863,5318559666.8512,0
2025-08-22,112462.2,117397.4,111625.9,116897.5,199447.977,1755907199999,22883791440.7028,3835737,99642.896,11432576389.3177,0
2025-08-23,116897.5,116988.0,114510.0,115377.1,78419.415,1755993599999,9054235281.6278,1536323,37863.987,4370908825.1067,0
2025-08-24,115377.1,115640.0,110484.0,113446.3,133388.002,1756079999999,15148067971.3495,2638475,62689.861,7122684907.1293,0
2025-08-25,113446.2,113621.3,109219.8,110064.0,204839.785,1756166399999,22818722034.3374,4182903,97227.324,10831873150.4421,0
2025-08-26,110064.1,112330.0,108559.7,111709.9,145041.438,1756252799999,15983443440.8915,3465884,71412.185,7870638924.216,0
2025-08-27,111710.0,112568.5,110306.9,111194.9,114205.122,1756339199999,12739237648.6494,2613099,57009.686,6360193223.3745,0
2025-08-28,111194.9,113429.0,110811.0,112507.3,97630.277,1756425599999,10988621821.8074,2252826,48243.477,5429943327.6128,0
2025-08-29,112507.3,112585.7,107411.4,108332.4,179725.172,1756511999999,19688668760.0572,3720115,85606.138,9377659144.8823,0
2025-08-30,108332.4,108879.6,107281.0,108757.9,60656.883,1756598399999,6572709736.3117,1397811,29582.419,3205457675.0864,0
2025-08-31,108758.0,109439.9,108021.0,108208.4,70149.546,1756684799999,7626942442.611,1474441,35849.92,3897678579.9297,0
2025-09-01,108208.4,109874.8,107211.5,109187.9,150280.626,1756771199999,16311045147.8882,3269303,74557.088,8091073396.492,0
2025-09-02,109187.9,111742.1,108333.0,111188.0,175961.356,1756857599999,19401297224.9434,3533098,86748.838,9565971726.0278,0
2025-09-03,111187.9,112541.2,110486.9,111659.8,105504.421,1756943999999,11770759661.8071,2363045,51862.786,5786444607.3872,0
2025-09-04,111659.7,112136.8,109269.1,110679.4,122300.369,1757030399999,13516026898.7113,2639637,62399.713,6896231004.2284,0
2025-09-05,110679.5,113344.3,110153.3,110614.9,193375.404,1757116799999,21608268964.6591,3788859,95520.119,10674991930.1665,0
2025-09-06,110614.8,111256.2,109850.0,110135.3,46282.516,1757203199999,5113475710.4939,1043405,21535.745,2379550741.4079,0
2025-09-07,110135.2,111559.5,110120.5,111076.0,53840.584,1757289599999,5973071292.8472,1136788,28108.634,3118159009.9087,0
2025-09-08,111075.5,112867.6,110566.5,112012.6,99117.859,1757375999999,11088708293.0036,2062136,49613.319,5550460075.5134,0
2025-09-09,112012.7,113238.0,110714.9,111499.9,137275.133,1757462399999,15364017571.6421,2548235,68008.526,7611454214.7344,0
2025-09-10,111499.9,114287.9,110855.8,113896.8,151901.539,1757548799999,17159405921.2062,2703708,76254.32,8616216430.8332,0
2025-09-11,113896.8,115439.0,113340.7,115427.0,113066.078,1757635199999,12912039322.4644,2206093,56557.547,6460867065.0883,0
2025-09-12,115427.0,116605.7,114681.5,115978.4,119013.718,1757721599999,13753804629.9552,2321278,60349.365,6973899045.825,0
2025-09-13,115978.4,116245.4,115032.0,115862.7,52529.59,1757807999999,6078193412.4006,1198605,25258.142,2922871088.1256,0
2025-09-14,115862.7,116118.6,115057.0,115210.0,55087.99,1757894399999,6368498171.5133,1196136,26632.938,3079192660.1629,0
2025-09-15,115210.0,116759.9,114338.5,115300.6,117911.279,1757980799999,13585379833.8268,2531767,57329.104,6606034102.6262,0
2025-09-16,115300.5,116910.8,114600.0,116747.3,99446.184,1758067199999,11513690825.0447,2144042,50112.816,5803047123.0028,0
2025-09-17,116747.3,117266.4,114623.3,116402.5,158125.07,1758153599999,18348171466.3525,3267980,80225.096,9311626093.7627,0
2025-09-18,116402.6,117875.2,116033.5,117017.1,107215.717,1758239999999,12568414009.019,2327863,51390.531,6024588789.0876,0
2025-09-19,117017.1,117406.8,115049.9,115569.5,88151.649,1758326399999,10241717036.8935,1845963,41905.847,4868815014.6998,0
2025-09-20,115569.6,116059.2,115343.0,115624.9,32355.678,1758412799999,3744545955.4796,731518,14781.099,1710724205.7591,0
2025-09-21,115625.0,115778.0,115137.6,115183.9,32793.431,1758499199999,3786613657.9565,825048,16745.946,1933772183.0419,0
2025-09-22,115183.9,115344.6,111469.2,112604.7,159461.568,1758585599999,18039188972.427,3419373,74182.157,8390032354.4724,0
2025-09-23,112604.7,113254.8,111405.1,111947.0,102258.264,1758671999999,11494032424.4655,2460994,51960.799,5841363219.9106,0
2025-09-24,111947.0,113895.8,110935.0,113254.0,105314.096,1758758399999,11879548716.1957,2384763,53413.185,6025971750.1765,0
2025-09-25,113253.9,113462.1,108574.1,108934.5,178663.741,1758844799999,19825920968.7404,3988053,84186.24,9344320561.0055,0
2025-09-26,108934.6,110250.0,108566.0,109588.5,112277.659,1758931199999,12272701459.1791,2904945,56155.899,6138347628.8949,0
2025-09-27,109588.5,109700.0,109021.9,109577.3,35871.924,1759017599999,3923401762.5556,875737,17907.531,1958706422.6393,0
2025-09-28,109577.2,112300.0,109136.5,112119.6,77247.963,1759103999999,8521046102.0886,1607459,39820.944,4392696394.1582,0
2025-09-29,112119.7,114377.2,111501.0,114257.1,125405.709,1759190399999,14160916303.2403,2558792,63042.556,7119074227.5833,0
2025-09-30,114257.1,114800.0,112615.3,113988.8,119320.015,1759276799999,13560972134.9725,2649460,60328.767,6856314456.8851,0
2025-10-01,113988.7,118631.8,113899.4,118552.4,172989.429,1759363199999,20130425143.6828,3495797,91389.65,10636695052.0599,0
2025-10-02,118552.0,120999.0,118226.4,120481.3,145456.938,1759449599999,17369682490.3087,3287990,75869.802,9060382748.5858,0
2025-10-03,120481.3,123900.0,119200.0,122182.7,167880.262,1759535999999,20406510432.5745,3823032,86342.249,10498463327.6089,0
2025-10-04,122182.6,122781.1,121432.0,122343.2,70479.21,1759622399999,8601963052.1653,1615003,34475.239,4208195407.6304,0
2025-10-05,122343.2,125877.3,122088.1,123426.7,162571.0,1759708799999,20109937991.3764,3659205,83698.584,10355400613.0674,0
2025-10-06,123426.7,126208.5,123018.5,124628.5,140201.329,1759795199999,17465215135.0039,3633703,69333.392,8639085715.0375,0
2025-10-07,124628.6,125098.0,120516.0,121286.5,181899.347,1759881599999,22319390759.2149,4202005,86256.749,10587449140.4524,0
2025-10-08,121286.6,124170.6,121005.3,123237.5,127099.786,1759967999999,15572092969.2554,3545539,66136.453,8102821498.209,0
2025-10-09,123237.4,123740.1,119572.8,121579.3,163596.38,1760054399999,19890276384.5902,3938201,76306.798,9277968956.9374,0
2025-10-10,121579.4,122497.0,101516.5,112714.9,391963.632,1760140799999,45076825982.4017,8976844,181714.84,20904806013.9756,0
2025-10-11,112715.0,113300.1,109501.0,110579.1,163671.59,1760227199999,18268163074.1344,4650728,73785.149,8236139351.9447,0
2025-10-12,110579.1,115730.3,109509.3,114894.4,217928.037,1760313599999,24571794294.0169,5262712,108538.204,12235618148.2385,0
2025-10-13,114894.5,115912.0,113600.5,115111.9,195996.783,1760399999999,22509504374.6067,4656609,95694.249,10990429088.4873,0
2025-10-14,115112.0,115360.2,109802.0,112983.8,259244.496,1760486399999,29101159307.8663,5960214,125148.573,14046611774.7067,0
2025-10-15,112983.9,113576.1,110096.9,110699.0,131777.09,1760572799999,14722103584.389,4671881,64776.533,7236639640.3854,0
2025-10-16,110699.1,111960.0,107350.0,108129.4,193544.785,1760659199999,21245415629.6721,6043222,93640.906,10281726978.3518,0
2025-10-17,108129.4,109199.8,103470.0,106378.6,242789.692,1760745599999,25744733284.1127,6936137,119199.822,12639240551.2269,0
2025-10-18,106378.5,107452.6,106270.0,107117.5,68509.903,1760831999999,7319254840.618,2088885,32310.238,3452403390.3112,0
2025-10-19,107117.5,109399.9,106055.8,108586.2,113473.72,1760918399999,12227415542.3371,3182090,57315.999,6175714778.1457,0
2025-10-20,108586.2,111650.0,107377.2,110469.9,139646.949,1761004799999,15403876134.7218,4408575,68490.715,7554196161.5017,0
2025-10-21,110469.9,113940.0,107400.0,108253.7,241127.426,1761091199999,26588100130.4652,6899664,118319.639,13041681888.7929,0
2025-10-22,108253.8,109160.0,106360.3,107532.0,180893.983,1761177599999,19528248919.2056,5662544,92821.336,10022954942.1996,0
2025-10-23,107532.1,111240.0,107462.9,110025.9,129640.717,1761263999999,14194391374.774,4205445,63778.257,6983205780.052,0
2025-10-24,110026.0,112086.0,109650.0,110965.4,110759.532,1761350399999,12266995720.6384,3645127,54797.291,6069600111.8771,0
2025-10-25,110965.4,111903.9,110600.5,111589.4,45269.483,1761436799999,5042907497.6125,1390771,22111.032,2463343649.894,0
2025-10-26,111589.4,115521.7,111200.0,114497.8,97335.387,1761523199999,11025832161.8245,2690149,50148.489,5681747977.3664,0
2025-10-27,114497.9,116380.2,113792.4,114064.1,118611.612,1761609599999,13655124505.5205,3606096,57954.035,6673490539.723,0
2025-10-28,114064.2,116074.3,112121.4,112833.5,131088.84,1761695999999,14968353132.7899,3953418,64663.1,7384670851.876,0
2025-10-29,112833.5,113593.0,109026.4,109985.6,163920.866,1761782399999,18302671178.4635,4943718,78716.735,8791661211.2841,0
2025-10-30,109985.6,111565.1,106200.0,108263.5,205753.644,1761868799999,22369109428.5478,6330320,100086.671,10882242367.716,0
2025-10-31,108263.6,111233.0,108226.6,109557.3,152063.776,1761955199999,16683797487.54,4790937,78106.793,8570620336.7303,0
2025-11-01,109557.2,110557.0,109351.5,110047.2,41614.221,1762041599999,4579668770.1899,1492868,21133.219,2325832045.6377,0
2025-11-02,110047.3,111216.0,109368.9,110494.9,61109.173,1762127999999,6744087828.2275,2070247,29327.591,3237152488.591,0
2025-11-03,110494.9,110711.0,105300.0,106544.0,174258.047,1762214399999,18689862800.3629,5811945,85160.531,9132874748.491,0
2025-11-04,106544.0,107271.9,98888.8,101450.3,281742.16,1762300799999,28973193334.5977,8565646,135745.298,13963735714.4083,0
2025-11-05,101450.2,104497.6,98909.7,103837.0,167770.094,1762387199999,17127717826.9393,6086022,85269.272,8705829237.4525,0
2025-11-06,103837.0,104210.2,100238.4,101305.6,145029.821,1762473599999,14822272935.6669,5320926,72992.587,7459084026.7504,0
2025-11-07,101305.6,104070.7,99200.0,103305.2,163967.458,1762559999999,16618226412.9992,5603055,80661.296,8177204667.1575,0
2025-11-08,103305.3,103373.8,101400.1,102269.3,70691.949,1762646399999,7229449979.504,2559208,33026.898,3377832915.0343,0
2025-11-09,102269.3,105440.0,101300.0,104670.6,92367.67,1762732799999,9539326599.9635,3231981,48113.344,4969753127.3583,0
2025-11-10,104670.7,106666.0,104205.9,105966.3,120403.538,1762819199999,12736544297.3328,4212652,58544.195,6193456036.5697,0
2025-11-11,105966.3,107473.7,102400.0,103005.8,132603.774,1762905599999,13877840027.7205,4760215,64447.961,6747067917.6145,0
2025-11-12,103005.8,105297.0,100711.0,101605.8,140876.276,1762991999999,14516821988.2784,4703500,69539.37,7165597522.8057,0
2025-11-13,101605.8,104024.6,97959.0,99654.3,236046.799,1763078399999,23845056328.8644,7282484,117795.946,11901855797.975,0
2025-11-14,99654.3,99862.8,93955.0,94544.9,287072.783,1763164799999,27699919078.6639,9131756,135755.023,13096421781.0165,0
2025-11-15,94544.9,96800.0,94523.9,95560.3,90220.319,1763251199999,8648839692.4375,3291291,47203.247,4524772600.933,0
2025-11-16,95560.4,96600.0,92922.8,94221.7,135749.509,1763337599999,12858824611.9057,4603648,65150.48,6173742396.4806,0
2025-11-17,94221.7,96012.2,91250.0,92169.7,205161.285,1763423999999,19251468313.7895,6449728,98027.621,9200451323.276,0
2025-11-18,92169.8,93799.1,89012.0,92916.9,232691.156,1763510399999,21287650102.1971,7177907,113786.482,10415481419.4653,0
2025-11-19,92916.8,92944.8,88564.4,91508.9,226438.45,1763596799999,20531646468.1953,6320482,111594.868,10117818980.8015,0
2025-11-20,91509.0,93150.0,86066.6,86601.3,276513.027,1763683199999,24710128018.0412,7702513,133430.073,11927440607.5741,0
2025-11-21,86601.4,87465.4,80600.0,85093.5,449804.324,1763769599999,37766204535.2064,12106325,213915.687,17962180053.0172,0
2025-11-22,85093.6,85599.9,83456.0,84689.4,94197.055,1763855999999,7944941195.9623,3300973,46882.408,3954513677.7838,0
2025-11-23,84689.4,88100.0,84622.0,86807.7,138930.073,1763942399999,12021965924.515,3866798,69195.248,5988281050.7283,0
2025-11-24,86807.6,89177.3,85226.4,88247.1,211113.332,1764028799999,18390268446.5396,5760868,103430.099,9011124358.8684,0
2025-11-25,88247.1,88477.6,86061.1,87324.1,149637.655,1764115199999,13058119938.8809,3934906,72724.94,6347967246.0369,0
2025-11-26,87324.1,90655.4,86260.9,90438.1,159146.533,1764201599999,14035931374.2226,3774838,77838.103,6867895385.2314,0
2025-11-27,90438.0,91931.9,90024.4,91292.2,113685.232,1764287999999,10363381065.7595,2798316,55922.73,5097906484.5603,0
2025-11-28,91292.2,93080.0,90155.0,90847.8,146920.347,1764374399999,13439159085.5929,3370293,74510.662,6816775836.8546,0
2025-11-29,90847.8,91130.0,90092.7,90765.0,54196.679,1764460799999,4912678291.2122,1422265,26455.92,2398702136.5294,0
2025-11-30,90764.9,91934.4,90300.0,90320.6,66139.718,1764547199999,6030481989.374,1670692,33556.305,3060587530.4573,0
2025-12-01,90320.5,90396.9,83786.0,86241.6,296847.166,1764633599999,25577924246.4796,6767987,147776.477,12724515613.2848,0
2025-12-02,86241.5,92273.2,86140.1,91249.1,228101.165,1764719999999,20398018617.2761,5320367,115973.46,10368494171.1987,0
2025-12-03,91249.1,94185.0,90954.8,93376.7,201298.317,1764806399999,18675815044.3044,5434938,101728.674,9440036623.0458,0
2025-12-04,93376.8,94040.0,90822.5,92034.7,146772.427,1764892799999,13597441409.6919,4163902,71951.305,6667329541.1233,0
2025-12-05,92034.7,92665.5,87976.3,89288.5,179125.057,1764979199999,16166343889.0462,4515304,88584.311,7995926556.4131,0
2025-12-06,89288.6,90257.3,88870.1,89197.1,56826.867,1765065599999,5087173918.7945,1591701,27767.199,2486142416.4378,0
2025-12-07,89197.1,91722.0,87688.0,90345.4,129592.005,1765151999999,11615722866.7767,3338858,66100.06,5924783029.4539,0
2025-12-08,90345.4,92262.6,89553.8,90610.8,152474.739,1765238399999,13851183299.0389,4053719,75932.69,6898494855.9569,0
2025-12-09,90610.8,94555.0,89368.9,92638.4,181930.263,1765324799999,16746767484.4678,4479556,91703.897,8446337566.9607,0
2025-12-10,92638.3,94443.7,91520.0,91977.5,160488.78,1765411199999,14848606099.6705,4232140,78008.191,7219031219.0209,0
2025-12-11,91977.5,93547.3,89200.0,92477.5,191148.068,1765497599999,17359221855.9521,4805321,94016.625,8539381998.8038,0
2025-12-12,92477.6,92719.0,89429.0,90229.6,144844.11,1765583999999,13200125050.1882,3756406,70171.626,6394111063.2565,0
2025-12-13,90229.7,90599.0,89711.9,90191.3,36237.733,1765670399999,3269571102.3341,932723,17479.46,1577183376.2897,0
2025-12-14,90191.3,90440.0,87504.3,88118.8,92086.654,1765756799999,8202472245.4301,2328828,42720.264,3805644073.4884,0
2025-12-15,88118.8,89972.4,85073.0,86389.9,194216.045,1765843199999,17011925792.4325,4934375,94430.912,8272115736.1914,0
2025-12-16,86390.0,88143.9,85226.0,87826.3,142225.048,1765929599999,12361523043.7964,4227432,70313.06,6113438681.8917,0
2025-12-17,87826.3,90363.2,85261.3,86201.6,208646.748,1766015999999,18228465804.6213,5781931,105691.482,9233349207.3885,0
2025-12-18,86201.6,89447.9,84408.6,85469.7,229573.679,1766102399999,19944082984.3968,6086801,114728.003,9969623749.2985,0
2025-12-19,85469.8,89374.6,85062.7,88100.0,178284.494,1766188799999,15617337797.6527,5034312,90542.953,7932688826.5974,0
2025-12-20,88100.0,88551.8,87698.5,88320.8,35973.848,1766275199999,3171782778.2374,923871,18260.294,1610228535.3512,0
2025-12-21,88320.7,89050.0,87548.5,88621.3,67624.388,1766361599999,5968133891.8196,1874966,32712.868,2887602454.755,0
2025-12-22,88621.3,90599.0,87845.0,88581.5,154693.469,1766447999999,13801598552.2526,4180747,77898.364,6951347714.1261,0
2025-12-23,88581.5,88904.9,86536.0,87463.0,133657.948,1766534399999,11714876769.2463,3476009,64852.617,5685542045.1042,0
2025-12-24,87463.1,88033.3,86355.0,87627.3,81543.508,1766620799999,7107553239.5379,2265487,40807.967,3557644789.4852,0
2025-12-25,87627.4,88594.0,86902.1,87182.8,57796.252,1766707199999,5072600548.9633,1544627,27827.13,2442856595.0364,0
2025-12-26,87182.8,89557.6,86619.9,87318.2,149971.737,1766793599999,13204732310.098,3606967,76191.941,6707636492.3797,0
2025-12-27,87318.3,87956.9,87203.0,87829.4,27294.109,1766879999999,2388675294.68,702865,13546.965,1185724776.1208,0
2025-12-28,87829.5,88078.3,87402.6,87920.5,37359.964,1766966399999,3278205503.957,886145,19229.166,1687448428.5795,0
2025-12-29,87920.4,90373.4,86760.0,87203.3,190004.209,1767052799999,16787751031.7945,3903591,95283.174,8416033696.7515,0
2025-12-30,87203.2,89355.0,86789.0,88455.3,126745.26,1767139199999,11172280215.5508,2751660,62853.527,5540336897.8115,0
2025-12-31,88455.2,89192.8,87189.2,87608.2,96768.357,1767225599999,8534611355.54,2111873,48482.035,4275528251.6157,0
2026-01-01,87608.3,88881.4,87508.4,88800.0,47941.303,1767311999999,4221684071.5216,1056983,24309.438,2140634699.0434,0
2026-01-02,88800.0,90945.1,88324.4,89951.4,176662.448,1767398399999,15818436364.5132,3761821,88056.87,7886732816.1324,0
2026-01-03,89951.5,90716.9,89261.2,90595.8,56891.269,1767484799999,5120704164.6601,1281323,29015.764,2611863035.041,0
2026-01-04,90595.8,91779.7,90595.7,91497.1,73773.029,1767571199999,6733223160.202,1754310,37402.277,3413859398.8546,0
2026-01-05,91497.2,94760.3,91476.5,93822.4,189416.312,1767657599999,17646171283.7405,4067261,97059.465,9042581525.8039,0
2026-01-06,93822.3,94415.4,91209.0,93708.0,187443.05,1767743999999,17445560806.7759,3608826,94232.226,8770892721.2898,0
2026-01-07,93708.1,93708.1,90634.1,91328.0,148986.85,1767830399999,13680092151.8126,3128555,73299.714,6727596648.7552,0
2026-01-08,91328.1,91666.0,89242.0,91059.8,168475.944,1767916799999,15234838673.2306,3683287,84435.026,7635322062.942,0
2026-01-09,91059.8,91999.0,89632.8,90603.6,140394.677,1768003199999,12741216614.7338,3331017,69989.001,6352106377.4189,0
2026-01-10,90603.7,90800.0,90351.6,90469.6,25270.741,1768089599999,2289227865.1467,599781,12020.536,1088926580.3011,0
2026-01-11,90469.7,91252.5,90175.3,90964.4,43544.382,1768175999999,3951590389.4878,1038354,21293.365,1932532329.091,0
2026-01-12,90964.4,92488.0,90066.0,91252.6,169237.383,1768262399999,15460787326.0671,3781380,82912.104,7572852155.4257,0
2026-01-13,91252.5,96863.7,91011.0,95375.2,200545.918,1768348799999,18702759214.6813,4318052,105695.435,9864317696.0591,0
2026-01-14,95375.2,97932.1,94413.4,96907.9,182043.491,1768435199999,17517864908.3997,4348837,92286.055,8882328810.851,0
2026-01-15,96908.0,97155.0,95080.0,95567.3,149204.741,1768521599999,14354929430.5958,3798595,75974.818,7310211188.0476,0
2026-01-16,95567.4,95825.0,94234.5,95503.7,101218.089,1768607999999,9631783779.4691,2400899,48339.645,4600540806.8206,0
2026-01-17,95503.8,95621.9,94977.5,95107.9,38969.233,1768694399999,3713666637.4187,818622,18898.703,1801057681.6183,0
2026-01-18,95107.9,95490.0,93550.3,93614.0,62580.393,1768780799999,5933385909.8745,1329656,30549.157,2897470488.1819,0
2026-01-19,93614.0,93614.1,91800.0,92589.6,108237.056,1768867199999,10038160831.5419,2825417,53768.893,4986797574.4837,0
2026-01-20,92589.6,92845.0,87787.2,88390.6,188076.2,1768953599999,17018198701.3769,4631114,89134.355,8067693049.1273,0
2026-01-21,88390.7,90599.5,87205.5,89411.4,208082.615,1769039999999,18550738542.8682,5516402,102546.299,9143105060.37,0
2026-01-22,89411.4,90327.7,88465.6,89518.5,105914.221,1769126399999,9479318940.2308,3188240,52482.607,4697915270.7682,0
2026-01-23,89518.4,91195.0,88530.0,89558.7,124825.85,1769212799999,11205111434.1844,3316867,61779.895,5546065367.2153,0
2026-01-24,89558.7,89893.9,89116.9,89180.7,30735.937,1769299199999,2749562449.6091,704903,14976.518,1340050881.4053,0
2026-01-25,89180.7,89281.6,86021.7,86628.9,124879.363,1769385599999,10926589926.8844,2890811,59390.821,5197048472.4734,0
2026-01-26,86628.9,88834.1,86463.2,88300.6,134609.491,1769471999999,11814857414.2917,3655855,66466.747,5834082697.1586,0
2026-01-27,88300.6,89499.0,87265.4,89197.8,117926.114,1769558399999,10418692062.9808,3132674,59716.738,5275991529.7027,0
2026-01-28,89197.8,90592.7,88786.0,89261.7,123884.859,1769644799999,11091286350.5205,3491891,61737.44,5528477718.5388,0
2026-01-29,89261.7,89316.8,83338.3,84604.7,226761.591,1769731199999,19452002164.5236,5246087,107600.597,9231117126.0345,0
2026-01-30,84604.7,84697.2,81000.0,84211.4,254794.516,1769817599999,21126748812.4862,7256441,125556.402,10413491253.0105,0
2026-01-31,84211.4,84239.5,75500.0,78706.8,271548.511,1769903999999,21725315465.7822,7438979,125677.136,10063492728.0621,0
2026-02-01,78706.7,79396.8,75644.0,76931.5,186984.08,1769990399999,14530348059.777,6762058,89510.966,6959321844.2493,0
2026-02-02,76931.6,79311.0,74555.0,78692.5,259646.414,1770076799999,20033127365.0781,10356254,130227.95,10052791614.9439,0
2026-02-03,78692.5,79163.0,72889.2,75732.4,307725.516,1770163199999,23507272161.9743,8904271,150597.328,11504740665.9995,0
2026-02-04,75732.4,76952.5,71838.0,73137.4,293124.639,1770249599999,21772124047.9519,9146258,144596.988,10738927062.2291,0
2026-02-05,73137.5,73316.3,62233.3,62868.1,670089.741,1770335999999,45383453171.8165,19581560,322109.264,21807977020.39,0
2026-02-06,62868.1,71714.4,59800.0,70544.5,559182.769,1770422399999,37147154675.9662,16332904,283473.971,18863949152.1862,0
2026-02-07,70544.5,71690.0,67250.0,69254.2,266663.651,1770508799999,18436859331.9978,8784245,131785.54,9110082591.6801,0
2026-02-08,69254.3,72300.0,68843.7,70288.1,162753.587,1770595199999,11477495028.2572,5758737,84081.188,5930510155.4559,0
2026-02-09,70288.2,71434.9,68271.7,70110.5,222442.828,1770681599999,15536232970.8153,8000547,111498.925,7789587450.7571,0
2026-02-10,70110.6,70499.9,67883.0,68805.3,183872.609,1770767999999,12702030089.136,6235581,90509.52,6253576090.1996,0
2026-02-11,68805.3,69262.7,65718.5,67054.4,256625.524,1770854399999,17245163504.0109,8361548,127263.683,8552993198.8805,0
2026-02-12,67054.8,68385.0,65081.0,66243.1,199993.259,1770940799999,13358290840.2903,6480832,97623.786,6521965541.1917,0
2026-02-13,66243.2,69473.7,65833.9,68821.5,183043.289,1771027199999,12411102395.2804,5506424,92834.952,6296336083.3519,0
2026-02-14,68821.5,70557.7,68689.1,69795.4,114534.246,1771113599999,7975934194.1541,3101501,59131.453,4118198244.3135,0
2026-02-15,69795.4,70938.5,68029.6,68796.9,151250.13,1771199999999,10503980127.9098,4131070,75420.635,5239469410.7689,0
2026-02-16,68796.9,70110.9,67250.0,68862.5,149579.748,1771286399999,10246352235.4022,4281080,74612.753,5112811990.0118,0
2026-02-17,68862.6,69228.6,66588.0,67475.9,149185.122,1771372799999,10110613783.2471,4735651,72488.674,4913522362.5158,0
2026-02-18,67475.9,68438.0,65826.1,66422.8,163973.391,1771459199999,11015902259.5555,4414934,80983.885,5442262907.7837,0
2026-02-19,66422.8,67299.4,65595.7,66974.0,147432.601,1771545599999,9812064348.1862,4243601,73067.18,4863653042.4106,0
2026-02-20,66973.9,68283.7,66408.1,67979.3,225303.971,1771631999999,15188111219.3469,5164151,113814.422,7672390279.2523,0
2026-02-21,67979.3,68687.0,67488.9,67933.1,87495.493,1771718399999,5962675788.0988,1846629,45144.688,3077321357.6557,0
2026-02-22,67933.2,68220.0,67150.0,67613.5,84343.422,1771804799999,5711913292.3926,1863706,42548.861,2881219584.1734,0
2026-02-23,67613.6,67655.8,63860.0,64625.8,277151.296,1771891199999,18105752523.7873,6630619,136928.48,8944665157.5532,0
2026-02-24,64625.8,64980.0,62401.7,64031.3,223150.569,1771977599999,14197862756.4856,5758456,109251.438,6952752503.5222,0
2026-02-25,64031.4,69999.0,63876.0,67952.5,299238.818,1772063999999,20064546495.4116,6996840,157407.474,10552957659.5202,0
2026-02-26,67952.5,68850.0,66462.0,67448.2,177837.055,1772150399999,12034418012.3577,5337568,87776.569,5941265435.0613,0
2026-02-27,67448.1,68188.8,64875.6,65836.0,205957.364,1772236799999,13676652433.9822,5402389,101504.077,6739338522.5544,0
2026-02-28,65836.0,67735.0,62979.5,66937.1,257922.786,1772323199999,16739946355.5953,6409763,128512.265,8346357005.2828,0
2026-03-01,66937.0,68189.0,65011.0,65750.0,219111.436,1772409599999,14595540041.5659,5961363,109014.685,7263217121.6953,0
2026-03-02,65749.9,70100.0,65234.4,68801.8,277378.032,1772495999999,18797402666.4924,7594400,142201.207,9641711691.1948,0
2026-03-03,68801.8,69221.6,66080.0,68295.3,257469.9,1772582399999,17427071396.1283,7256084,129683.24,8780068484.0133,0
2026-03-04,68295.2,74046.5,67350.0,72641.4,357143.496,1772668799999,25451510255.9959,9113296,190287.738,13562199872.3034,0
2026-03-05,72641.4,73539.1,70612.8,70854.8,226168.28,1772755199999,16281967883.7203,6208035,112195.131,8079656887.7121,0
2026-03-06,70854.8,71387.5,67712.3,68083.0,213382.703,1772841599999,14828774016.9754,5538756,102870.052,7149555899.6631,0
2026-03-07,68083.0,68524.9,66850.1,67232.1,94570.162,1772927999999,6406934226.6605,2310757,45855.067,3107174130.075,0
2026-03-08,67232.1,68171.6,65569.2,65934.3,155747.973,1773014399999,10426897603.0972,3935975,76827.845,5147142558.9367,0
2026-03-09,65934.3,69498.0,65770.5,68394.1,237211.547,1773100799999,16143343325.2073,6402136,121973.387,8301108300.6032,0
2026-03-10,68394.0,71748.1,68345.0,69901.9,265674.484,1773187199999,18671992004.4249,6447895,135881.438,9551079577.3577,0
2026-03-11,69901.8,71286.0,68932.9,70150.0,195627.956,1773273599999,13717861932.2764,5153969,99852.987,7003372481.1162,0
2026-03-12,70150.0,70756.5,69150.0,70480.1,186490.593,1773359999999,13053987974.2205,5027652,93473.694,6543069845.1725,0
2026-03-13,70480.1,73870.0,70342.7,70895.5,300232.121,1773446399999,21593507872.2023,6412789,156863.01,11283022486.7378,0
2026-03-14,70895.5,71272.3,70256.0,71174.4,79283.014,1773532799999,5607440555.4348,1886463,39723.954,2810176879.7996,0
2026-03-15,71174.4,73199.9,70815.7,72778.9,126474.242,1773619199999,9080449373.0048,3045577,66929.36,4806884385.1855,0
2026-03-16,72778.8,74880.0,72235.6,74846.4,269076.99,1773705599999,19840157846.2003,6268523,142195.122,10486931743.155,0
2026-03-17,74846.4,75998.9,73330.3,73872.4,218278.973,1773791999999,16237908572.5667,5479878,112058.066,8337836305.908,0
2026-03-18,73872.3,74633.0,70456.0,71202.9,226755.469,1773878399999,16383639137.9523,5356124,109590.175,7920069210.9269,0
2026-03-19,71202.9,71598.3,68750.0,69887.4,218646.177,1773964799999,15294450396.1898,5571163,104855.165,7335537800.7149,0
2026-03-20,69887.4,71342.2,69350.0,70472.7,186241.517,1774051199999,13081138829.4624,4888724,95658.426,6719666214.1873,0
2026-03-21,70472.6,71077.7,68511.3,68881.5,74084.886,1774137599999,5205605275.9253,1878597,34700.301,2440331893.1537,0
2026-03-22,68881.5,69555.8,67300.0,67830.6,134880.564,1774223999999,9248443589.3247,3656404,66109.279,4533941495.7399,0
2026-03-23,67830.7,71789.8,67400.1,70865.9,291099.678,1774310399999,20370260333.7558,7419964,149407.438,10456499392.3255,0
2026-03-24,70866.0,71377.5,68884.5,70523.9,196191.95,1774396799999,13772645263.8223,4920785,98069.538,6886069653.5346,0
2026-03-25,70524.0,71999.9,70375.0,71297.5,166515.849,1774483199999,11849218843.5443,4276151,85566.483,6089918411.4155,0
2026-03-26,71297.5,71408.1,68115.8,68788.0,186473.614,1774569599999,12951042505.3498,4295874,89375.977,6207615721.3709,0
2026-03-27,68788.1,69142.7,65501.0,66364.2,212351.048,1774655999999,14210587774.4208,4882340,99296.688,6645603566.7039,0
2026-03-28,66364.1,67284.0,65888.0,66334.8,89373.492,1774742399999,5950578006.8388,1936311,45864.542,3054483289.8193,0
2026-03-29,66334.8,67100.0,64918.2,65977.9,110278.396,1774828799999,7312091384.9466,2569247,52166.21,3460384461.2651,0
2026-03-30,65978.0,68148.4,65754.2,66764.4,187059.065,1774915199999,12563731418.2445,4757179,95737.116,6430144653.7993,0
2026-03-31,66764.4,68600.0,65938.0,68241.5,243333.085,1775001599999,16388241988.4435,5862363,124615.591,8396181305.4869,0
2026-04-01,68241.4,69288.0,67534.9,68086.5,157276.22,1775087999999,10762216842.0174,4106767,80109.366,5482948501.1637,0
2026-04-02,68086.4,68639.1,65676.1,66868.5,188358.921,1775174399999,12579517168.5344,4638638,90555.926,6049738477.8148,0
2026-04-03,66868.6,67350.0,66240.0,66930.0,79267.833,1775260799999,5293680077.2063,1992751,39548.73,2641788463.641,0
2026-04-04,66930.0,67554.5,66745.5,67271.0,50770.337,1775347199999,3410098603.0277,974725,25639.145,1722456378.5043,0
2026-04-05,67271.1,69108.0,66575.5,68997.9,104918.169,1775433599999,7083232336.5034,2094751,56721.718,3831677470.6371,0
2026-04-06,68997.9,70332.5,68227.5,68817.9,166757.236,1775519999999,11569303168.5605,4113878,83004.367,5761065151.3994,0
2026-04-07,68817.9,72743.4,67711.0,71890.2,232828.247,1775606399999,16182279542.8739,5373548,123615.487,8599656840.0223,0
2026-04-08,71890.2,72858.5,70671.6,71038.1,183378.492,1775692799999,13133483725.5291,4083755,93431.327,6693623001.9324,0
2026-04-09,71038.2,73128.0,70428.0,71750.4,175806.457,1775779199999,12590015134.5603,4240779,90420.751,6478553823.7703,0
2026-04-10,71750.4,73450.0,71382.1,72917.4,156569.666,1775865599999,11339768854.1431,3530906,80182.211,5808783569.3901,0
2026-04-11,72917.4,73773.4,72451.9,73013.4,80169.67,1775951999999,5853687218.5443,1757326,41840.259,3055775778.0617,0
2026-04-12,73013.4,73094.4,70458.2,70711.1,134822.989,1776038399999,9619397053.2532,2700369,64950.326,4634586894.2697,0
2026-04-13,70711.2,74870.0,70517.3,74385.0,213029.519,1776124799999,15429798791.7153,4357102,112073.325,8123328701.9414,0
2026-04-14,74384.9,76009.0,73766.8,74106.9,183261.49,1776211199999,13694374804.034,4218005,95642.599,7149178056.5491,0
2026-04-15,74106.9,75425.6,73449.0,74776.2,131029.771,1776297599999,9730355811.3352,3436946,66693.646,4954210269.1399,0
2026-04-16,74776.3,75500.0,73256.8,75106.8,158397.725,1776383999999,11801394012.9651,4081084,79897.602,5954451951.7258,0
2026-04-17,75106.8,78300.0,74480.0,77030.6,239395.915,1776470399999,18324625150.3757,5543309,124203.819,9508968258.2991,0
2026-04-18,77030.6,77380.0,75395.9,75653.8,105894.391,1776556799999,8076569348.8235,2448295,50166.281,3826394976.621,0
2026-04-19,75653.8,76200.0,73700.2,73758.4,128978.211,1776643199999,9683836062.9599,3539624,63058.289,4736545268.8033,0
2026-04-20,73758.4,76531.0,73669.0,75790.1,166149.667,1776729599999,12510062747.3712,4412505,86599.13,6522423958.7194,0
2026-04-21,75790.1,76999.0,74777.9,76288.2,164760.987,1776815999999,12500416813.7038,4536844,82755.902,6280085483.8428,0
2026-04-22,76288.3,79444.0,76078.6,78139.8,191087.096,1776902399999,14938373139.3461,4654803,101992.557,7974983102.8871,0
2026-04-23,78139.7,78648.0,76504.6,78216.8,172485.012,1776988799999,13417395909.757,4384196,84718.875,6592277714.224,0
2026-04-24,78217.4,78546.0,77206.8,77395.4,127783.005,1777075199999,9945529700.8213,3111521,63895.667,4973678914.4198,0
2026-04-25,77395.3,77847.0,77100.0,77585.0,46592.486,1777161599999,3610097135.4857,1074571,23089.429,1789188982.0108,0
2026-04-26,77585.0,78994.8,77280.0,78613.5,79943.305,1777247999999,6242573929.5112,1958460,40732.364,3181665010.4038,0
2026-04-27,78614.4,79455.0,76400.0,77331.2,169100.883,1777334399999,13145988361.7206,3759613,79780.744,6202616215.802,0
2026-04-28,77331.2,77450.0,75635.6,76298.1,103918.877,1777420799999,7940395434.4344,2755530,51324.109,3921079223.0633,0
2026-04-29,76298.2,77873.2,74868.0,75749.9,186533.503,1777507199999,14249560003.828,3744656,93018.079,7107579066.8016,0
2026-04-30,75749.9,76630.3,75273.5,76305.4,99754.46,1777593599999,7592288630.2618,2581648,51739.389,3938217113.9557,0
2026-05-01,76305.4,78879.9,76265.4,78192.0,152998.306,1777679999999,11910926993.1926,3193414,79967.911,6224875505.9966,0
2026-05-02,78191.9,79145.0,77979.3,78652.9,51441.108,1777766399999,4033520631.7541,1220863,27323.799,2142884125.8639,0
2026-05-03,78652.8,79428.9,78027.0,78529.0,72033.621,1777852799999,5665696047.9264,1769810,36821.027,2896791628.4295,0
2026-05-04,78529.0,80771.7,78128.3,79826.1,280916.582,1777939199999,22352471036.6139,5588231,139739.282,11125152316.5889,0
2026-05-05,79826.1,81745.4,79761.2,80861.9,170921.528,1778025599999,13859497343.3122,3517847,94779.367,7686811919.4291,0
2026-05-06,80861.9,82828.7,80651.2,81390.1,158200.508,1778111999999,12927894460.9271,3814275,81342.65,6648701776.0193,0
2026-05-07,81390.0,81680.6,79461.5,79969.4,134727.652,1778198399999,10847675002.3061,3380745,65049.244,5238074366.8352,0
2026-05-08,79969.5,80478.0,79137.4,80155.2,106762.913,1778284799999,8526573357.1195,2837678,54063.082,4317886683.4866,0
2026-05-09,80155.2,81043.2,80080.0,80634.0,55957.334,1778371199999,4503617575.0946,1271383,28915.93,2327249644.9301,0
2026-05-10,80634.0,82460.5,80225.1,82177.7,94950.803,1778457599999,7710867902.2652,2249327,49103.839,3988588385.8651,0
2026-05-11,82177.7,82350.0,80394.0,81699.1,121990.421,1778543999999,9914471000.5156,3134296,59087.775,4802044688.7259,0
2026-05-12,81699.1,81757.3,79801.0,80461.0,121313.956,1778630399999,9789139740.0945,2704822,60253.092,4862099743.6705,0
2026-05-13,80461.0,81270.2,78713.8,79288.3,139700.645,1778716799999,11167790014.5136,2907428,69068.793,5522950812.3305,0
2026-05-14,79288.2,81999.0,78869.4,81048.9,175883.625,1778803199999,14166202818.0762,3735245,91821.9,7396409670.3957,0
2026-05-15,81048.8,81623.8,78610.0,79074.0,153823.505,1778889599999,12292172672.2623,3558190,76762.992,6134432619.498,0
2026-05-16,79074.0,79199.7,77601.8,78104.2,86150.451,1778975999999,6745204001.3567,1893984,40355.528,3159749226.3727,0
2026-05-17,78104.3,78564.3,76666.0,77430.4,86217.669,1779062399999,6712948169.9698,1935246,40338.72,3142948524.4189,0
2026-05-18,77430.4,77757.5,76014.2,76963.2,178363.499,1779148799999,13699664123.4151,4327873,88084.022,6766389445.3175,0
2026-05-19,76963.2,77384.6,76107.1,76799.9,99046.639,1779235199999,7603377917.7864,2665616,48097.27,3692720647.0602,0
2026-05-20,76800.0,77825.8,76485.0,77510.3,107607.406,1779321599999,8314023123.8036,2742623,54228.551,4190939125.5966,0
2026-05-21,77510.3,78180.0,76696.7,77586.2,117095.161,1779407999999,9079126567.9011,2866709,58038.228,4501124501.6308,0
2026-05-22,77586.3,77862.7,75322.0,75513.1,116206.213,1779494399999,8909928951.1865,2569349,55486.276,4256556054.119,0
2026-05-23,75513.1,77427.0,74203.6,76715.2,153827.753,1779580799999,11619846136.9379,3004860,79962.496,6041908572.7032,0
2026-05-24,76715.3,77600.0,76056.0,77030.3,91134.277,1779667199999,6995184441.0506,2234138,46951.462,3605093573.361,0
2026-05-25,77030.3,77887.9,76871.4,77281.5,76708.408,1779753599999,5935318058.4616,1931005,39621.54,3066054546.0086,0
2026-05-26,77281.5,78077.1,75641.2,75905.5,164920.082,1779839999999,12654056290.2857,3665650,81798.307,6277167640.2896,0
2026-05-27,75905.6,76155.5,74210.0,74418.1,144715.461,1779926399999,10884781930.5444,3448760,68881.582,5182029673.8581,0
2026-05-28,74418.0,74565.3,72556.0,73591.4,179445.677,1780012799999,13158313710.1554,3962599,88684.97,6502127242.4595,0
2026-05-29,73591.4,74293.1,72436.0,73428.2,146157.182,1780099199999,10744239263.3423,3330599,70734.281,5200482659.9178,0
2026-05-30,73428.2,74108.8,73130.1,73856.8,52543.686,1780185599999,3872898602.558,1170355,28011.296,2064671058.7693,0
2026-05-31,73856.9,74250.0,73340.7,73653.2,58241.459,1780271999999,4298158210.9843,1441196,28704.09,2118524984.5727,0
2026-06-01,73653.2,74070.5,70650.9,71391.5,213471.128,1780358399999,15378872728.3725,4458372,104990.58,7563168002.3186,0
2026-06-02,71391.5,71397.0,66150.7,66730.0,346702.152,1780444799999,23712505169.3278,7127356,166204.475,11371042208.1904,0
2026-06-03,66730.1,67493.8,64050.8,64117.7,310901.538,1780531199999,20585781398.0473,6966925,149213.984,9885249714.9615,0
2026-06-04,64117.7,64739.8,61344.8,63853.4,431174.611,1780617599999,27310650403.739,10874585,213316.447,13514269338.1017,0
2026-06-05,63853.4,63955.0,59080.0,61022.0,478161.885,1780703999999,29361378809.9244,13001562,232607.696,14290455965.6739,0
2026-06-06,61022.0,61500.0,59451.3,60849.7,174760.843,1780790399999,10605474090.515,5613152,85845.659,5210160125.7485,0
2026-06-07,60849.7,64250.0,60708.0,63298.5,217479.033,1780876799999,13517713522.3448,5625457,112626.445,7001852664.3588,0
2026-06-08,63299.0,64179.5,62377.0,63057.9,184441.053,1780963199999,11686149262.5016,5553169,93444.085,5921735024.9173,0
2026-06-09,63057.9,63499.9,60755.0,61695.0,221399.474,1781049599999,13747227695.6087,5499289,107397.606,6669133960.6649,0
2026-06-10,61694.9,62840.2,60691.9,61483.7,193054.264,1781135999999,11904619873.8146,5545622,96771.687,5968864811.1565,0
2026-06-11,61483.6,63915.3,61483.6,63597.9,193994.574,1781222399999,12203645517.4952,4464945,103587.129,6518375446.1642,0
2026-06-12,63598.0,64362.6,62800.0,63547.0,145723.782,1781308799999,9269070492.5146,3586119,74546.867,4742412883.4536,0
2026-06-13,63547.0,64738.0,63360.0,64418.2,76161.387,1781395199999,4875081330.9115,1605728,38768.194,2482284713.5357,0
2026-06-14,64418.3,65775.0,63650.0,65702.1,116733.458,1781481599999,7543356645.1326,2420457,60549.973,3914345727.5491,0
2026-06-15,65702.1,67255.4,65314.3,66285.9,167952.941,1781567999999,11128369131.6187,3579313,86169.02,5709398822.9715,0
2026-06-16,66285.9,66956.7,65328.8,65644.8,129106.426,1781654399999,8530166441.4165,3186832,64458.046,4259519998.0064,0
2026-06-17,65644.8,66419.2,63881.2,64472.9,199486.299,1781740799999,12993715717.6897,4631138,98821.853,6437246671.4536,0
2026-06-18,64472.9,64780.0,62232.1,62924.1,187698.716,1781827199999,11913345414.7855,4005801,92392.061,5863865588.7467,0
2026-06-19,62924.0,63645.0,62237.2,63512.6,112226.881,1781913599999,7054926729.8511,2721632,58258.725,3663648894.0381,0
2026-06-20,63512.5,64370.9,63136.2,64270.0,95676.696,1781999999999,6097926299.7573,2147300,48913.198,3118395430.986,0
2026-06-21,64270.1,64568.0,63220.0,63287.1,84982.076,1782086399999,5440812226.5408,1903594,41365.039,2648469088.5503,0
2026-06-22,63287.2,65597.2,63286.2,63990.2,161843.008,1782172799999,10442533457.2388,3838509,82589.322,5329779220.9626,0
2026-06-23,63990.1,64247.2,61870.0,62696.7,172919.239,1782259199999,10846658707.2452,3993212,84991.721,5330726364.2983,0
2026-06-24,62696.7,63209.6,59060.0,61051.2,278097.304,1782345599999,16952133814.0803,5937738,132535.075,8082756879.19,0
2026-06-25,61051.2,61931.1,58030.0,59771.9,301830.174,1782431999999,18118740546.7246,6739577,149372.807,8967863004.0547,0
2026-06-26,59772.0,60734.0,58288.0,60072.0,282095.151,1782518399999,16822758418.5105,6983368,139341.106,8312708213.9387,0
2026-06-27,60071.9,60924.7,59819.8,60000.3,81302.593,1782604799999,4907885655.0171,1933235,42069.525,2540198927.8617,0
2026-06-28,60000.4,60543.3,58888.0,59550.2,103598.697,1782691199999,6193593269.8492,2643496,49730.114,2974065072.9403,0
2026-06-29,59550.2,60758.3,58850.0,60224.7,227776.275,1782777599999,13640923265.6366,5844739,114160.876,6837134848.1412,0
2026-06-30,60224.7,60250.0,58160.0,58605.4,191646.301,1782863999999,11294873694.8577,4297703,90576.277,5338707202.1923,0
2026-07-01,58605.4,61322.0,57758.6,59999.6,263938.481,1782950399999,15695432641.0252,5246380,136369.842,8115387942.9123,0
2026-07-02,59999.6,62180.0,59555.0,61540.6,235950.072,1783036799999,14413324176.5046,4765923,117980.515,7207915843.8849,0
2026-07-03,61540.5,62957.2,61229.0,62565.5,132498.494,1783123199999,8221425342.5955,2834351,69537.35,4315798233.2323,0
2026-07-04,62565.5,63450.0,62302.6,63114.8,79649.524,1783209599999,5005363317.9037,1885110,41550.607,2611746611.2974,0
2026-07-05,63114.9,63990.7,62410.1,63617.1,92627.144,1783295999999,5838939676.6096,2089318,48171.283,3038344858.7349,0
2026-07-06,63617.2,64691.9,61297.0,64023.6,242793.799,1783382399999,15274506289.3918,5073937,121387.255,7640751354.7832,0
2026-07-07,64023.5,64298.1,62638.0,63335.4,177205.838,1783468799999,11244581262.0986,4096702,85874.588,5449626162.5448,0
2026-07-08,63335.4,63740.2,61520.0,62255.3,163095.725,1783555199999,10156440443.1993,3867222,79901.779,4975421632.2514,0
2026-07-09,62255.1,63484.9,61666.0,63197.0,150854.293,1783641599999,9464862498.7085,3623198,77168.763,4842964922.3949,0
2026-07-10,63197.1,64680.0,62897.0,64129.5,138788.057,1783727999999,8884001490.3616,2973359,73258.058,4690117437.0622,0
2026-07-11,64129.5,64497.4,63668.8,63783.0,53674.895,1783814399999,3443175595.1301,1277015,25273.968,1621779238.9319,0
2026-07-12,63783.1,64271.9,63602.8,63750.0,60091.946,1783900799999,3842437074.5187,1549044,29863.137,1909607943.1852,0
2026-07-13,63749.9,64411.8,61806.0,62307.0,195782.223,1783987199999,12292237296.2456,3928956,93638.752,5878702792.812,0
2026-07-14,62307.0,65130.0,62240.9,65014.7,190875.183,1784073599999,12181241959.761,3668512,99914.775,6378567095.8602,0
2026-07-15,65014.6,65589.7,64450.9,64721.4,132223.614,1784159999999,8592277953.362,3001694,69017.401,4485966984.6906,0
2026-07-16,64721.4,64974.5,63712.6,63801.0,130469.462,1784246399999,8392177738.2678,2952021,63102.093,4059746106.4033,0
2026-07-17,63801.1,64356.7,62505.1,63909.9,165852.813,1784332799999,10503446852.1878,3536821,80999.235,5129558954.666,0
2026-07-18,63909.9,64837.4,63859.6,64806.7,49226.738,1784419199999,3163687038.2765,1078072,26451.476,1699964478.3515,0
2026-07-19,64806.7,64948.8,64259.5,64694.7,62795.03,1784505599999,4055891561.1265,1450757,29941.877,1933948004.7355,0
2026-07-20,64694.8,65788.0,63736.1,65224.8,179506.147,1784591999999,11632181714.2429,3998559,94016.492,6094805087.8886,0
2026-07-21,65224.7,66924.1,65115.3,66522.4,138894.915,1784678399999,9194862592.7125,2926105,71866.783,4757783666.7387,0
2026-07-22,66522.3,66711.0,65505.0,66082.0,116810.615,1784764799999,7707124517.2237,2548708,59458.265,3923451413.9316,0
2026-07-23,66082.0,66284.1,64636.0,65069.6,124767.778,1784851199999,8138975806.3191,2557117,60173.408,3924731912.94,0
2026-07-24,65069.6,65780.0,63666.0,64116.5,147537.472,1784937599999,9530027824.8239,2732802,72365.784,4674634101.341,0
2026-07-25,64116.5,64417.1,63760.5,64338.1,46247.634,1785023999999,2965064790.4038,860616,21283.36,1364834459.501,0
2026-07-26,64338.0,64514.1,64317.9,64450.0,3145.211,1785110399999,202677094.6448,69485,1851.877,119336947.5747,0
