timestamp,close_1h,volume_1h,close_4h,volume_4h,close_1d,volume_1d
2026-05-24 14:00:00,76428.2,12558.112,76343.7,24088.222,77030.3,91134.277
2026-05-24 15:00:00,76343.7,2743.36,76343.7,24088.222,77030.3,91134.277
2026-05-24 16:00:00,76645.1,4555.406,76738.5,9107.609,77030.3,91134.277
2026-05-24 17:00:00,76661.6,1846.578,76738.5,9107.609,77030.3,91134.277
2026-05-24 18:00:00,76632.4,1585.016,76738.5,9107.609,77030.3,91134.277
2026-05-24 19:00:00,76738.5,1120.609,76738.5,9107.609,77030.3,91134.277
2026-05-24 20:00:00,76639.1,1796.01,77030.3,20670.567,77030.3,91134.277
2026-05-24 21:00:00,76106.0,6222.431,77030.3,20670.567,77030.3,91134.277
2026-05-24 22:00:00,76771.2,8877.384,77030.3,20670.567,77030.3,91134.277
2026-05-24 23:00:00,77030.3,3774.742,77030.3,20670.567,77030.3,91134.277
2026-05-25 00:00:00,77120.0,3113.027,76989.0,14649.301,77281.5,76708.408
2026-05-25 01:00:00,76905.6,3940.46,76989.0,14649.301,77281.5,76708.408
2026-05-25 02:00:00,77064.1,5679.911,76989.0,14649.301,77281.5,76708.408
2026-05-25 03:00:00,76989.0,1915.903,76989.0,14649.301,77281.5,76708.408
2026-05-25 04:00:00,77357.0,3207.912,77377.0,14584.247,77281.5,76708.408
2026-05-25 05:00:00,77370.0,3238.872,77377.0,14584.247,77281.5,76708.408
2026-05-25 06:00:00,77386.1,5357.844,77377.0,14584.247,77281.5,76708.408
2026-05-25 07:00:00,77377.0,2779.619,77377.0,14584.247,77281.5,76708.408
2026-05-25 08:00:00,77422.3,2571.397,77318.2,13640.885,77281.5,76708.408
2026-05-25 09:00:00,77565.0,5700.73,77318.2,13640.885,77281.5,76708.408
2026-05-25 10:00:00,77500.0,2914.677,77318.2,13640.885,77281.5,76708.408
2026-05-25 11:00:00,77318.2,2454.081,77318.2,13640.885,77281.5,76708.408
2026-05-25 12:00:00,77325.7,2554.033,77587.2,15234.635,77281.5,76708.408
2026-05-25 13:00:00,77302.1,2190.977,77587.2,15234.635,77281.5,76708.408
2026-05-25 14:00:00,77676.4,5263.778,77587.2,15234.635,77281.5,76708.408
2026-05-25 15:00:00,77587.2,5225.847,77587.2,15234.635,77281.5,76708.408
2026-05-25 16:00:00,77694.5,2952.467,77403.3,9008.916,77281.5,76708.408
2026-05-25 17:00:00,77523.2,2774.683,77403.3,9008.916,77281.5,76708.408
2026-05-25 18:00:00,77511.7,1224.041,77403.3,9008.916,77281.5,76708.408
2026-05-25 19:00:00,77403.3,2057.725,77403.3,9008.916,77281.5,76708.408
2026-05-25 20:00:00,77243.7,2621.954,77281.5,9590.424,77281.5,76708.408
2026-05-25 21:00:00,77340.8,1674.347,77281.5,9590.424,77281.5,76708.408
2026-05-25 22:00:00,77084.7,3533.606,77281.5,9590.424,77281.5,76708.408
2026-05-25 23:00:00,77281.5,1760.517,77281.5,9590.424,77281.5,76708.408
2026-05-26 00:00:00,76750.1,7837.287,76629.0,18506.397,75905.5,164920.082
2026-05-26 01:00:00,76717.8,4014.825,76629.0,18506.397,75905.5,164920.082
2026-05-26 02:00:00,76630.7,3663.677,76629.0,18506.397,75905.5,164920.082
2026-05-26 03:00:00,76629.0,2990.608,76629.0,18506.397,75905.5,164920.082
2026-05-26 04:00:00,76713.9,2832.751,76685.1,12547.087,75905.5,164920.082
2026-05-26 05:00:00,76887.3,2859.933,76685.1,12547.087,75905.5,164920.082
2026-05-26 06:00:00,76869.8,3362.296,76685.1,12547.087,75905.5,164920.082
2026-05-26 07:00:00,76685.1,3492.107,76685.1,12547.087,75905.5,164920.082
2026-05-26 08:00:00,76687.9,1834.031,77153.9,20838.26,75905.5,164920.082
2026-05-26 09:00:00,76641.0,2007.84,77153.9,20838.26,75905.5,164920.082
2026-05-26 10:00:00,77398.6,12291.589,77153.9,20838.26,75905.5,164920.082
2026-05-26 11:00:00,77153.9,4704.8,77153.9,20838.26,75905.5,164920.082
2026-05-26 12:00:00,77098.9,5875.831,76478.2,66727.635,75905.5,164920.082
2026-05-26 13:00:00,77199.2,10219.396,76478.2,66727.635,75905.5,164920.082
2026-05-26 14:00:00,76873.6,32872.397,76478.2,66727.635,75905.5,164920.082
2026-05-26 15:00:00,76478.2,17760.011,76478.2,66727.635,75905.5,164920.082
2026-05-26 16:00:00,76534.6,8964.023,76028.3,35332.115,75905.5,164920.082
2026-05-26 17:00:00,75909.6,15095.075,76028.3,35332.115,75905.5,164920.082
2026-05-26 18:00:00,75822.6,7810.546,76028.3,35332.115,75905.5,164920.082
2026-05-26 19:00:00,76028.3,3462.471,76028.3,35332.115,75905.5,164920.082
2026-05-26 20:00:00,76082.0,2352.054,75905.5,10968.588,75905.5,164920.082
2026-05-26 21:00:00,75864.0,1938.109,75905.5,10968.588,75905.5,164920.082
2026-05-26 22:00:00,75729.6,4011.581,75905.5,10968.588,75905.5,164920.082
2026-05-26 23:00:00,75905.5,2666.844,75905.5,10968.588,75905.5,164920.082
2026-05-27 00:00:00,76055.3,3043.727,75635.6,12261.144,74418.1,144715.461
2026-05-27 01:00:00,75846.6,2849.437,75635.6,12261.144,74418.1,144715.461
2026-05-27 02:00:00,75850.9,2802.311,75635.6,12261.144,74418.1,144715.461
2026-05-27 03:00:00,75635.6,3565.669,75635.6,12261.144,74418.1,144715.461
2026-05-27 04:00:00,75542.9,8840.36,75935.0,18142.226,74418.1,144715.461
2026-05-27 05:00:00,75676.4,3364.243,75935.0,18142.226,74418.1,144715.461
2026-05-27 06:00:00,75800.0,2659.38,75935.0,18142.226,74418.1,144715.461
2026-05-27 07:00:00,75935.0,3278.243,75935.0,18142.226,74418.1,144715.461
2026-05-27 08:00:00,75838.4,3812.843,75737.9,12192.202,74418.1,144715.461
2026-05-27 09:00:00,75875.6,3099.093,75737.9,12192.202,74418.1,144715.461
2026-05-27 10:00:00,75863.7,2498.476,75737.9,12192.202,74418.1,144715.461
2026-05-27 11:00:00,75737.9,2781.79,75737.9,12192.202,74418.1,144715.461
2026-05-27 12:00:00,75655.0,8053.742,75300.0,51264.201,74418.1,144715.461
2026-05-27 13:00:00,75054.3,20743.151,75300.0,51264.201,74418.1,144715.461
2026-05-27 14:00:00,75000.7,13749.777,75300.0,51264.201,74418.1,144715.461
2026-05-27 15:00:00,75300.0,8717.531,75300.0,51264.201,74418.1,144715.461
2026-05-27 16:00:00,75273.9,5753.912,75039.9,22646.635,74418.1,144715.461
2026-05-27 17:00:00,74838.2,8594.176,75039.9,22646.635,74418.1,144715.461
2026-05-27 18:00:00,75000.0,4699.102,75039.9,22646.635,74418.1,144715.461
2026-05-27 19:00:00,75039.9,3599.445,75039.9,22646.635,74418.1,144715.461
2026-05-27 20:00:00,75237.6,3476.208,74418.1,28209.053,74418.1,144715.461
2026-05-27 21:00:00,74439.9,10168.63,74418.1,28209.053,74418.1,144715.461
2026-05-27 22:00:00,74390.0,8980.344,74418.1,28209.053,74418.1,144715.461
2026-05-27 23:00:00,74418.1,5583.871,74418.1,28209.053,74418.1,144715.461
2026-05-28 00:00:00,74541.6,3138.599,73224.5,43587.778,73591.4,179445.677
2026-05-28 01:00:00,74313.0,5741.343,73224.5,43587.778,73591.4,179445.677
2026-05-28 02:00:00,74256.6,3652.024,73224.5,43587.778,73591.4,179445.677
2026-05-28 03:00:00,73224.5,31055.812,73224.5,43587.778,73591.4,179445.677
2026-05-28 04:00:00,73145.1,15398.619,73467.0,34578.879,73591.4,179445.677
2026-05-28 05:00:00,72959.9,5389.586,73467.0,34578.879,73591.4,179445.677
2026-05-28 06:00:00,73170.9,7675.794,73467.0,34578.879,73591.4,179445.677
2026-05-28 07:00:00,73467.0,6114.88,73467.0,34578.879,73591.4,179445.677
2026-05-28 08:00:00,73294.0,3701.156,73479.1,13907.056,73591.4,179445.677
2026-05-28 09:00:00,73514.1,3180.086,73479.1,13907.056,73591.4,179445.677
2026-05-28 10:00:00,73375.2,4263.274,73479.1,13907.056,73591.4,179445.677
2026-05-28 11:00:00,73479.1,2762.54,73479.1,13907.056,73591.4,179445.677
2026-05-28 12:00:00,73496.5,4128.714,72899.1,51087.566,73591.4,179445.677
2026-05-28 13:00:00,72988.5,13507.443,72899.1,51087.566,73591.4,179445.677
2026-05-28 14:00:00,72997.5,27209.387,72899.1,51087.566,73591.4,179445.677
2026-05-28 15:00:00,72899.1,6242.022,72899.1,51087.566,73591.4,179445.677
2026-05-28 16:00:00,73415.0,7672.331,73393.5,22552.945,73591.4,179445.677
2026-05-28 17:00:00,73518.2,7308.713,73393.5,22552.945,73591.4,179445.677
2026-05-28 18:00:00,73626.4,3740.6,73393.5,22552.945,73591.4,179445.677
2026-05-28 19:00:00,73393.5,3831.301,73393.5,22552.945,73591.4,179445.677
2026-05-28 20:00:00,73553.5,4473.723,73591.4,13731.453,73591.4,179445.677
2026-05-28 21:00:00,73796.3,3755.034,73591.4,13731.453,73591.4,179445.677
2026-05-28 22:00:00,73448.7,3684.541,73591.4,13731.453,73591.4,179445.677
2026-05-28 23:00:00,73591.4,1818.155,73591.4,13731.453,73591.4,179445.677
2026-05-29 00:00:00,73693.8,2940.584,73269.2,11820.268,73428.2,146157.182
2026-05-29 01:00:00,73558.5,3074.38,73269.2,11820.268,73428.2,146157.182
2026-05-29 02:00:00,73201.9,3531.777,73269.2,11820.268,73428.2,146157.182
2026-05-29 03:00:00,73269.2,2273.527,73269.2,11820.268,73428.2,146157.182
2026-05-29 04:00:00,73466.4,2687.266,73488.0,15653.651,73428.2,146157.182
2026-05-29 05:00:00,73663.0,2586.277,73488.0,15653.651,73428.2,146157.182
2026-05-29 06:00:00,73752.5,3791.082,73488.0,15653.651,73428.2,146157.182
2026-05-29 07:00:00,73488.0,6589.026,73488.0,15653.651,73428.2,146157.182
2026-05-29 08:00:00,73625.2,3720.672,73447.6,11771.654,73428.2,146157.182
2026-05-29 09:00:00,73707.8,3377.656,73447.6,11771.654,73428.2,146157.182
2026-05-29 10:00:00,73601.9,2012.414,73447.6,11771.654,73428.2,146157.182
2026-05-29 11:00:00,73447.6,2660.912,73447.6,11771.654,73428.2,146157.182
2026-05-29 12:00:00,73260.0,4671.173,73775.4,59474.916,73428.2,146157.182
2026-05-29 13:00:00,73114.6,10431.33,73775.4,59474.916,73428.2,146157.182
2026-05-29 14:00:00,73065.8,17958.003,73775.4,59474.916,73428.2,146157.182
2026-05-29 15:00:00,73775.4,26414.41,73775.4,59474.916,73428.2,146157.182
2026-05-29 16:00:00,74022.0,10671.356,73489.0,36329.068,73428.2,146157.182
2026-05-29 17:00:00,73954.3,9236.416,73489.0,36329.068,73428.2,146157.182
2026-05-29 18:00:00,73343.0,11357.399,73489.0,36329.068,73428.2,146157.182
2026-05-29 19:00:00,73489.0,5063.897,73489.0,36329.068,73428.2,146157.182
2026-05-29 20:00:00,73644.9,2733.462,73428.2,11107.625,73428.2,146157.182
2026-05-29 21:00:00,73385.3,2960.778,73428.2,11107.625,73428.2,146157.182
2026-05-29 22:00:00,73446.5,2819.48,73428.2,11107.625,73428.2,146157.182
2026-05-29 23:00:00,73428.2,2593.905,73428.2,11107.625,73428.2,146157.182
2026-05-30 00:00:00,73463.3,2044.48,73492.4,7948.491,73856.8,52543.686
2026-05-30 01:00:00,73623.6,1904.226,73492.4,7948.491,73856.8,52543.686
2026-05-30 02:00:00,73747.4,1656.896,73492.4,7948.491,73856.8,52543.686
2026-05-30 03:00:00,73492.4,2342.889,73492.4,7948.491,73856.8,52543.686
2026-05-30 04:00:00,73365.9,5392.981,73513.9,12144.772,73856.8,52543.686
2026-05-30 05:00:00,73567.5,3787.971,73513.9,12144.772,73856.8,52543.686
2026-05-30 06:00:00,73550.7,1817.693,73513.9,12144.772,73856.8,52543.686
2026-05-30 07:00:00,73513.9,1146.127,73513.9,12144.772,73856.8,52543.686
2026-05-30 08:00:00,73491.6,936.345,73567.9,4484.973,73856.8,52543.686
2026-05-30 09:00:00,73576.8,1025.741,73567.9,4484.973,73856.8,52543.686
2026-05-30 10:00:00,73615.4,1539.798,73567.9,4484.973,73856.8,52543.686
2026-05-30 11:00:00,73567.9,983.089,73567.9,4484.973,73856.8,52543.686
2026-05-30 12:00:00,73661.5,1208.698,73888.0,13500.653,73856.8,52543.686
2026-05-30 13:00:00,73805.0,3299.249,73888.0,13500.653,73856.8,52543.686
2026-05-30 14:00:00,73901.0,6239.784,73888.0,13500.653,73856.8,52543.686
2026-05-30 15:00:00,73888.0,2752.922,73888.0,13500.653,73856.8,52543.686
2026-05-30 16:00:00,73899.9,1681.044,73980.1,8324.565,73856.8,52543.686
2026-05-30 17:00:00,73982.0,2549.851,73980.1,8324.565,73856.8,52543.686
2026-05-30 18:00:00,74007.5,2577.946,73980.1,8324.565,73856.8,52543.686
2026-05-30 19:00:00,73980.1,1515.724,73980.1,8324.565,73856.8,52543.686
2026-05-30 20:00:00,73944.5,1402.262,73856.8,6140.232,73856.8,52543.686
2026-05-30 21:00:00,73954.8,1396.51,73856.8,6140.232,73856.8,52543.686
2026-05-30 22:00:00,73849.8,1581.454,73856.8,6140.232,73856.8,52543.686
2026-05-30 23:00:00,73856.8,1760.006,73856.8,6140.232,73856.8,52543.686
2026-05-31 00:00:00,74003.7,1656.714,74107.6,10535.051,73653.2,58241.459
2026-05-31 01:00:00,74021.1,3923.269,74107.6,10535.051,73653.2,58241.459
2026-05-31 02:00:00,74060.9,3386.507,74107.6,10535.051,73653.2,58241.459
2026-05-31 03:00:00,74107.6,1568.561,74107.6,10535.051,73653.2,58241.459
2026-05-31 04:00:00,74144.3,1527.358,73833.3,6718.924,73653.2,58241.459
2026-05-31 05:00:00,74027.9,1185.69,73833.3,6718.924,73653.2,58241.459
2026-05-31 06:00:00,74020.0,1375.184,73833.3,6718.924,73653.2,58241.459
2026-05-31 07:00:00,73833.3,2630.692,73833.3,6718.924,73653.2,58241.459
2026-05-31 08:00:00,73913.4,2101.272,73913.6,6299.825,73653.2,58241.459
2026-05-31 09:00:00,73814.5,1278.977,73913.6,6299.825,73653.2,58241.459
2026-05-31 10:00:00,73871.5,1881.903,73913.6,6299.825,73653.2,58241.459
2026-05-31 11:00:00,73913.6,1037.673,73913.6,6299.825,73653.2,58241.459
2026-05-31 12:00:00,73892.1,1075.096,73613.5,14325.411,73653.2,58241.459
2026-05-31 13:00:00,73841.0,1208.222,73613.5,14325.411,73653.2,58241.459
2026-05-31 14:00:00,73570.3,10243.792,73613.5,14325.411,73653.2,58241.459
2026-05-31 15:00:00,73613.5,1798.301,73613.5,14325.411,73653.2,58241.459
2026-05-31 16:00:00,73499.9,3882.979,73521.9,7969.289,73653.2,58241.459
2026-05-31 17:00:00,73681.3,1743.969,73521.9,7969.289,73653.2,58241.459
2026-05-31 18:00:00,73573.8,1074.422,73521.9,7969.289,73653.2,58241.459
2026-05-31 19:00:00,73521.9,1267.919,73521.9,7969.289,73653.2,58241.459
2026-05-31 20:00:00,73710.9,1887.159,73653.2,12392.959,73653.2,58241.459
2026-05-31 21:00:00,73860.6,2408.604,73653.2,12392.959,73653.2,58241.459
2026-05-31 22:00:00,73918.5,2766.503,73653.2,12392.959,73653.2,58241.459
2026-05-31 23:00:00,73653.2,5330.693,73653.2,12392.959,73653.2,58241.459
2026-06-01 00:00:00,73855.0,3770.449,73731.3,18398.144,71391.5,213471.128
2026-06-01 01:00:00,73257.8,5614.578,73731.3,18398.144,71391.5,213471.128
2026-06-01 02:00:00,73766.3,5651.739,73731.3,18398.144,71391.5,213471.128
2026-06-01 03:00:00,73731.3,3361.378,73731.3,18398.144,71391.5,213471.128
2026-06-01 04:00:00,73497.6,4968.162,72776.1,22007.162,71391.5,213471.128
2026-06-01 05:00:00,73319.5,2267.135,72776.1,22007.162,71391.5,213471.128
2026-06-01 06:00:00,73106.6,7954.82,72776.1,22007.162,71391.5,213471.128
2026-06-01 07:00:00,72776.1,6817.045,72776.1,22007.162,71391.5,213471.128
2026-06-01 08:00:00,72875.7,6995.32,72452.8,27389.75,71391.5,213471.128
2026-06-01 09:00:00,72855.2,5876.471,72452.8,27389.75,71391.5,213471.128
2026-06-01 10:00:00,72725.9,4945.966,72452.8,27389.75,71391.5,213471.128
2026-06-01 11:00:00,72452.8,9571.993,72452.8,27389.75,71391.5,213471.128
2026-06-01 12:00:00,72193.1,22210.026,71099.4,86549.322,71391.5,213471.128
2026-06-01 13:00:00,71698.7,32500.86,71099.4,86549.322,71391.5,213471.128
2026-06-01 14:00:00,71548.5,14314.072,71099.4,86549.322,71391.5,213471.128
2026-06-01 15:00:00,71099.4,17524.364,71099.4,86549.322,71391.5,213471.128
2026-06-01 16:00:00,71537.7,20585.239,71571.0,38288.275,71391.5,213471.128
2026-06-01 17:00:00,71617.9,9208.61,71571.0,38288.275,71391.5,213471.128
2026-06-01 18:00:00,71470.1,5092.421,71571.0,38288.275,71391.5,213471.128
2026-06-01 19:00:00,71571.0,3402.005,71571.0,38288.275,71391.5,213471.128
2026-06-01 20:00:00,71419.8,2339.282,71391.5,20838.475,71391.5,213471.128
2026-06-01 21:00:00,71004.6,6654.354,71391.5,20838.475,71391.5,213471.128
2026-06-01 22:00:00,71376.6,7396.047,71391.5,20838.475,71391.5,213471.128
2026-06-01 23:00:00,71391.5,4448.792,71391.5,20838.475,71391.5,213471.128
2026-06-02 00:00:00,71266.6,3758.49,70920.7,34734.101,66730.0,346702.152
2026-06-02 01:00:00,70615.2,8460.939,70920.7,34734.101,66730.0,346702.152
2026-06-02 02:00:00,70820.0,18148.055,70920.7,34734.101,66730.0,346702.152
2026-06-02 03:00:00,70920.7,4366.617,70920.7,34734.101,66730.0,346702.152
2026-06-02 04:00:00,70782.3,4111.213,70079.4,38610.039,66730.0,346702.152
2026-06-02 05:00:00,70235.1,9508.479,70079.4,38610.039,66730.0,346702.152
2026-06-02 06:00:00,70076.7,12658.956,70079.4,38610.039,66730.0,346702.152
2026-06-02 07:00:00,70079.4,12331.391,70079.4,38610.039,66730.0,346702.152
2026-06-02 08:00:00,69794.4,6528.391,69430.2,31530.799,66730.0,346702.152
2026-06-02 09:00:00,69393.2,13831.28,69430.2,31530.799,66730.0,346702.152
2026-06-02 10:00:00,69620.8,7571.511,69430.2,31530.799,66730.0,346702.152
2026-06-02 11:00:00,69430.2,3599.617,69430.2,31530.799,66730.0,346702.152
2026-06-02 12:00:00,68985.5,12233.401,67274.0,107503.754,66730.0,346702.152
2026-06-02 13:00:00,68788.9,18381.657,67274.0,107503.754,66730.0,346702.152
2026-06-02 14:00:00,67990.0,44046.045,67274.0,107503.754,66730.0,346702.152
2026-06-02 15:00:00,67274.0,32842.651,67274.0,107503.754,66730.0,346702.152
2026-06-02 16:00:00,67393.0,26315.425,67286.7,70497.295,66730.0,346702.152
2026-06-02 17:00:00,67466.0,9351.26,67286.7,70497.295,66730.0,346702.152
2026-06-02 18:00:00,67315.5,7382.764,67286.7,70497.295,66730.0,346702.152
2026-06-02 19:00:00,67286.7,27447.846,67286.7,70497.295,66730.0,346702.152
2026-06-02 20:00:00,67556.0,12855.437,66730.0,63826.164,66730.0,346702.152
2026-06-02 21:00:00,67532.1,8980.536,66730.0,63826.164,66730.0,346702.152
2026-06-02 22:00:00,66354.2,21317.088,66730.0,63826.164,66730.0,346702.152
2026-06-02 23:00:00,66730.0,20673.103,66730.0,63826.164,66730.0,346702.152
2026-06-03 00:00:00,66900.2,14643.212,65818.4,59070.502,64117.7,310901.538
2026-06-03 01:00:00,66890.8,10585.483,65818.4,59070.502,64117.7,310901.538
2026-06-03 02:00:00,66588.0,4630.414,65818.4,59070.502,64117.7,310901.538
2026-06-03 03:00:00,65818.4,29211.393,65818.4,59070.502,64117.7,310901.538
2026-06-03 04:00:00,66439.2,13975.579,67186.7,54095.531,64117.7,310901.538
2026-06-03 05:00:00,67290.2,22670.597,67186.7,54095.531,64117.7,310901.538
2026-06-03 06:00:00,66949.3,10542.247,67186.7,54095.531,64117.7,310901.538
2026-06-03 07:00:00,67186.7,6907.108,67186.7,54095.531,64117.7,310901.538
2026-06-03 08:00:00,66987.7,7143.703,67040.1,36554.161,64117.7,310901.538
2026-06-03 09:00:00,67040.9,18551.588,67040.1,36554.161,64117.7,310901.538
2026-06-03 10:00:00,67260.0,6922.156,67040.1,36554.161,64117.7,310901.538
2026-06-03 11:00:00,67040.1,3936.714,67040.1,36554.161,64117.7,310901.538
2026-06-03 12:00:00,67050.8,8318.896,66046.5,45358.494,64117.7,310901.538
2026-06-03 13:00:00,66884.8,10450.216,66046.5,45358.494,64117.7,310901.538
2026-06-03 14:00:00,66840.9,7494.408,66046.5,45358.494,64117.7,310901.538
2026-06-03 15:00:00,66046.5,19094.974,66046.5,45358.494,64117.7,310901.538
2026-06-03 16:00:00,66037.4,24860.392,65428.6,52731.38,64117.7,310901.538
2026-06-03 17:00:00,65934.0,9175.749,65428.6,52731.38,64117.7,310901.538
2026-06-03 18:00:00,66006.6,5382.664,65428.6,52731.38,64117.7,310901.538
2026-06-03 19:00:00,65428.6,13312.575,65428.6,52731.38,64117.7,310901.538
2026-06-03 20:00:00,64971.7,18176.176,64117.7,63091.47,64117.7,310901.538
2026-06-03 21:00:00,65738.6,12497.286,64117.7,63091.47,64117.7,310901.538
2026-06-03 22:00:00,64882.1,13287.809,64117.7,63091.47,64117.7,310901.538
2026-06-03 23:00:00,64117.7,19130.199,64117.7,63091.47,64117.7,310901.538
2026-06-04 00:00:00,63314.4,32017.216,64336.2,138498.717,63853.4,431174.611
2026-06-04 01:00:00,62140.3,33187.939,64336.2,138498.717,63853.4,431174.611
2026-06-04 02:00:00,63198.4,48264.122,64336.2,138498.717,63853.4,431174.611
2026-06-04 03:00:00,64336.2,25029.44,64336.2,138498.717,63853.4,431174.611
2026-06-04 04:00:00,64364.0,12138.136,63561.7,48763.085,63853.4,431174.611
2026-06-04 05:00:00,63927.6,15516.364,63561.7,48763.085,63853.4,431174.611
2026-06-04 06:00:00,64007.2,7456.889,63561.7,48763.085,63853.4,431174.611
2026-06-04 07:00:00,63561.7,13651.696,63561.7,48763.085,63853.4,431174.611
2026-06-04 08:00:00,63595.5,12293.7,62520.7,83019.001,63853.4,431174.611
2026-06-04 09:00:00,63237.4,19123.543,62520.7,83019.001,63853.4,431174.611
2026-06-04 10:00:00,62391.6,29859.942,62520.7,83019.001,63853.4,431174.611
2026-06-04 11:00:00,62520.7,21741.816,62520.7,83019.001,63853.4,431174.611
2026-06-04 12:00:00,63738.1,25027.312,63864.8,82851.335,63853.4,431174.611
2026-06-04 13:00:00,64202.7,28666.685,63864.8,82851.335,63853.4,431174.611
2026-06-04 14:00:00,63923.9,16138.466,63864.8,82851.335,63853.4,431174.611
2026-06-04 15:00:00,63864.8,13018.872,63864.8,82851.335,63853.4,431174.611
2026-06-04 16:00:00,63529.4,8547.533,63600.3,47629.314,63853.4,431174.611
2026-06-04 17:00:00,63511.2,14376.367,63600.3,47629.314,63853.4,431174.611
2026-06-04 18:00:00,63791.1,15695.29,63600.3,47629.314,63853.4,431174.611
2026-06-04 19:00:00,63600.3,9010.124,63600.3,47629.314,63853.4,431174.611
2026-06-04 20:00:00,63600.8,10580.497,63853.4,30413.159,63853.4,431174.611
2026-06-04 21:00:00,63250.2,6186.469,63853.4,30413.159,63853.4,431174.611
2026-06-04 22:00:00,63702.2,6948.656,63853.4,30413.159,63853.4,431174.611
2026-06-04 23:00:00,63853.4,6697.537,63853.4,30413.159,63853.4,431174.611
2026-06-05 00:00:00,63398.3,6077.139,62699.7,39487.449,61022.0,478161.885
2026-06-05 01:00:00,63347.0,8705.901,62699.7,39487.449,61022.0,478161.885
2026-06-05 02:00:00,62585.5,12937.021,62699.7,39487.449,61022.0,478161.885
2026-06-05 03:00:00,62699.7,11767.388,62699.7,39487.449,61022.0,478161.885
2026-06-05 04:00:00,63588.9,12198.337,63075.6,95582.01,61022.0,478161.885
2026-06-05 05:00:00,62294.4,17219.625,63075.6,95582.01,61022.0,478161.885
2026-06-05 06:00:00,61916.8,43244.607,63075.6,95582.01,61022.0,478161.885
2026-06-05 07:00:00,63075.6,22919.441,63075.6,95582.01,61022.0,478161.885
2026-06-05 08:00:00,62429.9,11546.341,61929.5,37751.827,61022.0,478161.885
2026-06-05 09:00:00,62832.5,10276.57,61929.5,37751.827,61022.0,478161.885
2026-06-05 10:00:00,62510.1,6267.222,61929.5,37751.827,61022.0,478161.885
2026-06-05 11:00:00,61929.5,9661.694,61929.5,37751.827,61022.0,478161.885
2026-06-05 12:00:00,61939.7,18065.956,60400.8,115682.492,61022.0,478161.885
2026-06-05 13:00:00,60700.4,26689.674,60400.8,115682.492,61022.0,478161.885
2026-06-05 14:00:00,60832.7,38987.144,60400.8,115682.492,61022.0,478161.885
2026-06-05 15:00:00,60400.8,31939.718,60400.8,115682.492,61022.0,478161.885
2026-06-05 16:00:00,61358.1,58804.844,60267.7,127122.155,61022.0,478161.885
2026-06-05 17:00:00,60786.5,12594.401,60267.7,127122.155,61022.0,478161.885
2026-06-05 18:00:00,59362.2,32030.644,60267.7,127122.155,61022.0,478161.885
2026-06-05 19:00:00,60267.7,23692.266,60267.7,127122.155,61022.0,478161.885
2026-06-05 20:00:00,61586.2,22351.565,61022.0,62535.952,61022.0,478161.885
2026-06-05 21:00:00,61639.5,12170.417,61022.0,62535.952,61022.0,478161.885
2026-06-05 22:00:00,61556.6,13850.543,61022.0,62535.952,61022.0,478161.885
2026-06-05 23:00:00,61022.0,14163.427,61022.0,62535.952,61022.0,478161.885
2026-06-06 00:00:00,61238.4,7564.048,60662.6,23442.856,60849.7,174760.843
2026-06-06 01:00:00,61025.6,4623.78,60662.6,23442.856,60849.7,174760.843
2026-06-06 02:00:00,60918.4,5765.277,60662.6,23442.856,60849.7,174760.843
2026-06-06 03:00:00,60662.6,5489.751,60662.6,23442.856,60849.7,174760.843
2026-06-06 04:00:00,60068.4,22031.624,60975.2,61769.424,60849.7,174760.843
2026-06-06 05:00:00,60918.9,20702.862,60975.2,61769.424,60849.7,174760.843
2026-06-06 06:00:00,60771.8,11698.016,60975.2,61769.424,60849.7,174760.843
2026-06-06 07:00:00,60975.2,7336.922,60975.2,61769.424,60849.7,174760.843
2026-06-06 08:00:00,61239.6,8498.1,60773.5,34049.199,60849.7,174760.843
2026-06-06 09:00:00,60956.7,5320.274,60773.5,34049.199,60849.7,174760.843
2026-06-06 10:00:00,60555.3,14536.034,60773.5,34049.199,60849.7,174760.843
2026-06-06 11:00:00,60773.5,5694.791,60773.5,34049.199,60849.7,174760.843
2026-06-06 12:00:00,61003.6,9784.197,60754.1,26083.469,60849.7,174760.843
2026-06-06 13:00:00,60779.5,5213.726,60754.1,26083.469,60849.7,174760.843
2026-06-06 14:00:00,60762.5,3560.698,60754.1,26083.469,60849.7,174760.843
2026-06-06 15:00:00,60754.1,7524.848,60754.1,26083.469,60849.7,174760.843
2026-06-06 16:00:00,60749.8,6038.819,60563.9,15773.432,60849.7,174760.843
2026-06-06 17:00:00,60553.3,3936.273,60563.9,15773.432,60849.7,174760.843
2026-06-06 18:00:00,60606.0,3583.649,60563.9,15773.432,60849.7,174760.843
2026-06-06 19:00:00,60563.9,2214.691,60563.9,15773.432,60849.7,174760.843
2026-06-06 20:00:00,60678.5,2440.763,60849.7,13642.463,60849.7,174760.843
2026-06-06 21:00:00,60719.3,3053.205,60849.7,13642.463,60849.7,174760.843
2026-06-06 22:00:00,60513.0,5032.414,60849.7,13642.463,60849.7,174760.843
2026-06-06 23:00:00,60849.7,3116.081,60849.7,13642.463,60849.7,174760.843
2026-06-07 00:00:00,60748.3,2990.633,61671.1,26805.32,63298.5,217479.033
2026-06-07 01:00:00,61452.5,13447.678,61671.1,26805.32,63298.5,217479.033
2026-06-07 02:00:00,61469.2,5320.335,61671.1,26805.32,63298.5,217479.033
2026-06-07 03:00:00,61671.1,5046.674,61671.1,26805.32,63298.5,217479.033
2026-06-07 04:00:00,61854.1,5279.246,62366.0,33448.333,63298.5,217479.033
2026-06-07 05:00:00,61709.2,9364.91,62366.0,33448.333,63298.5,217479.033
2026-06-07 06:00:00,62080.1,9917.458,62366.0,33448.333,63298.5,217479.033
2026-06-07 07:00:00,62366.0,8886.719,62366.0,33448.333,63298.5,217479.033
2026-06-07 08:00:00,62823.0,16219.509,62598.8,34727.841,63298.5,217479.033
2026-06-07 09:00:00,62510.0,7994.466,62598.8,34727.841,63298.5,217479.033
2026-06-07 10:00:00,62343.7,5250.485,62598.8,34727.841,63298.5,217479.033
2026-06-07 11:00:00,62598.8,5263.381,62598.8,34727.841,63298.5,217479.033
2026-06-07 12:00:00,61871.1,21819.579,62071.6,44650.304,63298.5,217479.033
2026-06-07 13:00:00,61675.0,5955.28,62071.6,44650.304,63298.5,217479.033
2026-06-07 14:00:00,61872.0,10111.376,62071.6,44650.304,63298.5,217479.033
2026-06-07 15:00:00,62071.6,6764.069,62071.6,44650.304,63298.5,217479.033
2026-06-07 16:00:00,62054.2,5219.03,61303.8,26818.748,63298.5,217479.033
2026-06-07 17:00:00,62129.6,4071.011,61303.8,26818.748,63298.5,217479.033
2026-06-07 18:00:00,62001.6,2079.999,61303.8,26818.748,63298.5,217479.033
2026-06-07 19:00:00,61303.8,15448.708,61303.8,26818.748,63298.5,217479.033
2026-06-07 20:00:00,61843.0,6748.756,63298.5,51028.487,63298.5,217479.033
2026-06-07 21:00:00,61755.0,3502.586,63298.5,51028.487,63298.5,217479.033
2026-06-07 22:00:00,62833.5,32662.168,63298.5,51028.487,63298.5,217479.033
2026-06-07 23:00:00,63298.5,8114.977,63298.5,51028.487,63298.5,217479.033
2026-06-08 00:00:00,63599.2,9954.623,63101.6,30516.736,63057.9,184441.053
2026-06-08 01:00:00,63188.0,12067.272,63101.6,30516.736,63057.9,184441.053
2026-06-08 02:00:00,63097.2,4283.889,63101.6,30516.736,63057.9,184441.053
2026-06-08 03:00:00,63101.6,4210.952,63101.6,30516.736,63057.9,184441.053
2026-06-08 04:00:00,62654.7,5895.229,63259.9,24789.068,63057.9,184441.053
2026-06-08 05:00:00,62740.8,7325.169,63259.9,24789.068,63057.9,184441.053
2026-06-08 06:00:00,62958.8,5677.298,63259.9,24789.068,63057.9,184441.053
2026-06-08 07:00:00,63259.9,5891.372,63259.9,24789.068,63057.9,184441.053
2026-06-08 08:00:00,63100.8,3576.879,63450.1,28239.331,63057.9,184441.053
2026-06-08 09:00:00,63469.9,7425.603,63450.1,28239.331,63057.9,184441.053
2026-06-08 10:00:00,63131.5,6189.668,63450.1,28239.331,63057.9,184441.053
2026-06-08 11:00:00,63450.1,11047.181,63450.1,28239.331,63057.9,184441.053
2026-06-08 12:00:00,63844.5,22904.142,63745.4,59094.067,63057.9,184441.053
2026-06-08 13:00:00,63720.6,13790.78,63745.4,59094.067,63057.9,184441.053
2026-06-08 14:00:00,63933.7,10811.608,63745.4,59094.067,63057.9,184441.053
2026-06-08 15:00:00,63745.4,11587.537,63745.4,59094.067,63057.9,184441.053
2026-06-08 16:00:00,63496.8,7607.381,63348.2,21761.634,63057.9,184441.053
2026-06-08 17:00:00,63519.2,7842.552,63348.2,21761.634,63057.9,184441.053
2026-06-08 18:00:00,63438.0,3208.045,63348.2,21761.634,63057.9,184441.053
2026-06-08 19:00:00,63348.2,3103.656,63348.2,21761.634,63057.9,184441.053
2026-06-08 20:00:00,63459.1,4563.368,63057.9,20040.217,63057.9,184441.053
2026-06-08 21:00:00,63690.8,4030.441,63057.9,20040.217,63057.9,184441.053
2026-06-08 22:00:00,63407.5,6036.812,63057.9,20040.217,63057.9,184441.053
2026-06-08 23:00:00,63057.9,5409.596,63057.9,20040.217,63057.9,184441.053
2026-06-09 00:00:00,62522.6,15947.71,62841.0,30323.516,61695.0,221399.474
2026-06-09 01:00:00,62732.9,6038.258,62841.0,30323.516,61695.0,221399.474
2026-06-09 02:00:00,62840.0,4490.164,62841.0,30323.516,61695.0,221399.474
2026-06-09 03:00:00,62841.0,3847.384,62841.0,30323.516,61695.0,221399.474
2026-06-09 04:00:00,63213.7,9505.94,63170.8,25943.769,61695.0,221399.474
2026-06-09 05:00:00,63318.5,5631.349,63170.8,25943.769,61695.0,221399.474
2026-06-09 06:00:00,63279.4,4791.047,63170.8,25943.769,61695.0,221399.474
2026-06-09 07:00:00,63170.8,6015.433,63170.8,25943.769,61695.0,221399.474
2026-06-09 08:00:00,62816.9,8266.54,62679.4,24571.806,61695.0,221399.474
2026-06-09 09:00:00,62682.5,5482.787,62679.4,24571.806,61695.0,221399.474
2026-06-09 10:00:00,62750.0,4015.766,62679.4,24571.806,61695.0,221399.474
2026-06-09 11:00:00,62679.4,6806.713,62679.4,24571.806,61695.0,221399.474
2026-06-09 12:00:00,62611.6,6095.652,61100.7,71792.227,61695.0,221399.474
2026-06-09 13:00:00,62244.4,13535.918,61100.7,71792.227,61695.0,221399.474
2026-06-09 14:00:00,61511.6,35615.599,61100.7,71792.227,61695.0,221399.474
2026-06-09 15:00:00,61100.7,16545.058,61100.7,71792.227,61695.0,221399.474
2026-06-09 16:00:00,61367.5,26909.919,62068.8,51223.379,61695.0,221399.474
2026-06-09 17:00:00,61667.1,12632.633,62068.8,51223.379,61695.0,221399.474
2026-06-09 18:00:00,61756.1,5648.053,62068.8,51223.379,61695.0,221399.474
2026-06-09 19:00:00,62068.8,6032.774,62068.8,51223.379,61695.0,221399.474
2026-06-09 20:00:00,62132.3,4702.846,61695.0,17544.777,61695.0,221399.474
2026-06-09 21:00:00,61732.2,5903.611,61695.0,17544.777,61695.0,221399.474
2026-06-09 22:00:00,61688.0,3249.56,61695.0,17544.777,61695.0,221399.474
2026-06-09 23:00:00,61695.0,3688.76,61695.0,17544.777,61695.0,221399.474
2026-06-10 00:00:00,61886.5,5067.624,61518.2,19223.281,61483.7,193054.264
2026-06-10 01:00:00,61680.7,4252.258,61518.2,19223.281,61483.7,193054.264
2026-06-10 02:00:00,61271.3,6430.764,61518.2,19223.281,61483.7,193054.264
2026-06-10 03:00:00,61518.2,3472.635,61518.2,19223.281,61483.7,193054.264
2026-06-10 04:00:00,61269.6,4116.843,61654.3,19444.11,61483.7,193054.264
2026-06-10 05:00:00,61321.6,4160.181,61654.3,19444.11,61483.7,193054.264
2026-06-10 06:00:00,61436.5,4853.421,61654.3,19444.11,61483.7,193054.264
2026-06-10 07:00:00,61654.3,6313.665,61654.3,19444.11,61483.7,193054.264
2026-06-10 08:00:00,61228.7,7510.133,61003.1,33088.168,61483.7,193054.264
2026-06-10 09:00:00,61302.7,12001.158,61003.1,33088.168,61483.7,193054.264
2026-06-10 10:00:00,61350.1,4009.363,61003.1,33088.168,61483.7,193054.264
2026-06-10 11:00:00,61003.1,9567.514,61003.1,33088.168,61483.7,193054.264
2026-06-10 12:00:00,61531.7,17186.613,62604.8,66353.205,61483.7,193054.264
2026-06-10 13:00:00,62123.9,18689.305,62604.8,66353.205,61483.7,193054.264
2026-06-10 14:00:00,62170.8,11613.002,62604.8,66353.205,61483.7,193054.264
2026-06-10 15:00:00,62604.8,18864.285,62604.8,66353.205,61483.7,193054.264
2026-06-10 16:00:00,62194.5,9692.542,61908.7,31582.234,61483.7,193054.264
2026-06-10 17:00:00,61944.5,11161.95,61908.7,31582.234,61483.7,193054.264
2026-06-10 18:00:00,61856.0,6181.953,61908.7,31582.234,61483.7,193054.264
2026-06-10 19:00:00,61908.7,4545.789,61908.7,31582.234,61483.7,193054.264
2026-06-10 20:00:00,61770.1,3195.626,61483.7,23363.266,61483.7,193054.264
2026-06-10 21:00:00,61327.3,7887.368,61483.7,23363.266,61483.7,193054.264
2026-06-10 22:00:00,61353.2,7637.894,61483.7,23363.266,61483.7,193054.264
2026-06-10 23:00:00,61483.7,4642.378,61483.7,23363.266,61483.7,193054.264
2026-06-11 00:00:00,61794.6,6629.261,62657.5,28940.197,63597.9,193994.574
2026-06-11 01:00:00,62180.3,6360.787,62657.5,28940.197,63597.9,193994.574
2026-06-11 02:00:00,62113.5,4726.248,62657.5,28940.197,63597.9,193994.574
2026-06-11 03:00:00,62657.5,11223.901,62657.5,28940.197,63597.9,193994.574
2026-06-11 04:00:00,62692.9,6342.014,62693.3,22029.355,63597.9,193994.574
2026-06-11 05:00:00,62581.7,3206.604,62693.3,22029.355,63597.9,193994.574
2026-06-11 06:00:00,62734.2,7813.001,62693.3,22029.355,63597.9,193994.574
2026-06-11 07:00:00,62693.3,4667.736,62693.3,22029.355,63597.9,193994.574
2026-06-11 08:00:00,62927.2,6684.514,63078.0,26302.203,63597.9,193994.574
2026-06-11 09:00:00,62899.9,4093.748,63078.0,26302.203,63597.9,193994.574
2026-06-11 10:00:00,63120.3,8162.024,63078.0,26302.203,63597.9,193994.574
2026-06-11 11:00:00,63078.0,7361.917,63078.0,26302.203,63597.9,193994.574
2026-06-11 12:00:00,62978.3,20933.227,62721.1,50133.343,63597.9,193994.574
2026-06-11 13:00:00,63046.1,13026.119,62721.1,50133.343,63597.9,193994.574
2026-06-11 14:00:00,62699.6,7669.427,62721.1,50133.343,63597.9,193994.574
2026-06-11 15:00:00,62721.1,8504.57,62721.1,50133.343,63597.9,193994.574
2026-06-11 16:00:00,62546.6,4781.27,63567.6,52994.312,63597.9,193994.574
2026-06-11 17:00:00,63614.2,28276.294,63567.6,52994.312,63597.9,193994.574
2026-06-11 18:00:00,63426.0,9903.762,63567.6,52994.312,63597.9,193994.574
2026-06-11 19:00:00,63567.6,10032.986,63567.6,52994.312,63597.9,193994.574
2026-06-11 20:00:00,63361.9,4935.297,63597.9,13595.164,63597.9,193994.574
2026-06-11 21:00:00,63487.2,2172.23,63597.9,13595.164,63597.9,193994.574
2026-06-11 22:00:00,63467.1,2216.095,63597.9,13595.164,63597.9,193994.574
2026-06-11 23:00:00,63597.9,4271.542,63597.9,13595.164,63597.9,193994.574
2026-06-12 00:00:00,63617.7,4243.194,63490.0,14144.616,63547.0,145723.782
2026-06-12 01:00:00,63402.9,4466.191,63490.0,14144.616,63547.0,145723.782
2026-06-12 02:00:00,63589.3,3408.002,63490.0,14144.616,63547.0,145723.782
2026-06-12 03:00:00,63490.0,2027.229,63490.0,14144.616,63547.0,145723.782
2026-06-12 04:00:00,63670.4,5901.952,63066.5,25276.191,63547.0,145723.782
2026-06-12 05:00:00,63317.6,6047.081,63066.5,25276.191,63547.0,145723.782
2026-06-12 06:00:00,62955.9,8541.968,63066.5,25276.191,63547.0,145723.782
2026-06-12 07:00:00,63066.5,4785.19,63066.5,25276.191,63547.0,145723.782
2026-06-12 08:00:00,63440.5,6555.915,63729.4,22081.286,63547.0,145723.782
2026-06-12 09:00:00,63729.5,7939.036,63729.4,22081.286,63547.0,145723.782
2026-06-12 10:00:00,63665.1,4205.305,63729.4,22081.286,63547.0,145723.782
2026-06-12 11:00:00,63729.4,3381.03,63729.4,22081.286,63547.0,145723.782
2026-06-12 12:00:00,63433.7,5597.36,63557.0,55108.343,63547.0,145723.782
2026-06-12 13:00:00,63200.3,9236.386,63557.0,55108.343,63547.0,145723.782
2026-06-12 14:00:00,63971.0,14271.383,63557.0,55108.343,63547.0,145723.782
2026-06-12 15:00:00,63557.0,26003.214,63557.0,55108.343,63547.0,145723.782
2026-06-12 16:00:00,63951.2,8532.953,63555.1,19010.236,63547.0,145723.782
2026-06-12 17:00:00,63836.9,4217.505,63555.1,19010.236,63547.0,145723.782
2026-06-12 18:00:00,63661.8,3095.609,63555.1,19010.236,63547.0,145723.782
2026-06-12 19:00:00,63555.1,3164.169,63555.1,19010.236,63547.0,145723.782
2026-06-12 20:00:00,63417.9,4000.142,63547.0,10103.11,63547.0,145723.782
2026-06-12 21:00:00,63450.1,2246.705,63547.0,10103.11,63547.0,145723.782
2026-06-12 22:00:00,63482.8,2214.568,63547.0,10103.11,63547.0,145723.782
2026-06-12 23:00:00,63547.0,1641.695,63547.0,10103.11,63547.0,145723.782
2026-06-13 00:00:00,63573.9,1951.164,63494.4,10105.104,64418.2,76161.387
2026-06-13 01:00:00,63801.0,2669.191,63494.4,10105.104,64418.2,76161.387
2026-06-13 02:00:00,63612.0,2457.955,63494.4,10105.104,64418.2,76161.387
2026-06-13 03:00:00,63494.4,3026.794,63494.4,10105.104,64418.2,76161.387
2026-06-13 04:00:00,63475.2,1293.536,63823.9,9018.379,64418.2,76161.387
2026-06-13 05:00:00,63554.9,1208.298,63823.9,9018.379,64418.2,76161.387
2026-06-13 06:00:00,63707.2,1642.636,63823.9,9018.379,64418.2,76161.387
2026-06-13 07:00:00,63823.9,4873.909,63823.9,9018.379,64418.2,76161.387
2026-06-13 08:00:00,63771.6,3461.243,63936.1,9974.924,64418.2,76161.387
2026-06-13 09:00:00,63709.9,1419.807,63936.1,9974.924,64418.2,76161.387
2026-06-13 10:00:00,63812.9,2679.471,63936.1,9974.924,64418.2,76161.387
2026-06-13 11:00:00,63936.1,2414.403,63936.1,9974.924,64418.2,76161.387
2026-06-13 12:00:00,64103.1,4756.321,64265.0,16226.176,64418.2,76161.387
2026-06-13 13:00:00,64071.0,4732.652,64265.0,16226.176,64418.2,76161.387
2026-06-13 14:00:00,64189.7,2178.915,64265.0,16226.176,64418.2,76161.387
2026-06-13 15:00:00,64265.0,4558.288,64265.0,16226.176,64418.2,76161.387
2026-06-13 16:00:00,63996.2,8214.293,64264.2,17406.503,64418.2,76161.387
2026-06-13 17:00:00,63939.7,2988.244,64264.2,17406.503,64418.2,76161.387
2026-06-13 18:00:00,64122.7,3116.164,64264.2,17406.503,64418.2,76161.387
2026-06-13 19:00:00,64264.2,3087.802,64264.2,17406.503,64418.2,76161.387
2026-06-13 20:00:00,64252.4,1079.311,64418.2,13430.301,64418.2,76161.387
2026-06-13 21:00:00,64435.2,7334.893,64418.2,13430.301,64418.2,76161.387
2026-06-13 22:00:00,64413.4,2850.59,64418.2,13430.301,64418.2,76161.387
2026-06-13 23:00:00,64418.2,2165.507,64418.2,13430.301,64418.2,76161.387
2026-06-14 00:00:00,64519.3,2060.185,64515.0,9988.194,65702.1,116733.458
2026-06-14 01:00:00,64534.1,2612.929,64515.0,9988.194,65702.1,116733.458
2026-06-14 02:00:00,64450.0,2045.452,64515.0,9988.194,65702.1,116733.458
2026-06-14 03:00:00,64515.0,3269.628,64515.0,9988.194,65702.1,116733.458
2026-06-14 04:00:00,64300.0,2599.296,64392.0,10509.099,65702.1,116733.458
2026-06-14 05:00:00,64318.1,2076.942,64392.0,10509.099,65702.1,116733.458
2026-06-14 06:00:00,64258.0,3360.246,64392.0,10509.099,65702.1,116733.458
2026-06-14 07:00:00,64392.0,2472.615,64392.0,10509.099,65702.1,116733.458
2026-06-14 08:00:00,64423.1,1629.08,64511.7,9126.59,65702.1,116733.458
2026-06-14 09:00:00,64584.7,3100.679,64511.7,9126.59,65702.1,116733.458
2026-06-14 10:00:00,64485.4,2531.79,64511.7,9126.59,65702.1,116733.458
2026-06-14 11:00:00,64511.7,1865.041,64511.7,9126.59,65702.1,116733.458
2026-06-14 12:00:00,64296.8,3294.214,63995.2,18995.108,65702.1,116733.458
2026-06-14 13:00:00,64287.5,2943.823,63995.2,18995.108,65702.1,116733.458
2026-06-14 14:00:00,63953.7,8475.881,63995.2,18995.108,65702.1,116733.458
2026-06-14 15:00:00,63995.2,4281.19,63995.2,18995.108,65702.1,116733.458
2026-06-14 16:00:00,63913.8,3323.998,63777.3,13323.248,65702.1,116733.458
2026-06-14 17:00:00,63706.1,5470.458,63777.3,13323.248,65702.1,116733.458
2026-06-14 18:00:00,63783.9,3170.311,63777.3,13323.248,65702.1,116733.458
2026-06-14 19:00:00,63777.3,1358.481,63777.3,13323.248,65702.1,116733.458
2026-06-14 20:00:00,63978.1,3073.059,65702.1,54791.219,65702.1,116733.458
2026-06-14 21:00:00,65284.4,27695.963,65702.1,54791.219,65702.1,116733.458
2026-06-14 22:00:00,65389.2,14246.288,65702.1,54791.219,65702.1,116733.458
2026-06-14 23:00:00,65702.1,9775.909,65702.1,54791.219,65702.1,116733.458
2026-06-15 00:00:00,65591.4,9044.986,65894.7,28160.734,66285.9,167952.941
2026-06-15 01:00:00,65482.6,5936.809,65894.7,28160.734,66285.9,167952.941
2026-06-15 02:00:00,65429.3,3923.62,65894.7,28160.734,66285.9,167952.941
2026-06-15 03:00:00,65894.7,9255.319,65894.7,28160.734,66285.9,167952.941
2026-06-15 04:00:00,65612.2,3331.818,65642.3,15857.095,66285.9,167952.941
2026-06-15 05:00:00,65828.1,3066.816,65642.3,15857.095,66285.9,167952.941
2026-06-15 06:00:00,65773.0,4071.861,65642.3,15857.095,66285.9,167952.941
2026-06-15 07:00:00,65642.3,5386.6,65642.3,15857.095,66285.9,167952.941
2026-06-15 08:00:00,65619.9,3912.2,66192.0,30586.233,66285.9,167952.941
2026-06-15 09:00:00,65559.9,3326.393,66192.0,30586.233,66285.9,167952.941
2026-06-15 10:00:00,65884.7,7895.239,66192.0,30586.233,66285.9,167952.941
2026-06-15 11:00:00,66192.0,15452.401,66192.0,30586.233,66285.9,167952.941
2026-06-15 12:00:00,66528.5,12174.401,67248.5,54335.312,66285.9,167952.941
2026-06-15 13:00:00,66410.8,20545.811,67248.5,54335.312,66285.9,167952.941
2026-06-15 14:00:00,66552.3,8252.837,67248.5,54335.312,66285.9,167952.941
2026-06-15 15:00:00,67248.5,13362.263,67248.5,54335.312,66285.9,167952.941
2026-06-15 16:00:00,67122.3,7578.852,66579.2,25502.782,66285.9,167952.941
2026-06-15 17:00:00,66820.7,8193.907,66579.2,25502.782,66285.9,167952.941
2026-06-15 18:00:00,66726.1,3557.451,66579.2,25502.782,66285.9,167952.941
2026-06-15 19:00:00,66579.2,6172.572,66579.2,25502.782,66285.9,167952.941
2026-06-15 20:00:00,66489.6,2244.671,66285.9,13510.785,66285.9,167952.941
2026-06-15 21:00:00,66337.1,2945.274,66285.9,13510.785,66285.9,167952.941
2026-06-15 22:00:00,66170.0,5545.129,66285.9,13510.785,66285.9,167952.941
2026-06-15 23:00:00,66285.9,2775.711,66285.9,13510.785,66285.9,167952.941
2026-06-16 00:00:00,66216.9,3431.519,66125.4,21435.498,65644.8,129106.426
2026-06-16 01:00:00,66309.9,2298.901,66125.4,21435.498,65644.8,129106.426
2026-06-16 02:00:00,65714.1,9099.747,66125.4,21435.498,65644.8,129106.426
2026-06-16 03:00:00,66125.4,6605.331,66125.4,21435.498,65644.8,129106.426
2026-06-16 04:00:00,65811.1,5555.333,66341.7,18657.417,65644.8,129106.426
2026-06-16 05:00:00,66028.0,3516.107,66341.7,18657.417,65644.8,129106.426
2026-06-16 06:00:00,66406.4,5633.376,66341.7,18657.417,65644.8,129106.426
2026-06-16 07:00:00,66341.7,3952.601,66341.7,18657.417,65644.8,129106.426
2026-06-16 08:00:00,66863.9,9095.48,66456.0,21615.635,65644.8,129106.426
2026-06-16 09:00:00,66478.4,5305.599,66456.0,21615.635,65644.8,129106.426
2026-06-16 10:00:00,66476.1,3834.46,66456.0,21615.635,65644.8,129106.426
2026-06-16 11:00:00,66456.0,3380.096,66456.0,21615.635,65644.8,129106.426
2026-06-16 12:00:00,66390.5,6611.999,65841.8,40814.157,65644.8,129106.426
2026-06-16 13:00:00,66012.7,10953.391,65841.8,40814.157,65644.8,129106.426
2026-06-16 14:00:00,65630.2,15588.828,65841.8,40814.157,65644.8,129106.426
2026-06-16 15:00:00,65841.8,7659.939,65841.8,40814.157,65644.8,129106.426
2026-06-16 16:00:00,65730.8,3289.048,65653.2,17111.255,65644.8,129106.426
2026-06-16 17:00:00,65946.2,3368.206,65653.2,17111.255,65644.8,129106.426
2026-06-16 18:00:00,65822.4,5488.113,65653.2,17111.255,65644.8,129106.426
2026-06-16 19:00:00,65653.2,4965.888,65653.2,17111.255,65644.8,129106.426
2026-06-16 20:00:00,65824.0,2517.971,65644.8,9472.464,65644.8,129106.426
2026-06-16 21:00:00,65741.2,2613.731,65644.8,9472.464,65644.8,129106.426
2026-06-16 22:00:00,65745.2,2574.361,65644.8,9472.464,65644.8,129106.426
2026-06-16 23:00:00,65644.8,1766.401,65644.8,9472.464,65644.8,129106.426
2026-06-17 00:00:00,65679.4,2124.11,65818.6,12292.334,64472.9,199486.299
2026-06-17 01:00:00,65901.1,4784.4,65818.6,12292.334,64472.9,199486.299
2026-06-17 02:00:00,65872.7,3487.582,65818.6,12292.334,64472.9,199486.299
2026-06-17 03:00:00,65818.6,1896.242,65818.6,12292.334,64472.9,199486.299
2026-06-17 04:00:00,65852.5,1896.801,65504.0,16732.999,64472.9,199486.299
2026-06-17 05:00:00,65796.1,2152.245,65504.0,16732.999,64472.9,199486.299
2026-06-17 06:00:00,65589.4,3412.922,65504.0,16732.999,64472.9,199486.299
2026-06-17 07:00:00,65504.0,9271.031,65504.0,16732.999,64472.9,199486.299
2026-06-17 08:00:00,64889.8,13620.919,64774.5,31844.178,64472.9,199486.299
2026-06-17 09:00:00,64880.1,6116.04,64774.5,31844.178,64472.9,199486.299
2026-06-17 10:00:00,64770.4,3937.974,64774.5,31844.178,64472.9,199486.299
2026-06-17 11:00:00,64774.5,8169.245,64774.5,31844.178,64472.9,199486.299
2026-06-17 12:00:00,65005.3,7979.636,65712.7,37758.911,64472.9,199486.299
2026-06-17 13:00:00,65232.9,9997.319,65712.7,37758.911,64472.9,199486.299
2026-06-17 14:00:00,65072.4,10063.625,65712.7,37758.911,64472.9,199486.299
2026-06-17 15:00:00,65712.7,9718.331,65712.7,37758.911,64472.9,199486.299
2026-06-17 16:00:00,65829.7,14049.492,64271.3,79252.604,64472.9,199486.299
2026-06-17 17:00:00,66073.1,5298.208,64271.3,79252.604,64472.9,199486.299
2026-06-17 18:00:00,65481.3,32342.617,64271.3,79252.604,64472.9,199486.299
2026-06-17 19:00:00,64271.3,27562.287,64271.3,79252.604,64472.9,199486.299
2026-06-17 20:00:00,64405.9,7023.72,64472.9,21605.273,64472.9,199486.299
2026-06-17 21:00:00,64229.4,4138.35,64472.9,21605.273,64472.9,199486.299
2026-06-17 22:00:00,64265.3,7515.198,64472.9,21605.273,64472.9,199486.299
2026-06-17 23:00:00,64472.9,2928.005,64472.9,21605.273,64472.9,199486.299
2026-06-18 00:00:00,64432.8,3367.814,64255.0,14714.901,62924.1,187698.716
2026-06-18 01:00:00,64520.9,3711.292,64255.0,14714.901,62924.1,187698.716
2026-06-18 02:00:00,64652.3,2543.649,64255.0,14714.901,62924.1,187698.716
2026-06-18 03:00:00,64255.0,5092.146,64255.0,14714.901,62924.1,187698.716
2026-06-18 04:00:00,63850.1,9767.176,64470.3,26503.476,62924.1,187698.716
2026-06-18 05:00:00,63961.8,5961.032,64470.3,26503.476,62924.1,187698.716
2026-06-18 06:00:00,64054.9,4272.735,64470.3,26503.476,62924.1,187698.716
2026-06-18 07:00:00,64470.3,6502.533,64470.3,26503.476,62924.1,187698.716
2026-06-18 08:00:00,64370.0,5742.264,63940.1,20589.638,62924.1,187698.716
2026-06-18 09:00:00,64172.6,3905.742,63940.1,20589.638,62924.1,187698.716
2026-06-18 10:00:00,64050.0,6808.319,63940.1,20589.638,62924.1,187698.716
2026-06-18 11:00:00,63940.1,4133.313,63940.1,20589.638,62924.1,187698.716
2026-06-18 12:00:00,64345.9,5211.011,62337.8,71085.58,62924.1,187698.716
2026-06-18 13:00:00,63952.3,12076.44,62337.8,71085.58,62924.1,187698.716
2026-06-18 14:00:00,63784.1,13161.056,62337.8,71085.58,62924.1,187698.716
2026-06-18 15:00:00,62337.8,40637.073,62337.8,71085.58,62924.1,187698.716
2026-06-18 16:00:00,62664.2,14208.574,62925.4,39773.529,62924.1,187698.716
2026-06-18 17:00:00,62579.1,11740.083,62925.4,39773.529,62924.1,187698.716
2026-06-18 18:00:00,62683.5,9150.288,62925.4,39773.529,62924.1,187698.716
2026-06-18 19:00:00,62925.4,4674.584,62925.4,39773.529,62924.1,187698.716
2026-06-18 20:00:00,63063.1,6155.035,62924.1,15031.592,62924.1,187698.716
2026-06-18 21:00:00,62936.0,3244.761,62924.1,15031.592,62924.1,187698.716
2026-06-18 22:00:00,62853.0,3104.191,62924.1,15031.592,62924.1,187698.716
2026-06-18 23:00:00,62924.1,2527.605,62924.1,15031.592,62924.1,187698.716
2026-06-19 00:00:00,62991.7,2446.187,62745.1,18794.133,63512.6,112226.881
2026-06-19 01:00:00,62994.5,2562.735,62745.1,18794.133,63512.6,112226.881
2026-06-19 02:00:00,62974.2,2107.975,62745.1,18794.133,63512.6,112226.881
2026-06-19 03:00:00,62745.1,11677.236,62745.1,18794.133,63512.6,112226.881
2026-06-19 04:00:00,62421.7,5551.656,62592.4,17304.688,63512.6,112226.881
2026-06-19 05:00:00,62707.0,3774.762,62592.4,17304.688,63512.6,112226.881
2026-06-19 06:00:00,62865.1,2658.473,62592.4,17304.688,63512.6,112226.881
2026-06-19 07:00:00,62592.4,5319.797,62592.4,17304.688,63512.6,112226.881
2026-06-19 08:00:00,62575.7,3585.07,62600.0,16397.734,63512.6,112226.881
2026-06-19 09:00:00,62353.0,6117.203,62600.0,16397.734,63512.6,112226.881
2026-06-19 10:00:00,62506.2,3659.625,62600.0,16397.734,63512.6,112226.881
2026-06-19 11:00:00,62600.0,3035.836,62600.0,16397.734,63512.6,112226.881
2026-06-19 12:00:00,62799.4,6739.352,63193.0,32841.195,63512.6,112226.881
2026-06-19 13:00:00,63174.2,13878.128,63193.0,32841.195,63512.6,112226.881
2026-06-19 14:00:00,63174.8,7794.914,63193.0,32841.195,63512.6,112226.881
2026-06-19 15:00:00,63193.0,4428.801,63193.0,32841.195,63512.6,112226.881
2026-06-19 16:00:00,62943.7,6372.556,63001.9,15117.889,63512.6,112226.881
2026-06-19 17:00:00,63166.7,4859.398,63001.9,15117.889,63512.6,112226.881
2026-06-19 18:00:00,63079.3,2166.381,63001.9,15117.889,63512.6,112226.881
2026-06-19 19:00:00,63001.9,1719.554,63001.9,15117.889,63512.6,112226.881
2026-06-19 20:00:00,63217.4,1587.361,63512.6,11771.242,63512.6,112226.881
2026-06-19 21:00:00,63048.0,1954.973,63512.6,11771.242,63512.6,112226.881
2026-06-19 22:00:00,63287.8,3005.024,63512.6,11771.242,63512.6,112226.881
2026-06-19 23:00:00,63512.6,5223.884,63512.6,11771.242,63512.6,112226.881
2026-06-20 00:00:00,63496.8,5620.834,63440.5,12770.433,64270.0,95676.696
2026-06-20 01:00:00,63550.9,2644.972,63440.5,12770.433,64270.0,95676.696
2026-06-20 02:00:00,63305.7,2722.798,63440.5,12770.433,64270.0,95676.696
2026-06-20 03:00:00,63440.5,1781.829,63440.5,12770.433,64270.0,95676.696
2026-06-20 04:00:00,63553.9,2036.026,63625.0,14008.791,64270.0,95676.696
2026-06-20 05:00:00,63645.5,6526.429,63625.0,14008.791,64270.0,95676.696
2026-06-20 06:00:00,63710.0,1912.419,63625.0,14008.791,64270.0,95676.696
2026-06-20 07:00:00,63625.0,3533.917,63625.0,14008.791,64270.0,95676.696
2026-06-20 08:00:00,63390.8,4745.106,63651.3,12183.381,64270.0,95676.696
2026-06-20 09:00:00,63700.8,3687.354,63651.3,12183.381,64270.0,95676.696
2026-06-20 10:00:00,63649.7,2170.014,63651.3,12183.381,64270.0,95676.696
2026-06-20 11:00:00,63651.3,1580.907,63651.3,12183.381,64270.0,95676.696
2026-06-20 12:00:00,63627.8,3118.595,64139.5,36115.681,64270.0,95676.696
2026-06-20 13:00:00,63368.0,6104.423,64139.5,36115.681,64270.0,95676.696
2026-06-20 14:00:00,63929.5,15156.582,64139.5,36115.681,64270.0,95676.696
2026-06-20 15:00:00,64139.5,11736.081,64139.5,36115.681,64270.0,95676.696
2026-06-20 16:00:00,63999.9,4431.632,63905.5,13002.244,64270.0,95676.696
2026-06-20 17:00:00,63810.7,5116.225,63905.5,13002.244,64270.0,95676.696
2026-06-20 18:00:00,63776.4,1651.649,63905.5,13002.244,64270.0,95676.696
2026-06-20 19:00:00,63905.5,1802.738,63905.5,13002.244,64270.0,95676.696
2026-06-20 20:00:00,63899.4,958.033,64270.0,7596.166,64270.0,95676.696
2026-06-20 21:00:00,63983.0,1679.864,64270.0,7596.166,64270.0,95676.696
2026-06-20 22:00:00,64245.9,3225.948,64270.0,7596.166,64270.0,95676.696
2026-06-20 23:00:00,64270.0,1732.321,64270.0,7596.166,64270.0,95676.696
2026-06-21 00:00:00,64264.3,2410.512,64398.8,10365.54,63287.1,84982.076
2026-06-21 01:00:00,64221.3,2876.502,64398.8,10365.54,63287.1,84982.076
2026-06-21 02:00:00,64219.5,1446.395,64398.8,10365.54,63287.1,84982.076
2026-06-21 03:00:00,64398.8,3632.131,64398.8,10365.54,63287.1,84982.076
2026-06-21 04:00:00,64252.7,4422.656,64170.1,12165.969,63287.1,84982.076
2026-06-21 05:00:00,64226.5,2673.68,64170.1,12165.969,63287.1,84982.076
2026-06-21 06:00:00,64270.0,1874.008,64170.1,12165.969,63287.1,84982.076
2026-06-21 07:00:00,64170.1,3195.625,64170.1,12165.969,63287.1,84982.076
2026-06-21 08:00:00,63987.9,5172.436,64149.9,17775.189,63287.1,84982.076
2026-06-21 09:00:00,64189.8,3868.644,64149.9,17775.189,63287.1,84982.076
2026-06-21 10:00:00,64338.9,4012.6,64149.9,17775.189,63287.1,84982.076
2026-06-21 11:00:00,64149.9,4721.509,64149.9,17775.189,63287.1,84982.076
2026-06-21 12:00:00,64161.1,4648.175,64200.3,11893.654,63287.1,84982.076
2026-06-21 13:00:00,64123.2,2524.614,64200.3,11893.654,63287.1,84982.076
2026-06-21 14:00:00,64120.0,1789.791,64200.3,11893.654,63287.1,84982.076
2026-06-21 15:00:00,64200.3,2931.074,64200.3,11893.654,63287.1,84982.076
2026-06-21 16:00:00,64122.3,2597.496,64173.6,7663.114,63287.1,84982.076
2026-06-21 17:00:00,64114.6,1339.794,64173.6,7663.114,63287.1,84982.076
2026-06-21 18:00:00,64180.0,2519.631,64173.6,7663.114,63287.1,84982.076
2026-06-21 19:00:00,64173.6,1206.193,64173.6,7663.114,63287.1,84982.076
2026-06-21 20:00:00,63824.8,4784.615,63287.1,25118.61,63287.1,84982.076
2026-06-21 21:00:00,63778.2,7220.217,63287.1,25118.61,63287.1,84982.076
2026-06-21 22:00:00,63775.3,5017.033,63287.1,25118.61,63287.1,84982.076
2026-06-21 23:00:00,63287.1,8096.745,63287.1,25118.61,63287.1,84982.076
2026-06-22 00:00:00,63867.2,8324.368,63935.1,37961.563,63990.2,161843.008
2026-06-22 01:00:00,64574.5,16112.153,63935.1,37961.563,63990.2,161843.008
2026-06-22 02:00:00,64226.5,4686.405,63935.1,37961.563,63990.2,161843.008
2026-06-22 03:00:00,63935.1,8838.637,63935.1,37961.563,63990.2,161843.008
2026-06-22 04:00:00,64063.6,3987.486,64187.9,14743.502,63990.2,161843.008
2026-06-22 05:00:00,64219.5,3574.11,64187.9,14743.502,63990.2,161843.008
2026-06-22 06:00:00,63960.7,2873.557,64187.9,14743.502,63990.2,161843.008
2026-06-22 07:00:00,64187.9,4308.349,64187.9,14743.502,63990.2,161843.008
2026-06-22 08:00:00,64133.8,3083.064,64624.3,15942.601,63990.2,161843.008
2026-06-22 09:00:00,64114.8,1760.141,64624.3,15942.601,63990.2,161843.008
2026-06-22 10:00:00,64109.8,1568.598,64624.3,15942.601,63990.2,161843.008
2026-06-22 11:00:00,64624.3,9530.798,64624.3,15942.601,63990.2,161843.008
2026-06-22 12:00:00,65120.1,14700.714,64808.0,51405.925,63990.2,161843.008
2026-06-22 13:00:00,65548.0,15228.832,64808.0,51405.925,63990.2,161843.008
2026-06-22 14:00:00,64943.0,14941.027,64808.0,51405.925,63990.2,161843.008
2026-06-22 15:00:00,64808.0,6535.352,64808.0,51405.925,63990.2,161843.008
2026-06-22 16:00:00,64695.7,8721.001,64447.9,24156.885,63990.2,161843.008
2026-06-22 17:00:00,64580.6,5298.329,64447.9,24156.885,63990.2,161843.008
2026-06-22 18:00:00,64312.9,5474.731,64447.9,24156.885,63990.2,161843.008
2026-06-22 19:00:00,64447.9,4662.824,64447.9,24156.885,63990.2,161843.008
2026-06-22 20:00:00,64409.8,3634.307,63990.2,17632.532,63990.2,161843.008
2026-06-22 21:00:00,64291.0,3088.035,63990.2,17632.532,63990.2,161843.008
2026-06-22 22:00:00,63948.4,7545.433,63990.2,17632.532,63990.2,161843.008
2026-06-22 23:00:00,63990.2,3364.757,63990.2,17632.532,63990.2,161843.008
2026-06-23 00:00:00,64119.4,3891.308,64037.3,14943.555,62696.7,172919.239
2026-06-23 01:00:00,64125.2,5358.072,64037.3,14943.555,62696.7,172919.239
2026-06-23 02:00:00,64165.9,2594.761,64037.3,14943.555,62696.7,172919.239
2026-06-23 03:00:00,64037.3,3099.414,64037.3,14943.555,62696.7,172919.239
2026-06-23 04:00:00,63594.9,5712.933,62849.2,45716.491,62696.7,172919.239
2026-06-23 05:00:00,63372.1,8699.821,62849.2,45716.491,62696.7,172919.239
2026-06-23 06:00:00,62905.5,25443.262,62849.2,45716.491,62696.7,172919.239
2026-06-23 07:00:00,62849.2,5860.475,62849.2,45716.491,62696.7,172919.239
2026-06-23 08:00:00,62353.7,25191.723,62478.5,41466.543,62696.7,172919.239
2026-06-23 09:00:00,62350.2,4877.636,62478.5,41466.543,62696.7,172919.239
2026-06-23 10:00:00,62290.4,5432.761,62478.5,41466.543,62696.7,172919.239
2026-06-23 11:00:00,62478.5,5964.423,62478.5,41466.543,62696.7,172919.239
2026-06-23 12:00:00,62227.9,5881.479,62455.8,42631.035,62696.7,172919.239
2026-06-23 13:00:00,62446.6,15070.538,62455.8,42631.035,62696.7,172919.239
2026-06-23 14:00:00,62462.8,14169.381,62455.8,42631.035,62696.7,172919.239
2026-06-23 15:00:00,62455.8,7509.637,62455.8,42631.035,62696.7,172919.239
2026-06-23 16:00:00,62522.9,8663.062,62365.7,19127.882,62696.7,172919.239
2026-06-23 17:00:00,62330.0,3484.745,62365.7,19127.882,62696.7,172919.239
2026-06-23 18:00:00,62215.3,4189.498,62365.7,19127.882,62696.7,172919.239
2026-06-23 19:00:00,62365.7,2790.577,62365.7,19127.882,62696.7,172919.239
2026-06-23 20:00:00,62439.8,2217.701,62696.7,9033.733,62696.7,172919.239
2026-06-23 21:00:00,62563.1,2110.412,62696.7,9033.733,62696.7,172919.239
2026-06-23 22:00:00,62560.1,2806.833,62696.7,9033.733,62696.7,172919.239
2026-06-23 23:00:00,62696.7,1898.787,62696.7,9033.733,62696.7,172919.239
2026-06-24 00:00:00,62982.1,4509.603,62704.6,17756.997,61051.2,278097.304
2026-06-24 01:00:00,62904.6,3777.468,62704.6,17756.997,61051.2,278097.304
2026-06-24 02:00:00,62598.0,4358.54,62704.6,17756.997,61051.2,278097.304
2026-06-24 03:00:00,62704.6,5111.386,62704.6,17756.997,61051.2,278097.304
2026-06-24 04:00:00,62720.6,2797.018,62630.3,12079.174,61051.2,278097.304
2026-06-24 05:00:00,62859.9,3935.298,62630.3,12079.174,61051.2,278097.304
2026-06-24 06:00:00,62754.6,1940.615,62630.3,12079.174,61051.2,278097.304
2026-06-24 07:00:00,62630.3,3406.243,62630.3,12079.174,61051.2,278097.304
2026-06-24 08:00:00,62773.0,2748.793,62887.7,19998.451,61051.2,278097.304
2026-06-24 09:00:00,62650.2,1488.171,62887.7,19998.451,61051.2,278097.304
2026-06-24 10:00:00,62416.8,4330.738,62887.7,19998.451,61051.2,278097.304
2026-06-24 11:00:00,62887.7,11430.749,62887.7,19998.451,61051.2,278097.304
2026-06-24 12:00:00,62589.5,5404.984,60254.9,90414.628,61051.2,278097.304
2026-06-24 13:00:00,61308.2,35472.77,60254.9,90414.628,61051.2,278097.304
2026-06-24 14:00:00,61085.3,24983.872,60254.9,90414.628,61051.2,278097.304
2026-06-24 15:00:00,60254.9,24553.002,60254.9,90414.628,61051.2,278097.304
2026-06-24 16:00:00,59808.2,37783.564,59923.8,95446.269,61051.2,278097.304
2026-06-24 17:00:00,59363.7,33548.446,59923.8,95446.269,61051.2,278097.304
2026-06-24 18:00:00,59569.5,16224.69,59923.8,95446.269,61051.2,278097.304
2026-06-24 19:00:00,59923.8,7889.569,59923.8,95446.269,61051.2,278097.304
2026-06-24 20:00:00,60926.5,26953.645,61051.2,42401.785,61051.2,278097.304
2026-06-24 21:00:00,61073.6,6808.637,61051.2,42401.785,61051.2,278097.304
2026-06-24 22:00:00,60850.2,5756.512,61051.2,42401.785,61051.2,278097.304
2026-06-24 23:00:00,61051.2,2882.991,61051.2,42401.785,61051.2,278097.304
2026-06-25 00:00:00,60786.9,5410.751,60853.9,16377.173,59771.9,301830.174
2026-06-25 01:00:00,60892.9,3603.816,60853.9,16377.173,59771.9,301830.174
2026-06-25 02:00:00,60763.2,4314.462,60853.9,16377.173,59771.9,301830.174
2026-06-25 03:00:00,60853.9,3048.144,60853.9,16377.173,59771.9,301830.174
2026-06-25 04:00:00,61323.2,6224.548,61886.7,30997.479,59771.9,301830.174
2026-06-25 05:00:00,61567.1,13551.642,61886.7,30997.479,59771.9,301830.174
2026-06-25 06:00:00,61693.5,4754.255,61886.7,30997.479,59771.9,301830.174
2026-06-25 07:00:00,61886.7,6467.034,61886.7,30997.479,59771.9,301830.174
2026-06-25 08:00:00,61686.4,5343.995,61258.2,28088.696,59771.9,301830.174
2026-06-25 09:00:00,61707.8,3667.26,61258.2,28088.696,59771.9,301830.174
2026-06-25 10:00:00,61245.3,7304.194,61258.2,28088.696,59771.9,301830.174
2026-06-25 11:00:00,61258.2,11773.247,61258.2,28088.696,59771.9,301830.174
2026-06-25 12:00:00,61216.4,12542.989,59536.2,167122.726,59771.9,301830.174
2026-06-25 13:00:00,58248.4,65568.385,59536.2,167122.726,59771.9,301830.174
2026-06-25 14:00:00,59448.7,68127.991,59536.2,167122.726,59771.9,301830.174
2026-06-25 15:00:00,59536.2,20883.361,59536.2,167122.726,59771.9,301830.174
2026-06-25 16:00:00,59284.0,13732.675,59299.8,35931.882,59771.9,301830.174
2026-06-25 17:00:00,59656.3,7827.95,59299.8,35931.882,59771.9,301830.174
2026-06-25 18:00:00,59491.0,7260.279,59299.8,35931.882,59771.9,301830.174
2026-06-25 19:00:00,59299.8,7110.978,59299.8,35931.882,59771.9,301830.174
2026-06-25 20:00:00,59428.8,6367.176,59771.9,23312.218,59771.9,301830.174
2026-06-25 21:00:00,60180.7,6267.02,59771.9,23312.218,59771.9,301830.174
2026-06-25 22:00:00,59815.1,6099.121,59771.9,23312.218,59771.9,301830.174
2026-06-25 23:00:00,59771.9,4578.901,59771.9,23312.218,59771.9,301830.174
2026-06-26 00:00:00,59638.2,3871.116,60015.0,61621.029,60072.0,282095.151
2026-06-26 01:00:00,59413.0,6344.268,60015.0,61621.029,60072.0,282095.151
2026-06-26 02:00:00,58536.0,24980.279,60015.0,61621.029,60072.0,282095.151
2026-06-26 03:00:00,60015.0,26425.366,60015.0,61621.029,60072.0,282095.151
2026-06-26 04:00:00,59899.9,8739.818,60491.0,40011.928,60072.0,282095.151
2026-06-26 05:00:00,59921.8,5871.329,60491.0,40011.928,60072.0,282095.151
2026-06-26 06:00:00,60298.9,10771.225,60491.0,40011.928,60072.0,282095.151
2026-06-26 07:00:00,60491.0,14629.556,60491.0,40011.928,60072.0,282095.151
2026-06-26 08:00:00,60215.3,7945.368,59392.4,36168.134,60072.0,282095.151
2026-06-26 09:00:00,59709.3,10679.166,59392.4,36168.134,60072.0,282095.151
2026-06-26 10:00:00,59290.0,10744.708,59392.4,36168.134,60072.0,282095.151
2026-06-26 11:00:00,59392.4,6798.892,59392.4,36168.134,60072.0,282095.151
2026-06-26 12:00:00,59167.6,23971.564,60296.6,97365.209,60072.0,282095.151
2026-06-26 13:00:00,60153.3,35902.97,60296.6,97365.209,60072.0,282095.151
2026-06-26 14:00:00,59568.9,21091.08,60296.6,97365.209,60072.0,282095.151
2026-06-26 15:00:00,60296.6,16399.595,60296.6,97365.209,60072.0,282095.151
2026-06-26 16:00:00,60017.8,13029.495,59719.7,32859.636,60072.0,282095.151
2026-06-26 17:00:00,60000.0,6949.554,59719.7,32859.636,60072.0,282095.151
2026-06-26 18:00:00,59648.9,5774.528,59719.7,32859.636,60072.0,282095.151
2026-06-26 19:00:00,59719.7,7106.059,59719.7,32859.636,60072.0,282095.151
2026-06-26 20:00:00,59694.7,4861.161,60072.0,14069.215,60072.0,282095.151
2026-06-26 21:00:00,59887.6,2664.982,60072.0,14069.215,60072.0,282095.151
2026-06-26 22:00:00,60007.5,3088.676,60072.0,14069.215,60072.0,282095.151
2026-06-26 23:00:00,60072.0,3454.396,60072.0,14069.215,60072.0,282095.151
2026-06-27 00:00:00,60033.4,3606.601,60274.7,12863.512,60000.3,81302.593
2026-06-27 01:00:00,59919.1,1013.631,60274.7,12863.512,60000.3,81302.593
2026-06-27 02:00:00,60256.6,4979.232,60274.7,12863.512,60000.3,81302.593
2026-06-27 03:00:00,60274.7,3264.048,60274.7,12863.512,60000.3,81302.593
2026-06-27 04:00:00,60215.9,3433.958,60522.3,13007.199,60000.3,81302.593
2026-06-27 05:00:00,60208.3,1945.532,60522.3,13007.199,60000.3,81302.593
2026-06-27 06:00:00,60345.3,4271.161,60522.3,13007.199,60000.3,81302.593
2026-06-27 07:00:00,60522.3,3356.548,60522.3,13007.199,60000.3,81302.593
2026-06-27 08:00:00,60425.1,2454.04,60331.9,8919.927,60000.3,81302.593
2026-06-27 09:00:00,60391.2,2310.771,60331.9,8919.927,60000.3,81302.593
2026-06-27 10:00:00,60390.3,1032.741,60331.9,8919.927,60000.3,81302.593
2026-06-27 11:00:00,60331.9,3122.375,60331.9,8919.927,60000.3,81302.593
2026-06-27 12:00:00,60394.0,1807.192,60817.2,17098.528,60000.3,81302.593
2026-06-27 13:00:00,60554.6,4154.884,60817.2,17098.528,60000.3,81302.593
2026-06-27 14:00:00,60588.9,3321.5,60817.2,17098.528,60000.3,81302.593
2026-06-27 15:00:00,60817.2,7814.952,60817.2,17098.528,60000.3,81302.593
2026-06-27 16:00:00,60785.0,2778.326,60149.9,16777.939,60000.3,81302.593
2026-06-27 17:00:00,60495.6,6435.887,60149.9,16777.939,60000.3,81302.593
2026-06-27 18:00:00,60537.8,1662.956,60149.9,16777.939,60000.3,81302.593
2026-06-27 19:00:00,60149.9,5900.77,60149.9,16777.939,60000.3,81302.593
2026-06-27 20:00:00,60272.8,1563.196,60000.3,12635.488,60000.3,81302.593
2026-06-27 21:00:00,60173.4,2727.898,60000.3,12635.488,60000.3,81302.593
2026-06-27 22:00:00,60204.3,4692.97,60000.3,12635.488,60000.3,81302.593
2026-06-27 23:00:00,60000.3,3651.424,60000.3,12635.488,60000.3,81302.593
2026-06-28 00:00:00,60125.1,1900.278,60169.5,7852.352,59550.2,103598.697
2026-06-28 01:00:00,60193.0,2439.438,60169.5,7852.352,59550.2,103598.697
2026-06-28 02:00:00,60121.2,2057.691,60169.5,7852.352,59550.2,103598.697
2026-06-28 03:00:00,60169.5,1454.945,60169.5,7852.352,59550.2,103598.697
2026-06-28 04:00:00,60108.1,1216.104,60192.5,13002.681,59550.2,103598.697
2026-06-28 05:00:00,59956.6,5438.2,60192.5,13002.681,59550.2,103598.697
2026-06-28 06:00:00,59970.0,2915.154,60192.5,13002.681,59550.2,103598.697
2026-06-28 07:00:00,60192.5,3433.223,60192.5,13002.681,59550.2,103598.697
2026-06-28 08:00:00,60340.1,4910.201,60314.9,12643.512,59550.2,103598.697
2026-06-28 09:00:00,60230.0,2760.374,60314.9,12643.512,59550.2,103598.697
2026-06-28 10:00:00,60138.5,2477.136,60314.9,12643.512,59550.2,103598.697
2026-06-28 11:00:00,60314.9,2495.801,60314.9,12643.512,59550.2,103598.697
2026-06-28 12:00:00,60270.0,2227.61,59849.9,15226.346,59550.2,103598.697
2026-06-28 13:00:00,60044.5,4290.318,59849.9,15226.346,59550.2,103598.697
2026-06-28 14:00:00,59995.3,2937.391,59849.9,15226.346,59550.2,103598.697
2026-06-28 15:00:00,59849.9,5771.027,59849.9,15226.346,59550.2,103598.697
2026-06-28 16:00:00,59655.9,7424.561,59451.4,24638.347,59550.2,103598.697
2026-06-28 17:00:00,59557.3,8401.918,59451.4,24638.347,59550.2,103598.697
2026-06-28 18:00:00,59580.7,3170.957,59451.4,24638.347,59550.2,103598.697
2026-06-28 19:00:00,59451.4,5640.911,59451.4,24638.347,59550.2,103598.697
2026-06-28 20:00:00,59634.0,4223.368,59550.2,30235.459,59550.2,103598.697
2026-06-28 21:00:00,59418.1,4650.66,59550.2,30235.459,59550.2,103598.697
2026-06-28 22:00:00,59040.1,13650.068,59550.2,30235.459,59550.2,103598.697
2026-06-28 23:00:00,59550.2,7711.363,59550.2,30235.459,59550.2,103598.697
2026-06-29 00:00:00,59637.3,9238.488,60019.8,38253.849,60224.7,227776.275
2026-06-29 01:00:00,59413.0,5035.286,60019.8,38253.849,60224.7,227776.275
2026-06-29 02:00:00,59731.7,13997.776,60019.8,38253.849,60224.7,227776.275
2026-06-29 03:00:00,60019.8,9982.299,60019.8,38253.849,60224.7,227776.275
2026-06-29 04:00:00,59806.2,2746.071,59998.9,20723.108,60224.7,227776.275
2026-06-29 05:00:00,60082.7,6969.253,59998.9,20723.108,60224.7,227776.275
2026-06-29 06:00:00,60051.0,7371.999,59998.9,20723.108,60224.7,227776.275
2026-06-29 07:00:00,59998.9,3635.785,59998.9,20723.108,60224.7,227776.275
2026-06-29 08:00:00,59806.9,4899.419,59927.2,21568.64,60224.7,227776.275
2026-06-29 09:00:00,60031.3,5094.505,59927.2,21568.64,60224.7,227776.275
2026-06-29 10:00:00,60062.4,5511.908,59927.2,21568.64,60224.7,227776.275
2026-06-29 11:00:00,59927.2,6062.808,59927.2,21568.64,60224.7,227776.275
2026-06-29 12:00:00,59923.5,34963.613,59800.2,97415.484,60224.7,227776.275
2026-06-29 13:00:00,59559.3,21676.377,59800.2,97415.484,60224.7,227776.275
2026-06-29 14:00:00,59444.0,22336.282,59800.2,97415.484,60224.7,227776.275
2026-06-29 15:00:00,59800.2,18439.212,59800.2,97415.484,60224.7,227776.275
2026-06-29 16:00:00,59870.9,6543.241,60409.3,36925.254,60224.7,227776.275
2026-06-29 17:00:00,60396.0,17431.193,60409.3,36925.254,60224.7,227776.275
2026-06-29 18:00:00,60275.4,6924.679,60409.3,36925.254,60224.7,227776.275
2026-06-29 19:00:00,60409.3,6026.141,60409.3,36925.254,60224.7,227776.275
2026-06-29 20:00:00,60271.2,4954.154,60224.7,12889.94,60224.7,227776.275
2026-06-29 21:00:00,60454.9,2822.026,60224.7,12889.94,60224.7,227776.275
2026-06-29 22:00:00,60326.5,2066.396,60224.7,12889.94,60224.7,227776.275
2026-06-29 23:00:00,60224.7,3047.364,60224.7,12889.94,60224.7,227776.275
2026-06-30 00:00:00,59806.1,9133.247,59596.1,22856.266,58605.4,191646.301
2026-06-30 01:00:00,59919.6,4682.306,59596.1,22856.266,58605.4,191646.301
2026-06-30 02:00:00,59920.4,3470.21,59596.1,22856.266,58605.4,191646.301
2026-06-30 03:00:00,59596.1,5570.503,59596.1,22856.266,58605.4,191646.301
2026-06-30 04:00:00,59458.3,8066.536,59497.7,22886.397,58605.4,191646.301
2026-06-30 05:00:00,59627.7,7258.542,59497.7,22886.397,58605.4,191646.301
2026-06-30 06:00:00,59571.7,3736.821,59497.7,22886.397,58605.4,191646.301
2026-06-30 07:00:00,59497.7,3824.498,59497.7,22886.397,58605.4,191646.301
2026-06-30 08:00:00,59285.8,8863.332,59162.3,21626.513,58605.4,191646.301
2026-06-30 09:00:00,59348.7,4167.963,59162.3,21626.513,58605.4,191646.301
2026-06-30 10:00:00,59303.6,2380.9,59162.3,21626.513,58605.4,191646.301
2026-06-30 11:00:00,59162.3,6214.318,59162.3,21626.513,58605.4,191646.301
2026-06-30 12:00:00,58374.8,25243.04,58356.2,92456.515,58605.4,191646.301
2026-06-30 13:00:00,58711.9,26034.559,58356.2,92456.515,58605.4,191646.301
2026-06-30 14:00:00,58458.6,23045.692,58356.2,92456.515,58605.4,191646.301
2026-06-30 15:00:00,58356.2,18133.224,58356.2,92456.515,58605.4,191646.301
2026-06-30 16:00:00,58479.3,7812.9,58794.4,21528.098,58605.4,191646.301
2026-06-30 17:00:00,58396.7,4252.186,58794.4,21528.098,58605.4,191646.301
2026-06-30 18:00:00,58659.8,4692.25,58794.4,21528.098,58605.4,191646.301
2026-06-30 19:00:00,58794.4,4770.762,58794.4,21528.098,58605.4,191646.301
2026-06-30 20:00:00,58708.0,3590.107,58605.4,10292.512,58605.4,191646.301
2026-06-30 21:00:00,58612.1,3145.534,58605.4,10292.512,58605.4,191646.301
2026-06-30 22:00:00,58575.8,2005.278,58605.4,10292.512,58605.4,191646.301
2026-06-30 23:00:00,58605.4,1551.593,58605.4,10292.512,58605.4,191646.301
2026-07-01 00:00:00,58548.7,5536.729,59169.6,56290.292,59999.6,263938.481
2026-07-01 01:00:00,58741.7,28902.834,59169.6,56290.292,59999.6,263938.481
2026-07-01 02:00:00,59063.3,12017.6,59169.6,56290.292,59999.6,263938.481
2026-07-01 03:00:00,59169.6,9833.129,59169.6,56290.292,59999.6,263938.481
2026-07-01 04:00:00,59311.2,5966.189,58744.4,28426.793,59999.6,263938.481
2026-07-01 05:00:00,59122.4,4463.091,58744.4,28426.793,59999.6,263938.481
2026-07-01 06:00:00,58726.8,13792.727,58744.4,28426.793,59999.6,263938.481
2026-07-01 07:00:00,58744.4,4204.786,58744.4,28426.793,59999.6,263938.481
2026-07-01 08:00:00,58950.8,6346.255,58592.9,18942.584,59999.6,263938.481
2026-07-01 09:00:00,58921.4,5253.469,58592.9,18942.584,59999.6,263938.481
2026-07-01 10:00:00,58631.6,3734.411,58592.9,18942.584,59999.6,263938.481
2026-07-01 11:00:00,58592.9,3608.449,58592.9,18942.584,59999.6,263938.481
2026-07-01 12:00:00,58495.6,8651.069,60118.5,83094.085,59999.6,263938.481
2026-07-01 13:00:00,59463.1,22483.032,60118.5,83094.085,59999.6,263938.481
2026-07-01 14:00:00,59523.8,29537.612,60118.5,83094.085,59999.6,263938.481
2026-07-01 15:00:00,60118.5,22422.372,60118.5,83094.085,59999.6,263938.481
2026-07-01 16:00:00,59902.8,7712.896,60000.0,24811.03,59999.6,263938.481
2026-07-01 17:00:00,60166.5,6967.927,60000.0,24811.03,59999.6,263938.481
2026-07-01 18:00:00,60141.5,4929.144,60000.0,24811.03,59999.6,263938.481
2026-07-01 19:00:00,60000.0,5201.063,60000.0,24811.03,59999.6,263938.481
2026-07-01 20:00:00,60100.3,4206.586,59999.6,52373.697,59999.6,263938.481
2026-07-01 21:00:00,60799.9,16099.76,59999.6,52373.697,59999.6,263938.481
2026-07-01 22:00:00,60446.3,23792.275,59999.6,52373.697,59999.6,263938.481
2026-07-01 23:00:00,59999.6,8275.076,59999.6,52373.697,59999.6,263938.481
2026-07-02 00:00:00,59719.7,11009.328,61032.9,37833.808,61540.6,235950.072
2026-07-02 01:00:00,60150.0,8878.647,61032.9,37833.808,61540.6,235950.072
2026-07-02 02:00:00,60392.5,5419.48,61032.9,37833.808,61540.6,235950.072
2026-07-02 03:00:00,61032.9,12526.353,61032.9,37833.808,61540.6,235950.072
2026-07-02 04:00:00,60757.7,7263.034,60125.8,34117.778,61540.6,235950.072
2026-07-02 05:00:00,60479.9,9042.359,60125.8,34117.778,61540.6,235950.072
2026-07-02 06:00:00,60247.6,8467.548,60125.8,34117.778,61540.6,235950.072
2026-07-02 07:00:00,60125.8,9344.837,60125.8,34117.778,61540.6,235950.072
2026-07-02 08:00:00,60486.8,6198.207,61329.1,53739.084,61540.6,235950.072
2026-07-02 09:00:00,61159.6,25607.036,61329.1,53739.084,61540.6,235950.072
2026-07-02 10:00:00,61238.5,9252.747,61329.1,53739.084,61540.6,235950.072
2026-07-02 11:00:00,61329.1,12681.094,61329.1,53739.084,61540.6,235950.072
2026-07-02 12:00:00,61507.4,18071.778,61584.0,69787.014,61540.6,235950.072
2026-07-02 13:00:00,61913.5,25674.18,61584.0,69787.014,61540.6,235950.072
2026-07-02 14:00:00,61669.8,18344.228,61584.0,69787.014,61540.6,235950.072
2026-07-02 15:00:00,61584.0,7696.828,61584.0,69787.014,61540.6,235950.072
2026-07-02 16:00:00,61646.8,13879.115,61452.5,28202.679,61540.6,235950.072
2026-07-02 17:00:00,61643.0,6139.152,61452.5,28202.679,61540.6,235950.072
2026-07-02 18:00:00,61733.5,3075.802,61452.5,28202.679,61540.6,235950.072
2026-07-02 19:00:00,61452.5,5108.61,61452.5,28202.679,61540.6,235950.072
2026-07-02 20:00:00,61555.4,4121.371,61540.6,12269.709,61540.6,235950.072
2026-07-02 21:00:00,61570.6,1957.081,61540.6,12269.709,61540.6,235950.072
2026-07-02 22:00:00,61445.0,3574.01,61540.6,12269.709,61540.6,235950.072
2026-07-02 23:00:00,61540.6,2617.247,61540.6,12269.709,61540.6,235950.072
2026-07-03 00:00:00,61283.9,3597.556,61407.6,15053.911,62565.5,132498.494
2026-07-03 01:00:00,61566.5,4451.238,61407.6,15053.911,62565.5,132498.494
2026-07-03 02:00:00,61411.8,3999.381,61407.6,15053.911,62565.5,132498.494
2026-07-03 03:00:00,61407.6,3005.736,61407.6,15053.911,62565.5,132498.494
2026-07-03 04:00:00,61420.5,2696.433,61733.6,14260.827,62565.5,132498.494
2026-07-03 05:00:00,61674.8,4765.665,61733.6,14260.827,62565.5,132498.494
2026-07-03 06:00:00,61680.5,3450.463,61733.6,14260.827,62565.5,132498.494
2026-07-03 07:00:00,61733.6,3348.266,61733.6,14260.827,62565.5,132498.494
2026-07-03 08:00:00,61553.5,4222.917,61992.8,19066.059,62565.5,132498.494
2026-07-03 09:00:00,61686.8,3311.924,61992.8,19066.059,62565.5,132498.494
2026-07-03 10:00:00,61886.6,5642.212,61992.8,19066.059,62565.5,132498.494
2026-07-03 11:00:00,61992.8,5889.006,61992.8,19066.059,62565.5,132498.494
2026-07-03 12:00:00,61952.5,8242.179,61895.2,36548.042,62565.5,132498.494
2026-07-03 13:00:00,62083.8,5936.24,61895.2,36548.042,62565.5,132498.494
2026-07-03 14:00:00,62142.9,8788.007,61895.2,36548.042,62565.5,132498.494
2026-07-03 15:00:00,61895.2,13581.616,61895.2,36548.042,62565.5,132498.494
2026-07-03 16:00:00,62081.9,4059.255,62178.4,14492.869,62565.5,132498.494
2026-07-03 17:00:00,62171.5,4094.585,62178.4,14492.869,62565.5,132498.494
2026-07-03 18:00:00,62180.2,2583.154,62178.4,14492.869,62565.5,132498.494
2026-07-03 19:00:00,62178.4,3755.875,62178.4,14492.869,62565.5,132498.494
2026-07-03 20:00:00,62759.3,21132.14,62565.5,33076.786,62565.5,132498.494
2026-07-03 21:00:00,62706.8,7035.75,62565.5,33076.786,62565.5,132498.494
2026-07-03 22:00:00,62549.3,2682.334,62565.5,33076.786,62565.5,132498.494
2026-07-03 23:00:00,62565.5,2226.562,62565.5,33076.786,62565.5,132498.494
2026-07-04 00:00:00,62735.1,5338.885,62609.6,15174.848,63114.8,79649.524
2026-07-04 01:00:00,62450.0,5177.732,62609.6,15174.848,63114.8,79649.524
2026-07-04 02:00:00,62514.0,1900.751,62609.6,15174.848,63114.8,79649.524
2026-07-04 03:00:00,62609.6,2757.48,62609.6,15174.848,63114.8,79649.524
2026-07-04 04:00:00,62661.5,1944.821,62549.0,9691.02,63114.8,79649.524
2026-07-04 05:00:00,62445.6,2620.858,62549.0,9691.02,63114.8,79649.524
2026-07-04 06:00:00,62473.2,2993.905,62549.0,9691.02,63114.8,79649.524
2026-07-04 07:00:00,62549.0,2131.436,62549.0,9691.02,63114.8,79649.524
2026-07-04 08:00:00,62528.0,2712.962,62458.7,7405.183,63114.8,79649.524
2026-07-04 09:00:00,62466.0,1929.56,62458.7,7405.183,63114.8,79649.524
2026-07-04 10:00:00,62483.9,1203.457,62458.7,7405.183,63114.8,79649.524
2026-07-04 11:00:00,62458.7,1559.204,62458.7,7405.183,63114.8,79649.524
2026-07-04 12:00:00,62634.1,1790.061,62908.8,15525.164,63114.8,79649.524
2026-07-04 13:00:00,62563.0,2399.918,62908.8,15525.164,63114.8,79649.524
2026-07-04 14:00:00,62671.9,1875.0,62908.8,15525.164,63114.8,79649.524
2026-07-04 15:00:00,62908.8,9460.185,62908.8,15525.164,63114.8,79649.524
2026-07-04 16:00:00,62895.2,2956.899,63268.1,21139.019,63114.8,79649.524
2026-07-04 17:00:00,63245.6,10022.122,63268.1,21139.019,63114.8,79649.524
2026-07-04 18:00:00,63137.5,3957.615,63268.1,21139.019,63114.8,79649.524
2026-07-04 19:00:00,63268.1,4202.383,63268.1,21139.019,63114.8,79649.524
2026-07-04 20:00:00,63208.9,2485.99,63114.8,10714.29,63114.8,79649.524
2026-07-04 21:00:00,63274.7,2460.986,63114.8,10714.29,63114.8,79649.524
2026-07-04 22:00:00,63167.7,1955.701,63114.8,10714.29,63114.8,79649.524
2026-07-04 23:00:00,63114.8,3811.613,63114.8,10714.29,63114.8,79649.524
2026-07-05 00:00:00,62962.5,3551.601,62739.1,14486.359,63617.1,92627.144
2026-07-05 01:00:00,62859.8,4010.604,62739.1,14486.359,63617.1,92627.144
2026-07-05 02:00:00,62673.8,4562.372,62739.1,14486.359,63617.1,92627.144
2026-07-05 03:00:00,62739.1,2361.782,62739.1,14486.359,63617.1,92627.144
2026-07-05 04:00:00,62787.3,2921.002,62995.1,10165.269,63617.1,92627.144
2026-07-05 05:00:00,62716.4,2140.339,62995.1,10165.269,63617.1,92627.144
2026-07-05 06:00:00,62749.9,1389.733,62995.1,10165.269,63617.1,92627.144
2026-07-05 07:00:00,62995.1,3714.195,62995.1,10165.269,63617.1,92627.144
2026-07-05 08:00:00,62893.3,2742.219,62630.0,13311.704,63617.1,92627.144
2026-07-05 09:00:00,62600.3,6542.351,62630.0,13311.704,63617.1,92627.144
2026-07-05 10:00:00,62737.6,2252.572,62630.0,13311.704,63617.1,92627.144
2026-07-05 11:00:00,62630.0,1774.562,62630.0,13311.704,63617.1,92627.144
2026-07-05 12:00:00,62718.2,2260.963,62711.9,10079.94,63617.1,92627.144
2026-07-05 13:00:00,62769.9,2043.696,62711.9,10079.94,63617.1,92627.144
2026-07-05 14:00:00,62785.3,1709.374,62711.9,10079.94,63617.1,92627.144
2026-07-05 15:00:00,62711.9,4065.907,62711.9,10079.94,63617.1,92627.144
2026-07-05 16:00:00,62612.0,3034.915,62744.0,8303.748,63617.1,92627.144
2026-07-05 17:00:00,62601.3,2087.571,62744.0,8303.748,63617.1,92627.144
2026-07-05 18:00:00,62787.6,1904.702,62744.0,8303.748,63617.1,92627.144
2026-07-05 19:00:00,62744.0,1276.56,62744.0,8303.748,63617.1,92627.144
2026-07-05 20:00:00,62704.7,862.24,63617.1,36280.124,63617.1,92627.144
2026-07-05 21:00:00,63070.4,6287.574,63617.1,36280.124,63617.1,92627.144
2026-07-05 22:00:00,63717.1,20592.411,63617.1,36280.124,63617.1,92627.144
2026-07-05 23:00:00,63617.1,8537.899,63617.1,36280.124,63617.1,92627.144
2026-07-06 00:00:00,63728.4,7726.289,63273.0,23780.303,64023.6,242793.799
2026-07-06 01:00:00,63544.2,4911.735,63273.0,23780.303,64023.6,242793.799
2026-07-06 02:00:00,63425.1,5031.491,63273.0,23780.303,64023.6,242793.799
2026-07-06 03:00:00,63273.0,6110.788,63273.0,23780.303,64023.6,242793.799
2026-07-06 04:00:00,63242.9,2765.979,63064.5,16456.746,64023.6,242793.799
2026-07-06 05:00:00,63086.0,6116.52,63064.5,16456.746,64023.6,242793.799
2026-07-06 06:00:00,62962.6,3366.096,63064.5,16456.746,64023.6,242793.799
2026-07-06 07:00:00,63064.5,4208.151,63064.5,16456.746,64023.6,242793.799
2026-07-06 08:00:00,62876.1,5227.929,62461.4,27610.107,64023.6,242793.799
2026-07-06 09:00:00,62646.6,5981.406,62461.4,27610.107,64023.6,242793.799
2026-07-06 10:00:00,62797.6,5488.25,62461.4,27610.107,64023.6,242793.799
2026-07-06 11:00:00,62461.4,10912.522,62461.4,27610.107,64023.6,242793.799
2026-07-06 12:00:00,61733.6,34860.28,63523.1,105736.056,64023.6,242793.799
2026-07-06 13:00:00,61751.7,25787.251,63523.1,105736.056,64023.6,242793.799
2026-07-06 14:00:00,62019.7,16281.511,63523.1,105736.056,64023.6,242793.799
2026-07-06 15:00:00,63523.1,28807.014,63523.1,105736.056,64023.6,242793.799
2026-07-06 16:00:00,63710.4,21207.184,63709.8,40689.156,64023.6,242793.799
2026-07-06 17:00:00,63565.2,11369.867,63709.8,40689.156,64023.6,242793.799
2026-07-06 18:00:00,63675.7,4653.007,63709.8,40689.156,64023.6,242793.799
2026-07-06 19:00:00,63709.8,3459.098,63709.8,40689.156,64023.6,242793.799
2026-07-06 20:00:00,63798.0,3993.392,64023.6,28521.431,64023.6,242793.799
2026-07-06 21:00:00,64475.9,17905.498,64023.6,28521.431,64023.6,242793.799
2026-07-06 22:00:00,64227.2,3777.611,64023.6,28521.431,64023.6,242793.799
2026-07-06 23:00:00,64023.6,2844.93,64023.6,28521.431,64023.6,242793.799
2026-07-07 00:00:00,64175.2,4516.091,63165.0,29622.934,63335.4,177205.838
2026-07-07 01:00:00,63815.0,6656.918,63165.0,29622.934,63335.4,177205.838
2026-07-07 02:00:00,63298.2,12011.75,63165.0,29622.934,63335.4,177205.838
2026-07-07 03:00:00,63165.0,6438.175,63165.0,29622.934,63335.4,177205.838
2026-07-07 04:00:00,63069.0,5517.363,63062.6,27393.375,63335.4,177205.838
2026-07-07 05:00:00,63092.5,10146.888,63062.6,27393.375,63335.4,177205.838
2026-07-07 06:00:00,63310.0,6420.153,63062.6,27393.375,63335.4,177205.838
2026-07-07 07:00:00,63062.6,5308.971,63062.6,27393.375,63335.4,177205.838
2026-07-07 08:00:00,63074.0,3246.141,63377.7,16329.871,63335.4,177205.838
2026-07-07 09:00:00,63226.9,3984.997,63377.7,16329.871,63335.4,177205.838
2026-07-07 10:00:00,63258.6,4429.345,63377.7,16329.871,63335.4,177205.838
2026-07-07 11:00:00,63377.7,4669.388,63377.7,16329.871,63335.4,177205.838
2026-07-07 12:00:00,63451.9,11307.971,63910.0,60232.809,63335.4,177205.838
2026-07-07 13:00:00,63033.2,13510.125,63910.0,60232.809,63335.4,177205.838
2026-07-07 14:00:00,63536.5,19586.851,63910.0,60232.809,63335.4,177205.838
2026-07-07 15:00:00,63910.0,15827.862,63910.0,60232.809,63335.4,177205.838
2026-07-07 16:00:00,63962.4,8485.483,63794.9,28687.049,63335.4,177205.838
2026-07-07 17:00:00,64164.7,4437.323,63794.9,28687.049,63335.4,177205.838
2026-07-07 18:00:00,63653.8,6767.564,63794.9,28687.049,63335.4,177205.838
2026-07-07 19:00:00,63794.9,8996.679,63794.9,28687.049,63335.4,177205.838
2026-07-07 20:00:00,63668.3,2860.895,63335.4,14939.8,63335.4,177205.838
2026-07-07 21:00:00,63399.5,5782.613,63335.4,14939.8,63335.4,177205.838
2026-07-07 22:00:00,63514.9,3966.559,63335.4,14939.8,63335.4,177205.838
2026-07-07 23:00:00,63335.4,2329.733,63335.4,14939.8,63335.4,177205.838
2026-07-08 00:00:00,63585.9,3564.601,62741.0,28854.967,62255.3,163095.725
2026-07-08 01:00:00,63003.7,8120.007,62741.0,28854.967,62255.3,163095.725
2026-07-08 02:00:00,62951.3,13015.007,62741.0,28854.967,62255.3,163095.725
2026-07-08 03:00:00,62741.0,4155.352,62741.0,28854.967,62255.3,163095.725
2026-07-08 04:00:00,62767.3,3191.098,62854.1,17957.731,62255.3,163095.725
2026-07-08 05:00:00,62613.8,4053.867,62854.1,17957.731,62255.3,163095.725
2026-07-08 06:00:00,62628.5,5098.065,62854.1,17957.731,62255.3,163095.725
2026-07-08 07:00:00,62854.1,5614.701,62854.1,17957.731,62255.3,163095.725
2026-07-08 08:00:00,61989.8,24133.055,62270.0,45949.73,62255.3,163095.725
2026-07-08 09:00:00,62031.7,11392.528,62270.0,45949.73,62255.3,163095.725
2026-07-08 10:00:00,62149.8,5056.481,62270.0,45949.73,62255.3,163095.725
2026-07-08 11:00:00,62270.0,5367.666,62270.0,45949.73,62255.3,163095.725
2026-07-08 12:00:00,61933.9,5991.213,61674.5,39109.532,62255.3,163095.725
2026-07-08 13:00:00,61923.0,12545.108,61674.5,39109.532,62255.3,163095.725
2026-07-08 14:00:00,61865.5,10860.112,61674.5,39109.532,62255.3,163095.725
2026-07-08 15:00:00,61674.5,9713.099,61674.5,39109.532,62255.3,163095.725
2026-07-08 16:00:00,62086.4,7113.853,62251.9,20257.62,62255.3,163095.725
2026-07-08 17:00:00,62086.5,6899.963,62251.9,20257.62,62255.3,163095.725
2026-07-08 18:00:00,62158.8,3724.733,62251.9,20257.62,62255.3,163095.725
2026-07-08 19:00:00,62251.9,2519.071,62251.9,20257.62,62255.3,163095.725
2026-07-08 20:00:00,62076.2,2354.879,62255.3,10966.145,62255.3,163095.725
2026-07-08 21:00:00,62162.4,4462.192,62255.3,10966.145,62255.3,163095.725
2026-07-08 22:00:00,62303.5,2226.252,62255.3,10966.145,62255.3,163095.725
2026-07-08 23:00:00,62255.3,1922.822,62255.3,10966.145,62255.3,163095.725
2026-07-09 00:00:00,62101.8,3023.797,61943.1,21786.361,63197.0,150854.293
2026-07-09 01:00:00,61882.2,10363.949,61943.1,21786.361,63197.0,150854.293
2026-07-09 02:00:00,61753.7,4989.881,61943.1,21786.361,63197.0,150854.293
2026-07-09 03:00:00,61943.1,3408.734,61943.1,21786.361,63197.0,150854.293
2026-07-09 04:00:00,62420.4,5177.524,62973.7,35632.474,63197.0,150854.293
2026-07-09 05:00:00,62565.8,7762.964,62973.7,35632.474,63197.0,150854.293
2026-07-09 06:00:00,62934.0,10744.759,62973.7,35632.474,63197.0,150854.293
2026-07-09 07:00:00,62973.7,11947.227,62973.7,35632.474,63197.0,150854.293
2026-07-09 08:00:00,62872.6,4400.093,62756.0,16875.277,63197.0,150854.293
2026-07-09 09:00:00,62925.0,3618.009,62756.0,16875.277,63197.0,150854.293
2026-07-09 10:00:00,62757.2,3716.851,62756.0,16875.277,63197.0,150854.293
2026-07-09 11:00:00,62756.0,5140.324,62756.0,16875.277,63197.0,150854.293
2026-07-09 12:00:00,62583.3,19486.3,62835.4,43030.522,63197.0,150854.293
2026-07-09 13:00:00,62999.9,9489.196,62835.4,43030.522,63197.0,150854.293
2026-07-09 14:00:00,62982.5,7113.788,62835.4,43030.522,63197.0,150854.293
2026-07-09 15:00:00,62835.4,6941.238,62835.4,43030.522,63197.0,150854.293
2026-07-09 16:00:00,62670.7,5324.178,63222.9,23833.334,63197.0,150854.293
2026-07-09 17:00:00,63114.7,5492.868,63222.9,23833.334,63197.0,150854.293
2026-07-09 18:00:00,63199.8,10034.92,63222.9,23833.334,63197.0,150854.293
2026-07-09 19:00:00,63222.9,2981.368,63222.9,23833.334,63197.0,150854.293
2026-07-09 20:00:00,63288.7,1854.485,63197.0,9696.325,63197.0,150854.293
2026-07-09 21:00:00,63248.9,1886.986,63197.0,9696.325,63197.0,150854.293
2026-07-09 22:00:00,63186.1,2732.059,63197.0,9696.325,63197.0,150854.293
2026-07-09 23:00:00,63197.0,3222.795,63197.0,9696.325,63197.0,150854.293
2026-07-10 00:00:00,63085.3,4961.377,63917.2,28582.709,64129.5,138788.057
2026-07-10 01:00:00,63726.6,11961.053,63917.2,28582.709,64129.5,138788.057
2026-07-10 02:00:00,63935.0,7618.357,63917.2,28582.709,64129.5,138788.057
2026-07-10 03:00:00,63917.2,4041.922,63917.2,28582.709,64129.5,138788.057
2026-07-10 04:00:00,64019.3,6097.263,63956.1,19716.772,64129.5,138788.057
2026-07-10 05:00:00,64090.0,4203.902,63956.1,19716.772,64129.5,138788.057
2026-07-10 06:00:00,63832.8,4672.326,63956.1,19716.772,64129.5,138788.057
2026-07-10 07:00:00,63956.1,4743.281,63956.1,19716.772,64129.5,138788.057
2026-07-10 08:00:00,64211.4,12036.605,64394.2,27561.937,64129.5,138788.057
2026-07-10 09:00:00,64360.4,8387.949,64394.2,27561.937,64129.5,138788.057
2026-07-10 10:00:00,64374.0,4417.956,64394.2,27561.937,64129.5,138788.057
2026-07-10 11:00:00,64394.2,2719.427,64394.2,27561.937,64129.5,138788.057
2026-07-10 12:00:00,64258.9,6480.494,64018.7,35094.942,64129.5,138788.057
2026-07-10 13:00:00,64453.7,9691.781,64018.7,35094.942,64129.5,138788.057
2026-07-10 14:00:00,63897.9,13660.447,64018.7,35094.942,64129.5,138788.057
2026-07-10 15:00:00,64018.7,5262.22,64018.7,35094.942,64129.5,138788.057
2026-07-10 16:00:00,64118.9,4431.076,63900.4,13676.986,64129.5,138788.057
2026-07-10 17:00:00,63804.0,2988.902,63900.4,13676.986,64129.5,138788.057
2026-07-10 18:00:00,63792.0,2758.665,63900.4,13676.986,64129.5,138788.057
2026-07-10 19:00:00,63900.4,3498.343,63900.4,13676.986,64129.5,138788.057
2026-07-10 20:00:00,63820.0,6698.936,64129.5,14154.711,64129.5,138788.057
2026-07-10 21:00:00,63987.6,2417.892,64129.5,14154.711,64129.5,138788.057
2026-07-10 22:00:00,64089.9,2814.802,64129.5,14154.711,64129.5,138788.057
2026-07-10 23:00:00,64129.5,2223.081,64129.5,14154.711,64129.5,138788.057
2026-07-11 00:00:00,64090.1,1731.884,64117.2,7282.145,63783.0,53674.895
2026-07-11 01:00:00,63979.2,2766.132,64117.2,7282.145,63783.0,53674.895
2026-07-11 02:00:00,64130.5,1433.009,64117.2,7282.145,63783.0,53674.895
2026-07-11 03:00:00,64117.2,1351.12,64117.2,7282.145,63783.0,53674.895
2026-07-11 04:00:00,64123.4,1026.864,64132.6,5329.112,63783.0,53674.895
2026-07-11 05:00:00,64141.6,1652.038,64132.6,5329.112,63783.0,53674.895
2026-07-11 06:00:00,64186.7,1422.943,64132.6,5329.112,63783.0,53674.895
2026-07-11 07:00:00,64132.6,1227.267,64132.6,5329.112,63783.0,53674.895
2026-07-11 08:00:00,64239.6,1627.259,64176.0,5002.728,63783.0,53674.895
2026-07-11 09:00:00,64143.0,1347.449,64176.0,5002.728,63783.0,53674.895
2026-07-11 10:00:00,64163.9,1266.216,64176.0,5002.728,63783.0,53674.895
2026-07-11 11:00:00,64176.0,761.804,64176.0,5002.728,63783.0,53674.895
2026-07-11 12:00:00,64168.4,1196.286,64139.0,18675.921,63783.0,53674.895
2026-07-11 13:00:00,64213.9,1495.498,64139.0,18675.921,63783.0,53674.895
2026-07-11 14:00:00,64321.0,4280.166,64139.0,18675.921,63783.0,53674.895
2026-07-11 15:00:00,64139.0,11703.971,64139.0,18675.921,63783.0,53674.895
2026-07-11 16:00:00,64148.2,2521.736,64262.0,6780.216,63783.0,53674.895
2026-07-11 17:00:00,64289.8,2299.591,64262.0,6780.216,63783.0,53674.895
2026-07-11 18:00:00,64299.7,1059.229,64262.0,6780.216,63783.0,53674.895
2026-07-11 19:00:00,64262.0,899.66,64262.0,6780.216,63783.0,53674.895
2026-07-11 20:00:00,64353.2,1218.353,63783.0,10604.773,63783.0,53674.895
2026-07-11 21:00:00,64325.5,906.265,63783.0,10604.773,63783.0,53674.895
2026-07-11 22:00:00,64169.1,2214.267,63783.0,10604.773,63783.0,53674.895
2026-07-11 23:00:00,63783.0,6265.888,63783.0,10604.773,63783.0,53674.895
2026-07-12 00:00:00,63802.9,4816.995,64201.8,12186.54,63750.0,60091.946
2026-07-12 01:00:00,64106.0,3478.097,64201.8,12186.54,63750.0,60091.946
2026-07-12 02:00:00,64049.2,1748.455,64201.8,12186.54,63750.0,60091.946
2026-07-12 03:00:00,64201.8,2142.993,64201.8,12186.54,63750.0,60091.946
2026-07-12 04:00:00,63974.3,2506.065,63856.4,11313.903,63750.0,60091.946
2026-07-12 05:00:00,63938.0,1922.293,63856.4,11313.903,63750.0,60091.946
2026-07-12 06:00:00,63728.7,5247.13,63856.4,11313.903,63750.0,60091.946
2026-07-12 07:00:00,63856.4,1638.415,63856.4,11313.903,63750.0,60091.946
2026-07-12 08:00:00,63951.6,2612.699,63993.8,8689.953,63750.0,60091.946
2026-07-12 09:00:00,63930.0,3030.6,63993.8,8689.953,63750.0,60091.946
2026-07-12 10:00:00,63838.9,1174.004,63993.8,8689.953,63750.0,60091.946
2026-07-12 11:00:00,63993.8,1872.65,63993.8,8689.953,63750.0,60091.946
2026-07-12 12:00:00,63998.4,2403.082,64149.9,9372.897,63750.0,60091.946
2026-07-12 13:00:00,63997.3,1262.062,64149.9,9372.897,63750.0,60091.946
2026-07-12 14:00:00,64175.0,2804.565,64149.9,9372.897,63750.0,60091.946
2026-07-12 15:00:00,64149.9,2903.188,64149.9,9372.897,63750.0,60091.946
2026-07-12 16:00:00,64146.8,2987.458,64201.9,6633.117,63750.0,60091.946
2026-07-12 17:00:00,64050.3,1096.969,64201.9,6633.117,63750.0,60091.946
2026-07-12 18:00:00,64124.6,1249.778,64201.9,6633.117,63750.0,60091.946
2026-07-12 19:00:00,64201.9,1298.912,64201.9,6633.117,63750.0,60091.946
2026-07-12 20:00:00,64168.5,878.789,63750.0,11895.536,63750.0,60091.946
2026-07-12 21:00:00,63889.6,2630.665,63750.0,11895.536,63750.0,60091.946
2026-07-12 22:00:00,63855.0,6060.141,63750.0,11895.536,63750.0,60091.946
2026-07-12 23:00:00,63750.0,2325.941,63750.0,11895.536,63750.0,60091.946
2026-07-13 00:00:00,64041.8,16536.408,62780.2,52443.621,62307.0,195782.223
2026-07-13 01:00:00,63382.1,12315.44,62780.2,52443.621,62307.0,195782.223
2026-07-13 02:00:00,63344.8,7882.245,62780.2,52443.621,62307.0,195782.223
2026-07-13 03:00:00,62780.2,15709.528,62780.2,52443.621,62307.0,195782.223
2026-07-13 04:00:00,62649.8,6758.166,62952.7,24227.324,62307.0,195782.223
2026-07-13 05:00:00,62764.1,8371.052,62952.7,24227.324,62307.0,195782.223
2026-07-13 06:00:00,62766.6,2684.94,62952.7,24227.324,62307.0,195782.223
2026-07-13 07:00:00,62952.7,6413.166,62952.7,24227.324,62307.0,195782.223
2026-07-13 08:00:00,63174.9,5653.085,62881.3,22997.462,62307.0,195782.223
2026-07-13 09:00:00,63074.0,3292.544,62881.3,22997.462,62307.0,195782.223
2026-07-13 10:00:00,62844.6,9350.106,62881.3,22997.462,62307.0,195782.223
2026-07-13 11:00:00,62881.3,4701.727,62881.3,22997.462,62307.0,195782.223
2026-07-13 12:00:00,62597.9,8803.456,62596.6,52068.169,62307.0,195782.223
2026-07-13 13:00:00,62300.1,18486.59,62596.6,52068.169,62307.0,195782.223
2026-07-13 14:00:00,62770.3,15429.637,62596.6,52068.169,62307.0,195782.223
2026-07-13 15:00:00,62596.6,9348.486,62596.6,52068.169,62307.0,195782.223
2026-07-13 16:00:00,62258.0,8644.969,62258.0,28856.64,62307.0,195782.223
2026-07-13 17:00:00,61877.0,8894.99,62258.0,28856.64,62307.0,195782.223
2026-07-13 18:00:00,61997.3,7281.929,62258.0,28856.64,62307.0,195782.223
2026-07-13 19:00:00,62258.0,4034.752,62258.0,28856.64,62307.0,195782.223
2026-07-13 20:00:00,62179.3,3539.601,62307.0,15189.007,62307.0,195782.223
2026-07-13 21:00:00,62034.1,3364.102,62307.0,15189.007,62307.0,195782.223
2026-07-13 22:00:00,61897.9,3177.324,62307.0,15189.007,62307.0,195782.223
2026-07-13 23:00:00,62307.0,5107.98,62307.0,15189.007,62307.0,195782.223
2026-07-14 00:00:00,62520.7,5906.236,62538.2,15779.623,65014.7,190875.183
2026-07-14 01:00:00,62505.2,3019.814,62538.2,15779.623,65014.7,190875.183
2026-07-14 02:00:00,62516.8,3512.258,62538.2,15779.623,65014.7,190875.183
2026-07-14 03:00:00,62538.2,3341.315,62538.2,15779.623,65014.7,190875.183
2026-07-14 04:00:00,62713.6,3346.574,62529.7,12956.51,65014.7,190875.183
2026-07-14 05:00:00,62699.9,3751.791,62529.7,12956.51,65014.7,190875.183
2026-07-14 06:00:00,62600.1,3174.255,62529.7,12956.51,65014.7,190875.183
2026-07-14 07:00:00,62529.7,2683.89,62529.7,12956.51,65014.7,190875.183
2026-07-14 08:00:00,62680.1,3017.401,62810.3,11932.483,65014.7,190875.183
2026-07-14 09:00:00,62604.2,2286.405,62810.3,11932.483,65014.7,190875.183
2026-07-14 10:00:00,62767.5,3460.434,62810.3,11932.483,65014.7,190875.183
2026-07-14 11:00:00,62810.3,3168.243,62810.3,11932.483,65014.7,190875.183
2026-07-14 12:00:00,63935.2,42323.953,64727.5,99608.666,65014.7,190875.183
2026-07-14 13:00:00,63802.8,18520.356,64727.5,99608.666,65014.7,190875.183
2026-07-14 14:00:00,64277.3,13029.805,64727.5,99608.666,65014.7,190875.183
2026-07-14 15:00:00,64727.5,25734.552,64727.5,99608.666,65014.7,190875.183
2026-07-14 16:00:00,64703.9,8467.888,64543.0,27810.776,65014.7,190875.183
2026-07-14 17:00:00,64597.5,14211.303,64543.0,27810.776,65014.7,190875.183
2026-07-14 18:00:00,64544.0,2451.479,64543.0,27810.776,65014.7,190875.183
2026-07-14 19:00:00,64543.0,2680.106,64543.0,27810.776,65014.7,190875.183
2026-07-14 20:00:00,64538.6,2370.521,65014.7,22787.125,65014.7,190875.183
2026-07-14 21:00:00,64650.0,3377.629,65014.7,22787.125,65014.7,190875.183
2026-07-14 22:00:00,64837.1,12393.571,65014.7,22787.125,65014.7,190875.183
2026-07-14 23:00:00,65014.7,4645.404,65014.7,22787.125,65014.7,190875.183
2026-07-15 00:00:00,64798.1,4489.662,64760.8,14011.588,64721.4,132223.614
2026-07-15 01:00:00,64643.7,3480.114,64760.8,14011.588,64721.4,132223.614
2026-07-15 02:00:00,64473.0,3174.884,64760.8,14011.588,64721.4,132223.614
2026-07-15 03:00:00,64760.8,2866.928,64760.8,14011.588,64721.4,132223.614
2026-07-15 04:00:00,64723.5,2176.426,64528.0,20381.848,64721.4,132223.614
2026-07-15 05:00:00,64920.5,2716.995,64528.0,20381.848,64721.4,132223.614
2026-07-15 06:00:00,64784.7,8661.145,64528.0,20381.848,64721.4,132223.614
2026-07-15 07:00:00,64528.0,6827.282,64528.0,20381.848,64721.4,132223.614
2026-07-15 08:00:00,64745.0,3889.073,64707.5,11520.12,64721.4,132223.614
2026-07-15 09:00:00,64644.6,3146.199,64707.5,11520.12,64721.4,132223.614
2026-07-15 10:00:00,64633.0,2611.385,64707.5,11520.12,64721.4,132223.614
2026-07-15 11:00:00,64707.5,1873.463,64707.5,11520.12,64721.4,132223.614
2026-07-15 12:00:00,65133.7,12263.474,65391.6,48445.138,64721.4,132223.614
2026-07-15 13:00:00,65090.2,18067.99,65391.6,48445.138,64721.4,132223.614
2026-07-15 14:00:00,65364.8,10429.982,65391.6,48445.138,64721.4,132223.614
2026-07-15 15:00:00,65391.6,7683.692,65391.6,48445.138,64721.4,132223.614
2026-07-15 16:00:00,65089.5,14894.086,64942.0,30103.535,64721.4,132223.614
2026-07-15 17:00:00,65023.1,8953.781,64942.0,30103.535,64721.4,132223.614
2026-07-15 18:00:00,64837.4,3429.166,64942.0,30103.535,64721.4,132223.614
2026-07-15 19:00:00,64942.0,2826.502,64942.0,30103.535,64721.4,132223.614
2026-07-15 20:00:00,64939.9,1207.369,64721.4,7761.385,64721.4,132223.614
2026-07-15 21:00:00,64800.0,1958.445,64721.4,7761.385,64721.4,132223.614
2026-07-15 22:00:00,64831.5,2140.517,64721.4,7761.385,64721.4,132223.614
2026-07-15 23:00:00,64721.4,2455.054,64721.4,7761.385,64721.4,132223.614
2026-07-16 00:00:00,64554.3,4878.987,64593.0,13463.314,63801.0,130469.462
2026-07-16 01:00:00,64698.6,4747.944,64593.0,13463.314,63801.0,130469.462
2026-07-16 02:00:00,64616.1,1791.299,64593.0,13463.314,63801.0,130469.462
2026-07-16 03:00:00,64593.0,2045.084,64593.0,13463.314,63801.0,130469.462
2026-07-16 04:00:00,64610.9,2014.066,64200.0,23983.759,63801.0,130469.462
2026-07-16 05:00:00,64897.9,6259.94,64200.0,23983.759,63801.0,130469.462
2026-07-16 06:00:00,64750.0,3438.699,64200.0,23983.759,63801.0,130469.462
2026-07-16 07:00:00,64200.0,12271.054,64200.0,23983.759,63801.0,130469.462
2026-07-16 08:00:00,64096.7,14623.947,64226.6,23564.869,63801.0,130469.462
2026-07-16 09:00:00,64063.8,3330.267,64226.6,23564.869,63801.0,130469.462
2026-07-16 10:00:00,64186.9,2653.349,64226.6,23564.869,63801.0,130469.462
2026-07-16 11:00:00,64226.6,2957.306,64226.6,23564.869,63801.0,130469.462
2026-07-16 12:00:00,63938.1,6794.898,64677.7,38698.036,63801.0,130469.462
2026-07-16 13:00:00,64354.4,11289.067,64677.7,38698.036,63801.0,130469.462
2026-07-16 14:00:00,64510.0,12450.661,64677.7,38698.036,63801.0,130469.462
2026-07-16 15:00:00,64677.7,8163.41,64677.7,38698.036,63801.0,130469.462
2026-07-16 16:00:00,64448.4,5409.449,64241.6,18183.263,63801.0,130469.462
2026-07-16 17:00:00,64045.6,7575.592,64241.6,18183.263,63801.0,130469.462
2026-07-16 18:00:00,64217.1,3448.519,64241.6,18183.263,63801.0,130469.462
2026-07-16 19:00:00,64241.6,1749.703,64241.6,18183.263,63801.0,130469.462
2026-07-16 20:00:00,64090.1,1258.646,63801.0,12576.221,63801.0,130469.462
2026-07-16 21:00:00,64135.9,1257.933,63801.0,12576.221,63801.0,130469.462
2026-07-16 22:00:00,63939.5,3705.96,63801.0,12576.221,63801.0,130469.462
2026-07-16 23:00:00,63801.0,6353.682,63801.0,12576.221,63801.0,130469.462
2026-07-17 00:00:00,63862.9,6331.479,63538.1,23701.404,63909.9,165852.813
2026-07-17 01:00:00,63510.8,8486.817,63538.1,23701.404,63909.9,165852.813
2026-07-17 02:00:00,63457.5,5328.647,63538.1,23701.404,63909.9,165852.813
2026-07-17 03:00:00,63538.1,3554.461,63538.1,23701.404,63909.9,165852.813
2026-07-17 04:00:00,63460.0,5069.199,62792.9,36223.336,63909.9,165852.813
2026-07-17 05:00:00,62807.3,15626.008,62792.9,36223.336,63909.9,165852.813
2026-07-17 06:00:00,62915.4,10696.868,62792.9,36223.336,63909.9,165852.813
2026-07-17 07:00:00,62792.9,4831.261,62792.9,36223.336,63909.9,165852.813
2026-07-17 08:00:00,62857.5,6784.932,63273.2,20640.395,63909.9,165852.813
2026-07-17 09:00:00,62962.2,4213.74,63273.2,20640.395,63909.9,165852.813
2026-07-17 10:00:00,63146.9,4237.483,63273.2,20640.395,63909.9,165852.813
2026-07-17 11:00:00,63273.2,5404.24,63273.2,20640.395,63909.9,165852.813
2026-07-17 12:00:00,63073.9,5253.453,63432.4,42264.1,63909.9,165852.813
2026-07-17 13:00:00,63128.6,16457.338,63432.4,42264.1,63909.9,165852.813
2026-07-17 14:00:00,63142.5,11255.645,63432.4,42264.1,63909.9,165852.813
2026-07-17 15:00:00,63432.4,9297.664,63432.4,42264.1,63909.9,165852.813
2026-07-17 16:00:00,63553.7,9059.142,64121.4,34857.577,63909.9,165852.813
2026-07-17 17:00:00,64011.8,12832.426,64121.4,34857.577,63909.9,165852.813
2026-07-17 18:00:00,64220.1,8585.457,64121.4,34857.577,63909.9,165852.813
2026-07-17 19:00:00,64121.4,4380.552,64121.4,34857.577,63909.9,165852.813
2026-07-17 20:00:00,64086.1,3417.904,63909.9,8166.001,63909.9,165852.813
2026-07-17 21:00:00,64070.6,1550.761,63909.9,8166.001,63909.9,165852.813
2026-07-17 22:00:00,63952.8,1753.78,63909.9,8166.001,63909.9,165852.813
2026-07-17 23:00:00,63909.9,1443.556,63909.9,8166.001,63909.9,165852.813
2026-07-18 00:00:00,63881.6,1490.455,63989.5,5338.834,64806.7,49226.738
2026-07-18 01:00:00,63929.2,1280.563,63989.5,5338.834,64806.7,49226.738
2026-07-18 02:00:00,63931.5,1347.221,63989.5,5338.834,64806.7,49226.738
2026-07-18 03:00:00,63989.5,1220.595,63989.5,5338.834,64806.7,49226.738
2026-07-18 04:00:00,63946.3,780.402,63980.1,4328.088,64806.7,49226.738
2026-07-18 05:00:00,63936.3,1075.625,63980.1,4328.088,64806.7,49226.738
2026-07-18 06:00:00,63954.1,888.648,63980.1,4328.088,64806.7,49226.738
2026-07-18 07:00:00,63980.1,1583.413,63980.1,4328.088,64806.7,49226.738
2026-07-18 08:00:00,63977.2,1367.761,64033.3,4092.098,64806.7,49226.738
2026-07-18 09:00:00,63961.2,1041.152,64033.3,4092.098,64806.7,49226.738
2026-07-18 10:00:00,63981.2,581.795,64033.3,4092.098,64806.7,49226.738
2026-07-18 11:00:00,64033.3,1101.39,64033.3,4092.098,64806.7,49226.738
2026-07-18 12:00:00,64181.4,3668.169,64090.0,9810.671,64806.7,49226.738
2026-07-18 13:00:00,64081.3,3187.123,64090.0,9810.671,64806.7,49226.738
2026-07-18 14:00:00,64099.0,1539.936,64090.0,9810.671,64806.7,49226.738
2026-07-18 15:00:00,64090.0,1415.443,64090.0,9810.671,64806.7,49226.738
2026-07-18 16:00:00,64278.2,3832.348,64526.3,15262.257,64806.7,49226.738
2026-07-18 17:00:00,64450.0,5266.335,64526.3,15262.257,64806.7,49226.738
2026-07-18 18:00:00,64477.3,4442.025,64526.3,15262.257,64806.7,49226.738
2026-07-18 19:00:00,64526.3,1721.549,64526.3,15262.257,64806.7,49226.738
2026-07-18 20:00:00,64665.5,3210.202,64806.7,10394.79,64806.7,49226.738
2026-07-18 21:00:00,64697.6,3096.293,64806.7,10394.79,64806.7,49226.738
2026-07-18 22:00:00,64774.4,2034.289,64806.7,10394.79,64806.7,49226.738
2026-07-18 23:00:00,64806.7,2054.006,64806.7,10394.79,64806.7,49226.738
2026-07-19 00:00:00,64756.5,2842.165,64686.8,13515.109,64694.7,62795.03
2026-07-19 01:00:00,64750.0,2790.617,64686.8,13515.109,64694.7,62795.03
2026-07-19 02:00:00,64795.4,5032.332,64686.8,13515.109,64694.7,62795.03
2026-07-19 03:00:00,64686.8,2849.995,64686.8,13515.109,64694.7,62795.03
2026-07-19 04:00:00,64692.2,1668.466,64692.2,5846.715,64694.7,62795.03
2026-07-19 05:00:00,64695.1,1325.774,64692.2,5846.715,64694.7,62795.03
2026-07-19 06:00:00,64682.3,934.088,64692.2,5846.715,64694.7,62795.03
2026-07-19 07:00:00,64692.2,1918.387,64692.2,5846.715,64694.7,62795.03
2026-07-19 08:00:00,64678.1,2064.203,64445.7,10691.7,64694.7,62795.03
2026-07-19 09:00:00,64495.2,3177.976,64445.7,10691.7,64694.7,62795.03
2026-07-19 10:00:00,64561.4,2700.58,64445.7,10691.7,64694.7,62795.03
2026-07-19 11:00:00,64445.7,2748.941,64445.7,10691.7,64694.7,62795.03
2026-07-19 12:00:00,64417.5,4959.504,64545.2,11251.478,64694.7,62795.03
2026-07-19 13:00:00,64453.0,2219.753,64545.2,11251.478,64694.7,62795.03
2026-07-19 14:00:00,64561.1,2455.842,64545.2,11251.478,64694.7,62795.03
2026-07-19 15:00:00,64545.2,1616.379,64545.2,11251.478,64694.7,62795.03
2026-07-19 16:00:00,64510.7,1470.209,64438.1,9954.822,64694.7,62795.03
2026-07-19 17:00:00,64520.0,3957.134,64438.1,9954.822,64694.7,62795.03
2026-07-19 18:00:00,64399.8,3442.309,64438.1,9954.822,64694.7,62795.03
2026-07-19 19:00:00,64438.1,1085.17,64438.1,9954.822,64694.7,62795.03
2026-07-19 20:00:00,64515.9,1059.316,64694.7,11535.206,64694.7,62795.03
2026-07-19 21:00:00,64393.7,1677.019,64694.7,11535.206,64694.7,62795.03
2026-07-19 22:00:00,64642.7,6743.994,64694.7,11535.206,64694.7,62795.03
2026-07-19 23:00:00,64694.7,2054.877,64694.7,11535.206,64694.7,62795.03
2026-07-20 00:00:00,64526.0,9897.467,64839.4,22717.146,65224.8,179506.147
2026-07-20 01:00:00,64594.7,5478.733,64839.4,22717.146,65224.8,179506.147
2026-07-20 02:00:00,64800.1,4762.318,64839.4,22717.146,65224.8,179506.147
2026-07-20 03:00:00,64839.4,2578.628,64839.4,22717.146,65224.8,179506.147
2026-07-20 04:00:00,64511.3,3108.675,64250.0,27903.419,65224.8,179506.147
2026-07-20 05:00:00,64101.7,9123.542,64250.0,27903.419,65224.8,179506.147
2026-07-20 06:00:00,63890.0,10191.102,64250.0,27903.419,65224.8,179506.147
2026-07-20 07:00:00,64250.0,5480.1,64250.0,27903.419,65224.8,179506.147
2026-07-20 08:00:00,64031.4,8326.137,64970.8,27733.431,65224.8,179506.147
2026-07-20 09:00:00,64176.6,3055.595,64970.8,27733.431,65224.8,179506.147
2026-07-20 10:00:00,64280.5,3345.929,64970.8,27733.431,65224.8,179506.147
2026-07-20 11:00:00,64970.8,13005.77,64970.8,27733.431,65224.8,179506.147
2026-07-20 12:00:00,64627.2,10164.095,65570.1,54262.291,65224.8,179506.147
2026-07-20 13:00:00,64315.0,9833.494,65570.1,54262.291,65224.8,179506.147
2026-07-20 14:00:00,64393.0,7606.114,65570.1,54262.291,65224.8,179506.147
2026-07-20 15:00:00,65570.1,26658.588,65570.1,54262.291,65224.8,179506.147
2026-07-20 16:00:00,65478.6,10648.534,65119.3,35972.663,65224.8,179506.147
2026-07-20 17:00:00,65560.0,6542.949,65119.3,35972.663,65224.8,179506.147
2026-07-20 18:00:00,65215.8,11084.442,65119.3,35972.663,65224.8,179506.147
2026-07-20 19:00:00,65119.3,7696.738,65119.3,35972.663,65224.8,179506.147
2026-07-20 20:00:00,65344.7,4390.078,65224.8,10917.197,65224.8,179506.147
2026-07-20 21:00:00,65258.5,1872.846,65224.8,10917.197,65224.8,179506.147
2026-07-20 22:00:00,65118.7,2625.107,65224.8,10917.197,65224.8,179506.147
2026-07-20 23:00:00,65224.8,2029.166,65224.8,10917.197,65224.8,179506.147
2026-07-21 00:00:00,65538.9,4344.322,65539.5,15057.371,66522.4,138894.915
2026-07-21 01:00:00,65205.1,4372.902,65539.5,15057.371,66522.4,138894.915
2026-07-21 02:00:00,65386.4,3325.329,65539.5,15057.371,66522.4,138894.915
2026-07-21 03:00:00,65539.5,3014.818,65539.5,15057.371,66522.4,138894.915
2026-07-21 04:00:00,65494.2,4594.005,66166.9,27187.741,66522.4,138894.915
2026-07-21 05:00:00,65724.9,6383.305,66166.9,27187.741,66522.4,138894.915
2026-07-21 06:00:00,65892.4,5914.487,66166.9,27187.741,66522.4,138894.915
2026-07-21 07:00:00,66166.9,10295.944,66166.9,27187.741,66522.4,138894.915
2026-07-21 08:00:00,66200.0,9095.828,66317.9,22965.054,66522.4,138894.915
2026-07-21 09:00:00,66261.2,3769.983,66317.9,22965.054,66522.4,138894.915
2026-07-21 10:00:00,66161.1,6340.189,66317.9,22965.054,66522.4,138894.915
2026-07-21 11:00:00,66317.9,3759.054,66317.9,22965.054,66522.4,138894.915
2026-07-21 12:00:00,66527.7,7956.073,66648.5,39564.704,66522.4,138894.915
2026-07-21 13:00:00,66748.8,11900.874,66648.5,39564.704,66522.4,138894.915
2026-07-21 14:00:00,66804.3,13494.794,66648.5,39564.704,66522.4,138894.915
2026-07-21 15:00:00,66648.5,6212.963,66648.5,39564.704,66522.4,138894.915
2026-07-21 16:00:00,66507.1,4088.719,66409.5,24712.174,66522.4,138894.915
2026-07-21 17:00:00,66181.1,12541.97,66409.5,24712.174,66522.4,138894.915
2026-07-21 18:00:00,66287.5,4476.6,66409.5,24712.174,66522.4,138894.915
2026-07-21 19:00:00,66409.5,3604.885,66409.5,24712.174,66522.4,138894.915
2026-07-21 20:00:00,66373.8,1670.198,66522.4,9407.871,66522.4,138894.915
2026-07-21 21:00:00,66352.4,2220.28,66522.4,9407.871,66522.4,138894.915
2026-07-21 22:00:00,66271.2,2432.153,66522.4,9407.871,66522.4,138894.915
2026-07-21 23:00:00,66522.4,3085.24,66522.4,9407.871,66522.4,138894.915
2026-07-22 00:00:00,66591.7,4924.6,66176.7,13801.058,66082.0,116810.615
2026-07-22 01:00:00,66399.9,3861.949,66176.7,13801.058,66082.0,116810.615
2026-07-22 02:00:00,66283.2,2039.117,66176.7,13801.058,66082.0,116810.615
2026-07-22 03:00:00,66176.7,2975.392,66176.7,13801.058,66082.0,116810.615
2026-07-22 04:00:00,66349.3,1913.639,65813.4,22194.384,66082.0,116810.615
2026-07-22 05:00:00,65954.5,7960.255,65813.4,22194.384,66082.0,116810.615
2026-07-22 06:00:00,65906.8,6026.171,65813.4,22194.384,66082.0,116810.615
2026-07-22 07:00:00,65813.4,6294.319,65813.4,22194.384,66082.0,116810.615
2026-07-22 08:00:00,65953.5,5831.709,65981.4,19352.095,66082.0,116810.615
2026-07-22 09:00:00,65896.4,3223.673,65981.4,19352.095,66082.0,116810.615
2026-07-22 10:00:00,66016.2,7121.677,65981.4,19352.095,66082.0,116810.615
2026-07-22 11:00:00,65981.4,3175.036,65981.4,19352.095,66082.0,116810.615
2026-07-22 12:00:00,65604.2,7832.203,66014.8,33898.686,66082.0,116810.615
2026-07-22 13:00:00,65924.9,8594.386,66014.8,33898.686,66082.0,116810.615
2026-07-22 14:00:00,65770.2,10598.179,66014.8,33898.686,66082.0,116810.615
2026-07-22 15:00:00,66014.8,6873.918,66014.8,33898.686,66082.0,116810.615
2026-07-22 16:00:00,66199.7,7769.463,65891.1,19116.49,66082.0,116810.615
2026-07-22 17:00:00,65997.5,3809.016,65891.1,19116.49,66082.0,116810.615
2026-07-22 18:00:00,65860.5,4340.972,65891.1,19116.49,66082.0,116810.615
2026-07-22 19:00:00,65891.1,3197.039,65891.1,19116.49,66082.0,116810.615
2026-07-22 20:00:00,65887.8,2320.046,66082.0,8447.902,66082.0,116810.615
2026-07-22 21:00:00,66034.5,2201.826,66082.0,8447.902,66082.0,116810.615
2026-07-22 22:00:00,66013.8,1660.556,66082.0,8447.902,66082.0,116810.615
2026-07-22 23:00:00,66082.0,2265.474,66082.0,8447.902,66082.0,116810.615
2026-07-23 00:00:00,66023.8,4469.351,65626.8,16744.203,65069.6,124767.778
2026-07-23 01:00:00,65793.8,5399.416,65626.8,16744.203,65069.6,124767.778
2026-07-23 02:00:00,65777.4,3027.886,65626.8,16744.203,65069.6,124767.778
2026-07-23 03:00:00,65626.8,3847.55,65626.8,16744.203,65069.6,124767.778
2026-07-23 04:00:00,65585.3,2534.037,65405.3,15598.473,65069.6,124767.778
2026-07-23 05:00:00,65663.9,2512.364,65405.3,15598.473,65069.6,124767.778
2026-07-23 06:00:00,65763.2,2021.415,65405.3,15598.473,65069.6,124767.778
2026-07-23 07:00:00,65405.3,8530.657,65405.3,15598.473,65069.6,124767.778
2026-07-23 08:00:00,65605.9,3577.763,65525.4,11821.586,65069.6,124767.778
2026-07-23 09:00:00,65607.9,3031.028,65525.4,11821.586,65069.6,124767.778
2026-07-23 10:00:00,65704.2,2837.969,65525.4,11821.586,65069.6,124767.778
2026-07-23 11:00:00,65525.4,2374.826,65525.4,11821.586,65069.6,124767.778
2026-07-23 12:00:00,65138.0,15552.526,64940.4,51499.187,65069.6,124767.778
2026-07-23 13:00:00,64858.6,14102.63,64940.4,51499.187,65069.6,124767.778
2026-07-23 14:00:00,64884.6,11702.687,64940.4,51499.187,65069.6,124767.778
2026-07-23 15:00:00,64940.4,10141.344,64940.4,51499.187,65069.6,124767.778
2026-07-23 16:00:00,64731.4,4677.967,64820.7,15984.685,65069.6,124767.778
2026-07-23 17:00:00,64654.4,4543.014,64820.7,15984.685,65069.6,124767.778
2026-07-23 18:00:00,64842.5,3309.665,64820.7,15984.685,65069.6,124767.778
2026-07-23 19:00:00,64820.7,3454.039,64820.7,15984.685,65069.6,124767.778
2026-07-23 20:00:00,65117.7,5482.38,65069.6,13119.644,65069.6,124767.778
2026-07-23 21:00:00,65137.4,2461.061,65069.6,13119.644,65069.6,124767.778
2026-07-23 22:00:00,65158.2,3003.047,65069.6,13119.644,65069.6,124767.778
2026-07-23 23:00:00,65069.6,2173.156,65069.6,13119.644,65069.6,124767.778
2026-07-24 00:00:00,64953.1,4831.001,65425.4,18271.087,64116.5,147537.472
2026-07-24 01:00:00,65053.2,3089.748,65425.4,18271.087,64116.5,147537.472
2026-07-24 02:00:00,65091.8,3231.376,65425.4,18271.087,64116.5,147537.472
2026-07-24 03:00:00,65425.4,7118.962,65425.4,18271.087,64116.5,147537.472
2026-07-24 04:00:00,65281.9,3917.507,65470.0,22156.361,64116.5,147537.472
2026-07-24 05:00:00,65282.3,1810.83,65470.0,22156.361,64116.5,147537.472
2026-07-24 06:00:00,65441.6,3572.79,65470.0,22156.361,64116.5,147537.472
2026-07-24 07:00:00,65470.0,12855.234,65470.0,22156.361,64116.5,147537.472
2026-07-24 08:00:00,65274.6,3662.526,65045.7,18685.368,64116.5,147537.472
2026-07-24 09:00:00,65088.1,7663.998,65045.7,18685.368,64116.5,147537.472
2026-07-24 10:00:00,64927.8,3324.749,65045.7,18685.368,64116.5,147537.472
2026-07-24 11:00:00,65045.7,4034.095,65045.7,18685.368,64116.5,147537.472
2026-07-24 12:00:00,64746.6,4732.922,64065.1,67797.363,64116.5,147537.472
2026-07-24 13:00:00,64129.1,29360.681,64065.1,67797.363,64116.5,147537.472
2026-07-24 14:00:00,64031.4,18282.036,64065.1,67797.363,64116.5,147537.472
2026-07-24 15:00:00,64065.1,15421.724,64065.1,67797.363,64116.5,147537.472
2026-07-24 16:00:00,63930.4,5378.185,64199.5,14675.634,64116.5,147537.472
2026-07-24 17:00:00,64154.9,3685.779,64199.5,14675.634,64116.5,147537.472
2026-07-24 18:00:00,64242.8,3081.464,64199.5,14675.634,64116.5,147537.472
2026-07-24 19:00:00,64199.5,2530.206,64199.5,14675.634,64116.5,147537.472
2026-07-24 20:00:00,64139.6,2090.567,64116.5,5951.659,64116.5,147537.472
2026-07-24 21:00:00,64112.2,1832.95,64116.5,5951.659,64116.5,147537.472
2026-07-24 22:00:00,64132.7,1039.951,64116.5,5951.659,64116.5,147537.472
2026-07-24 23:00:00,64116.5,988.191,64116.5,5951.659,64116.5,147537.472
2026-07-25 00:00:00,64049.6,6490.967,64052.9,11227.005,64338.1,46247.634
2026-07-25 01:00:00,64039.2,2142.025,64052.9,11227.005,64338.1,46247.634
2026-07-25 02:00:00,64010.5,1372.173,64052.9,11227.005,64338.1,46247.634
2026-07-25 03:00:00,64052.9,1221.84,64052.9,11227.005,64338.1,46247.634
2026-07-25 04:00:00,64146.9,1255.783,63972.9,5992.315,64338.1,46247.634
2026-07-25 05:00:00,63990.1,1755.924,63972.9,5992.315,64338.1,46247.634
2026-07-25 06:00:00,63982.9,1842.202,63972.9,5992.315,64338.1,46247.634
2026-07-25 07:00:00,63972.9,1138.406,63972.9,5992.315,64338.1,46247.634
2026-07-25 08:00:00,63844.3,3567.434,64031.3,8693.02,64338.1,46247.634
2026-07-25 09:00:00,63973.9,2160.102,64031.3,8693.02,64338.1,46247.634
2026-07-25 10:00:00,64039.6,1751.971,64031.3,8693.02,64338.1,46247.634
2026-07-25 11:00:00,64031.3,1213.513,64031.3,8693.02,64338.1,46247.634
2026-07-25 12:00:00,64088.2,1166.645,64150.0,7467.034,64338.1,46247.634
2026-07-25 13:00:00,64136.9,2768.49,64150.0,7467.034,64338.1,46247.634
2026-07-25 14:00:00,64177.7,1570.678,64150.0,7467.034,64338.1,46247.634
2026-07-25 15:00:00,64150.0,1961.221,64150.0,7467.034,64338.1,46247.634
2026-07-25 16:00:00,64180.9,1548.05,64359.6,8274.357,64338.1,46247.634
2026-07-25 17:00:00,64236.6,2620.615,64359.6,8274.357,64338.1,46247.634
2026-07-25 18:00:00,64391.4,2559.51,64359.6,8274.357,64338.1,46247.634
2026-07-25 19:00:00,64359.6,1546.182,64359.6,8274.357,64338.1,46247.634
2026-07-25 20:00:00,64303.9,1212.571,64338.1,4593.903,64338.1,46247.634
2026-07-25 21:00:00,64318.5,1521.137,64338.1,4593.903,64338.1,46247.634
2026-07-25 22:00:00,64377.6,868.254,64338.1,4593.903,64338.1,46247.634
2026-07-25 23:00:00,64338.1,991.941,64338.1,4593.903,64338.1,46247.634
2026-07-26 00:00:00,64482.6,1921.435,64450.0,3145.211,64450.0,3145.211
2026-07-26 01:00:00,64450.0,1223.776,64450.0,3145.211,64450.0,3145.211
