timestamp,open,high,low,close,volume,close_time,quote_volume,trades,taker_buy_base,taker_buy_quote,ignore
2026-05-24 14:00:00,76764.9,76811.0,76159.7,76428.2,12558.112,1779634799999,959902322.85,263291,5725.448,437692150.5562,0
2026-05-24 15:00:00,76428.1,76514.1,76317.8,76343.7,2743.36,1779638399999,209653593.7503,72670,1379.4,105425867.1809,0
2026-05-24 16:00:00,76343.8,76722.2,76343.7,76645.1,4555.406,1779641999999,348782701.3046,110038,2584.819,197906733.7099,0
2026-05-24 17:00:00,76645.1,76777.0,76531.8,76661.6,1846.578,1779645599999,141546637.3067,67758,1025.778,78638360.3663,0
2026-05-24 18:00:00,76661.6,76763.0,76554.1,76632.4,1585.016,1779649199999,121495541.9115,53434,769.683,59003168.8383,0
2026-05-24 19:00:00,76632.5,76753.3,76574.8,76738.5,1120.609,1779652799999,85916327.2202,43834,709.609,54401570.1511,0
2026-05-24 20:00:00,76738.5,76768.4,76567.2,76639.1,1796.01,1779656399999,137671072.6804,67825,839.651,64365412.5634,0
2026-05-24 21:00:00,76639.1,76718.2,76056.0,76106.0,6222.431,1779659999999,474423189.3291,134253,2574.637,196291201.3725,0
2026-05-24 22:00:00,76105.9,76983.8,76086.3,76771.2,8877.384,1779663599999,680916107.0896,247101,5034.543,386143160.4797,0
2026-05-24 23:00:00,76771.2,77193.4,76771.1,77030.3,3774.742,1779667199999,290674588.5255,136703,2181.745,168010171.3763,0
2026-05-25 00:00:00,77030.3,77253.9,77030.3,77120.0,3113.027,1779670799999,240135763.8118,124012,1499.213,115652565.5674,0
2026-05-25 01:00:00,77119.9,77213.2,76871.4,76905.6,3940.46,1779674399999,303688248.1915,112090,1853.879,142881701.7564,0
2026-05-25 02:00:00,76905.5,77450.6,76905.5,77064.1,5679.911,1779677999999,438580588.7625,137161,3258.259,251632671.2431,0
2026-05-25 03:00:00,77064.2,77127.7,76951.7,76989.0,1915.903,1779681599999,147603097.5871,68708,887.404,68370640.0372,0
2026-05-25 04:00:00,76989.0,77418.1,76950.0,77357.0,3207.912,1779685199999,247671365.6998,77710,1852.349,143022998.5685,0
2026-05-25 05:00:00,77357.1,77469.3,77285.7,77370.0,3238.872,1779688799999,250631381.492,81727,1663.176,128706352.398,0
2026-05-25 06:00:00,77369.9,77677.6,77182.4,77386.1,5357.844,1779692399999,414748943.8779,122220,3039.512,235360125.7122,0
2026-05-25 07:00:00,77386.1,77486.3,77135.8,77377.0,2779.619,1779695999999,214816326.9792,85621,1488.641,115044787.9472,0
2026-05-25 08:00:00,77376.9,77433.0,77241.7,77422.3,2571.397,1779699599999,198862907.6702,50889,1596.186,123448789.8997,0
2026-05-25 09:00:00,77422.3,77699.0,77383.0,77565.0,5700.73,1779703199999,442053759.3916,89271,3528.795,273628259.0115,0
2026-05-25 10:00:00,77565.1,77650.0,77448.4,77500.0,2914.677,1779706799999,225993883.2102,55272,1509.911,117070171.9847,0
2026-05-25 11:00:00,77500.0,77500.1,77281.1,77318.2,2454.081,1779710399999,189930533.6958,58745,1033.528,79996433.9423,0
2026-05-25 12:00:00,77318.2,77405.8,77244.8,77325.7,2554.033,1779713999999,197484600.3731,64908,1222.907,94566460.1533,0
2026-05-25 13:00:00,77325.7,77419.2,77244.8,77302.1,2190.977,1779717599999,169376543.0289,56727,915.33,70764615.7643,0
2026-05-25 14:00:00,77302.0,77743.4,77273.2,77676.4,5263.778,1779721199999,408248081.9429,112834,2927.414,227036533.4591,0
2026-05-25 15:00:00,77676.4,77887.9,77515.5,77587.2,5225.847,1779724799999,405944209.7332,125858,2567.494,199509567.727,0
2026-05-25 16:00:00,77587.2,77784.9,77471.5,77694.5,2952.467,1779728399999,229099256.7685,72667,1258.422,97656130.9633,0
2026-05-25 17:00:00,77694.5,77770.0,77511.1,77523.2,2774.683,1779731999999,215388908.1304,63289,1354.208,105132210.2018,0
2026-05-25 18:00:00,77523.3,77629.8,77502.9,77511.7,1224.041,1779735599999,94952627.1852,34484,612.196,47490943.0204,0
2026-05-25 19:00:00,77511.7,77515.8,77313.0,77403.3,2057.725,1779739199999,159297909.7312,57119,817.052,63251946.7249,0
2026-05-25 20:00:00,77403.4,77472.0,77172.0,77243.7,2621.954,1779742799999,202661246.5455,66164,1088.282,84135091.2414,0
2026-05-25 21:00:00,77243.7,77366.7,77240.5,77340.8,1674.347,1779746399999,129429026.3471,44382,887.525,68608224.0847,0
2026-05-25 22:00:00,77340.9,77430.0,77011.3,77084.7,3533.606,1779749999999,272738711.5041,109209,1766.285,136344727.6537,0
2026-05-25 23:00:00,77084.7,77338.0,77040.2,77281.5,1760.517,1779753599999,135980136.8019,59938,993.572,76742596.9465,0
2026-05-26 00:00:00,77281.5,77319.6,76532.1,76750.1,7837.287,1779757199999,602564402.6738,171397,3196.082,245695742.9969,0
2026-05-26 01:00:00,76750.1,76879.2,76550.0,76717.8,4014.825,1779760799999,307929798.542,124316,2101.83,161220409.8655,0
2026-05-26 02:00:00,76717.8,76790.0,76472.6,76630.7,3663.677,1779764399999,280772047.126,99720,1805.458,138366743.485,0
2026-05-26 03:00:00,76630.8,76685.0,76434.0,76629.0,2990.608,1779767999999,229011210.409,73380,1538.894,117856350.4692,0
2026-05-26 04:00:00,76629.0,76784.4,76569.8,76713.9,2832.751,1779771599999,217188543.3224,57468,1702.141,130506408.3747,0
2026-05-26 05:00:00,76713.9,76950.0,76668.2,76887.3,2859.933,1779775199999,219737384.8739,58061,1606.673,123451118.9808,0
2026-05-26 06:00:00,76887.4,77045.9,76735.2,76869.8,3362.296,1779778799999,258473352.2404,71578,1531.564,117756227.8809,0
2026-05-26 07:00:00,76869.9,76886.6,76556.9,76685.1,3492.107,1779782399999,267693200.8875,79328,1549.528,118773346.4003,0
2026-05-26 08:00:00,76685.0,76819.7,76652.4,76687.9,1834.031,1779785999999,140738705.4783,52882,851.969,65381385.8884,0
2026-05-26 09:00:00,76687.8,76779.2,76606.0,76641.0,2007.84,1779789599999,153942715.5299,56328,935.447,71727782.4472,0
2026-05-26 10:00:00,76640.9,77600.0,76543.8,77398.6,12291.589,1779793199999,949258570.2032,254860,6953.001,536888442.7174,0
2026-05-26 11:00:00,77398.7,77477.7,77136.2,77153.9,4704.8,1779796799999,363506043.5008,114202,1989.338,153698263.1245,0
2026-05-26 12:00:00,77153.8,77200.0,76847.8,77098.9,5875.831,1779800399999,452499281.2117,127325,2634.43,202862943.5054,0
2026-05-26 13:00:00,77098.9,77432.6,76641.7,77199.2,10219.396,1779803999999,786770277.1771,242824,4947.94,380974701.6718,0
2026-05-26 14:00:00,77199.2,78077.1,76682.3,76873.6,32872.397,1779807599999,2543044415.1981,562861,17196.874,1330573884.2148,0
2026-05-26 15:00:00,76873.6,76983.4,76234.7,76478.2,17760.011,1779811199999,1358892413.4715,371054,8031.342,614533156.0498,0
2026-05-26 16:00:00,76478.2,76678.7,76171.0,76534.6,8964.023,1779814799999,685357067.5026,218053,4521.241,345708831.0216,0
2026-05-26 17:00:00,76534.7,76624.9,75809.5,75909.6,15095.075,1779818399999,1147938698.0064,308821,7181.066,546128394.6787,0
2026-05-26 18:00:00,75909.6,76296.7,75711.0,75822.6,7810.546,1779821999999,593517407.8423,204142,4182.471,317936273.2136,0
2026-05-26 19:00:00,75822.6,76080.0,75782.0,76028.3,3462.471,1779825599999,262880489.0048,118249,1944.827,147656108.4174,0
2026-05-26 20:00:00,76028.4,76157.8,75960.2,76082.0,2352.054,1779829199999,178884624.4042,75354,1114.611,84772297.8611,0
2026-05-26 21:00:00,76081.9,76092.3,75822.6,75864.0,1938.109,1779832799999,147185775.5748,50842,810.957,61591934.4498,0
2026-05-26 22:00:00,75864.0,75975.6,75641.2,75729.6,4011.581,1779836399999,303899392.2082,106207,2053.932,155606789.1772,0
2026-05-26 23:00:00,75729.7,75962.0,75729.7,75905.5,2666.844,1779839999999,202370473.8968,66398,1416.691,107500103.3976,0
2026-05-27 00:00:00,75905.6,76069.0,75854.9,76055.3,3043.727,1779843599999,231188781.9364,80295,1729.917,131404533.0646,0
2026-05-27 01:00:00,76055.3,76083.9,75794.9,75846.6,2849.437,1779847199999,216323943.7146,83434,1260.499,95684831.7192,0
2026-05-27 02:00:00,75846.6,75868.1,75654.8,75850.9,2802.311,1779850799999,212275781.7046,85611,1468.0,111203044.0603,0
2026-05-27 03:00:00,75850.9,75940.0,75555.1,75635.6,3565.669,1779854399999,270084215.0833,88708,1574.667,119293798.0578,0
2026-05-27 04:00:00,75635.6,75680.1,75277.8,75542.9,8840.36,1779857999999,666929065.2664,144318,3879.927,292682648.9653,0
2026-05-27 05:00:00,75543.0,75708.6,75539.9,75676.4,3364.243,1779861599999,254405237.9225,80751,1856.843,140415673.0882,0
2026-05-27 06:00:00,75676.4,75864.4,75649.1,75800.0,2659.38,1779865199999,201453344.9317,72817,1413.207,107061243.1752,0
2026-05-27 07:00:00,75800.0,75940.0,75721.4,75935.0,3278.243,1779868799999,248684775.7431,69737,1761.124,133598590.2983,0
2026-05-27 08:00:00,75935.0,76038.0,75800.0,75838.4,3812.843,1779872399999,289514993.9655,75063,1811.898,137586093.2317,0
2026-05-27 09:00:00,75838.5,75943.7,75666.0,75875.6,3099.093,1779875999999,234901790.7848,73634,1530.856,116051189.1491,0
2026-05-27 10:00:00,75875.7,76010.2,75835.0,75863.7,2498.476,1779879599999,189654795.9275,62062,1128.542,85672520.2394,0
2026-05-27 11:00:00,75863.8,75992.2,75723.6,75737.9,2781.79,1779883199999,211016127.6003,68553,1284.57,97442982.7131,0
2026-05-27 12:00:00,75737.9,76155.5,75541.0,75655.0,8053.742,1779886799999,610595577.6011,201610,3791.935,287518551.5527,0
2026-05-27 13:00:00,75654.9,75735.6,74835.0,75054.3,20743.151,1779890399999,1558579129.7216,444355,10100.017,758606137.2379,0
2026-05-27 14:00:00,75054.3,75250.0,74735.7,75000.7,13749.777,1779893999999,1031232176.5369,330502,6488.053,486664613.1581,0
2026-05-27 15:00:00,75000.7,75485.9,74950.1,75300.0,8717.531,1779897599999,656065471.5899,226008,4660.979,350795202.1084,0
2026-05-27 16:00:00,75300.0,75382.6,74961.0,75273.9,5753.912,1779901199999,432330394.2764,150314,2917.603,219206949.4853,0
2026-05-27 17:00:00,75273.9,75316.8,74645.0,74838.2,8594.176,1779904799999,644187660.6164,206885,3833.593,287364247.5092,0
2026-05-27 18:00:00,74838.2,75007.9,74632.0,75000.0,4699.102,1779908399999,351700935.6885,142892,2280.981,170748150.2827,0
2026-05-27 19:00:00,75000.0,75077.6,74920.0,75039.9,3599.445,1779911999999,269988773.5675,89987,1620.087,121524825.7399,0
2026-05-27 20:00:00,75039.8,75391.0,75022.4,75237.6,3476.208,1779915599999,261520707.637,84388,1746.809,131408693.0193,0
2026-05-27 21:00:00,75237.6,75237.6,74300.1,74439.9,10168.63,1779919199999,758269333.5684,220408,3592.841,267928016.838,0
2026-05-27 22:00:00,74440.0,74742.7,74218.2,74390.0,8980.344,1779922799999,668716887.7998,231411,4218.307,314263548.2468,0
2026-05-27 23:00:00,74389.9,74545.8,74210.0,74418.1,5583.871,1779926399999,415162027.3602,135017,2930.327,217903590.9176,0
2026-05-28 00:00:00,74418.0,74555.5,74336.7,74541.6,3138.599,1779929999999,233757307.9182,106993,1681.381,125226194.3061,0
2026-05-28 01:00:00,74541.7,74565.3,74100.0,74313.0,5741.343,1779933599999,426534903.5439,172747,2436.175,181044425.9499,0
2026-05-28 02:00:00,74313.0,74373.6,74081.9,74256.6,3652.024,1779937199999,271087824.2217,111871,1848.057,137186745.8705,0
2026-05-28 03:00:00,74256.6,74355.6,73036.0,73224.5,31055.812,1779940799999,2283801703.8749,488866,13039.157,958577836.8211,0
2026-05-28 04:00:00,73224.4,73240.0,72667.9,73145.1,15398.619,1779944399999,1124083935.8922,324845,7312.374,533901342.7867,0
2026-05-28 05:00:00,73145.1,73145.1,72872.5,72959.9,5389.586,1779947999999,393347438.5859,132565,2734.378,199560467.1286,0
2026-05-28 06:00:00,72960.0,73182.2,72729.2,73170.9,7675.794,1779951599999,560229213.8787,135124,4156.249,303347883.2631,0
2026-05-28 07:00:00,73171.0,73485.0,73113.2,73467.0,6114.88,1779955199999,448213810.5688,123446,3657.701,268107320.3623,0
2026-05-28 08:00:00,73467.0,73474.8,73167.4,73294.0,3701.156,1779958799999,271295351.0321,97549,1753.403,128530443.4229,0
2026-05-28 09:00:00,73293.9,73535.7,73230.0,73514.1,3180.086,1779962399999,233468258.4658,79886,1693.166,124307684.627,0
2026-05-28 10:00:00,73514.0,73592.1,73316.5,73375.2,4263.274,1779965999999,313179175.3971,107122,1761.868,129424081.0659,0
2026-05-28 11:00:00,73375.3,73510.0,73280.7,73479.1,2762.54,1779969599999,202732231.9739,94824,1333.762,97885203.0034,0
2026-05-28 12:00:00,73479.0,73555.0,73221.6,73496.5,4128.714,1779973199999,303104478.6108,116070,1955.284,143549879.8753,0
2026-05-28 13:00:00,73496.4,73549.9,72739.2,72988.5,13507.443,1779976799999,986093938.1026,277783,6626.813,483718201.9131,0
2026-05-28 14:00:00,72988.5,73557.3,72556.0,72997.5,27209.387,1779980399999,1986551417.1825,512136,15034.096,1097848835.7123,0
2026-05-28 15:00:00,72997.4,73155.4,72662.2,72899.1,6242.022,1779983999999,455002164.626,191292,2959.387,215751169.3728,0
2026-05-28 16:00:00,72899.0,73415.0,72704.0,73415.0,7672.331,1779987599999,561254532.8447,202304,4079.937,298469645.2238,0
2026-05-28 17:00:00,73414.9,73722.5,73280.0,73518.2,7308.713,1779991199999,537027718.3392,158809,3971.366,291846189.229,0
2026-05-28 18:00:00,73518.2,73723.0,73474.9,73626.4,3740.6,1779994799999,275327902.2956,102204,1750.008,128809139.7436,0
2026-05-28 19:00:00,73626.4,73626.5,73336.0,73393.5,3831.301,1779998399999,281390103.9361,97046,1558.263,114448921.2472,0
2026-05-28 20:00:00,73393.4,73698.6,73212.3,73553.5,4473.723,1780001999999,328798970.6956,104696,2142.906,157489971.6921,0
2026-05-28 21:00:00,73553.5,73900.0,73535.0,73796.3,3755.034,1780005599999,276940400.8159,85088,2420.608,178525888.1101,0
2026-05-28 22:00:00,73796.3,73932.2,73423.4,73448.7,3684.541,1780009199999,271333916.5776,86293,1786.111,131556782.6407,0
2026-05-28 23:00:00,73448.7,73695.0,73448.7,73591.4,1818.155,1780012799999,133757010.7756,53040,992.52,73012989.092,0
2026-05-29 00:00:00,73591.4,73834.6,73591.4,73693.8,2940.584,1780016399999,216835643.9885,95929,1418.794,104613647.9249,0
2026-05-29 01:00:00,73693.9,73844.0,73430.5,73558.5,3074.38,1780019999999,226306501.1234,97791,1549.052,114041706.0837,0
2026-05-29 02:00:00,73558.5,73616.9,73158.8,73201.9,3531.777,1780023599999,259131301.1541,101384,1265.499,92868239.0921,0
2026-05-29 03:00:00,73201.9,73434.2,73201.9,73269.2,2273.527,1780027199999,166701737.3488,69814,1137.764,83424723.7858,0
2026-05-29 04:00:00,73269.1,73485.7,73171.8,73466.4,2687.266,1780030799999,197008900.034,73253,1496.197,109710866.3114,0
2026-05-29 05:00:00,73466.3,73682.3,73459.1,73663.0,2586.277,1780034399999,190247922.6226,77703,1500.357,110376842.9356,0
2026-05-29 06:00:00,73663.0,73908.6,73599.6,73752.5,3791.082,1780037999999,279518815.1038,83812,2041.881,150555929.6426,0
2026-05-29 07:00:00,73752.5,73797.3,73333.0,73488.0,6589.026,1780041599999,484350064.7773,107709,3100.559,227884486.2447,0
2026-05-29 08:00:00,73488.1,73799.8,73480.1,73625.2,3720.672,1780045199999,274202239.4576,94355,1835.168,135243507.7731,0
2026-05-29 09:00:00,73625.1,73866.8,73615.0,73707.8,3377.656,1780048799999,249224093.2113,70621,1809.415,133512892.7142,0
2026-05-29 10:00:00,73707.8,73709.3,73556.1,73601.9,2012.414,1780052399999,148175051.2892,54808,980.194,72170498.767,0
2026-05-29 11:00:00,73601.9,73662.3,73305.1,73447.6,2660.912,1780055999999,195517682.9691,71058,1113.951,81857737.9411,0
2026-05-29 12:00:00,73447.5,73447.5,73166.0,73260.0,4671.173,1780059599999,342334319.8081,107220,2079.186,152391669.9296,0
2026-05-29 13:00:00,73260.1,73320.0,72866.0,73114.6,10431.33,1780063199999,762414903.467,254442,5140.399,375724059.36,0
2026-05-29 14:00:00,73114.6,73206.8,72436.0,73065.8,17958.003,1780066799999,1307495683.0993,403921,8678.865,632123576.2853,0
2026-05-29 15:00:00,73065.8,74177.0,72970.1,73775.4,26414.41,1780070399999,1947563003.9268,499075,13120.804,967391977.5506,0
2026-05-29 16:00:00,73775.4,74124.0,73528.5,74022.0,10671.356,1780073999999,788352114.5876,248874,5619.221,415157712.0035,0
2026-05-29 17:00:00,74022.1,74293.1,73876.1,73954.3,9236.416,1780077599999,684821990.8181,206256,4434.584,328822718.9839,0
2026-05-29 18:00:00,73954.7,74040.3,73057.8,73343.0,11357.399,1780081199999,835601209.1884,212564,4298.232,316323725.9594,0
2026-05-29 19:00:00,73342.9,73693.6,73207.3,73489.0,5063.897,1780084799999,371979183.6394,139779,2810.77,206484064.4198,0
2026-05-29 20:00:00,73489.0,73735.2,73474.2,73644.9,2733.462,1780088399999,201294350.3517,73189,1428.277,105171732.9719,0
2026-05-29 21:00:00,73644.9,73829.2,73369.9,73385.3,2960.778,1780091999999,217802379.9396,69261,1126.958,82917210.3927,0
2026-05-29 22:00:00,73385.2,73537.6,73344.6,73446.5,2819.48,1780095599999,207041712.8019,59011,1444.594,106068682.1402,0
2026-05-29 23:00:00,73446.5,73478.3,73279.3,73428.2,2593.905,1780099199999,190318458.6347,58770,1303.56,95644450.7047,0
2026-05-30 00:00:00,73428.2,73545.3,73367.3,73463.3,2044.48,1780102799999,150207890.6687,55727,1031.035,75750214.3152,0
2026-05-30 01:00:00,73463.3,73625.9,73430.9,73623.6,1904.226,1780106399999,140083688.1357,51024,1046.005,76942879.8012,0
2026-05-30 02:00:00,73623.6,73747.6,73575.0,73747.4,1656.896,1780109999999,122056960.5389,42307,902.045,66454251.3608,0
2026-05-30 03:00:00,73747.4,73757.9,73485.0,73492.4,2342.889,1780113599999,172482545.0306,51623,958.582,70555805.5104,0
2026-05-30 04:00:00,73492.4,73549.7,73130.1,73365.9,5392.981,1780117199999,395397299.8801,104269,2649.183,194241263.6473,0
2026-05-30 05:00:00,73365.9,73671.2,73309.4,73567.5,3787.971,1780120799999,278406626.7599,68152,2716.201,199629864.5784,0
2026-05-30 06:00:00,73567.5,73685.0,73492.0,73550.7,1817.693,1780124399999,133736830.8678,48408,872.04,64166273.9872,0
2026-05-30 07:00:00,73550.7,73555.0,73448.4,73513.9,1146.127,1780127999999,84240935.8696,32704,489.838,36003346.9727,0
2026-05-30 08:00:00,73514.0,73527.7,73471.0,73491.6,936.345,1780131599999,68820341.7261,24597,489.951,36010483.4765,0
2026-05-30 09:00:00,73491.7,73590.3,73470.5,73576.8,1025.741,1780135199999,75421240.6145,26301,639.889,47051248.2116,0
2026-05-30 10:00:00,73576.8,73648.0,73558.0,73615.4,1539.798,1780138799999,113338178.6433,35179,699.984,51523000.6669,0
2026-05-30 11:00:00,73615.4,73619.8,73529.1,73567.9,983.089,1780142399999,72329456.9246,27514,455.169,33488616.5091,0
2026-05-30 12:00:00,73568.0,73697.2,73556.4,73661.5,1208.698,1780145999999,88991550.9141,29868,641.868,47258234.9382,0
2026-05-30 13:00:00,73661.5,73814.2,73638.2,73805.0,3299.249,1780149599999,243294252.624,56728,2009.124,148164334.0653,0
2026-05-30 14:00:00,73804.9,74078.6,73783.5,73901.0,6239.784,1780153199999,461417243.9018,117376,3698.067,273455907.1684,0
2026-05-30 15:00:00,73901.0,74011.2,73803.1,73888.0,2752.922,1780156799999,203401947.5188,64438,1451.163,107225516.5686,0
2026-05-30 16:00:00,73888.0,73949.4,73844.3,73899.9,1681.044,1780160399999,124231395.5059,38852,992.325,73336698.2535,0
2026-05-30 17:00:00,73900.0,73989.9,73772.5,73982.0,2549.851,1780163999999,188417502.8376,53828,1288.745,95235859.2183,0
2026-05-30 18:00:00,73982.0,74108.8,73899.0,74007.5,2577.946,1780167599999,190792492.6907,53881,1329.92,98436811.6626,0
2026-05-30 19:00:00,74007.5,74045.0,73934.9,73980.1,1515.724,1780171199999,112155378.7467,31307,575.319,42568423.5281,0
2026-05-30 20:00:00,73980.0,73986.2,73888.5,73944.5,1402.262,1780174799999,103658924.6602,32194,694.926,51369710.6467,0
2026-05-30 21:00:00,73944.4,74028.3,73888.1,73954.8,1396.51,1780178399999,103266628.3179,33491,747.436,55269218.9767,0
2026-05-30 22:00:00,73954.8,73954.8,73755.6,73849.8,1581.454,1780181999999,116765067.6857,47586,726.369,53625828.6652,0
2026-05-30 23:00:00,73849.8,73971.5,73750.0,73856.8,1760.006,1780185599999,129984221.4948,43001,906.112,66907266.0404,0
2026-05-31 00:00:00,73856.9,74013.8,73821.4,74003.7,1656.714,1780189199999,122475604.8104,47729,933.072,68976523.7769,0
2026-05-31 01:00:00,74003.7,74250.0,73991.1,74021.1,3923.269,1780192799999,290804096.057,88209,2136.305,158364831.8218,0
2026-05-31 02:00:00,74021.2,74211.4,73839.0,74060.9,3386.507,1780196399999,250614973.0122,88774,1352.168,100085865.6017,0
2026-05-31 03:00:00,74061.0,74200.0,74030.7,74107.6,1568.561,1780199999999,116261643.043,47478,825.286,61170973.7765,0
2026-05-31 04:00:00,74107.5,74194.6,74061.8,74144.3,1527.358,1780203599999,113245181.7091,37190,613.427,45481513.3657,0
2026-05-31 05:00:00,74144.3,74180.1,74018.1,74027.9,1185.69,1780207199999,87858156.1087,35009,522.035,38683656.7048,0
2026-05-31 06:00:00,74027.8,74077.5,73958.1,74020.0,1375.184,1780210799999,101768563.4946,32866,738.725,54668861.8969,0
2026-05-31 07:00:00,74020.1,74020.1,73793.2,73833.3,2630.692,1780214399999,194356395.1604,53905,1186.508,87656423.8927,0
2026-05-31 08:00:00,73833.2,73952.9,73816.8,73913.4,2101.272,1780217999999,155251261.7594,43717,1099.196,81209696.9252,0
2026-05-31 09:00:00,73913.4,73998.9,73779.8,73814.5,1278.977,1780221599999,94511767.0568,37984,651.991,48188165.6548,0
2026-05-31 10:00:00,73814.6,73875.6,73701.0,73871.5,1881.903,1780225199999,138852820.839,48238,849.208,62666491.283,0
2026-05-31 11:00:00,73871.5,73949.0,73868.4,73913.6,1037.673,1780228799999,76687507.5072,30495,487.11,35998355.3164,0
2026-05-31 12:00:00,73913.6,73975.1,73841.6,73892.1,1075.096,1780232399999,79461827.1843,37913,627.602,46388567.5248,0
2026-05-31 13:00:00,73892.2,73997.8,73770.1,73841.0,1208.222,1780235999999,89265216.231,37774,518.464,38309840.5335,0
2026-05-31 14:00:00,73841.0,73841.1,73388.0,73570.3,10243.792,1780239599999,753924936.9176,174160,4548.084,334726525.6705,0
2026-05-31 15:00:00,73570.2,73745.6,73550.2,73613.5,1798.301,1780243199999,132422068.7348,54158,977.616,71991467.9769,0
2026-05-31 16:00:00,73613.4,73697.3,73340.7,73499.9,3882.979,1780246799999,285321035.5889,93922,1653.081,121479145.4394,0
2026-05-31 17:00:00,73500.0,73704.0,73431.3,73681.3,1743.969,1780250399999,128316052.1582,45560,984.14,72413591.6941,0
2026-05-31 18:00:00,73681.3,73681.3,73540.2,73573.8,1074.422,1780253999999,79088155.416,35134,496.746,36565495.9403,0
2026-05-31 19:00:00,73573.7,73623.4,73417.2,73521.9,1267.919,1780257599999,93208825.5074,38743,643.819,47328797.1194,0
2026-05-31 20:00:00,73521.9,73732.7,73521.9,73710.9,1887.159,1780261199999,138995694.5822,42318,1225.264,90243501.2472,0
2026-05-31 21:00:00,73710.9,73897.6,73590.2,73860.6,2408.604,1780264799999,177687668.2501,73175,1372.952,101288509.4825,0
2026-05-31 22:00:00,73860.5,73975.0,73645.6,73918.5,2766.503,1780268399999,204326478.832,92390,1456.87,107601832.6331,0
2026-05-31 23:00:00,73918.6,74179.9,73470.8,73653.2,5330.693,1780271999999,393452281.024,124355,2804.421,207036349.2946,0
2026-06-01 00:00:00,73653.2,74070.5,73620.0,73855.0,3770.449,1780275599999,278527121.62,131490,1762.599,130196702.5203,0
2026-06-01 01:00:00,73854.9,73890.0,73235.0,73257.8,5614.578,1780279199999,412680323.5334,145739,2450.624,180171490.5539,0
2026-06-01 02:00:00,73257.9,73865.0,73171.0,73766.3,5651.739,1780282799999,415871722.0437,148069,2948.031,216874090.5991,0
2026-06-01 03:00:00,73766.2,73998.8,73692.9,73731.3,3361.378,1780286399999,248323912.614,105962,1663.81,122915109.1204,0
2026-06-01 04:00:00,73731.4,73815.9,73307.7,73497.6,4968.162,1780289999999,365061297.5895,113302,2610.583,191834775.9019,0
2026-06-01 05:00:00,73497.5,73507.9,73283.5,73319.5,2267.135,1780293599999,166392650.7509,66383,1042.534,76520084.5153,0
2026-06-01 06:00:00,73319.5,73339.3,72917.0,73106.6,7954.82,1780297199999,581518084.5289,165137,3448.024,252100770.4173,0
2026-06-01 07:00:00,73106.6,73177.8,72668.0,72776.1,6817.045,1780300799999,497030085.6461,189650,3305.716,241059386.5508,0
2026-06-01 08:00:00,72776.1,72907.8,72573.5,72875.7,6995.32,1780304399999,508924645.3589,147754,3060.236,222688486.753,0
2026-06-01 09:00:00,72875.8,73084.0,72801.1,72855.2,5876.471,1780307999999,428614553.8763,117785,3104.936,226477626.3898,0
2026-06-01 10:00:00,72855.2,72878.1,72551.0,72725.9,4945.966,1780311599999,359592726.1732,110542,2307.099,167733288.1357,0
2026-06-01 11:00:00,72725.9,72742.0,72188.0,72452.8,9571.993,1780315199999,693481982.2174,156511,3627.529,262886054.7237,0
2026-06-01 12:00:00,72452.7,72583.7,71862.6,72193.1,22210.026,1780318799999,1602470919.0694,369433,11769.398,849209153.7427,0
2026-06-01 13:00:00,72193.2,72288.0,71350.0,71698.7,32500.86,1780322399999,2332725889.8824,586376,17226.136,1236697774.9801,0
2026-06-01 14:00:00,71698.8,71884.9,71387.6,71548.5,14314.072,1780325999999,1024875736.3956,349802,7049.97,504837476.7427,0
2026-06-01 15:00:00,71548.5,71662.6,71035.3,71099.4,17524.364,1780329599999,1248976368.8118,306537,8428.233,600737875.3138,0
2026-06-01 16:00:00,71099.5,71600.0,70650.9,71537.7,20585.239,1780333199999,1462781195.2357,343251,10468.728,744210295.9775,0
2026-06-01 17:00:00,71537.7,71788.5,71438.9,71617.9,9208.61,1780336799999,659315068.4924,221651,4523.965,323963299.145,0
2026-06-01 18:00:00,71617.5,71670.7,71350.1,71470.1,5092.421,1780340399999,364005272.2927,126728,2204.867,157595515.9787,0
2026-06-01 19:00:00,71470.1,71645.2,71358.0,71571.0,3402.005,1780343999999,243269445.3269,105224,1855.307,132667752.2899,0
2026-06-01 20:00:00,71571.0,71670.0,71383.8,71419.8,2339.282,1780347599999,167331287.3924,69548,1106.686,79168616.8687,0
2026-06-01 21:00:00,71419.7,71419.8,70911.0,71004.6,6654.354,1780351199999,473290847.5968,128572,3005.169,213714546.932,0
2026-06-01 22:00:00,71004.6,71439.5,70806.0,71376.6,7396.047,1780354799999,526166103.3284,143780,3812.912,271291465.7293,0
2026-06-01 23:00:00,71376.7,71564.0,71199.0,71391.5,4448.792,1780358399999,317645488.5957,109146,2207.488,157616362.437,0
2026-06-02 00:00:00,71391.5,71397.0,71071.5,71266.6,3758.49,1780361999999,267709316.902,124308,1938.386,138058355.4022,0
2026-06-02 01:00:00,71266.5,71357.2,70555.7,70615.2,8460.939,1780365599999,600158061.0485,216260,3673.172,260694654.3138,0
2026-06-02 02:00:00,70612.2,70855.9,70038.0,70820.0,18148.055,1780369199999,1278819273.3187,386115,8542.901,602322038.8541,0
2026-06-02 03:00:00,70820.0,71022.4,70768.5,70920.7,4366.617,1780372799999,309683239.7857,125643,2543.81,180414501.9904,0
2026-06-02 04:00:00,70920.8,71022.7,70690.1,70782.3,4111.213,1780376399999,291363615.0675,113246,1981.066,140409686.5536,0
2026-06-02 05:00:00,70782.3,70820.8,70222.2,70235.1,9508.479,1780379999999,670374088.1913,208102,3953.11,278740200.331,0
2026-06-02 06:00:00,70235.1,70414.9,69889.1,70076.7,12658.956,1780383599999,888273006.504,273983,6174.77,433429269.6897,0
2026-06-02 07:00:00,70076.6,70249.6,69666.8,70079.4,12331.391,1780387199999,862847247.2424,274940,6008.106,420504844.5064,0
2026-06-02 08:00:00,70079.5,70146.2,69677.6,69794.4,6528.391,1780390799999,456282639.5474,182754,3142.116,219637084.4117,0
2026-06-02 09:00:00,69794.4,69820.4,69277.8,69393.2,13831.28,1780394399999,961130353.3087,298220,6395.559,444470331.6825,0
2026-06-02 10:00:00,69393.1,69732.2,69316.5,69620.8,7571.511,1780397999999,526605757.5893,175229,4322.666,300610558.6195,0
2026-06-02 11:00:00,69620.9,69635.0,69364.1,69430.2,3599.617,1780401599999,250103841.2585,107050,1848.773,128447245.8762,0
2026-06-02 12:00:00,69430.2,69514.6,68955.0,68985.5,12233.401,1780405199999,846548104.6143,256951,5578.141,386055738.3431,0
2026-06-02 13:00:00,68985.4,69171.0,68736.0,68788.9,18381.657,1780408799999,1267276580.2701,391766,9248.485,637903396.969,0
2026-06-02 14:00:00,68788.9,68818.4,67573.5,67990.0,44046.045,1780412399999,3002662329.1442,756010,20541.304,1400312208.8956,0
2026-06-02 15:00:00,67989.9,68075.0,67035.5,67274.0,32842.651,1780415999999,2215061801.9325,637529,15707.188,1059387540.1444,0
2026-06-02 16:00:00,67274.0,68121.9,67196.2,67393.0,26315.425,1780419599999,1781928685.9552,415015,12235.799,828517080.3986,0
2026-06-02 17:00:00,67393.1,67821.9,67345.0,67466.0,9351.26,1780423199999,631686513.2123,218335,5171.607,349373484.9832,0
2026-06-02 18:00:00,67466.0,67641.6,67088.0,67315.5,7382.764,1780426799999,497139014.7223,185509,3652.757,246015398.8057,0
2026-06-02 19:00:00,67315.5,67474.2,66388.0,67286.7,27447.846,1780430399999,1835885920.6088,418401,12263.208,820647217.872,0
2026-06-02 20:00:00,67286.7,67687.4,66880.1,67556.0,12855.437,1780433999999,864883471.9048,290067,7330.756,493330497.2084,0
2026-06-02 21:00:00,67556.0,67899.9,67373.5,67532.1,8980.536,1780437599999,607611075.4277,179691,5180.206,350500854.1818,0
2026-06-02 22:00:00,67532.1,67532.1,66210.0,66354.2,21317.088,1780441199999,1424040153.6565,455990,9207.747,615360258.7701,0
2026-06-02 23:00:00,66354.3,66844.8,66150.7,66730.0,20673.103,1780444799999,1374431078.1151,436242,9562.842,635899759.3874,0
2026-06-03 00:00:00,66730.1,67195.7,66620.4,66900.2,14643.212,1780448399999,979392654.8544,257007,7155.877,478781664.2913,0
2026-06-03 01:00:00,66900.3,67010.0,66442.0,66890.8,10585.483,1780451999999,706602630.5843,195137,4655.863,310951834.3324,0
2026-06-03 02:00:00,66890.8,66913.0,66547.4,66588.0,4630.414,1780455599999,308944751.5664,154741,2342.913,156326284.6902,0
2026-06-03 03:00:00,66588.0,66635.0,65359.1,65818.4,29211.393,1780459199999,1926841934.4177,482763,13323.945,878548376.9495,0
2026-06-03 04:00:00,65818.3,66594.7,65791.4,66439.2,13975.579,1780462799999,927192966.1801,284360,6419.488,425782598.9753,0
2026-06-03 05:00:00,66439.1,67380.0,66439.1,67290.2,22670.597,1780466399999,1520126027.3075,365837,13377.36,897003171.6583,0
2026-06-03 06:00:00,67290.2,67493.8,66913.1,66949.3,10542.247,1780469999999,708756155.7504,232917,5055.568,340061842.6962,0
2026-06-03 07:00:00,66949.4,67299.9,66828.5,67186.7,6907.108,1780473599999,463634062.3034,160170,4018.986,269823581.992,0
2026-06-03 08:00:00,67186.7,67226.7,66933.6,66987.7,7143.703,1780477199999,479029983.3025,150490,3792.095,254291130.0536,0
2026-06-03 09:00:00,66987.7,67313.9,66620.0,67040.9,18551.588,1780480799999,1241475963.1443,212871,8099.258,542051432.2305,0
2026-06-03 10:00:00,67041.0,67448.0,67032.6,67260.0,6922.156,1780484399999,465576675.7025,152176,3682.773,247714208.0079,0
2026-06-03 11:00:00,67260.0,67340.0,67026.6,67040.1,3936.714,1780487999999,264394901.6912,104470,1648.646,110754613.2707,0
2026-06-03 12:00:00,67040.1,67142.1,66760.0,67050.8,8318.896,1780491599999,557131625.6247,196868,4188.492,280458698.0448,0
2026-06-03 13:00:00,67050.7,67220.2,66605.1,66884.8,10450.216,1780495199999,698994482.1519,382240,5505.07,368227741.008,0
2026-06-03 14:00:00,66884.8,66975.0,66611.9,66840.9,7494.408,1780498799999,500443797.3553,337863,3707.258,247556215.571,0
2026-06-03 15:00:00,66841.0,66880.0,66036.2,66046.5,19094.974,1780502399999,1267238034.5869,422668,7932.321,526694387.3834,0
2026-06-03 16:00:00,66046.6,66359.4,65508.3,66037.4,24860.392,1780505999999,1637332194.5742,574460,10518.599,693100253.3923,0
2026-06-03 17:00:00,66037.4,66159.0,65674.9,65934.0,9175.749,1780509599999,604879015.9501,265334,4765.091,314145071.3005,0
2026-06-03 18:00:00,65934.0,66141.7,65711.4,66006.6,5382.664,1780513199999,354917068.2781,189943,2802.064,184792384.6226,0
2026-06-03 19:00:00,66006.5,66030.7,65199.0,65428.6,13312.575,1780516799999,872582185.2717,263333,5757.129,377384610.9815,0
2026-06-03 20:00:00,65428.5,65581.6,64711.1,64971.7,18176.176,1780520399999,1183911020.1445,379287,8085.894,526842410.927,0
2026-06-03 21:00:00,64971.8,65829.4,64919.1,65738.6,12497.286,1780523999999,818199645.6348,281097,7063.877,462468205.1314,0
2026-06-03 22:00:00,65738.6,65814.2,64733.9,64882.1,13287.809,1780527599999,865571144.7724,444993,6375.417,415351698.237,0
2026-06-03 23:00:00,64882.1,64957.7,64050.8,64117.7,19130.199,1780531199999,1232612476.898,475900,8940.0,576137299.2141,0
2026-06-04 00:00:00,64117.7,64412.9,62911.9,63314.4,32017.216,1780534799999,2036239441.3109,761001,14380.535,914756964.8155,0
2026-06-04 01:00:00,63314.5,63478.5,62066.6,62140.3,33187.939,1780538399999,2081940855.7049,907910,15359.073,963869698.0068,0
2026-06-04 02:00:00,62140.4,63598.7,61344.8,63198.4,48264.122,1780541999999,3018153012.0072,940839,23837.297,1492372535.3975,0
2026-06-04 03:00:00,63198.4,64495.9,63186.7,64336.2,25029.44,1780545599999,1603519418.3044,487117,12725.143,814845362.8909,0
2026-06-04 04:00:00,64336.2,64739.8,64233.0,64364.0,12138.136,1780549199999,782400923.4185,309661,6161.41,397198845.3286,0
2026-06-04 05:00:00,64363.9,64363.9,63607.4,63927.6,15516.364,1780552799999,992467994.1653,408730,7529.932,481648592.0546,0
2026-06-04 06:00:00,63927.6,64480.0,63858.6,64007.2,7456.889,1780556399999,478714016.2511,246167,3807.432,244437430.3275,0
2026-06-04 07:00:00,64007.4,64041.8,63450.0,63561.7,13651.696,1780559999999,869492357.6345,292973,6407.44,408102915.415,0
2026-06-04 08:00:00,63561.8,63875.9,63201.1,63595.5,12293.7,1780563599999,780465116.3859,389636,6183.679,392606077.5609,0
2026-06-04 09:00:00,63595.5,63616.3,62666.0,63237.4,19123.543,1780567199999,1205385702.1487,511214,8672.668,546603378.4052,0
2026-06-04 10:00:00,63237.5,63250.0,62256.0,62391.6,29859.942,1780570799999,1868383255.3267,526941,14915.29,932899424.7909,0
2026-06-04 11:00:00,62391.6,62800.0,62150.8,62520.7,21741.816,1780574399999,1357348989.2137,415886,12087.375,754701856.6371,0
2026-06-04 12:00:00,62520.7,63947.8,62344.1,63738.1,25027.312,1780577999999,1582916738.4003,657650,13830.642,874961605.746,0
2026-06-04 13:00:00,63738.2,64223.1,63038.0,64202.7,28666.685,1780581599999,1825835575.4746,779467,14386.994,916502260.9791,0
2026-06-04 14:00:00,64202.7,64463.7,63733.0,63923.9,16138.466,1780585199999,1034817999.6884,492745,7781.193,499182716.4371,0
2026-06-04 15:00:00,63923.8,64380.0,63650.0,63864.8,13018.872,1780588799999,833045112.8279,372507,6794.884,434898755.8346,0
2026-06-04 16:00:00,63864.8,63898.9,63412.9,63529.4,8547.533,1780592399999,544075800.2193,323657,4097.186,260817431.3506,0
2026-06-04 17:00:00,63529.4,63698.7,62910.0,63511.2,14376.367,1780595999999,909765168.0589,381586,7311.544,462930940.2765,0
2026-06-04 18:00:00,63511.1,64091.7,63117.6,63791.1,15695.29,1780599599999,1000531227.5434,354874,8580.022,547078007.0246,0
2026-06-04 19:00:00,63791.2,64150.8,63508.6,63600.3,9010.124,1780603199999,574887535.4631,300610,4521.419,288638154.0443,0
2026-06-04 20:00:00,63600.2,63628.0,63140.8,63600.8,10580.497,1780606799999,670664748.352,282935,4037.453,255949378.3683,0
2026-06-04 21:00:00,63600.8,63847.9,63040.0,63250.2,6186.469,1780610399999,392672584.2927,192092,2707.237,171898014.1771,0
2026-06-04 22:00:00,63250.1,63740.2,63150.7,63702.2,6948.656,1780613999999,440434299.9302,356020,4065.904,257733777.2388,0
2026-06-04 23:00:00,63702.3,63897.0,63335.1,63853.4,6697.537,1780617599999,426492531.6164,182367,3134.695,199635214.9942,0
2026-06-05 00:00:00,63853.4,63955.0,63366.0,63398.3,6077.139,1780621199999,387172358.2509,234703,3188.581,203184334.1145,0
2026-06-05 01:00:00,63398.3,63547.5,63011.0,63347.0,8705.901,1780624799999,550669257.8461,297080,4065.133,257173996.0278,0
2026-06-05 02:00:00,63347.0,63416.9,62552.2,62585.5,12937.021,1780628399999,813198081.8589,355052,6093.754,382960200.1134,0
2026-06-05 03:00:00,62585.6,62861.0,62300.0,62699.7,11767.388,1780631999999,736095735.0269,316656,5916.78,370279116.2641,0
2026-06-05 04:00:00,62700.0,63629.9,62456.0,63588.9,12198.337,1780635599999,769244506.8886,326094,7045.802,444571120.1016,0
2026-06-05 05:00:00,63589.0,63674.9,62229.6,62294.4,17219.625,1780639199999,1083905845.5951,434641,7153.194,450614971.2107,0
2026-06-05 06:00:00,62294.1,62614.2,61067.6,61916.8,43244.607,1780642799999,2674682191.3625,1175156,20608.759,1274948896.949,0
2026-06-05 07:00:00,61916.7,63084.4,61330.5,63075.6,22919.441,1780646399999,1427586620.8476,717829,12418.028,773580508.512,0
2026-06-05 08:00:00,63075.5,63088.0,62234.3,62429.9,11546.341,1780649999999,723597446.9359,371960,4834.886,303025377.0176,0
2026-06-05 09:00:00,62429.9,63231.8,62405.1,62832.5,10276.57,1780653599999,646267161.9781,323777,5677.522,357045451.2162,0
2026-06-05 10:00:00,62832.4,62910.5,62342.1,62510.1,6267.222,1780657199999,392121899.9258,214869,3074.511,192347886.4617,0
2026-06-05 11:00:00,62510.0,62621.9,61928.3,61929.5,9661.694,1780660799999,601338900.0449,292278,4405.578,274163826.2169,0
2026-06-05 12:00:00,61929.6,62437.5,61578.4,61939.7,18065.956,1780664399999,1119603697.2292,557651,8904.804,551905449.0904,0
2026-06-05 13:00:00,61939.7,62310.0,60690.8,60700.4,26689.674,1780667999999,1641681219.7804,725147,12208.231,751594969.9843,0
2026-06-05 14:00:00,60700.4,61217.8,60300.0,60832.7,38987.144,1780671599999,2367593640.8265,928855,18791.448,1141742465.534,0
2026-06-05 15:00:00,60832.6,61105.6,60005.8,60400.8,31939.718,1780675199999,1931837401.6024,709182,15800.599,955933434.7916,0
2026-06-05 16:00:00,60400.8,61550.0,59739.1,61358.1,58804.844,1780678799999,3564573616.6766,1074979,28520.806,1729764611.2873,0
2026-06-05 17:00:00,61358.1,61487.9,60621.2,60786.5,12594.401,1780682399999,767662147.5806,426466,5804.464,353776993.7404,0
2026-06-05 18:00:00,60786.5,60933.0,59105.4,59362.2,32030.644,1780685999999,1916837407.3234,743208,13997.817,838272887.7282,0
2026-06-05 19:00:00,59362.1,60435.2,59080.0,60267.7,23692.266,1780689599999,1414129739.6003,759107,11592.007,692099963.0611,0
2026-06-05 20:00:00,60267.4,61800.0,59903.8,61586.2,22351.565,1780693199999,1363031334.7648,656520,12714.351,775639860.7157,0
2026-06-05 21:00:00,61586.1,61985.1,61400.0,61639.5,12170.417,1780696799999,751043822.1766,353731,5934.225,366253690.613,0
2026-06-05 22:00:00,61639.4,61942.4,61169.1,61556.6,13850.543,1780700399999,852679759.9768,586781,6856.64,422131553.1436,0
2026-06-05 23:00:00,61556.7,61745.0,60458.0,61022.0,14163.427,1780703999999,864825015.8255,419840,6999.776,427444401.7788,0
2026-06-06 00:00:00,61022.0,61500.0,61012.0,61238.4,7564.048,1780707599999,463466411.0684,257304,3432.447,210286701.4231,0
2026-06-06 01:00:00,61238.4,61349.7,60912.3,61025.6,4623.78,1780711199999,282585183.9097,187547,2075.148,126847043.3595,0
2026-06-06 02:00:00,61025.6,61164.5,60642.4,60918.4,5765.277,1780714799999,351039289.7308,232352,2523.679,153706269.1913,0
2026-06-06 03:00:00,60918.3,60940.5,60490.0,60662.6,5489.751,1780718399999,333177129.4117,220641,2614.782,158719705.0872,0
2026-06-06 04:00:00,60662.6,60847.5,59451.3,60068.4,22031.624,1780721999999,1321482393.6065,672438,10754.092,645086837.0607,0
2026-06-06 05:00:00,60068.5,61070.2,59578.8,60918.9,20702.862,1780725599999,1252440633.157,609792,11424.14,691248979.1993,0
2026-06-06 06:00:00,60919.0,61250.0,60644.5,60771.8,11698.016,1780729199999,713581104.2627,375851,5536.85,337848567.4566,0
2026-06-06 07:00:00,60771.8,61212.7,60705.4,60975.2,7336.922,1780732799999,447322550.7932,211665,3672.606,223907261.6812,0
2026-06-06 08:00:00,60975.2,61475.0,60850.0,61239.6,8498.1,1780736399999,520460944.6798,237148,4847.43,296894521.1437,0
2026-06-06 09:00:00,61239.5,61298.2,60854.1,60956.7,5320.274,1780739999999,325038569.3498,187932,2439.032,149034346.809,0
2026-06-06 10:00:00,60956.7,60956.7,60146.0,60555.3,14536.034,1780743599999,879031122.2835,369190,6265.728,379019009.1517,0
2026-06-06 11:00:00,60555.2,60938.0,60520.0,60773.5,5694.791,1780747199999,345848683.1175,184784,2996.266,181971606.2138,0
2026-06-06 12:00:00,60773.5,61173.5,60599.9,61003.6,9784.197,1780750799999,595682823.6121,240680,4522.734,275442732.9951,0
2026-06-06 13:00:00,61003.6,61073.6,60668.8,60779.5,5213.726,1780754399999,317318212.145,178494,2495.379,151870202.2339,0
2026-06-06 14:00:00,60779.5,60990.8,60733.0,60762.5,3560.698,1780757999999,216793623.6217,159149,1746.043,106305041.26,0
2026-06-06 15:00:00,60762.5,60900.0,60353.4,60754.1,7524.848,1780761599999,456218640.1433,254777,3887.141,235737737.8601,0
2026-06-06 16:00:00,60754.2,60949.9,60417.6,60749.8,6038.819,1780765199999,366392448.5923,200341,2791.948,169435703.4448,0
2026-06-06 17:00:00,60749.9,60817.2,60463.0,60553.3,3936.273,1780768799999,238630968.248,141635,1819.7,110317873.9729,0
2026-06-06 18:00:00,60553.2,60723.5,60363.0,60606.0,3583.649,1780772399999,216931846.9645,138999,1729.819,104710803.488,0
2026-06-06 19:00:00,60606.0,60760.4,60502.1,60563.9,2214.691,1780775999999,134261024.6434,99045,1130.002,68499054.7049,0
2026-06-06 20:00:00,60563.9,60729.1,60484.5,60678.5,2440.763,1780779599999,147941118.7281,98284,1244.639,75433268.8097,0
2026-06-06 21:00:00,60678.4,60969.2,60673.2,60719.3,3053.205,1780783199999,185707980.9836,86536,1700.78,103440087.929,0
2026-06-06 22:00:00,60719.2,60788.6,60390.0,60513.0,5032.414,1780786799999,304811355.4748,161109,2597.347,157317897.8944,0
2026-06-06 23:00:00,60513.0,60911.0,60511.0,60849.7,3116.081,1780790399999,189310031.9876,107459,1597.927,97078873.3786,0
2026-06-07 00:00:00,60849.7,60962.7,60708.0,60748.3,2990.633,1780793999999,181917512.6843,114276,1381.547,84038099.6801,0
2026-06-07 01:00:00,60748.2,61641.4,60720.9,61452.5,13447.678,1780797599999,824987859.9805,329708,7616.034,467235301.5842,0
2026-06-07 02:00:00,61452.5,61540.1,61150.0,61469.2,5320.335,1780801199999,326455068.1668,166573,2957.563,181525367.4284,0
2026-06-07 03:00:00,61469.3,61763.9,61376.7,61671.1,5046.674,1780804799999,310818275.8198,162249,3065.527,188803232.4461,0
2026-06-07 04:00:00,61671.1,61866.0,61447.2,61854.1,5279.246,1780808399999,325651991.6715,142679,3018.538,186274388.9885,0
2026-06-07 05:00:00,61854.2,62132.0,61607.9,61709.2,9364.91,1780811999999,579297663.688,234066,4868.373,301255559.7828,0
2026-06-07 06:00:00,61709.3,62254.9,61573.5,62080.1,9917.458,1780815599999,614917797.7081,251356,5940.258,368315335.4831,0
2026-06-07 07:00:00,62080.1,62380.0,61951.0,62366.0,8886.719,1780819199999,552698751.8269,162291,5293.259,329253432.97,0
2026-06-07 08:00:00,62366.0,62942.4,62217.4,62823.0,16219.509,1780822799999,1014818010.4688,288474,8150.47,510104979.0933,0
2026-06-07 09:00:00,62823.0,62887.5,62361.5,62510.0,7994.466,1780826399999,500637111.2184,206694,3384.132,211998963.0848,0
2026-06-07 10:00:00,62509.9,62547.8,62273.0,62343.7,5250.485,1780829999999,327543915.7293,157322,2611.547,162927352.6084,0
2026-06-07 11:00:00,62343.7,62730.0,62333.0,62598.8,5263.381,1780833599999,329109598.5249,143290,3108.721,194377153.6083,0
2026-06-07 12:00:00,62598.8,62617.7,61509.1,61871.1,21819.579,1780837199999,1351248666.75,466232,9313.05,576715197.5634,0
2026-06-07 13:00:00,61871.1,61880.0,61612.2,61675.0,5955.28,1780840799999,367574637.2297,182877,2893.006,178569073.3361,0
2026-06-07 14:00:00,61675.1,62283.6,61675.0,61872.0,10111.376,1780844399999,626834525.3973,259068,5465.093,338876867.671,0
2026-06-07 15:00:00,61871.9,62196.0,61640.1,62071.6,6764.069,1780847999999,418753474.1798,204500,3861.868,239082383.4812,0
2026-06-07 16:00:00,62071.7,62327.0,61912.7,62054.2,5219.03,1780851599999,324155668.5848,169121,2434.079,151232459.8305,0
2026-06-07 17:00:00,62054.1,62315.6,62012.2,62129.6,4071.011,1780855199999,253214494.6041,134112,2231.962,138844892.4733,0
2026-06-07 18:00:00,62129.6,62267.2,61989.0,62001.6,2079.999,1780858799999,129240735.3905,87477,977.235,60726468.9286,0
2026-06-07 19:00:00,62001.6,62009.1,61150.2,61303.8,15448.708,1780862399999,949395181.6574,342986,6693.13,411271522.812,0
2026-06-07 20:00:00,61303.7,61949.3,61189.7,61843.0,6748.756,1780865999999,416016073.7933,199948,3781.199,233129539.4983,0
2026-06-07 21:00:00,61843.1,61980.0,61618.5,61755.0,3502.586,1780869599999,216301045.6615,113104,1641.642,101384668.0816,0
2026-06-07 22:00:00,61754.9,64250.0,61690.3,62833.5,32662.168,1780873199999,2064358132.8378,828013,18053.819,1140897945.8922,0
2026-06-07 23:00:00,62833.0,63429.9,62759.5,63298.5,8114.977,1780876799999,511767328.7713,279041,3884.393,245012478.0326,0
2026-06-08 00:00:00,63299.0,63849.5,63111.3,63599.2,9954.623,1780880399999,632049499.8359,320228,5313.336,337516182.6297,0
2026-06-08 01:00:00,63599.3,63619.5,62676.8,63188.0,12067.272,1780883999999,760878906.275,386393,5471.669,344977147.4172,0
2026-06-08 02:00:00,63188.0,63238.3,62881.9,63097.2,4283.889,1780887599999,270062001.63,178502,2317.933,146134851.1327,0
2026-06-08 03:00:00,63097.2,63438.2,62944.1,63101.6,4210.952,1780891199999,266092814.6004,150778,2507.203,158442872.6509,0
2026-06-08 04:00:00,63101.6,63150.0,62616.9,62654.7,5895.229,1780894799999,370333214.4798,188984,2639.616,165838854.5676,0
2026-06-08 05:00:00,62654.7,62800.0,62377.0,62740.8,7325.169,1780898399999,458417614.7518,224638,3644.636,228117241.4368,0
2026-06-08 06:00:00,62740.8,63119.7,62702.0,62958.8,5677.298,1780901999999,357334763.1134,185252,3002.586,188983241.2529,0
2026-06-08 07:00:00,62958.9,63320.9,62779.0,63259.9,5891.372,1780905599999,371883776.0725,193261,3348.323,211383399.6111,0
2026-06-08 08:00:00,63259.9,63259.9,62955.7,63100.8,3576.879,1780909199999,225648319.2117,136348,1638.964,103402113.5072,0
2026-06-08 09:00:00,63100.9,63554.7,63093.5,63469.9,7425.603,1780912799999,470341474.1935,208339,3958.749,250777643.2081,0
2026-06-08 10:00:00,63469.9,63525.0,63053.4,63131.5,6189.668,1780916399999,391404994.5511,171550,2746.275,173678462.1118,0
2026-06-08 11:00:00,63131.4,63861.3,63020.0,63450.1,11047.181,1780919999999,701657909.2416,278510,6001.123,381186180.0245,0
2026-06-08 12:00:00,63450.1,63948.2,62658.4,63844.5,22904.142,1780923599999,1448814447.0875,490888,11911.291,753424467.7549,0
2026-06-08 13:00:00,63844.6,63920.0,63330.4,63720.6,13790.78,1780927199999,878018408.2083,420661,7115.801,453101709.7149,0
2026-06-08 14:00:00,63720.5,64075.6,63531.9,63933.7,10811.608,1780930799999,690042775.122,352452,5907.2,377123250.2819,0
2026-06-08 15:00:00,63933.7,64179.5,63673.0,63745.4,11587.537,1780934399999,741127859.7642,344765,5859.975,374827942.1338,0
2026-06-08 16:00:00,63745.3,64029.5,63430.6,63496.8,7607.381,1780937999999,484755217.2749,246267,3288.371,209610197.6673,0
2026-06-08 17:00:00,63496.8,63620.0,63209.6,63519.2,7842.552,1780941599999,497282661.1902,236698,3678.761,233311003.9524,0
2026-06-08 18:00:00,63519.1,63659.1,63305.0,63438.0,3208.045,1780945199999,203685381.6916,133442,1529.366,97119579.3833,0
2026-06-08 19:00:00,63438.0,63572.1,63317.7,63348.2,3103.656,1780948799999,196871433.335,134257,1451.985,92105879.5491,0
2026-06-08 20:00:00,63348.3,63459.3,63120.4,63459.1,4563.368,1780952399999,288671111.2056,128705,2233.459,141297351.6968,0
2026-06-08 21:00:00,63459.1,63832.5,63455.1,63690.8,4030.441,1780955999999,256625180.2452,108627,2216.32,141121686.0655,0
2026-06-08 22:00:00,63690.7,63690.7,63171.2,63407.5,6036.812,1780959599999,382505279.262,145724,3325.982,210744179.5195,0
2026-06-08 23:00:00,63407.6,63567.6,62939.7,63057.9,5409.596,1780963199999,341644220.1584,187900,2335.161,147509587.6474,0
2026-06-09 00:00:00,63057.9,63157.3,62381.2,62522.6,15947.71,1780966799999,999714738.991,341536,7425.567,465452791.3626,0
2026-06-09 01:00:00,62522.6,62846.6,62513.0,62732.9,6038.258,1780970399999,378546010.218,198757,3253.922,203970337.2324,0
2026-06-09 02:00:00,62732.8,62849.5,62506.8,62840.0,4490.164,1780973999999,281394871.1116,163969,2146.586,134544075.4335,0
2026-06-09 03:00:00,62839.9,62945.8,62664.3,62841.0,3847.384,1780977599999,241696495.8098,127768,2046.906,128594723.0658,0
2026-06-09 04:00:00,62841.1,63402.0,62715.4,63213.7,9505.94,1780981199999,600255879.5287,212162,5202.377,328463630.4168,0
2026-06-09 05:00:00,63213.8,63499.9,63088.0,63318.5,5631.349,1780984799999,356564918.9166,146807,2898.081,183520240.5842,0
2026-06-09 06:00:00,63318.5,63487.1,63202.6,63279.4,4791.047,1780988399999,303482941.4358,111807,2249.031,142441382.4011,0
2026-06-09 07:00:00,63279.5,63424.0,62970.6,63170.8,6015.433,1780991999999,379783887.6414,126301,2912.113,183861835.0116,0
2026-06-09 08:00:00,63170.9,63183.0,62646.0,62816.9,8266.54,1780995599999,519714055.6283,178125,3490.638,219498530.1319,0
2026-06-09 09:00:00,62817.0,62923.7,62555.5,62682.5,5482.787,1780999199999,343876070.5982,141965,2314.953,145225706.1607,0
2026-06-09 10:00:00,62682.6,62802.7,62560.9,62750.0,4015.766,1781002799999,251767174.0038,114759,2171.42,136144191.8079,0
2026-06-09 11:00:00,62750.0,62786.9,62457.5,62679.4,6806.713,1781006399999,426017819.9614,138816,3013.247,188610537.9304,0
2026-06-09 12:00:00,62679.5,62868.2,62404.0,62611.6,6095.652,1781009999999,381854682.1905,160847,3058.232,191603003.669,0
2026-06-09 13:00:00,62611.6,62717.7,62125.0,62244.4,13535.918,1781013599999,843947629.5911,346916,6631.32,413491985.7356,0
2026-06-09 14:00:00,62244.4,62371.6,61075.9,61511.6,35615.599,1781017199999,2194302621.013,732874,16415.768,1011105183.9123,0
2026-06-09 15:00:00,61511.6,61680.9,61001.0,61100.7,16545.058,1781020799999,1015068742.3575,426811,8060.756,494582924.5029,0
2026-06-09 16:00:00,61100.6,61490.0,60755.0,61367.5,26909.919,1781024399999,1643096240.7368,593391,13140.512,802613983.1661,0
2026-06-09 17:00:00,61367.5,61860.0,61367.0,61667.1,12632.633,1781027999999,778651562.4717,351953,6738.993,415377438.9189,0
2026-06-09 18:00:00,61667.2,61939.0,61563.3,61756.1,5648.053,1781031599999,348673403.5346,214544,2626.883,162198059.1477,0
2026-06-09 19:00:00,61756.2,62079.5,61685.0,62068.8,6032.774,1781035199999,373368445.2644,195594,3277.804,202912204.9485,0
2026-06-09 20:00:00,62068.9,62253.2,61920.9,62132.3,4702.846,1781038799999,291957949.4684,129771,2500.591,155270943.9334,0
2026-06-09 21:00:00,62132.3,62149.8,61660.0,61732.2,5903.611,1781042399999,365296135.2084,103294,2343.172,144927017.9632,0
2026-06-09 22:00:00,61732.5,61945.4,61630.2,61688.0,3249.56,1781045999999,200730239.7721,111720,1723.196,106445171.2014,0
2026-06-09 23:00:00,61687.9,61850.0,61519.0,61695.0,3688.76,1781049599999,227465180.1556,128802,1755.538,108278062.027,0
2026-06-10 00:00:00,61694.9,61908.9,61404.6,61886.5,5067.624,1781053199999,312499277.4914,176438,2379.535,146767809.6847,0
2026-06-10 01:00:00,61886.5,61947.4,61544.2,61680.7,4252.258,1781056799999,262614395.552,180414,2167.328,133863474.1622,0
2026-06-10 02:00:00,61680.7,61807.9,61201.0,61271.3,6430.764,1781060399999,394844442.4357,192564,2814.537,172811846.3635,0
2026-06-10 03:00:00,61271.4,61571.1,61250.0,61518.2,3472.635,1781063999999,213364239.3446,128377,2063.414,126785038.5281,0
2026-06-10 04:00:00,61518.3,61535.0,61153.5,61269.6,4116.843,1781067599999,252422522.6956,130432,1856.216,113806266.0477,0
2026-06-10 05:00:00,61269.6,61368.0,61045.7,61321.6,4160.181,1781071199999,254528823.9855,135270,2142.436,131073827.4962,0
2026-06-10 06:00:00,61321.6,61493.0,61108.8,61436.5,4853.421,1781074799999,297764247.7499,137286,2389.165,146579056.3961,0
2026-06-10 07:00:00,61436.4,61783.4,61400.7,61654.3,6313.665,1781078399999,389107047.6589,153658,3268.885,201453781.4502,0
2026-06-10 08:00:00,61654.3,61707.6,61128.7,61228.7,7510.133,1781081999999,460900433.5435,188098,3675.276,225526258.4416,0
2026-06-10 09:00:00,61228.8,61396.4,60691.9,61302.7,12001.158,1781085599999,732860225.6514,266637,5400.31,329899138.1912,0
2026-06-10 10:00:00,61303.2,61426.7,61113.2,61350.1,4009.363,1781089199999,245643510.8299,132268,2179.74,133557097.1292,0
2026-06-10 11:00:00,61350.1,61406.0,60824.5,61003.1,9567.514,1781092799999,583897466.5619,281102,4572.521,279035226.9047,0
2026-06-10 12:00:00,61003.1,61918.0,60930.0,61531.7,17186.613,1781096399999,1057319994.5793,403573,8618.819,530215214.9436,0
2026-06-10 13:00:00,61531.8,62445.0,61406.8,62123.9,18689.305,1781099999999,1158551869.2627,468829,10220.505,633610113.0371,0
2026-06-10 14:00:00,62123.9,62230.0,61782.0,62170.8,11613.002,1781103599999,719814755.0045,374572,5898.847,365661980.4704,0
2026-06-10 15:00:00,62170.9,62840.2,61814.0,62604.8,18864.285,1781107199999,1175979210.1835,489249,10067.098,627718563.1063,0
2026-06-10 16:00:00,62604.7,62617.1,61891.2,62194.5,9692.542,1781110799999,603198841.2655,304928,4586.539,285498889.1442,0
2026-06-10 17:00:00,62194.6,62330.3,61616.0,61944.5,11161.95,1781114399999,690840898.1555,300185,5337.135,330291919.0329,0
2026-06-10 18:00:00,61944.4,62137.3,61552.0,61856.0,6181.953,1781117999999,382272649.3226,208914,3141.445,194312205.5942,0
2026-06-10 19:00:00,61856.0,62038.0,61641.4,61908.7,4545.789,1781121599999,281191809.7112,191865,2299.918,142286701.7861,0
2026-06-10 20:00:00,61908.7,61921.2,61644.4,61770.1,3195.626,1781125199999,197455915.9839,139726,1573.253,97212068.2867,0
2026-06-10 21:00:00,61770.1,61773.1,61150.1,61327.3,7887.368,1781128799999,484559145.592,177157,3168.698,194713705.8526,0
2026-06-10 22:00:00,61327.4,61547.9,61068.6,61353.2,7637.894,1781132399999,468021812.4381,227249,4241.562,259929394.5724,0
2026-06-10 23:00:00,61353.1,61582.1,61135.8,61483.7,4642.378,1781135999999,284966338.8155,156831,2708.505,166255234.5346,0
2026-06-11 00:00:00,61483.6,61955.8,61483.6,61794.6,6629.261,1781139599999,409583124.6326,193414,3464.727,214026917.6494,0
2026-06-11 01:00:00,61794.6,62350.0,61793.5,62180.3,6360.787,1781143199999,395171066.6766,184920,3484.812,216484035.7395,0
2026-06-11 02:00:00,62180.4,62278.3,61911.5,62113.5,4726.248,1781146799999,293438200.822,144256,2098.468,130293210.0133,0
2026-06-11 03:00:00,62113.5,62922.0,61975.6,62657.5,11223.901,1781150399999,701208634.7481,230431,7153.561,447090127.1723,0
2026-06-11 04:00:00,62657.5,62827.0,62512.6,62692.9,6342.014,1781153999999,397348302.9164,156960,3145.527,197122710.8953,0
2026-06-11 05:00:00,62692.8,62696.7,62527.5,62581.7,3206.604,1781157599999,200755477.8227,100465,1353.523,84741790.5874,0
2026-06-11 06:00:00,62581.7,62993.4,62507.9,62734.2,7813.001,1781161199999,490780945.7421,163082,4305.768,270508872.658,0
2026-06-11 07:00:00,62734.1,62812.2,62574.3,62693.3,4667.736,1781164799999,292515077.5952,99497,2207.692,138355271.2292,0
2026-06-11 08:00:00,62693.2,63043.1,62691.7,62927.2,6684.514,1781168399999,420405833.163,109760,3195.045,200958857.6639,0
2026-06-11 09:00:00,62927.2,62970.7,62753.3,62899.9,4093.748,1781171999999,257339612.7118,85759,2108.818,132569590.2249,0
2026-06-11 10:00:00,62900.0,63188.0,62771.0,63120.3,8162.024,1781175599999,514492474.9848,133252,5517.566,347920221.546,0
2026-06-11 11:00:00,63120.2,63235.9,63020.6,63078.0,7361.917,1781179199999,464834197.4605,138966,4498.884,284103748.2536,0
2026-06-11 12:00:00,63078.0,63173.8,62455.8,62978.3,20933.227,1781182799999,1315365346.3802,373231,10405.407,653924925.2957,0
2026-06-11 13:00:00,62978.3,63200.0,62644.7,63046.1,13026.119,1781186399999,820092800.86,288260,6574.397,413929723.8885,0
2026-06-11 14:00:00,63046.1,63060.0,62697.0,62699.6,7669.427,1781189999999,482157730.9457,255957,3692.075,232112049.3636,0
2026-06-11 15:00:00,62699.6,62856.7,62494.6,62721.1,8504.57,1781193599999,532878570.0737,243331,3901.844,244464732.5008,0
2026-06-11 16:00:00,62721.2,62810.0,62502.4,62546.6,4781.27,1781197199999,299594557.467,168569,2428.766,152194502.1182,0
2026-06-11 17:00:00,62546.6,63643.0,62315.0,63614.2,28276.294,1781200799999,1785305227.6386,552127,16403.888,1036211350.9038,0
2026-06-11 18:00:00,63614.2,63768.7,63283.4,63426.0,9903.762,1781204399999,628885673.3115,257451,4882.207,310170691.2414,0
2026-06-11 19:00:00,63426.0,63915.3,63350.4,63567.6,10032.986,1781207999999,638516833.6739,228251,5635.861,358676281.1717,0
2026-06-11 20:00:00,63567.7,63633.6,63235.8,63361.9,4935.297,1781211599999,312990609.2286,116033,2377.814,150798016.3299,0
2026-06-11 21:00:00,63361.9,63571.5,63359.7,63487.2,2172.23,1781215199999,137868141.4782,63165,1135.007,72031204.1233,0
2026-06-11 22:00:00,63487.3,63640.6,63425.0,63467.1,2216.095,1781218799999,140808107.1125,79190,1113.093,70730803.7943,0
2026-06-11 23:00:00,63467.1,63712.3,63328.1,63597.9,4271.542,1781222399999,271308970.0495,98618,2502.379,158955811.8002,0
2026-06-12 00:00:00,63598.0,63777.0,63489.8,63617.7,4243.194,1781225999999,270059309.3602,113735,2341.825,149050460.4403,0
2026-06-12 01:00:00,63617.7,63617.7,63271.6,63402.9,4466.191,1781229599999,283150600.2284,123194,2190.263,138861098.4302,0
2026-06-12 02:00:00,63402.9,63758.4,63402.9,63589.3,3408.002,1781233199999,216682093.717,96744,1740.167,110637913.511,0
2026-06-12 03:00:00,63589.2,63620.1,63314.7,63490.0,2027.229,1781236799999,128644467.1462,75007,1001.404,63541498.3496,0
2026-06-12 04:00:00,63490.1,63843.2,63391.2,63670.4,5901.952,1781240399999,375759168.8124,122536,3279.992,208839535.3756,0
2026-06-12 05:00:00,63670.5,63695.4,63265.4,63317.6,6047.081,1781243999999,383526844.997,124677,2722.081,172633489.9445,0
2026-06-12 06:00:00,63317.6,63385.9,62800.0,62955.9,8541.968,1781247599999,538348971.8865,190159,3742.046,235788504.2759,0
2026-06-12 07:00:00,62956.0,63180.8,62919.9,63066.5,4785.19,1781251199999,301631221.524,117587,2871.389,181008037.7148,0
2026-06-12 08:00:00,63066.5,63587.0,63063.9,63440.5,6555.915,1781254799999,415432819.0765,143260,3410.286,216065850.0093,0
2026-06-12 09:00:00,63440.5,63929.9,63398.3,63729.5,7939.036,1781258399999,505973012.1031,167394,4174.334,266027008.5729,0
2026-06-12 10:00:00,63729.5,63824.0,63541.9,63665.1,4205.305,1781261999999,267783683.1027,103400,2086.941,132893181.5528,0
2026-06-12 11:00:00,63665.2,63855.8,63650.0,63729.4,3381.03,1781265599999,215605359.5345,99424,1640.658,104625609.6912,0
2026-06-12 12:00:00,63729.4,63745.1,63331.9,63433.7,5597.36,1781269199999,355446963.4052,145799,2658.296,168798452.1331,0
2026-06-12 13:00:00,63433.8,63507.9,63020.6,63200.3,9236.386,1781272799999,584112156.9441,255839,4644.771,293743332.5638,0
2026-06-12 14:00:00,63200.3,63988.0,63160.4,63971.0,14271.383,1781276399999,907833753.5245,377711,7408.532,471302812.762,0
2026-06-12 15:00:00,63971.1,64362.6,63504.2,63557.0,26003.214,1781279999999,1665222007.0364,456727,13724.17,879080555.5259,0
2026-06-12 16:00:00,63557.1,63974.8,63477.5,63951.2,8532.953,1781283599999,544151624.6942,245098,4704.27,300013591.242,0
2026-06-12 17:00:00,63951.2,64083.3,63708.0,63836.9,4217.505,1781287199999,269395730.1289,142854,2126.032,135819060.0211,0
2026-06-12 18:00:00,63836.9,63907.0,63647.9,63661.8,3095.609,1781290799999,197390176.3447,122045,1454.23,92731944.9819,0
2026-06-12 19:00:00,63661.8,63790.8,63555.0,63555.1,3164.169,1781294399999,201414533.1022,93118,1573.32,100164337.7611,0
2026-06-12 20:00:00,63555.0,63664.4,63352.3,63417.9,4000.142,1781297999999,254005569.7031,95833,1855.969,117866384.7513,0
2026-06-12 21:00:00,63418.2,63608.1,63413.0,63450.1,2246.705,1781301599999,142667185.8871,58658,1176.24,74690014.5613,0
2026-06-12 22:00:00,63450.0,63633.3,63435.6,63482.8,2214.568,1781305199999,140647711.2639,63359,1147.613,72886210.4924,0
2026-06-12 23:00:00,63482.8,63554.7,63394.3,63547.0,1641.695,1781308799999,104185528.9918,51961,872.038,55343998.7896,0
2026-06-13 00:00:00,63547.0,63625.2,63480.0,63573.9,1951.164,1781312399999,124001300.6772,53806,1021.715,64932991.6555,0
2026-06-13 01:00:00,63573.9,63828.4,63573.9,63801.0,2669.191,1781315999999,170018031.253,67363,1570.281,100026899.0192,0
2026-06-13 02:00:00,63801.1,63806.9,63517.8,63612.0,2457.955,1781319599999,156496682.7981,58252,857.572,54596949.0017,0
2026-06-13 03:00:00,63612.1,63695.0,63360.0,63494.4,3026.794,1781323199999,192233518.2374,62044,1214.695,77144827.3761,0
2026-06-13 04:00:00,63494.4,63619.1,63444.9,63475.2,1293.536,1781326799999,82179181.9818,42576,603.791,38363846.7974,0
2026-06-13 05:00:00,63475.2,63564.8,63456.0,63554.9,1208.298,1781330399999,76755171.5695,44664,696.533,44246166.3974,0
2026-06-13 06:00:00,63554.9,63720.2,63516.3,63707.2,1642.636,1781333999999,104515139.0675,46376,957.399,60913859.8802,0
2026-06-13 07:00:00,63707.2,63879.0,63637.1,63823.9,4873.909,1781337599999,310865437.4614,71085,2300.313,146717405.6935,0
2026-06-13 08:00:00,63823.9,63896.5,63729.8,63771.6,3461.243,1781341199999,220840142.9017,66638,1564.778,99844094.3663,0
2026-06-13 09:00:00,63771.5,63833.0,63708.2,63709.9,1419.807,1781344799999,90540292.0696,40987,600.76,38311691.8824,0
2026-06-13 10:00:00,63709.9,63883.2,63683.1,63812.9,2679.471,1781348399999,170938602.3844,52474,1521.229,97049823.2134,0
2026-06-13 11:00:00,63813.0,63949.9,63809.4,63936.1,2414.403,1781351999999,154277062.1935,53466,1336.621,85407795.1498,0
2026-06-13 12:00:00,63936.1,64187.7,63882.6,64103.1,4756.321,1781355599999,304518167.3736,86664,2654.614,169973823.0115,0
2026-06-13 13:00:00,64103.0,64217.0,64026.6,64071.0,4732.652,1781359199999,303476005.3878,87738,2383.846,152878562.4834,0
2026-06-13 14:00:00,64071.0,64208.8,64052.3,64189.7,2178.915,1781362799999,139748102.8306,55591,1058.415,67886776.5238,0
2026-06-13 15:00:00,64189.8,64323.0,64147.2,64265.0,4558.288,1781366399999,292853057.1994,90196,2507.627,161113111.5719,0
2026-06-13 16:00:00,64265.1,64280.0,63862.9,63996.2,8214.293,1781369999999,525922937.5722,141568,3866.785,247595934.2847,0
2026-06-13 17:00:00,63996.1,64090.1,63902.0,63939.7,2988.244,1781373599999,191231049.7461,71052,1510.558,96668419.3564,0
2026-06-13 18:00:00,63939.7,64247.8,63939.6,64122.7,3116.164,1781377199999,199745579.0383,67487,1602.532,102710357.3531,0
2026-06-13 19:00:00,64122.7,64298.7,64111.1,64264.2,3087.802,1781380799999,198255750.0777,54800,1326.197,85155564.5411,0
2026-06-13 20:00:00,64264.2,64264.3,64195.3,64252.4,1079.311,1781384399999,69324290.1851,33147,509.828,32747213.7432,0
2026-06-13 21:00:00,64252.4,64738.0,64189.6,64435.2,7334.893,1781387999999,473133442.3222,122524,4451.328,287188289.729,0
2026-06-13 22:00:00,64435.2,64529.0,64349.3,64413.4,2850.59,1781391599999,183675319.6674,74103,1504.63,96950913.7962,0
2026-06-13 23:00:00,64413.4,64572.0,64350.5,64418.2,2165.507,1781395199999,139537066.916,61127,1146.147,73859396.7085,0
2026-06-14 00:00:00,64418.3,64548.6,64338.8,64519.3,2060.185,1781398799999,132796030.0756,61822,1093.972,70516031.0066,0
2026-06-14 01:00:00,64519.2,64682.2,64466.4,64534.1,2612.929,1781402399999,168758956.8781,77071,1353.605,87427672.4591,0
2026-06-14 02:00:00,64534.0,64606.4,64436.7,64450.0,2045.452,1781405999999,131979435.7898,54586,956.965,61749798.1597,0
2026-06-14 03:00:00,64450.1,64518.4,64421.7,64515.0,3269.628,1781409599999,210792902.7133,51411,1807.328,116529213.2476,0
2026-06-14 04:00:00,64515.0,64532.8,64281.0,64300.0,2599.296,1781413199999,167357946.5297,49009,1034.308,66601016.3041,0
2026-06-14 05:00:00,64300.0,64378.5,64260.0,64318.1,2076.942,1781416799999,133585821.6022,48109,1070.474,68856701.4954,0
2026-06-14 06:00:00,64318.1,64450.1,64208.5,64258.0,3360.246,1781420399999,216086075.1814,70438,1725.419,110969929.9331,0
2026-06-14 07:00:00,64258.0,64412.7,64186.5,64392.0,2472.615,1781423999999,158959779.3186,49989,1230.592,79126382.3368,0
2026-06-14 08:00:00,64392.1,64486.9,64353.2,64423.1,1629.08,1781427599999,104967437.7301,43419,827.462,53316003.1511,0
2026-06-14 09:00:00,64423.1,64593.1,64281.1,64584.7,3100.679,1781431199999,199865538.384,66619,1538.284,99172470.5726,0
2026-06-14 10:00:00,64584.8,64640.6,64452.8,64485.4,2531.79,1781434799999,163412898.0448,52777,1175.922,75899861.9178,0
2026-06-14 11:00:00,64485.5,64614.4,64419.3,64511.7,1865.041,1781438399999,120353058.1334,46956,940.259,60680474.045,0
2026-06-14 12:00:00,64511.7,64531.2,64255.9,64296.8,3294.214,1781441999999,212045734.7122,64524,1409.296,90701540.4563,0
2026-06-14 13:00:00,64296.7,64369.0,64207.3,64287.5,2943.823,1781445599999,189258160.8556,66592,1503.064,96641332.5422,0
2026-06-14 14:00:00,64287.4,64313.1,63830.0,63953.7,8475.881,1781449199999,542615826.7099,160479,3539.195,226551089.7684,0
2026-06-14 15:00:00,63953.7,64123.8,63945.8,63995.2,4281.19,1781452799999,274162336.5579,88492,2221.71,142285195.0706,0
2026-06-14 16:00:00,63995.2,64183.4,63901.3,63913.8,3323.998,1781456399999,212871274.261,81038,1546.883,99084260.7726,0
2026-06-14 17:00:00,63913.8,64000.0,63650.0,63706.1,5470.458,1781459999999,349125728.1668,102527,2502.267,159701755.859,0
2026-06-14 18:00:00,63706.2,63791.9,63650.9,63783.9,3170.311,1781463599999,202010466.294,67948,1883.198,120003812.1306,0
2026-06-14 19:00:00,63783.9,63830.9,63702.0,63777.3,1358.481,1781467199999,86636854.0656,39984,716.92,45723022.1578,0
2026-06-14 20:00:00,63777.4,64070.0,63761.5,63978.1,3073.059,1781470799999,196458165.9934,61589,1757.494,112352818.6344,0
2026-06-14 21:00:00,63978.2,65652.0,63973.4,65284.4,27695.963,1781474399999,1799089803.5692,448485,16454.995,1068816059.8648,0
2026-06-14 22:00:00,65284.4,65555.0,64918.2,65389.2,14246.288,1781477999999,929171859.6894,337479,6942.729,452889522.6383,0
2026-06-14 23:00:00,65389.2,65775.0,65217.0,65702.1,9775.909,1781481599999,640994553.8766,229114,5317.632,348749763.0252,0
2026-06-15 00:00:00,65702.1,65880.0,65444.0,65591.4,9044.986,1781485199999,593714832.8378,200137,4063.165,266794459.7554,0
2026-06-15 01:00:00,65591.4,65705.6,65314.3,65482.6,5936.809,1781488799999,388738313.8676,142877,3190.768,208923916.8599,0
2026-06-15 02:00:00,65482.6,65749.0,65383.6,65429.3,3923.62,1781492399999,257208201.9213,108602,1766.676,115821799.4387,0
2026-06-15 03:00:00,65429.3,65996.8,65393.4,65894.7,9255.319,1781495999999,608640575.3684,155786,5208.315,342549885.5385,0
2026-06-15 04:00:00,65894.6,65894.7,65601.8,65612.2,3331.818,1781499599999,218923744.7482,85438,1487.308,97715837.0095,0
2026-06-15 05:00:00,65612.2,65844.7,65577.8,65828.1,3066.816,1781503199999,201566282.6909,78064,1700.723,111782827.9282,0
2026-06-15 06:00:00,65828.0,65933.0,65716.4,65773.0,4071.861,1781506799999,268081716.5526,89040,1792.724,118034581.4041,0
2026-06-15 07:00:00,65773.0,65978.1,65580.0,65642.3,5386.6,1781510399999,354235926.2223,112161,2719.246,178821303.9417,0
2026-06-15 08:00:00,65642.4,65768.1,65580.3,65619.9,3912.2,1781513999999,256856879.2931,78437,1940.49,127401767.3153,0
2026-06-15 09:00:00,65620.0,65740.1,65469.0,65559.9,3326.393,1781517599999,218154525.667,77693,1610.592,105637677.659,0
2026-06-15 10:00:00,65559.8,65934.3,65545.2,65884.7,7895.239,1781521199999,519249569.5468,103602,5717.715,375998036.1526,0
2026-06-15 11:00:00,65884.7,66346.2,65807.3,66192.0,15452.401,1781524799999,1021972017.0716,278494,8320.375,550357569.4923,0
2026-06-15 12:00:00,66192.0,66570.0,66056.4,66528.5,12174.401,1781528399999,807585976.355,211212,5738.242,380741020.2786,0
2026-06-15 13:00:00,66528.5,66915.2,66375.1,66410.8,20545.811,1781531999999,1369207055.5707,384707,10334.228,688836889.0984,0
2026-06-15 14:00:00,66410.8,66646.8,66265.0,66552.3,8252.837,1781535599999,548290563.6888,196211,4295.961,285424846.6352,0
2026-06-15 15:00:00,66552.4,67255.4,66541.5,67248.5,13362.263,1781539199999,894836036.6926,250899,7734.958,518090620.4434,0
2026-06-15 16:00:00,67248.5,67254.5,67051.1,67122.3,7578.852,1781542799999,508869552.5936,174747,3489.849,234344911.5776,0
2026-06-15 17:00:00,67122.3,67122.4,66635.1,66820.7,8193.907,1781546399999,547722910.0709,172358,3610.053,241271226.623,0
2026-06-15 18:00:00,66820.7,66900.0,66678.5,66726.1,3557.451,1781549999999,237614562.1589,115284,1925.889,128638601.5731,0
2026-06-15 19:00:00,66726.1,66856.1,66302.4,66579.2,6172.572,1781553599999,410957758.8355,166852,2894.709,192741265.0462,0
2026-06-15 20:00:00,66579.1,66658.2,66445.0,66489.6,2244.671,1781557199999,149365128.6729,80928,1100.275,73221345.2883,0
2026-06-15 21:00:00,66489.6,66534.8,66284.8,66337.1,2945.274,1781560799999,195592255.9575,69725,1306.769,86801418.0658,0
2026-06-15 22:00:00,66337.1,66446.2,66065.1,66170.0,5545.129,1781564399999,367190488.9724,149518,2686.898,177931771.5951,0
2026-06-15 23:00:00,66170.0,66335.5,66086.6,66285.9,2775.711,1781567999999,183794256.2623,96541,1533.092,101515244.2516,0
2026-06-16 00:00:00,66285.9,66426.9,66197.2,66216.9,3431.519,1781571599999,227551069.5536,98946,1672.187,110903117.192,0
2026-06-16 01:00:00,66216.8,66388.8,66206.6,66309.9,2298.901,1781575199999,152429537.4466,80207,1237.511,82058245.749,0
2026-06-16 02:00:00,66309.9,66331.8,65655.0,65714.1,9099.747,1781578799999,599734097.7735,189441,3582.023,236014488.1308,0
2026-06-16 03:00:00,65714.0,66145.4,65607.1,66125.4,6605.331,1781582399999,435458094.5375,139670,3692.556,243430446.5201,0
2026-06-16 04:00:00,66125.4,66252.2,65768.7,65811.1,5555.333,1781585999999,366534670.4658,121790,2266.984,149588739.3803,0
2026-06-16 05:00:00,65811.1,66119.9,65811.1,66028.0,3516.107,1781589599999,232069876.0528,97618,1994.306,131621318.6604,0
2026-06-16 06:00:00,66028.1,66543.5,66025.1,66406.4,5633.376,1781593199999,373696685.7919,123387,3302.203,219035716.1018,0
2026-06-16 07:00:00,66406.3,66497.0,66272.1,66341.7,3952.601,1781596799999,262307743.1608,90796,2383.108,158163001.1114,0
2026-06-16 08:00:00,66341.8,66956.7,66310.5,66863.9,9095.48,1781600399999,606130945.0114,170537,5223.546,348079894.2653,0
2026-06-16 09:00:00,66863.9,66884.6,66440.1,66478.4,5305.599,1781603999999,353670198.0528,130005,2267.19,151132104.0196,0
2026-06-16 10:00:00,66478.5,66755.5,66451.1,66476.1,3834.46,1781607599999,255319786.2926,101022,1876.502,124962936.5356,0
2026-06-16 11:00:00,66476.1,66619.3,66325.4,66456.0,3380.096,1781611199999,224529945.7977,90920,1586.088,105371131.8926,0
2026-06-16 12:00:00,66456.0,66787.1,66325.2,66390.5,6611.999,1781614799999,439909210.4955,182337,3383.962,225174607.1352,0
2026-06-16 13:00:00,66390.5,66435.6,65893.2,66012.7,10953.391,1781618399999,724080206.0218,269623,5135.613,339493841.8573,0
2026-06-16 14:00:00,66012.8,66239.3,65328.8,65630.2,15588.828,1781621999999,1023946289.0224,365875,7233.133,475098524.1139,0
2026-06-16 15:00:00,65630.2,65981.5,65580.0,65841.8,7659.939,1781625599999,504058183.3692,206093,4217.057,277512260.0968,0
2026-06-16 16:00:00,65841.8,65932.3,65675.2,65730.8,3289.048,1781629199999,216312909.4767,118143,1530.754,100672539.4233,0
2026-06-16 17:00:00,65730.9,65991.7,65677.1,65946.2,3368.206,1781632799999,221747737.8958,109072,1897.553,124944034.9168,0
2026-06-16 18:00:00,65946.2,66246.1,65767.0,65822.4,5488.113,1781636399999,362140846.5427,133275,2861.579,188849299.5384,0
2026-06-16 19:00:00,65822.5,65822.5,65529.0,65653.2,4965.888,1781639999999,325957239.2777,131500,2235.786,146759045.5805,0
2026-06-16 20:00:00,65653.2,65832.7,65561.3,65824.0,2517.971,1781643599999,165475937.7269,67770,1295.13,85125928.6955,0
2026-06-16 21:00:00,65824.0,65908.4,65609.8,65741.2,2613.731,1781647199999,171863035.9539,56624,1224.211,80498078.7935,0
2026-06-16 22:00:00,65741.3,65855.0,65644.6,65745.2,2574.361,1781650799999,169235260.6201,56732,1522.855,100115316.5068,0
2026-06-16 23:00:00,65745.2,65805.0,65580.1,65644.8,1766.401,1781654399999,116006935.0768,55449,836.209,54915381.7895,0
2026-06-17 00:00:00,65644.8,65821.0,65644.8,65679.4,2124.11,1781657999999,139623193.5396,68997,1075.763,70712551.6262,0
2026-06-17 01:00:00,65679.4,65925.1,65427.9,65901.1,4784.4,1781661599999,314064578.1063,127568,2315.803,152069257.3367,0
2026-06-17 02:00:00,65901.1,66092.5,65743.0,65872.7,3487.582,1781665199999,229890421.4229,110515,1813.693,119568035.7879,0
2026-06-17 03:00:00,65872.6,65872.7,65671.8,65818.6,1896.242,1781668799999,124709231.7379,68587,832.133,54727211.2314,0
2026-06-17 04:00:00,65818.6,66019.0,65744.2,65852.5,1896.801,1781672399999,124974868.8349,59974,1066.014,70242914.5523,0
2026-06-17 05:00:00,65852.5,65948.5,65702.9,65796.1,2152.245,1781675999999,141616229.7494,65090,1033.793,68026980.2574,0
2026-06-17 06:00:00,65796.1,65869.8,65535.0,65589.4,3412.922,1781679599999,224088812.794,78983,1466.696,96304254.9533,0
2026-06-17 07:00:00,65589.4,65680.3,65200.0,65504.0,9271.031,1781683199999,606732567.0812,157144,4106.461,268811044.6546,0
2026-06-17 08:00:00,65503.9,65549.8,64800.0,64889.8,13620.919,1781686799999,886119540.5773,231312,6115.604,397753538.3709,0
2026-06-17 09:00:00,64889.9,65045.0,64800.4,64880.1,6116.04,1781690399999,397161003.856,126225,3504.274,227574327.711,0
2026-06-17 10:00:00,64880.0,64964.2,64733.5,64770.4,3937.974,1781693999999,255330744.2832,106883,1776.215,115175662.8241,0
2026-06-17 11:00:00,64770.4,64834.9,64525.0,64774.5,8169.245,1781697599999,528351103.1544,172054,4043.189,261536154.5996,0
2026-06-17 12:00:00,64774.6,65080.3,64550.7,65005.3,7979.636,1781701199999,517319431.9739,164630,4234.535,274581458.854,0
2026-06-17 13:00:00,65005.2,65333.0,64804.1,65232.9,9997.319,1781704799999,650675934.2155,208928,5842.883,380246998.7535,0
2026-06-17 14:00:00,65232.6,65434.1,64722.6,65072.4,10063.625,1781708399999,655204577.1142,274342,4706.41,306487999.3246,0
2026-06-17 15:00:00,65072.4,65834.1,64943.5,65712.7,9718.331,1781711999999,636086462.0292,253018,5345.145,349918989.8334,0
2026-06-17 16:00:00,65712.7,66419.2,65676.8,65829.7,14049.492,1781715599999,927553371.527,301045,7192.929,474944248.6318,0
2026-06-17 17:00:00,65829.6,66160.0,65755.0,66073.1,5298.208,1781719199999,349302363.5617,153686,2847.926,187786021.4561,0
2026-06-17 18:00:00,66073.1,66085.3,64746.6,65481.3,32342.617,1781722799999,2116970308.5822,714050,15057.934,985685466.2556,0
2026-06-17 19:00:00,65481.2,65632.0,64015.0,64271.3,27562.287,1781726399999,1779635717.2386,649003,13134.642,848100966.8625,0
2026-06-17 20:00:00,64271.4,64460.8,64137.1,64405.9,7023.72,1781729999999,451673392.5314,190289,3817.811,245548523.7098,0
2026-06-17 21:00:00,64405.9,64427.0,64104.0,64229.4,4138.35,1781733599999,265980541.417,97742,2171.458,139578614.262,0
2026-06-17 22:00:00,64229.4,64415.7,63881.2,64265.3,7515.198,1781737199999,482093996.5811,160236,3565.092,228810492.2373,0
2026-06-17 23:00:00,64265.3,64495.3,64216.6,64472.9,2928.005,1781740799999,188557325.7808,90837,1755.45,113054957.3676,0
2026-06-18 00:00:00,64472.9,64676.5,64422.4,64432.8,3367.814,1781744399999,217430634.4525,107334,1718.9,110986382.4296,0
2026-06-18 01:00:00,64432.8,64780.0,64429.1,64520.9,3711.292,1781747999999,239874398.561,107092,1879.155,121465552.8958,0
2026-06-18 02:00:00,64520.9,64750.0,64453.2,64652.3,2543.649,1781751599999,164382151.1444,82549,1354.903,87559078.5065,0
2026-06-18 03:00:00,64652.3,64652.3,64228.9,64255.0,5092.146,1781755199999,327733747.5829,105771,2192.066,141062269.9112,0
2026-06-18 04:00:00,64255.0,64323.4,63785.0,63850.1,9767.176,1781758799999,624737959.0388,214764,4335.848,277331047.208,0
2026-06-18 05:00:00,63850.1,64000.0,63660.1,63961.8,5961.032,1781762399999,380539454.7675,158052,2969.047,189591190.1781,0
2026-06-18 06:00:00,63961.9,64097.7,63811.3,64054.9,4272.735,1781765999999,273430504.7626,102840,2354.532,150699646.1833,0
2026-06-18 07:00:00,64054.9,64491.1,63985.3,64470.3,6502.533,1781769599999,417953076.3104,122167,3631.798,233446929.8113,0
2026-06-18 08:00:00,64470.4,64631.5,64349.2,64370.0,5742.264,1781773199999,370326420.3116,122240,2723.239,175658145.2759,0
2026-06-18 09:00:00,64370.0,64450.0,64162.5,64172.6,3905.742,1781776799999,251101261.8079,91643,1644.932,105763216.2888,0
2026-06-18 10:00:00,64172.7,64198.0,63880.2,64050.0,6808.319,1781780399999,435874138.1476,125406,2944.339,188509726.8003,0
2026-06-18 11:00:00,64050.1,64175.9,63855.0,63940.1,4133.313,1781783999999,264421834.087,107628,2098.273,134232521.7997,0
2026-06-18 12:00:00,63940.1,64377.8,63892.8,64345.9,5211.011,1781787599999,334338560.5968,133140,3110.021,199565781.7005,0
2026-06-18 13:00:00,64345.8,64423.4,63753.0,63952.3,12076.44,1781791199999,773856776.3139,252556,5579.325,357714989.3452,0
2026-06-18 14:00:00,63952.4,64181.7,63565.0,63784.1,13161.056,1781794799999,839830760.3168,335891,6624.25,422790632.4748,0
2026-06-18 15:00:00,63784.2,63796.6,62232.1,62337.8,40637.073,1781798399999,2559774536.4884,651587,18977.299,1195284161.9024,0
2026-06-18 16:00:00,62337.8,62789.0,62308.6,62664.2,14208.574,1781801999999,889492611.7619,284956,7499.863,469502237.1328,0
2026-06-18 17:00:00,62664.2,62730.0,62241.0,62579.1,11740.083,1781805599999,733891002.1283,225918,6352.851,397188736.3973,0
2026-06-18 18:00:00,62579.2,62932.7,62552.8,62683.5,9150.288,1781809199999,574100581.8812,195498,4503.511,282594948.7159,0
2026-06-18 19:00:00,62683.5,62985.0,62608.0,62925.4,4674.584,1781812799999,293751812.3117,125162,2724.405,171201679.6562,0
2026-06-18 20:00:00,62925.3,63266.8,62925.3,63063.1,6155.035,1781816399999,388405249.9089,132847,3102.937,195802352.3177,0
2026-06-18 21:00:00,63063.1,63098.7,62831.8,62936.0,3244.761,1781819999999,204238080.7082,73231,1357.683,85453441.5424,0
2026-06-18 22:00:00,62936.0,62962.1,62710.5,62853.0,3104.191,1781823599999,195009394.4449,72582,1417.715,89054784.4412,0
2026-06-18 23:00:00,62852.9,62959.9,62717.0,62924.1,2527.605,1781827199999,158850466.9503,74947,1295.169,81406135.8318,0
2026-06-19 00:00:00,62924.0,63066.7,62812.7,62991.7,2446.187,1781830799999,153981969.9695,82337,1455.779,91645558.3278,0
2026-06-19 01:00:00,62991.7,63073.0,62814.3,62994.5,2562.735,1781834399999,161302168.5023,78670,1230.158,77435868.1304,0
2026-06-19 02:00:00,62994.5,63088.0,62858.2,62974.2,2107.975,1781837999999,132736043.5038,65892,1027.943,64733520.0872,0
2026-06-19 03:00:00,62974.2,63004.8,62237.2,62745.1,11677.236,1781841599999,730802295.657,192701,5048.7,315990093.3369,0
2026-06-19 04:00:00,62745.1,62888.8,62375.7,62421.7,5551.656,1781845199999,347546088.7128,135323,2681.595,167879995.8421,0
2026-06-19 05:00:00,62421.8,62715.0,62417.4,62707.0,3774.762,1781848799999,236320911.1167,94790,1965.874,123066745.9475,0
2026-06-19 06:00:00,62707.1,62888.7,62691.0,62865.1,2658.473,1781852399999,166924032.2501,76367,1421.682,89271144.8888,0
2026-06-19 07:00:00,62865.0,62896.8,62465.6,62592.4,5319.797,1781855999999,333072851.8227,107769,2617.273,163841324.2008,0
2026-06-19 08:00:00,62592.4,62758.1,62504.7,62575.7,3585.07,1781859599999,224501495.2444,89421,1630.265,102092400.8457,0
2026-06-19 09:00:00,62575.7,62623.2,62272.4,62353.0,6117.203,1781863199999,381634075.2728,137826,2826.376,176326787.3817,0
2026-06-19 10:00:00,62352.9,62570.1,62347.8,62506.2,3659.625,1781866799999,228561342.5536,100904,2151.633,134383853.4363,0
2026-06-19 11:00:00,62506.3,62664.3,62419.5,62600.0,3035.836,1781870399999,189945226.0185,85581,1642.792,102784800.4894,0
2026-06-19 12:00:00,62600.0,62844.8,62315.2,62799.4,6739.352,1781873999999,421880813.9339,168296,3690.007,231017138.7189,0
2026-06-19 13:00:00,62799.4,63410.3,62629.5,63174.2,13878.128,1781877599999,874679287.2135,271187,8056.831,507889642.3621,0
2026-06-19 14:00:00,63174.1,63398.3,62972.8,63174.8,7794.914,1781881199999,492517238.2013,188165,3875.74,244924562.8521,0
2026-06-19 15:00:00,63174.8,63266.3,62992.0,63193.0,4428.801,1781884799999,279601868.2347,138747,2204.447,139195131.5516,0
2026-06-19 16:00:00,63193.1,63376.6,62897.8,62943.7,6372.556,1781888399999,402643151.0973,158651,3127.918,197701816.9769,0
2026-06-19 17:00:00,62943.7,63213.0,62836.6,63166.7,4859.398,1781891999999,306217496.6786,142091,2528.681,159388930.8865,0
2026-06-19 18:00:00,63166.6,63175.3,62958.0,63079.3,2166.381,1781895599999,136638381.3899,72793,951.18,59992681.6966,0
2026-06-19 19:00:00,63079.2,63117.0,62907.4,63001.9,1719.554,1781899199999,108336022.1539,63559,890.744,56119636.7254,0
2026-06-19 20:00:00,63001.8,63245.9,62926.2,63217.4,1587.361,1781902799999,100147249.5018,63360,923.663,58281767.1286,0
2026-06-19 21:00:00,63217.3,63253.6,63024.1,63048.0,1954.973,1781906399999,123443316.9245,53651,982.408,62031471.2715,0
2026-06-19 22:00:00,63048.0,63345.1,63015.1,63287.8,3005.024,1781909999999,189981493.7634,59813,1842.653,116489289.3338,0
2026-06-19 23:00:00,63287.8,63645.0,63250.0,63512.6,5223.884,1781913599999,331511910.1341,93738,3484.383,221164731.6195,0
2026-06-20 00:00:00,63512.5,63757.2,63435.0,63496.8,5620.834,1781917199999,357331265.0091,130643,3043.291,193496251.0328,0
2026-06-20 01:00:00,63496.8,63594.2,63368.5,63550.9,2644.972,1781920799999,167923409.3224,76653,1276.425,81031119.5658,0
2026-06-20 02:00:00,63551.0,63551.0,63301.8,63305.7,2722.798,1781924399999,172590397.0913,72025,1046.239,66316105.7092,0
2026-06-20 03:00:00,63305.8,63487.2,63283.5,63440.5,1781.829,1781927999999,112939483.929,50886,918.119,58193745.3289,0
2026-06-20 04:00:00,63440.5,63590.0,63367.6,63553.9,2036.026,1781931599999,129305627.8006,55954,1036.086,65802528.8622,0
2026-06-20 05:00:00,63553.9,63894.0,63509.1,63645.5,6526.429,1781935199999,415807878.5311,131169,3966.785,252743435.0701,0
2026-06-20 06:00:00,63645.4,63730.0,63608.6,63710.0,1912.419,1781938799999,121779598.1362,49408,1020.812,65004292.0273,0
2026-06-20 07:00:00,63710.1,63774.2,63558.4,63625.0,3533.917,1781942399999,225051157.6893,63712,1566.431,99768555.8253,0
2026-06-20 08:00:00,63625.0,63630.0,63360.0,63390.8,4745.106,1781945999999,301205834.7721,82366,1872.139,118844546.0318,0
2026-06-20 09:00:00,63390.8,63760.8,63390.3,63700.8,3687.354,1781949599999,234394265.1662,71647,1978.404,125751881.9646,0
2026-06-20 10:00:00,63700.8,63747.7,63559.8,63649.7,2170.014,1781953199999,138119882.5951,51014,1046.525,66615116.9495,0
2026-06-20 11:00:00,63649.6,63770.0,63586.8,63651.3,1580.907,1781956799999,100662437.3103,43768,863.388,54977585.4571,0
2026-06-20 12:00:00,63651.4,63756.0,63497.3,63627.8,3118.595,1781960399999,198465084.625,65714,1451.769,92389245.6808,0
2026-06-20 13:00:00,63627.7,63627.8,63242.0,63368.0,6104.423,1781963999999,386933312.6422,116674,2641.617,167412730.904,0
2026-06-20 14:00:00,63368.0,64150.0,63136.2,63929.5,15156.582,1781967599999,965218641.1133,265029,8445.589,538104172.7883,0
2026-06-20 15:00:00,63929.4,64370.9,63810.0,64139.5,11736.081,1781971199999,752394065.4803,234682,6289.752,403258060.9351,0
2026-06-20 16:00:00,64139.4,64150.0,63875.0,63999.9,4431.632,1781974799999,283581179.0503,116941,2429.545,155465830.7615,0
2026-06-20 17:00:00,63999.9,64015.0,63661.9,63810.7,5116.225,1781978399999,326626556.2009,130949,1968.035,125660332.6615,0
2026-06-20 18:00:00,63810.8,63899.0,63750.3,63776.4,1651.649,1781981999999,105397159.8749,51736,842.719,53776486.8315,0
2026-06-20 19:00:00,63776.3,63940.3,63764.2,63905.5,1802.738,1781985599999,115139190.2441,52754,1002.741,64045596.2709,0
2026-06-20 20:00:00,63905.5,63945.0,63820.0,63899.4,958.033,1781989199999,61213457.5862,35817,464.538,29681729.0079,0
2026-06-20 21:00:00,63899.4,64066.6,63886.6,63983.0,1679.864,1781992799999,107447746.3154,48874,977.076,62499975.5971,0
2026-06-20 22:00:00,63983.0,64326.0,63943.6,64245.9,3225.948,1781996399999,207081792.5748,95446,1934.694,124188412.4587,0
2026-06-20 23:00:00,64245.9,64317.6,64219.7,64270.0,1732.321,1781999999999,111316876.6972,53439,830.479,53367693.2641,0
2026-06-21 00:00:00,64270.1,64303.0,64217.6,64264.3,2410.512,1782003599999,154849845.5274,45719,907.301,58292476.6675,0
2026-06-21 01:00:00,64264.3,64297.0,64199.0,64221.3,2876.502,1782007199999,184742512.8166,47505,881.29,56608386.051,0
2026-06-21 02:00:00,64221.3,64251.2,64199.0,64219.5,1446.395,1782010799999,92875774.0479,29684,572.212,36744405.8541,0
2026-06-21 03:00:00,64219.5,64450.0,64207.0,64398.8,3632.131,1782014399999,233796765.0318,77959,2196.488,141394754.1284,0
2026-06-21 04:00:00,64398.8,64568.0,64223.3,64252.7,4422.656,1782017999999,284936397.6328,92344,2167.299,139658502.196,0
2026-06-21 05:00:00,64252.6,64339.7,64199.0,64226.5,2673.68,1782021599999,171760488.5382,52062,1281.017,82300672.2358,0
2026-06-21 06:00:00,64226.6,64300.0,64168.7,64270.0,1874.008,1782025199999,120354834.3953,39069,840.738,54000423.8499,0
2026-06-21 07:00:00,64269.9,64270.0,64143.2,64170.1,3195.625,1782028799999,205105422.8473,43184,1109.78,71237798.9518,0
2026-06-21 08:00:00,64170.0,64204.8,63871.3,63987.9,5172.436,1782032399999,331159254.9897,81421,1996.889,127794345.2733,0
2026-06-21 09:00:00,63987.9,64224.5,63928.4,64189.8,3868.644,1782035999999,247873439.2129,81576,2486.121,159302553.6837,0
2026-06-21 10:00:00,64189.8,64384.0,64175.5,64338.9,4012.6,1782039599999,257968016.4798,75817,2329.105,149729998.2565,0
2026-06-21 11:00:00,64339.0,64453.3,64077.3,64149.9,4721.509,1782043199999,303388892.3712,115633,2199.617,141360434.5103,0
2026-06-21 12:00:00,64149.8,64208.7,63916.0,64161.1,4648.175,1782046799999,297697416.6229,107144,2407.276,154190599.3313,0
2026-06-21 13:00:00,64161.1,64161.1,63981.2,64123.2,2524.614,1782050399999,161772506.3035,59204,1209.866,77528341.318,0
2026-06-21 14:00:00,64123.2,64128.3,63969.7,64120.0,1789.791,1782053999999,114632169.1132,52439,922.487,59087454.3072,0
2026-06-21 15:00:00,64120.0,64337.3,64081.5,64200.3,2931.074,1782057599999,188241189.5947,77997,1767.921,113544838.3406,0
2026-06-21 16:00:00,64200.2,64231.6,64013.0,64122.3,2597.496,1782061199999,166559683.3661,70667,1126.024,72197521.6017,0
2026-06-21 17:00:00,64122.2,64197.1,64046.4,64114.6,1339.794,1782064799999,85907331.4832,42022,678.478,43504470.9212,0
2026-06-21 18:00:00,64114.6,64221.0,63907.4,64180.0,2519.631,1782068399999,161413180.9969,75264,1353.233,86706971.4854,0
2026-06-21 19:00:00,64180.1,64284.9,64135.1,64173.6,1206.193,1782071999999,77433777.4896,40174,673.418,43233482.6921,0
2026-06-21 20:00:00,64173.7,64243.4,63641.3,63824.8,4784.615,1782075599999,305538944.0687,101791,2165.113,138249788.6112,0
2026-06-21 21:00:00,63824.8,63950.0,63475.3,63778.2,7220.217,1782079199999,459748734.9927,161162,3716.427,236683012.8382,0
2026-06-21 22:00:00,63778.1,63840.0,63543.0,63775.3,5017.033,1782082799999,319428121.9503,140804,2876.678,183134410.702,0
2026-06-21 23:00:00,63775.3,63775.3,63220.0,63287.1,8096.745,1782086399999,513627526.6681,192953,3500.261,221983444.7431,0
2026-06-22 00:00:00,63287.2,64076.0,63286.2,63867.2,8324.368,1782089999999,530304903.7307,214008,4503.159,286875423.622,0
2026-06-22 01:00:00,63867.3,64788.0,63818.0,64574.5,16112.153,1782093599999,1038071455.1989,339614,9033.214,581982391.651,0
2026-06-22 02:00:00,64574.5,64643.7,64213.8,64226.5,4686.405,1782097199999,301983227.9292,143035,2213.576,142666127.4226,0
2026-06-22 03:00:00,64226.5,64434.6,63857.1,63935.1,8838.637,1782100799999,566657445.7815,204673,4033.038,258539383.7556,0
2026-06-22 04:00:00,63935.1,64085.4,63833.4,64063.6,3987.486,1782104399999,255012233.4312,106721,1960.681,125406120.0298,0
2026-06-22 05:00:00,64063.5,64311.8,64050.6,64219.5,3574.11,1782107999999,229450156.6646,93355,1781.303,114346360.4701,0
2026-06-22 06:00:00,64219.5,64299.0,63912.8,63960.7,2873.557,1782111599999,184113259.4032,83434,1328.823,85140434.5525,0
2026-06-22 07:00:00,63960.6,64384.3,63931.0,64187.9,4308.349,1782115199999,276642869.6665,99733,2299.277,147631748.687,0
2026-06-22 08:00:00,64188.0,64332.4,64014.9,64133.8,3083.064,1782118799999,197826706.1538,98672,1647.274,105682319.1207,0
2026-06-22 09:00:00,64133.9,64232.5,64019.0,64114.8,1760.141,1782122399999,112838248.1015,66604,850.041,54491351.0758,0
2026-06-22 10:00:00,64114.7,64250.0,64044.1,64109.8,1568.598,1782125999999,100620771.6542,50558,739.526,47435586.6706,0
2026-06-22 11:00:00,64109.9,64750.0,64064.5,64624.3,9530.798,1782129599999,614592859.1048,214505,4880.75,314734657.7817,0
2026-06-22 12:00:00,64624.2,65199.0,64545.7,65120.1,14700.714,1782133199999,954207030.1418,279145,8479.359,550392929.1044,0
2026-06-22 13:00:00,65120.0,65565.7,64915.6,65548.0,15228.832,1782136799999,993940360.8922,323294,8374.742,546793301.235,0
2026-06-22 14:00:00,65547.9,65597.2,64802.3,64943.0,14941.027,1782140399999,972430911.9677,304155,7276.858,473468124.6997,0
2026-06-22 15:00:00,64943.1,65117.2,64722.2,64808.0,6535.352,1782143999999,424387784.651,199629,3031.406,196886152.2946,0
2026-06-22 16:00:00,64808.0,64835.6,64481.0,64695.7,8721.001,1782147599999,563871214.7117,199444,4266.348,275877273.1245,0
2026-06-22 17:00:00,64695.8,64746.4,64355.0,64580.6,5298.329,1782151199999,341765674.8768,134356,2424.195,156394950.5143,0
2026-06-22 18:00:00,64580.6,64708.0,64249.6,64312.9,5474.731,1782154799999,352987692.2835,123077,2580.313,166381956.6901,0
2026-06-22 19:00:00,64312.9,64475.8,64240.0,64447.9,4662.824,1782158399999,300062106.7743,129320,2473.665,159199670.8062,0
2026-06-22 20:00:00,64450.6,64637.1,64326.0,64409.8,3634.307,1782161999999,234360729.6003,82918,1759.114,113438631.8233,0
2026-06-22 21:00:00,64409.8,64461.0,64112.1,64291.0,3088.035,1782165599999,198393324.0947,67567,1317.522,84653972.3724,0
2026-06-22 22:00:00,64291.0,64370.8,63758.3,63948.4,7545.433,1782169199999,482849392.3679,187188,3669.437,234844360.8977,0
2026-06-22 23:00:00,63948.5,64030.7,63843.8,63990.2,3364.757,1782172799999,215163098.0568,93504,1665.701,106515992.561,0
2026-06-23 00:00:00,63990.1,64130.0,63803.2,64119.4,3891.308,1782176399999,248947841.0036,110416,2089.0,133656055.1676,0
2026-06-23 01:00:00,64119.4,64242.8,63852.5,64125.2,5358.072,1782179999999,343421976.5475,137371,2824.681,181060079.553,0
2026-06-23 02:00:00,64125.1,64247.2,64005.5,64165.9,2594.761,1782183599999,166476979.0378,77746,1030.497,66112351.0176,0
2026-06-23 03:00:00,64165.8,64172.2,63933.3,64037.3,3099.414,1782187199999,198360505.8517,80201,1475.92,94450222.6547,0
2026-06-23 04:00:00,64037.2,64068.0,63569.2,63594.9,5712.933,1782190799999,364396552.7112,124308,2094.189,133595012.2803,0
2026-06-23 05:00:00,63594.8,63707.5,63322.0,63372.1,8699.821,1782194399999,552260738.6859,195087,4058.525,257667206.8619,0
2026-06-23 06:00:00,63372.0,63374.4,62532.4,62905.5,25443.262,1782197999999,1599450356.1669,386993,13446.67,844949069.7384,0
2026-06-23 07:00:00,62905.5,63070.1,62828.0,62849.2,5860.475,1782201599999,368838837.7769,144703,2721.207,171283843.1908,0
2026-06-23 08:00:00,62849.3,62916.5,61870.0,62353.7,25191.723,1782205199999,1569716447.932,456969,11588.977,722092623.4877,0
2026-06-23 09:00:00,62353.6,62482.0,62309.0,62350.2,4877.636,1782208799999,304367202.0402,107040,2180.375,136053843.0123,0
2026-06-23 10:00:00,62350.3,62563.9,62207.1,62290.4,5432.761,1782212399999,338738525.6871,114258,2715.398,169329641.0663,0
2026-06-23 11:00:00,62290.4,62600.0,62289.2,62478.5,5964.423,1782215999999,372672969.2292,118323,3526.647,220374129.5949,0
2026-06-23 12:00:00,62478.4,62531.6,62157.0,62227.9,5881.479,1782219599999,366465383.3082,124341,2525.804,157407629.5864,0
2026-06-23 13:00:00,62228.0,62513.4,61916.9,62446.6,15070.538,1782223199999,937967686.0272,354781,7502.874,467038060.104,0
2026-06-23 14:00:00,62446.5,62837.1,62359.2,62462.8,14169.381,1782226799999,886473506.1868,353835,7290.267,456167438.8925,0
2026-06-23 15:00:00,62462.8,62480.3,62161.2,62455.8,7509.637,1782230399999,468037451.6331,209473,3793.27,236424294.4543,0
2026-06-23 16:00:00,62455.9,62812.2,62393.4,62522.9,8663.062,1782233999999,542608271.7779,200418,4739.429,296872639.7605,0
2026-06-23 17:00:00,62522.9,62668.7,62301.7,62330.0,3484.745,1782237599999,217702621.9139,131476,1590.575,99380255.2473,0
2026-06-23 18:00:00,62330.0,62420.0,62075.6,62215.3,4189.498,1782241199999,260770180.088,132269,2048.758,127539487.1985,0
2026-06-23 19:00:00,62215.3,62467.2,62201.3,62365.7,2790.577,1782244799999,173938033.7279,119736,1501.929,93618513.0256,0
2026-06-23 20:00:00,62365.7,62518.5,62344.2,62439.8,2217.701,1782248399999,138478505.2637,75843,967.052,60384136.5819,0
2026-06-23 21:00:00,62439.9,62629.9,62434.9,62563.1,2110.412,1782251999999,131966592.8578,71344,1027.312,64239482.5294,0
2026-06-23 22:00:00,62563.1,62749.9,62488.1,62560.1,2806.833,1782255599999,175730774.9645,88164,1379.071,86353992.025,0
2026-06-23 23:00:00,62560.1,62770.6,62463.7,62696.7,1898.787,1782259199999,118870766.8262,78117,873.294,54676357.2674,0
2026-06-24 00:00:00,62696.7,62999.9,62696.7,62982.1,4509.603,1782262799999,283538188.1826,145181,2642.91,166187354.8623,0
2026-06-24 01:00:00,62982.1,63090.9,62737.0,62904.6,3777.468,1782266399999,237734989.9658,141605,1867.301,117541057.2374,0
2026-06-24 02:00:00,62904.6,62994.6,62572.1,62598.0,4358.54,1782269999999,273419992.9554,135069,2042.574,128137813.0941,0
2026-06-24 03:00:00,62598.0,62804.0,62402.8,62704.6,5111.386,1782273599999,320005446.8374,126894,2376.228,148804773.3303,0
2026-06-24 04:00:00,62704.6,62779.9,62500.0,62720.6,2797.018,1782277199999,175237400.9548,90544,1320.107,82708600.0606,0
2026-06-24 05:00:00,62720.7,63053.5,62678.0,62859.9,3935.298,1782280799999,247496032.2816,105028,2078.426,130719016.6236,0
2026-06-24 06:00:00,62859.8,62888.0,62700.0,62754.6,1940.615,1782284399999,121850022.7279,71552,929.463,58361870.5275,0
2026-06-24 07:00:00,62754.7,62822.0,62570.8,62630.3,3406.243,1782287999999,213479887.9636,95081,1583.17,99226658.9044,0
2026-06-24 08:00:00,62630.4,62786.2,62574.0,62773.0,2748.793,1782291599999,172300096.3669,79336,1492.863,93574518.9682,0
2026-06-24 09:00:00,62773.0,62773.0,62608.6,62650.2,1488.171,1782295199999,93288134.1403,57788,655.351,41080452.3746,0
2026-06-24 10:00:00,62650.2,62657.8,62365.4,62416.8,4330.738,1782298799999,270728406.6554,102442,1811.297,113251002.3506,0
2026-06-24 11:00:00,62416.9,63209.6,62272.1,62887.7,11430.749,1782302399999,716735864.8492,221483,5857.163,367437677.9482,0
2026-06-24 12:00:00,62887.8,62939.3,62543.4,62589.5,5404.984,1782305999999,339281218.8441,167134,2465.1,154742218.7639,0
2026-06-24 13:00:00,62589.5,62604.0,61220.7,61308.2,35472.77,1782309599999,2191282974.8272,695110,16154.41,997904455.7494,0
2026-06-24 14:00:00,61308.2,61434.5,60866.0,61085.3,24983.872,1782313199999,1527885047.6285,521570,12263.291,750109789.3097,0
2026-06-24 15:00:00,61085.3,61128.9,60238.0,60254.9,24553.002,1782316799999,1489571815.764,449774,10858.704,658821993.1571,0
2026-06-24 16:00:00,60254.9,60649.1,59260.0,59808.2,37783.564,1782320399999,2267845253.7662,549190,16070.854,965474914.894,0
2026-06-24 17:00:00,59808.3,60025.2,59060.0,59363.7,33548.446,1782323999999,1996233251.013,640149,14542.085,865620417.767,0
2026-06-24 18:00:00,59363.6,59895.3,59269.4,59569.5,16224.69,1782327599999,966837894.0978,384511,8970.207,534611883.2602,0
2026-06-24 19:00:00,59569.5,59973.3,59484.7,59923.8,7889.569,1782331199999,471160084.4202,246642,4374.98,261273346.2698,0
2026-06-24 20:00:00,59923.7,61188.0,59813.9,60926.5,26953.645,1782334799999,1635089533.3149,516628,14788.942,896931610.0288,0
2026-06-24 21:00:00,60926.5,61115.2,60633.1,61073.6,6808.637,1782338399999,414454053.1294,157390,3201.869,194916200.9235,0
2026-06-24 22:00:00,61073.6,61256.0,60752.8,60850.2,5756.512,1782341999999,350950052.2928,139910,2581.019,157380346.5009,0
2026-06-24 23:00:00,60850.3,61086.3,60799.9,61051.2,2882.991,1782345599999,175728171.1013,97727,1606.761,97938906.2839,0
2026-06-25 00:00:00,61051.2,61138.9,60666.0,60786.9,5410.751,1782349199999,329450088.1915,153417,2435.589,148325118.8975,0
2026-06-25 01:00:00,60786.9,60960.5,60686.8,60892.9,3603.816,1782352799999,219171551.1943,121290,1964.225,119462830.2636,0
2026-06-25 02:00:00,60892.9,60939.0,60660.0,60763.2,4314.462,1782356399999,262193675.499,108317,1813.767,110230105.3672,0
2026-06-25 03:00:00,60763.3,60877.7,60648.0,60853.9,3048.144,1782359999999,185233715.4027,80850,1542.388,93735815.9557,0
2026-06-25 04:00:00,60854.0,61389.0,60756.4,61323.2,6224.548,1782363599999,380265631.9221,123052,3705.358,226396787.1316,0
2026-06-25 05:00:00,61323.3,61800.0,61241.9,61567.1,13551.642,1782367199999,834442555.2051,267220,7264.429,447363928.8128,0
2026-06-25 06:00:00,61567.1,61829.1,61567.1,61693.5,4754.255,1782370799999,293304921.9211,125671,2587.039,159605337.7807,0
2026-06-25 07:00:00,61693.5,61931.1,61632.2,61886.7,6467.034,1782374399999,399729723.7279,136712,3234.921,199956123.8416,0
2026-06-25 08:00:00,61886.8,61897.6,61653.0,61686.4,5343.995,1782377999999,329970546.6982,90317,2334.428,144134137.0329,0
2026-06-25 09:00:00,61686.5,61764.9,61578.4,61707.8,3667.26,1782381599999,226236388.8652,87298,1946.92,120117564.7818,0
2026-06-25 10:00:00,61707.9,61727.9,61228.4,61245.3,7304.194,1782385199999,448895669.0608,131069,3163.743,194467373.2184,0
2026-06-25 11:00:00,61245.4,61395.3,61033.5,61258.2,11773.247,1782388799999,720971262.683,191801,5367.864,328699802.0494,0
2026-06-25 12:00:00,61258.2,61742.9,61048.5,61216.4,12542.989,1782392399999,769318874.8653,362577,6539.364,401174075.0649,0
2026-06-25 13:00:00,61216.4,61346.4,58030.0,58248.4,65568.385,1782395999999,3906493549.2821,988568,30167.375,1798147758.2174,0
2026-06-25 14:00:00,58248.4,60466.9,58248.4,59448.7,68127.991,1782399599999,4044545759.2281,1298258,34844.753,2068075886.2998,0
2026-06-25 15:00:00,59448.7,59630.2,58835.2,59536.2,20883.361,1782403199999,1237010866.1097,619945,10966.013,649760242.6545,0
2026-06-25 16:00:00,59536.2,60035.7,59130.0,59284.0,13732.675,1782406799999,817999550.4361,423099,6649.827,396177177.9429,0
2026-06-25 17:00:00,59284.1,59720.0,59114.4,59656.3,7827.95,1782410399999,465448345.7194,313438,4152.285,246887039.4437,0
2026-06-25 18:00:00,59656.3,59775.0,59333.0,59491.0,7260.279,1782413999999,432285295.5683,273807,3775.219,224802596.4718,0
2026-06-25 19:00:00,59491.2,59496.6,59152.7,59299.8,7110.978,1782417599999,421659963.1322,201478,3326.687,197246494.6168,0
2026-06-25 20:00:00,59299.9,59723.5,59298.7,59428.8,6367.176,1782421199999,379056009.1237,183601,3243.155,193040881.5387,0
2026-06-25 21:00:00,59428.9,60245.0,59422.7,60180.7,6267.02,1782424799999,375120141.099,152091,3507.988,210021518.4655,0
2026-06-25 22:00:00,60180.7,60180.8,59705.4,59815.1,6099.121,1782428399999,365351958.3837,161381,2608.688,156265562.4754,0
2026-06-25 23:00:00,59815.1,60164.3,59709.1,59771.9,4578.901,1782431999999,274584503.4061,144320,2230.782,133768845.7301,0
2026-06-26 00:00:00,59772.0,59882.2,59608.1,59638.2,3871.116,1782435599999,231299588.9932,145649,2010.075,120106055.3598,0
2026-06-26 01:00:00,59638.2,59761.3,59200.0,59413.0,6344.268,1782439199999,376900283.7403,193225,3261.387,193731913.6037,0
2026-06-26 02:00:00,59413.1,59432.3,58325.6,58536.0,24980.279,1782442799999,1465984323.4001,525904,12235.247,717997370.1753,0
2026-06-26 03:00:00,58536.0,60125.7,58288.0,60015.0,26425.366,1782446399999,1565941533.3497,513883,12839.111,761208014.9166,0
2026-06-26 04:00:00,60015.0,60234.8,59802.3,59899.9,8739.818,1782449999999,524056081.5759,237113,4553.749,273122783.7472,0
2026-06-26 05:00:00,59899.9,60039.1,59703.1,59921.8,5871.329,1782453599999,351545705.3679,181260,2983.283,178651115.0451,0
2026-06-26 06:00:00,59921.9,60440.0,59666.2,60298.9,10771.225,1782457199999,647054344.7765,259314,6421.165,385764002.5776,0
2026-06-26 07:00:00,60298.9,60734.0,60252.6,60491.0,14629.556,1782460799999,885605739.3225,276178,6893.402,417254418.9709,0
2026-06-26 08:00:00,60491.0,60542.6,60112.0,60215.3,7945.368,1782464399999,478781936.6593,185567,3560.153,214509281.5058,0
2026-06-26 09:00:00,60215.3,60229.8,59544.7,59709.3,10679.166,1782467999999,639612739.6468,236909,4953.812,296666470.3472,0
2026-06-26 10:00:00,59709.3,59834.2,59210.4,59290.0,10744.708,1782471599999,639819285.3768,252256,5074.273,302219144.7002,0
2026-06-26 11:00:00,59290.0,59569.0,59233.1,59392.4,6798.892,1782475199999,403941536.5632,213078,3413.409,202816284.5459,0
2026-06-26 12:00:00,59392.4,59998.4,58940.0,59167.6,23971.564,1782478799999,1424085935.1553,492998,11811.782,702068902.4334,0
2026-06-26 13:00:00,59167.6,60189.5,58388.0,60153.3,35902.97,1782482399999,2124818686.1185,842357,17180.888,1018326749.0612,0
2026-06-26 14:00:00,60153.5,60274.2,59358.8,59568.9,21091.08,1782485999999,1262235458.9421,613814,10150.101,607487149.2308,0
2026-06-26 15:00:00,59568.9,60494.1,59560.0,60296.6,16399.595,1782489599999,986384749.8571,451583,8495.537,510877509.3345,0
2026-06-26 16:00:00,60296.9,60580.0,59933.1,60017.8,13029.495,1782493199999,784159735.2403,328135,6510.197,391899363.328,0
2026-06-26 17:00:00,60017.8,60276.5,59921.4,60000.0,6949.554,1782496799999,417461237.6814,229751,3725.983,223850893.3352,0
2026-06-26 18:00:00,60000.0,60140.7,59530.7,59648.9,5774.528,1782500399999,345429599.9764,183662,2589.99,154959919.0781,0
2026-06-26 19:00:00,59648.9,60077.8,59586.3,59719.7,7106.059,1782503999999,425495258.2741,210103,3450.444,206586911.3312,0
2026-06-26 20:00:00,59719.9,59970.0,59556.0,59694.7,4861.161,1782507599999,290310473.5407,170968,2460.076,146924985.4574,0
2026-06-26 21:00:00,59694.7,60028.0,59649.2,59887.6,2664.982,1782511199999,159510490.7136,80622,1396.41,83576665.4407,0
2026-06-26 22:00:00,59887.6,60051.0,59717.1,60007.5,3088.676,1782514799999,185014442.4387,86986,1611.759,96547852.3224,0
2026-06-26 23:00:00,60007.6,60090.8,59871.9,60072.0,3454.396,1782518399999,207309251.8001,72053,1758.873,105554458.0905,0
2026-06-27 00:00:00,60071.9,60167.3,59846.2,60033.4,3606.601,1782521999999,216529131.3779,75519,1985.663,119244534.0788,0
2026-06-27 01:00:00,60033.4,60046.9,59904.8,59919.1,1013.631,1782525599999,60770560.0178,41323,430.393,25802437.2572,0
2026-06-27 02:00:00,59919.0,60349.0,59888.7,60256.6,4979.232,1782529199999,299901924.4367,112596,2630.25,158416640.7194,0
2026-06-27 03:00:00,60256.6,60387.8,60134.5,60274.7,3264.048,1782532799999,196738555.2145,85712,1742.373,105043130.4505,0
2026-06-27 04:00:00,60274.8,60472.2,60189.4,60215.9,3433.958,1782536399999,207275963.505,80096,1738.791,104978566.3361,0
2026-06-27 05:00:00,60215.9,60286.0,60101.9,60208.3,1945.532,1782539999999,117125938.996,64281,985.514,59330968.1455,0
2026-06-27 06:00:00,60208.4,60492.2,60074.5,60345.3,4271.161,1782543599999,257551108.2866,91889,2073.983,125086734.6715,0
2026-06-27 07:00:00,60345.2,60557.8,60266.0,60522.3,3356.548,1782547199999,202797791.4963,74965,1869.445,112972531.6523,0
2026-06-27 08:00:00,60522.4,60522.5,60336.2,60425.1,2454.04,1782550799999,148308647.6471,63197,1322.693,79943895.5784,0
2026-06-27 09:00:00,60425.2,60482.9,60261.0,60391.2,2310.771,1782554399999,139484962.2078,54500,1128.454,68108921.3397,0
2026-06-27 10:00:00,60391.3,60466.5,60350.0,60390.3,1032.741,1782557999999,62385819.2715,33659,479.677,28976680.1669,0
2026-06-27 11:00:00,60390.3,60425.4,60162.0,60331.9,3122.375,1782561599999,188200628.9898,65285,1638.328,98758419.0043,0
2026-06-27 12:00:00,60331.9,60407.1,60222.6,60394.0,1807.192,1782565199999,108995049.3296,52248,954.968,57602286.213,0
2026-06-27 13:00:00,60394.0,60643.1,60356.1,60554.6,4154.884,1782568799999,251456048.7013,87836,2297.405,139065421.8894,0
2026-06-27 14:00:00,60554.6,60697.6,60480.0,60588.9,3321.5,1782572399999,201266271.1178,90364,1764.199,106906060.8328,0
2026-06-27 15:00:00,60589.0,60924.7,60541.1,60817.2,7814.952,1782575999999,474970532.6607,154067,4730.067,287510619.93,0
2026-06-27 16:00:00,60817.3,60850.0,60648.2,60785.0,2778.326,1782579599999,168781867.4374,67448,1423.683,86497331.5621,0
2026-06-27 17:00:00,60784.9,60796.6,60383.0,60495.6,6435.887,1782583199999,389547686.739,117669,3011.816,182299874.0392,0
2026-06-27 18:00:00,60495.6,60547.3,60420.2,60537.8,1662.956,1782586799999,100584785.7312,54353,852.137,51544330.4988,0
2026-06-27 19:00:00,60537.9,60576.9,60050.0,60149.9,5900.77,1782590399999,355445684.6236,128684,2417.726,145615560.419,0
2026-06-27 20:00:00,60149.9,60283.4,60141.7,60272.8,1563.196,1782593999999,94157450.2114,43063,919.824,55405037.7722,0
2026-06-27 21:00:00,60272.8,60469.8,60108.9,60173.4,2727.898,1782597599999,164526862.2922,69616,1572.78,94887221.8169,0
2026-06-27 22:00:00,60173.4,60230.0,59819.8,60204.3,4692.97,1782601199999,281752715.8834,125661,2218.096,133212352.772,0
2026-06-27 23:00:00,60204.3,60303.2,59913.9,60000.3,3651.424,1782604799999,219329668.8425,99204,1881.26,112989370.7157,0
2026-06-28 00:00:00,60000.4,60168.7,59983.3,60125.1,1900.278,1782608399999,114221289.4191,59263,922.346,55438381.7097,0
2026-06-28 01:00:00,60125.1,60256.8,59950.0,60193.0,2439.438,1782611999999,146675359.8697,64559,1373.002,82569462.0681,0
2026-06-28 02:00:00,60193.1,60314.3,60017.2,60121.2,2057.691,1782615599999,123774528.1117,59308,1077.128,64806102.0603,0
2026-06-28 03:00:00,60121.2,60250.4,60121.2,60169.5,1454.945,1782619199999,87569723.6368,42880,638.333,38421313.3462,0
2026-06-28 04:00:00,60169.5,60205.4,60060.0,60108.1,1216.104,1782622799999,73136315.2376,39904,604.025,36327318.6593,0
2026-06-28 05:00:00,60108.0,60112.3,59714.8,59956.6,5438.2,1782626399999,325685189.4434,114863,2518.518,150809869.6796,0
2026-06-28 06:00:00,59956.6,60020.0,59772.9,59970.0,2915.154,1782629999999,174653001.4299,72060,1485.137,88973661.6751,0
2026-06-28 07:00:00,59970.0,60247.1,59965.8,60192.5,3433.223,1782633599999,206485748.235,77481,2043.262,122894040.5518,0
2026-06-28 08:00:00,60192.4,60543.3,60109.5,60340.1,4910.201,1782637199999,296265599.0511,101259,2573.398,155274207.7186,0
2026-06-28 09:00:00,60340.1,60444.0,60223.1,60230.0,2760.374,1782640799999,166486627.8264,69630,1252.793,75575429.2094,0
2026-06-28 10:00:00,60230.0,60271.8,60037.0,60138.5,2477.136,1782644399999,148985024.5388,69111,1206.668,72584121.5871,0
2026-06-28 11:00:00,60138.4,60351.3,60091.4,60314.9,2495.801,1782647999999,150341243.8249,74345,1298.081,78189517.8642,0
2026-06-28 12:00:00,60315.0,60435.8,60161.2,60270.0,2227.61,1782651599999,134273861.8246,77790,1163.455,70141732.3225,0
2026-06-28 13:00:00,60269.9,60269.9,59934.3,60044.5,4290.318,1782655199999,257665126.5072,116396,2028.452,121817835.8571,0
2026-06-28 14:00:00,60044.6,60228.5,59983.0,59995.3,2937.391,1782658799999,176523584.7199,94962,1336.647,80336651.8601,0
2026-06-28 15:00:00,59995.3,60103.2,59781.8,59849.9,5771.027,1782662399999,345848970.4395,127906,2811.029,168467864.156,0
2026-06-28 16:00:00,59850.0,59915.7,59550.0,59655.9,7424.561,1782665999999,443332281.1202,180566,3370.917,201309927.9333,0
2026-06-28 17:00:00,59655.9,59821.9,59366.6,59557.3,8401.918,1782669599999,500305869.0517,172001,3764.811,224253761.8962,0
2026-06-28 18:00:00,59557.3,59678.8,59466.9,59580.7,3170.957,1782673199999,188964881.5043,92705,1419.142,84577798.0149,0
2026-06-28 19:00:00,59580.7,59658.2,59224.6,59451.4,5640.911,1782676799999,335136266.2323,137834,2404.963,142892584.2811,0
2026-06-28 20:00:00,59451.3,59747.7,59443.8,59634.0,4223.368,1782680399999,251879432.3678,79039,2186.687,130402511.3284,0
2026-06-28 21:00:00,59634.1,59773.8,59300.0,59418.1,4650.66,1782683999999,276925981.2929,101944,1912.802,113884181.6642,0
2026-06-28 22:00:00,59418.1,59883.2,58888.0,59040.1,13650.068,1782687599999,809707368.958,389437,6214.599,368834081.1386,0
2026-06-28 23:00:00,59040.0,59820.4,58975.0,59550.2,7711.363,1782691199999,458749995.2064,228253,4123.919,245282716.3585,0
2026-06-29 00:00:00,59550.2,59678.1,58978.2,59637.3,9238.488,1782694799999,547815187.6615,322945,4825.042,286167272.9847,0
2026-06-29 01:00:00,59637.3,59674.3,59170.5,59413.0,5035.286,1782698399999,299137146.2794,215727,2607.222,154872467.82,0
2026-06-29 02:00:00,59413.0,59788.0,58850.0,59731.7,13997.776,1782701999999,832075976.5036,317024,6766.189,402298254.79,0
2026-06-29 03:00:00,59731.8,60219.4,59731.8,60019.8,9982.299,1782705599999,598727561.7479,247368,5443.961,326448828.8999,0
2026-06-29 04:00:00,60019.9,60031.5,59717.0,59806.2,2746.071,1782709199999,164377501.1093,110081,1313.097,78600644.9169,0
2026-06-29 05:00:00,59806.2,60088.0,59360.3,60082.7,6969.253,1782712799999,415945541.9734,210635,3814.799,227717353.9535,0
2026-06-29 06:00:00,60082.7,60325.0,60022.2,60051.0,7371.999,1782716399999,443476036.2798,179691,3686.187,221757542.3414,0
2026-06-29 07:00:00,60051.1,60162.5,59900.7,59998.9,3635.785,1782719999999,218259835.9763,109198,1773.799,106496151.698,0
2026-06-29 08:00:00,59998.9,60070.1,59712.8,59806.9,4899.419,1782723599999,293370914.1688,157064,2344.813,140410496.0543,0
2026-06-29 09:00:00,59806.9,60089.1,59750.1,60031.3,5094.505,1782727199999,305295372.1438,155958,2489.002,149139305.9501,0
2026-06-29 10:00:00,60031.3,60287.1,60031.3,60062.4,5511.908,1782730799999,331611389.7345,145769,2348.016,141259766.6604,0
2026-06-29 11:00:00,60062.3,60193.2,59770.4,59927.2,6062.808,1782734399999,363346584.2666,153187,3133.236,187788414.5732,0
2026-06-29 12:00:00,59927.2,60758.3,59552.6,59923.5,34963.613,1782737999999,2106023855.018,638746,16935.572,1020207561.9389,0
2026-06-29 13:00:00,59923.5,60313.0,59302.8,59559.3,21676.377,1782741599999,1294150833.1432,576946,11079.44,661503288.5045,0
2026-06-29 14:00:00,59559.4,59689.6,58988.0,59444.0,22336.282,1782745199999,1324460082.5687,635093,10565.467,626578151.301,0
2026-06-29 15:00:00,59444.1,59939.2,59067.6,59800.2,18439.212,1782748799999,1099263482.4939,429585,10015.77,597261721.6271,0
2026-06-29 16:00:00,59800.3,59999.0,59562.6,59870.9,6543.241,1782752399999,391130138.0503,214290,3332.285,199215826.2411,0
2026-06-29 17:00:00,59870.9,60666.6,59870.9,60396.0,17431.193,1782755999999,1053039411.428,387349,9365.019,565724211.79,0
2026-06-29 18:00:00,60396.0,60500.1,60150.2,60275.4,6924.679,1782759599999,417602307.6514,157440,2920.474,176145926.0,0
2026-06-29 19:00:00,60275.4,60540.0,60127.4,60409.3,6026.141,1782763199999,363780692.908,161760,3583.288,216324111.2784,0
2026-06-29 20:00:00,60409.3,60535.0,60265.1,60271.2,4954.154,1782766799999,299271646.1828,112511,2201.676,133026734.7248,0
2026-06-29 21:00:00,60271.2,60565.6,60232.1,60454.9,2822.026,1782770399999,170393623.1023,69123,1261.634,76181112.2021,0
2026-06-29 22:00:00,60454.9,60493.2,60314.0,60326.5,2066.396,1782773999999,124795319.2395,64884,949.422,57340634.0449,0
2026-06-29 23:00:00,60326.4,60353.9,60134.0,60224.7,3047.364,1782777599999,183572826.0056,72365,1405.466,84669067.846,0
2026-06-30 00:00:00,60224.7,60250.0,59667.5,59806.1,9133.247,1782781199999,546929570.3764,202677,4144.279,248170475.9408,0
2026-06-30 01:00:00,59806.1,60024.9,59740.0,59919.6,4682.306,1782784799999,280340776.4844,143565,2346.66,140514397.7456,0
2026-06-30 02:00:00,59919.6,60021.4,59719.6,59920.4,3470.21,1782788399999,207857001.2632,82662,1821.689,109107453.2138,0
2026-06-30 03:00:00,59920.4,60007.9,59570.0,59596.1,5570.503,1782791999999,332840864.889,112228,2430.324,145236807.3114,0
2026-06-30 04:00:00,59596.1,59672.1,59400.0,59458.3,8066.536,1782795599999,480076970.0588,151907,4084.42,243090928.8751,0
2026-06-30 05:00:00,59458.3,59633.5,59329.2,59627.7,7258.542,1782799199999,431526333.4757,122962,3522.716,209458856.5112,0
2026-06-30 06:00:00,59627.8,59698.9,59488.6,59571.7,3736.821,1782802799999,222600492.0188,80735,1802.898,107416981.8429,0
2026-06-30 07:00:00,59571.6,59611.7,59423.3,59497.7,3824.498,1782806399999,227529742.1112,99705,1810.394,107700959.8697,0
2026-06-30 08:00:00,59497.7,59532.7,59159.0,59285.8,8863.332,1782809999999,525553729.4328,168337,3928.314,232912560.8373,0
2026-06-30 09:00:00,59285.8,59397.0,59225.0,59348.7,4167.963,1782813599999,247219156.2737,93650,2082.911,123558183.1997,0
2026-06-30 10:00:00,59348.7,59403.0,59264.5,59303.6,2380.9,1782817199999,141268884.1936,70803,1191.301,70688803.3306,0
2026-06-30 11:00:00,59303.7,59399.3,59100.0,59162.3,6214.318,1782820799999,367951568.9655,146984,2995.388,177356199.077,0
2026-06-30 12:00:00,59162.2,59162.3,58351.0,58374.8,25243.04,1782824399999,1482759267.1218,365534,9829.21,577329802.4017,0
2026-06-30 13:00:00,58374.8,58791.7,58200.0,58711.9,26034.559,1782827999999,1522327608.5666,520700,12963.253,758228407.8547,0
2026-06-30 14:00:00,58711.8,59264.4,58400.1,58458.6,23045.692,1782831599999,1356809685.0496,551747,11284.187,664433155.5795,0
2026-06-30 15:00:00,58458.7,58785.6,58160.0,58356.2,18133.224,1782835199999,1058516650.914,402764,8630.611,503993237.0034,0
2026-06-30 16:00:00,58356.2,58617.4,58223.3,58479.3,7812.9,1782838799999,456232940.6697,214192,4063.509,237297743.8493,0
2026-06-30 17:00:00,58479.2,58604.8,58290.0,58396.7,4252.186,1782842399999,248402325.8529,141963,2172.882,126950046.4528,0
2026-06-30 18:00:00,58396.8,58675.0,58334.0,58659.8,4692.25,1782845999999,274570209.136,151725,2409.204,140978500.4458,0
2026-06-30 19:00:00,58659.9,58819.9,58560.0,58794.4,4770.762,1782849599999,279995225.1586,150920,2407.071,141280075.1857,0
2026-06-30 20:00:00,58794.0,58850.0,58621.3,58708.0,3590.107,1782853199999,210840894.7142,100725,1681.647,98763814.6657,0
2026-06-30 21:00:00,58708.0,58744.3,58472.3,58612.1,3145.534,1782856799999,184281607.0214,84898,1234.358,72315867.1969,0
2026-06-30 22:00:00,58612.3,58780.0,58477.1,58575.8,2005.278,1782860399999,117536916.9914,75627,1051.278,61627812.6146,0
2026-06-30 23:00:00,58575.7,58636.7,58518.8,58605.4,1551.593,1782863999999,90905274.1184,60693,687.773,40296131.1871,0
2026-07-01 00:00:00,58605.4,58720.0,58270.0,58548.7,5536.729,1782867599999,323655246.7551,145946,2341.332,136904796.9337,0
2026-07-01 01:00:00,58548.7,58991.6,57758.6,58741.7,28902.834,1782871199999,1687021205.3029,560918,13262.39,775057828.6559,0
2026-07-01 02:00:00,58741.8,59152.0,58632.4,59063.3,12017.6,1782874799999,708571651.177,222776,6833.58,402998821.6327,0
2026-07-01 03:00:00,59063.3,59298.4,58823.9,59169.6,9833.129,1782878399999,580473815.7853,187134,5353.504,316062495.8146,0
2026-07-01 04:00:00,59169.7,59444.5,59030.9,59311.2,5966.189,1782881999999,353507953.324,158185,3070.098,181944640.5081,0
2026-07-01 05:00:00,59311.1,59350.0,59085.0,59122.4,4463.091,1782885599999,264181564.2912,106304,1644.253,97335689.7011,0
2026-07-01 06:00:00,59122.3,59130.0,58500.1,58726.8,13792.727,1782889199999,810155688.9618,220754,7335.504,430769694.9819,0
2026-07-01 07:00:00,58726.7,58797.6,58567.2,58744.4,4204.786,1782892799999,246780596.257,124416,2012.794,118118506.791,0
2026-07-01 08:00:00,58744.4,58965.0,58450.7,58950.8,6346.255,1782896399999,372495687.5887,166407,3483.921,204574606.5448,0
2026-07-01 09:00:00,58950.8,59069.7,58792.8,58921.4,5253.469,1782899999999,309512820.0093,124437,2748.313,161926376.8542,0
2026-07-01 10:00:00,58921.4,58923.3,58590.9,58631.6,3734.411,1782903599999,219249096.1937,96733,1608.758,94448841.1064,0
2026-07-01 11:00:00,58631.6,58733.5,58524.2,58592.9,3608.449,1782907199999,211595362.6045,111524,1910.476,112037155.2844,0
2026-07-01 12:00:00,58592.8,58655.6,58294.1,58495.6,8651.069,1782910799999,505572737.0982,213955,4363.106,254994845.2317,0
2026-07-01 13:00:00,58495.6,59486.7,58495.5,59463.1,22483.032,1782914399999,1326316174.072,490560,11876.872,700594720.3057,0
2026-07-01 14:00:00,59463.0,60067.9,59239.9,59523.8,29537.612,1782917999999,1763963132.974,540126,14859.006,887261206.8827,0
2026-07-01 15:00:00,59523.7,60520.0,59496.9,60118.5,22422.372,1782921599999,1348687393.3377,419294,12244.642,736479719.8028,0
2026-07-01 16:00:00,60118.6,60244.0,59836.1,59902.8,7712.896,1782925199999,463053844.9907,164335,3273.679,196582777.4988,0
2026-07-01 17:00:00,59902.9,60218.2,59762.6,60166.5,6967.927,1782928799999,418302990.6079,161802,3710.054,222740497.6096,0
2026-07-01 18:00:00,60166.5,60278.9,59992.7,60141.5,4929.144,1782932399999,296427279.6917,127873,2622.292,157726548.8705,0
2026-07-01 19:00:00,60141.5,60332.8,59952.3,60000.0,5201.063,1782935999999,312753825.7373,123830,2401.837,144454669.76,0
2026-07-01 20:00:00,60000.0,60170.3,59844.5,60100.3,4206.586,1782939599999,252272420.3425,98990,2171.894,130257560.4668,0
2026-07-01 21:00:00,60100.3,60827.8,60092.7,60799.9,16099.76,1782943199999,975263958.6568,207973,10388.332,629267865.3807,0
2026-07-01 22:00:00,60799.9,61322.0,60319.3,60446.3,23792.275,1782946799999,1447868343.0056,305049,12880.811,783911836.8455,0
2026-07-01 23:00:00,60446.3,60446.3,59949.2,59999.6,8275.076,1782950399999,497749852.2603,167059,3972.394,238936239.4487,0
2026-07-02 00:00:00,59999.6,60005.7,59555.0,59719.7,11009.328,1782953999999,658001064.3729,198236,5543.616,331349719.6703,0
2026-07-02 01:00:00,59719.7,60298.0,59688.9,60150.0,8878.647,1782957599999,532737185.8072,185981,4873.4,292354510.0607,0
2026-07-02 02:00:00,60150.0,60467.2,59978.3,60392.5,5419.48,1782961199999,326567136.268,141744,2690.732,162150522.3205,0
2026-07-02 03:00:00,60392.4,61102.5,60259.1,61032.9,12526.353,1782964799999,760511414.9821,232061,7121.36,432458798.792,0
2026-07-02 04:00:00,61032.9,61033.0,60703.1,60757.7,7263.034,1782968399999,441819390.0221,138824,2791.261,169813845.8383,0
2026-07-02 05:00:00,60757.7,60852.9,60450.0,60479.9,9042.359,1782971999999,548290467.7868,163105,3846.067,233231150.9565,0
2026-07-02 06:00:00,60480.0,60623.5,60232.6,60247.6,8467.548,1782975599999,511606790.3679,144166,3651.611,220670118.8333,0
2026-07-02 07:00:00,60247.6,60288.0,60080.9,60125.8,9344.837,1782979199999,562182911.38,140649,4321.92,260007110.6959,0
2026-07-02 08:00:00,60125.8,60542.2,60113.5,60486.8,6198.207,1782982799999,374069600.1497,134288,3666.823,221304025.8678,0
2026-07-02 09:00:00,60486.7,61447.0,60342.5,61159.6,25607.036,1782986399999,1562063828.7962,412522,14587.916,889951627.1233,0
2026-07-02 10:00:00,61159.6,61330.0,61019.8,61238.5,9252.747,1782989999999,566150277.903,228665,4019.327,245885287.7354,0
2026-07-02 11:00:00,61238.4,61367.3,61100.0,61329.1,12681.094,1782993599999,776849330.2885,222937,5781.462,354157883.4327,0
2026-07-02 12:00:00,61329.1,61591.1,61109.9,61507.4,18071.778,1782997199999,1108969610.0496,354504,9126.245,560176762.4687,0
2026-07-02 13:00:00,61507.3,62077.3,61472.0,61913.5,25674.18,1783000799999,1586755234.2802,463512,13870.115,857326971.7262,0
2026-07-02 14:00:00,61913.6,62180.0,61368.8,61669.8,18344.228,1783004399999,1132654907.8898,458562,9049.473,558899149.897,0
2026-07-02 15:00:00,61669.7,61844.4,61400.0,61584.0,7696.828,1783007999999,474289330.552,249568,3775.389,232662149.9827,0
2026-07-02 16:00:00,61584.0,61754.9,61113.8,61646.8,13879.115,1783011599999,852140451.7016,259302,6435.153,395265123.4871,0
2026-07-02 17:00:00,61646.8,61900.0,61592.8,61643.0,6139.152,1783015199999,379117330.803,157383,3472.865,214506014.4122,0
2026-07-02 18:00:00,61643.0,61847.2,61633.7,61733.5,3075.802,1783018799999,189968975.6393,100170,1579.753,97571761.1304,0
2026-07-02 19:00:00,61733.5,61739.7,61388.1,61452.5,5108.61,1783022399999,314387104.8189,128260,2249.807,138476096.8572,0
2026-07-02 20:00:00,61452.4,61576.8,61308.3,61555.4,4121.371,1783025999999,253116105.6426,91643,2214.592,136040567.0074,0
2026-07-02 21:00:00,61555.3,61634.3,61500.0,61570.6,1957.081,1783029599999,120424802.0424,43088,917.164,56437612.6753,0
2026-07-02 22:00:00,61570.5,61570.6,61388.0,61445.0,3574.01,1783033199999,219797847.1617,45314,931.132,57264242.9384,0
2026-07-02 23:00:00,61444.9,61588.2,61333.0,61540.6,2617.247,1783036799999,160853077.7991,71439,1463.332,89954789.9756,0
2026-07-03 00:00:00,61540.5,61558.8,61229.0,61283.9,3597.556,1783040399999,220727922.5824,114901,1773.623,108833335.9625,0
2026-07-03 01:00:00,61283.9,61727.2,61261.0,61566.5,4451.238,1783043999999,274064180.7967,155945,2358.112,145185491.816,0
2026-07-03 02:00:00,61566.6,61647.0,61271.0,61411.8,3999.381,1783047599999,245706947.5835,110627,2075.143,127487127.4173,0
2026-07-03 03:00:00,61411.9,61558.0,61300.0,61407.6,3005.736,1783051199999,184602791.1375,80913,1583.192,97226131.2329,0
2026-07-03 04:00:00,61407.5,61504.6,61300.4,61420.5,2696.433,1783054799999,165581031.3095,71031,1469.233,90225625.1326,0
2026-07-03 05:00:00,61420.5,61788.0,61403.1,61674.8,4765.665,1783058399999,293700503.9476,111589,2474.722,152524928.4799,0
2026-07-03 06:00:00,61674.7,61825.1,61584.0,61680.5,3450.463,1783061999999,212944668.9,84400,1732.935,106966754.7618,0
2026-07-03 07:00:00,61680.6,61849.7,61634.1,61733.6,3348.266,1783065599999,206759579.9297,75979,1532.016,94605247.1859,0
2026-07-03 08:00:00,61733.7,61875.3,61525.9,61553.5,4222.917,1783069199999,260601375.6186,105208,1968.61,121518794.8549,0
2026-07-03 09:00:00,61553.6,61760.7,61480.7,61686.8,3311.924,1783072799999,204095123.8501,95641,1770.734,109128354.7432,0
2026-07-03 10:00:00,61686.9,62017.7,61640.2,61886.6,5642.212,1783076399999,349050556.7763,121306,3264.838,201996989.6125,0
2026-07-03 11:00:00,61886.5,62078.6,61808.1,61992.8,5889.006,1783079999999,364869322.5852,124920,3101.796,192185865.3359,0
2026-07-03 12:00:00,61992.8,62149.3,61841.0,61952.5,8242.179,1783083599999,511313621.852,147376,4628.977,287198820.3795,0
2026-07-03 13:00:00,61952.6,62271.9,61910.5,62083.8,5936.24,1783087199999,368500717.3716,140188,3053.051,189577720.8483,0
2026-07-03 14:00:00,62083.9,62257.0,61653.0,62142.9,8788.007,1783090799999,544277616.0863,203558,4262.362,264042353.196,0
2026-07-03 15:00:00,62142.9,62386.7,61778.1,61895.2,13581.616,1783094399999,843009662.2376,223112,6667.154,413973456.8627,0
2026-07-03 16:00:00,61895.2,62103.5,61877.6,62081.9,4059.255,1783097999999,251692659.8322,93398,2417.71,149929889.2412,0
2026-07-03 17:00:00,62081.9,62266.8,62036.0,62171.5,4094.585,1783101599999,254612278.8879,90069,2023.744,125842515.8912,0
2026-07-03 18:00:00,62171.5,62223.7,62087.4,62180.2,2583.154,1783105199999,160562887.3194,65054,1267.192,78764677.7216,0
2026-07-03 19:00:00,62180.3,62292.4,62120.1,62178.4,3755.875,1783108799999,233603970.3369,83533,1894.723,117846632.0466,0
2026-07-03 20:00:00,62178.4,62898.0,62151.2,62759.3,21132.14,1783112399999,1322688357.8173,265270,12218.122,764792956.1315,0
2026-07-03 21:00:00,62759.3,62957.2,62488.8,62706.8,7035.75,1783115999999,441158315.6652,139027,3605.397,226083010.6714,0
2026-07-03 22:00:00,62706.9,62726.0,62513.0,62549.3,2682.334,1783119599999,167924101.3908,71080,1181.594,73968485.768,0
2026-07-03 23:00:00,62549.3,62688.0,62507.1,62565.5,2226.562,1783123199999,139377148.7812,60226,1212.37,75893067.9389,0
2026-07-04 00:00:00,62565.5,62925.7,62560.5,62735.1,5338.885,1783126799999,335145679.6741,115369,3110.38,195238528.5965,0
2026-07-04 01:00:00,62735.0,62735.1,62381.6,62450.0,5177.732,1783130399999,323590819.9836,122303,2165.762,135347394.0755,0
2026-07-04 02:00:00,62450.0,62556.5,62404.0,62514.0,1900.751,1783133999999,118765547.7703,57113,980.494,61271247.0471,0
2026-07-04 03:00:00,62514.1,62734.7,62460.0,62609.6,2757.48,1783137599999,172644328.7254,71420,1518.467,95070433.4564,0
2026-07-04 04:00:00,62609.6,62735.2,62568.8,62661.5,1944.821,1783141199999,121833329.3975,58393,1029.315,64487568.9166,0
2026-07-04 05:00:00,62661.6,62661.6,62395.7,62445.6,2620.858,1783144799999,163788811.7339,61424,865.127,54072545.9443,0
2026-07-04 06:00:00,62445.7,62538.6,62302.6,62473.2,2993.905,1783148399999,186875966.4896,68203,1400.737,87440251.153,0
2026-07-04 07:00:00,62473.1,62612.6,62441.8,62549.0,2131.436,1783151999999,133254817.1972,54945,1233.89,77141633.1947,0
2026-07-04 08:00:00,62549.1,62654.1,62485.1,62528.0,2712.962,1783155599999,169741008.5878,57937,1367.097,85548958.8914,0
2026-07-04 09:00:00,62527.9,62559.3,62386.1,62466.0,1929.56,1783159199999,120519504.6608,53756,904.154,56473879.3109,0
2026-07-04 10:00:00,62466.0,62518.8,62418.3,62483.9,1203.457,1783162799999,75170934.7949,36031,520.332,32502400.768,0
2026-07-04 11:00:00,62483.8,62545.4,62430.1,62458.7,1559.204,1783166399999,97416289.0153,40909,823.494,51455811.0854,0
2026-07-04 12:00:00,62458.6,62671.5,62458.6,62634.1,1790.061,1783169999999,112015259.6503,49349,1077.268,67416511.3113,0
2026-07-04 13:00:00,62634.0,62755.5,62509.4,62563.0,2399.918,1783173599999,150265410.2506,63642,1187.166,74351132.3323,0
2026-07-04 14:00:00,62562.9,62719.3,62562.4,62671.9,1875.0,1783177199999,117453868.807,59254,1045.462,65489723.0123,0
2026-07-04 15:00:00,62671.8,63069.6,62666.7,62908.8,9460.185,1783180799999,594917648.7213,199887,5827.528,366533867.8167,0
2026-07-04 16:00:00,62908.7,62943.0,62752.9,62895.2,2956.899,1783184399999,185852974.3477,86981,1481.369,93112197.5018,0
2026-07-04 17:00:00,62895.2,63420.0,62769.8,63245.6,10022.122,1783187999999,633071910.9352,182615,5913.221,373581038.2913,0
2026-07-04 18:00:00,63245.5,63324.8,63070.0,63137.5,3957.615,1783191599999,250040159.1182,94640,1761.413,111281208.5585,0
2026-07-04 19:00:00,63137.5,63450.0,63090.0,63268.1,4202.383,1783195199999,265980535.6064,84022,2196.874,139042479.0987,0
2026-07-04 20:00:00,63268.0,63367.0,63128.4,63208.9,2485.99,1783198799999,157195895.3003,69442,1173.956,74231907.7818,0
2026-07-04 21:00:00,63208.8,63430.0,63172.8,63274.7,2460.986,1783202399999,155850929.2626,54897,1268.731,80340075.1967,0
2026-07-04 22:00:00,63274.6,63286.4,63129.4,63167.7,1955.701,1783205999999,123590428.3952,50208,1007.683,63683576.1654,0
2026-07-04 23:00:00,63167.7,63215.8,62902.7,63114.8,3811.613,1783209599999,240381259.4785,92370,1690.687,106632241.7908,0
2026-07-05 00:00:00,63114.9,63114.9,62824.4,62962.5,3551.601,1783213199999,223703701.1934,86000,1358.617,85591610.0801,0
2026-07-05 01:00:00,62962.6,63022.6,62762.3,62859.8,4010.604,1783216799999,252127298.5575,91351,1789.251,112500675.546,0
2026-07-05 02:00:00,62859.8,62902.6,62549.6,62673.8,4562.372,1783220399999,285997874.6808,106284,1974.856,123807237.2893,0
2026-07-05 03:00:00,62673.7,62766.0,62626.5,62739.1,2361.782,1783223999999,148107735.3685,61232,1200.339,75274875.8065,0
2026-07-05 04:00:00,62739.1,62928.0,62680.0,62787.3,2921.002,1783227599999,183518861.4929,68468,1708.176,107321999.6937,0
2026-07-05 05:00:00,62787.0,62788.4,62628.0,62716.4,2140.339,1783231199999,134240102.4507,56762,963.955,60460350.187,0
2026-07-05 06:00:00,62716.4,62800.0,62644.3,62749.9,1389.733,1783234799999,87182640.9309,46408,778.868,48860335.0163,0
2026-07-05 07:00:00,62749.8,63039.3,62690.5,62995.1,3714.195,1783238399999,233523261.4228,75833,2262.315,142254266.2434,0
2026-07-05 08:00:00,62995.1,63084.0,62868.0,62893.3,2742.219,1783241999999,172646257.2007,66859,1245.456,78418499.7036,0
2026-07-05 09:00:00,62893.4,62908.7,62410.1,62600.3,6542.351,1783245599999,409652399.9033,124097,2700.665,169104710.6305,0
2026-07-05 10:00:00,62600.2,62737.9,62507.2,62737.6,2252.572,1783249199999,141136751.7438,59584,1252.596,78487185.4499,0
2026-07-05 11:00:00,62737.6,62799.9,62582.3,62630.0,1774.562,1783252799999,111205963.8778,52176,819.558,51363122.6819,0
2026-07-05 12:00:00,62630.0,62752.0,62534.3,62718.2,2260.963,1783256399999,141665783.8058,62195,1191.57,74669401.3055,0
2026-07-05 13:00:00,62718.3,62797.9,62617.5,62769.9,2043.696,1783259999999,128191476.9483,56876,964.358,60488884.4303,0
2026-07-05 14:00:00,62769.9,62793.6,62621.5,62785.3,1709.374,1783263599999,107188033.1599,55691,832.268,52191633.2391,0
2026-07-05 15:00:00,62785.2,62923.7,62646.9,62711.9,4065.907,1783267199999,255308628.9139,95570,2110.198,132519862.9537,0
2026-07-05 16:00:00,62711.9,62745.6,62570.0,62612.0,3034.915,1783270799999,190085305.5807,65643,1420.886,88992314.1118,0
2026-07-05 17:00:00,62612.0,62800.0,62564.4,62601.3,2087.571,1783274399999,130827894.8724,63801,1100.824,68997627.0864,0
2026-07-05 18:00:00,62601.4,62865.0,62587.8,62787.6,1904.702,1783277999999,119453656.5911,57549,1109.12,69565026.0348,0
2026-07-05 19:00:00,62787.6,62848.5,62691.2,62744.0,1276.56,1783281599999,80139535.1851,48966,605.902,38038344.2871,0
2026-07-05 20:00:00,62744.1,62815.1,62667.5,62704.7,862.24,1783285199999,54095548.2482,32512,355.919,22327265.6099,0
2026-07-05 21:00:00,62704.8,63224.7,62580.0,63070.4,6287.574,1783288799999,395928282.2589,123997,3637.224,229030773.2425,0
2026-07-05 22:00:00,63070.4,63979.3,62976.3,63717.1,20592.411,1783292399999,1308712448.4664,342582,12339.736,784443724.4149,0
2026-07-05 23:00:00,63717.1,63990.7,63542.8,63617.1,8537.899,1783295999999,544300233.7558,188882,4448.626,283635133.6907,0
2026-07-06 00:00:00,63617.2,63760.0,63308.3,63728.4,7726.289,1783299599999,491020031.2189,191174,4316.451,274358326.9292,0
2026-07-06 01:00:00,63728.3,63900.0,63520.0,63544.2,4911.735,1783303199999,312965088.9184,159718,2450.331,156136823.4405,0
2026-07-06 02:00:00,63544.1,63644.1,63340.4,63425.1,5031.491,1783306799999,319315683.402,140396,2456.862,155945000.6465,0
2026-07-06 03:00:00,63425.1,63478.4,63101.2,63273.0,6110.788,1783310399999,386406163.2599,156466,2744.517,173548242.1315,0
2026-07-06 04:00:00,63272.9,63368.3,63154.6,63242.9,2765.979,1783313999999,175003052.2627,90195,1421.713,89957238.774,0
2026-07-06 05:00:00,63242.8,63242.8,62912.6,63086.0,6116.52,1783317599999,385759100.4986,140812,2761.459,174140407.7267,0
2026-07-06 06:00:00,63086.0,63125.6,62940.0,62962.6,3366.096,1783321199999,212131976.0579,82442,1668.312,105142564.6097,0
2026-07-06 07:00:00,62962.6,63102.7,62858.4,63064.5,4208.151,1783324799999,264962620.2988,91400,2247.983,141545698.5051,0
2026-07-06 08:00:00,63064.5,63226.4,62807.1,62876.1,5227.929,1783328399999,329402110.4993,109875,2718.157,171311675.2128,0
2026-07-06 09:00:00,62876.0,62893.9,62610.0,62646.6,5981.406,1783331999999,375110626.3333,110927,2540.908,159333961.0526,0
2026-07-06 10:00:00,62646.5,63019.3,62641.5,62797.6,5488.25,1783335599999,344911349.5683,105009,3004.691,188831909.0947,0
2026-07-06 11:00:00,62797.7,62979.4,62461.4,62461.4,10912.522,1783339199999,683990982.0362,127433,2827.563,177417850.5306,0
2026-07-06 12:00:00,62461.2,62467.2,61652.0,61733.6,34860.28,1783342799999,2161266046.4773,548944,16735.405,1037492136.4399,0
2026-07-06 13:00:00,61733.6,62023.8,61297.0,61751.7,25787.251,1783346399999,1589662997.8176,499330,13398.545,826170537.5173,0
2026-07-06 14:00:00,61751.7,62397.3,61679.4,62019.7,16281.511,1783349999999,1009860185.5599,402981,8339.674,517268107.8748,0
2026-07-06 15:00:00,62019.7,63531.1,62019.7,63523.1,28807.014,1783353599999,1809888334.1981,564604,15436.88,970334199.918,0
2026-07-06 16:00:00,63523.0,63850.0,63356.8,63710.4,21207.184,1783357199999,1349061557.8628,431627,10546.166,670949218.1566,0
2026-07-06 17:00:00,63710.4,63977.9,63539.9,63565.2,11369.867,1783360799999,725021978.5062,231027,5892.247,375849822.1525,0
2026-07-06 18:00:00,63565.2,63867.5,63532.8,63675.7,4653.007,1783364399999,296441980.6837,136575,2478.126,157886488.7809,0
2026-07-06 19:00:00,63675.8,63874.4,63628.0,63709.8,3459.098,1783367999999,220566437.1621,112476,1754.495,111876991.9287,0
2026-07-06 20:00:00,63709.9,63868.0,63560.0,63798.0,3993.392,1783371599999,254362361.516,100388,1844.794,117482311.8981,0
2026-07-06 21:00:00,63798.1,64691.9,63781.7,64475.9,17905.498,1783375199999,1152141685.8956,336209,10849.251,698148002.9701,0
2026-07-06 22:00:00,64475.9,64488.8,64129.4,64227.2,3777.611,1783378799999,242805455.5978,115237,1788.639,114959553.9459,0
2026-07-06 23:00:00,64227.2,64330.5,64002.0,64023.6,2844.93,1783382399999,182448483.7604,88692,1164.086,74664284.5465,0
2026-07-07 00:00:00,64023.5,64298.1,63981.6,64175.2,4516.091,1783385999999,289529261.1414,139745,2450.576,157117797.2263,0
2026-07-07 01:00:00,64175.1,64175.2,63738.9,63815.0,6656.918,1783389599999,425438387.8917,181002,2753.475,175992926.8148,0
2026-07-07 02:00:00,63815.0,63884.1,63257.0,63298.2,12011.75,1783393199999,763170312.3964,197119,4765.581,302776305.9367,0
2026-07-07 03:00:00,63298.2,63412.8,63122.0,63165.0,6438.175,1783396799999,407309308.1423,148767,2897.478,183336677.2651,0
2026-07-07 04:00:00,63164.9,63266.7,63030.7,63069.0,5517.363,1783400399999,348441400.6243,112650,2509.763,158529884.8111,0
2026-07-07 05:00:00,63069.0,63232.7,62745.6,63092.5,10146.888,1783403999999,639216097.0782,155468,5178.295,326252853.8978,0
2026-07-07 06:00:00,63092.4,63373.3,62954.4,63310.0,6420.153,1783407599999,405689105.2091,119404,3584.363,226514102.0334,0
2026-07-07 07:00:00,63309.9,63424.2,63050.0,63062.6,5308.971,1783411199999,335612324.6907,108853,2290.709,144812751.8441,0
2026-07-07 08:00:00,63062.7,63165.7,62958.4,63074.0,3246.141,1783414799999,204722673.3387,81924,1528.325,96390877.871,0
2026-07-07 09:00:00,63074.0,63317.4,63030.0,63226.9,3984.997,1783418399999,251819958.5104,81077,2134.973,134913866.7912,0
2026-07-07 10:00:00,63227.0,63432.8,63185.4,63258.6,4429.345,1783421999999,280462895.9861,96822,2211.897,140078805.3918,0
2026-07-07 11:00:00,63258.6,63427.8,63080.0,63377.7,4669.388,1783425599999,295311351.4249,107499,2259.954,142927354.9159,0
2026-07-07 12:00:00,63377.8,63868.0,63365.7,63451.9,11307.971,1783429199999,719467423.5037,211740,5789.854,368357490.2039,0
2026-07-07 13:00:00,63451.8,63455.4,62960.3,63033.2,13510.125,1783432799999,853384197.1852,354575,6379.695,403008464.5726,0
2026-07-07 14:00:00,63033.3,63617.8,62638.0,63536.5,19586.851,1783436399999,1235250052.3235,510609,9872.115,622935933.9496,0
2026-07-07 15:00:00,63536.5,64096.0,63349.4,63910.0,15827.862,1783439999999,1009166069.3293,380472,7952.303,507172568.521,0
2026-07-07 16:00:00,63910.0,64234.1,63780.3,63962.4,8485.483,1783443599999,542886254.1549,229715,4300.035,275152347.1246,0
2026-07-07 17:00:00,63962.4,64211.0,63868.2,64164.7,4437.323,1783447199999,284225091.343,139199,2065.063,132295352.6883,0
2026-07-07 18:00:00,64164.6,64168.8,63646.5,63653.8,6767.564,1783450799999,432398766.3037,160547,2744.406,175322764.8957,0
2026-07-07 19:00:00,63653.6,63873.2,63351.4,63794.9,8996.679,1783454399999,572293562.2904,209837,5051.668,321353628.237,0
2026-07-07 20:00:00,63794.9,63874.6,63588.5,63668.3,2860.895,1783457999999,182297647.4108,78815,1300.019,82846053.5751,0
2026-07-07 21:00:00,63668.4,63839.9,63264.0,63399.5,5782.613,1783461599999,367002836.8071,121571,2727.828,173128457.0397,0
2026-07-07 22:00:00,63399.5,63635.4,63177.0,63514.9,3966.559,1783465199999,251550232.6026,109643,1999.268,126836161.6491,0
2026-07-07 23:00:00,63514.9,63679.5,63288.0,63335.4,2329.733,1783468799999,147936052.4102,59649,1126.945,71572735.289,0
2026-07-08 00:00:00,63335.4,63740.2,63274.1,63585.9,3564.601,1783472399999,226464864.9442,104433,1872.817,118973884.9815,0
2026-07-08 01:00:00,63585.9,63624.0,62883.6,63003.7,8120.007,1783475999999,512605074.9239,187652,3304.949,208638943.0131,0
2026-07-08 02:00:00,63003.7,63037.1,62466.9,62951.3,13015.007,1783479599999,817228551.049,253115,6144.78,385962635.869,0
2026-07-08 03:00:00,62951.4,63067.9,62666.0,62741.0,4155.352,1783483199999,261351609.0614,113157,1878.392,118160211.6194,0
2026-07-08 04:00:00,62741.0,62873.3,62643.6,62767.3,3191.098,1783486799999,200286116.9161,101574,1629.474,102278079.3343,0
2026-07-08 05:00:00,62766.9,62851.2,62520.4,62613.8,4053.867,1783490399999,254079122.1887,105031,1856.559,116367092.3063,0
2026-07-08 06:00:00,62613.8,62718.2,62434.9,62628.5,5098.065,1783493999999,318983984.9709,137700,2515.365,157406158.5438,0
2026-07-08 07:00:00,62628.5,62867.7,62519.3,62854.1,5614.701,1783497599999,352244755.5833,121550,3221.175,202090136.2573,0
2026-07-08 08:00:00,62854.1,62921.8,61821.0,61989.8,24133.055,1783501199999,1500821368.1147,461548,11450.246,711869028.8624,0
2026-07-08 09:00:00,61989.8,62142.9,61708.2,62031.7,11392.528,1783504799999,705627444.9948,229528,5597.421,346731762.566,0
2026-07-08 10:00:00,62031.8,62164.7,61876.0,62149.8,5056.481,1783508399999,313681188.8783,106505,2658.427,164936144.7143,0
2026-07-08 11:00:00,62149.9,62366.0,62025.2,62270.0,5367.666,1783511999999,333907930.2007,127866,2762.036,171838070.4908,0
2026-07-08 12:00:00,62270.0,62394.1,61933.0,61933.9,5991.213,1783515599999,372465889.4082,129510,2597.105,161489790.0335,0
2026-07-08 13:00:00,61933.9,62073.6,61615.0,61923.0,12545.108,1783519199999,775902020.2411,285917,6147.518,380268470.4356,0
2026-07-08 14:00:00,61922.9,62151.9,61686.7,61865.5,10860.112,1783522799999,672644807.3477,317922,5675.72,351615108.7082,0
2026-07-08 15:00:00,61865.6,61900.5,61520.0,61674.5,9713.099,1783526399999,598816315.7789,226207,4601.061,283697040.7293,0
2026-07-08 16:00:00,61674.6,62129.8,61666.0,62086.4,7113.853,1783529999999,440344735.2762,181362,3915.875,242409142.5008,0
2026-07-08 17:00:00,62086.3,62372.7,62005.2,62086.5,6899.963,1783533599999,429203915.9064,143503,3781.376,235227681.4782,0
2026-07-08 18:00:00,62086.4,62331.0,62014.1,62158.8,3724.733,1783537199999,231590779.8055,122641,1905.597,118491288.0249,0
2026-07-08 19:00:00,62158.9,62270.4,62043.0,62251.9,2519.071,1783540799999,156607497.8749,100097,1229.108,76415054.7519,0
2026-07-08 20:00:00,62251.9,62287.1,62051.2,62076.2,2354.879,1783544399999,146393782.7419,73568,998.299,62060008.2872,0
2026-07-08 21:00:00,62076.2,62226.4,61926.9,62162.4,4462.192,1783547999999,276952429.8309,105446,2065.152,128191674.7793,0
2026-07-08 22:00:00,62162.4,62331.8,62144.4,62303.5,2226.252,1783551599999,138570556.4264,69257,1175.735,73190150.5282,0
2026-07-08 23:00:00,62303.5,62320.6,62139.3,62255.3,1922.822,1783555199999,119665700.7352,62133,917.592,57114073.4361,0
2026-07-09 00:00:00,62255.1,62284.4,62025.4,62101.8,3023.797,1783558799999,187920578.3508,101766,1431.198,88943322.4844,0
2026-07-09 01:00:00,62101.8,62620.2,61796.1,61882.2,10363.949,1783562399999,645081589.1017,241238,4932.865,307248841.405,0
2026-07-09 02:00:00,61882.2,62098.0,61666.0,61753.7,4989.881,1783565999999,308759332.2074,151301,2336.858,144631468.6972,0
2026-07-09 03:00:00,61753.8,62042.7,61693.1,61943.1,3408.734,1783569599999,210865907.8517,115467,1758.335,108768298.448,0
2026-07-09 04:00:00,61943.2,62427.7,61929.0,62420.4,5177.524,1783573199999,322055438.3847,117845,2954.037,183802789.4067,0
2026-07-09 05:00:00,62420.3,62599.6,62204.9,62565.8,7762.964,1783576799999,484493501.5188,154693,3872.845,241750340.879,0
2026-07-09 06:00:00,62565.8,62958.0,62452.1,62934.0,10744.759,1783580399999,673988106.3416,182495,6165.693,386825137.665,0
2026-07-09 07:00:00,62933.9,63286.5,62774.5,62973.7,11947.227,1783583999999,752426558.8462,219021,6081.965,383137007.007,0
2026-07-09 08:00:00,62973.6,63083.9,62822.8,62872.6,4400.093,1783587599999,276998939.7864,105011,2044.305,128712908.8514,0
2026-07-09 09:00:00,62872.6,62980.4,62753.1,62925.0,3618.009,1783591199999,227413729.9019,100176,1781.957,112025776.072,0
2026-07-09 10:00:00,62925.0,63030.5,62653.8,62757.2,3716.851,1783594799999,233524278.3679,97693,1707.865,107325383.4262,0
2026-07-09 11:00:00,62757.2,62804.8,62583.4,62756.0,5140.324,1783598399999,322173815.9163,113918,2401.65,150542405.2517,0
2026-07-09 12:00:00,62755.9,62934.3,62428.5,62583.3,19486.3,1783601999999,1221803946.3662,281228,9944.542,623615678.2173,0
2026-07-09 13:00:00,62583.3,63215.0,62490.2,62999.9,9489.196,1783605599999,596259369.9971,300061,5478.984,344309292.0081,0
2026-07-09 14:00:00,63000.0,63117.9,62620.1,62982.5,7113.788,1783609199999,447038874.4322,274898,3399.535,213670272.5326,0
2026-07-09 15:00:00,62982.4,63233.0,62782.5,62835.4,6941.238,1783612799999,437431388.3652,208781,3505.689,220966273.4523,0
2026-07-09 16:00:00,62835.4,62969.3,62525.2,62670.7,5324.178,1783616399999,333897601.2864,151512,2702.442,169506760.0805,0
2026-07-09 17:00:00,62670.7,63146.0,62640.2,63114.7,5492.868,1783619999999,345716597.5461,135962,2772.293,174463941.6268,0
2026-07-09 18:00:00,63114.8,63484.9,63041.9,63199.8,10034.92,1783623599999,635329710.0804,194308,5542.98,350967882.2544,0
2026-07-09 19:00:00,63199.9,63365.0,63130.0,63222.9,2981.368,1783627199999,188521301.5564,101712,1701.668,107601637.1234,0
2026-07-09 20:00:00,63222.9,63300.0,63148.1,63288.7,1854.485,1783630799999,117259595.7548,62210,801.058,50652067.9033,0
2026-07-09 21:00:00,63288.8,63371.7,63162.7,63248.9,1886.986,1783634399999,119390605.7232,52460,888.323,56206401.8122,0
2026-07-09 22:00:00,63249.0,63395.9,63180.9,63186.1,2732.059,1783637999999,172896915.0831,69908,1448.615,91685711.3988,0
2026-07-09 23:00:00,63186.2,63299.9,63032.2,63197.0,3222.795,1783641599999,203614815.942,89534,1513.061,95605324.3916,0
2026-07-10 00:00:00,63197.1,63239.2,62897.0,63085.3,4961.377,1783645199999,312823677.6175,130844,2309.422,145645736.9873,0
2026-07-10 01:00:00,63085.3,63938.8,62931.7,63726.6,11961.053,1783648799999,760820261.849,231383,7274.574,462621383.701,0
2026-07-10 02:00:00,63726.7,64022.0,63662.6,63935.0,7618.357,1783652399999,486486852.2656,168582,4079.943,260581960.0307,0
2026-07-10 03:00:00,63935.0,64019.7,63789.0,63917.2,4041.922,1783655999999,258238714.9421,94066,2011.753,128533171.3702,0
2026-07-10 04:00:00,63917.3,64168.0,63826.4,64019.3,6097.263,1783659599999,390358608.2681,120316,3280.043,210013500.36,0
2026-07-10 05:00:00,64019.2,64185.0,63915.0,64090.0,4203.902,1783663199999,269248396.2521,89245,2256.919,144549288.3915,0
2026-07-10 06:00:00,64089.9,64138.7,63804.4,63832.8,4672.326,1783666799999,298626688.2838,82733,1848.848,118181357.1661,0
2026-07-10 07:00:00,63832.8,63980.0,63765.5,63956.1,4743.281,1783670399999,303053043.5916,75427,2621.44,167494943.6904,0
2026-07-10 08:00:00,63956.1,64387.9,63949.1,64211.4,12036.605,1783673999999,772820289.2152,181580,7116.418,456883819.6845,0
2026-07-10 09:00:00,64211.5,64459.9,64065.7,64360.4,8387.949,1783677599999,539460910.1424,153254,5144.873,330821239.3144,0
2026-07-10 10:00:00,64360.4,64478.3,64244.6,64374.0,4417.956,1783681199999,284371260.2169,99046,2212.711,142442831.2832,0
2026-07-10 11:00:00,64374.0,64450.3,64309.0,64394.2,2719.427,1783684799999,175089413.5319,76012,1304.701,84006902.9748,0
2026-07-10 12:00:00,64394.2,64587.9,64236.3,64258.9,6480.494,1783688399999,417506094.7686,129285,3630.886,233976075.8435,0
2026-07-10 13:00:00,64258.9,64680.0,64127.0,64453.7,9691.781,1783691999999,623987622.0017,219930,5453.845,351224100.2124,0
2026-07-10 14:00:00,64453.6,64491.8,63768.0,63897.9,13660.447,1783695599999,875129819.8868,329383,6832.191,437725412.7552,0
2026-07-10 15:00:00,63897.9,64196.1,63875.5,64018.7,5262.22,1783699199999,336862734.7326,159705,2928.894,187482900.8249,0
2026-07-10 16:00:00,64018.7,64208.1,63802.4,64118.9,4431.076,1783702799999,283584579.0371,134138,2210.977,141529164.538,0
2026-07-10 17:00:00,64118.9,64139.6,63803.6,63804.0,2988.902,1783706399999,191056389.1707,90040,1436.016,91788320.0229,0
2026-07-10 18:00:00,63804.1,63990.0,63718.1,63792.0,2758.665,1783709999999,176127376.0394,80542,1380.189,88126646.017,0
2026-07-10 19:00:00,63792.0,64029.9,63755.8,63900.4,3498.343,1783713599999,223598396.7864,86721,1796.478,114819442.5388,0
2026-07-10 20:00:00,63900.4,63909.2,63619.9,63820.0,6698.936,1783717199999,427242417.5598,93726,2604.457,166098046.0843,0
2026-07-10 21:00:00,63820.1,64086.4,63813.6,63987.6,2417.892,1783720799999,154641875.2639,52368,1315.259,84114002.0502,0
2026-07-10 22:00:00,63987.7,64142.7,63953.9,64089.9,2814.802,1783724399999,180374091.3426,45468,1070.821,68612229.3041,0
2026-07-10 23:00:00,64089.8,64176.9,63989.2,64129.5,2223.081,1783727999999,142491977.5958,49565,1136.4,72844961.9168,0
2026-07-11 00:00:00,64129.5,64137.1,64000.0,64090.1,1731.884,1783731599999,110968286.3417,44277,655.386,41990992.5845,0
2026-07-11 01:00:00,64090.1,64288.7,63969.9,63979.2,2766.132,1783735199999,177363200.3235,72963,1362.867,87408680.3202,0
2026-07-11 02:00:00,63979.1,64137.8,63950.1,64130.5,1433.009,1783738799999,91762429.3011,44381,727.196,46568250.5025,0
2026-07-11 03:00:00,64130.5,64169.1,64037.4,64117.2,1351.12,1783742399999,86634518.2236,40841,662.936,42507477.4716,0
2026-07-11 04:00:00,64117.2,64182.0,64047.2,64123.4,1026.864,1783745999999,65835720.6052,33472,461.796,29607904.5597,0
2026-07-11 05:00:00,64123.4,64198.8,64085.2,64141.6,1652.038,1783749599999,105971607.4821,44398,862.148,55301249.959,0
2026-07-11 06:00:00,64141.6,64250.0,64091.6,64186.7,1422.943,1783753199999,91342885.0064,37441,748.921,48075613.0408,0
2026-07-11 07:00:00,64186.7,64224.0,64120.6,64132.6,1227.267,1783756799999,78753415.1984,30300,502.727,32258527.1142,0
2026-07-11 08:00:00,64132.6,64280.0,64123.0,64239.6,1627.259,1783760399999,104488434.3328,40813,1000.052,64211309.5954,0
2026-07-11 09:00:00,64239.6,64272.7,64129.0,64143.0,1347.449,1783763999999,86499767.4154,34118,648.823,41655221.2718,0
2026-07-11 10:00:00,64143.1,64185.0,64110.2,64163.9,1266.216,1783767599999,81218547.452,30566,563.734,36160238.3264,0
2026-07-11 11:00:00,64163.9,64192.8,64146.3,64176.0,761.804,1783771199999,48882727.9352,22086,413.416,26527941.9911,0
2026-07-11 12:00:00,64176.1,64207.0,64112.0,64168.4,1196.286,1783774799999,76746959.4178,30861,573.558,36797056.4937,0
2026-07-11 13:00:00,64168.5,64245.4,64144.4,64213.9,1495.498,1783778399999,96003858.6329,36465,779.223,50022590.7331,0
2026-07-11 14:00:00,64213.9,64497.4,64213.9,64321.0,4280.166,1783781999999,275498049.6068,82656,2527.908,162704432.0353,0
2026-07-11 15:00:00,64321.0,64461.4,63668.8,64139.0,11703.971,1783785599999,750286690.888,182438,4501.178,288721079.6662,0
2026-07-11 16:00:00,64139.1,64245.3,64050.4,64148.2,2521.736,1783789199999,161731089.5178,83349,1276.027,81845415.8356,0
2026-07-11 17:00:00,64148.1,64375.8,64133.4,64289.8,2299.591,1783792799999,147829268.6796,59293,1283.002,82468024.5129,0
2026-07-11 18:00:00,64289.8,64368.6,64258.1,64299.7,1059.229,1783796399999,68112883.6328,39170,515.208,33131020.9491,0
2026-07-11 19:00:00,64299.7,64313.1,64205.7,64262.0,899.66,1783799999999,57804375.0224,29994,383.838,24663148.6843,0
2026-07-11 20:00:00,64261.9,64438.9,64261.9,64353.2,1218.353,1783803599999,78405765.251,32607,764.833,49221136.3568,0
2026-07-11 21:00:00,64353.3,64404.7,64310.0,64325.5,906.265,1783807199999,58312769.459,23391,375.283,24149197.6913,0
2026-07-11 22:00:00,64325.5,64405.2,64110.5,64169.1,2214.267,1783810799999,142241953.5205,61457,962.766,61852757.6707,0
2026-07-11 23:00:00,64169.1,64223.2,63776.0,63783.0,6265.888,1783814399999,400480391.8841,139678,2721.142,173929971.5657,0
2026-07-12 00:00:00,63783.1,63884.9,63657.4,63802.9,4816.995,1783817999999,307231271.8127,127261,2522.698,160918256.275,0
2026-07-12 01:00:00,63802.9,64146.2,63783.0,64106.0,3478.097,1783821599999,222602612.2896,87701,1903.507,121824011.0246,0
2026-07-12 02:00:00,64106.0,64112.7,64002.0,64049.2,1748.455,1783825199999,112007115.7934,48954,711.352,45568911.982,0
2026-07-12 03:00:00,64049.2,64217.8,64002.9,64201.8,2142.993,1783828799999,137442545.2708,59739,1293.321,82956595.5794,0
2026-07-12 04:00:00,64201.9,64238.0,63912.5,63974.3,2506.065,1783832399999,160522748.4912,68824,1123.819,71995579.2179,0
2026-07-12 05:00:00,63974.2,63998.6,63867.0,63938.0,1922.293,1783835999999,122883759.1698,40326,834.438,53345142.0569,0
2026-07-12 06:00:00,63938.0,63938.0,63602.8,63728.7,5247.13,1783839599999,334410136.4278,100898,2546.681,162294861.0173,0
2026-07-12 07:00:00,63728.6,63879.0,63708.2,63856.4,1638.415,1783843199999,104553242.7807,40994,969.429,61860997.5659,0
2026-07-12 08:00:00,63856.4,64083.7,63854.1,63951.6,2612.699,1783846799999,167142047.9285,60126,1284.712,82181863.2074,0
2026-07-12 09:00:00,63951.6,64024.4,63730.7,63930.0,3030.6,1783850399999,193596003.904,68466,1460.428,93276973.537,0
2026-07-12 10:00:00,63930.1,63930.1,63807.3,63838.9,1174.004,1783853999999,74975885.0789,38815,519.159,33153418.5769,0
2026-07-12 11:00:00,63838.9,64012.8,63796.3,63993.8,1872.65,1783857599999,119736203.8377,49093,1097.642,70185231.81,0
2026-07-12 12:00:00,63993.8,64118.5,63946.0,63998.4,2403.082,1783861199999,153881206.5542,56241,1448.586,92768850.6882,0
2026-07-12 13:00:00,63998.5,64073.4,63959.3,63997.3,1262.062,1783864799999,80791254.0573,39432,614.28,39325053.1536,0
2026-07-12 14:00:00,63997.3,64271.9,63928.0,64175.0,2804.565,1783868399999,179791750.5265,72058,1625.038,104201238.3992,0
2026-07-12 15:00:00,64175.0,64238.9,64091.5,64149.9,2903.188,1783871999999,186253969.4148,71549,1313.69,84283112.7947,0
2026-07-12 16:00:00,64150.0,64184.8,64013.0,64146.8,2987.458,1783875599999,191480542.5928,70455,1281.309,82127214.5919,0
2026-07-12 17:00:00,64146.7,64146.8,63983.1,64050.3,1096.969,1783879199999,70299105.1226,42845,496.647,31830040.2229,0
2026-07-12 18:00:00,64050.2,64126.6,63985.1,64124.6,1249.778,1783882799999,80045202.4935,44965,563.396,36086039.8453,0
2026-07-12 19:00:00,64124.7,64248.0,64114.9,64201.9,1298.912,1783886399999,83354119.6758,40078,749.587,48103485.5602,0
2026-07-12 20:00:00,64202.0,64227.4,64141.6,64168.5,878.789,1783889999999,56396545.4868,33539,345.928,22199858.3354,0
2026-07-12 21:00:00,64168.5,64207.4,63856.3,63889.6,2630.665,1783893599999,168357621.3298,68804,1127.242,72147809.086,0
2026-07-12 22:00:00,63889.5,63895.8,63634.1,63855.0,6060.141,1783897199999,386356987.6783,139036,2842.311,181217227.1615,0
2026-07-12 23:00:00,63855.0,63883.6,63693.0,63750.0,2325.941,1783900799999,148325196.8012,78845,1187.937,75756171.496,0
2026-07-13 00:00:00,63749.9,64411.8,63538.0,64041.8,16536.408,1783904399999,1057582458.1875,356490,8064.614,515963091.7027,0
2026-07-13 01:00:00,64041.8,64044.0,63366.0,63382.1,12315.44,1783907999999,783999328.829,264513,5519.01,351423559.4109,0
2026-07-13 02:00:00,63382.1,63527.6,63204.0,63344.8,7882.245,1783911599999,499532315.1623,216482,4102.061,259996244.2595,0
2026-07-13 03:00:00,63344.9,63362.4,62705.0,62780.2,15709.528,1783915199999,988765953.6719,292773,6832.73,430039575.4533,0
2026-07-13 04:00:00,62780.1,62884.8,62592.1,62649.8,6758.166,1783918799999,423971882.5183,141401,3399.097,213277483.1031,0
2026-07-13 05:00:00,62649.7,62880.0,62434.9,62764.1,8371.052,1783922399999,524555305.0905,168359,3988.282,250017778.6192,0
2026-07-13 06:00:00,62764.1,62848.2,62675.0,62766.6,2684.94,1783925999999,168535013.107,77469,1516.223,95176582.9844,0
2026-07-13 07:00:00,62766.6,63030.0,62719.4,62952.7,6413.166,1783929599999,403514850.3247,112056,3598.088,226379155.8804,0
2026-07-13 08:00:00,62952.8,63260.0,62902.5,63174.9,5653.085,1783933199999,356580411.0819,111608,2975.79,187710744.6524,0
2026-07-13 09:00:00,63174.9,63179.3,63064.4,63074.0,3292.544,1783936799999,207732683.1648,52064,1153.111,72752241.4942,0
2026-07-13 10:00:00,63074.0,63130.9,62834.4,62844.6,9350.106,1783940399999,589112851.478,81279,2968.688,186994289.7202,0
2026-07-13 11:00:00,62844.7,63116.1,62844.7,62881.3,4701.727,1783943999999,296170007.1894,79063,2440.473,153713268.0199,0
2026-07-13 12:00:00,62881.4,62970.7,62531.0,62597.9,8803.456,1783947599999,552036473.0089,155106,4089.709,256417138.2999,0
2026-07-13 13:00:00,62597.9,62752.4,62141.2,62300.1,18486.59,1783951199999,1153858864.0167,348592,9111.742,568680673.0676,0
2026-07-13 14:00:00,62300.1,62777.0,62061.3,62770.3,15429.637,1783954799999,963818370.0145,347528,7688.131,480390908.6791,0
2026-07-13 15:00:00,62770.2,62965.0,62543.5,62596.6,9348.486,1783958399999,586469053.265,182083,4521.343,283649143.3392,0
2026-07-13 16:00:00,62596.7,62614.5,62183.9,62258.0,8644.969,1783961999999,539028982.1495,181290,4035.481,251574391.374,0
2026-07-13 17:00:00,62258.0,62347.2,61877.0,61877.0,8894.99,1783965599999,552117880.6879,179606,3837.259,238274945.5104,0
2026-07-13 18:00:00,61877.1,62077.6,61806.0,61997.3,7281.929,1783969199999,451024636.8619,152020,4009.499,248358063.1128,0
2026-07-13 19:00:00,61997.4,62267.0,61962.5,62258.0,4034.752,1783972799999,250609787.0967,93564,2180.354,135463518.2257,0
2026-07-13 20:00:00,62257.9,62299.0,62020.0,62179.3,3539.601,1783976399999,220050511.449,75810,1594.707,99140489.3608,0
2026-07-13 21:00:00,62179.3,62192.1,61868.0,62034.1,3364.102,1783979999999,208591787.2377,73141,1323.663,82082882.3176,0
2026-07-13 22:00:00,62034.0,62199.0,61883.1,61897.9,3177.324,1783983599999,197203723.1652,82324,1517.555,94183403.9941,0
2026-07-13 23:00:00,61897.9,62333.4,61854.5,62307.0,5107.98,1783987199999,317374167.4873,104335,3171.142,197043220.2306,0
2026-07-14 00:00:00,62307.0,62639.3,62240.9,62520.7,5906.236,1783990799999,368615976.2534,154084,3368.62,210254840.4998,0
2026-07-14 01:00:00,62520.7,62614.2,62427.0,62505.2,3019.814,1783994399999,188745944.5268,101278,1519.943,95003269.2037,0
2026-07-14 02:00:00,62505.2,62610.0,62286.9,62516.8,3512.258,1783997999999,219376182.2714,89788,1679.425,104914521.2795,0
2026-07-14 03:00:00,62516.8,62576.2,62279.0,62538.2,3341.315,1784001599999,208572397.4203,86891,1500.97,93695293.9014,0
2026-07-14 04:00:00,62538.3,62744.4,62511.0,62713.6,3346.574,1784005199999,209652575.5155,83216,1884.532,118065848.1045,0
2026-07-14 05:00:00,62713.6,62848.0,62669.4,62699.9,3751.791,1784008799999,235465697.4402,88374,1780.549,111754340.1336,0
2026-07-14 06:00:00,62699.9,62752.0,62537.0,62600.1,3174.255,1784012399999,198858941.8075,73581,1432.394,89738372.9662,0
2026-07-14 07:00:00,62600.1,62633.0,62489.7,62529.7,2683.89,1784015999999,167918604.0826,71118,1289.515,80679401.1345,0
2026-07-14 08:00:00,62529.7,62780.0,62458.3,62680.1,3017.401,1784019599999,189000321.7945,72931,1631.157,102176293.3165,0
2026-07-14 09:00:00,62680.1,62721.2,62502.3,62604.2,2286.405,1784023199999,143146597.8978,60934,1082.051,67743112.8838,0
2026-07-14 10:00:00,62604.2,62880.0,62577.5,62767.5,3460.434,1784026799999,217136531.3869,87171,1891.624,118700302.0135,0
2026-07-14 11:00:00,62767.6,62896.0,62680.7,62810.3,3168.243,1784030399999,198987453.2871,80404,1519.115,95421742.5068,0
2026-07-14 12:00:00,62810.3,63956.0,62756.5,63935.2,42323.953,1784033999999,2685557078.1301,558669,22853.25,1449979902.8963,0
2026-07-14 13:00:00,63935.2,64162.2,63666.0,63802.8,18520.356,1784037599999,1182805066.8878,363130,8693.74,555290776.5314,0
2026-07-14 14:00:00,63802.8,64310.0,63550.0,64277.3,13029.805,1784041199999,832908899.9365,272531,7407.468,473866695.5639,0
2026-07-14 15:00:00,64277.2,64950.0,64163.6,64727.5,25734.552,1784044799999,1661929574.5585,445814,14687.296,948579951.1493,0
2026-07-14 16:00:00,64727.4,64879.0,64589.3,64703.9,8467.888,1784048399999,548441031.1445,193003,4023.843,260624944.1038,0
2026-07-14 17:00:00,64704.0,64704.0,64200.0,64597.5,14211.303,1784051999999,915873322.9879,198713,6059.606,390839936.3697,0
2026-07-14 18:00:00,64597.5,64631.6,64448.7,64544.0,2451.479,1784055599999,158209534.9685,83948,1236.316,79788995.0887,0
2026-07-14 19:00:00,64544.0,64687.9,64456.3,64543.0,2680.106,1784059199999,173037261.9965,84185,1397.463,90231501.5106,0
2026-07-14 20:00:00,64543.1,64576.4,64390.4,64538.6,2370.521,1784062799999,152802397.9586,64746,1213.805,78242458.8229,0
2026-07-14 21:00:00,64538.6,64877.7,64496.2,64650.0,3377.629,1784066399999,218457132.2977,78410,1927.215,124652134.2886,0
2026-07-14 22:00:00,64649.9,65130.0,64485.4,64837.1,12393.571,1784069999999,804101693.875,182664,7478.915,485333616.5554,0
2026-07-14 23:00:00,64837.2,65040.3,64750.0,65014.7,4645.404,1784073599999,301641741.3354,92929,2355.963,152988845.0358,0
2026-07-15 00:00:00,65014.6,65043.3,64743.6,64798.1,4489.662,1784077199999,291260853.7614,96217,2118.907,137478247.7887,0
2026-07-15 01:00:00,64798.1,64830.2,64618.8,64643.7,3480.114,1784080799999,225192393.8365,83872,1492.926,96616479.7405,0
2026-07-15 02:00:00,64643.7,64732.6,64456.7,64473.0,3174.884,1784084399999,204927664.3184,70222,1458.739,94159893.2654,0
2026-07-15 03:00:00,64473.1,64820.1,64473.0,64760.8,2866.928,1784087999999,185373608.7525,75931,1700.558,109945463.4712,0
2026-07-15 04:00:00,64760.9,64868.0,64686.6,64723.5,2176.426,1784091599999,140985278.8657,63775,1003.921,65035065.71,0
2026-07-15 05:00:00,64723.6,64941.7,64580.0,64920.5,2716.995,1784095199999,175883868.9139,71409,1430.718,92627101.6094,0
2026-07-15 06:00:00,64920.5,65260.0,64784.7,64784.7,8661.145,1784098799999,563221809.3933,181660,4626.126,300924817.7715,0
2026-07-15 07:00:00,64784.8,64850.0,64450.9,64528.0,6827.282,1784102399999,441139628.6091,135661,3337.084,215641292.7595,0
2026-07-15 08:00:00,64528.0,64785.8,64528.0,64745.0,3889.073,1784105999999,251427366.9281,81995,2153.353,139223159.8354,0
2026-07-15 09:00:00,64744.9,64899.9,64626.2,64644.6,3146.199,1784109599999,203786245.6668,80808,1511.218,97888869.7539,0
2026-07-15 10:00:00,64644.6,64826.8,64582.7,64633.0,2611.385,1784113199999,168912790.9394,67304,1353.136,87526431.9456,0
2026-07-15 11:00:00,64633.0,64728.7,64585.6,64707.5,1873.463,1784116799999,121146338.1558,56183,953.588,61665827.6557,0
2026-07-15 12:00:00,64707.4,65241.3,64568.8,65133.7,12263.474,1784120399999,795838971.2457,248408,6825.088,442985460.4094,0
2026-07-15 13:00:00,65133.7,65550.5,64852.5,65090.2,18067.99,1784123999999,1179423648.0364,431527,9557.476,623942501.4329,0
2026-07-15 14:00:00,65090.2,65497.0,65033.5,65364.8,10429.982,1784127599999,680937670.9553,302870,5744.15,375020144.8664,0
2026-07-15 15:00:00,65364.8,65589.7,65230.0,65391.6,7683.692,1784131199999,502612907.0317,190184,4207.588,275293444.8072,0
2026-07-15 16:00:00,65391.5,65438.0,64752.0,65089.5,14894.086,1784134799999,968547770.8818,237060,8286.692,538950803.6879,0
2026-07-15 17:00:00,65089.6,65148.2,64939.5,65023.1,8953.781,1784138399999,582313076.8968,132124,4624.581,300771012.3723,0
2026-07-15 18:00:00,65023.1,65130.0,64817.1,64837.4,3429.166,1784141999999,222862977.9524,91602,1571.068,102123229.9806,0
2026-07-15 19:00:00,64837.4,64967.9,64708.0,64942.0,2826.502,1784145599999,183299698.94,85368,1426.406,92509367.264,0
2026-07-15 20:00:00,64942.1,65030.5,64869.8,64939.9,1207.369,1784149199999,78429427.9175,46417,630.464,40955932.4763,0
2026-07-15 21:00:00,64939.9,64985.9,64756.7,64800.0,1958.445,1784152799999,126975118.9475,49468,805.475,52216600.4202,0
2026-07-15 22:00:00,64800.0,64949.7,64739.0,64831.5,2140.517,1784156399999,138800750.2988,60796,1199.493,77783381.1878,0
2026-07-15 23:00:00,64831.6,64912.5,64660.0,64721.4,2455.054,1784159999999,158978086.1172,60833,998.646,64682454.4788,0
2026-07-16 00:00:00,64721.4,64814.7,64464.0,64554.3,4878.987,1784163599999,315157208.2096,110574,2326.767,150303092.3792,0
2026-07-16 01:00:00,64554.3,64807.9,64362.2,64698.6,4747.944,1784167199999,306634209.5371,113320,2422.077,156453278.7518,0
2026-07-16 02:00:00,64698.6,64705.0,64550.0,64616.1,1791.299,1784170799999,115754759.5961,64261,1010.366,65289285.2736,0
2026-07-16 03:00:00,64616.1,64723.3,64521.0,64593.0,2045.084,1784174399999,132157551.1189,64485,1080.163,69804398.5502,0
2026-07-16 04:00:00,64593.0,64667.0,64512.0,64610.9,2014.066,1784177999999,130085264.6829,51166,1118.076,72214239.4717,0
2026-07-16 05:00:00,64610.9,64974.5,64573.4,64897.9,6259.94,1784181599999,405906909.9903,107738,3339.857,216564074.6227,0
2026-07-16 06:00:00,64898.0,64951.2,64603.4,64750.0,3438.699,1784185199999,222741119.6925,84361,1542.864,99941409.7384,0
2026-07-16 07:00:00,64749.9,64750.0,64005.6,64200.0,12271.054,1784188799999,789026941.8405,176437,5517.224,354735624.4135,0
2026-07-16 08:00:00,64200.1,64340.0,63843.1,64096.7,14623.947,1784192399999,937055354.3315,233618,6893.168,441749894.7265,0
2026-07-16 09:00:00,64096.6,64155.9,63985.1,64063.8,3330.267,1784195999999,213379678.0155,83738,1656.258,106126044.1568,0
2026-07-16 10:00:00,64063.9,64241.3,64047.7,64186.9,2653.349,1784199599999,170222226.1198,61532,1490.699,95631554.5937,0
2026-07-16 11:00:00,64187.0,64245.6,64057.2,64226.6,2957.306,1784203199999,189736292.9365,76099,1473.843,94572309.4911,0
2026-07-16 12:00:00,64226.6,64226.6,63833.0,63938.1,6794.898,1784206799999,434759892.7878,135149,2837.183,181538031.6067,0
2026-07-16 13:00:00,63938.2,64458.7,63930.1,64354.4,11289.067,1784210399999,725055819.2291,235866,5922.375,380296286.7554,0
2026-07-16 14:00:00,64354.3,64844.3,64300.1,64510.0,12450.661,1784213999999,804104784.7677,310496,6234.993,402712161.4969,0
2026-07-16 15:00:00,64510.0,64874.7,64281.6,64677.7,8163.41,1784217599999,527551972.9578,230375,4303.816,278156505.3609,0
2026-07-16 16:00:00,64677.7,64687.6,64299.4,64448.4,5409.449,1784221199999,348817104.7398,173237,2430.33,156724782.3389,0
2026-07-16 17:00:00,64448.4,64453.1,63958.0,64045.6,7575.592,1784224799999,486045854.9006,178607,2910.296,186707332.0742,0
2026-07-16 18:00:00,64045.5,64306.8,64022.3,64217.1,3448.519,1784228399999,221286532.87,102408,1723.193,110585904.5652,0
2026-07-16 19:00:00,64217.0,64277.7,64120.2,64241.6,1749.703,1784231999999,112349050.298,69456,950.777,61048903.7953,0
2026-07-16 20:00:00,64241.7,64249.9,64075.1,64090.1,1258.646,1784235599999,80744581.7338,41672,660.827,42393453.8145,0
2026-07-16 21:00:00,64090.1,64217.6,64077.3,64135.9,1257.933,1784239199999,80706642.8971,36521,652.889,41886417.6426,0
2026-07-16 22:00:00,64136.0,64221.3,63922.6,63939.5,3705.96,1784242799999,237423536.6952,88576,1974.817,126544293.8605,0
2026-07-16 23:00:00,63939.6,63978.6,63712.6,63801.0,6353.682,1784246399999,405474448.3197,122329,2629.235,167766826.923,0
2026-07-17 00:00:00,63801.1,63890.4,63580.0,63862.9,6331.479,1784249999999,403524813.1331,145474,2760.626,175971996.3613,0
2026-07-17 01:00:00,63862.9,64041.6,63435.6,63510.8,8486.817,1784253599999,540732103.5779,192708,4068.679,259295346.6971,0
2026-07-17 02:00:00,63510.7,63628.0,63358.0,63457.5,5328.647,1784257199999,338222611.6627,144528,2331.92,148050538.7158,0
2026-07-17 03:00:00,63457.5,63693.2,63450.1,63538.1,3554.461,1784260799999,226038472.619,102058,1966.531,125063869.9175,0
2026-07-17 04:00:00,63538.0,63560.0,63281.0,63460.0,5069.199,1784264399999,321416091.2138,114974,2719.55,172466156.2721,0
2026-07-17 05:00:00,63460.1,63460.1,62754.6,62807.3,15626.008,1784267999999,984325575.8483,206248,6704.611,422162718.214,0
2026-07-17 06:00:00,62807.4,62961.7,62655.0,62915.4,10696.868,1784271599999,671809081.1614,164704,5677.159,356593694.8968,0
2026-07-17 07:00:00,62915.5,62947.1,62761.3,62792.9,4831.261,1784275199999,303761733.0968,98840,2507.655,157667973.7559,0
2026-07-17 08:00:00,62792.8,62905.0,62611.0,62857.5,6784.932,1784278799999,425929015.7944,124340,3678.098,230934657.1401,0
2026-07-17 09:00:00,62857.4,63039.8,62831.8,62962.2,4213.74,1784282399999,265241841.9373,77587,2212.762,139279302.3809,0
2026-07-17 10:00:00,62962.3,63165.9,62962.2,63146.9,4237.483,1784285999999,267322456.0585,84515,2497.939,157577923.7523,0
2026-07-17 11:00:00,63146.9,63337.4,63031.3,63273.2,5404.24,1784289599999,341540256.436,89702,2693.117,170193177.9967,0
2026-07-17 12:00:00,63273.1,63320.0,63037.0,63073.9,5253.453,1784293199999,331840950.3073,99018,1912.394,120780513.4185,0
2026-07-17 13:00:00,63073.9,63155.8,62505.1,63128.6,16457.338,1784296799999,1033408356.6184,353972,8088.86,507996114.9584,0
2026-07-17 14:00:00,63128.7,63496.0,63051.4,63142.5,11255.645,1784300399999,712100425.0982,330106,5293.42,334946417.02,0
2026-07-17 15:00:00,63142.5,63432.5,62817.0,63432.4,9297.664,1784303999999,586767886.9906,239910,4764.705,300763232.0284,0
2026-07-17 16:00:00,63432.4,63681.3,63272.4,63553.7,9059.142,1784307599999,574944467.8006,198120,4357.919,276630401.1309,0
2026-07-17 17:00:00,63553.7,64194.6,63553.7,64011.8,12832.426,1784311199999,820846042.3635,264475,6961.381,445223146.2949,0
2026-07-17 18:00:00,64011.8,64356.7,63855.8,64220.1,8585.457,1784314799999,550273257.4743,184466,4101.471,262921532.2236,0
2026-07-17 19:00:00,64220.1,64226.1,63943.5,64121.4,4380.552,1784318399999,280718313.7923,117729,2078.339,133194786.1652,0
2026-07-17 20:00:00,64121.4,64165.7,63928.9,64086.1,3417.904,1784321999999,218806236.8103,82632,1551.534,99331284.4648,0
2026-07-17 21:00:00,64086.2,64188.2,64031.6,64070.6,1550.761,1784325599999,99411951.6477,40198,699.268,44826924.887,0
2026-07-17 22:00:00,64070.6,64117.5,63891.6,63952.8,1753.78,1784329199999,112188727.9499,43196,749.235,47922577.4898,0
2026-07-17 23:00:00,63952.7,63985.0,63860.0,63909.9,1443.556,1784332799999,92276182.7955,37321,622.062,39764668.484,0
2026-07-18 00:00:00,63909.9,63991.0,63859.6,63881.6,1490.455,1784336399999,95257685.3877,39519,698.325,44636580.4853,0
2026-07-18 01:00:00,63881.6,63980.0,63862.0,63929.2,1280.563,1784339999999,81850156.7893,31135,693.733,44342186.7227,0
2026-07-18 02:00:00,63929.2,64014.9,63900.0,63931.5,1347.221,1784343599999,86160023.3807,33679,707.917,45275117.1997,0
2026-07-18 03:00:00,63931.6,63995.8,63900.0,63989.5,1220.595,1784347199999,78039738.1985,29685,741.22,47389016.113,0
2026-07-18 04:00:00,63989.5,63992.8,63915.0,63946.3,780.402,1784350799999,49903960.3425,23085,436.903,27937883.0751,0
2026-07-18 05:00:00,63946.3,63973.3,63894.3,63936.3,1075.625,1784354399999,68767849.3695,25139,445.336,28470942.5117,0
2026-07-18 06:00:00,63936.3,63979.0,63914.1,63954.1,888.648,1784357999999,56827064.4039,18024,501.886,32095529.2548,0
2026-07-18 07:00:00,63954.2,64000.0,63952.8,63980.1,1583.413,1784361599999,101306902.4738,24667,826.29,52864682.2442,0
2026-07-18 08:00:00,63980.0,63997.8,63930.4,63977.2,1367.761,1784365199999,87492214.5254,26699,787.47,50372926.6625,0
2026-07-18 09:00:00,63977.2,63985.0,63912.0,63961.2,1041.152,1784368799999,66572704.3088,19602,463.889,29662182.9417,0
2026-07-18 10:00:00,63961.1,63990.0,63957.3,63981.2,581.795,1784372399999,37219753.244,13736,295.851,18926363.4548,0
2026-07-18 11:00:00,63981.2,64073.2,63981.2,64033.3,1101.39,1784375999999,70498219.378,19697,695.123,44494255.762,0
2026-07-18 12:00:00,64033.2,64237.7,64019.4,64181.4,3668.169,1784379599999,235219984.2764,73382,2138.965,137166724.9837,0
2026-07-18 13:00:00,64181.5,64185.4,63925.2,64081.3,3187.123,1784383199999,204088230.5717,72621,1400.137,89654885.3652,0
2026-07-18 14:00:00,64081.2,64167.2,64065.8,64099.0,1539.936,1784386799999,98741343.7294,42699,734.289,47083289.0157,0
2026-07-18 15:00:00,64099.0,64135.6,64000.0,64090.0,1415.443,1784390399999,90689816.0026,37565,724.592,46426231.4622,0
2026-07-18 16:00:00,64090.0,64298.6,64054.5,64278.2,3832.348,1784393999999,246045612.3801,58305,2524.049,162053486.0663,0
2026-07-18 17:00:00,64278.3,64466.0,64250.3,64450.0,5266.335,1784397599999,338882191.4966,96230,3149.436,202680975.129,0
2026-07-18 18:00:00,64450.0,64666.0,64424.5,64477.3,4442.025,1784401199999,286518605.5744,95328,2546.574,164280183.2185,0
2026-07-18 19:00:00,64477.4,64566.0,64445.5,64526.3,1721.549,1784404799999,111050409.3593,44657,835.426,53891213.4067,0
2026-07-18 20:00:00,64526.4,64738.2,64467.2,64665.5,3210.202,1784408399999,207409774.2774,72013,1624.331,104966782.1275,0
2026-07-18 21:00:00,64665.5,64819.2,64584.2,64697.6,3096.293,1784411999999,200373308.8791,74860,1533.765,99266821.9909,0
2026-07-18 22:00:00,64697.5,64837.4,64680.6,64774.4,2034.289,1784415599999,131734753.9786,57848,1017.139,65868233.451,0
2026-07-18 23:00:00,64774.3,64818.1,64677.7,64806.7,2054.006,1784419199999,133036735.9488,47897,928.83,60157985.7073,0
2026-07-19 00:00:00,64806.7,64878.8,64750.0,64756.5,2842.165,1784422799999,184116482.6618,46747,1107.5,71759604.574,0
2026-07-19 01:00:00,64756.5,64771.8,64750.0,64750.0,2790.617,1784426399999,180697000.7376,30917,763.917,49465270.9049,0
2026-07-19 02:00:00,64750.0,64948.8,64672.4,64795.4,5032.332,1784429999999,326235058.8014,81521,2661.327,172588218.5369,0
2026-07-19 03:00:00,64795.5,64815.8,64594.6,64686.8,2849.995,1784433599999,184296523.0554,55083,1299.89,84052212.5928,0
2026-07-19 04:00:00,64686.8,64775.2,64580.4,64692.2,1668.466,1784437199999,107897249.8947,40071,755.563,48867649.7846,0
2026-07-19 05:00:00,64692.2,64789.8,64643.4,64695.1,1325.774,1784440799999,85795734.7138,33954,678.629,43919383.1378,0
2026-07-19 06:00:00,64695.0,64737.7,64670.0,64682.3,934.088,1784444399999,60433100.7053,27115,456.562,29538421.8646,0
2026-07-19 07:00:00,64682.2,64759.3,64643.4,64692.2,1918.387,1784447999999,124107508.9729,36616,914.829,59183738.482,0
2026-07-19 08:00:00,64692.1,64723.5,64600.0,64678.1,2064.203,1784451599999,133459114.9664,41491,1082.126,69964396.5923,0
2026-07-19 09:00:00,64678.2,64694.0,64467.2,64495.2,3177.976,1784455199999,205094739.8077,55141,1227.562,79228924.157,0
2026-07-19 10:00:00,64495.1,64677.7,64454.6,64561.4,2700.58,1784458799999,174382893.7039,57818,1378.243,88996150.1443,0
2026-07-19 11:00:00,64561.4,64610.0,64415.0,64445.7,2748.941,1784462399999,177324323.0585,60236,1243.429,80209799.2902,0
2026-07-19 12:00:00,64445.7,64445.7,64259.5,64417.5,4959.504,1784465999999,319194467.7477,96660,2345.591,150963595.9618,0
2026-07-19 13:00:00,64417.4,64497.9,64273.4,64453.0,2219.753,1784469599999,142933780.8108,61152,1232.977,79397116.5654,0
2026-07-19 14:00:00,64453.0,64633.0,64389.0,64561.1,2455.842,1784473199999,158430946.6177,67025,1341.404,86547500.2643,0
2026-07-19 15:00:00,64561.0,64594.7,64466.6,64545.2,1616.379,1784476799999,104298044.5791,46624,724.987,46781792.1495,0
2026-07-19 16:00:00,64545.3,64624.8,64474.2,64510.7,1470.209,1784480399999,94891864.9129,49489,677.955,43757166.1366,0
2026-07-19 17:00:00,64510.7,64733.0,64365.7,64520.0,3957.134,1784483999999,255576465.6891,95172,1973.961,127505850.2737,0
2026-07-19 18:00:00,64520.0,64529.1,64262.9,64399.8,3442.309,1784487599999,221677128.41,89361,1708.332,110017011.0983,0
2026-07-19 19:00:00,64399.8,64442.2,64319.5,64438.1,1085.17,1784491199999,69879619.4469,36611,594.631,38291214.4005,0
2026-07-19 20:00:00,64438.1,64534.3,64438.0,64515.9,1059.316,1784494799999,68304099.5466,35398,553.75,35706750.2766,0
2026-07-19 21:00:00,64516.0,64539.0,64305.0,64393.7,1677.019,1784498399999,107991858.4417,45087,738.075,47529848.6338,0
2026-07-19 22:00:00,64393.6,64874.9,64319.3,64642.7,6743.994,1784501999999,436050763.0684,175314,3471.519,224450320.139,0
2026-07-19 23:00:00,64642.8,64748.1,64534.9,64694.7,2054.877,1784505599999,132822790.7762,86154,1009.118,65226068.7746,0
2026-07-20 00:00:00,64694.8,65084.6,64380.0,64526.0,9897.467,1784509199999,641470035.7737,223175,5382.383,348965499.9026,0
2026-07-20 01:00:00,64526.0,65011.0,64470.0,64594.7,5478.733,1784512799999,354724319.535,178862,2817.319,182395271.1945,0
2026-07-20 02:00:00,64594.7,64940.0,64551.6,64800.1,4762.318,1784516399999,308503462.7719,151590,2350.844,152259322.4675,0
2026-07-20 03:00:00,64800.1,64887.0,64610.2,64839.4,2578.628,1784519999999,166993139.5515,96634,1317.184,85291596.761,0
2026-07-20 04:00:00,64839.3,64843.4,64503.0,64511.3,3108.675,1784523599999,200986572.8025,89622,1477.126,95488756.1938,0
2026-07-20 05:00:00,64511.4,64536.1,64046.0,64101.7,9123.542,1784527199999,585858675.9787,226279,4223.251,271151889.5741,0
2026-07-20 06:00:00,64101.8,64198.3,63736.1,63890.0,10191.102,1784530799999,651336175.6262,221965,5127.977,327727722.703,0
2026-07-20 07:00:00,63890.0,64285.5,63865.0,64250.0,5480.1,1784534399999,351211432.3958,131086,3202.98,205274459.6877,0
2026-07-20 08:00:00,64250.0,64337.0,63858.1,64031.4,8326.137,1784537999999,533813090.1044,138284,3448.867,221124170.99,0
2026-07-20 09:00:00,64031.4,64260.0,63984.5,64176.6,3055.595,1784541599999,196014162.9483,74323,1738.027,111487456.1286,0
2026-07-20 10:00:00,64176.6,64393.2,64137.0,64280.5,3345.929,1784545199999,215077150.9125,79013,1634.251,105052610.2475,0
2026-07-20 11:00:00,64280.5,65048.3,64237.1,64970.8,13005.77,1784548799999,841991041.8895,244789,7296.084,472268552.7721,0
2026-07-20 12:00:00,64970.8,64982.0,64571.0,64627.2,10164.095,1784552399999,658017463.2669,188525,4661.329,301781927.8592,0
2026-07-20 13:00:00,64627.1,64737.5,64174.5,64315.0,9833.494,1784555999999,634443045.6516,266408,4936.221,318547350.2977,0
2026-07-20 14:00:00,64315.0,64550.0,64034.3,64393.0,7606.114,1784559599999,489199869.99,279972,3876.312,249381261.3358,0
2026-07-20 15:00:00,64393.0,65688.0,64386.8,65570.1,26658.588,1784563199999,1737761571.6199,444276,15819.096,1031524528.8119,0
2026-07-20 16:00:00,65570.1,65615.5,65301.8,65478.6,10648.534,1784566799999,697029440.6276,206675,4874.108,319071839.0105,0
2026-07-20 17:00:00,65478.6,65642.0,65313.9,65560.0,6542.949,1784570399999,428502528.8172,132859,3768.815,246869232.2925,0
2026-07-20 18:00:00,65560.0,65788.0,65168.0,65215.8,11084.442,1784573999999,725946859.037,209170,6059.348,397012282.0208,0
2026-07-20 19:00:00,65215.7,65256.1,65011.4,65119.3,7696.738,1784577599999,501177275.7031,150300,4303.194,280199184.2044,0
2026-07-20 20:00:00,65119.3,65435.3,65030.2,65344.7,4390.078,1784581199999,286507335.5093,90200,2665.777,173975788.9446,0
2026-07-20 21:00:00,65344.8,65416.4,65241.6,65258.5,1872.846,1784584799999,122330421.8653,51074,804.916,52574859.0676,0
2026-07-20 22:00:00,65258.4,65258.5,65061.2,65118.7,2625.107,1784588399999,171014043.4029,66994,1199.272,78119800.172,0
2026-07-20 23:00:00,65118.8,65244.9,65098.8,65224.8,2029.166,1784591999999,132272598.4621,56484,1031.811,67259725.2492,0
2026-07-21 00:00:00,65224.7,65561.0,65115.3,65538.9,4344.322,1784595599999,283961578.921,125682,2565.937,167721907.6118,0
2026-07-21 01:00:00,65538.8,65634.4,65202.1,65205.1,4372.902,1784599199999,286045453.4735,107043,1882.1,123103806.2026,0
2026-07-21 02:00:00,65205.1,65479.5,65145.1,65386.4,3325.329,1784602799999,217103935.613,100415,1889.066,123330333.2401,0
2026-07-21 03:00:00,65386.4,65572.2,65380.0,65539.5,3014.818,1784606399999,197370476.3031,93846,1629.192,106659211.7215,0
2026-07-21 04:00:00,65539.5,65723.0,65453.5,65494.2,4594.005,1784609999999,301298282.1417,95682,2517.286,165114450.7448,0
2026-07-21 05:00:00,65494.2,65927.9,65460.1,65724.9,6383.305,1784613599999,419440590.7108,124595,3490.98,229431643.9386,0
2026-07-21 06:00:00,65724.8,65970.0,65604.8,65892.4,5914.487,1784617199999,389339800.0865,126174,3054.847,201090945.2023,0
2026-07-21 07:00:00,65892.5,66240.0,65828.2,66166.9,10295.944,1784620799999,680272711.7452,172524,6447.137,426046799.9669,0
2026-07-21 08:00:00,66166.8,66337.8,66103.4,66200.0,9095.828,1784624399999,602429161.2575,166810,4471.792,296207551.1156,0
2026-07-21 09:00:00,66199.9,66320.4,66110.0,66261.2,3769.983,1784627999999,249670436.3095,84430,1703.82,112842674.2065,0
2026-07-21 10:00:00,66261.3,66390.0,66145.5,66161.1,6340.189,1784631599999,420311000.1815,106319,3175.194,210535243.3744,0
2026-07-21 11:00:00,66161.0,66333.0,66117.1,66317.9,3759.054,1784635199999,248910248.1576,76923,1868.234,123715345.0009,0
2026-07-21 12:00:00,66317.9,66618.0,66236.0,66527.7,7956.073,1784638799999,528785605.0802,151695,4791.766,318466522.8281,0
2026-07-21 13:00:00,66527.7,66777.0,66290.4,66748.8,11900.874,1784642399999,791808991.8186,244549,6629.367,441152952.9663,0
2026-07-21 14:00:00,66748.7,66924.1,66609.0,66804.3,13494.794,1784645999999,901347451.5503,263544,7121.208,475679911.3928,0
2026-07-21 15:00:00,66804.3,66804.4,66487.9,66648.5,6212.963,1784649599999,413988663.4749,156504,2933.692,195485349.0121,0
2026-07-21 16:00:00,66648.5,66736.7,66428.5,66507.1,4088.719,1784653199999,272148764.2035,110008,1821.619,121258250.75,0
2026-07-21 17:00:00,66507.1,66537.1,65939.0,66181.1,12541.97,1784656799999,830806667.2069,179102,4635.048,307239593.0475,0
2026-07-21 18:00:00,66181.1,66333.0,66071.2,66287.5,4476.6,1784660399999,296388678.6471,123163,2404.8,159221271.0438,0
2026-07-21 19:00:00,66287.6,66467.4,66230.0,66409.5,3604.885,1784663999999,239271890.829,83529,1808.751,120056356.7858,0
2026-07-21 20:00:00,66409.5,66465.6,66326.3,66373.8,1670.198,1784667599999,110887449.8021,50304,814.587,54083749.9423,0
2026-07-21 21:00:00,66373.8,66380.8,66261.7,66352.4,2220.28,1784671199999,147245633.5058,52266,1050.988,69699903.9068,0
2026-07-21 22:00:00,66352.4,66352.6,66172.0,66271.2,2432.153,1784674799999,161172736.6013,62342,1191.191,78935315.0331,0
2026-07-21 23:00:00,66271.3,66544.8,66200.0,66522.4,3085.24,1784678399999,204856385.0919,68656,1968.181,130704577.7041,0
2026-07-22 00:00:00,66522.3,66711.0,66503.9,66591.7,4924.6,1784681999999,328064861.958,117686,2651.986,176663938.5374,0
2026-07-22 01:00:00,66591.8,66629.3,66253.0,66399.9,3861.949,1784685599999,256484296.9213,99489,1876.413,124611629.7318,0
2026-07-22 02:00:00,66399.9,66513.8,66264.9,66283.2,2039.117,1784689199999,135323474.297,71734,995.314,66059705.7545,0
2026-07-22 03:00:00,66283.2,66343.4,66141.7,66176.7,2975.392,1784692799999,197060623.2129,78331,1291.843,85564625.4655,0
2026-07-22 04:00:00,66176.6,66399.0,66161.4,66349.3,1913.639,1784696399999,126918063.7772,60066,1105.943,73347565.9056,0
2026-07-22 05:00:00,66349.2,66349.3,65909.1,65954.5,7960.255,1784699999999,525621065.1603,130035,3234.239,213573733.698,0
2026-07-22 06:00:00,65954.4,66000.0,65800.1,65906.8,6026.171,1784703599999,397086743.8794,121113,3131.468,206352004.8041,0
2026-07-22 07:00:00,65906.7,65941.5,65668.6,65813.4,6294.319,1784707199999,414136342.2772,108397,2937.704,193307830.8706,0
2026-07-22 08:00:00,65813.4,66140.5,65813.4,65953.5,5831.709,1784710799999,384821873.4138,101423,3306.677,218193833.7015,0
2026-07-22 09:00:00,65953.4,66053.2,65816.4,65896.4,3223.673,1784714399999,212513260.6364,64556,1621.64,106899914.6938,0
2026-07-22 10:00:00,65896.3,66077.3,65861.4,66016.2,7121.677,1784717999999,469851709.9581,69290,5032.603,332000533.87,0
2026-07-22 11:00:00,66016.2,66057.9,65872.1,65981.4,3175.036,1784721599999,209471081.5895,69021,1483.462,97868164.5568,0
2026-07-22 12:00:00,65981.3,65986.0,65505.0,65604.2,7832.203,1784725199999,514657652.619,127193,3087.084,202841469.3088,0
2026-07-22 13:00:00,65604.1,65956.0,65531.7,65924.9,8594.386,1784728799999,564867126.4399,184142,4684.209,307878761.7303,0
2026-07-22 14:00:00,65924.9,66190.4,65556.3,65770.2,10598.179,1784732399999,697701890.8596,242005,5236.526,344754565.9867,0
2026-07-22 15:00:00,65770.2,66100.0,65770.0,66014.8,6873.918,1784735999999,453450996.1438,179395,3724.202,245684250.4909,0
2026-07-22 16:00:00,66014.8,66363.6,65877.0,66199.7,7769.463,1784739599999,513997769.9778,173133,4430.519,293164449.344,0
2026-07-22 17:00:00,66199.8,66249.3,65912.6,65997.5,3809.016,1784743199999,251698709.0792,110440,1787.59,118107969.4775,0
2026-07-22 18:00:00,65997.5,66052.8,65701.2,65860.5,4340.972,1784746799999,285807348.7643,114098,2055.747,135344701.4452,0
2026-07-22 19:00:00,65860.6,65924.0,65650.2,65891.1,3197.039,1784750399999,210441141.4129,82628,1565.615,103062438.6302,0
2026-07-22 20:00:00,65891.2,65954.3,65753.0,65887.8,2320.046,1784753999999,152844725.5122,74486,1142.782,75293837.4239,0
2026-07-22 21:00:00,65887.8,66103.1,65853.2,66034.5,2201.826,1784757599999,145305195.3275,51113,1219.037,80451741.2043,0
2026-07-22 22:00:00,66034.5,66046.0,65891.8,66013.8,1660.556,1784761199999,109540605.1687,52506,792.701,52288088.2406,0
2026-07-22 23:00:00,66013.9,66116.5,65808.5,66082.0,2265.474,1784764799999,149457958.8377,66428,1062.961,70135659.0596,0
2026-07-23 00:00:00,66082.0,66284.1,66020.0,66023.8,4469.351,1784768399999,295647816.0398,107820,1972.328,130479287.7438,0
2026-07-23 01:00:00,66023.8,66180.0,65715.9,65793.8,5399.416,1784771999999,355764632.3912,120655,2394.519,157741291.0607,0
2026-07-23 02:00:00,65793.7,65808.9,65616.3,65777.4,3027.886,1784775599999,199030272.7462,88008,1592.657,104697555.4755,0
2026-07-23 03:00:00,65777.4,65788.2,65548.0,65626.8,3847.55,1784779199999,252477129.9139,84421,1578.698,103605134.0705,0
2026-07-23 04:00:00,65626.7,65710.0,65558.0,65585.3,2534.037,1784782799999,166290464.0105,60757,1152.875,75661030.1403,0
2026-07-23 05:00:00,65585.4,65764.8,65543.1,65663.9,2512.364,1784786399999,164953213.4459,56525,1243.317,81638711.5742,0
2026-07-23 06:00:00,65663.9,65793.7,65593.9,65763.2,2021.415,1784789999999,132811575.1152,48497,1114.005,73199146.1277,0
2026-07-23 07:00:00,65763.3,65763.3,65313.7,65405.3,8530.657,1784793599999,558101216.8052,144263,3712.77,242884132.2818,0
2026-07-23 08:00:00,65405.3,65637.2,65383.6,65605.9,3577.763,1784797199999,234463494.1313,79218,1920.818,125869671.6487,0
2026-07-23 09:00:00,65605.8,65732.3,65573.8,65607.9,3031.028,1784800799999,199034516.2479,71614,1353.995,88913541.0181,0
2026-07-23 10:00:00,65607.9,65756.6,65555.1,65704.2,2837.969,1784804399999,186413354.6497,63908,1403.688,92208079.4068,0
2026-07-23 11:00:00,65704.1,65709.4,65511.0,65525.4,2374.826,1784807999999,155768101.0804,57482,1071.998,70311941.6801,0
2026-07-23 12:00:00,65525.4,65557.8,64927.3,65138.0,15552.526,1784811599999,1014187388.3578,218069,6626.268,432117954.0344,0
2026-07-23 13:00:00,65138.0,65215.3,64839.1,64858.6,14102.63,1784815199999,916841166.9959,280225,7505.153,488011408.177,0
2026-07-23 14:00:00,64858.7,65197.0,64801.0,64884.6,11702.687,1784818799999,760417258.4414,209544,5366.514,348720118.8389,0
2026-07-23 15:00:00,64884.7,65003.6,64696.2,64940.4,10141.344,1784822399999,657544206.9423,200605,5118.152,331903726.3249,0
2026-07-23 16:00:00,64940.4,64940.5,64688.0,64731.4,4677.967,1784825999999,303026532.1337,109880,2098.38,135931859.6856,0
2026-07-23 17:00:00,64731.5,64877.6,64636.0,64654.4,4543.014,1784829599999,294196001.253,106098,2167.124,140362159.5205,0
2026-07-23 18:00:00,64654.4,64924.9,64654.3,64842.5,3309.665,1784833199999,214409738.3893,83115,1802.404,116760577.9122,0
2026-07-23 19:00:00,64842.5,64908.1,64670.0,64820.7,3454.039,1784836799999,223767563.0856,89823,1850.71,119889220.0153,0
2026-07-23 20:00:00,64820.7,65176.0,64809.7,65117.7,5482.38,1784840399999,356613631.2125,94719,3409.949,221797849.8692,0
2026-07-23 21:00:00,65117.6,65183.1,64979.9,65137.4,2461.061,1784843999999,160167142.7855,60320,1204.278,78385606.743,0
2026-07-23 22:00:00,65137.4,65193.5,64976.7,65158.2,3003.047,1784847599999,195514941.3081,67824,1466.892,95519031.9754,0
2026-07-23 23:00:00,65158.2,65189.5,65018.8,65069.6,2173.156,1784851199999,141534448.8368,53727,1045.916,68122877.6154,0
2026-07-24 00:00:00,65069.6,65084.0,64733.2,64953.1,4831.001,1784854799999,313509849.7025,110130,2211.566,143531504.2392,0
2026-07-24 01:00:00,64953.0,65146.4,64912.4,65053.2,3089.748,1784858399999,200967988.2069,86521,1651.956,107457606.9234,0
2026-07-24 02:00:00,65053.2,65164.8,64890.5,65091.8,3231.376,1784861999999,210138991.882,81820,1638.295,106549872.8409,0
2026-07-24 03:00:00,65091.8,65436.8,65045.0,65425.4,7118.962,1784865599999,464900206.7966,122715,4104.472,268055130.4786,0
2026-07-24 04:00:00,65425.5,65440.0,65235.4,65281.9,3917.507,1784869199999,256022060.7952,71693,1542.472,100802578.6107,0
2026-07-24 05:00:00,65282.0,65365.9,65213.0,65282.3,1810.83,1784872799999,118219787.249,47353,859.881,56141059.92,0
2026-07-24 06:00:00,65282.4,65490.0,65245.6,65441.6,3572.79,1784876399999,233691552.6609,70071,2153.757,140877575.1347,0
2026-07-24 07:00:00,65441.6,65780.0,65338.0,65470.0,12855.234,1784879999999,842702140.9544,161995,6347.016,416073588.1906,0
2026-07-24 08:00:00,65470.1,65477.2,65274.5,65274.6,3662.526,1784883599999,239467092.5766,63934,1599.104,104555525.0099,0
2026-07-24 09:00:00,65274.6,65290.7,64919.7,65088.1,7663.998,1784887199999,498565639.1723,127765,3702.473,240820853.5901,0
2026-07-24 10:00:00,65088.2,65132.2,64878.0,64927.8,3324.749,1784890799999,216065897.3568,70739,1680.064,109190465.1039,0
2026-07-24 11:00:00,64927.7,65073.6,64821.9,65045.7,4034.095,1784894399999,262044320.6599,94851,1991.338,129359244.9084,0
2026-07-24 12:00:00,65045.7,65110.1,64707.5,64746.6,4732.922,1784897999999,307222556.3291,101645,2063.864,134015598.5911,0
2026-07-24 13:00:00,64746.5,64774.5,63882.3,64129.1,29360.681,1784901599999,1887644260.3877,403713,14246.549,915632846.5996,0
2026-07-24 14:00:00,64129.1,64170.0,63666.0,64031.4,18282.036,1784905199999,1167908697.5558,332842,8993.979,574642889.4093,0
2026-07-24 15:00:00,64031.3,64305.8,63824.3,64065.1,15421.724,1784908799999,988667901.3811,293430,7865.378,504247314.6016,0
2026-07-24 16:00:00,64065.1,64176.5,63854.3,63930.4,5378.185,1784912399999,344253794.0292,118959,2517.359,161149268.8004,0
2026-07-24 17:00:00,63930.3,64177.9,63882.6,64154.9,3685.779,1784915999999,236118270.0009,95006,1978.683,126751501.4139,0
2026-07-24 18:00:00,64154.9,64262.3,64104.1,64242.8,3081.464,1784919599999,197729344.9491,65183,1546.561,99249465.1401,0
2026-07-24 19:00:00,64242.7,64266.9,64113.4,64199.5,2530.206,1784923199999,162400416.4212,69589,1037.566,66597580.576,0
2026-07-24 20:00:00,64199.5,64260.1,64105.0,64139.6,2090.567,1784926799999,134155701.5902,42403,1046.707,67168084.1257,0
2026-07-24 21:00:00,64139.6,64195.1,64098.7,64112.2,1832.95,1784930399999,117561234.3696,44648,713.661,45772831.7824,0
2026-07-24 22:00:00,64112.2,64187.6,64098.7,64132.7,1039.951,1784933999999,66700398.942,28228,479.08,30725546.393,0
2026-07-24 23:00:00,64132.8,64155.0,64102.2,64116.5,988.191,1784937599999,63369720.8549,27569,394.003,25266168.9575,0
2026-07-25 00:00:00,64116.5,64155.0,64005.4,64049.6,6490.967,1784941199999,415954819.4248,40299,1268.21,81289865.4441,0
2026-07-25 01:00:00,64049.6,64135.0,63977.0,64039.2,2142.025,1784944799999,137175007.1905,47777,1117.489,71562596.0696,0
2026-07-25 02:00:00,64039.1,64072.3,63988.4,64010.5,1372.173,1784948399999,87846388.2992,31942,656.113,42004569.0918,0
2026-07-25 03:00:00,64010.5,64073.7,63988.4,64052.9,1221.84,1784951999999,78241371.8049,28431,660.556,42298812.017,0
2026-07-25 04:00:00,64053.0,64181.0,64052.9,64146.9,1255.783,1784955599999,80520951.8799,31318,697.973,44752904.0201,0
2026-07-25 05:00:00,64147.0,64166.6,63940.7,63990.1,1755.924,1784959199999,112442914.675,34021,631.94,40471339.9026,0
2026-07-25 06:00:00,63990.0,64032.0,63933.2,63982.9,1842.202,1784962799999,117853865.7643,34489,880.25,56316352.0226,0
2026-07-25 07:00:00,63982.9,64005.5,63966.8,63972.9,1138.406,1784966399999,72846642.09,26555,523.397,33492532.5423,0
2026-07-25 08:00:00,63973.0,63973.1,63760.5,63844.3,3567.434,1784969999999,227862879.4127,60796,1295.937,82776204.8363,0
2026-07-25 09:00:00,63844.4,64000.0,63794.2,63973.9,2160.102,1784973599999,138026973.0821,44352,1260.508,80549912.2239,0
2026-07-25 10:00:00,63973.8,64039.7,63959.3,64039.6,1751.971,1784977199999,112125501.4055,28224,1113.67,71278039.5583,0
2026-07-25 11:00:00,64039.6,64078.5,64014.7,64031.3,1213.513,1784980799999,77718271.1682,30248,577.454,36983009.4502,0
2026-07-25 12:00:00,64031.2,64088.2,64006.2,64088.2,1166.645,1784984399999,74718700.0682,26547,490.42,31410791.3909,0
2026-07-25 13:00:00,64088.1,64236.8,64072.2,64136.9,2768.49,1784987999999,177600547.7724,49561,1611.969,103414289.1912,0
2026-07-25 14:00:00,64136.8,64187.4,64079.2,64177.7,1570.678,1784991599999,100731203.1957,36507,738.304,47353576.2517,0
2026-07-25 15:00:00,64177.7,64243.6,64135.5,64150.0,1961.221,1784995199999,125897041.6711,41449,923.279,59272548.4974,0
2026-07-25 16:00:00,64150.1,64219.0,64092.2,64180.9,1548.05,1784998799999,99311892.3498,34114,607.116,38950402.1704,0
2026-07-25 17:00:00,64180.8,64330.2,64162.1,64236.6,2620.615,1785002399999,168362661.9822,43820,1644.603,105664679.4888,0
2026-07-25 18:00:00,64236.7,64417.1,64236.7,64391.4,2559.51,1785005999999,164723102.6548,57090,1610.129,103621019.6862,0
2026-07-25 19:00:00,64391.3,64410.0,64351.4,64359.6,1546.182,1785009599999,99544887.6653,26358,656.91,42292485.5646,0
2026-07-25 20:00:00,64359.7,64367.8,64282.9,64303.9,1212.571,1785013199999,77994915.5184,28496,560.012,36019919.1965,0
2026-07-25 21:00:00,64304.0,64407.1,64233.0,64318.5,1521.137,1785016799999,97831467.7173,31697,899.804,57878698.621,0
2026-07-25 22:00:00,64318.6,64393.0,64318.5,64377.6,868.254,1785020399999,55880713.5651,25112,432.479,27833111.86,0
2026-07-25 23:00:00,64377.7,64393.4,64331.9,64338.1,991.941,1785023999999,63852070.0464,21413,424.838,27346800.4035,0
2026-07-26 00:00:00,64338.0,64482.7,64317.9,64482.6,1921.435,1785027599999,123777516.4713,43699,1218.444,78494638.9745,0
2026-07-26 01:00:00,64482.7,64514.1,64432.2,64450.0,1223.776,1785031199999,78899578.1735,25786,633.433,40842308.6002,0
